researchId,hotel,marketId,demandEngine,signalType,organization,eventProgram,source,language,feederMarket,timingState,lodgingState,blockers,commercialPotential,priorSteps,priorCost
jar_YOTEL_293_gdi_opp_summit_2026_10,YOTEL,geneva_lake,ASSOCIATION_NGO,ROTATION_SERIES,Mer Consortium,series:summit,https://summit2026.merconsortium.eu/accommodation/,en,,CONFIRMED_RANGE,UNKNOWN,TIMING|PLACEMENT|SURFACE,5,0,0
jar_YOTEL_294_gdi_opp_aidex_geneva_11,YOTEL,geneva_lake,ASSOCIATION_NGO,ROTATION_SERIES,AidEx / Clarion Events,series:aidex_geneva,https://aid-expo.com/when-where,en,,CONFIRMED_RANGE,UNKNOWN,PLACEMENT,5,0,0
jar_YOTEL_295_gdi_opp_g7_summit_3,YOTEL,geneva_lake,ASSOCIATION_NGO,ROTATION_SERIES,Hôtel Royal,series:g7_summit,https://hotel-royal.evianresort.com/en,en,,CONFIRMED_RANGE,UNKNOWN,TIMING|SURFACE,5,0,0
jar_YOTEL_297_gdi_opp_the_changemakers_retreat_cultiva,YOTEL,geneva_lake,ASSOCIATION_NGO,ROTATION_SERIES,Initiatives of Change,series:the_changemakers_retreat,https://www.iofc.ch/changemakers-retreat-november-2026,en,,CONFIRMED_RANGE,UNKNOWN,SURFACE,5,0,0
jar_YOTEL_301_gdi_opp_international_swim_across_lake_g,YOTEL,geneva_lake,ASSOCIATION_NGO,ROTATION_SERIES,Lake Geneva Swimming Association,series:international_swim_across_lake_geneva,https://www.lgsa.com/en/classique,en,,CONFIRMED_RANGE,UNKNOWN,TIMING|PLACEMENT|WHO|CONTACT|SURFACE,5,0,0
jar_AC_303_gdi_opp_total_solar_eclipse_2,AC,a_coruna,ASSOCIATION_NGO,ROTATION_SERIES,Spanish Authorities,series:total_solar_eclipse,https://www.indiagazette.com/news/279240127/millions-across-europe-watch-a-rare-total-solar-eclipse,en,,CONFIRMED_EXACT,UNKNOWN,TIMING|PLACEMENT|SURFACE,5,0,0
jar_AC_304_gdi_opp_adaptatur_0,AC,a_coruna,ASSOCIATION_NGO,ROTATION_SERIES,Universidad Complutense de Madrid,series:adaptatur,https://www.ucm.es/adaptatur/congresos,en,,CONFIRMED_EXACT,UNKNOWN,TIMING|LODGING|PLACEMENT|WHO|CONTACT|SURFACE,5,0,0
jar_AC_305_gdi_opp_festa_de_exaltaci_n_do_marisco_6,AC,a_coruna,ASSOCIATION_NGO,ROTATION_SERIES,Ayuntamiento de A Coruña,series:festa_de_exaltación_do_marisco,https://www.turismo.gal/que-visitar/cidades/a-coruna?langId=es_ES,en,,CONFIRMED_RANGE,UNKNOWN,LODGING|PLACEMENT|WHO|CONTACT|SURFACE,5,0,0
jar_AC_306_gdi_opp_divcult_spring_webinar_7,AC,a_coruna,ASSOCIATION_NGO,ROTATION_SERIES,"Faculty of Sociology, University of A Coruña",series:divcult_spring_webinar,https://www.imiscoe.org/news-and-blog/news?start=20,en,,CONFIRMED_RANGE,UNKNOWN,TIMING|LODGING|PLACEMENT|SURFACE,5,0,0
jar_AC_310_gdi_opp_conference_at_a_coru_a_faculty_o,AC,a_coruna,ASSOCIATION_NGO,ROTATION_SERIES,A Coruña Faculty of Computer Science,series:conference_at_a_coruña_faculty_of_computer_science,https://www.fic.udc.es/gl/calendar/day/2028-07-27,en,,CONFIRMED_EXACT,UNKNOWN,ENTITY|LODGING|PLACEMENT|SURFACE,5,0,0
jar_AC_311_gdi_opp_conference_at_a_coru_a_faculty_o,AC,a_coruna,ASSOCIATION_NGO,ROTATION_SERIES,A Coruña Faculty of Computer Science,series:conference_at_a_coruña_faculty_of_computer_science,https://www.fic.udc.es/gl/calendar/day/2026-05-08,en,,CONFIRMED_EXACT,UNKNOWN,ENTITY|TIMING|LODGING|PLACEMENT|SURFACE,5,0,0
jar_AC_313_gdi_opp_sudslong_1,AC,a_coruna,ASSOCIATION_NGO,ROTATION_SERIES,Universidad de Cantabria,series:sudslong,https://www.giteco.unican.es/proyectos/sudslong/publications.shtml,en,,CONFIRMED_RANGE,UNKNOWN,TIMING|LODGING|WHO|CONTACT|SURFACE,5,0,0
jar_AC_315_gdi_opp_conference_at_a_coru_a_faculty_o,AC,a_coruna,ASSOCIATION_NGO,ROTATION_SERIES,A Coruña Faculty of Computer Science,series:conference_at_a_coruña_faculty_of_computer_science,https://www.fic.udc.es/en/calendar/day/2027-08-03,en,,CONFIRMED_EXACT,UNKNOWN,ENTITY|LODGING|PLACEMENT|SURFACE,5,0,0
jar_AC_316_gdi_opp_revista_espa_ola_de_anestesiolog,AC,a_coruna,ASSOCIATION_NGO,ROTATION_SERIES,Revista Española de Anestesiología y Reanimación,series:revista_española_de_anestesiología_y_reanimación_conference,https://www.elsevier.es/es-revista-revista-espanola-anestesiologia-reanimacion-344-articulo-busqueda-literatura-toma-decisiones-relativa-S003493562400135X?newsletter=true,en,,CONFIRMED_RANGE,UNKNOWN,TIMING|PLACEMENT|SURFACE,5,0,0
jar_AC_317_gdi_opp_divcult_spring_webinar_2026_part,AC,a_coruna,ASSOCIATION_NGO,ROTATION_SERIES,"Faculty of Sociology, University of A Coruña",series:divcult_spring_webinar,https://www.imiscoe.org/news-and-blog/news?start=20,en,,CONFIRMED_EXACT,UNKNOWN,ENTITY|TIMING|LODGING|PLACEMENT|SURFACE,5,0,0
jar_AC_320_gdi_opp_super_copa_de_espa_a_cadete_9,AC,a_coruna,ASSOCIATION_NGO,ROTATION_SERIES,LIGA XUNTA,series:super_copa_de_españa_cadete,https://www.fcyljudo.com/fcyljudo/11-nacionales?download=1963:super-copa-de-espana-cadete-vigo-18-10-25,en,,CONFIRMED_EXACT,UNKNOWN,LODGING|PLACEMENT|WHO|CONTACT,5,0,0
jar_AC_321_gdi_opp_international_conference_lipids_,AC,a_coruna,ASSOCIATION_NGO,ROTATION_SERIES,Institute of Marine Research (IIM-CSIC),series:international_conference_lipids_in_the_ocean,https://iim.csic.es/en/news/,en,,CONFIRMED_RANGE,UNKNOWN,TIMING|WHO|CONTACT|SURFACE,5,0,0
jar_AC_322_gdi_opp_conference_at_a_coru_a_faculty_o,AC,a_coruna,ASSOCIATION_NGO,ROTATION_SERIES,A Coruña Faculty of Computer Science,series:conference_at_a_coruña_faculty_of_computer_science,https://www.fic.udc.es/gl/calendar/day/2026-12-07,en,,CONFIRMED_RANGE,UNKNOWN,ENTITY|PLACEMENT|SURFACE,5,0,0
jar_AC_325_gdi_opp_international_symposium_6,AC,a_coruna,ASSOCIATION_NGO,ROTATION_SERIES,IAPS Sustainability Network and IAPS Culture and Space Network,series:international_symposium,https://iaps-association.org/blog/category/news/,en,,CONFIRMED_RANGE,UNKNOWN,LODGING|PLACEMENT|WHO|CONTACT|SURFACE,5,0,0
jar_AC_327_gdi_opp_semana_da_arquitectura_2026_5,AC,a_coruna,ASSOCIATION_NGO,ROTATION_SERIES,Ayuntamiento de A Coruña,series:semana_da_arquitectura,https://www.coruna.gal/web/es?argIdioma=es,en,,CONFIRMED_YEAR,UNKNOWN,LODGING|PLACEMENT|WHO|CONTACT|SURFACE,5,0,0
jar_NOW_NOW_405_gdi_opp_climate_week_nyc_2026_3,NOW_NOW,nyc_noho,ASSOCIATION_NGO,ROTATION_SERIES,Climate Group,series_gdi_opp_climate_week_nyc_2026_3,,en,,CONFIRMED_RANGE,UNKNOWN,TIMING|LODGING|WHO|CONTACT|SURFACE,5,0,0
jar_NOW_NOW_406_gdi_opp_nysba_annual_conference_2027_0,NOW_NOW,nyc_noho,ASSOCIATION_NGO,ROTATION_SERIES,New York State Bar Association,series_gdi_opp_nysba_annual_conference_2027_0,,en,,CONFIRMED_RANGE,UNKNOWN,SURFACE,5,0,0
jar_NOW_NOW_407_gdi_opp_annual_meeting_and_village_award,NOW_NOW,nyc_noho,ASSOCIATION_NGO,ROTATION_SERIES,Village Preservation,series:annual_meeting_and_village_awards,,en,,CONFIRMED_EXACT,UNKNOWN,TIMING|LODGING|WHO,5,0,0
jar_NOW_NOW_408_gdi_opp_2026_leadership_conference_5,NOW_NOW,nyc_noho,ASSOCIATION_NGO,ROTATION_SERIES,Coro New York,series:leadership_conference,,en,,CONFIRMED_EXACT,UNKNOWN,TIMING|LODGING|WHO,5,0,0
jar_NOW_NOW_409_gdi_opp_nashp_annual_conference_2026_2,NOW_NOW,nyc_noho,ASSOCIATION_NGO,ROTATION_SERIES,National Academy for State Health Policy,series_gdi_opp_nashp_annual_conference_2026_2,,en,,CONFIRMED_RANGE,UNKNOWN,TIMING|LODGING|WHO,5,0,0
jar_NOW_NOW_410_gdi_opp_annual_conference_2027_1,NOW_NOW,nyc_noho,ASSOCIATION_NGO,ROTATION_SERIES,Forum on Education Abroad,series_gdi_opp_annual_conference_2027_1,,en,,CONFIRMED_RANGE,UNKNOWN,TIMING|LODGING|WHO,5,0,0
jar_SPICE_331_gdi_opp_tri_island_alliance_economic_dev,SPICE,grenada,ASSOCIATION_NGO,ROTATION_SERIES,Grenada Tourism Authority and Investment Migration Agency,series:tri,,en,,CONFIRMED_EXACT,UNKNOWN,TIMING|LODGING|WHO,5,0,0
jar_SPICE_336_gdi_opp_2026_annual_conference_15,SPICE,grenada,ASSOCIATION_NGO,ROTATION_SERIES,National Community Development Association (NCDA),series:annual_conference,,en,,CONFIRMED_RANGE,UNKNOWN,TIMING|LODGING|WHO,5,0,0
jar_SPICE_337_gdi_opp_shipbuilding_and_aluminum_confer,SPICE,grenada,ASSOCIATION_NGO,ROTATION_SERIES,American Welding Society,series:shipbuilding_and_aluminum_conference,,en,,CONFIRMED_YEAR,UNKNOWN,TIMING|LODGING|WHO,5,0,0
jar_SPICE_341_gdi_opp_vetbolus_grenada_2026_7,SPICE,grenada,ASSOCIATION_NGO,ROTATION_SERIES,SGU SVM Alumni Association,series:vetbolus_grenada,,en,,CONFIRMED_RANGE,UNKNOWN,TIMING|LODGING|WHO,5,0,0
jar_SPICE_343_gdi_opp_marine_yachting_events_2026_2028,SPICE,grenada,ASSOCIATION_NGO,ROTATION_SERIES,Various Yacht Charters,series:marine_yachting_events,,en,,CONFIRMED_YEAR,UNKNOWN,TIMING|LODGING|WHO,5,0,0
jar_SPICE_346_gdi_opp_35th_annual_cwwa_conference_and_,SPICE,grenada,ASSOCIATION_NGO,ROTATION_SERIES,Caribbean Water and Wastewater Association (CWWA),series:35th_annual_cwwa_conference_and_exhibition,,en,,CONFIRMED_RANGE,UNKNOWN,TIMING|LODGING|WHO,5,0,0
jar_SPICE_348_gdi_opp_yacht_charter_crew_lodging_11,SPICE,grenada,ASSOCIATION_NGO,ROTATION_SERIES,Various Yacht Charter Companies,series:yacht_charter_crew_lodging,,en,,CONFIRMED_RANGE,UNKNOWN,TIMING|LODGING|WHO,5,0,0
jar_SPICE_350_gdi_opp_nabhood_annual_conference_9,SPICE,grenada,ASSOCIATION_NGO,ROTATION_SERIES,"National Association of Black Hotel Owners, Operators & Developers (NABHOOD)",series:nabhood_annual_conference,,en,,CONFIRMED_RANGE,UNKNOWN,TIMING|LODGING|WHO,5,0,0
jar_SPICE_357_gdi_opp_nabhood_annual_conference_10,SPICE,grenada,ASSOCIATION_NGO,ROTATION_SERIES,"National Association of Black Hotel Owners, Operators & Developers (NABHOOD)",series:nabhood_annual_conference,,en,,CONFIRMED_RANGE,UNKNOWN,TIMING|LODGING|WHO,5,0,0
jar_SPICE_359_gdi_opp_marine_industry_meeting_15,SPICE,grenada,ASSOCIATION_NGO,ROTATION_SERIES,Not specified,series:marine_industry_meeting,,en,,CONFIRMED_RANGE,UNKNOWN,TIMING|LODGING|WHO,5,0,0
jar_SPICE_364_gdi_opp_nabhood_annual_conference_11,SPICE,grenada,ASSOCIATION_NGO,ROTATION_SERIES,"National Association of Black Hotel Owners, Operators & Developers (NABHOOD)",series:nabhood_annual_conference,,en,,CONFIRMED_EXACT,UNKNOWN,TIMING|LODGING|WHO,5,0,0
jar_SPICE_365_gdi_opp_investment_trade_tourism_showcas,SPICE,grenada,ASSOCIATION_NGO,ROTATION_SERIES,High Commission for Grenada,series:investment_trade_tourism_showcase,,en,,CONFIRMED_EXACT,UNKNOWN,TIMING|LODGING|WHO,5,0,0
jar_SPICE_371_gdi_opp_nabhood_annual_conference_5,SPICE,grenada,ASSOCIATION_NGO,ROTATION_SERIES,"National Association of Black Hotel Owners, Operators & Developers (NABHOOD)",series:nabhood_annual_conference,,en,,CONFIRMED_RANGE,UNKNOWN,TIMING|LODGING|WHO,5,0,0
jar_SPICE_376_gdi_opp_building_grenada_s_strategic_fra,SPICE,grenada,ASSOCIATION_NGO,ROTATION_SERIES,Caribbean Community Climate Change Centre,series:building_grenada_s_strategic_framework_to_enhance_the_country_s_,,en,,CONFIRMED_EXACT,UNKNOWN,TIMING|LODGING|WHO,5,0,0
jar_SPICE_383_gdi_opp_caribbean_sustainable_tourism_co,SPICE,grenada,ASSOCIATION_NGO,ROTATION_SERIES,Caribbean Tourism Organization (CTO),series:caribbean_sustainable_tourism_conference_stc,,en,,CONFIRMED_RANGE,UNKNOWN,TIMING|LODGING|WHO,5,0,0
jar_SPICE_387_gdi_opp_tugs_towboats_and_barges_2027_17,SPICE,grenada,ASSOCIATION_NGO,ROTATION_SERIES,Simmons-Boardman Publishing,series:tugs_towboats_and_barges,,en,,CONFIRMED_YEAR,UNKNOWN,TIMING|LODGING|WHO,5,0,0
jar_SPICE_389_gdi_opp_35th_annual_cwwa_conference_and_,SPICE,grenada,ASSOCIATION_NGO,ROTATION_SERIES,Caribbean Water and Wastewater Association (CWWA),series:35th_annual_cwwa_conference_and_exhibition,,en,,CONFIRMED_RANGE,UNKNOWN,TIMING|LODGING|WHO,5,0,0
jar_SPICE_391_gdi_opp_yacht_charter_season_12,SPICE,grenada,ASSOCIATION_NGO,ROTATION_SERIES,Delana Mae Yacht Charters,series:yacht_charter,,en,,CONFIRMED_RANGE,UNKNOWN,TIMING|LODGING|WHO,5,0,0
jar_SPICE_395_gdi_opp_sales_incentive_trip_12,SPICE,grenada,ASSOCIATION_NGO,ROTATION_SERIES,Various Corporate Entities,series:sales_incentive_trip,,en,,CONFIRMED_RANGE,UNKNOWN,TIMING|LODGING|WHO,5,0,0
jar_CAMBRIDGE_396_gdi_opp_butterfield_bermuda_championship,CAMBRIDGE,bermuda,ASSOCIATION_NGO,ROTATION_SERIES,Butterfield Bermuda Championship,series:butterfield_bermuda_championship,,en,,CONFIRMED_RANGE,UNKNOWN,TIMING|LODGING|WHO,5,0,0
jar_CAMBRIDGE_398_gdi_opp_nonprofit_leadership_retreat_fro,CAMBRIDGE,bermuda,ASSOCIATION_NGO,ROTATION_SERIES,Nonprofit Alliance of Bermuda,series_gdi_opp_nonprofit_leadership_retreat_from_self_to_impact_5,,en,,CONFIRMED_RANGE,UNKNOWN,TIMING|LODGING|WHO,5,0,0
jar_CAMBRIDGE_399_gdi_opp_insurance_risk_capital_bermuda_2,CAMBRIDGE,bermuda,ASSOCIATION_NGO,ROTATION_SERIES,Insurance Asset Risk,series_gdi_opp_insurance_risk_capital_bermuda_2026_2,,en,,CONFIRMED_EXACT,UNKNOWN,TIMING|LODGING|WHO,5,0,0
jar_CAMBRIDGE_400_gdi_opp_bermuda_principles_bp_2026_3,CAMBRIDGE,bermuda,ASSOCIATION_NGO,ROTATION_SERIES,Oxford Nanopore Technologies,series_gdi_opp_bermuda_principles_bp_2026_3,,en,,CONFIRMED_RANGE,UNKNOWN,TIMING|LODGING|WHO,5,0,0
jar_CAMBRIDGE_402_gdi_opp_family_office_retreat_bermuda_20,CAMBRIDGE,bermuda,ASSOCIATION_NGO,ROTATION_SERIES,Prestel & Partner,series:family_office_retreat_bermuda,,en,,CONFIRMED_RANGE,UNKNOWN,TIMING|LODGING|WHO,5,0,0
jar_CAMBRIDGE_403_gdi_opp_cup_match_classic_7,CAMBRIDGE,bermuda,ASSOCIATION_NGO,ROTATION_SERIES,Somerset Cricket Club,series_gdi_opp_cup_match_classic_7,,en,,CONFIRMED_RANGE,UNKNOWN,TIMING|LODGING|WHO,5,0,0
jar_YOTEL_412_prerfp_gdi_opp_uzh_study_annual_meeting_,YOTEL,geneva_lake,PROCUREMENT_RFP,PRE_RFP,UZH Study,UZH Study,https://uzhstudy.ch/de/events/detail/?id=b5fdd303-1bd7-ef11-9b53-a3cd253bd775,en,,FUTURE_UNCONFIRMED,UNKNOWN,LODGING|PLACEMENT|WHO|CONTACT|SURFACE,6,0,0
jar_YOTEL_413_prerfp_gdi_opp_lake_geneva_la_c_te_leade,YOTEL,geneva_lake,PROCUREMENT_RFP,PRE_RFP,Swiss Leaders,Swiss Leaders,https://my.swissleaders.ch/events/event-details/4e0a0f5e-a536-458a-a1a5-627df03be521,en,,FUTURE_UNCONFIRMED,UNKNOWN,LODGING|PLACEMENT|SURFACE,6,0,0
jar_YOTEL_415_prerfp_gdi_opp_annual_meeting_of_lake_ge,YOTEL,geneva_lake,PROCUREMENT_RFP,PRE_RFP,Various Associations,Various Associations,https://www.vaudhotels.com/en/founex-hotels-243550/,en,,FUTURE_UNCONFIRMED,UNKNOWN,PLACEMENT|WHO|CONTACT|SURFACE,6,0,0
jar_YOTEL_416_prerfp_gdi_opp_swiss_leaders_leadership_,YOTEL,geneva_lake,PROCUREMENT_RFP,PRE_RFP,Swiss Leaders,Swiss Leaders,https://my.swissleaders.ch/events/event-details/34993de0-f3d1-4d01-9a12-7a9624a8a63b,en,,FUTURE_UNCONFIRMED,UNKNOWN,LODGING|PLACEMENT|WHO|CONTACT|SURFACE,6,0,0
jar_AC_419_prerfp_gdi_opp_corporate_meetings_in_mat,AC,a_coruna,PROCUREMENT_RFP,PRE_RFP,Various Corporations,Various Corporations,,en,,FUTURE_UNCONFIRMED,UNKNOWN,LODGING|PLACEMENT|SURFACE,6,0,0
jar_AC_422_prerfp_gdi_opp_new_residential_developme,AC,a_coruna,PROCUREMENT_RFP,PRE_RFP,Xunta de Galicia,Xunta de Galicia,https://acorunaxa.com/es/news/elvina-se-prepara-para-sumar-168-viviendas-publicas-y-300-alojamientos-para-jovenes-y-estudiantes/134308/,en,,FUTURE_UNCONFIRMED,UNKNOWN,PLACEMENT|SURFACE,6,0,0
jar_YOTEL_298_gdi_opp_conferences_in_switzerland_2026_,YOTEL,geneva_lake,ASSOCIATION_NGO,ROTATION_SERIES,ConferenceInc,series:conferences_in_switzerland,,en,,CONFIRMED_RANGE,UNKNOWN,TIMING|LODGING|WHO,5,0,0
jar_AC_307_gdi_opp_models_2026_10,AC,a_coruna,ASSOCIATION_NGO,ROTATION_SERIES,Unknown,series:models,,en,,CONFIRMED_RANGE,UNKNOWN,TIMING|LODGING|WHO,5,0,0
jar_AC_314_gdi_opp_innovative_public_purchase_and_p,AC,a_coruna,ASSOCIATION_NGO,ROTATION_SERIES,CETIM,series:innovative_public_purchase_and_pre,,en,,CONFIRMED_EXACT,UNKNOWN,TIMING|LODGING|WHO,5,0,0
jar_AC_319_gdi_opp_174th_international_softwood_con,AC,a_coruna,ASSOCIATION_NGO,ROTATION_SERIES,AEIM,series:174th_international_softwood_conference_isc,,en,,CONFIRMED_RANGE,UNKNOWN,TIMING|LODGING|WHO,5,0,0
jar_AC_326_gdi_opp_iberian_leadership_retreat_4,AC,a_coruna,ASSOCIATION_NGO,ROTATION_SERIES,IAA-CSIC,series:iberian_leadership_retreat,,en,,CONFIRMED_RANGE,UNKNOWN,TIMING|LODGING|WHO,5,0,0
jar_NOW_NOW_404_gdi_opp_new_york_city_it_leadership_foru,NOW_NOW,nyc_noho,ASSOCIATION_NGO,ROTATION_SERIES,GovTech,series:new_york_city_it_leadership_forum,,en,,CONFIRMED_EXACT,UNKNOWN,TIMING|LODGING|WHO,5,0,0
jar_NOW_NOW_411_gdi_opp_fifa_world_cup_2026_7,NOW_NOW,nyc_noho,ASSOCIATION_NGO,ROTATION_SERIES,FIFA,series_gdi_opp_fifa_world_cup_2026_7,,en,,CONFIRMED_RANGE,UNKNOWN,TIMING|LODGING|WHO,5,0,0
jar_SPICE_423_prerfp_gdi_opp_future_conferences_at_gra,SPICE,grenada,PROCUREMENT_RFP,PRE_RFP,Grenada Tourism Authority,Grenada Tourism Authority,Grenada Tourism Authority,en,,FUTURE_UNCONFIRMED,UNKNOWN,LODGING|PLACEMENT|WHO|CONTACT|SURFACE,6,0,0
jar_SPICE_427_prerfp_gdi_opp_incentive_travel_rfp_7,SPICE,grenada,PROCUREMENT_RFP,PRE_RFP,Various Corporations,Various Corporations,Various Corporate RFPs,en,,FUTURE_UNCONFIRMED,UNKNOWN,LODGING|PLACEMENT|WHO|CONTACT|SURFACE,6,0,0
jar_SPICE_428_prerfp_gdi_opp_incentive_travel_programs,SPICE,grenada,PROCUREMENT_RFP,PRE_RFP,Various Corporate Entities,Various Corporate Entities,https://www.hospitalitynet.org/caribbean/development/news/page/2,en,,FUTURE_UNCONFIRMED,UNKNOWN,WHO|CONTACT|SURFACE,6,0,0
jar_SPICE_429_prerfp_gdi_opp_leadership_offsite_retrea,SPICE,grenada,PROCUREMENT_RFP,PRE_RFP,Various Corporate Entities,Various Corporate Entities,https://www.hoteles.com/en/de1706161-th14/business-hotels-grand-anse-grenada/,en,,FUTURE_UNCONFIRMED,UNKNOWN,LODGING|PLACEMENT|WHO|CONTACT|SURFACE,6,0,0
jar_SPICE_430_prerfp_gdi_opp_travel_advisor_familiariz,SPICE,grenada,PROCUREMENT_RFP,PRE_RFP,Travel Advisor Consortiums,Travel Advisor Consortiums,https://farandwild.travel/caribbean/grenada/honeymoon,en,,FUTURE_UNCONFIRMED,UNKNOWN,LODGING|PLACEMENT|SURFACE,6,0,0
jar_SPICE_431_prerfp_gdi_opp_grenada_regional_associat,SPICE,grenada,PROCUREMENT_RFP,PRE_RFP,Grenada Tourism Authority,Grenada Tourism Authority,https://www.puregrenada.com/,en,,FUTURE_UNCONFIRMED,UNKNOWN,LODGING|PLACEMENT|SURFACE,6,0,0
jar_SPICE_432_prerfp_gdi_opp_destination_weddings_in_g,SPICE,grenada,PROCUREMENT_RFP,PRE_RFP,Local Isles,Local Isles,https://www.localisles.com/destinations/grenada/destination-weddings-grenada-guide,en,,FUTURE_UNCONFIRMED,UNKNOWN,SURFACE,6,0,0
jar_SPICE_433_prerfp_gdi_opp_grenada_executive_retreat,SPICE,grenada,PROCUREMENT_RFP,PRE_RFP,Various Corporate Entities,Various Corporate Entities,https://www.sno.com/holidays/caribbean/grenada/luxury/,en,,FUTURE_UNCONFIRMED,UNKNOWN,PLACEMENT|SURFACE,6,0,0
jar_SPICE_434_prerfp_gdi_opp_leadership_retreat_10,SPICE,grenada,PROCUREMENT_RFP,PRE_RFP,Various Corporate Entities,Various Corporate Entities,Various Corporate Entities,en,,FUTURE_UNCONFIRMED,UNKNOWN,LODGING|PLACEMENT|WHO|CONTACT|SURFACE,6,0,0
jar_SPICE_436_prerfp_gdi_opp_destination_wedding_rfp_1,SPICE,grenada,PROCUREMENT_RFP,PRE_RFP,Wedding Planners Association,Wedding Planners Association,https://bsp.guam.gov/wp-content/uploads/2026/09/Tourism-Repositioning-Study_Dec-2025.pdf,en,,FUTURE_UNCONFIRMED,UNKNOWN,LODGING|PLACEMENT|WHO|CONTACT|SURFACE,6,0,0
jar_SPICE_437_prerfp_gdi_opp_destination_weddings_in_g,SPICE,grenada,PROCUREMENT_RFP,PRE_RFP,Bolen Bliss,Bolen Bliss,https://bolenbliss.com/2026/05/12/weddings-in-grenada,en,,FUTURE_UNCONFIRMED,UNKNOWN,LODGING|PLACEMENT|WHO|CONTACT|SURFACE,6,0,0
jar_SPICE_438_prerfp_gdi_opp_destination_weddings_in_g,SPICE,grenada,PROCUREMENT_RFP,PRE_RFP,Local Isles,Local Isles,https://www.localisles.com/destinations/grenada/destination-weddings-grenada-guide,en,,FUTURE_UNCONFIRMED,UNKNOWN,SURFACE,6,0,0
jar_SPICE_440_prerfp_gdi_opp_yacht_charter_crew_lodgin,SPICE,grenada,PROCUREMENT_RFP,PRE_RFP,Tropical Yachts,Tropical Yachts,,en,,FUTURE_UNCONFIRMED,UNKNOWN,TIMING|LODGING|WHO,6,0,0
jar_SPICE_442_prerfp_gdi_opp_luxury_travel_advisor_fam,SPICE,grenada,PROCUREMENT_RFP,PRE_RFP,Dream Vacations,Dream Vacations,,en,,FUTURE_UNCONFIRMED,UNKNOWN,TIMING|LODGING|WHO,6,0,0
jar_SPICE_443_prerfp_gdi_opp_luxury_travel_advisor_fam,SPICE,grenada,PROCUREMENT_RFP,PRE_RFP,Far & Wild Travel,Far & Wild Travel,,en,,FUTURE_UNCONFIRMED,UNKNOWN,TIMING|LODGING|WHO,6,0,0
jar_SPICE_444_prerfp_gdi_opp_destination_weddings_in_g,SPICE,grenada,PROCUREMENT_RFP,PRE_RFP,Local Isles,Local Isles,,en,,FUTURE_UNCONFIRMED,UNKNOWN,TIMING|LODGING|WHO,6,0,0
jar_SPICE_447_prerfp_gdi_opp_executive_retreats_at_spi,SPICE,grenada,PROCUREMENT_RFP,PRE_RFP,Spice Island Beach Resort,Spice Island Beach Resort,,en,,FUTURE_UNCONFIRMED,UNKNOWN,TIMING|LODGING|WHO,6,0,0
jar_SPICE_448_prerfp_gdi_opp_grenada_conference_0,SPICE,grenada,PROCUREMENT_RFP,PRE_RFP,Grenada Conference,Grenada Conference,,en,,FUTURE_UNCONFIRMED,UNKNOWN,TIMING|LODGING|WHO,6,0,0
jar_SPICE_449_prerfp_gdi_opp_luxury_travel_advisor_fam,SPICE,grenada,PROCUREMENT_RFP,PRE_RFP,Spice Island Beach Resort,Spice Island Beach Resort,,en,,FUTURE_UNCONFIRMED,UNKNOWN,TIMING|LODGING|WHO,6,0,0
jar_SPICE_450_prerfp_gdi_opp_yacht_charter_demand_6,SPICE,grenada,PROCUREMENT_RFP,PRE_RFP,DMA Yachting,DMA Yachting,,en,,FUTURE_UNCONFIRMED,UNKNOWN,TIMING|LODGING|WHO,6,0,0
jar_SPICE_451_prerfp_gdi_opp_grenada_tourism_authority,SPICE,grenada,PROCUREMENT_RFP,PRE_RFP,Grenada Tourism Authority,Grenada Tourism Authority,,en,,FUTURE_UNCONFIRMED,UNKNOWN,TIMING|LODGING|WHO,6,0,0
jar_SPICE_452_prerfp_gdi_opp_grenada_destination_weddi,SPICE,grenada,PROCUREMENT_RFP,PRE_RFP,Various Wedding Planners,Various Wedding Planners,,en,,FUTURE_UNCONFIRMED,UNKNOWN,TIMING|LODGING|WHO,6,0,0
jar_SPICE_453_prerfp_gdi_opp_grenada_voluntourism_prog,SPICE,grenada,PROCUREMENT_RFP,PRE_RFP,Grenada Tourism Authority,Grenada Tourism Authority,,en,,FUTURE_UNCONFIRMED,UNKNOWN,TIMING|LODGING|WHO,6,0,0
jar_SPICE_454_prerfp_gdi_opp_incentive_travel_rfp_5,SPICE,grenada,PROCUREMENT_RFP,PRE_RFP,Various Corporate Entities,Various Corporate Entities,,en,,FUTURE_UNCONFIRMED,UNKNOWN,TIMING|LODGING|WHO,6,0,0
jar_SPICE_455_prerfp_gdi_opp_destination_weddings_in_g,SPICE,grenada,PROCUREMENT_RFP,PRE_RFP,Various Wedding Venues,Various Wedding Venues,,en,,FUTURE_UNCONFIRMED,UNKNOWN,TIMING|LODGING|WHO,6,0,0
jar_SPICE_456_prerfp_gdi_opp_grenada_yacht_charter_cre,SPICE,grenada,PROCUREMENT_RFP,PRE_RFP,Various Yacht Charter Companies,Various Yacht Charter Companies,,en,,FUTURE_UNCONFIRMED,UNKNOWN,TIMING|LODGING|WHO,6,0,0
jar_SPICE_457_prerfp_gdi_opp_marine_industry_meeting_1,SPICE,grenada,PROCUREMENT_RFP,PRE_RFP,Marine Industry Association,Marine Industry Association,,en,,FUTURE_UNCONFIRMED,UNKNOWN,TIMING|LODGING|WHO,6,0,0
jar_SPICE_460_prerfp_gdi_opp_executive_retreats_8,SPICE,grenada,PROCUREMENT_RFP,PRE_RFP,Various Corporate Entities,Various Corporate Entities,,en,,FUTURE_UNCONFIRMED,UNKNOWN,TIMING|LODGING|WHO,6,0,0
jar_SPICE_463_prerfp_gdi_opp_regional_association_annu,SPICE,grenada,PROCUREMENT_RFP,PRE_RFP,Unknown Regional Association,Unknown Regional Association,,en,,FUTURE_UNCONFIRMED,UNKNOWN,TIMING|LODGING|WHO,6,0,0
jar_NOW_NOW_254_sig_NOW_NOW_aHR0cHM6Ly93d3cu,NOW_NOW,nyc_noho,TECH_FINANCIAL_PROFESSIONAL_SERVICES,DEMAND_SIGNAL,Annual Family Office Fintech Summit,Annual Family Office Fintech Summit - 2026-10-19 09:00-2,https://www.mayfairhotelnyc.com/events/new-york-county/annual-family-office-fintech-summit-12683432,en,,FUTURE_UNCONFIRMED,HINT,LODGING|PLACEMENT|SURFACE,3,0,0
jar_SPICE_352_gdi_opp_annual_caribbean_water_and_waste,SPICE,grenada,ASSOCIATION_NGO,ROTATION_SERIES,CWWA,series:annual_caribbean_water_and_wastewater_association_cwwa_conferenc,,en,,CONFIRMED_RANGE,UNKNOWN,TIMING|LODGING|WHO,5,0,0
jar_SPICE_354_gdi_opp_pacb_convention_2026_4,SPICE,grenada,ASSOCIATION_NGO,ROTATION_SERIES,PACB,series:pacb_convention,,en,,CONFIRMED_YEAR,UNKNOWN,TIMING|LODGING|WHO,5,0,0
jar_SPICE_356_gdi_opp_international_conferences_in_gre,SPICE,grenada,ASSOCIATION_NGO,ROTATION_SERIES,Various,series:international_conferences_in_grenada,,en,,CONFIRMED_RANGE,UNKNOWN,TIMING|LODGING|WHO,5,0,0
jar_SPICE_377_gdi_opp_grenada_incentive_travel_11,SPICE,grenada,ASSOCIATION_NGO,ROTATION_SERIES,IncentiveTrips,series:grenada_incentive_travel,,en,,CONFIRMED_RANGE,UNKNOWN,TIMING|LODGING|WHO,5,0,0
jar_SPICE_378_gdi_opp_grenada_trip_plan_12,SPICE,grenada,ASSOCIATION_NGO,ROTATION_SERIES,RapideSIM,series:grenada_trip_plan,,en,,CONFIRMED_RANGE,UNKNOWN,TIMING|LODGING|WHO,5,0,0
jar_SPICE_379_gdi_opp_public_meeting_on_the_reauthoriz,SPICE,grenada,ASSOCIATION_NGO,ROTATION_SERIES,FDA,series:public_meeting_on_the_reauthorization_of_medical_device_user_fee,,en,,CONFIRMED_EXACT,UNKNOWN,TIMING|LODGING|WHO,5,0,0
jar_SPICE_386_gdi_opp_caribbean_endemic_bird_festival_,SPICE,grenada,ASSOCIATION_NGO,ROTATION_SERIES,BirdsCaribbean,series:caribbean_endemic_bird_festival,,en,,CONFIRMED_EXACT,UNKNOWN,TIMING|LODGING|WHO,5,0,0
jar_SPICE_392_gdi_opp_advisory_mission_on_trade_in_ser,SPICE,grenada,ASSOCIATION_NGO,ROTATION_SERIES,UNCTAD,series:advisory_mission_on_trade_in_services_statistics_to_grenada,,en,,CONFIRMED_RANGE,UNKNOWN,TIMING|LODGING|WHO,5,0,0
jar_CAMBRIDGE_397_gdi_opp_insurance_risk_capital_bermuda_2,CAMBRIDGE,bermuda,ASSOCIATION_NGO,ROTATION_SERIES,InsuranceERM,series_gdi_opp_insurance_risk_capital_bermuda_2026_0,,en,,CONFIRMED_EXACT,UNKNOWN,TIMING|LODGING|WHO,5,0,0
jar_CAMBRIDGE_401_gdi_opp_2026_bermuda_international_life_,CAMBRIDGE,bermuda,ASSOCIATION_NGO,ROTATION_SERIES,BILTIR,series_gdi_opp_2026_bermuda_international_life_annuity_conferen_1,,en,,CONFIRMED_EXACT,UNKNOWN,TIMING|LODGING|WHO,5,0,0
jar_AC_417_prerfp_gdi_opp_annual_meeting_3,AC,a_coruna,PROCUREMENT_RFP,PRE_RFP,Unknown,Unknown,,en,,FUTURE_UNCONFIRMED,UNKNOWN,TIMING|LODGING|WHO,6,0,0
jar_AC_418_prerfp_gdi_opp_corporate_meetings_4,AC,a_coruna,PROCUREMENT_RFP,PRE_RFP,Unknown,Unknown,,en,,FUTURE_UNCONFIRMED,UNKNOWN,TIMING|LODGING|WHO,6,0,0
jar_AC_420_prerfp_gdi_opp_highlights_22_conference_,AC,a_coruna,PROCUREMENT_RFP,PRE_RFP,Unknown,Unknown,,en,,FUTURE_UNCONFIRMED,UNKNOWN,TIMING|LODGING|WHO,6,0,0
jar_AC_421_prerfp_gdi_opp_request_for_proposal_for_,AC,a_coruna,PROCUREMENT_RFP,PRE_RFP,Expocoruna,Expocoruna,,en,,FUTURE_UNCONFIRMED,UNKNOWN,TIMING|LODGING|WHO,6,0,0
jar_SPICE_172_sig_SPICE_aHR0cHM6Ly93aWxk,SPICE,grenada,SPORTS_ENTERTAINMENT_SOCIAL,DEMAND_SIGNAL,"Things to do in Grenada in 2026 and 2027, from new ...","Things to do in Grenada in 2026 and 2027, from new ...",https://wildbayco.com/grenada-luxury-hotels-spicemas-travel-guide-2026/,en,,FUTURE_UNCONFIRMED,HINT,ENTITY|PLACEMENT|WHO|CONTACT|SURFACE,3,0,0
jar_SPICE_173_sig_SPICE_aHR0cHM6Ly93d3cu,SPICE,grenada,SPORTS_ENTERTAINMENT_SOCIAL,DEMAND_SIGNAL,CWWA 2026 conference accommodation at Radisson ...,CWWA 2026 conference accommodation at Radisson ...,https://www.facebook.com/cwwacaribbean/posts/%F0%9D%9F%92%F0%9D%9F%8E-%F0%9D%90%83%F0%9D%90%80%F0%9D%90%98%F0%9D%90%92-%F0%9D%90%93%F0%9D%90%8E-%F0%9D%90%86%F0%9D%90%8E-%F0%9D%90%94%F0%9D%90%8D%F0%9D%90%93%F0%9D%90%88%F0%9D%90%8B-%F0%9D%90%82%F0%9D%90%96%F0%9D%90%96%F0%9D%90%80-%F0%9D%9F%90%F0%9D%9F%8E%F0%9D%9F%90%F0%9D%9F%94grenada-is-getting-ready-to-welcome-the-caribbean-f/1105336138723521/,en,,FUTURE_UNCONFIRMED,HINT,ENTITY|LODGING|PLACEMENT|WHO|CONTACT|SURFACE,3,0,0
jar_CAMBRIDGE_195_sig_CAMBRIDGE_aHR0cHM6Ly9qc2hh,CAMBRIDGE,bermuda,TOUR_DMC_INCENTIVE,DEMAND_SIGNAL,Top 7 Hotels for Incentive Travel,Top 7 Hotels for Incentive Travel: 2027 Operator's Guide,https://jshay.events/top-7-hotels-for-incentive-travel/,en,,FUTURE_UNCONFIRMED,HINT,LODGING|PLACEMENT|SURFACE,3,0,0
jar_CAMBRIDGE_474_gdi_v3_cambridge_bermuda_holiday_package,CAMBRIDGE,bermuda,ASSOCIATION_NGO,V3_UNRESOLVED,Bermuda Holiday Package Results — overflow lodging motion,Bermuda Holiday Package Results — overflow lodging motion,https://vacations.bonvoyaga.com/holidays?destinations[0]=BERMUDA&from=YYZ&rooms[0][adults]=2&duration=7&travelMonths[0]=2026-12,en,,FUTURE_UNCONFIRMED,UNKNOWN,LODGING|PLACEMENT|WHO|CONTACT|SURFACE,5,1,0.01
jar_YOTEL_54_sig_YOTEL_aHR0cHM6Ly93d3cu,YOTEL,geneva_lake,CORPORATE,DEMAND_SIGNAL,Novotel Genève Centre,Novotel Genève Centre : Votre partenaire séminaire à ...,https://www.seminairesbusiness.com/prestataire/hotel/seminaire/novotel-geneve-centre,fr,,FUTURE_UNCONFIRMED,HINT,ENTITY|PLACEMENT|SURFACE,3,0,0
jar_YOTEL_60_sig_YOTEL_aHR0cHM6Ly93d3cu,YOTEL,geneva_lake,CORPORATE,DEMAND_SIGNAL,Hôtel Campanile Centre gare – Genève (Annemasse),Hôtel Campanile Centre gare – Genève (Annemasse),https://www.montsdugenevois.com/affaires/hotel-campanile-centre-gare-geneve-annemasse-fr-3089608/,fr,,FUTURE_UNCONFIRMED,HINT,PLACEMENT|SURFACE,3,0,0
jar_AC_112_sig_AC_aHR0cHM6Ly93d3cu,AC,a_coruna,CORPORATE,DEMAND_SIGNAL,Hoteles para eventos para Fiesta de empresa en La Coruña,Hoteles para eventos para Fiesta de empresa en La Coruña,https://www.venuesplace.com/es/fiesta-de-empresa/hoteles-para-eventos/la-coru%C3%B1a,es,,FUTURE_UNCONFIRMED,HINT,PLACEMENT|SURFACE,3,0,0
jar_AC_114_sig_AC_aHR0cHM6Ly93d3cu,AC,a_coruna,CORPORATE,DEMAND_SIGNAL,Hoteles para eventos para Reunión en La Coruña,Hoteles para eventos para Reunión en La Coruña,https://www.venuesplace.com/es/reunion/hoteles-para-eventos/la-coru%C3%B1a/cocina-nueva,es,,FUTURE_UNCONFIRMED,HINT,SURFACE,3,0,0
jar_AC_470_gdi_v3_ac_alojamiento_eventszone_overflo,AC,a_coruna,ASSOCIATION_NGO,V3_UNRESOLVED,alojamiento - eventszone — overflow lodging motion,alojamiento - eventszone — overflow lodging motion,https://reedmackay.eventszone.net/myCongress/form.php?thisFormCongress=alojamientosedomurcia&thisFormLanguage=es&thisCodeForm=CONGRESO,es,,FUTURE_UNCONFIRMED,UNKNOWN,PLACEMENT|WHO|CONTACT|SURFACE,6,1,0.01
jar_SPICE_147_sig_SPICE_aHR0cHM6Ly93d3cu,SPICE,grenada,TOUR_DMC_INCENTIVE,DEMAND_SIGNAL,"Find St George's, Grenada Hotels","Find St George's, Grenada Hotels",https://www.businesstravelnews.com/Hotels/St-Georges-Grenada,en,,FUTURE_UNCONFIRMED,HINT,LODGING|PLACEMENT|WHO|CONTACT|SURFACE,3,0,0
jar_SPICE_149_sig_SPICE_aHR0cHM6Ly93d3cu,SPICE,grenada,TOUR_DMC_INCENTIVE,DEMAND_SIGNAL,"Find St George's, Grenada Hotels","Find St George's, Grenada Hotels",https://www.travelweekly-asia.com/Hotels/St-Georges-Grenada,en,,FUTURE_UNCONFIRMED,HINT,LODGING|PLACEMENT|WHO|CONTACT|SURFACE,3,0,0
jar_SPICE_154_sig_SPICE_aHR0cHM6Ly93d3cu,SPICE,grenada,CORPORATE,DEMAND_SIGNAL,Hotel Granada Announces Key F&B Leadership Ahead of ...,Hotel Granada Announces Key F&B Leadership Ahead of ...,https://www.hotel-online.com/news/hotel-granada-announces-key-fb-leadership-ahead-of-august-opening,en,,FUTURE_UNCONFIRMED,HINT,ENTITY|LODGING|PLACEMENT|SURFACE,3,0,0
jar_SPICE_155_sig_SPICE_aHR0cHM6Ly93d3cu,SPICE,grenada,CORPORATE,DEMAND_SIGNAL,Luxury Grenada Hotels & Best Accommodation in Grenada,Luxury Grenada Hotels & Best Accommodation in Grenada,https://www.scottdunn.com/us/grenada/hotels,en,,FUTURE_UNCONFIRMED,HINT,PLACEMENT|SURFACE,3,0,0
jar_SPICE_157_sig_SPICE_aHR0cHM6Ly93d3cu,SPICE,grenada,CORPORATE,DEMAND_SIGNAL,Lance Aux Epines Cottages Meetings and Events,Lance Aux Epines Cottages Meetings and Events,https://www.travelagewest.com/Hotels/Lance-Aux-Epines-Grenada/Lance-Aux-Epines-Cottages/Meetings-Events-p52057638,en,,FUTURE_UNCONFIRMED,HINT,LODGING|PLACEMENT|WHO|CONTACT|SURFACE,3,0,0
jar_SPICE_167_sig_SPICE_aHR0cHM6Ly9hbWlt,SPICE,grenada,SPORTS_ENTERTAINMENT_SOCIAL,DEMAND_SIGNAL,"Event Space & Hotels in Grand Anse, Grenada","Event Space & Hotels in Grand Anse, Grenada",https://amimagazine.global/meeting-event-venues/grand-anse-grenada/hotels,en,,FUTURE_UNCONFIRMED,HINT,ENTITY|LODGING|PLACEMENT|WHO|CONTACT|SURFACE,3,0,0
jar_SPICE_168_sig_SPICE_aHR0cHM6Ly93d3cu,SPICE,grenada,SPORTS_ENTERTAINMENT_SOCIAL,DEMAND_SIGNAL,"Event Space & Hotels in Grand Anse, Grenada","Event Space & Hotels in Grand Anse, Grenada",https://www.northstarmeetingsgroup.com/Meeting-Event-Venues/Grand-Anse-Grenada/Convention-Centers?pg=2,en,,FUTURE_UNCONFIRMED,HINT,ENTITY|LODGING|PLACEMENT|WHO|CONTACT|SURFACE,3,0,0
jar_SPICE_169_sig_SPICE_aHR0cHM6Ly9taXRt,SPICE,grenada,SPORTS_ENTERTAINMENT_SOCIAL,DEMAND_SIGNAL,"Event Space & Hotels in Grand Anse, Grenada","Event Space & Hotels in Grand Anse, Grenada",https://mitmagazine.co.uk/Meeting-Event-Venues/Grand-Anse-Grenada/Hotels,en,,FUTURE_UNCONFIRMED,HINT,ENTITY|LODGING|PLACEMENT|WHO|CONTACT|SURFACE,3,0,0
jar_SPICE_170_sig_SPICE_aHR0cHM6Ly93d3cu,SPICE,grenada,SPORTS_ENTERTAINMENT_SOCIAL,DEMAND_SIGNAL,Allamanda Beach Resort & Spa,"Allamanda Beach Resort & Spa - Grand Anse, Grenada",https://www.meetings-conventions.com/Meeting-Event-Venues/Grand-Anse-Grenada/Convention-Hotel/Allamanda-Beach-Resort-Spa-p4547729,en,,FUTURE_UNCONFIRMED,HINT,TIMING|LODGING|WHO|SURFACE,3,0,0
jar_SPICE_171_sig_SPICE_aHR0cHM6Ly93d3cu,SPICE,grenada,SPORTS_ENTERTAINMENT_SOCIAL,DEMAND_SIGNAL,Downtown Hotels in Grand Anse,Downtown Hotels in Grand Anse - Grenada,https://www.travelweekly.com/Hotels/Grand-Anse-Grenada,en,,FUTURE_UNCONFIRMED,HINT,TIMING|LODGING|WHO|SURFACE,3,0,0
jar_SPICE_174_sig_SPICE_aHR0cHM6Ly93d3cu,SPICE,grenada,SPORTS_ENTERTAINMENT_SOCIAL,DEMAND_SIGNAL,InterContinental Grenada Resort & Spa Meetings & Events,InterContinental Grenada Resort & Spa Meetings & Events,https://www.ihg.com/intercontinental/hotels/gb/en/la-sagesse/skblg/hoteldetail/meetings-events,en,,FUTURE_UNCONFIRMED,HINT,TIMING|LODGING|WHO|SURFACE,3,0,0
jar_SPICE_184_sig_feeder_SPICE_aHR0cHM6Ly93,SPICE,grenada,TOUR_DMC_INCENTIVE,DEMAND_SIGNAL,Downtown Hotels in St David's,Downtown Hotels in St David's - Grenada,https://www.travelweekly.com/Hotels/St-Davids-Grenada,en,Canada,FUTURE_UNCONFIRMED,HINT,TIMING|LODGING|WHO|SURFACE,3,0,0
jar_SPICE_186_sig_feeder_SPICE_aHR0cHM6Ly93,SPICE,grenada,TOUR_DMC_INCENTIVE,DEMAND_SIGNAL,"Lance Aux Epines, Grenada Area Hotels","Lance Aux Epines, Grenada Area Hotels- Page 3",https://www.businesstravelnews.com/Hotels/Lance-Aux-Epines-Grenada?cmp=1&pg=3,en,Canada,FUTURE_UNCONFIRMED,HINT,TIMING|LODGING|WHO|SURFACE,3,0,0
jar_SPICE_187_sig_feeder_SPICE_aHR0cHM6Ly93,SPICE,grenada,TOUR_DMC_INCENTIVE,DEMAND_SIGNAL,"St George's, Grenada Hotels","St George's, Grenada Hotels",https://www.travelagewest.com/Hotels/St-Georges-Grenada,en,Canada,FUTURE_UNCONFIRMED,HINT,TIMING|LODGING|WHO|SURFACE,3,0,0
jar_SPICE_188_sig_feeder_SPICE_aHR0cHM6Ly93,SPICE,grenada,TOUR_DMC_INCENTIVE,DEMAND_SIGNAL,"Grand Anse, Grenada Area Hotels","Grand Anse, Grenada Area Hotels- Page 2",https://www.travelweekly-asia.com/hotels/grand-anse-grenada?v=D&pg=2,en,Canada,FUTURE_UNCONFIRMED,HINT,TIMING|LODGING|WHO|SURFACE,3,0,0
jar_CAMBRIDGE_203_sig_CAMBRIDGE_aHR0cHM6Ly9hc3Nl,CAMBRIDGE,bermuda,CORPORATE,DEMAND_SIGNAL,"Global Sales Services for Luxury Hotels, Resorts, Cruise ...","Global Sales Services for Luxury Hotels, Resorts, Cruise ...",https://assets.simpleviewinc.com/simpleview/image/upload/v1/clients/alhitx/ALHI_Hotel_Member_List_February2025_a45560c4-7f34-4a0b-ad1b-b4f7f20386af.pdf,en,,FUTURE_UNCONFIRMED,HINT,TIMING|LODGING|WHO|SURFACE,3,0,0
jar_CAMBRIDGE_207_sig_CAMBRIDGE_aHR0cHM6Ly93d3cu,CAMBRIDGE,bermuda,CORPORATE,DEMAND_SIGNAL,Turks and Caicos Hotel and Tourism Association,Turks and Caicos Hotel and Tourism Association,https://www.facebook.com/OfficialTCHTA/posts/join-us-in-celebrating-our-very-own-karen-whitt-on-her-appointment-as-1st-vice-p/939759881524487/,en,,FUTURE_UNCONFIRMED,HINT,TIMING|LODGING|WHO|SURFACE,3,0,0
jar_SPICE_473_gdi_v3_spice_six_senses_la_sagesse_grena,SPICE,grenada,ASSOCIATION_NGO,V3_UNRESOLVED,Six Senses La Sagesse Grenada — overflow lodging motion,Six Senses La Sagesse Grenada — overflow lodging motion,https://www.cvent.com/venues/st-david/resort/six-senses-la-sagesse-grenada/venue-27e4aa0c-073f-464f-85ea-281f9d06625f,en,,FUTURE_UNCONFIRMED,UNKNOWN,SURFACE,3,1,0.01
jar_YOTEL_292_gdi_opp_uzh_study_annual_meeting_8,YOTEL,geneva_lake,ASSOCIATION_NGO,ROTATION_SERIES,UZH Study,series:uzh_study_annual_meeting,,en,,FUTURE_UNCONFIRMED,UNKNOWN,TIMING|LODGING|WHO,5,0,0
jar_YOTEL_296_gdi_opp_lake_geneva_la_c_te_leadership_r,YOTEL,geneva_lake,ASSOCIATION_NGO,ROTATION_SERIES,Swiss Leaders,series:lake_geneva_la_c_te_leadership_retreat,,en,,FUTURE_UNCONFIRMED,UNKNOWN,TIMING|LODGING|WHO,5,0,0
jar_YOTEL_300_gdi_opp_annual_meeting_of_lake_geneva_la,YOTEL,geneva_lake,ASSOCIATION_NGO,ROTATION_SERIES,Various Associations,series:annual_meeting_of_lake_geneva_la_c_te,,en,,FUTURE_UNCONFIRMED,UNKNOWN,TIMING|LODGING|WHO,5,0,0
jar_YOTEL_302_gdi_opp_swiss_leaders_leadership_retreat,YOTEL,geneva_lake,ASSOCIATION_NGO,ROTATION_SERIES,Swiss Leaders,series:swiss_leaders_leadership_retreat,,en,,FUTURE_UNCONFIRMED,UNKNOWN,TIMING|LODGING|WHO,5,0,0
jar_AC_312_gdi_opp_corporate_meetings_in_matogrande,AC,a_coruna,ASSOCIATION_NGO,ROTATION_SERIES,Various Corporations,series:corporate_meetings_in_matogrande_business_corridor,,en,,FUTURE_UNCONFIRMED,UNKNOWN,TIMING|LODGING|WHO,5,0,0
jar_AC_324_gdi_opp_new_residential_development_for_,AC,a_coruna,ASSOCIATION_NGO,ROTATION_SERIES,Xunta de Galicia,series:new_residential_development_for_youth,,en,,FUTURE_UNCONFIRMED,UNKNOWN,TIMING|LODGING|WHO,5,0,0
jar_SPICE_328_gdi_opp_future_conferences_at_grand_anse,SPICE,grenada,ASSOCIATION_NGO,ROTATION_SERIES,Grenada Tourism Authority,series:future_conferences_at_grand_anse_beach,,en,,FUTURE_UNCONFIRMED,UNKNOWN,TIMING|LODGING|WHO,5,0,0
jar_SPICE_333_gdi_opp_incentive_travel_rfp_7,SPICE,grenada,ASSOCIATION_NGO,ROTATION_SERIES,Various Corporations,series:incentive_travel_rfp,,en,,FUTURE_UNCONFIRMED,UNKNOWN,TIMING|LODGING|WHO,5,0,0
jar_SPICE_334_gdi_opp_incentive_travel_programs_7,SPICE,grenada,ASSOCIATION_NGO,ROTATION_SERIES,Various Corporate Entities,series:incentive_travel_programs,,en,,FUTURE_UNCONFIRMED,UNKNOWN,TIMING|LODGING|WHO,5,0,0
jar_SPICE_335_gdi_opp_leadership_offsite_retreats_17,SPICE,grenada,ASSOCIATION_NGO,ROTATION_SERIES,Various Corporate Entities,series:leadership_offsite_retreats,,en,,FUTURE_UNCONFIRMED,UNKNOWN,TIMING|LODGING|WHO,5,0,0
jar_SPICE_338_gdi_opp_travel_advisor_familiarization_t,SPICE,grenada,ASSOCIATION_NGO,ROTATION_SERIES,Travel Advisor Consortiums,series:travel_advisor_familiarization_trips,,en,,FUTURE_UNCONFIRMED,UNKNOWN,TIMING|LODGING|WHO,5,0,0
jar_SPICE_339_gdi_opp_grenada_regional_association_ann,SPICE,grenada,ASSOCIATION_NGO,ROTATION_SERIES,Grenada Tourism Authority,series:grenada_regional_association_annual_meeting,,en,,FUTURE_UNCONFIRMED,UNKNOWN,TIMING|LODGING|WHO,5,0,0
jar_SPICE_340_gdi_opp_destination_weddings_in_grenada_,SPICE,grenada,ASSOCIATION_NGO,ROTATION_SERIES,Local Isles,series:destination_weddings_in_grenada,,en,,FUTURE_UNCONFIRMED,UNKNOWN,TIMING|LODGING|WHO,5,0,0
jar_SPICE_342_gdi_opp_grenada_executive_retreats_13,SPICE,grenada,ASSOCIATION_NGO,ROTATION_SERIES,Various Corporate Entities,series:grenada_executive_retreats,,en,,FUTURE_UNCONFIRMED,UNKNOWN,TIMING|LODGING|WHO,5,0,0
jar_SPICE_344_gdi_opp_leadership_retreat_10,SPICE,grenada,ASSOCIATION_NGO,ROTATION_SERIES,Various Corporate Entities,series:leadership_retreat,,en,,FUTURE_UNCONFIRMED,UNKNOWN,TIMING|LODGING|WHO,5,0,0
jar_SPICE_347_gdi_opp_destination_wedding_rfp_12,SPICE,grenada,ASSOCIATION_NGO,ROTATION_SERIES,Wedding Planners Association,series:destination_wedding_rfp,,en,,FUTURE_UNCONFIRMED,UNKNOWN,TIMING|LODGING|WHO,5,0,0
jar_SPICE_349_gdi_opp_destination_weddings_in_grenada_,SPICE,grenada,ASSOCIATION_NGO,ROTATION_SERIES,Bolen Bliss,series:destination_weddings_in_grenada,,en,,FUTURE_UNCONFIRMED,UNKNOWN,TIMING|LODGING|WHO,5,0,0
jar_SPICE_351_gdi_opp_destination_weddings_in_grenada_,SPICE,grenada,ASSOCIATION_NGO,ROTATION_SERIES,Local Isles,series:destination_weddings_in_grenada,,en,,FUTURE_UNCONFIRMED,UNKNOWN,TIMING|LODGING|WHO,5,0,0
jar_SPICE_355_gdi_opp_yacht_charter_crew_lodging_5,SPICE,grenada,ASSOCIATION_NGO,ROTATION_SERIES,Tropical Yachts,series:yacht_charter_crew_lodging,,en,,FUTURE_UNCONFIRMED,UNKNOWN,TIMING|LODGING|WHO,5,0,0
jar_SPICE_360_gdi_opp_luxury_travel_advisor_familiariz,SPICE,grenada,ASSOCIATION_NGO,ROTATION_SERIES,Dream Vacations,series:luxury_travel_advisor_familiarization_trip,,en,,FUTURE_UNCONFIRMED,UNKNOWN,TIMING|LODGING|WHO,5,0,0
jar_SPICE_361_gdi_opp_luxury_travel_advisor_fam_3,SPICE,grenada,ASSOCIATION_NGO,ROTATION_SERIES,Far & Wild Travel,series:luxury_travel_advisor_fam,,en,,FUTURE_UNCONFIRMED,UNKNOWN,TIMING|LODGING|WHO,5,0,0
jar_SPICE_362_gdi_opp_destination_weddings_in_grenada_,SPICE,grenada,ASSOCIATION_NGO,ROTATION_SERIES,Local Isles,series:destination_weddings_in_grenada,,en,,FUTURE_UNCONFIRMED,UNKNOWN,TIMING|LODGING|WHO,5,0,0
jar_SPICE_367_gdi_opp_executive_retreats_at_spice_isla,SPICE,grenada,ASSOCIATION_NGO,ROTATION_SERIES,Spice Island Beach Resort,series:executive_retreats_at_spice_island_beach_resort,,en,,FUTURE_UNCONFIRMED,UNKNOWN,TIMING|LODGING|WHO,5,0,0
jar_SPICE_368_gdi_opp_grenada_conference_0,SPICE,grenada,ASSOCIATION_NGO,ROTATION_SERIES,Grenada Conference,series:grenada_conference,,en,,FUTURE_UNCONFIRMED,UNKNOWN,TIMING|LODGING|WHO,5,0,0
jar_SPICE_369_gdi_opp_luxury_travel_advisor_familiariz,SPICE,grenada,ASSOCIATION_NGO,ROTATION_SERIES,Spice Island Beach Resort,series:luxury_travel_advisor_familiarization_trip,,en,,FUTURE_UNCONFIRMED,UNKNOWN,TIMING|LODGING|WHO,5,0,0
jar_SPICE_370_gdi_opp_yacht_charter_demand_6,SPICE,grenada,ASSOCIATION_NGO,ROTATION_SERIES,DMA Yachting,series:yacht_charter_demand,,en,,FUTURE_UNCONFIRMED,UNKNOWN,TIMING|LODGING|WHO,5,0,0
jar_SPICE_372_gdi_opp_grenada_tourism_authority_incent,SPICE,grenada,ASSOCIATION_NGO,ROTATION_SERIES,Grenada Tourism Authority,series:grenada_tourism_authority_incentive_programme,,en,,FUTURE_UNCONFIRMED,UNKNOWN,TIMING|LODGING|WHO,5,0,0
jar_SPICE_373_gdi_opp_grenada_destination_weddings_14,SPICE,grenada,ASSOCIATION_NGO,ROTATION_SERIES,Various Wedding Planners,series:grenada_destination_weddings,,en,,FUTURE_UNCONFIRMED,UNKNOWN,TIMING|LODGING|WHO,5,0,0
jar_SPICE_374_gdi_opp_grenada_voluntourism_program_0,SPICE,grenada,ASSOCIATION_NGO,ROTATION_SERIES,Grenada Tourism Authority,series:grenada_voluntourism_program,,en,,FUTURE_UNCONFIRMED,UNKNOWN,TIMING|LODGING|WHO,5,0,0
jar_SPICE_375_gdi_opp_incentive_travel_rfp_5,SPICE,grenada,ASSOCIATION_NGO,ROTATION_SERIES,Various Corporate Entities,series:incentive_travel_rfp,,en,,FUTURE_UNCONFIRMED,UNKNOWN,TIMING|LODGING|WHO,5,0,0
jar_SPICE_380_gdi_opp_destination_weddings_in_grenada_,SPICE,grenada,ASSOCIATION_NGO,ROTATION_SERIES,Various Wedding Venues,series:destination_weddings_in_grenada,,en,,FUTURE_UNCONFIRMED,UNKNOWN,TIMING|LODGING|WHO,5,0,0
jar_SPICE_381_gdi_opp_grenada_yacht_charter_crew_lodgi,SPICE,grenada,ASSOCIATION_NGO,ROTATION_SERIES,Various Yacht Charter Companies,series:grenada_yacht_charter_crew_lodging,,en,,FUTURE_UNCONFIRMED,UNKNOWN,TIMING|LODGING|WHO,5,0,0
jar_SPICE_382_gdi_opp_marine_industry_meeting_11,SPICE,grenada,ASSOCIATION_NGO,ROTATION_SERIES,Marine Industry Association,series:marine_industry_meeting,,en,,FUTURE_UNCONFIRMED,UNKNOWN,TIMING|LODGING|WHO,5,0,0
jar_SPICE_388_gdi_opp_executive_retreats_8,SPICE,grenada,ASSOCIATION_NGO,ROTATION_SERIES,Various Corporate Entities,series:executive_retreats,,en,,FUTURE_UNCONFIRMED,UNKNOWN,TIMING|LODGING|WHO,5,0,0
jar_SPICE_394_gdi_opp_regional_association_annual_meet,SPICE,grenada,ASSOCIATION_NGO,ROTATION_SERIES,Unknown Regional Association,series:regional_association_annual_meeting,,en,,FUTURE_UNCONFIRMED,UNKNOWN,TIMING|LODGING|WHO,5,0,0
jar_SPICE_424_prerfp_gdi_opp_grenada_official_hotel_bl,SPICE,grenada,PROCUREMENT_RFP,PRE_RFP,Unknown,Unknown,,en,,FUTURE_UNCONFIRMED,UNKNOWN,TIMING|LODGING|WHO,6,0,0
jar_SPICE_425_prerfp_gdi_opp_leadership_retreat_12,SPICE,grenada,PROCUREMENT_RFP,PRE_RFP,Unknown,Unknown,,en,,FUTURE_UNCONFIRMED,UNKNOWN,TIMING|LODGING|WHO,6,0,0
jar_SPICE_426_prerfp_gdi_opp_future_cycle_incentive_tr,SPICE,grenada,PROCUREMENT_RFP,PRE_RFP,Various,Various,,en,,FUTURE_UNCONFIRMED,UNKNOWN,TIMING|LODGING|WHO,6,0,0
jar_SPICE_435_prerfp_gdi_opp_grenada_leadership_offsit,SPICE,grenada,PROCUREMENT_RFP,PRE_RFP,Unknown,Unknown,,en,,FUTURE_UNCONFIRMED,UNKNOWN,TIMING|LODGING|WHO,6,0,0
jar_SPICE_439_prerfp_gdi_opp_destination_weddings_in_g,SPICE,grenada,PROCUREMENT_RFP,PRE_RFP,RealAdventures,RealAdventures,,en,,FUTURE_UNCONFIRMED,UNKNOWN,TIMING|LODGING|WHO,6,0,0
jar_SPICE_441_prerfp_gdi_opp_leadership_offsite_19,SPICE,grenada,PROCUREMENT_RFP,PRE_RFP,Unknown,Unknown,,en,,FUTURE_UNCONFIRMED,UNKNOWN,TIMING|LODGING|WHO,6,0,0
jar_SPICE_445_prerfp_gdi_opp_destination_wedding_9,SPICE,grenada,PROCUREMENT_RFP,PRE_RFP,Unknown,Unknown,,en,,FUTURE_UNCONFIRMED,UNKNOWN,TIMING|LODGING|WHO,6,0,0
jar_SPICE_446_prerfp_gdi_opp_incentive_travel_program_,SPICE,grenada,PROCUREMENT_RFP,PRE_RFP,Various,Various,,en,,FUTURE_UNCONFIRMED,UNKNOWN,TIMING|LODGING|WHO,6,0,0
jar_SPICE_458_prerfp_gdi_opp_travel_advisor_familiariz,SPICE,grenada,PROCUREMENT_RFP,PRE_RFP,Unknown,Unknown,,en,,FUTURE_UNCONFIRMED,UNKNOWN,TIMING|LODGING|WHO,6,0,0
jar_SPICE_459_prerfp_gdi_opp_grenada_sports_tournament,SPICE,grenada,PROCUREMENT_RFP,PRE_RFP,Unknown,Unknown,,en,,FUTURE_UNCONFIRMED,UNKNOWN,TIMING|LODGING|WHO,6,0,0
jar_SPICE_461_prerfp_gdi_opp_destination_wedding_20,SPICE,grenada,PROCUREMENT_RFP,PRE_RFP,Unknown,Unknown,,en,,FUTURE_UNCONFIRMED,UNKNOWN,TIMING|LODGING|WHO,6,0,0
jar_SPICE_462_prerfp_gdi_opp_executive_retreat_8,SPICE,grenada,PROCUREMENT_RFP,PRE_RFP,Unknown,Unknown,,en,,FUTURE_UNCONFIRMED,UNKNOWN,TIMING|LODGING|WHO,6,0,0
jar_YOTEL_3_sig_YOTEL_aHR0cHM6Ly9qb3Vy,YOTEL,geneva_lake,ASSOCIATION_NGO,DEMAND_SIGNAL,Séances à venir,Séances à venir,https://journal.un.org/fr/forthcoming/2026-09-12,fr,,FUTURE_UNCONFIRMED,UNKNOWN,TIMING|LODGING|WHO|SURFACE,3,0,0
jar_YOTEL_22_sig_YOTEL_aHR0cHM6Ly93d3cu,YOTEL,geneva_lake,GOVERNMENT_INTL_ORGANIZATIONS,DEMAND_SIGNAL,Conférence de presse de l'ONU à Genève,Conférence de presse de l'ONU à Genève - 19 mai 2026,https://www.unognewsroom.org/teleprompter/fr/3124/un-geneva-press-briefing-19-may-2026/9340,fr,,FUTURE_UNCONFIRMED,UNKNOWN,TIMING|LODGING|WHO|SURFACE,3,0,0
jar_YOTEL_25_sig_YOTEL_aHR0cHM6Ly93d3cu,YOTEL,geneva_lake,GOVERNMENT_INTL_ORGANIZATIONS,DEMAND_SIGNAL,Conférence de presse de l'ONU à Genève,Conférence de presse de l'ONU à Genève - 17 avril 2026,https://www.unognewsroom.org/story/fr/3088/un-geneva-press-briefing-17-april-2026,fr,,FUTURE_UNCONFIRMED,UNKNOWN,TIMING|LODGING|WHO|SURFACE,3,0,0
jar_YOTEL_27_sig_YOTEL_aHR0cHM6Ly9qb3Vy,YOTEL,geneva_lake,GOVERNMENT_INTL_ORGANIZATIONS,DEMAND_SIGNAL,Official Meetings,Official Meetings - UN Journal - the United Nations,https://journal.un.org/en/geneva/meeting/officials/c1a5e198-50c5-4c5d-9d87-3ee53d3253ca/2026-03-02,en,,FUTURE_UNCONFIRMED,UNKNOWN,TIMING|LODGING|WHO|SURFACE,3,0,0
jar_YOTEL_28_sig_YOTEL_aHR0cHM6Ly9qb3Vy,YOTEL,geneva_lake,GOVERNMENT_INTL_ORGANIZATIONS,DEMAND_SIGNAL,Other Meetings,Other Meetings - Meetings of the day - the United Nations,https://journal.un.org/en/geneva/meeting/others/46d0ac63-7cd7-42fb-a63f-73d2e64b8169/2026-05-05,en,,FUTURE_UNCONFIRMED,UNKNOWN,TIMING|LODGING|WHO|SURFACE,3,0,0
jar_YOTEL_29_sig_YOTEL_aHR0cHM6Ly9qb3Vy,YOTEL,geneva_lake,GOVERNMENT_INTL_ORGANIZATIONS,DEMAND_SIGNAL,Official Meetings,Official Meetings - UN Journal,https://journal.un.org/en/geneva/meeting/officials/2e2ad944-0ceb-4933-be77-5a48589751a9/2026-09-14/webcast,en,,FUTURE_UNCONFIRMED,UNKNOWN,TIMING|LODGING|WHO|SURFACE,3,0,0
jar_YOTEL_33_sig_YOTEL_aHR0cHM6Ly9pbmRp,YOTEL,geneva_lake,GOVERNMENT_INTL_ORGANIZATIONS,DEMAND_SIGNAL,Private meeting (27 August 2026),Private meeting (27 August 2026) - Indico - the United Nations,https://indico.un.org/event/1025533/,en,,FUTURE_UNCONFIRMED,UNKNOWN,TIMING|LODGING|WHO|SURFACE,3,0,0
jar_YOTEL_34_sig_YOTEL_aHR0cHM6Ly9qb3Vy,YOTEL,geneva_lake,GOVERNMENT_INTL_ORGANIZATIONS,DEMAND_SIGNAL,Official Meetings,Official Meetings - Meetings of the day - the United Nations,https://journal.qa.un.org/en/new-york/meeting/officials/fa41ea09-086c-4056-a587-8f75ff9aa159/2026-08-10,en,,FUTURE_UNCONFIRMED,UNKNOWN,TIMING|LODGING|WHO|SURFACE,3,0,0
jar_YOTEL_35_sig_YOTEL_aHR0cHM6Ly9pbmRp,YOTEL,geneva_lake,GOVERNMENT_INTL_ORGANIZATIONS,DEMAND_SIGNAL,Briefing on the 2026 United Nations Water Conference,Briefing on the 2026 United Nations Water Conference - Indico,https://indico.un.org/event/1025771/,en,,FUTURE_UNCONFIRMED,UNKNOWN,TIMING|LODGING|WHO|SURFACE,3,0,0
jar_YOTEL_42_sig_YOTEL_aHR0cHM6Ly93d3cu,YOTEL,geneva_lake,PHARMA_LIFE_SCIENCES,DEMAND_SIGNAL,Panorama de la recherche sur l'habitat et le logement ...,Panorama de la recherche sur l'habitat et le logement ...,https://www.union-habitat.org/sites/default/files/articles/pdf/2026-09/ush_edition_2027_du_panorama_de_la_recherche_interactif.pdf,fr,,FUTURE_UNCONFIRMED,UNKNOWN,TIMING|LODGING|WHO|SURFACE,3,0,0
jar_YOTEL_82_sig_YOTEL_aHR0cHM6Ly93d3cu,YOTEL,geneva_lake,UNIVERSITY_EDUCATION,DEMAND_SIGNAL,Schedule of Social Security Benefit Payments,Schedule of Social Security Benefit Payments - 2026-2027,https://www.ssa.gov/pubs/EN-05-10031-2027.pdf,en,,FUTURE_UNCONFIRMED,UNKNOWN,TIMING|LODGING|WHO|SURFACE,3,0,0
jar_YOTEL_83_sig_YOTEL_aHR0cHM6Ly93d3cu,YOTEL,geneva_lake,UNIVERSITY_EDUCATION,DEMAND_SIGNAL,School Year Calendar 2026–2027,School Year Calendar 2026–2027,https://www.schools.nyc.gov/docs/default-source/sections/calendar/2026-27-school-year-calendar.pdf,en,,FUTURE_UNCONFIRMED,UNKNOWN,TIMING|LODGING|WHO|SURFACE,3,0,0
jar_YOTEL_84_sig_YOTEL_aHR0cHM6Ly93d3cu,YOTEL,geneva_lake,UNIVERSITY_EDUCATION,DEMAND_SIGNAL,General Assembly High,General Assembly High-level Week 2026,https://www.un.org/en/high-level-week-2026,en,,FUTURE_UNCONFIRMED,UNKNOWN,TIMING|LODGING|WHO|SURFACE,3,0,0
jar_YOTEL_85_sig_YOTEL_aHR0cHM6Ly93d3cu,YOTEL,geneva_lake,UNIVERSITY_EDUCATION,DEMAND_SIGNAL,Fields Medals 2026,Fields Medals 2026 | International Mathematical Union (IMU),https://www.mathunion.org/imu-awards/fields-medal/fields-medals-2026,en,,FUTURE_UNCONFIRMED,UNKNOWN,TIMING|LODGING|WHO|SURFACE,3,0,0
jar_YOTEL_86_sig_YOTEL_aHR0cHM6Ly93d3cu,YOTEL,geneva_lake,UNIVERSITY_EDUCATION,DEMAND_SIGNAL,World Trade Report 2026,World Trade Report 2026,https://www.wto.org/english/res_e/publications_e/world-trade-report-2026_e.htm,en,,FUTURE_UNCONFIRMED,UNKNOWN,TIMING|LODGING|WHO|SURFACE,3,0,0
jar_NOW_NOW_256_sig_NOW_NOW_aHR0cHM6Ly93d3cu,NOW_NOW,nyc_noho,ASSOCIATION_NGO,DEMAND_SIGNAL,Annual Meeting & Conference,Annual Meeting & Conference | New York State ...,https://www.nyspha.org/annual-meeting-conference,en,,FUTURE_UNCONFIRMED,UNKNOWN,TIMING|LODGING|WHO|SURFACE,3,0,0
jar_NOW_NOW_258_sig_NOW_NOW_aHR0cHM6Ly93d3cu,NOW_NOW,nyc_noho,ASSOCIATION_NGO,DEMAND_SIGNAL,2026 Annual Conference,2026 Annual Conference,https://www.nyla.org/annual-conference,en,,FUTURE_UNCONFIRMED,UNKNOWN,TIMING|LODGING|WHO|SURFACE,3,0,0
jar_NOW_NOW_259_sig_NOW_NOW_aHR0cHM6Ly9ueWhw,NOW_NOW,nyc_noho,ASSOCIATION_NGO,DEMAND_SIGNAL,2026 Covering NY HPA Annual Conference and Expo,2026 Covering NY HPA Annual Conference and Expo,https://nyhpa.org/2026-covering-ny-hpa-annual-conference-and-expo/,en,,FUTURE_UNCONFIRMED,UNKNOWN,TIMING|LODGING|WHO|SURFACE,3,0,0
jar_NOW_NOW_264_sig_NOW_NOW_aHR0cHM6Ly93d3cu,NOW_NOW,nyc_noho,ASSOCIATION_NGO,DEMAND_SIGNAL,AMA and AAMSE 2026 & 2027 Meeting Dates,AMA and AAMSE 2026 & 2027 Meeting Dates,https://www.ama-assn.org/system/files/medical-specialty-meeting-dates.pdf,en,,FUTURE_UNCONFIRMED,UNKNOWN,TIMING|LODGING|WHO|SURFACE,3,0,0
jar_NOW_NOW_285_sig_feeder_NOW_NOW_aHR0cHM6Ly93,NOW_NOW,nyc_noho,CORPORATE,DEMAND_SIGNAL,EDA Leadership,EDA Leadership | U.S. Economic Development ...,https://www.eda.gov/about/leadership,en,international business,FUTURE_UNCONFIRMED,UNKNOWN,TIMING|LODGING|WHO|SURFACE,3,0,0
jar_AC_308_gdi_opp_annual_meeting_3,AC,a_coruna,ASSOCIATION_NGO,ROTATION_SERIES,Unknown,series:annual_meeting,,en,,FUTURE_UNCONFIRMED,UNKNOWN,TIMING|LODGING|WHO,5,0,0
jar_AC_309_gdi_opp_corporate_meetings_4,AC,a_coruna,ASSOCIATION_NGO,ROTATION_SERIES,Unknown,series:corporate_meetings,,en,,FUTURE_UNCONFIRMED,UNKNOWN,TIMING|LODGING|WHO,5,0,0
jar_AC_318_gdi_opp_highlights_22_conference_3,AC,a_coruna,ASSOCIATION_NGO,ROTATION_SERIES,Unknown,series:highlights_22_conference,,en,,FUTURE_UNCONFIRMED,UNKNOWN,TIMING|LODGING|WHO,5,0,0
jar_AC_323_gdi_opp_request_for_proposal_for_expocor,AC,a_coruna,ASSOCIATION_NGO,ROTATION_SERIES,Expocoruna,series:request_for_proposal_for_expocoruna,,en,,FUTURE_UNCONFIRMED,UNKNOWN,TIMING|LODGING|WHO,5,0,0
jar_YOTEL_466_gdi_v3_yotel_biennale_arte_2026_homepage,YOTEL,geneva_lake,ASSOCIATION_NGO,V3_UNRESOLVED,Biennale Arte 2026 | Homepage 2026,Biennale Arte 2026 | Homepage 2026,https://www.labiennale.org/en/art/2026,en,,FUTURE_UNCONFIRMED,UNKNOWN,LODGING|SURFACE,6,1,0.01
jar_YOTEL_467_gdi_v3_yotel_annual_report_the_united_na,YOTEL,geneva_lake,GOVERNMENT_INTL_ORGANIZATIONS,V3_UNRESOLVED,annual report - The United Nations Office at Geneva,annual report - The United Nations Office at Geneva,https://www.ungeneva.org/sites/default/files/2023-07/2022-CPAG-Annual-Report_0.pdf,en,,FUTURE_UNCONFIRMED,UNKNOWN,LODGING|PLACEMENT|WHO|CONTACT|SURFACE,6,1,0.01
jar_YOTEL_468_gdi_v3_yotel_erc_work_programme_2027_eur,YOTEL,geneva_lake,ASSOCIATION_NGO,V3_UNRESOLVED,ERC Work Programme 2027 - European Commission,ERC Work Programme 2027 - European Commission,https://ec.europa.eu/info/funding-tenders/opportunities/docs/2021-2027/horizon/wp-call/2027/wp_horizon-erc-2027_en.pdf,en,,FUTURE_UNCONFIRMED,UNKNOWN,LODGING|PLACEMENT|WHO|CONTACT|SURFACE,5,1,0.01
jar_YOTEL_6_sig_YOTEL_aHR0cHM6Ly93d3cu,YOTEL,geneva_lake,ASSOCIATION_NGO,DEMAND_SIGNAL,"Après des échanges « très tendus », les négociations ...","Après des échanges « très tendus », les négociations ...",https://www.rtl.be/actu/monde/international/apres-des-echanges-tres-tendus-les-negociations-reprennent-ukrainiens-et-russes/2026-02-18/article/780156,fr,,FUTURE_UNCONFIRMED,UNKNOWN,TIMING|LODGING|WHO|SURFACE,3,0,0
jar_YOTEL_9_sig_YOTEL_aHR0cHM6Ly93d3cu,YOTEL,geneva_lake,ASSOCIATION_NGO,DEMAND_SIGNAL,2026 Conferences Worth Your Attention!,2026 Conferences Worth Your Attention! - RAPIDE,https://www.rapideproject.eu/2026/01/2026-conferences-worth-your-attention/,en,,FUTURE_UNCONFIRMED,UNKNOWN,TIMING|LODGING|WHO|SURFACE,3,0,0
jar_YOTEL_10_sig_YOTEL_aHR0cHM6Ly93d3cu,YOTEL,geneva_lake,ASSOCIATION_NGO,DEMAND_SIGNAL,Conferences in Switzerland in Mar 2027,Conferences in Switzerland in Mar 2027,https://www.clocate.com/conferences-in+switzerland+march/Y28tY2grbW8=/,en,,FUTURE_UNCONFIRMED,UNKNOWN,TIMING|LODGING|WHO|SURFACE,3,0,0
jar_YOTEL_12_sig_YOTEL_aHR0cHM6Ly9pbnRl,YOTEL,geneva_lake,ASSOCIATION_NGO,DEMAND_SIGNAL,Conferences in Switzerland – May 2027 List,Conferences in Switzerland – May 2027 List | ICA,https://internationalconferencealerts.com/switzerland/may,en,,FUTURE_UNCONFIRMED,UNKNOWN,TIMING|LODGING|WHO|SURFACE,3,0,0
jar_YOTEL_15_sig_YOTEL_aHR0cHM6Ly93d3cu,YOTEL,geneva_lake,ASSOCIATION_NGO,DEMAND_SIGNAL,Association Days Europe 2026,Association Days Europe 2026: Where congresses take ...,https://www.facebook.com/eurekamiceinternational/posts/association-days-europe-2026-where-congresses-take-shape-from-29-to-31-january-2/1652968172368878/,en,,FUTURE_UNCONFIRMED,UNKNOWN,TIMING|LODGING|WHO|SURFACE,3,0,0
jar_YOTEL_16_sig_YOTEL_aHR0cHM6Ly93d3cu,YOTEL,geneva_lake,ASSOCIATION_NGO,DEMAND_SIGNAL,Conferences in Switzerland in September 2026,Conferences in Switzerland in September 2026,https://www.conferencealert.com/switzerland/september,en,,FUTURE_UNCONFIRMED,UNKNOWN,TIMING|LODGING|WHO|SURFACE,3,0,0
jar_YOTEL_17_sig_YOTEL_aHR0cHM6Ly93d3cu,YOTEL,geneva_lake,ASSOCIATION_NGO,DEMAND_SIGNAL,Conferences in Switzerland in Jun 2027,Conferences in Switzerland in Jun 2027,https://www.clocate.com/conferences-in+switzerland+june/Y28tY2grbW8=/,en,,FUTURE_UNCONFIRMED,UNKNOWN,TIMING|LODGING|WHO|SURFACE,3,0,0
jar_YOTEL_24_sig_YOTEL_aHR0cHM6Ly93d3cu,YOTEL,geneva_lake,GOVERNMENT_INTL_ORGANIZATIONS,DEMAND_SIGNAL,"Le Portail des Nations, qui ouvrira ses portes le 8 juin 2026 ...","Le Portail des Nations, qui ouvrira ses portes le 8 juin 2026 ...",https://www.facebook.com/kitsoschristina/posts/le-portail-des-nations-qui-ouvrira-ses-portes-le-8-juin-2026-a-%C3%A9t%C3%A9-pr%C3%A9sent%C3%A9-%C3%A0-la/1627372719398154/,fr,,FUTURE_UNCONFIRMED,UNKNOWN,TIMING|LODGING|WHO|SURFACE,3,0,0
jar_YOTEL_30_sig_YOTEL_aHR0cHM6Ly93d3cu,YOTEL,geneva_lake,GOVERNMENT_INTL_ORGANIZATIONS,DEMAND_SIGNAL,Upcoming UN Conferences 2025 Schedule,Upcoming UN Conferences 2025 Schedule | PDF,https://www.scribd.com/document/933690343/Upcoming-UN-Conferences-Vertical,en,,FUTURE_UNCONFIRMED,UNKNOWN,TIMING|LODGING|WHO|SURFACE,3,0,0
jar_YOTEL_37_sig_YOTEL_aHR0cHM6Ly93d3cu,YOTEL,geneva_lake,PHARMA_LIFE_SCIENCES,DEMAND_SIGNAL,ihm lettre d'information septembre 2026 février 2027 ...,ihm lettre d'information septembre 2026 février 2027 ...,https://www.chuv.ch/fileadmin/sites/ihm/bandeaux_home/Lettre_Information_IHM_N65_web.pdf,fr,,FUTURE_UNCONFIRMED,UNKNOWN,TIMING|LODGING|WHO|SURFACE,3,0,0
jar_YOTEL_40_sig_YOTEL_aHR0cHM6Ly93d3cu,YOTEL,geneva_lake,PHARMA_LIFE_SCIENCES,DEMAND_SIGNAL,Congrès de la SFGM,Congrès de la SFGM-TC,https://www.sfgmtc-congres.fr/sites/default/files/2026-09/V4-SFGM-TC-26-Prog.pdf,fr,,FUTURE_UNCONFIRMED,UNKNOWN,TIMING|LODGING|WHO|SURFACE,3,0,0
jar_YOTEL_43_sig_YOTEL_aHR0cHM6Ly93d3cu,YOTEL,geneva_lake,PHARMA_LIFE_SCIENCES,DEMAND_SIGNAL,Une dynamique collective dans la lutte contre le cancer,Une dynamique collective dans la lutte contre le cancer,https://www.centreleonberard.fr/sites/default/files/2026-08/ra2025cclb2026-2.pdf,fr,,FUTURE_UNCONFIRMED,UNKNOWN,TIMING|LODGING|WHO|SURFACE,3,0,0
jar_YOTEL_46_sig_YOTEL_aHR0cHM6Ly93d3cu,YOTEL,geneva_lake,PHARMA_LIFE_SCIENCES,DEMAND_SIGNAL,Conference in Geneva November 2026,Conference in Geneva November 2026,https://www.allconferencealert.com/geneva/november,en,,FUTURE_UNCONFIRMED,UNKNOWN,TIMING|LODGING|WHO|SURFACE,3,0,0
jar_YOTEL_47_sig_YOTEL_aHR0cHM6Ly93d3cu,YOTEL,geneva_lake,PHARMA_LIFE_SCIENCES,DEMAND_SIGNAL,Upcoming Medical Conference Switzerland 2026,Upcoming Medical Conference Switzerland 2026-2027,https://www.conferencealert.com/switzerland/medical,en,,FUTURE_UNCONFIRMED,UNKNOWN,TIMING|LODGING|WHO|SURFACE,3,0,0
jar_YOTEL_49_sig_YOTEL_aHR0cHM6Ly8xMHRp,YOTEL,geneva_lake,PHARMA_LIFE_SCIENCES,DEMAND_SIGNAL,"Medical Wellness Congress (Apr 2026), Geneva Switzerland","Medical Wellness Congress (Apr 2026), Geneva Switzerland",https://10times.com/e1d4-1s3h-8rfz-x,en,,FUTURE_UNCONFIRMED,UNKNOWN,TIMING|LODGING|WHO|SURFACE,3,0,0
jar_YOTEL_50_sig_YOTEL_aHR0cHM6Ly93d3cu,YOTEL,geneva_lake,PHARMA_LIFE_SCIENCES,DEMAND_SIGNAL,Healthcare Events in Geneva 2026,Healthcare Events in Geneva 2026,https://www.webmobi.com/discovery/events/in/geneva/healthcare,en,,FUTURE_UNCONFIRMED,UNKNOWN,TIMING|LODGING|WHO|SURFACE,3,0,0
jar_YOTEL_51_sig_YOTEL_aHR0cHM6Ly93d3cu,YOTEL,geneva_lake,PHARMA_LIFE_SCIENCES,DEMAND_SIGNAL,Medical Conferences in Switzerland 2026,Medical Conferences in Switzerland 2026,https://www.allinternationalconference.com/country/switzerland-conference/medical/,en,,FUTURE_UNCONFIRMED,UNKNOWN,TIMING|LODGING|WHO|SURFACE,3,0,0
jar_YOTEL_58_sig_YOTEL_aHR0cHM6Ly93d3cu,YOTEL,geneva_lake,CORPORATE,DEMAND_SIGNAL,️ Résolutions 2026 Continuer à prendre ...,️ Résolutions 2026 Continuer à prendre ... - Instagram,https://www.instagram.com/p/DTqblCvD5lv/,fr,,FUTURE_UNCONFIRMED,UNKNOWN,TIMING|LODGING|WHO|SURFACE,3,0,0
jar_YOTEL_61_sig_YOTEL_aHR0cHM6Ly93d3cu,YOTEL,geneva_lake,CORPORATE,DEMAND_SIGNAL,"Soirée du personnel 2026 Cette fois, c'est à notre tour de ...","Soirée du personnel 2026 Cette fois, c'est à notre tour de ...",https://www.instagram.com/reel/DVYuo6ajYfW/,fr,,FUTURE_UNCONFIRMED,UNKNOWN,TIMING|LODGING|WHO|SURFACE,3,0,0
jar_YOTEL_63_sig_YOTEL_aHR0cHM6Ly93d3cu,YOTEL,geneva_lake,CORPORATE,DEMAND_SIGNAL,European Leadership Conference Switzerland 2026 ...,European Leadership Conference Switzerland 2026 ...,https://www.instagram.com/p/DaQcmgytPkb/,en,,FUTURE_UNCONFIRMED,UNKNOWN,TIMING|LODGING|WHO|SURFACE,3,0,0
jar_YOTEL_64_sig_YOTEL_aHR0cHM6Ly9jb25m,YOTEL,geneva_lake,CORPORATE,DEMAND_SIGNAL,Conference in Switzerland / Management 2026,Conference in Switzerland / Management 2026,https://conferenceineurope.net/switzerland/management,en,,FUTURE_UNCONFIRMED,UNKNOWN,TIMING|LODGING|WHO|SURFACE,3,0,0
jar_YOTEL_66_sig_YOTEL_aHR0cHM6Ly93d3cu,YOTEL,geneva_lake,CORPORATE,DEMAND_SIGNAL,Management Conferences in Switzerland May 2027,Management Conferences in Switzerland May 2027,https://www.allconferencealert.com/switzerland/management/may,en,,FUTURE_UNCONFIRMED,UNKNOWN,TIMING|LODGING|WHO|SURFACE,3,0,0
jar_YOTEL_67_sig_YOTEL_aHR0cHM6Ly93d3cu,YOTEL,geneva_lake,CORPORATE,DEMAND_SIGNAL,EU Leadership Conference 2026 Geneva Switzerland,EU Leadership Conference 2026 Geneva Switzerland,https://www.linkedin.com/posts/dunster-business-school_euleadershipconference2026-leadership-activity-7498664895538790400-cePQ,en,,FUTURE_UNCONFIRMED,UNKNOWN,TIMING|LODGING|WHO|SURFACE,3,0,0
jar_YOTEL_68_sig_YOTEL_aHR0cHM6Ly9jb25m,YOTEL,geneva_lake,CORPORATE,DEMAND_SIGNAL,International Business Conferences In Switzerland 2026,International Business Conferences In Switzerland 2026- ...,https://conferenceineurope.net/switzerland/business,en,,FUTURE_UNCONFIRMED,UNKNOWN,TIMING|LODGING|WHO|SURFACE,3,0,0
jar_YOTEL_69_sig_YOTEL_aHR0cHM6Ly93d3cu,YOTEL,geneva_lake,CORPORATE,DEMAND_SIGNAL,Upcoming Business Conferences in Switzerland July 2027,Upcoming Business Conferences in Switzerland July 2027,https://www.allconferencealert.com/switzerland/business/july,en,,FUTURE_UNCONFIRMED,UNKNOWN,TIMING|LODGING|WHO|SURFACE,3,0,0
jar_YOTEL_70_sig_YOTEL_aHR0cHM6Ly9pbm5r,YOTEL,geneva_lake,CORPORATE,DEMAND_SIGNAL,The Swiss Horizon – Leadership Retreat in Switzerland 2026,The Swiss Horizon – Leadership Retreat in Switzerland 2026,https://innkick.com/events/swiss-horizon-leadership-retreat-in-switzerland/,en,,FUTURE_UNCONFIRMED,UNKNOWN,TIMING|LODGING|WHO|SURFACE,3,0,0
jar_YOTEL_71_sig_YOTEL_aHR0cHM6Ly93d3cu,YOTEL,geneva_lake,CORPORATE,DEMAND_SIGNAL,Swiss Leadership Visit 2026 #fyp #pwc # ...,Swiss Leadership Visit 2026 #fyp #pwc # ...,https://www.instagram.com/reel/DdMfDv5zPJh/,en,,FUTURE_UNCONFIRMED,UNKNOWN,TIMING|LODGING|WHO|SURFACE,3,0,0
jar_YOTEL_73_sig_YOTEL_aHR0cHM6Ly93d3cu,YOTEL,geneva_lake,UNIVERSITY_EDUCATION,DEMAND_SIGNAL,Étude annuelle 2026 La mer et les politiques publiques,Étude annuelle 2026 La mer et les politiques publiques,https://www.conseil-etat.fr/content/download/241552/document/CE_Etude-annuelle_2026.pdf,fr,,FUTURE_UNCONFIRMED,UNKNOWN,TIMING|LODGING|WHO|SURFACE,3,0,0
jar_AC_100_sig_AC_aHR0cHM6Ly9hbGxh,AC,a_coruna,ASSOCIATION_NGO,DEMAND_SIGNAL,Bulk Terminals A Coruña 2026 to tackle impack of global ...,Bulk Terminals A Coruña 2026 to tackle impack of global ...,https://allaboutshipping.co.uk/2026/09/14/bulk-terminals-a-coruna-2026-to-tackle-impack-of-global-trade-uncertainty/,gl,,FUTURE_UNCONFIRMED,UNKNOWN,TIMING|LODGING|WHO|SURFACE,3,0,0
jar_AC_102_sig_AC_aHR0cHM6Ly93d3cu,AC,a_coruna,ASSOCIATION_NGO,DEMAND_SIGNAL,Put your project at the center of the industry. The Expostand ...,Put your project at the center of the industry. The Expostand ...,https://www.facebook.com/visaformusic/posts/put-your-project-at-the-center-of-the-industry-the-expostand-2026-is-more-than-j/1612894083726084/,gl,,FUTURE_UNCONFIRMED,UNKNOWN,TIMING|LODGING|WHO|SURFACE,3,0,0
jar_AC_106_sig_AC_aHR0cHM6Ly9jb25n,AC,a_coruna,ASSOCIATION_NGO,DEMAND_SIGNAL,CIDIP 2026,CIDIP 2026 | International Congress on Project Management ...,https://congresos.aeipro.com/cidip-2026/,gl,,FUTURE_UNCONFIRMED,UNKNOWN,TIMING|LODGING|WHO|SURFACE,3,0,0
jar_AC_117_sig_AC_aHR0cHM6Ly93d3cu,AC,a_coruna,CORPORATE,DEMAND_SIGNAL,Ayudas para contratos Ramón y Cajal (RYC) 2026,Ayudas para contratos Ramón y Cajal (RYC) 2026,https://www.aei.gob.es/convocatorias/buscador-convocatorias/ayudas-contratos-ramon-cajal-ryc-2026,gl,,FUTURE_UNCONFIRMED,UNKNOWN,TIMING|LODGING|WHO|SURFACE,3,0,0
jar_AC_118_sig_AC_aHR0cHM6Ly93d3cu,AC,a_coruna,CORPORATE,DEMAND_SIGNAL,"Real Decreto 723/2026, de 9 de septiembre, por el que se ...","Real Decreto 723/2026, de 9 de septiembre, por el que se ...",https://www.boe.es/buscar/act.php?id=BOE-A-2026-19200,gl,,FUTURE_UNCONFIRMED,UNKNOWN,TIMING|LODGING|WHO|SURFACE,3,0,0
jar_AC_119_sig_AC_aHR0cHM6Ly90aWVu,AC,a_coruna,CORPORATE,DEMAND_SIGNAL,CAMPEONES DEL MUNDIAL FIFA 2026,CAMPEONES DEL MUNDIAL FIFA 2026 | Monedas | Productos,https://tienda.fnmt.es/fnmttv/fnmt/es/Productos/Monedas/CAMPEONES-DEL-MUNDIAL-FIFA-2026/p/92967070,gl,,FUTURE_UNCONFIRMED,UNKNOWN,TIMING|LODGING|WHO|SURFACE,3,0,0
jar_AC_121_sig_AC_aHR0cHM6Ly93d3cy,AC,a_coruna,CORPORATE,DEMAND_SIGNAL,Calculadora IRPF 2026,Calculadora IRPF 2026,https://www2.agenciatributaria.gob.es/wlpl/PRET-R200/R260/index.zul,gl,,FUTURE_UNCONFIRMED,UNKNOWN,TIMING|LODGING|WHO|SURFACE,3,0,0
jar_AC_122_sig_AC_aHR0cHM6Ly93d3cu,AC,a_coruna,CORPORATE,DEMAND_SIGNAL,"Correos, tarifas 2026","Correos, tarifas 2026",https://www.correos.es/content/dam/correos/documentos/atc/tarifas/2026/Tarifas_Correos_2026_Peninsula_y_Baleares.pdf,gl,,FUTURE_UNCONFIRMED,UNKNOWN,TIMING|LODGING|WHO|SURFACE,3,0,0
jar_AC_123_sig_AC_aHR0cHM6Ly93d3cu,AC,a_coruna,CORPORATE,DEMAND_SIGNAL,INNOGLOBAL 2026,INNOGLOBAL 2026,https://www.cdti.es/ayudas/innoglobal-2026,gl,,FUTURE_UNCONFIRMED,UNKNOWN,TIMING|LODGING|WHO|SURFACE,3,0,0
jar_AC_124_sig_AC_aHR0cHM6Ly93d3cu,AC,a_coruna,CORPORATE,DEMAND_SIGNAL,2026 Total Solar Eclipse,2026 Total Solar Eclipse,https://www.youtube.com/watch?v=rSvCuSQhC3w,gl,,FUTURE_UNCONFIRMED,UNKNOWN,TIMING|LODGING|WHO|SURFACE,3,0,0
jar_AC_126_sig_AC_aHR0cHM6Ly9lbHBh,AC,a_coruna,UNIVERSITY_EDUCATION,DEMAND_SIGNAL,Esperpento en el Congreso,Esperpento en el Congreso | Opinión,https://elpais.com/opinion/2026-09-24/esperpento-en-el-congreso.html,es,,FUTURE_UNCONFIRMED,UNKNOWN,TIMING|LODGING|WHO|SURFACE,3,0,0
jar_AC_134_sig_AC_aHR0cHM6Ly93d3cu,AC,a_coruna,UNIVERSITY_EDUCATION,DEMAND_SIGNAL,ESADE Executive MBA 2026 graduation celebration,ESADE Executive MBA 2026 graduation celebration,https://www.facebook.com/EsadeBS/posts/esade-gave-us-the-tools-to-build-and-lead-from-here-but-the-people-around-us-tau/1495101119330182/,gl,,FUTURE_UNCONFIRMED,UNKNOWN,TIMING|LODGING|WHO|SURFACE,3,0,0
jar_AC_135_sig_AC_aHR0cHM6Ly93d3cu,AC,a_coruna,UNIVERSITY_EDUCATION,DEMAND_SIGNAL,Jornadas de Economía de la Salud,Jornadas de Economía de la Salud,https://www.aes.es/jornadas/docs/Comunicaciones-AES-2026.pdf,gl,,FUTURE_UNCONFIRMED,UNKNOWN,TIMING|LODGING|WHO|SURFACE,3,0,0
jar_AC_137_sig_AC_aHR0cHM6Ly93d3cu,AC,a_coruna,UNIVERSITY_EDUCATION,DEMAND_SIGNAL,Memoria Científica Anual,Memoria Científica Anual - Annual Scientific Report,https://www.iisgaliciasur.es/wp-content/uploads/2026/06/MEMORIA-IISGALICIASUR-2019.pdf,gl,,FUTURE_UNCONFIRMED,UNKNOWN,TIMING|LODGING|WHO|SURFACE,3,0,0
jar_AC_141_sig_AC_aHR0cHM6Ly90cmFu,AC,a_coruna,PROCUREMENT_RFP,DEMAND_SIGNAL,Plan Anual Normativo 2026,Plan Anual Normativo 2026,https://transparencia.gob.es/content/dam/transparencia_home/publicidadactiva/normativa/pan2026/PAN%202026.pdf,es,,FUTURE_UNCONFIRMED,UNKNOWN,TIMING|LODGING|WHO|SURFACE,3,0,0
jar_AC_142_sig_AC_aHR0cHM6Ly93d3cu,AC,a_coruna,PROCUREMENT_RFP,DEMAND_SIGNAL,El MICIU concede los Premios Nacionales de ...,El MICIU concede los Premios Nacionales de ...,https://www.ciencia.gob.es/Noticias/2026/julio/MICIU-concede-Premios-Nacionales-Investigacion-2026.html,es,,FUTURE_UNCONFIRMED,UNKNOWN,TIMING|LODGING|WHO|SURFACE,3,0,0
jar_CAMBRIDGE_211_sig_CAMBRIDGE_aHR0cHM6Ly9vbGQu,CAMBRIDGE,bermuda,ASSOCIATION_NGO,DEMAND_SIGNAL,Bermuda Conference (2026),Bermuda Conference (2026),https://old.adventistyearbook.org/default.aspx?page=ViewAdmField&Year=2026&admfieldid=BERC&Section=InstOtherEnt,en,,FUTURE_UNCONFIRMED,UNKNOWN,TIMING|LODGING|WHO|SURFACE,3,0,0
jar_CAMBRIDGE_217_sig_CAMBRIDGE_aHR0cHM6Ly93YXNl,CAMBRIDGE,bermuda,ASSOCIATION_NGO,DEMAND_SIGNAL,Healthcare Industry Conferences in 2026/2027/2028,Healthcare Industry Conferences in 2026/2027/2028,https://waset.org/healthcare-industry-conferences?page=1,en,,FUTURE_UNCONFIRMED,UNKNOWN,TIMING|LODGING|WHO|SURFACE,3,0,0
jar_NOW_NOW_250_sig_NOW_NOW_aHR0cHM6Ly8xMHRp,NOW_NOW,nyc_noho,TECH_FINANCIAL_PROFESSIONAL_SERVICES,DEMAND_SIGNAL,"Private FinTech Conference (Apr 2026), New York USA","Private FinTech Conference (Apr 2026), New York USA",https://10times.com/e1hz-k144-zsf6-z-private-fintech-conference,en,,FUTURE_UNCONFIRMED,UNKNOWN,TIMING|LODGING|WHO|SURFACE,3,0,0
jar_NOW_NOW_251_sig_NOW_NOW_aHR0cHM6Ly93d3cu,NOW_NOW,nyc_noho,TECH_FINANCIAL_PROFESSIONAL_SERVICES,DEMAND_SIGNAL,Finance Events in New York 2026,Finance Events in New York 2026,https://www.webmobi.com/discovery/events/in/york/finance,en,,FUTURE_UNCONFIRMED,UNKNOWN,TIMING|LODGING|WHO|SURFACE,3,0,0
jar_NOW_NOW_252_sig_NOW_NOW_aHR0cHM6Ly9zY3J5,NOW_NOW,nyc_noho,TECH_FINANCIAL_PROFESSIONAL_SERVICES,DEMAND_SIGNAL,Best Fintech Events 2026–2027,Best Fintech Events 2026–2027: Dates & Pipeline - Scryon,https://scryon.io/blog/fintech-events-guide/,en,,FUTURE_UNCONFIRMED,UNKNOWN,TIMING|LODGING|WHO|SURFACE,3,0,0
jar_NOW_NOW_255_sig_NOW_NOW_aHR0cHM6Ly93d3cu,NOW_NOW,nyc_noho,TECH_FINANCIAL_PROFESSIONAL_SERVICES,DEMAND_SIGNAL,Annual Family Office Fintech Summit 2026,Annual Family Office Fintech Summit 2026 - Chancity,https://www.chancity.ai/events/annual-family-office-fintech-summit/2026,en,,FUTURE_UNCONFIRMED,UNKNOWN,TIMING|LODGING|WHO|SURFACE,3,0,0
jar_NOW_NOW_262_sig_NOW_NOW_aHR0cHM6Ly93d3cu,NOW_NOW,nyc_noho,ASSOCIATION_NGO,DEMAND_SIGNAL,2026 and 2027 Conferences,2026 and 2027 Conferences,https://www.precisionaq.com/hubfs/May%202026-2027%20Conferences%20for%20Upload.pdf,en,,FUTURE_UNCONFIRMED,UNKNOWN,TIMING|LODGING|WHO|SURFACE,3,0,0
jar_NOW_NOW_276_sig_feeder_NOW_NOW_aHR0cHM6Ly8x,NOW_NOW,nyc_noho,CORPORATE,DEMAND_SIGNAL,Annual Corporate Travel 100 Summit,Annual Corporate Travel 100 Summit - CONFERENCES,https://10times.com/e1dd-19ks-1g9r-x,en,US corporate,FUTURE_UNCONFIRMED,UNKNOWN,TIMING|LODGING|WHO|SURFACE,3,0,0
jar_SPICE_329_gdi_opp_grenada_official_hotel_block_6,SPICE,grenada,ASSOCIATION_NGO,ROTATION_SERIES,Unknown,series:grenada_official_hotel_block,,en,,FUTURE_UNCONFIRMED,UNKNOWN,TIMING|LODGING|WHO,5,0,0
jar_SPICE_330_gdi_opp_leadership_retreat_12,SPICE,grenada,ASSOCIATION_NGO,ROTATION_SERIES,Unknown,series:leadership_retreat,,en,,FUTURE_UNCONFIRMED,UNKNOWN,TIMING|LODGING|WHO,5,0,0
jar_SPICE_332_gdi_opp_future_cycle_incentive_travel_7,SPICE,grenada,ASSOCIATION_NGO,ROTATION_SERIES,Various,series:future_cycle_incentive_travel,,en,,FUTURE_UNCONFIRMED,UNKNOWN,TIMING|LODGING|WHO,5,0,0
jar_SPICE_345_gdi_opp_grenada_leadership_offsite_13,SPICE,grenada,ASSOCIATION_NGO,ROTATION_SERIES,Unknown,series:grenada_leadership_offsite,,en,,FUTURE_UNCONFIRMED,UNKNOWN,TIMING|LODGING|WHO,5,0,0
jar_SPICE_353_gdi_opp_destination_weddings_in_grenada_,SPICE,grenada,ASSOCIATION_NGO,ROTATION_SERIES,RealAdventures,series:destination_weddings_in_grenada,,en,,FUTURE_UNCONFIRMED,UNKNOWN,TIMING|LODGING|WHO,5,0,0
jar_SPICE_358_gdi_opp_leadership_offsite_19,SPICE,grenada,ASSOCIATION_NGO,ROTATION_SERIES,Unknown,series:leadership_offsite,,en,,FUTURE_UNCONFIRMED,UNKNOWN,TIMING|LODGING|WHO,5,0,0
jar_SPICE_363_gdi_opp_destination_wedding_9,SPICE,grenada,ASSOCIATION_NGO,ROTATION_SERIES,Unknown,series:destination_wedding,,en,,FUTURE_UNCONFIRMED,UNKNOWN,TIMING|LODGING|WHO,5,0,0
jar_SPICE_366_gdi_opp_incentive_travel_program_6,SPICE,grenada,ASSOCIATION_NGO,ROTATION_SERIES,Various,series:incentive_travel_program,,en,,FUTURE_UNCONFIRMED,UNKNOWN,TIMING|LODGING|WHO,5,0,0
jar_SPICE_384_gdi_opp_travel_advisor_familiarization_t,SPICE,grenada,ASSOCIATION_NGO,ROTATION_SERIES,Unknown,series:travel_advisor_familiarization_trip,,en,,FUTURE_UNCONFIRMED,UNKNOWN,TIMING|LODGING|WHO,5,0,0
jar_SPICE_385_gdi_opp_grenada_sports_tournament_5,SPICE,grenada,ASSOCIATION_NGO,ROTATION_SERIES,Unknown,series:grenada_sports_tournament,,en,,FUTURE_UNCONFIRMED,UNKNOWN,TIMING|LODGING|WHO,5,0,0
jar_SPICE_390_gdi_opp_destination_wedding_20,SPICE,grenada,ASSOCIATION_NGO,ROTATION_SERIES,Unknown,series:destination_wedding,,en,,FUTURE_UNCONFIRMED,UNKNOWN,TIMING|LODGING|WHO,5,0,0
jar_SPICE_393_gdi_opp_executive_retreat_8,SPICE,grenada,ASSOCIATION_NGO,ROTATION_SERIES,Unknown,series:executive_retreat,,en,,FUTURE_UNCONFIRMED,UNKNOWN,TIMING|LODGING|WHO,5,0,0
jar_SPICE_464_cdp_not_specified_ASSOCIATION_NGO,SPICE,grenada,ASSOCIATION_NGO,COMPETITIVE_PATTERN,Not specified,Not specified,,en,,FUTURE_UNCONFIRMED,UNKNOWN,LODGING|PLACEMENT|SURFACE,5,0,0
jar_SPICE_465_cdp_national_association_of_black_hotel_,SPICE,grenada,ASSOCIATION_NGO,COMPETITIVE_PATTERN,"National Association of Black Hotel Owners, Operators & Developers (NABHOOD)","National Association of Black Hotel Owners, Operators & Developers (NABHOOD)",,en,,FUTURE_UNCONFIRMED,UNKNOWN,LODGING|PLACEMENT|WHO|CONTACT|SURFACE,2,0,0
jar_YOTEL_469_gdi_v3_yotel_56_hotel_jobs_in_geneva_aug,YOTEL,geneva_lake,ASSOCIATION_NGO,V3_UNRESOLVED,"56 hotel Jobs in Geneva, August 2026","56 hotel Jobs in Geneva, August 2026","https://www.glassdoor.com/Job/genf-hotel-jobs-SRCH_IL.0,4_IC3297162_KO5,10.htm",en,,FUTURE_UNCONFIRMED,UNKNOWN,LODGING|PLACEMENT|WHO|CONTACT|SURFACE,5,1,0.01
jar_AC_471_gdi_v3_ac_sumario_del_boe_n_m_208_de_mar,AC,a_coruna,ASSOCIATION_NGO,V3_UNRESOLVED,Sumario del BOE núm 208 de Martes 25 de agosto de 2026,Sumario del BOE núm 208 de Martes 25 de agosto de 2026,https://www.boe.es/boe/dias/2026/08/25/pdfs/BOE-S-2026-208.pdf,es,,FUTURE_UNCONFIRMED,UNKNOWN,TIMING|LODGING|WHO,5,1,0.01
jar_NOW_NOW_475_gdi_v3_now_now_hiring_of_hotel_tenders_2,NOW_NOW,nyc_noho,ASSOCIATION_NGO,V3_UNRESOLVED,Hiring Of Hotel Tenders 2026 - Find Opportunities Worldwide,Hiring Of Hotel Tenders 2026 - Find Opportunities Worldwide,https://www.biddetail.com/global-tenders/hiring-of-hotel-tenders,en,,FUTURE_UNCONFIRMED,UNKNOWN,TIMING|LODGING|WHO,5,1,0.01
jar_NOW_NOW_476_gdi_v3_now_now_2026_building_congress_ac,NOW_NOW,nyc_noho,ASSOCIATION_NGO,V3_UNRESOLVED,2026 Building Congress Across America,2026 Building Congress Across America,https://buildingcongress.com/wp-content/uploads/2026/09/2026-BCAA-1.pdf,en,,FUTURE_UNCONFIRMED,UNKNOWN,TIMING|LODGING|WHO,5,1,0.01
jar_YOTEL_1_sig_YOTEL_aHR0cHM6Ly9ybS5j,YOTEL,geneva_lake,ASSOCIATION_NGO,DEMAND_SIGNAL,Carnet de bord révisé,Carnet de bord révisé - https: //rm. coe. int,https://rm.coe.int/commission-des-questions-sociales-de-la-sante-et-du-developpement-dura/48802dabe5,fr,,FUTURE_UNCONFIRMED,UNKNOWN,TIMING|LODGING|WHO|SURFACE,3,0,0
jar_YOTEL_13_sig_YOTEL_aHR0cHM6Ly93d3cu,YOTEL,geneva_lake,ASSOCIATION_NGO,DEMAND_SIGNAL,World Health Assembly,World Health Assembly,https://www.emhalliance.org/event/world-health-assembly/,en,,FUTURE_UNCONFIRMED,UNKNOWN,TIMING|LODGING|WHO|SURFACE,3,0,0
jar_YOTEL_20_sig_YOTEL_aHR0cHM6Ly93d3cu,YOTEL,geneva_lake,GOVERNMENT_INTL_ORGANIZATIONS,DEMAND_SIGNAL,Conference Search,Conference Search | Département de l'Assemblée ...,https://www.un.org/calendar/fr/conferences?page=39,fr,,FUTURE_UNCONFIRMED,UNKNOWN,TIMING|LODGING|WHO|SURFACE,3,0,0
jar_YOTEL_23_sig_YOTEL_aHR0cHM6Ly93d3cu,YOTEL,geneva_lake,GOVERNMENT_INTL_ORGANIZATIONS,DEMAND_SIGNAL,Communiqués de presse,Communiqués de presse | ONU GENEVE,https://www.ungeneva.org/fr/news-media/press-release?page=2,fr,,FUTURE_UNCONFIRMED,UNKNOWN,TIMING|LODGING|WHO|SURFACE,3,0,0
jar_YOTEL_32_sig_YOTEL_aHR0cHM6Ly9qb3Vy,YOTEL,geneva_lake,GOVERNMENT_INTL_ORGANIZATIONS,DEMAND_SIGNAL,Official Meetings,Official Meetings - UN Journal,https://journal.un.org/en/new-york/meeting/officials/7cb91ab2-2ac0-4e15-a5c5-87b5725c32b9,en,,FUTURE_UNCONFIRMED,UNKNOWN,TIMING|LODGING|WHO|SURFACE,3,0,0
jar_YOTEL_36_sig_YOTEL_aHR0cHM6Ly9jb25n,YOTEL,geneva_lake,PHARMA_LIFE_SCIENCES,DEMAND_SIGNAL,Comité organisateur du Congrès FIGO,Comité organisateur du Congrès FIGO | Équipe de direction,https://congress.figo.org/fr/comite-dorganisation-du-congres/,fr,,FUTURE_UNCONFIRMED,UNKNOWN,TIMING|LODGING|WHO|SURFACE,3,0,0
jar_YOTEL_77_sig_YOTEL_aHR0cHM6Ly91bmVz,YOTEL,geneva_lake,UNIVERSITY_EDUCATION,DEMAND_SIGNAL,Deutscher akademischer Austauschdienst (DAAD),Deutscher akademischer Austauschdienst (DAAD),https://unesdoc.unesco.org/ark:/48223/pf0000070083_fre,fr,,FUTURE_UNCONFIRMED,UNKNOWN,TIMING|LODGING|WHO|SURFACE,3,0,0
jar_YOTEL_80_sig_YOTEL_aHR0cHM6Ly91bmVj,YOTEL,geneva_lake,UNIVERSITY_EDUCATION,DEMAND_SIGNAL,Conseil économique et social Distr. générale,Conseil économique et social Distr. générale,https://unece.org/sites/default/files/2025-05/ECE-TRANS-WP.29-1184f.pdf,fr,,FUTURE_UNCONFIRMED,UNKNOWN,TIMING|LODGING|WHO|SURFACE,3,0,0
jar_YOTEL_81_sig_YOTEL_aHR0cHM6Ly9lbi53,YOTEL,geneva_lake,UNIVERSITY_EDUCATION,DEMAND_SIGNAL,2026,2026,https://en.wikipedia.org/wiki/2026,en,,FUTURE_UNCONFIRMED,UNKNOWN,TIMING|LODGING|WHO|SURFACE,3,0,0
jar_YOTEL_88_sig_YOTEL_aHR0cHM6Ly93d3cu,YOTEL,geneva_lake,UNIVERSITY_EDUCATION,DEMAND_SIGNAL,Monitoring the U.S. Temperature and Precipitation in August ...,Monitoring the U.S. Temperature and Precipitation in August ...,https://www.ncei.noaa.gov/news/national-climate-202608,en,,FUTURE_UNCONFIRMED,UNKNOWN,TIMING|LODGING|WHO|SURFACE,3,0,0
jar_AC_105_sig_AC_aHR0cHM6Ly93d3cu,AC,a_coruna,ASSOCIATION_NGO,DEMAND_SIGNAL,Listado de actividades formativas y Reuniones Científico,Listado de actividades formativas y Reuniones Científico,https://www.codigofarmaindustria.org/sites/sarfi/eventos.html?pais=SUIZA&datei=&datef=,gl,,FUTURE_UNCONFIRMED,UNKNOWN,TIMING|LODGING|WHO|SURFACE,3,0,0
jar_AC_127_sig_AC_aHR0cHM6Ly9lcy53,AC,a_coruna,UNIVERSITY_EDUCATION,DEMAND_SIGNAL,Congreso de los Estados Unidos,Congreso de los Estados Unidos,https://es.wikipedia.org/wiki/Congreso_de_los_Estados_Unidos,es,,FUTURE_UNCONFIRMED,UNKNOWN,TIMING|LODGING|WHO|SURFACE,3,0,0
jar_AC_131_sig_AC_aHR0cHM6Ly93d3cu,AC,a_coruna,UNIVERSITY_EDUCATION,DEMAND_SIGNAL,Global Senior Management Program,Global Senior Management Program | IE Business School,https://www.ie.edu/lifelong-learning/programs/global-senior-management-program/admissions-financial-aid/,gl,,FUTURE_UNCONFIRMED,UNKNOWN,TIMING|LODGING|WHO|SURFACE,3,0,0
jar_AC_140_sig_AC_aHR0cHM6Ly9lcy53,AC,a_coruna,PROCUREMENT_RFP,DEMAND_SIGNAL,2026,"2026 - Wikipedia, la enciclopedia libre",https://es.wikipedia.org/wiki/2026,es,,FUTURE_UNCONFIRMED,UNKNOWN,TIMING|LODGING|WHO|SURFACE,3,0,0
jar_SPICE_145_sig_SPICE_aHR0cHM6Ly93d3cu,SPICE,grenada,TOUR_DMC_INCENTIVE,DEMAND_SIGNAL,Grenada Spicemas 2027 Package Options,Grenada Spicemas 2027 Package Options,https://www.liminpros.co/post/grenada-spicemas-2027-package-options,en,,FUTURE_UNCONFIRMED,UNKNOWN,TIMING|LODGING|WHO|SURFACE,3,0,0
jar_SPICE_151_sig_SPICE_aHR0cHM6Ly93d3cu,SPICE,grenada,TOUR_DMC_INCENTIVE,DEMAND_SIGNAL,Escape to Grenada 2026,Escape to Grenada 2026: Win a 5-Day Trip for You and ...,https://www.facebook.com/Hott935/posts/its-time-to-escape-to-grenada-hott-93-is-turning-up-the-heat-and-you-could-be-je/1706599074802907/,en,,FUTURE_UNCONFIRMED,UNKNOWN,TIMING|LODGING|WHO|SURFACE,3,0,0
jar_SPICE_153_sig_SPICE_aHR0cHM6Ly93d3cu,SPICE,grenada,CORPORATE,DEMAND_SIGNAL,Luxury Grenada Holidays 2026/2027,Luxury Grenada Holidays 2026/2027 | ITC - Inspiring Travel,https://www.inspiringtravel.co.uk/caribbean/grenada,en,,FUTURE_UNCONFIRMED,UNKNOWN,TIMING|LODGING|WHO|SURFACE,3,0,0
jar_SPICE_160_sig_SPICE_aHR0cHM6Ly93d3cu,SPICE,grenada,ASSOCIATION_NGO,DEMAND_SIGNAL,Day 3,"Day 3 | CELAM Caribbean Regional Meeting 2026 🇹🇹 Today, ...",https://www.instagram.com/reel/DZbWPmAiSZl/,en,,FUTURE_UNCONFIRMED,UNKNOWN,TIMING|LODGING|WHO|SURFACE,3,0,0
jar_SPICE_176_sig_feeder_SPICE_aHR0cHM6Ly93,SPICE,grenada,TOUR_DMC_INCENTIVE,DEMAND_SIGNAL,Incentive Travel Trends 2026,Incentive Travel Trends 2026: What Corporate Groups ...,https://www.hollanddmcpartners.com/post/incentive-travel-trends-2026-holland,en,US East Coast,FUTURE_UNCONFIRMED,UNKNOWN,TIMING|LODGING|WHO|SURFACE,3,0,0
jar_SPICE_183_sig_feeder_SPICE_aHR0cHM6Ly93,SPICE,grenada,TOUR_DMC_INCENTIVE,DEMAND_SIGNAL,What's on your 2027 group travel list?,What's on your 2027 group travel list?,https://www.facebook.com/100057542984171/posts/cant-wait-for-group-travel-2027-great-line-up-started-with-more-to-come-whats-on/1506004311327654/,en,US East Coast,FUTURE_UNCONFIRMED,UNKNOWN,TIMING|LODGING|WHO|SURFACE,3,0,0
jar_CAMBRIDGE_197_sig_CAMBRIDGE_aHR0cHM6Ly93d3cu,CAMBRIDGE,bermuda,TOUR_DMC_INCENTIVE,DEMAND_SIGNAL,Incentive Travel Trends 2026,Incentive Travel Trends 2026: What Corporate Groups ...,https://www.hollanddmcpartners.com/post/incentive-travel-trends-2026-holland,en,,FUTURE_UNCONFIRMED,UNKNOWN,TIMING|LODGING|WHO|SURFACE,3,0,0
jar_CAMBRIDGE_201_sig_CAMBRIDGE_aHR0cHM6Ly93d3cu,CAMBRIDGE,bermuda,TOUR_DMC_INCENTIVE,DEMAND_SIGNAL,Best Warm,Best Warm-Weather Incentive Travel Destinations for Winter,https://www.executivegrouptravel.com/blog/best-warm-weather-incentive-travel-destinations-for-winter-2025-2026-corporate-groups,en,,FUTURE_UNCONFIRMED,UNKNOWN,TIMING|LODGING|WHO|SURFACE,3,0,0
jar_CAMBRIDGE_212_sig_CAMBRIDGE_aHR0cHM6Ly93d3cu,CAMBRIDGE,bermuda,ASSOCIATION_NGO,DEMAND_SIGNAL,Executive Board Meeting,"Executive Board Meeting - Oct 13, 2027",https://www.bermudachamber.bm/events/details/executive-board-meeting-10-13-2027-1227,en,,FUTURE_UNCONFIRMED,UNKNOWN,TIMING|LODGING|WHO|SURFACE,3,0,0
jar_CAMBRIDGE_213_sig_CAMBRIDGE_aHR0cHM6Ly93d3cu,CAMBRIDGE,bermuda,ASSOCIATION_NGO,DEMAND_SIGNAL,BADA Meeting,"BADA Meeting - Aug 4, 2026",https://www.bermudachamber.bm/events/details/bada-meeting-08-04-2026-1439,en,,FUTURE_UNCONFIRMED,UNKNOWN,TIMING|LODGING|WHO|SURFACE,3,0,0
jar_CAMBRIDGE_214_sig_CAMBRIDGE_aHR0cHM6Ly9pbnRl,CAMBRIDGE,bermuda,ASSOCIATION_NGO,DEMAND_SIGNAL,Leadership Conferences in Bermuda 2026 + CFP,Leadership Conferences in Bermuda 2026 + CFP | ICA,https://internationalconferencealerts.com/bermuda/leadership,en,,FUTURE_UNCONFIRMED,UNKNOWN,TIMING|LODGING|WHO|SURFACE,3,0,0
jar_CAMBRIDGE_216_sig_CAMBRIDGE_aHR0cHM6Ly93d3cu,CAMBRIDGE,bermuda,ASSOCIATION_NGO,DEMAND_SIGNAL,Upcoming events of interest to local and international ...,Upcoming events of interest to local and international ...,https://www.royalgazette.com/other/business/article/20110209/upcoming-events-of-interest-to-local-and-international-business-61/,en,,FUTURE_UNCONFIRMED,UNKNOWN,TIMING|LODGING|WHO|SURFACE,3,0,0
jar_CAMBRIDGE_219_sig_CAMBRIDGE_aHR0cHM6Ly93d3cu,CAMBRIDGE,bermuda,ASSOCIATION_NGO,DEMAND_SIGNAL,Nonprofit Division,"Nonprofit Division - Jun 3, 2027",https://www.bermudachamber.bm/events/details/nonprofit-division-06-03-2027-1737,en,,FUTURE_UNCONFIRMED,UNKNOWN,TIMING|LODGING|WHO|SURFACE,3,0,0
jar_CAMBRIDGE_221_sig_CAMBRIDGE_aHR0cHM6Ly93d3cu,CAMBRIDGE,bermuda,SPORTS_ENTERTAINMENT_SOCIAL,DEMAND_SIGNAL,"I'll be in Bermuda 4/29,30 and 5/1 2026 what events will be ...","I'll be in Bermuda 4/29,30 and 5/1 2026 what events will be ...",https://www.facebook.com/groups/133642150143/posts/10172576393830144/,en,,FUTURE_UNCONFIRMED,UNKNOWN,TIMING|LODGING|WHO|SURFACE,3,0,0
jar_CAMBRIDGE_226_sig_CAMBRIDGE_aHR0cHM6Ly93d3cu,CAMBRIDGE,bermuda,SPORTS_ENTERTAINMENT_SOCIAL,DEMAND_SIGNAL,The Move More Bermuda Games 2026 were held at ...,The Move More Bermuda Games 2026 were held at ...,https://www.facebook.com/groups/BernewsSportsBDA/posts/4474188136237792/,en,,FUTURE_UNCONFIRMED,UNKNOWN,TIMING|LODGING|WHO|SURFACE,3,0,0
jar_CAMBRIDGE_229_sig_feeder_CAMBRIDGE_aHR0cHM6Ly9t,CAMBRIDGE,bermuda,TOUR_DMC_INCENTIVE,DEMAND_SIGNAL,2026 Hot Spots for Incentive Travel (And Why They're Worth ...,2026 Hot Spots for Incentive Travel (And Why They're Worth ...,https://moderncollective.ca/2026-hot-spots-for-incentive-travel-and-why-theyre-worth-the-hype/,en,New York,FUTURE_UNCONFIRMED,UNKNOWN,TIMING|LODGING|WHO|SURFACE,3,0,0
jar_CAMBRIDGE_234_sig_feeder_CAMBRIDGE_aHR0cHM6Ly93,CAMBRIDGE,bermuda,TOUR_DMC_INCENTIVE,DEMAND_SIGNAL,Where should we travel for 2027 group trips?,Where should we travel for 2027 group trips?,https://www.facebook.com/groups/719087380506590/posts/1065647929183865/,en,New York,FUTURE_UNCONFIRMED,UNKNOWN,TIMING|LODGING|WHO|SURFACE,3,0,0
jar_CAMBRIDGE_235_sig_feeder_CAMBRIDGE_aHR0cHM6Ly93,CAMBRIDGE,bermuda,TOUR_DMC_INCENTIVE,DEMAND_SIGNAL,Club Med Summer 2027 Launch Alert!,Club Med Summer 2027 Launch Alert!,https://www.facebook.com/CruiseTravelMalta/videos/-club-med-summer-2027-launch-alert-/1619311219636765/,en,New York,FUTURE_UNCONFIRMED,UNKNOWN,TIMING|LODGING|WHO|SURFACE,3,0,0
jar_CAMBRIDGE_237_sig_feeder_CAMBRIDGE_aHR0cHM6Ly93,CAMBRIDGE,bermuda,TOUR_DMC_INCENTIVE,DEMAND_SIGNAL,BERMUDA 2027,BERMUDA 2027 — WHO'S READY TO CRUISE ...,https://www.instagram.com/p/DdPGjbyEqwb/,en,New York,FUTURE_UNCONFIRMED,UNKNOWN,TIMING|LODGING|WHO|SURFACE,3,0,0
jar_NOW_NOW_257_sig_NOW_NOW_aHR0cHM6Ly9teS5h,NOW_NOW,nyc_noho,ASSOCIATION_NGO,DEMAND_SIGNAL,Calendar of Events,Calendar of Events,https://my.americanhealthlaw.org/Events/Calendar-of-Events,en,,FUTURE_UNCONFIRMED,UNKNOWN,TIMING|LODGING|WHO|SURFACE,3,0,0
jar_NOW_NOW_265_sig_NOW_NOW_aHR0cHM6Ly9lbmdh,NOW_NOW,nyc_noho,UNIVERSITY_EDUCATION,DEMAND_SIGNAL,D2 Body and Disease with Krishnan Sivaloganathan,D2 Body and Disease with Krishnan Sivaloganathan,https://engage.nyu.edu/event/12567427,en,,FUTURE_UNCONFIRMED,UNKNOWN,TIMING|LODGING|WHO|SURFACE,3,0,0
jar_NOW_NOW_266_sig_NOW_NOW_aHR0cHM6Ly9lbmdh,NOW_NOW,nyc_noho,UNIVERSITY_EDUCATION,DEMAND_SIGNAL,Math for Economics I (Sanfratello),Math for Economics I (Sanfratello),https://engage.nyu.edu/event/12720042,en,,FUTURE_UNCONFIRMED,UNKNOWN,TIMING|LODGING|WHO|SURFACE,3,0,0
jar_NOW_NOW_267_sig_NOW_NOW_aHR0cHM6Ly9lbmdh,NOW_NOW,nyc_noho,UNIVERSITY_EDUCATION,DEMAND_SIGNAL,Independence Day Carnival,Independence Day Carnival,https://engage.nyu.edu/event/12161183,en,,FUTURE_UNCONFIRMED,UNKNOWN,TIMING|LODGING|WHO|SURFACE,3,0,0
jar_NOW_NOW_268_sig_NOW_NOW_aHR0cHM6Ly9lbmdh,NOW_NOW,nyc_noho,UNIVERSITY_EDUCATION,DEMAND_SIGNAL,Fireside Chat with Santander Board Member Antonio Weiss,Fireside Chat with Santander Board Member Antonio Weiss,https://engage.nyu.edu/event/11868500,en,,FUTURE_UNCONFIRMED,UNKNOWN,TIMING|LODGING|WHO|SURFACE,3,0,0
jar_NOW_NOW_270_sig_NOW_NOW_aHR0cHM6Ly9lbmdh,NOW_NOW,nyc_noho,UNIVERSITY_EDUCATION,DEMAND_SIGNAL,CVC End of the year party!,CVC End of the year party!,https://engage.nyu.edu/event/12446520,en,,FUTURE_UNCONFIRMED,UNKNOWN,TIMING|LODGING|WHO|SURFACE,3,0,0
jar_NOW_NOW_272_sig_NOW_NOW_aHR0cHM6Ly9lbmdh,NOW_NOW,nyc_noho,UNIVERSITY_EDUCATION,DEMAND_SIGNAL,Books & Brew,Books & Brew,https://engage.nyu.edu/event/12615613,en,,FUTURE_UNCONFIRMED,UNKNOWN,TIMING|LODGING|WHO|SURFACE,3,0,0
jar_NOW_NOW_273_sig_NOW_NOW_aHR0cHM6Ly9lbmdh,NOW_NOW,nyc_noho,UNIVERSITY_EDUCATION,DEMAND_SIGNAL,FFG x Pickle Halloween Clothing Swap & Rent,FFG x Pickle Halloween Clothing Swap & Rent,https://engage.nyu.edu/event/11793511,en,,FUTURE_UNCONFIRMED,UNKNOWN,TIMING|LODGING|WHO|SURFACE,3,0,0
jar_NOW_NOW_275_sig_feeder_NOW_NOW_aHR0cHM6Ly93,NOW_NOW,nyc_noho,CORPORATE,DEMAND_SIGNAL,Events & Initiatives,Events & Initiatives,https://www.ustravel.org/events/523007?view_args=523007,en,US corporate,FUTURE_UNCONFIRMED,UNKNOWN,TIMING|LODGING|WHO|SURFACE,3,0,0
jar_NOW_NOW_277_sig_feeder_NOW_NOW_aHR0cHM6Ly93,NOW_NOW,nyc_noho,CORPORATE,DEMAND_SIGNAL,Events & Initiatives,Events & Initiatives,https://www.ustravel.org/events/522307?view_args=522307,en,US corporate,FUTURE_UNCONFIRMED,UNKNOWN,TIMING|LODGING|WHO|SURFACE,3,0,0
jar_NOW_NOW_279_sig_feeder_NOW_NOW_aHR0cHM6Ly93,NOW_NOW,nyc_noho,CORPORATE,DEMAND_SIGNAL,Events & Initiatives,Events & Initiatives,https://www.ustravel.org/events/517207,en,US corporate,FUTURE_UNCONFIRMED,UNKNOWN,TIMING|LODGING|WHO|SURFACE,3,0,0
jar_NOW_NOW_280_sig_feeder_NOW_NOW_aHR0cHM6Ly93,NOW_NOW,nyc_noho,CORPORATE,DEMAND_SIGNAL,Events & Initiatives,Events & Initiatives,https://www.ustravel.org/events/525907,en,US corporate,FUTURE_UNCONFIRMED,UNKNOWN,TIMING|LODGING|WHO|SURFACE,3,0,0
jar_NOW_NOW_281_sig_feeder_NOW_NOW_aHR0cHM6Ly93,NOW_NOW,nyc_noho,CORPORATE,DEMAND_SIGNAL,Events & Initiatives,Events & Initiatives,https://www.ustravel.org/events/526212,en,US corporate,FUTURE_UNCONFIRMED,UNKNOWN,TIMING|LODGING|WHO|SURFACE,3,0,0
jar_NOW_NOW_284_sig_feeder_NOW_NOW_aHR0cHM6Ly93,NOW_NOW,nyc_noho,CORPORATE,DEMAND_SIGNAL,What Is Leadership? A Definition Based on Research,What Is Leadership? A Definition Based on Research | CCL,https://www.ccl.org/articles/leading-effectively-articles/what-is-leadership-a-definition/,en,international business,FUTURE_UNCONFIRMED,UNKNOWN,TIMING|LODGING|WHO|SURFACE,3,0,0
jar_YOTEL_2_sig_YOTEL_aHR0cHM6Ly9wcm8u,YOTEL,geneva_lake,ASSOCIATION_NGO,DEMAND_SIGNAL,11ᵉ Congrès « Journée d'automne » de l'AGAM,11ᵉ Congrès « Journée d'automne » de l'AGAM,https://pro.reseau-delta.ch/article/349/11-congres-journee-d-automne-de-l-agam,fr,,FUTURE_UNCONFIRMED,UNKNOWN,TIMING|LODGING|WHO|SURFACE,3,0,0
jar_YOTEL_5_sig_YOTEL_aHR0cHM6Ly9zZXYt,YOTEL,geneva_lake,ASSOCIATION_NGO,DEMAND_SIGNAL,"Bruno Ryf, assistant","Bruno Ryf, assistant-clientèle gare et militant infatigable : SEV ...",https://sev-online.ch/fr/aktuell/kontakt.sev/2023/bruno-ryf-assistant-clientle-gare-et-militant-infatigable-202302-225719/,fr,,FUTURE_UNCONFIRMED,UNKNOWN,TIMING|LODGING|WHO|SURFACE,3,0,0
jar_YOTEL_7_sig_YOTEL_aHR0cHM6Ly9zd2lz,YOTEL,geneva_lake,ASSOCIATION_NGO,DEMAND_SIGNAL,Swiss Leaders Genève,Swiss Leaders Genève,https://swissleaders.ch/fr/organisation/groupes-regionaux/geneve,fr,,FUTURE_UNCONFIRMED,UNKNOWN,TIMING|LODGING|WHO|SURFACE,3,0,0
jar_YOTEL_11_sig_YOTEL_aHR0cHM6Ly9jb25m,YOTEL,geneva_lake,ASSOCIATION_NGO,DEMAND_SIGNAL,Medicine And Medical Science,Medicine And Medical Science - Geneva,https://conferencealerts.co.in/geneva/medicine-and-medical-science,en,,FUTURE_UNCONFIRMED,UNKNOWN,TIMING|LODGING|WHO|SURFACE,3,0,0
jar_YOTEL_14_sig_YOTEL_aHR0cHM6Ly93d3cu,YOTEL,geneva_lake,ASSOCIATION_NGO,DEMAND_SIGNAL,Switzerland Conferences,Switzerland Conferences | Europe | Medical | Pharma | Nursing,https://www.annualcongress.com/switzerland-conferences,en,,FUTURE_UNCONFIRMED,UNKNOWN,TIMING|LODGING|WHO|SURFACE,3,0,0
jar_YOTEL_18_sig_YOTEL_aHR0cHM6Ly93d3cu,YOTEL,geneva_lake,GOVERNMENT_INTL_ORGANIZATIONS,DEMAND_SIGNAL,DIPLOMATIE,DIPLOMATIE : conférence exclusive sur le rôle singulier de ...,https://www.alumnicn.com/en/event/diplomatie-conference-exclusive-sur-le-role-singulier-de-la-geneve-internationale/2026/09/24/1010,fr,,FUTURE_UNCONFIRMED,UNKNOWN,TIMING|LODGING|WHO|SURFACE,3,0,0
jar_YOTEL_21_sig_YOTEL_aHR0cHM6Ly93d3cu,YOTEL,geneva_lake,GOVERNMENT_INTL_ORGANIZATIONS,DEMAND_SIGNAL,"Désordre international, protectionnisme, remise en cause ...","Désordre international, protectionnisme, remise en cause ...",https://www.geneva-institute.com/detailpub/667,fr,,FUTURE_UNCONFIRMED,UNKNOWN,TIMING|LODGING|WHO|SURFACE,3,0,0
jar_YOTEL_26_sig_YOTEL_aHR0cHM6Ly93d3cu,YOTEL,geneva_lake,GOVERNMENT_INTL_ORGANIZATIONS,DEMAND_SIGNAL,"🇬🇦 À Genève, en Suisse, les États parties au Traité des ...","🇬🇦 À Genève, en Suisse, les États parties au Traité des ...",https://www.facebook.com/tvgabon24/posts/-%C3%A0-gen%C3%A8ve-en-suisse-les-%C3%A9tats-parties-au-trait%C3%A9-des-nations-unies-sur-le-commerc/1505822278247683/,fr,,FUTURE_UNCONFIRMED,UNKNOWN,TIMING|LODGING|WHO|SURFACE,3,0,0
jar_YOTEL_31_sig_YOTEL_aHR0cHM6Ly8xMHRp,YOTEL,geneva_lake,GOVERNMENT_INTL_ORGANIZATIONS,DEMAND_SIGNAL,UN Geneva Summit,UN Geneva Summit - Conference,https://10times.com/e1dz-s18k-32rf-k,en,,FUTURE_UNCONFIRMED,UNKNOWN,TIMING|LODGING|WHO|SURFACE,3,0,0
jar_YOTEL_38_sig_YOTEL_aHR0cHM6Ly93d3cu,YOTEL,geneva_lake,PHARMA_LIFE_SCIENCES,DEMAND_SIGNAL,Nouveau centre de convention by ArchParc dans le Grand ...,Nouveau centre de convention by ArchParc dans le Grand ...,https://www.seminairesbusiness.com/blog/nouveau-centre-de-convention-by-archparc-dans-le-grand-geneve,fr,,FUTURE_UNCONFIRMED,UNKNOWN,TIMING|LODGING|WHO|SURFACE,3,0,0
jar_YOTEL_39_sig_YOTEL_aHR0cHM6Ly93d3cu,YOTEL,geneva_lake,PHARMA_LIFE_SCIENCES,DEMAND_SIGNAL,Les Shifters vous invitent le 28 juin à ...,Les Shifters vous invitent le 28 juin à ...,https://www.facebook.com/TheShiftProjectThinkTank/posts/-les-shifters-vous-invitent-le-28-juin-%C3%A0-la-2nde-%C3%A9dition-du-congr%C3%A8s-sant%C3%A9-en-205/1156442409860941/,fr,,FUTURE_UNCONFIRMED,UNKNOWN,TIMING|LODGING|WHO|SURFACE,3,0,0
jar_YOTEL_41_sig_YOTEL_aHR0cHM6Ly8xMHRp,YOTEL,geneva_lake,PHARMA_LIFE_SCIENCES,DEMAND_SIGNAL,Événements sur le tourisme et les voyages en Suisse,Événements sur le tourisme et les voyages en Suisse,https://10times.com/fr/switzerland/travel-tourism,fr,,FUTURE_UNCONFIRMED,UNKNOWN,TIMING|LODGING|WHO|SURFACE,3,0,0
jar_YOTEL_45_sig_YOTEL_aHR0cHM6Ly9pbnRl,YOTEL,geneva_lake,PHARMA_LIFE_SCIENCES,DEMAND_SIGNAL,International Conference on Healthcare Trends and ...,International Conference on Healthcare Trends and ...,https://internationalconferencealerts.com/event-ichtcthd-geneva-ch-202706-102077614,en,,FUTURE_UNCONFIRMED,UNKNOWN,TIMING|LODGING|WHO|SURFACE,3,0,0
jar_YOTEL_48_sig_YOTEL_aHR0cHM6Ly9hbGxj,YOTEL,geneva_lake,PHARMA_LIFE_SCIENCES,DEMAND_SIGNAL,International Conference on Epidemiology and Health ...,International Conference on Epidemiology and Health ...,https://allconferencealert.net/eventdetails.php?id=100823436,en,,FUTURE_UNCONFIRMED,UNKNOWN,TIMING|LODGING|WHO|SURFACE,3,0,0
jar_YOTEL_52_sig_YOTEL_aHR0cHM6Ly8xMHRp,YOTEL,geneva_lake,PHARMA_LIFE_SCIENCES,DEMAND_SIGNAL,Medical & Pharma Events in Switzerland in February,Medical & Pharma Events in Switzerland in February,https://10times.com/switzerland/medical-pharma?month=february,en,,FUTURE_UNCONFIRMED,UNKNOWN,TIMING|LODGING|WHO|SURFACE,3,0,0
jar_YOTEL_53_sig_YOTEL_aHR0cHM6Ly8xMHRp,YOTEL,geneva_lake,PHARMA_LIFE_SCIENCES,DEMAND_SIGNAL,Medical & Pharma Events in Switzerland in June,Medical & Pharma Events in Switzerland in June,https://10times.com/switzerland/medical-pharma?month=june,en,,FUTURE_UNCONFIRMED,UNKNOWN,TIMING|LODGING|WHO|SURFACE,3,0,0
jar_YOTEL_56_sig_YOTEL_aHR0cHM6Ly93d3cu,YOTEL,geneva_lake,CORPORATE,DEMAND_SIGNAL,Challenge lego entreprise à Genève,Challenge lego entreprise à Genève,https://www.agence-evenementielle-innovevents.fr/animation-pro/animation-challenge-lego-entreprise-geneve/,fr,,FUTURE_UNCONFIRMED,UNKNOWN,TIMING|LODGING|WHO|SURFACE,3,0,0
jar_YOTEL_59_sig_YOTEL_aHR0cHM6Ly93d3cu,YOTEL,geneva_lake,CORPORATE,DEMAND_SIGNAL,Inspirations pour vos sorties d'équipe aux Monts de Genève,Inspirations pour vos sorties d'équipe aux Monts de Genève,https://www.seminairesbusiness.com/blog/experiences-et-inspirations-pour-vos-sorties-equipe-aux-monts-de-geneve,fr,,FUTURE_UNCONFIRMED,UNKNOWN,TIMING|LODGING|WHO|SURFACE,3,0,0
jar_YOTEL_62_sig_YOTEL_aHR0cHM6Ly9mci5s,YOTEL,geneva_lake,CORPORATE,DEMAND_SIGNAL,Warwick Geneva,Warwick Geneva,https://fr.linkedin.com/company/warwickgeneva,fr,,FUTURE_UNCONFIRMED,UNKNOWN,TIMING|LODGING|WHO|SURFACE,3,0,0
jar_YOTEL_65_sig_YOTEL_aHR0cHM6Ly93d3cu,YOTEL,geneva_lake,CORPORATE,DEMAND_SIGNAL,Switzerland 16,Switzerland 16-19 September WIN High-Level Gathering. ...,https://www.facebook.com/WINConference/posts/welcome-to-switzerland-16-19-septemberwin-high-level-gathering-transformational-/1716383900494115/,en,,FUTURE_UNCONFIRMED,UNKNOWN,TIMING|LODGING|WHO|SURFACE,3,0,0
jar_YOTEL_72_sig_YOTEL_aHR0cHM6Ly93d3cu,YOTEL,geneva_lake,UNIVERSITY_EDUCATION,DEMAND_SIGNAL,J,"J-3 avant IMPACT IA 2026 ! Du 9 au 11 septembre, l' ...",https://www.facebook.com/ansutci/posts/j-3-avant-impact-ia-2026-du-9-au-11-septembre-lansut-prendra-part-%C3%A0-la-2%E1%B5%89-%C3%A9ditio/1526278076205136/,fr,,FUTURE_UNCONFIRMED,UNKNOWN,TIMING|LODGING|WHO|SURFACE,3,0,0
jar_YOTEL_74_sig_YOTEL_aHR0cHM6Ly93d3cu,YOTEL,geneva_lake,UNIVERSITY_EDUCATION,DEMAND_SIGNAL,Export RDF,Export RDF,https://www.idref.fr/02752888X.rdf,fr,,FUTURE_UNCONFIRMED,UNKNOWN,TIMING|LODGING|WHO|SURFACE,3,0,0
jar_YOTEL_75_sig_YOTEL_aHR0cHM6Ly9hcnRs,YOTEL,geneva_lake,UNIVERSITY_EDUCATION,DEMAND_SIGNAL,Événements passés Archives,Événements passés Archives - Fondation pour le droit de l'art,https://artlawfoundation.com/fr/category/evenements/evenements-passes/,fr,,FUTURE_UNCONFIRMED,UNKNOWN,TIMING|LODGING|WHO|SURFACE,3,0,0
jar_YOTEL_76_sig_YOTEL_aHR0cHM6Ly93d3cu,YOTEL,geneva_lake,UNIVERSITY_EDUCATION,DEMAND_SIGNAL,Retour sur la conférence #IADates avec David GURLÉ Le ...,Retour sur la conférence #IADates avec David GURLÉ Le ...,https://www.facebook.com/departement06/posts/-retour-sur-la-conf%C3%A9rence-iadates-avec-david-gurl%C3%A9le-palais-des-rois-sardes-%C3%A0-ni/1201482038673798/,fr,,FUTURE_UNCONFIRMED,UNKNOWN,TIMING|LODGING|WHO|SURFACE,3,0,0
jar_YOTEL_78_sig_YOTEL_aHR0cHM6Ly9vcmFw,YOTEL,geneva_lake,UNIVERSITY_EDUCATION,DEMAND_SIGNAL,CURRICULUM VITAE,CURRICULUM VITAE,https://oraprdnt.uqtr.uquebec.ca/portail/docs/GSC4766/F_1908157885_publications_1.pdf,fr,,FUTURE_UNCONFIRMED,UNKNOWN,TIMING|LODGING|WHO|SURFACE,3,0,0
jar_YOTEL_79_sig_YOTEL_aHR0cHM6Ly93d3cu,YOTEL,geneva_lake,UNIVERSITY_EDUCATION,DEMAND_SIGNAL,CURRICULUM VITÆ Isabelle RIGONI,CURRICULUM VITÆ Isabelle RIGONI,https://www.centreemiledurkheim.fr/wp-content/uploads/2025/03/cv-rigoni.pdf,fr,,FUTURE_UNCONFIRMED,UNKNOWN,TIMING|LODGING|WHO|SURFACE,3,0,0
jar_YOTEL_89_sig_YOTEL_aHR0cHM6Ly94LmNv,YOTEL,geneva_lake,UNIVERSITY_EDUCATION,DEMAND_SIGNAL,Evan Hubinger on X,Evan Hubinger on X,https://x.com/EvanHub/status/2097497037956891126,en,,FUTURE_UNCONFIRMED,UNKNOWN,TIMING|LODGING|WHO|SURFACE,3,0,0
jar_AC_92_sig_AC_aHR0cHM6Ly93d3cu,AC,a_coruna,ASSOCIATION_NGO,DEMAND_SIGNAL,Asamblea de Madrid,Asamblea de Madrid,https://www.asambleamadrid.es/,es,,FUTURE_UNCONFIRMED,UNKNOWN,TIMING|LODGING|WHO|SURFACE,3,0,0
jar_AC_93_sig_AC_aHR0cHM6Ly9hc2Ft,AC,a_coruna,ASSOCIATION_NGO,DEMAND_SIGNAL,Asamblea Ciudadana para el Clima,Asamblea Ciudadana para el Clima: Inicio,https://asambleaciudadanadelcambioclimatico.es/,es,,FUTURE_UNCONFIRMED,UNKNOWN,TIMING|LODGING|WHO|SURFACE,3,0,0
jar_AC_94_sig_AC_aHR0cHM6Ly9jb21l,AC,a_coruna,ASSOCIATION_NGO,DEMAND_SIGNAL,Calendario de actualización DataInvex,Calendario de actualización DataInvex,https://comercio.gob.es/es-es/inversiones_exteriores/estadisticas/paginas/calendario-actualizacion-datainvex.aspx,es,,FUTURE_UNCONFIRMED,UNKNOWN,TIMING|LODGING|WHO|SURFACE,3,0,0
jar_AC_96_sig_AC_aHR0cHM6Ly93d3cu,AC,a_coruna,ASSOCIATION_NGO,DEMAND_SIGNAL,Asamblea Regional,Asamblea Regional,https://www.asambleamurcia.es/,es,,FUTURE_UNCONFIRMED,UNKNOWN,TIMING|LODGING|WHO|SURFACE,3,0,0
jar_AC_97_sig_AC_aHR0cHM6Ly93d3cu,AC,a_coruna,ASSOCIATION_NGO,DEMAND_SIGNAL,Calendario del Proceso de Admisión de GM y de GS ...,Calendario del Proceso de Admisión de GM y de GS ...,https://www.carm.es/web/servlet/descarga?ALIAS=ARCH&IDCONTENIDO=18500&ARCHIVO=Calendario.pdf,es,,FUTURE_UNCONFIRMED,UNKNOWN,TIMING|LODGING|WHO|SURFACE,3,0,0
jar_AC_98_sig_AC_aHR0cHM6Ly93d3cu,AC,a_coruna,ASSOCIATION_NGO,DEMAND_SIGNAL,La asamblea de Sol pide una huelga general por la vivienda,La asamblea de Sol pide una huelga general por la vivienda,https://www.youtube.com/shorts/hRtxDXRt7hE,es,,FUTURE_UNCONFIRMED,UNKNOWN,TIMING|LODGING|WHO|SURFACE,3,0,0
jar_AC_99_sig_AC_aHR0cHM6Ly93d3cu,AC,a_coruna,ASSOCIATION_NGO,DEMAND_SIGNAL,🌌 Dreaming of cosmic wonders? 🌌 Join us in A Coruña ...,🌌 Dreaming of cosmic wonders? 🌌 Join us in A Coruña ...,https://www.instagram.com/p/DRhaNfeDNQe/,gl,,FUTURE_UNCONFIRMED,UNKNOWN,TIMING|LODGING|WHO|SURFACE,3,0,0
jar_AC_101_sig_AC_aHR0cHM6Ly93d3cu,AC,a_coruna,ASSOCIATION_NGO,DEMAND_SIGNAL,Government & Global Issues Conferences Spain,Government & Global Issues Conferences Spain,https://www.clocate.com/conferences-on+government-and-global-issues+in+spain/Y2EtNCtjby1lcw==/,gl,,FUTURE_UNCONFIRMED,UNKNOWN,TIMING|LODGING|WHO|SURFACE,3,0,0
jar_AC_104_sig_AC_aHR0cHM6Ly9ldXJh,AC,a_coruna,ASSOCIATION_NGO,DEMAND_SIGNAL,MS Teams Help,MS Teams Help,https://euracoal.eu/euracoal/help/,gl,,FUTURE_UNCONFIRMED,UNKNOWN,TIMING|LODGING|WHO|SURFACE,3,0,0
jar_AC_107_sig_AC_aHR0cHM6Ly93d3cu,AC,a_coruna,CORPORATE,DEMAND_SIGNAL,Espacios MICE para Presentación de producto en La Coruña,Espacios MICE para Presentación de producto en La Coruña,https://www.venuesplace.com/es/presentacion-de-producto/espacios-mice/la-coru%C3%B1a,es,,FUTURE_UNCONFIRMED,UNKNOWN,TIMING|LODGING|WHO|SURFACE,3,0,0
jar_AC_108_sig_AC_aHR0cHM6Ly93d3cu,AC,a_coruna,CORPORATE,DEMAND_SIGNAL,Espacios creativos para Team Building en La Coruña,Espacios creativos para Team Building en La Coruña,https://www.venuesplace.com/es/team-building/espacios-creativos/la-coru%C3%B1a,es,,FUTURE_UNCONFIRMED,UNKNOWN,TIMING|LODGING|WHO|SURFACE,3,0,0
jar_AC_109_sig_AC_aHR0cHM6Ly93d3cu,AC,a_coruna,CORPORATE,DEMAND_SIGNAL,Cada gran evento también necesita un lugar donde ...,Cada gran evento también necesita un lugar donde ...,https://www.facebook.com/ACorunaCB/posts/cada-gran-evento-tambi%C3%A9n-necesita-un-lugar-donde-descansar-reunirse-y-sentirseco/1381696134069128/,es,,FUTURE_UNCONFIRMED,UNKNOWN,TIMING|LODGING|WHO|SURFACE,3,0,0
jar_AC_110_sig_AC_aHR0cHM6Ly93d3cu,AC,a_coruna,CORPORATE,DEMAND_SIGNAL,"Imagina tu próximo congreso aquí✨ A Coruña, donde los ...","Imagina tu próximo congreso aquí✨ A Coruña, donde los ...",https://www.instagram.com/p/DK2ht19KxzY/,es,,FUTURE_UNCONFIRMED,UNKNOWN,TIMING|LODGING|WHO|SURFACE,3,0,0
jar_AC_111_sig_AC_aHR0cHM6Ly93d3cu,AC,a_coruna,CORPORATE,DEMAND_SIGNAL,La Coruña Presentación de producto Espacio,La Coruña Presentación de producto Espacio,https://www.venuesplace.com/es/presentacion-de-producto/la-coru%C3%B1a/santiago-de-compostela,es,,FUTURE_UNCONFIRMED,UNKNOWN,TIMING|LODGING|WHO|SURFACE,3,0,0
jar_AC_113_sig_AC_aHR0cHM6Ly93d3cu,AC,a_coruna,CORPORATE,DEMAND_SIGNAL,Salas de reuniones para Eventos del motor en La Coruña,Salas de reuniones para Eventos del motor en La Coruña,https://www.venuesplace.com/es/eventos-del-motor/salas-de-reuniones/la-coru%C3%B1a,es,,FUTURE_UNCONFIRMED,UNKNOWN,TIMING|LODGING|WHO|SURFACE,3,0,0
jar_AC_115_sig_AC_aHR0cHM6Ly93d3cu,AC,a_coruna,CORPORATE,DEMAND_SIGNAL,Salones para Eventos para empresas en La Coruña,Salones para Eventos para empresas en La Coruña,https://www.venuesplace.com/es/eventos-para-empresas/salones/la-coru%C3%B1a/alquiler-integro-del-espacio,es,,FUTURE_UNCONFIRMED,UNKNOWN,TIMING|LODGING|WHO|SURFACE,3,0,0
jar_AC_116_sig_AC_aHR0cHM6Ly93d3cu,AC,a_coruna,CORPORATE,DEMAND_SIGNAL,INNTERCONECTA,INNTERCONECTA - STEP 2026,https://www.cdti.es/ayudas/innterconecta-step-2026,gl,,FUTURE_UNCONFIRMED,UNKNOWN,TIMING|LODGING|WHO|SURFACE,3,0,0
jar_AC_125_sig_AC_aHR0cHM6Ly93d3cu,AC,a_coruna,UNIVERSITY_EDUCATION,DEMAND_SIGNAL,Congreso de los Diputados,Congreso de los Diputados: HOME,https://www.congreso.es/,es,,FUTURE_UNCONFIRMED,UNKNOWN,TIMING|LODGING|WHO|SURFACE,3,0,0
jar_AC_128_sig_AC_aHR0cHM6Ly9hZWxl,AC,a_coruna,UNIVERSITY_EDUCATION,DEMAND_SIGNAL,Inscripción VIII Congreso aelēc,Inscripción VIII Congreso aelēc,https://aelec.es/producto/inscripcion-viii-congreso-aelec-2/,es,,FUTURE_UNCONFIRMED,UNKNOWN,TIMING|LODGING|WHO|SURFACE,3,0,0
jar_AC_129_sig_AC_aHR0cHM6Ly93d3cu,AC,a_coruna,UNIVERSITY_EDUCATION,DEMAND_SIGNAL,VII Congreso Europeo contra la Pobreza y la Exclusión ...,VII Congreso Europeo contra la Pobreza y la Exclusión ...,https://www.eapn.es/actividades/381/vii-congreso-europeo-contra-la-pobreza-y-la-exclusion-social,es,,FUTURE_UNCONFIRMED,UNKNOWN,TIMING|LODGING|WHO|SURFACE,3,0,0
jar_AC_130_sig_AC_aHR0cHM6Ly93d3cu,AC,a_coruna,UNIVERSITY_EDUCATION,DEMAND_SIGNAL,El Congreso tramita una iniciativa de Podemos para ...,El Congreso tramita una iniciativa de Podemos para ...,https://www.abc.es/economia/congreso-tramita-iniciativa-podemos-eliminar-penalizacion-jubilacion-20260922212502-nt.html,es,,FUTURE_UNCONFIRMED,UNKNOWN,TIMING|LODGING|WHO|SURFACE,3,0,0
jar_AC_132_sig_AC_aHR0cHM6Ly9pbnZl,AC,a_coruna,UNIVERSITY_EDUCATION,DEMAND_SIGNAL,grupo de investigación persona,grupo de investigación persona-ambiente (gripa),https://investigacion.udc.es/gl/Research/Details/G00069,gl,,FUTURE_UNCONFIRMED,UNKNOWN,TIMING|LODGING|WHO|SURFACE,3,0,0
jar_AC_136_sig_AC_aHR0cHM6Ly9vYS51,AC,a_coruna,UNIVERSITY_EDUCATION,DEMAND_SIGNAL,Documentos relacionados con el Objetivo de Desarrollo ...,Documentos relacionados con el Objetivo de Desarrollo ...,https://oa.upm.es/view/ods/ciudades=5Fcomunidades=5Fsostenibles/conference=5Fitem.html,gl,,FUTURE_UNCONFIRMED,UNKNOWN,TIMING|LODGING|WHO|SURFACE,3,0,0
jar_AC_138_sig_AC_aHR0cHM6Ly93d3cu,AC,a_coruna,UNIVERSITY_EDUCATION,DEMAND_SIGNAL,Universitat Jaume I,Universitat Jaume I,https://www.uji.es/upo/rest/publicacion/idioma/en?urlRedirect=https://www.uji.es/institucional/estructura/personal/&url=/institucional/estructura/personal/&p_profesor=7611,gl,,FUTURE_UNCONFIRMED,UNKNOWN,TIMING|LODGING|WHO|SURFACE,3,0,0
jar_AC_139_sig_AC_aHR0cHM6Ly9jZWQu,AC,a_coruna,UNIVERSITY_EDUCATION,DEMAND_SIGNAL,Participació en trobades científiques,Participació en trobades científiques,https://ced.cat/difusio/participacio-en-trobades-cientifiques/,gl,,FUTURE_UNCONFIRMED,UNKNOWN,TIMING|LODGING|WHO|SURFACE,3,0,0
jar_AC_143_sig_AC_aHR0cHM6Ly93d3cu,AC,a_coruna,PROCUREMENT_RFP,DEMAND_SIGNAL,Evolett,Evolett - Víveme | Knockouts | The Voice Kids Spain 2026,https://www.youtube.com/watch?v=D1RiA8m52UY&vl=es,es,,FUTURE_UNCONFIRMED,UNKNOWN,TIMING|LODGING|WHO|SURFACE,3,0,0
jar_AC_144_sig_AC_aHR0cHM6Ly93d3cu,AC,a_coruna,PROCUREMENT_RFP,DEMAND_SIGNAL,10 años compartiendo mi vida con este ratón. Gracias por ...,10 años compartiendo mi vida con este ratón. Gracias por ...,https://www.instagram.com/p/DU_nWxijIgi/?hl=es,es,,FUTURE_UNCONFIRMED,UNKNOWN,TIMING|LODGING|WHO|SURFACE,3,0,0
jar_SPICE_152_sig_SPICE_aHR0cHM6Ly93d3cu,SPICE,grenada,TOUR_DMC_INCENTIVE,DEMAND_SIGNAL,CTO News – Page 26,CTO News – Page 26,https://www.onecaribbean.org/media/cto-news/page/26/?fbclid=iwar3igju3r-mhgmfnn9fnaxyksq4h6tszevf-deexgfw1cunktj3yjazozui,en,,FUTURE_UNCONFIRMED,UNKNOWN,TIMING|LODGING|WHO|SURFACE,3,0,0
jar_SPICE_165_sig_SPICE_aHR0cHM6Ly9jYXJp,SPICE,grenada,ASSOCIATION_NGO,DEMAND_SIGNAL,GRENADA GETS SET TO HOST ACCP,GRENADA GETS SET TO HOST ACCP,https://caricom.org/grenada-gets-set-to-host-accp/,en,,FUTURE_UNCONFIRMED,UNKNOWN,TIMING|LODGING|WHO|SURFACE,3,0,0
jar_SPICE_191_sig_feeder_SPICE_aHR0cHM6Ly9p,SPICE,grenada,TOUR_DMC_INCENTIVE,DEMAND_SIGNAL,Promotions,Promotions,https://internovatravel.com/tl-select-agent?redir=hotels/promotion/1809,en,Canada,FUTURE_UNCONFIRMED,HINT,TIMING|LODGING|WHO|SURFACE,3,0,0
jar_CAMBRIDGE_202_sig_CAMBRIDGE_aHR0cHM6Ly9kZW1v,CAMBRIDGE,bermuda,CORPORATE,DEMAND_SIGNAL,"(Public Pack)Agenda Document for Cabinet, 16/06/2022 13","(Public Pack)Agenda Document for Cabinet, 16/06/2022 13:45",https://democracy.warwickshire.gov.uk/documents/g3414/Public%20reports%20pack%20Thursday%2016-Jun-2022%2013.45%20Cabinet.pdf?T=10,en,,FUTURE_UNCONFIRMED,UNKNOWN,TIMING|LODGING|WHO|SURFACE,3,0,0
jar_CAMBRIDGE_208_sig_CAMBRIDGE_aHR0cHM6Ly93d3cu,CAMBRIDGE,bermuda,CORPORATE,DEMAND_SIGNAL,Inline XBRL Viewer,Inline XBRL Viewer,https://www.sec.gov/ixviewer/ix.html?doc=/Archives/edgar/data/947484/000094748424000020/acgl-20231231.htm,en,,FUTURE_UNCONFIRMED,UNKNOWN,TIMING|LODGING|WHO|SURFACE,3,0,0
jar_CAMBRIDGE_209_sig_CAMBRIDGE_aHR0cHM6Ly9wdWJz,CAMBRIDGE,bermuda,CORPORATE,DEMAND_SIGNAL,Rating Performance or Contesting Status,Rating Performance or Contesting Status: Evidence Against ...,https://pubsonline.informs.org/doi/10.1287/orsc.1100.0585,en,,FUTURE_UNCONFIRMED,UNKNOWN,TIMING|LODGING|WHO|SURFACE,3,0,0
jar_CAMBRIDGE_215_sig_CAMBRIDGE_aHR0cHM6Ly93d3cu,CAMBRIDGE,bermuda,ASSOCIATION_NGO,DEMAND_SIGNAL,International Government Conferences in Bermuda ...,International Government Conferences in Bermuda ...,https://www.conferenceineurope.org/bermuda/government/october,en,,FUTURE_UNCONFIRMED,UNKNOWN,TIMING|LODGING|WHO|SURFACE,3,0,0
jar_CAMBRIDGE_218_sig_CAMBRIDGE_aHR0cHM6Ly93d3cu,CAMBRIDGE,bermuda,ASSOCIATION_NGO,DEMAND_SIGNAL,International Government Conferences in Bermuda June ...,International Government Conferences in Bermuda June ...,https://www.conferenceineurope.org/bermuda/government/june,en,,FUTURE_UNCONFIRMED,UNKNOWN,TIMING|LODGING|WHO|SURFACE,3,0,0
jar_CAMBRIDGE_243_sig_feeder_CAMBRIDGE_aHR0cHM6Ly93,CAMBRIDGE,bermuda,TOUR_DMC_INCENTIVE,DEMAND_SIGNAL,Union Members Travel & Ticket Discounts,Union Members Travel & Ticket Discounts,https://www.unionplus.org/benefits/travel,en,Boston,FUTURE_UNCONFIRMED,UNKNOWN,TIMING|LODGING|WHO|SURFACE,3,0,0
jar_CAMBRIDGE_244_sig_feeder_CAMBRIDGE_aHR0cHM6Ly93,CAMBRIDGE,bermuda,TOUR_DMC_INCENTIVE,DEMAND_SIGNAL,Travelers' Health,Travelers' Health,https://wwwnc.cdc.gov/travel,en,Boston,FUTURE_UNCONFIRMED,UNKNOWN,TIMING|LODGING|WHO|SURFACE,3,0,0
jar_NOW_NOW_247_sig_NOW_NOW_aHR0cDovL3d3dy5j,NOW_NOW,nyc_noho,TECH_FINANCIAL_PROFESSIONAL_SERVICES,DEMAND_SIGNAL,credTen,credTen: Top Fintech Events in 2025 & 2026 - cred pr,http://www.credpr.com/blog/2025/8/13/credten-top-fintech-events-in-2025-amp-2026,en,,FUTURE_UNCONFIRMED,UNKNOWN,TIMING|LODGING|WHO|SURFACE,3,0,0
jar_NOW_NOW_248_sig_NOW_NOW_aHR0cHM6Ly93d3cu,NOW_NOW,nyc_noho,TECH_FINANCIAL_PROFESSIONAL_SERVICES,DEMAND_SIGNAL,Creatio,Creatio - Fintech Summit 2026,https://www.linkedin.com/posts/creatioglobal_fintech-summit-2026-activity-7105172781184479232-kwvf,en,,FUTURE_UNCONFIRMED,UNKNOWN,TIMING|LODGING|WHO|SURFACE,3,0,0
jar_NOW_NOW_249_sig_NOW_NOW_aHR0cHM6Ly9yZXNl,NOW_NOW,nyc_noho,TECH_FINANCIAL_PROFESSIONAL_SERVICES,DEMAND_SIGNAL,World FinTech & Digital Finance Summit,World FinTech & Digital Finance Summit,https://researchersfusion.com/conferences/digital-finance/information/important-dates/,en,,FUTURE_UNCONFIRMED,UNKNOWN,TIMING|LODGING|WHO|SURFACE,3,0,0
jar_NOW_NOW_253_sig_NOW_NOW_aHR0cHM6Ly93d3cu,NOW_NOW,nyc_noho,TECH_FINANCIAL_PROFESSIONAL_SERVICES,DEMAND_SIGNAL,A new chapter for NEW YORK FINTECH WEEK is here,A new chapter for NEW YORK FINTECH WEEK is here,https://www.youtube.com/watch?v=H7WVMb4V0fU,en,,FUTURE_UNCONFIRMED,UNKNOWN,TIMING|LODGING|WHO|SURFACE,3,0,0
jar_NOW_NOW_260_sig_NOW_NOW_aHR0cHM6Ly9ldmVu,NOW_NOW,nyc_noho,ASSOCIATION_NGO,DEMAND_SIGNAL,City and State NY Events,City and State NY Events - Calendar,https://events.cityandstateny.com/,en,,FUTURE_UNCONFIRMED,UNKNOWN,TIMING|LODGING|WHO|SURFACE,3,0,0
jar_NOW_NOW_261_sig_NOW_NOW_aHR0cHM6Ly93d3cu,NOW_NOW,nyc_noho,ASSOCIATION_NGO,DEMAND_SIGNAL,Get Ready for the Event of the Year! Join us in NYC from ...,Get Ready for the Event of the Year! Join us in NYC from ...,https://www.facebook.com/NationalMedAssn/videos/-get-ready-for-the-event-of-the-year-join-us-in-nyc-from-august-3-7-for-the-nma-/1915860898866102/,en,,FUTURE_UNCONFIRMED,UNKNOWN,TIMING|LODGING|WHO|SURFACE,3,0,0
jar_NOW_NOW_274_sig_feeder_NOW_NOW_aHR0cHM6Ly9u,NOW_NOW,nyc_noho,CORPORATE,DEMAND_SIGNAL,New York City Business Travel Association,New York City Business Travel Association - Meeting/Event ...,https://nycbta.starchapter.com/meetinginfo.php?id=52&ts=1479710385,en,US corporate,FUTURE_UNCONFIRMED,UNKNOWN,TIMING|LODGING|WHO|SURFACE,3,0,0
jar_NOW_NOW_282_sig_feeder_NOW_NOW_aHR0cHM6Ly93,NOW_NOW,nyc_noho,CORPORATE,DEMAND_SIGNAL,New York City is calling your name. Affiliate Summit East ...,New York City is calling your name. Affiliate Summit East ...,https://www.instagram.com/p/Dac-SeNlySP/,en,US corporate,FUTURE_UNCONFIRMED,UNKNOWN,TIMING|LODGING|WHO|SURFACE,3,0,0
jar_NOW_NOW_291_sig_feeder_NOW_NOW_aHR0cHM6Ly9w,NOW_NOW,nyc_noho,CORPORATE,DEMAND_SIGNAL,No Bullsh!t Leadership,No Bullsh!t Leadership - Podcast,https://podcasts.apple.com/gr/podcast/no-bullsh-t-leadership/id1434654553,en,international business,FUTURE_UNCONFIRMED,UNKNOWN,TIMING|LODGING|WHO|SURFACE,3,0,0
jar_AC_472_gdi_v3_ac_2026_5079_bopdacorunag,AC,a_coruna,ASSOCIATION_NGO,V3_UNRESOLVED,2026/5079,2026/5079,https://bop.dacoruna.gal/bopportal/publicado/2026/08/05/2026_0000005079.pdf,gl,,FUTURE_UNCONFIRMED,UNKNOWN,TIMING|LODGING|WHO,5,1,0.01
jar_YOTEL_87_sig_YOTEL_aHR0cHM6Ly9hYWFp,YOTEL,geneva_lake,UNIVERSITY_EDUCATION,DEMAND_SIGNAL,AAAI,AAAI-27,https://aaai.org/conference/aaai/aaai-27/,en,,FUTURE_UNCONFIRMED,UNKNOWN,TIMING|LODGING|WHO|SURFACE,3,0,0
jar_AC_91_sig_AC_aHR0cHM6Ly9lcy53,AC,a_coruna,ASSOCIATION_NGO,DEMAND_SIGNAL,Asamblea,"Asamblea - Wikipedia, la enciclopedia libre",https://es.wikipedia.org/wiki/Asamblea,es,,FUTURE_UNCONFIRMED,UNKNOWN,TIMING|LODGING|WHO|SURFACE,3,0,0
jar_SPICE_146_sig_SPICE_aHR0cHM6Ly93d3cu,SPICE,grenada,TOUR_DMC_INCENTIVE,DEMAND_SIGNAL,GIS Grenada's post,GIS Grenada's post,https://www.facebook.com/gisgrenada/posts/%F0%9D%90%92%F0%9D%90%9E%F0%9D%90%AB%F0%9D%90%AF%F0%9D%90%A2%F0%9D%90%9C%F0%9D%90%9E-%F0%9D%90%9E%F0%9D%90%B1%F0%9D%90%9C%F0%9D%90%9E%F0%9D%90%A5%F0%9D%90%A5%F0%9D%90%9E%F0%9D%90%A7%F0%9D%90%9C%F0%9D%90%9E-%F0%9D%90%A4%F0%9D%90%9E%F0%9D%90%B2-%F0%9D%90%AD%F0%9D%90%A8-%F0%9D%90%86%F0%9D%90%93%F0%9D%90%80ceo-of-the-grenada-tourism-authority-petra-roach-sa/899907855664295/,en,,FUTURE_UNCONFIRMED,UNKNOWN,TIMING|LODGING|WHO|SURFACE,3,0,0
jar_SPICE_148_sig_SPICE_aHR0cHM6Ly93d3cu,SPICE,grenada,TOUR_DMC_INCENTIVE,DEMAND_SIGNAL,Grenada draws one uninterrupted ...,Grenada draws one uninterrupted ...,https://www.instagram.com/reel/Dbz9rfQDp1p/,en,,FUTURE_UNCONFIRMED,UNKNOWN,TIMING|LODGING|WHO|SURFACE,3,0,0
jar_SPICE_150_sig_SPICE_aHR0cHM6Ly93d3cu,SPICE,grenada,TOUR_DMC_INCENTIVE,DEMAND_SIGNAL,SIX SENSES LA SAGESSE AND INTERCONTINENTAL ...,SIX SENSES LA SAGESSE AND INTERCONTINENTAL ...,https://www.instagram.com/p/DdZBLknF5OX/,en,,FUTURE_UNCONFIRMED,UNKNOWN,TIMING|LODGING|WHO|SURFACE,3,0,0
jar_SPICE_156_sig_SPICE_aHR0cHM6Ly93d3cu,SPICE,grenada,CORPORATE,DEMAND_SIGNAL,Silversands Collection Grenada's Post,Silversands Collection Grenada's Post,https://www.linkedin.com/posts/silversandsgrenada_we-are-happy-to-officially-announce-dennis-activity-7358867069511057408-hu4u,en,,FUTURE_UNCONFIRMED,UNKNOWN,TIMING|LODGING|WHO|SURFACE,3,0,0
jar_SPICE_158_sig_SPICE_aHR0cHM6Ly93d3cu,SPICE,grenada,CORPORATE,DEMAND_SIGNAL,“Forge meaningful Partnerships through travel” The Grenada ...,“Forge meaningful Partnerships through travel” The Grenada ...,https://www.facebook.com/puregrenada/posts/forge-meaningful-partnerships-through-travelthe-grenada-tourism-authority-gta-su/735304748630147/,en,,FUTURE_UNCONFIRMED,UNKNOWN,TIMING|LODGING|WHO|SURFACE,3,0,0
jar_SPICE_159_sig_SPICE_aHR0cHM6Ly93d3cu,SPICE,grenada,CORPORATE,DEMAND_SIGNAL,Grenada Diaspora Homecoming at Radisson ...,Grenada Diaspora Homecoming at Radisson ...,https://www.facebook.com/groups/668061303250857/posts/27492729617023995/,en,,FUTURE_UNCONFIRMED,UNKNOWN,TIMING|LODGING|WHO|SURFACE,3,0,0
jar_SPICE_161_sig_SPICE_aHR0cHM6Ly9jb25m,SPICE,grenada,ASSOCIATION_NGO,DEMAND_SIGNAL,International Conference on International Conference on ...,International Conference on International Conference on ...,https://conferencenext.com/event/100964686,en,,FUTURE_UNCONFIRMED,UNKNOWN,TIMING|LODGING|WHO|SURFACE,3,0,0
jar_SPICE_162_sig_SPICE_aHR0cHM6Ly93d3cu,SPICE,grenada,ASSOCIATION_NGO,DEMAND_SIGNAL,Setting the Bar in Public Sector Governance! We are ...,Setting the Bar in Public Sector Governance! We are ...,https://www.instagram.com/p/DeAyw6_jLPg/,en,,FUTURE_UNCONFIRMED,UNKNOWN,TIMING|LODGING|WHO|SURFACE,3,0,0
jar_SPICE_163_sig_SPICE_aHR0cHM6Ly93d3cu,SPICE,grenada,ASSOCIATION_NGO,DEMAND_SIGNAL,Pure Grenada,Pure Grenada,https://www.facebook.com/puregrenada/posts/two-weeks-one-homeland-endless-moments-to-reconnect-from-cultural-celebrations-a/1417687760391839/,en,,FUTURE_UNCONFIRMED,UNKNOWN,TIMING|LODGING|WHO|SURFACE,3,0,0
jar_SPICE_164_sig_SPICE_aHR0cHM6Ly93d3cu,SPICE,grenada,ASSOCIATION_NGO,DEMAND_SIGNAL,So many photos and memorable moments from the 29th ...,So many photos and memorable moments from the 29th ...,https://www.instagram.com/reel/DbOrStPOgky/,en,,FUTURE_UNCONFIRMED,UNKNOWN,TIMING|LODGING|WHO|SURFACE,3,0,0
jar_SPICE_166_sig_SPICE_aHR0cHM6Ly9jb25m,SPICE,grenada,ASSOCIATION_NGO,DEMAND_SIGNAL,International Conference on International Conference on ...,International Conference on International Conference on ...,https://conferencenext.com/event/100956082,en,,FUTURE_UNCONFIRMED,UNKNOWN,TIMING|LODGING|WHO|SURFACE,3,0,0
jar_SPICE_175_sig_feeder_SPICE_aHR0cDovL3d3,SPICE,grenada,TOUR_DMC_INCENTIVE,DEMAND_SIGNAL,"Incentive travel, Meetings and events","Incentive travel, Meetings and events",http://www.chile.alchemydmc.com/incentive-travel-meetings-and-events/,en,US East Coast,FUTURE_UNCONFIRMED,UNKNOWN,TIMING|LODGING|WHO|SURFACE,3,0,0
jar_SPICE_177_sig_feeder_SPICE_aHR0cHM6Ly90,SPICE,grenada,TOUR_DMC_INCENTIVE,DEMAND_SIGNAL,Indonesia (Introduction),Indonesia (Introduction) - DMC Collective,https://thedmccollective.com/indonesia-dmc-incentive-travel/,en,US East Coast,FUTURE_UNCONFIRMED,UNKNOWN,TIMING|LODGING|WHO|SURFACE,3,0,0
jar_SPICE_178_sig_feeder_SPICE_aHR0cHM6Ly93,SPICE,grenada,TOUR_DMC_INCENTIVE,DEMAND_SIGNAL,Ready to explore the future of Grenada's hospitality sector ...,Ready to explore the future of Grenada's hospitality sector ...,https://www.facebook.com/pureinvestmentgrenada/posts/ready-to-explore-the-future-of-grenadas-hospitality-sector-join-us-for-session-i/1090684966891839/,en,US East Coast,FUTURE_UNCONFIRMED,UNKNOWN,TIMING|LODGING|WHO|SURFACE,3,0,0
jar_SPICE_179_sig_feeder_SPICE_aHR0cHM6Ly9k,SPICE,grenada,TOUR_DMC_INCENTIVE,DEMAND_SIGNAL,The best Incentive travel Destination Management ...,The best Incentive travel Destination Management ...,https://dmcfinder.com/dmc/incentive-travel-destination-management-company-in-seychelles/,en,US East Coast,FUTURE_UNCONFIRMED,UNKNOWN,TIMING|LODGING|WHO|SURFACE,3,0,0
jar_SPICE_180_sig_feeder_SPICE_aHR0cHM6Ly9k,SPICE,grenada,TOUR_DMC_INCENTIVE,DEMAND_SIGNAL,Corporate social responsibility incentive travel,Corporate social responsibility incentive travel | Granada,https://dmcgranada.com/csr-incentive-travel-granada/,en,US East Coast,FUTURE_UNCONFIRMED,UNKNOWN,TIMING|LODGING|WHO|SURFACE,3,0,0
jar_SPICE_181_sig_feeder_SPICE_aHR0cHM6Ly93,SPICE,grenada,TOUR_DMC_INCENTIVE,DEMAND_SIGNAL,Grenada's new voluntourism program offers authentic ...,Grenada's new voluntourism program offers authentic ...,https://www.traveltradecaribbean.es/en/grenadas-new-voluntourism-program-offers-authentic-experiences-for-visitors-looking-to-make-an-impact/,en,US East Coast,FUTURE_UNCONFIRMED,UNKNOWN,TIMING|LODGING|WHO|SURFACE,3,0,0
jar_SPICE_182_sig_feeder_SPICE_aHR0cHM6Ly9z,SPICE,grenada,TOUR_DMC_INCENTIVE,DEMAND_SIGNAL,Six Destination Ideas for your Next Incentive Travel Trip,Six Destination Ideas for your Next Incentive Travel Trip,https://spicedblue.co.uk/f/six-destination-ideas-for-your-next-incentive-travel-trip,en,US East Coast,FUTURE_UNCONFIRMED,UNKNOWN,TIMING|LODGING|WHO|SURFACE,3,0,0
jar_SPICE_185_sig_feeder_SPICE_aHR0cHM6Ly93,SPICE,grenada,TOUR_DMC_INCENTIVE,DEMAND_SIGNAL,Vacation Express Travel Advisor Training with Pablo (replay),Vacation Express Travel Advisor Training with Pablo (replay),https://www.facebook.com/EvolutionTravelCafe/posts/vacation-express-travel-advisor-training-with-pablo-replay/1510898584407812/,en,Canada,FUTURE_UNCONFIRMED,UNKNOWN,TIMING|LODGING|WHO|SURFACE,3,0,0
jar_SPICE_190_sig_feeder_SPICE_aHR0cHM6Ly9l,SPICE,grenada,TOUR_DMC_INCENTIVE,DEMAND_SIGNAL,"An Extended Journey of Fabled Ports, Volcanic Isles and ...","An Extended Journey of Fabled Ports, Volcanic Isles and ...",https://explorajourneys.com/cn/en/destinations-globe/car/journeys/miamia-15-v4?id-journey=ex20260113miamia,en,Canada,FUTURE_UNCONFIRMED,UNKNOWN,TIMING|LODGING|WHO|SURFACE,3,0,0
jar_SPICE_192_sig_feeder_SPICE_aHR0cHM6Ly93,SPICE,grenada,TOUR_DMC_INCENTIVE,DEMAND_SIGNAL,Exhibitor Directory,Exhibitor Directory | ILTM North America,https://www.iltm.com/north-america/en-gb/exhibitor-directory.html?page=2,en,Canada,FUTURE_UNCONFIRMED,UNKNOWN,TIMING|LODGING|WHO|SURFACE,3,0,0
jar_CAMBRIDGE_193_sig_CAMBRIDGE_aHR0cHM6Ly93d3cu,CAMBRIDGE,bermuda,TOUR_DMC_INCENTIVE,DEMAND_SIGNAL,DMC Insider's Guide,DMC Insider's Guide: What Makes a Great Incentive Travel ...,https://www.terraevents.com/knowledge-hub/blog/dmc-insiders-guide-what-makes-a-great-incentive-travel-program,en,,FUTURE_UNCONFIRMED,UNKNOWN,TIMING|LODGING|WHO|SURFACE,3,0,0
jar_CAMBRIDGE_194_sig_CAMBRIDGE_aHR0cHM6Ly93d3cu,CAMBRIDGE,bermuda,TOUR_DMC_INCENTIVE,DEMAND_SIGNAL,"When it comes to meetings and incentive travel, Bermuda ...","When it comes to meetings and incentive travel, Bermuda ...",https://www.instagram.com/p/DKazj59NYp6/,en,,FUTURE_UNCONFIRMED,UNKNOWN,TIMING|LODGING|WHO|SURFACE,3,0,0
jar_CAMBRIDGE_196_sig_CAMBRIDGE_aHR0cHM6Ly93d3cu,CAMBRIDGE,bermuda,TOUR_DMC_INCENTIVE,DEMAND_SIGNAL,Incentive Travel Company UK & Europe,Incentive Travel Company UK & Europe,https://www.uniqueworldglobal.com/corporate-incentive-travel,en,,FUTURE_UNCONFIRMED,UNKNOWN,TIMING|LODGING|WHO|SURFACE,3,0,0
jar_CAMBRIDGE_199_sig_CAMBRIDGE_aHR0cHM6Ly90aGVk,CAMBRIDGE,bermuda,TOUR_DMC_INCENTIVE,DEMAND_SIGNAL,Incentive Travel Agency,Incentive Travel Agency | The DMC Collective,https://thedmccollective.com/incentive-travel/,en,,FUTURE_UNCONFIRMED,UNKNOWN,TIMING|LODGING|WHO|SURFACE,3,0,0
jar_CAMBRIDGE_200_sig_CAMBRIDGE_aHR0cHM6Ly93d3cu,CAMBRIDGE,bermuda,TOUR_DMC_INCENTIVE,DEMAND_SIGNAL,Incentive Travel,Incentive Travel | Business Travel Research,https://www.foxworldtravel.com/business-travel-categories/incentive-travel/,en,,FUTURE_UNCONFIRMED,UNKNOWN,TIMING|LODGING|WHO|SURFACE,3,0,0
jar_CAMBRIDGE_204_sig_CAMBRIDGE_aHR0cHM6Ly93d3cu,CAMBRIDGE,bermuda,CORPORATE,DEMAND_SIGNAL,TEACHER LEADERSHIP COHORT,TEACHER LEADERSHIP COHORT | Hanover-Florham Park ...,https://www.newjerseyhills.com/hanover_florham_park_eagle/news/teacher-leadership-cohort/image_f5cf23a9-7c15-544e-90b4-c6b20ae8bf9e.html,en,,FUTURE_UNCONFIRMED,UNKNOWN,TIMING|LODGING|WHO|SURFACE,3,0,0
jar_CAMBRIDGE_205_sig_CAMBRIDGE_aHR0cHM6Ly93d3cu,CAMBRIDGE,bermuda,CORPORATE,DEMAND_SIGNAL,Caroline J. Berdzik,Caroline J. Berdzik,https://www.goldbergsegalla.com/our-team/caroline-j-berdzik/pdf/,en,,FUTURE_UNCONFIRMED,UNKNOWN,TIMING|LODGING|WHO|SURFACE,3,0,0
jar_CAMBRIDGE_210_sig_CAMBRIDGE_aHR0cHM6Ly93d3cu,CAMBRIDGE,bermuda,CORPORATE,DEMAND_SIGNAL,Best Practices to Manage a Lean Corporate Travel Budget,Best Practices to Manage a Lean Corporate Travel Budget,https://www.discoverasr.com/en/destinations/indonesia/corporate-travel-budget,en,,FUTURE_UNCONFIRMED,UNKNOWN,TIMING|LODGING|WHO|SURFACE,3,0,0
jar_CAMBRIDGE_220_sig_CAMBRIDGE_aHR0cHM6Ly93d3cu,CAMBRIDGE,bermuda,SPORTS_ENTERTAINMENT_SOCIAL,DEMAND_SIGNAL,Transcontinental Trusts,Transcontinental Trusts: Bermuda 2022 is taking place next ...,https://www.facebook.com/BermudaFudgeCo/posts/transcontinental-trusts-bermuda-2022-is-taking-place-next-wednesday-june-29-to-f/2274097796076168/,en,,FUTURE_UNCONFIRMED,UNKNOWN,TIMING|LODGING|WHO|SURFACE,3,0,0
jar_CAMBRIDGE_222_sig_CAMBRIDGE_aHR0cHM6Ly93d3cu,CAMBRIDGE,bermuda,SPORTS_ENTERTAINMENT_SOCIAL,DEMAND_SIGNAL,"The Bermuda Captive Conference, scheduled for June 1 to ...","The Bermuda Captive Conference, scheduled for June 1 to ...",https://www.facebook.com/theroyalgazette/posts/the-bermuda-captive-conference-scheduled-for-june-1-to-3-at-the-hamilton-princes/1509653587829949/,en,,FUTURE_UNCONFIRMED,UNKNOWN,TIMING|LODGING|WHO|SURFACE,3,0,0
jar_CAMBRIDGE_223_sig_CAMBRIDGE_aHR0cHM6Ly93d3cu,CAMBRIDGE,bermuda,SPORTS_ENTERTAINMENT_SOCIAL,DEMAND_SIGNAL,Sports Tournament Lodging Options,Sports Tournament Lodging Options,https://www.facebook.com/fb-answers/sports-tournament-lodging-options/,en,,FUTURE_UNCONFIRMED,UNKNOWN,TIMING|LODGING|WHO|SURFACE,3,0,0
jar_CAMBRIDGE_224_sig_CAMBRIDGE_aHR0cHM6Ly93d3cu,CAMBRIDGE,bermuda,SPORTS_ENTERTAINMENT_SOCIAL,DEMAND_SIGNAL,The St. Regis Bermuda Resort Travel Protection is Highly ...,The St. Regis Bermuda Resort Travel Protection is Highly ...,https://www.facebook.com/barbaraannhenry/posts/bermuda-1937-pp-oct-3-7-2026resortresort-the-st-regis-bermuda-resorttravel-prote/10164047869274934/,en,,FUTURE_UNCONFIRMED,UNKNOWN,TIMING|LODGING|WHO|SURFACE,3,0,0
jar_CAMBRIDGE_225_sig_CAMBRIDGE_aHR0cHM6Ly93d3cu,CAMBRIDGE,bermuda,SPORTS_ENTERTAINMENT_SOCIAL,DEMAND_SIGNAL,Bermuda Tourism Authority conference details,Bermuda Tourism Authority conference details,https://www.facebook.com/groups/onebermudaalliance/posts/1401688436581871/,en,,FUTURE_UNCONFIRMED,UNKNOWN,TIMING|LODGING|WHO|SURFACE,3,0,0
jar_CAMBRIDGE_227_sig_CAMBRIDGE_aHR0cHM6Ly93d3cu,CAMBRIDGE,bermuda,SPORTS_ENTERTAINMENT_SOCIAL,DEMAND_SIGNAL,What's On Where,What's On Where,https://www.royalgazette.com/general/sport/article/20240726/whats-on-where-143/,en,,FUTURE_UNCONFIRMED,UNKNOWN,TIMING|LODGING|WHO|SURFACE,3,0,0
jar_CAMBRIDGE_228_sig_CAMBRIDGE_aHR0cHM6Ly93d3cu,CAMBRIDGE,bermuda,SPORTS_ENTERTAINMENT_SOCIAL,DEMAND_SIGNAL,"The Ministry of Tourism, Culture and Sport ...","The Ministry of Tourism, Culture and Sport ...",https://www.facebook.com/groups/582492595234197/posts/2714611288688973/,en,,FUTURE_UNCONFIRMED,UNKNOWN,TIMING|LODGING|WHO|SURFACE,3,0,0
jar_CAMBRIDGE_230_sig_feeder_CAMBRIDGE_aHR0cHM6Ly93,CAMBRIDGE,bermuda,TOUR_DMC_INCENTIVE,DEMAND_SIGNAL,Incentive Travel,Incentive Travel,https://www.themeetingsshow.com/exhibitor-images/incentive-travel,en,New York,FUTURE_UNCONFIRMED,UNKNOWN,TIMING|LODGING|WHO|SURFACE,3,0,0
jar_CAMBRIDGE_231_sig_feeder_CAMBRIDGE_aHR0cHM6Ly93,CAMBRIDGE,bermuda,TOUR_DMC_INCENTIVE,DEMAND_SIGNAL,Top sunny incentive travel destinations for 2019,Top sunny incentive travel destinations for 2019,https://www.uniqueworldglobal.com/blog/2019/04/top-incentive-sunny-travel-destinations/,en,New York,FUTURE_UNCONFIRMED,UNKNOWN,TIMING|LODGING|WHO|SURFACE,3,0,0
jar_CAMBRIDGE_232_sig_feeder_CAMBRIDGE_aHR0cHM6Ly9t,CAMBRIDGE,bermuda,TOUR_DMC_INCENTIVE,DEMAND_SIGNAL,Cruises,Cruises - the incentive trip of choice for 2026?,https://mitmagazine.co.uk/News/Venues/Cruises-the-incentive-trip-of-choice-for-2026-,en,New York,FUTURE_UNCONFIRMED,UNKNOWN,TIMING|LODGING|WHO|SURFACE,3,0,0
jar_CAMBRIDGE_233_sig_feeder_CAMBRIDGE_aHR0cHM6Ly90,CAMBRIDGE,bermuda,TOUR_DMC_INCENTIVE,DEMAND_SIGNAL,incentive Archives,incentive Archives,https://travel-dmc.com/tag/incentive/,en,New York,FUTURE_UNCONFIRMED,UNKNOWN,TIMING|LODGING|WHO|SURFACE,3,0,0
jar_CAMBRIDGE_236_sig_feeder_CAMBRIDGE_aHR0cHM6Ly93,CAMBRIDGE,bermuda,TOUR_DMC_INCENTIVE,DEMAND_SIGNAL,Corporate Incentive Travel DMC,Corporate Incentive Travel DMC,https://w.uniqueworld.eu/corporate-incentive-travel,en,New York,FUTURE_UNCONFIRMED,UNKNOWN,TIMING|LODGING|WHO|SURFACE,3,0,0
jar_CAMBRIDGE_238_sig_feeder_CAMBRIDGE_aHR0cHM6Ly93,CAMBRIDGE,bermuda,TOUR_DMC_INCENTIVE,DEMAND_SIGNAL,Find Cheap Flights Worldwide & Book Your Ticket,Find Cheap Flights Worldwide & Book Your Ticket,https://www.google.com/travel/flights?gl=US&hl=en-US,en,Boston,FUTURE_UNCONFIRMED,UNKNOWN,TIMING|LODGING|WHO|SURFACE,3,0,0
jar_CAMBRIDGE_241_sig_feeder_CAMBRIDGE_aHR0cHM6Ly93,CAMBRIDGE,bermuda,TOUR_DMC_INCENTIVE,DEMAND_SIGNAL,CNN Travel,"CNN Travel | Global Destinations, Tips & Video",https://www.cnn.com/travel,en,Boston,FUTURE_UNCONFIRMED,UNKNOWN,TIMING|LODGING|WHO|SURFACE,3,0,0
jar_CAMBRIDGE_245_sig_feeder_CAMBRIDGE_aHR0cHM6Ly93,CAMBRIDGE,bermuda,TOUR_DMC_INCENTIVE,DEMAND_SIGNAL,Libya travel warning urges Americans not to visit due ...,Libya travel warning urges Americans not to visit due ...,https://www.foxnews.com/travel/americans-headed-high-risk-nation-urged-prepare-wills-leave-dna-samples,en,Boston,FUTURE_UNCONFIRMED,UNKNOWN,TIMING|LODGING|WHO|SURFACE,3,0,0
jar_CAMBRIDGE_246_sig_feeder_CAMBRIDGE_aHR0cHM6Ly93,CAMBRIDGE,bermuda,TOUR_DMC_INCENTIVE,DEMAND_SIGNAL,Costco Travel,Costco Travel: Home,https://www.costcotravel.com/,en,Boston,FUTURE_UNCONFIRMED,UNKNOWN,TIMING|LODGING|WHO|SURFACE,3,0,0
jar_NOW_NOW_263_sig_NOW_NOW_aHR0cHM6Ly9ueWFt,NOW_NOW,nyc_noho,ASSOCIATION_NGO,DEMAND_SIGNAL,Events,Events,https://nyam.org/events/,en,,FUTURE_UNCONFIRMED,UNKNOWN,TIMING|LODGING|WHO|SURFACE,3,0,0
jar_NOW_NOW_269_sig_NOW_NOW_aHR0cHM6Ly9lbmdh,NOW_NOW,nyc_noho,UNIVERSITY_EDUCATION,DEMAND_SIGNAL,Jeopardy,Jeopardy,https://engage.nyu.edu/event/12749442,en,,FUTURE_UNCONFIRMED,UNKNOWN,TIMING|LODGING|WHO|SURFACE,3,0,0
jar_NOW_NOW_271_sig_NOW_NOW_aHR0cHM6Ly9lbmdh,NOW_NOW,nyc_noho,UNIVERSITY_EDUCATION,DEMAND_SIGNAL,Mid,Mid-Autaumn Festival Celebration,https://engage.nyu.edu/event/11853263,en,,FUTURE_UNCONFIRMED,UNKNOWN,TIMING|LODGING|WHO|SURFACE,3,0,0
jar_NOW_NOW_286_sig_feeder_NOW_NOW_aHR0cHM6Ly9s,NOW_NOW,nyc_noho,CORPORATE,DEMAND_SIGNAL,Leadership,Leadership | Cornell University,https://leadership.cornell.edu/,en,international business,FUTURE_UNCONFIRMED,UNKNOWN,TIMING|LODGING|WHO|SURFACE,3,0,0
jar_NOW_NOW_287_sig_feeder_NOW_NOW_aHR0cHM6Ly9l,NOW_NOW,nyc_noho,CORPORATE,DEMAND_SIGNAL,Leadership,Leadership,https://en.wikipedia.org/wiki/Leadership,en,international business,FUTURE_UNCONFIRMED,UNKNOWN,TIMING|LODGING|WHO|SURFACE,3,0,0
jar_YOTEL_8_sig_YOTEL_aHR0cHM6Ly93d3cu,YOTEL,geneva_lake,ASSOCIATION_NGO,DEMAND_SIGNAL,Alpes,Alpes-de-Haute-Provence. Les maires bientôt en congrès,https://www.ledauphine.com/societe/2025/09/30/les-maires-bientot-en-congres,fr,,FUTURE_UNCONFIRMED,UNKNOWN,TIMING|LODGING|WHO|SURFACE,3,0,0
jar_YOTEL_19_sig_YOTEL_aHR0cHM6Ly90b2dl,YOTEL,geneva_lake,GOVERNMENT_INTL_ORGANIZATIONS,DEMAND_SIGNAL,GENEVA,GENEVA | Soirée ASAGE : Au cœur de la diplomatie,https://together.audencia.com/public/events/event/2534,fr,,FUTURE_UNCONFIRMED,UNKNOWN,TIMING|LODGING|WHO|SURFACE,3,0,0
jar_YOTEL_44_sig_YOTEL_aHR0cHM6Ly93d3cu,YOTEL,geneva_lake,PHARMA_LIFE_SCIENCES,DEMAND_SIGNAL,Communications,Communications - évaluées par les pairs,https://www.chairepersonneagee.umontreal.ca/transfert-des-connaissances/communications/evaluees-par-les-pairs,fr,,FUTURE_UNCONFIRMED,UNKNOWN,TIMING|LODGING|WHO|SURFACE,3,0,0
jar_YOTEL_55_sig_YOTEL_aHR0cHM6Ly9pbnVp,YOTEL,geneva_lake,CORPORATE,DEMAND_SIGNAL,FAQ,"FAQ — Lieux, événements corporate et INÜI Family",https://inuicollection.com/faq,fr,,FUTURE_UNCONFIRMED,UNKNOWN,TIMING|LODGING|WHO|SURFACE,3,0,0
jar_AC_90_sig_AC_aHR0cHM6Ly9jYWxl,AC,a_coruna,ASSOCIATION_NGO,DEMAND_SIGNAL,Calendario,Calendario,https://calendar.google.com/calendar/u/0/r?hl=es,es,,FUTURE_UNCONFIRMED,UNKNOWN,TIMING|LODGING|WHO|SURFACE,3,0,0
jar_AC_95_sig_AC_aHR0cHM6Ly9kbGUu,AC,a_coruna,ASSOCIATION_NGO,DEMAND_SIGNAL,asamblea,asamblea | Definición | Diccionario de la lengua española | RAE,https://dle.rae.es/asamblea,es,,FUTURE_UNCONFIRMED,UNKNOWN,TIMING|LODGING|WHO|SURFACE,3,0,0
jar_AC_103_sig_AC_aHR0cDovL2Vpby51,AC,a_coruna,ASSOCIATION_NGO,DEMAND_SIGNAL,Congresos,Congresos,http://eio.usc.es/pub/gi1914/index.php/es/8-congresos,gl,,FUTURE_UNCONFIRMED,UNKNOWN,TIMING|LODGING|WHO|SURFACE,3,0,0
jar_AC_120_sig_AC_aHR0cHM6Ly93d3cu,AC,a_coruna,CORPORATE,DEMAND_SIGNAL,Programación,Programación | Les Arts—Centro de Artes Escénicas en ...,https://www.lesarts.com/es/programacion.html,gl,,FUTURE_UNCONFIRMED,UNKNOWN,TIMING|LODGING|WHO|SURFACE,3,0,0
jar_AC_133_sig_AC_aHR0cHM6Ly9tcHRt,AC,a_coruna,UNIVERSITY_EDUCATION,DEMAND_SIGNAL,PFot,PFot-807 AC. Photovoltaic installations Larentina of 39.99 ...,https://mptmd.gob.es/en/portal/delegaciones_gobierno/delegaciones/aragon/proyectos-ci/expedientes-renovables/teruel/fotovoltaicos/pfot_807_ac_instalaciones_fotovoltaicas_larentina_de_3999_mwins_-_354_mwn_inus_de_2081_mwins_-_184_mwn_y_ladon_de_3999_mwins_-_354_mwn_y_su_infraestructura_de_evacuacion_en_las_provincias_de_teruel_castellon_y_valencia,gl,,FUTURE_UNCONFIRMED,UNKNOWN,TIMING|LODGING|WHO|SURFACE,3,0,0
jar_CAMBRIDGE_240_sig_feeder_CAMBRIDGE_aHR0cHM6Ly90,CAMBRIDGE,bermuda,TOUR_DMC_INCENTIVE,DEMAND_SIGNAL,Travel,Travel - State Department,https://travel.state.gov/,en,Boston,FUTURE_UNCONFIRMED,UNKNOWN,TIMING|LODGING|WHO|SURFACE,3,0,0
jar_CAMBRIDGE_242_sig_feeder_CAMBRIDGE_aHR0cHM6Ly9l,CAMBRIDGE,bermuda,TOUR_DMC_INCENTIVE,DEMAND_SIGNAL,Travel,Travel,https://en.wikipedia.org/wiki/Travel,en,Boston,FUTURE_UNCONFIRMED,UNKNOWN,TIMING|LODGING|WHO|SURFACE,3,0,0
jar_NOW_NOW_278_sig_feeder_NOW_NOW_aHR0cHM6Ly9i,NOW_NOW,nyc_noho,CORPORATE,DEMAND_SIGNAL,Go,Go-to-Market Kick-Off Meeting North America,https://book.passkey.com/event/50897291/owner/6893/home,en,US corporate,FUTURE_UNCONFIRMED,UNKNOWN,TIMING|LODGING|WHO|SURFACE,3,0,0
jar_NOW_NOW_283_sig_feeder_NOW_NOW_aHR0cHM6Ly93,NOW_NOW,nyc_noho,CORPORATE,DEMAND_SIGNAL,Kickoff,Kickoff: Personal Training Covered by Insurance,https://www.trainwithkickoff.com/,en,international business,FUTURE_UNCONFIRMED,UNKNOWN,TIMING|LODGING|WHO|SURFACE,3,0,0
jar_NOW_NOW_288_sig_feeder_NOW_NOW_aHR0cHM6Ly93,NOW_NOW,nyc_noho,CORPORATE,DEMAND_SIGNAL,Leadership,Leadership,https://www.psychologytoday.com/us/basics/leadership,en,international business,FUTURE_UNCONFIRMED,UNKNOWN,TIMING|LODGING|WHO|SURFACE,3,0,0
jar_NOW_NOW_289_sig_feeder_NOW_NOW_aHR0cHM6Ly93,NOW_NOW,nyc_noho,CORPORATE,DEMAND_SIGNAL,r/Leadership,r/Leadership,https://www.reddit.com/r/Leadership/,en,international business,FUTURE_UNCONFIRMED,UNKNOWN,TIMING|LODGING|WHO|SURFACE,3,0,0
jar_NOW_NOW_290_sig_feeder_NOW_NOW_aHR0cHM6Ly93,NOW_NOW,nyc_noho,CORPORATE,DEMAND_SIGNAL,Leadership,Leadership,https://www.forbes.com/leadership/,en,international business,FUTURE_UNCONFIRMED,UNKNOWN,TIMING|LODGING|WHO|SURFACE,3,0,0
jar_CAMBRIDGE_198_sig_CAMBRIDGE_aHR0cHM6Ly93d3cu,CAMBRIDGE,bermuda,TOUR_DMC_INCENTIVE,DEMAND_SIGNAL,Travel,Travel,https://www.northstarmeetingsgroup.com/Incentive/Travel,en,,FUTURE_UNCONFIRMED,UNKNOWN,TIMING|LODGING|WHO|SURFACE,3,0,0
jar_CAMBRIDGE_206_sig_CAMBRIDGE_aHR0cHM6Ly93d3cu,CAMBRIDGE,bermuda,CORPORATE,DEMAND_SIGNAL,Full,Full-Service Brokerage,https://www.butterfieldgroup.com/en-bm/investments/asset-management/full-service-brokerage,en,,FUTURE_UNCONFIRMED,UNKNOWN,TIMING|LODGING|WHO|SURFACE,3,0,0
jar_CAMBRIDGE_239_sig_feeder_CAMBRIDGE_aHR0cHM6Ly93,CAMBRIDGE,bermuda,TOUR_DMC_INCENTIVE,DEMAND_SIGNAL,r/travel,r/travel,https://www.reddit.com/r/travel/,en,Boston,FUTURE_UNCONFIRMED,UNKNOWN,TIMING|LODGING|WHO|SURFACE,3,0,0
jar_YOTEL_414_prerfp_gdi_opp_rfp_for_lake_geneva_hotel,YOTEL,geneva_lake,PROCUREMENT_RFP,PRE_RFP,Trivago,Trivago,,en,,FUTURE_UNCONFIRMED,UNKNOWN,TIMING|LODGING|WHO,6,0,0
jar_YOTEL_299_gdi_opp_rfp_for_lake_geneva_hotels_1,YOTEL,geneva_lake,ASSOCIATION_NGO,ROTATION_SERIES,Trivago,series:rfp_for_lake_geneva_hotels,,en,,FUTURE_UNCONFIRMED,UNKNOWN,TIMING|LODGING|WHO,5,0,0
jar_YOTEL_4_sig_YOTEL_aHR0cHM6Ly93d3cu,YOTEL,geneva_lake,ASSOCIATION_NGO,DEMAND_SIGNAL,Congrès & Conférences du 30.06.2027 dans les régions ...,Congrès & Conférences du 30.06.2027 dans les régions ...,https://www.tempslibre.ch/jura/manifestations-congres-conference/30.06.2027,fr,,FUTURE_UNCONFIRMED,UNKNOWN,TIMING|LODGING|WHO|SURFACE,3,0,0
jar_YOTEL_57_sig_YOTEL_aHR0cHM6Ly9mci5p,YOTEL,geneva_lake,CORPORATE,DEMAND_SIGNAL,"Commercial Séminaires Banquets, Auvergne","Commercial Séminaires Banquets, Auvergne-Rhône-Alpes",https://fr.indeed.com/q-commercial-s%C3%A9minaires-banquets-l-auvergne-rh%C3%B4ne-alpes-emplois.html,fr,,FUTURE_UNCONFIRMED,UNKNOWN,TIMING|LODGING|WHO|SURFACE,3,0,0
jar_SPICE_189_sig_feeder_SPICE_aHR0cHM6Ly9l,SPICE,grenada,TOUR_DMC_INCENTIVE,DEMAND_SIGNAL,RADISSON GRENADA BEACH RESORT,RADISSON GRENADA BEACH RESORT - Grand Anse,https://en.tripadvisor.com.hk/Hotel_Review-g1182535-d209593-Reviews-or1600-Radisson_Grenada_Beach_Resort-Grand_Anse_South_Coast_Saint_George_Parish_Grenad.html,en,Canada,FUTURE_UNCONFIRMED,HINT,TIMING|LODGING|WHO|SURFACE,3,0,0
