lane,intake_class,intake_notes,route,validation_pass,source_record_id,hpc_recommended_action,hpc_matched_record_id,Property Name,Canonical Property Name,Property Identity Key,Current Brand,Brand Family,Affiliation Status,Independent Hotel Flag,Country,City,State / Region,Official Property URL,Source URL,Family / Source Family,Source Type,Source Confidence,Identity Confidence,VIC Freeze Hash,Production Use Status,Enrichment Status,Enrichment Priority,Human Review Required,Data Eligible,Brand-Unassigned Reason,Latitude,Longitude,Phone
known_brand_census_intake,known_chain_census_backlog_not_active_setup,Not in Active/Live Brand Setup control list — still required for Hotel Property Census inventory. Do not drop. Autopilot Active scope may not enrich until Brand Status promotion.,route_known_chain_not_active,true,node/270997923,likely_new_candidate,rec01MDiDGhOUizYu,Breezes,Breezes,osm_do_node_270997923,Breezes (SuperClubs),Breezes (SuperClubs),Branded,false,Dominican Republic,Unknown,Unknown,,https://www.openstreetmap.org/node/270997923,Breezes (SuperClubs),other,Medium,Low,independent_census_dr_osm_2026-08-07,Census Only / Not Owner-Facing,Discovered — pending enrichment,High,true,false,known_chain_not_in_active_brand_setup,19.7822269,-70.4698729,
known_brand_census_intake,known_chain_census_backlog_not_active_setup,Not in Active/Live Brand Setup control list — still required for Hotel Property Census inventory. Do not drop. Autopilot Active scope may not enrich until Brand Status promotion.,route_known_chain_not_active,true,node/287032841,likely_new_candidate,recmAzTMc9asgvt8i,Dreams Palm Beach Resort,Dreams Palm Beach Resort,osm_do_node_287032841,Dreams (Hyatt Inclusive Collection),Dreams (Hyatt Inclusive Collection),Soft-Branded / Collection,false,Dominican Republic,Unknown,Unknown,,https://www.openstreetmap.org/node/287032841,Dreams (Hyatt Inclusive Collection),other,Medium,Low,independent_census_dr_osm_2026-08-07,Census Only / Not Owner-Facing,Discovered — pending enrichment,High,true,false,known_chain_not_in_active_brand_setup,18.6507341,-68.3634913,
known_brand_census_intake,known_chain_census_backlog_not_active_setup,Not in Active/Live Brand Setup control list — still required for Hotel Property Census inventory. Do not drop. Autopilot Active scope may not enrich until Brand Status promotion.,route_known_chain_not_active,true,node/302771731,likely_new_candidate,recKylgkR9LkMxaRP,Natura Park Beach Eco Resort & Spa,Natura Park Beach Eco Resort & Spa,osm_do_node_302771731,Blau Hotels,Blau Hotels,Branded,false,Dominican Republic,Punta Cana,Unknown,https://www.blaunaturapark.com/en/,https://www.openstreetmap.org/node/302771731,Blau Hotels,official_property_page,High,High,independent_census_dr_osm_2026-08-07,Census Only / Not Owner-Facing,Discovered — pending enrichment,High,true,true,known_chain_not_in_active_brand_setup,18.6525071,-68.3662716,
known_brand_census_intake,known_chain_census_backlog_not_active_setup,Not in Active/Live Brand Setup control list — still required for Hotel Property Census inventory. Do not drop. Autopilot Active scope may not enrich until Brand Status promotion.,route_known_chain_not_active,true,node/302771860,likely_new_candidate,recrpcMu4sx4vSkmS,Catalonia Punta Cana,Catalonia Punta Cana,osm_do_node_302771860,Catalonia,Catalonia,Branded,false,Dominican Republic,Unknown,Unknown,,https://www.openstreetmap.org/node/302771860,Catalonia,other,Medium,Low,independent_census_dr_osm_2026-08-07,Census Only / Not Owner-Facing,Discovered — pending enrichment,High,true,false,known_chain_not_in_active_brand_setup,18.6398025,-68.3483754,
known_brand_census_intake,known_chain_census_backlog_not_active_setup,Not in Active/Live Brand Setup control list — still required for Hotel Property Census inventory. Do not drop. Autopilot Active scope may not enrich until Brand Status promotion.,route_known_chain_not_active,true,node/302771929,likely_new_candidate,recFg5RNpxAAjh7Y2,Be Live Grand Bavaro,Be Live Grand Bavaro,osm_do_node_302771929,Be Live,Be Live,Branded,false,Dominican Republic,Unknown,Unknown,,https://www.openstreetmap.org/node/302771929,Be Live,other,Medium,Low,independent_census_dr_osm_2026-08-07,Census Only / Not Owner-Facing,Discovered — pending enrichment,High,true,false,known_chain_not_in_active_brand_setup,18.6497257,-68.3619285,
known_brand_census_intake,known_chain_census_backlog_not_active_setup,Not in Active/Live Brand Setup control list — still required for Hotel Property Census inventory. Do not drop. Autopilot Active scope may not enrich until Brand Status promotion.,route_known_chain_not_active,true,node/302800763,needs_research,recXh4NgF8sDbi9cQ,Wyndham Alltra Punta Cana,Wyndham Alltra Punta Cana,osm_do_node_302800763,Wyndham,Wyndham,Branded,false,Dominican Republic,Unknown,Unknown,,https://www.openstreetmap.org/node/302800763,Wyndham,other,Medium,Low,independent_census_dr_osm_2026-08-07,Census Only / Not Owner-Facing,Discovered — pending enrichment,High,true,false,known_chain_not_in_active_brand_setup,18.8034072,-68.5747262,
known_brand_census_intake,known_chain_census_backlog_not_active_setup,Not in Active/Live Brand Setup control list — still required for Hotel Property Census inventory. Do not drop. Autopilot Active scope may not enrich until Brand Status promotion.,route_known_chain_not_active,true,node/349129742,likely_new_candidate,recUOyzOXn2Zdp98I,Hotel RIU Mambo,Hotel RIU Mambo,osm_do_node_349129742,RIU,RIU,Branded,false,Dominican Republic,Maimón,Unknown,http://www.riu.com/de/clubhotel-riu-mambo-puerto-plata-dominikanische-republik.html,https://www.openstreetmap.org/node/349129742,RIU,official_property_page,High,High,independent_census_dr_osm_2026-08-07,Census Only / Not Owner-Facing,Discovered — pending enrichment,High,true,true,known_chain_not_in_active_brand_setup,19.8332371,-70.7649585,809-320-1212
known_brand_census_intake,known_chain_census_backlog_not_active_setup,Not in Active/Live Brand Setup control list — still required for Hotel Property Census inventory. Do not drop. Autopilot Active scope may not enrich until Brand Status promotion.,route_known_chain_not_active,true,node/354627440,likely_new_candidate,recUOyzOXn2Zdp98I,Hotel RIU Merengue,Hotel RIU Merengue,osm_do_node_354627440,RIU,RIU,Branded,false,Dominican Republic,Maimón,Unknown,http://www.riu.com/de/clubhotel-riu-merengue-puerto-plata-dominikanische-republik.html,https://www.openstreetmap.org/node/354627440,RIU,official_property_page,High,High,independent_census_dr_osm_2026-08-07,Census Only / Not Owner-Facing,Discovered — pending enrichment,High,true,true,known_chain_not_in_active_brand_setup,19.8333542,-70.7674704,809-320-4000
known_brand_census_intake,known_chain_census_backlog_not_active_setup,Not in Active/Live Brand Setup control list — still required for Hotel Property Census inventory. Do not drop. Autopilot Active scope may not enrich until Brand Status promotion.,route_known_chain_not_active,true,node/354627549,likely_new_candidate,recUOyzOXn2Zdp98I,Hotel RIU Bachata,Hotel RIU Bachata,osm_do_node_354627549,RIU,RIU,Branded,false,Dominican Republic,Maimón,Unknown,http://www.riu.com/de/clubhotel-riu-bachata-puerto-plata-dominikanische-republik.html,https://www.openstreetmap.org/node/354627549,RIU,official_property_page,High,High,independent_census_dr_osm_2026-08-07,Census Only / Not Owner-Facing,Discovered — pending enrichment,High,true,true,known_chain_not_in_active_brand_setup,19.834013,-70.7704647,809-320-1010
known_brand_census_intake,known_chain_census_backlog_not_active_setup,Not in Active/Live Brand Setup control list — still required for Hotel Property Census inventory. Do not drop. Autopilot Active scope may not enrich until Brand Status promotion.,route_known_chain_not_active,true,node/431025349,likely_new_candidate,recFg5RNpxAAjh7Y2,Barceló Bávaro Palace Deluxe,Barceló Bávaro Palace Deluxe,osm_do_node_431025349,Barceló,Barceló,Branded,false,Dominican Republic,Unknown,Unknown,http://www.barcelobavarocaribe.com/,https://www.openstreetmap.org/node/431025349,Barceló,official_property_page,High,Medium,independent_census_dr_osm_2026-08-07,Census Only / Not Owner-Facing,Discovered — pending enrichment,High,true,true,known_chain_not_in_active_brand_setup,18.6636871,-68.3960501,
known_brand_census_intake,active_or_soft_brand_census_plus_autopilot,Eligible for Active Brand Autopilot coverage after Census insert (if brand is Active/Live).,route_branded_active_setup,true,node/596663088,likely_new_candidate,recUoUcP9lEuNkl0F,Hotel Crowne Plaza,Hotel Crowne Plaza,osm_do_node_596663088,Crowne Plaza,Crowne Plaza,Branded,false,Dominican Republic,Santo Domingo,Unknown,,https://www.openstreetmap.org/node/596663088,Crowne Plaza,other,Medium,Medium,independent_census_dr_osm_2026-08-07,Census Only / Not Owner-Facing,Discovered — pending enrichment,High,true,true,,18.4635836,-69.8960441,+18092210000
known_brand_census_intake,known_chain_census_backlog_not_active_setup,Not in Active/Live Brand Setup control list — still required for Hotel Property Census inventory. Do not drop. Autopilot Active scope may not enrich until Brand Status promotion.,route_known_chain_not_active,true,node/597456591,likely_new_candidate,recdS7vpmjgcTvAFu,Hodelpa Novus Plaza,Hodelpa Novus Plaza,osm_do_node_597456591,Hodelpa,Hodelpa,Branded,false,Dominican Republic,Santo Domingo,Unknown,,https://www.openstreetmap.org/node/597456591,Hodelpa,other,Medium,Medium,independent_census_dr_osm_2026-08-07,Census Only / Not Owner-Facing,Discovered — pending enrichment,High,true,true,known_chain_not_in_active_brand_setup,18.4734399,-69.8854304,
known_brand_census_intake,known_chain_census_backlog_not_active_setup,Not in Active/Live Brand Setup control list — still required for Hotel Property Census inventory. Do not drop. Autopilot Active scope may not enrich until Brand Status promotion.,route_known_chain_not_active,true,node/635204441,likely_new_candidate,rec01MDiDGhOUizYu,Club Med,Club Med,osm_do_node_635204441,Club Med,Club Med,Branded,false,Dominican Republic,Unknown,Unknown,,https://www.openstreetmap.org/node/635204441,Club Med,other,Medium,Low,independent_census_dr_osm_2026-08-07,Census Only / Not Owner-Facing,Discovered — pending enrichment,High,true,false,known_chain_not_in_active_brand_setup,18.5456978,-68.3513581,
known_brand_census_intake,known_chain_census_backlog_not_active_setup,Not in Active/Live Brand Setup control list — still required for Hotel Property Census inventory. Do not drop. Autopilot Active scope may not enrich until Brand Status promotion.,route_known_chain_not_active,true,node/1207422127,likely_new_candidate,recUOyzOXn2Zdp98I,Be Live Grand Marien Hotel,Be Live Grand Marien Hotel,osm_do_node_1207422127,Be Live,Be Live,Branded,false,Dominican Republic,Unknown,Unknown,,https://www.openstreetmap.org/node/1207422127,Be Live,other,Medium,Low,independent_census_dr_osm_2026-08-07,Census Only / Not Owner-Facing,Discovered — pending enrichment,High,true,false,known_chain_not_in_active_brand_setup,19.778444,-70.658505,
known_brand_census_intake,known_chain_census_backlog_not_active_setup,Not in Active/Live Brand Setup control list — still required for Hotel Property Census inventory. Do not drop. Autopilot Active scope may not enrich until Brand Status promotion.,route_known_chain_not_active,true,node/1234382123,likely_new_candidate,recLcfYMZLX0PgEA5,Emotion By Hodelpa.,Emotion By Hodelpa.,osm_do_node_1234382123,Hodelpa,Hodelpa,Branded,false,Dominican Republic,Unknown,Unknown,,https://www.openstreetmap.org/node/1234382123,Hodelpa,other,Medium,Low,independent_census_dr_osm_2026-08-07,Census Only / Not Owner-Facing,Discovered — pending enrichment,High,true,false,known_chain_not_in_active_brand_setup,19.7703127,-70.6449925,
known_brand_census_intake,known_chain_census_backlog_not_active_setup,Not in Active/Live Brand Setup control list — still required for Hotel Property Census inventory. Do not drop. Autopilot Active scope may not enrich until Brand Status promotion.,route_known_chain_not_active,true,node/1653013577,likely_new_candidate,recrpcMu4sx4vSkmS,Secrets Royal Beach Punta Cana,Secrets Royal Beach Punta Cana,osm_do_node_1653013577,Hyatt,Hyatt,Branded,false,Dominican Republic,Punta Cana,Unknown,https://www.hyatt.com/en-US/hotel/dominican-republic/secrets-royal-beach/serpc,https://www.openstreetmap.org/node/1653013577,Hyatt,official_property_page,High,High,independent_census_dr_osm_2026-08-07,Census Only / Not Owner-Facing,Discovered — pending enrichment,High,true,true,known_chain_not_in_active_brand_setup,18.679197,-68.4157602,+1 809 221 46 46
known_brand_census_intake,known_chain_census_backlog_not_active_setup,Not in Active/Live Brand Setup control list — still required for Hotel Property Census inventory. Do not drop. Autopilot Active scope may not enrich until Brand Status promotion.,route_known_chain_not_active,true,node/2106184527,likely_new_candidate,recXh4NgF8sDbi9cQ,Hard Rock Hotel & Casino Punta Cana - All inclusive,Hard Rock Hotel & Casino Punta Cana - All inclusive,osm_do_node_2106184527,Hard Rock Hotels,Hard Rock Hotels,Branded,false,Dominican Republic,Punta Cana,Unknown,https://hotel.hardrock.com/punta-cana,https://www.openstreetmap.org/node/2106184527,Hard Rock Hotels,official_property_page,High,High,independent_census_dr_osm_2026-08-07,Census Only / Not Owner-Facing,Discovered — pending enrichment,High,true,true,known_chain_not_in_active_brand_setup,18.7334438,-68.4826329,+1 809 687 0000
known_brand_census_intake,active_or_soft_brand_census_plus_autopilot,Eligible for Active Brand Autopilot coverage after Census insert (if brand is Active/Live).,route_branded_official_domain,true,node/2172701438,likely_new_candidate,recazCEnMYzUaPGvy,Casa Bonita,Casa Bonita,osm_do_node_2172701438,SLH,SLH,Branded,false,Dominican Republic,Unknown,Unknown,https://www.slh.com/,https://www.openstreetmap.org/node/2172701438,SLH,official_property_page,High,Medium,independent_census_dr_osm_2026-08-07,Census Only / Not Owner-Facing,Discovered — pending enrichment,High,true,true,,18.0800789,-71.0929989,
known_brand_census_intake,known_chain_census_backlog_not_active_setup,Not in Active/Live Brand Setup control list — still required for Hotel Property Census inventory. Do not drop. Autopilot Active scope may not enrich until Brand Status promotion.,route_known_chain_not_active,true,node/2262714721,likely_new_candidate,recrpcMu4sx4vSkmS,Dreams Royal Beach Punta Cana,Dreams Royal Beach Punta Cana,osm_do_node_2262714721,Dreams (Hyatt Inclusive Collection),Dreams (Hyatt Inclusive Collection),Soft-Branded / Collection,false,Dominican Republic,Punta Cana,Unknown,https://www.dreamsresorts.com/en/resorts-hotels/dreams/,https://www.openstreetmap.org/node/2262714721,Dreams (Hyatt Inclusive Collection),official_property_page,High,High,independent_census_dr_osm_2026-08-07,Census Only / Not Owner-Facing,Discovered — pending enrichment,High,true,true,known_chain_not_in_active_brand_setup,18.6785547,-68.41471,+1 809 221 46 46
known_brand_census_intake,active_or_soft_brand_census_plus_autopilot,Eligible for Active Brand Autopilot coverage after Census insert (if brand is Active/Live).,route_branded_active_setup,true,node/2613949124,needs_research,rec8qJankNUMwUwUB,Four Points by Sheraton,Four Points by Sheraton,osm_do_node_2613949124,Four Points by Sheraton,Four Points by Sheraton,Branded,false,Dominican Republic,Punta Cana,Unknown,,https://www.openstreetmap.org/node/2613949124,Four Points by Sheraton,other,Medium,Medium,independent_census_dr_osm_2026-08-07,Census Only / Not Owner-Facing,Discovered — pending enrichment,High,true,true,,18.5591959,-68.3729673,+18099592222
known_brand_census_intake,active_or_soft_brand_census_plus_autopilot,Eligible for Active Brand Autopilot coverage after Census insert (if brand is Active/Live).,route_branded_active_setup,true,node/2778735252,needs_research,rec8qJankNUMwUwUB,Sheraton,Sheraton,osm_do_node_2778735252,Sheraton,Sheraton,Branded,false,Dominican Republic,Unknown,Unknown,,https://www.openstreetmap.org/node/2778735252,Sheraton,other,Medium,Low,independent_census_dr_osm_2026-08-07,Census Only / Not Owner-Facing,Discovered — pending enrichment,High,true,false,,18.463431,-69.8979402,
known_brand_census_intake,known_chain_census_backlog_not_active_setup,Not in Active/Live Brand Setup control list — still required for Hotel Property Census inventory. Do not drop. Autopilot Active scope may not enrich until Brand Status promotion.,route_known_chain_not_active,true,node/2866813906,likely_new_candidate,recrpcMu4sx4vSkmS,Sensimar Punta Cana Villas & Suites,Sensimar Punta Cana Villas & Suites,osm_do_node_2866813906,RIU,RIU,Branded,false,Dominican Republic,Unknown,Unknown,,https://www.openstreetmap.org/node/2866813906,RIU,other,Medium,Low,independent_census_dr_osm_2026-08-07,Census Only / Not Owner-Facing,Discovered — pending enrichment,High,true,false,known_chain_not_in_active_brand_setup,18.7193615,-68.453179,
known_brand_census_intake,known_chain_census_backlog_not_active_setup,Not in Active/Live Brand Setup control list — still required for Hotel Property Census inventory. Do not drop. Autopilot Active scope may not enrich until Brand Status promotion.,route_known_chain_not_active,true,node/2998189889,likely_new_candidate,recUOyzOXn2Zdp98I,Hotel Occidental Allegro Playa Dorada,Hotel Occidental Allegro Playa Dorada,osm_do_node_2998189889,Occidental,Occidental,Branded,false,Dominican Republic,Unknown,Unknown,,https://www.openstreetmap.org/node/2998189889,Occidental,other,Medium,Low,independent_census_dr_osm_2026-08-07,Census Only / Not Owner-Facing,Discovered — pending enrichment,High,true,false,known_chain_not_in_active_brand_setup,19.7693703,-70.6452375,
known_brand_census_intake,known_chain_census_backlog_not_active_setup,Not in Active/Live Brand Setup control list — still required for Hotel Property Census inventory. Do not drop. Autopilot Active scope may not enrich until Brand Status promotion.,route_known_chain_not_active,true,node/2998191668,likely_new_candidate,recbNEFGExXxaLftD,Barceló Puerto Plata,Barceló Puerto Plata,osm_do_node_2998191668,Barceló,Barceló,Branded,false,Dominican Republic,Unknown,Unknown,,https://www.openstreetmap.org/node/2998191668,Barceló,other,Medium,Low,independent_census_dr_osm_2026-08-07,Census Only / Not Owner-Facing,Discovered — pending enrichment,High,true,false,known_chain_not_in_active_brand_setup,19.7715218,-70.6412773,
known_brand_census_intake,known_chain_census_backlog_not_active_setup,Not in Active/Live Brand Setup control list — still required for Hotel Property Census inventory. Do not drop. Autopilot Active scope may not enrich until Brand Status promotion.,route_known_chain_not_active,true,node/3015649822,likely_new_candidate,rec2vPnXJrkRLOAoB,Occidental Caribe (former Barcelo Punta Cana),Occidental Caribe (former Barcelo Punta Cana),osm_do_node_3015649822,Barceló,Barceló,Branded,false,Dominican Republic,Unknown,Unknown,,https://www.openstreetmap.org/node/3015649822,Barceló,other,Medium,Low,independent_census_dr_osm_2026-08-07,Census Only / Not Owner-Facing,Discovered — pending enrichment,High,true,false,known_chain_not_in_active_brand_setup,18.7340742,-68.4720325,
known_brand_census_intake,known_chain_census_backlog_not_active_setup,Not in Active/Live Brand Setup control list — still required for Hotel Property Census inventory. Do not drop. Autopilot Active scope may not enrich until Brand Status promotion.,route_known_chain_not_active,true,node/3145204521,likely_new_candidate,reczINcOAL4nPdklO,Occidental Caribe (former Barcelo Punta Cana),Occidental Caribe (former Barcelo Punta Cana),osm_do_node_3145204521,Barceló,Barceló,Branded,false,Dominican Republic,Bavaro,Unknown,,https://www.openstreetmap.org/node/3145204521,Barceló,other,Medium,Medium,independent_census_dr_osm_2026-08-07,Census Only / Not Owner-Facing,Discovered — pending enrichment,High,true,true,known_chain_not_in_active_brand_setup,18.7335332,-68.4722336,
known_brand_census_intake,known_chain_census_backlog_not_active_setup,Not in Active/Live Brand Setup control list — still required for Hotel Property Census inventory. Do not drop. Autopilot Active scope may not enrich until Brand Status promotion.,route_known_chain_not_active,true,node/3145252104,likely_new_candidate,recrpcMu4sx4vSkmS,Grand Bahia Principe Punta Cana,Grand Bahia Principe Punta Cana,osm_do_node_3145252104,Bahía Príncipe,Bahía Príncipe,Branded,false,Dominican Republic,Unknown,Unknown,,https://www.openstreetmap.org/node/3145252104,Bahía Príncipe,other,Medium,Low,independent_census_dr_osm_2026-08-07,Census Only / Not Owner-Facing,Discovered — pending enrichment,High,true,false,known_chain_not_in_active_brand_setup,18.7211395,-68.4648253,
known_brand_census_intake,known_chain_census_backlog_not_active_setup,Not in Active/Live Brand Setup control list — still required for Hotel Property Census inventory. Do not drop. Autopilot Active scope may not enrich until Brand Status promotion.,route_known_chain_not_active,true,node/3145261362,likely_new_candidate,recrpcMu4sx4vSkmS,Riu Palace Punta Cana,Riu Palace Punta Cana,osm_do_node_3145261362,RIU,RIU,Branded,false,Dominican Republic,Punta Cana,Unknown,,https://www.openstreetmap.org/node/3145261362,RIU,other,Medium,Medium,independent_census_dr_osm_2026-08-07,Census Only / Not Owner-Facing,Discovered — pending enrichment,High,true,true,known_chain_not_in_active_brand_setup,18.7225799,-68.4595414,
known_brand_census_intake,known_chain_census_backlog_not_active_setup,Not in Active/Live Brand Setup control list — still required for Hotel Property Census inventory. Do not drop. Autopilot Active scope may not enrich until Brand Status promotion.,route_known_chain_not_active,true,node/3154070396,likely_new_candidate,recrpcMu4sx4vSkmS,Excellence Punta Cana,Excellence Punta Cana,osm_do_node_3154070396,Excellence Resorts,Excellence Resorts,Branded,false,Dominican Republic,Punta Cana,Unknown,https://www.excellenceresorts.com/resorts/excellence-punta-cana/destination/,https://www.openstreetmap.org/node/3154070396,Excellence Resorts,official_property_page,High,High,independent_census_dr_osm_2026-08-07,Census Only / Not Owner-Facing,Discovered — pending enrichment,High,true,true,known_chain_not_in_active_brand_setup,18.8271737,-68.6015537,18096859880
known_brand_census_intake,known_chain_census_backlog_not_active_setup,Not in Active/Live Brand Setup control list — still required for Hotel Property Census inventory. Do not drop. Autopilot Active scope may not enrich until Brand Status promotion.,route_known_chain_not_active,true,node/3161538019,likely_new_candidate,recyP6DQ1R6mhBse5,Real Intercontinental,Real Intercontinental,osm_do_node_3161538019,InterContinental,InterContinental,Branded,false,Dominican Republic,"Santo Domingo , Rep Dominicana",Unknown,,https://www.openstreetmap.org/node/3161538019,InterContinental,other,Medium,Medium,independent_census_dr_osm_2026-08-07,Census Only / Not Owner-Facing,Discovered — pending enrichment,High,true,true,known_chain_not_in_active_brand_setup,18.4683192,-69.9389109,
known_brand_census_intake,active_or_soft_brand_census_plus_autopilot,Eligible for Active Brand Autopilot coverage after Census insert (if brand is Active/Live).,route_branded_active_setup,true,node/3216771022,needs_research,recUOyzOXn2Zdp98I,Radisson Hotel Santo Domingo,Radisson Hotel Santo Domingo,osm_do_node_3216771022,Radisson by Choice,Radisson by Choice,Branded,false,Dominican Republic,Santo Domingo,Unknown,https://www.radisson.com/santo-domingo-hotel-do-10124/domsddr,https://www.openstreetmap.org/node/3216771022,Radisson by Choice,official_property_page,High,High,independent_census_dr_osm_2026-08-07,Census Only / Not Owner-Facing,Discovered — pending enrichment,High,true,true,,18.4778937,-69.9287341,+1 8095416226
known_brand_census_intake,known_chain_census_backlog_not_active_setup,Not in Active/Live Brand Setup control list — still required for Hotel Property Census inventory. Do not drop. Autopilot Active scope may not enrich until Brand Status promotion.,route_known_chain_not_active,true,node/3287789561,likely_new_candidate,recmAzTMc9asgvt8i,Breathless Resort,Breathless Resort,osm_do_node_3287789561,Breathless (Hyatt Inclusive Collection),Breathless (Hyatt Inclusive Collection),Soft-Branded / Collection,false,Dominican Republic,Playas,Unknown,,https://www.openstreetmap.org/node/3287789561,Breathless (Hyatt Inclusive Collection),other,Medium,Medium,independent_census_dr_osm_2026-08-07,Census Only / Not Owner-Facing,Discovered — pending enrichment,High,true,true,known_chain_not_in_active_brand_setup,18.8094016,-68.5795966,+1 809-551-0000
known_brand_census_intake,known_chain_census_backlog_not_active_setup,Not in Active/Live Brand Setup control list — still required for Hotel Property Census inventory. Do not drop. Autopilot Active scope may not enrich until Brand Status promotion.,route_known_chain_not_active,true,node/3501119758,likely_new_candidate,recbBAqjVS3XOljPA,Viva Dominicus Palace by Wyndham,Viva Dominicus Palace by Wyndham,osm_do_node_3501119758,Wyndham,Wyndham,Branded,false,Dominican Republic,Unknown,Unknown,https://vivaresortsbywyndham.com/viva-dominicus-palace/,https://www.openstreetmap.org/node/3501119758,Wyndham,official_property_page,High,Medium,independent_census_dr_osm_2026-08-07,Census Only / Not Owner-Facing,Discovered — pending enrichment,High,true,true,known_chain_not_in_active_brand_setup,18.3468544,-68.826165,
known_brand_census_intake,active_or_soft_brand_census_plus_autopilot,Eligible for Active Brand Autopilot coverage after Census insert (if brand is Active/Live).,route_branded_active_setup,true,node/3681551947,needs_research,recmK3BC9UpJCf28v,Embassy Suites by Hilton,Embassy Suites by Hilton,osm_do_node_3681551947,Hilton Hotels & Resorts,Hilton Hotels & Resorts,Branded,false,Dominican Republic,Santo Domingo,Unknown,,https://www.openstreetmap.org/node/3681551947,Hilton Hotels & Resorts,other,Medium,Medium,independent_census_dr_osm_2026-08-07,Census Only / Not Owner-Facing,Discovered — pending enrichment,High,true,true,,18.4756481,-69.9272198,
known_brand_census_intake,steward_brand_tag_review,OSM brand tag unresolved — steward before Census insert; may be owner name noise or real chain.,steward_possible_branded,true,node/3831572259,likely_new_candidate,rec01MDiDGhOUizYu,Chaykovsky Boutique h,Chaykovsky Boutique h,osm_do_node_3831572259,Chaykovsky Boutique h,Chaykovsky Boutique h,Brand-Unconfirmed,false,Dominican Republic,Unknown,Unknown,,https://www.openstreetmap.org/node/3831572259,Chaykovsky Boutique h,other,Medium,Low,independent_census_dr_osm_2026-08-07,Census Only / Not Owner-Facing,Discovered — pending enrichment,Medium,true,false,,19.3195011,-69.4516915,+1(8097788075
known_brand_census_intake,known_chain_census_backlog_not_active_setup,Not in Active/Live Brand Setup control list — still required for Hotel Property Census inventory. Do not drop. Autopilot Active scope may not enrich until Brand Status promotion.,route_known_chain_not_active,true,node/4023347101,likely_new_candidate,recaDASYRUNGyBHAC,Excellence El Carmen,Excellence El Carmen,osm_do_node_4023347101,Excellence Resorts,Excellence Resorts,Branded,false,Dominican Republic,Punta Cana,Unknown,https://www.excellenceresorts.com/resorts/excellence-el-carmen/,https://www.openstreetmap.org/node/4023347101,Excellence Resorts,official_property_page,High,High,independent_census_dr_osm_2026-08-07,Census Only / Not Owner-Facing,Discovered — pending enrichment,High,true,true,known_chain_not_in_active_brand_setup,18.8119463,-68.5871317,18096855980
known_brand_census_intake,steward_brand_tag_review,OSM brand tag unresolved — steward before Census insert; may be owner name noise or real chain.,steward_possible_branded,true,node/4037102403,likely_new_candidate,rec01MDiDGhOUizYu,Kasablanka,Kasablanka,osm_do_node_4037102403,LAS AHU ENAS,LAS AHU ENAS,Brand-Unconfirmed,false,Dominican Republic,Unknown,Unknown,,https://www.openstreetmap.org/node/4037102403,LAS AHU ENAS,other,Medium,Low,independent_census_dr_osm_2026-08-07,Census Only / Not Owner-Facing,Discovered — pending enrichment,Medium,true,false,,18.0207065,-71.1406666,
known_brand_census_intake,steward_brand_tag_review,OSM brand tag unresolved — steward before Census insert; may be owner name noise or real chain.,steward_possible_branded,true,node/4214864111,likely_new_candidate,recc4Q3BZldMeMtlA,Las Galeras Village,Las Galeras Village,osm_do_node_4214864111,Sergio Boschetti,Sergio Boschetti,Brand-Unconfirmed,false,Dominican Republic,Las Galeras,Unknown,https://www.lasgalerasvillage.com/,https://www.openstreetmap.org/node/4214864111,Sergio Boschetti,official_property_page,High,High,independent_census_dr_osm_2026-08-07,Census Only / Not Owner-Facing,Discovered — pending enrichment,Medium,true,true,,19.2795593,-69.2098194,+1-829-944-8499
known_brand_census_intake,known_chain_census_backlog_not_active_setup,Not in Active/Live Brand Setup control list — still required for Hotel Property Census inventory. Do not drop. Autopilot Active scope may not enrich until Brand Status promotion.,route_known_chain_not_active,true,node/4268870091,likely_new_candidate,rec01MDiDGhOUizYu,Melia Caribe Tropical,Melia Caribe Tropical,osm_do_node_4268870091,Meliá,Meliá,Branded,false,Dominican Republic,Unknown,Unknown,,https://www.openstreetmap.org/node/4268870091,Meliá,other,Medium,Low,independent_census_dr_osm_2026-08-07,Census Only / Not Owner-Facing,Discovered — pending enrichment,High,true,false,known_chain_not_in_active_brand_setup,18.6735715,-68.4072849,
known_brand_census_intake,known_chain_census_backlog_not_active_setup,Not in Active/Live Brand Setup control list — still required for Hotel Property Census inventory. Do not drop. Autopilot Active scope may not enrich until Brand Status promotion.,route_known_chain_not_active,true,node/4419741355,likely_new_candidate,rec01MDiDGhOUizYu,Villa Ibiscus,Villa Ibiscus,osm_do_node_4419741355,ibis,ibis,Branded,false,Dominican Republic,Unknown,Unknown,https://www.cariway.com/,https://www.openstreetmap.org/node/4419741355,ibis,official_property_page,High,Medium,independent_census_dr_osm_2026-08-07,Census Only / Not Owner-Facing,Discovered — pending enrichment,High,true,true,known_chain_not_in_active_brand_setup,19.2951636,-69.2035488,+ 1 809 9621246
known_brand_census_intake,steward_brand_tag_review,OSM brand tag unresolved — steward before Census insert; may be owner name noise or real chain.,steward_possible_branded,true,node/4576227595,likely_new_candidate,rec01MDiDGhOUizYu,fata morgana,fata morgana,osm_do_node_4576227595,Edit de jong,Edit de jong,Brand-Unconfirmed,false,Dominican Republic,Unknown,Unknown,http://fatamorganalasterrenas.com,https://www.openstreetmap.org/node/4576227595,Edit de jong,official_property_page,High,Medium,independent_census_dr_osm_2026-08-07,Census Only / Not Owner-Facing,Discovered — pending enrichment,Medium,true,true,,19.3083697,-69.5530541,8098365541
known_brand_census_intake,steward_brand_tag_review,OSM brand tag unresolved — steward before Census insert; may be owner name noise or real chain.,steward_possible_branded,true,node/4580475290,likely_new_candidate,recc4Q3BZldMeMtlA,Las Galeras Island Hostel,Las Galeras Island Hostel,osm_do_node_4580475290,Jose Miguel,Jose Miguel,Brand-Unconfirmed,false,Dominican Republic,Unknown,Unknown,http://tropicalislandbb.com/LasGalerasIslandHostel.htm,https://www.openstreetmap.org/node/4580475290,Jose Miguel,official_property_page,High,Medium,independent_census_dr_osm_2026-08-07,Census Only / Not Owner-Facing,Discovered — pending enrichment,Medium,true,true,,19.2792321,-69.2020456,8292762592
known_brand_census_intake,known_chain_census_backlog_not_active_setup,Not in Active/Live Brand Setup control list — still required for Hotel Property Census inventory. Do not drop. Autopilot Active scope may not enrich until Brand Status promotion.,route_known_chain_not_active,true,node/4660748798,likely_new_candidate,recFg5RNpxAAjh7Y2,Grand Bahia Principe Bavaro,Grand Bahia Principe Bavaro,osm_do_node_4660748798,Bahía Príncipe,Bahía Príncipe,Branded,false,Dominican Republic,Unknown,Unknown,,https://www.openstreetmap.org/node/4660748798,Bahía Príncipe,other,Medium,Low,independent_census_dr_osm_2026-08-07,Census Only / Not Owner-Facing,Discovered — pending enrichment,High,true,false,known_chain_not_in_active_brand_setup,18.721967,-68.4658096,
known_brand_census_intake,known_chain_census_backlog_not_active_setup,Not in Active/Live Brand Setup control list — still required for Hotel Property Census inventory. Do not drop. Autopilot Active scope may not enrich until Brand Status promotion.,route_known_chain_not_active,true,node/4660748808,likely_new_candidate,rec6dfi5hrk6vBZsD,Grand Bahia Principe Aquamarine,Grand Bahia Principe Aquamarine,osm_do_node_4660748808,Bahía Príncipe,Bahía Príncipe,Branded,false,Dominican Republic,Unknown,Unknown,,https://www.openstreetmap.org/node/4660748808,Bahía Príncipe,other,Medium,Low,independent_census_dr_osm_2026-08-07,Census Only / Not Owner-Facing,Discovered — pending enrichment,High,true,false,known_chain_not_in_active_brand_setup,18.7253891,-68.4640801,
known_brand_census_intake,steward_brand_tag_review,OSM brand tag unresolved — steward before Census insert; may be owner name noise or real chain.,steward_possible_branded,true,node/4844011423,likely_new_candidate,rec01MDiDGhOUizYu,White Sands B&B,White Sands B&B,osm_do_node_4844011423,Lance & Marianna,Lance & Marianna,Brand-Unconfirmed,false,Dominican Republic,Unknown,Unknown,,https://www.openstreetmap.org/node/4844011423,Lance & Marianna,other,Medium,Low,independent_census_dr_osm_2026-08-07,Census Only / Not Owner-Facing,Discovered — pending enrichment,Medium,true,false,,18.6683749,-68.4041222,8095046206
known_brand_census_intake,known_chain_census_backlog_not_active_setup,Not in Active/Live Brand Setup control list — still required for Hotel Property Census inventory. Do not drop. Autopilot Active scope may not enrich until Brand Status promotion.,route_known_chain_not_active,true,node/4901959222,likely_new_candidate,recUOyzOXn2Zdp98I,Hotel Riu República,Hotel Riu República,osm_do_node_4901959222,RIU,RIU,Branded,false,Dominican Republic,Unknown,Unknown,https://www.riu.com/,https://www.openstreetmap.org/node/4901959222,RIU,official_property_page,High,Medium,independent_census_dr_osm_2026-08-07,Census Only / Not Owner-Facing,Discovered — pending enrichment,High,true,true,known_chain_not_in_active_brand_setup,18.7329556,-68.4751796,+1 809-933-0101
known_brand_census_intake,steward_brand_tag_review,OSM brand tag unresolved — steward before Census insert; may be owner name noise or real chain.,steward_possible_branded,true,node/4906431721,likely_new_candidate,recazCEnMYzUaPGvy,Hostal Casa 51,Hostal Casa 51,osm_do_node_4906431721,Bless Diaz,Bless Diaz,Brand-Unconfirmed,false,Dominican Republic,Unknown,Unknown,http://www.casa51guesthouse.com,https://www.openstreetmap.org/node/4906431721,Bless Diaz,official_property_page,High,Medium,independent_census_dr_osm_2026-08-07,Census Only / Not Owner-Facing,Discovered — pending enrichment,Medium,true,true,,18.4688886,-69.8876938,8295947473
known_brand_census_intake,steward_brand_tag_review,OSM brand tag unresolved — steward before Census insert; may be owner name noise or real chain.,steward_possible_branded,true,node/5037222221,likely_new_candidate,rec36JB20skuIVr8w,Los Corales Village RECEPTION,Los Corales Village RECEPTION,osm_do_node_5037222221,Los Corales Village - Grupo Dos,Los Corales Village - Grupo Dos,Brand-Unconfirmed,false,Dominican Republic,Unknown,Unknown,https://www.loscoralesvillage.com,https://www.openstreetmap.org/node/5037222221,Los Corales Village - Grupo Dos,official_property_page,High,Medium,independent_census_dr_osm_2026-08-07,Census Only / Not Owner-Facing,Discovered — pending enrichment,Medium,true,true,,18.6816378,-68.4141964,+18099156584
known_brand_census_intake,known_chain_census_backlog_not_active_setup,Not in Active/Live Brand Setup control list — still required for Hotel Property Census inventory. Do not drop. Autopilot Active scope may not enrich until Brand Status promotion.,route_known_chain_not_active,true,node/5181801658,likely_new_candidate,recegeRVCOwMBS1u9,Amhsa Marina Grand Paradise Playa Dorada,Amhsa Marina Grand Paradise Playa Dorada,osm_do_node_5181801658,Amhsa Marina Hotels,Amhsa Marina Hotels,Branded,false,Dominican Republic,Unknown,Unknown,,https://www.openstreetmap.org/node/5181801658,Amhsa Marina Hotels,other,Medium,Low,independent_census_dr_osm_2026-08-07,Census Only / Not Owner-Facing,Discovered — pending enrichment,High,true,false,known_chain_not_in_active_brand_setup,19.7716769,-70.6417964,
known_brand_census_intake,steward_brand_tag_review,OSM brand tag unresolved — steward before Census insert; may be owner name noise or real chain.,steward_possible_branded,true,node/5207508821,likely_new_candidate,rec36JB20skuIVr8w,Villa los Gorgones,Villa los Gorgones,osm_do_node_5207508821,Hans De Schryver,Hans De Schryver,Brand-Unconfirmed,false,Dominican Republic,Unknown,Unknown,,https://www.openstreetmap.org/node/5207508821,Hans De Schryver,other,Medium,Low,independent_census_dr_osm_2026-08-07,Census Only / Not Owner-Facing,Discovered — pending enrichment,Medium,true,false,,19.2951819,-69.2035993,8299448499
known_brand_census_intake,steward_brand_tag_review,OSM brand tag unresolved — steward before Census insert; may be owner name noise or real chain.,steward_possible_branded,true,node/5249076522,likely_new_candidate,recazCEnMYzUaPGvy,Casa Cayuco,Casa Cayuco,osm_do_node_5249076522,Elodie Prader,Elodie Prader,Brand-Unconfirmed,false,Dominican Republic,Unknown,Unknown,http://www.praderinmo.com,https://www.openstreetmap.org/node/5249076522,Elodie Prader,official_property_page,High,Medium,independent_census_dr_osm_2026-08-07,Census Only / Not Owner-Facing,Discovered — pending enrichment,Medium,true,true,,19.2918406,-69.5686728,+18295761412
known_brand_census_intake,steward_brand_tag_review,OSM brand tag unresolved — steward before Census insert; may be owner name noise or real chain.,steward_possible_branded,true,node/5280875644,likely_new_candidate,rec01MDiDGhOUizYu,Hostal Rural Backpackers,Hostal Rural Backpackers,osm_do_node_5280875644,Vicente Sempere,Vicente Sempere,Brand-Unconfirmed,false,Dominican Republic,Polo,Unknown,https://web.facebook.com/hostalpolo/,https://www.openstreetmap.org/node/5280875644,Vicente Sempere,official_property_page,High,High,independent_census_dr_osm_2026-08-07,Census Only / Not Owner-Facing,Discovered — pending enrichment,Medium,true,true,,18.0893369,-71.2755343,829-852-6164
known_brand_census_intake,known_chain_census_backlog_not_active_setup,Not in Active/Live Brand Setup control list — still required for Hotel Property Census inventory. Do not drop. Autopilot Active scope may not enrich until Brand Status promotion.,route_known_chain_not_active,true,node/5688089045,likely_new_candidate,rec6dfi5hrk6vBZsD,"Lopesan Costa Bávaro Resort, Spa & Casino","Lopesan Costa Bávaro Resort, Spa & Casino",osm_do_node_5688089045,Lopesan,Lopesan,Branded,false,Dominican Republic,Punta Cana,Unknown,https://www.lopesan.com/es/hoteles/republica-dominicana/punta-cana/playa-bavaro/costa-bavaro/,https://www.openstreetmap.org/node/5688089045,Lopesan,official_property_page,High,High,independent_census_dr_osm_2026-08-07,Census Only / Not Owner-Facing,Discovered — pending enrichment,High,true,true,known_chain_not_in_active_brand_setup,18.6702253,-68.4056539,+1 809-200-2101
known_brand_census_intake,known_chain_census_backlog_not_active_setup,Not in Active/Live Brand Setup control list — still required for Hotel Property Census inventory. Do not drop. Autopilot Active scope may not enrich until Brand Status promotion.,route_known_chain_not_active,true,node/6020419629,likely_new_candidate,recLcfYMZLX0PgEA5,The Circle by Meliá,The Circle by Meliá,osm_do_node_6020419629,Meliá,Meliá,Branded,false,Dominican Republic,Unknown,Unknown,https://twitter.com/CirclebyMelia,https://www.openstreetmap.org/node/6020419629,Meliá,official_property_page,High,Medium,independent_census_dr_osm_2026-08-07,Census Only / Not Owner-Facing,Discovered — pending enrichment,High,true,true,known_chain_not_in_active_brand_setup,18.675371,-68.4200334,
known_brand_census_intake,steward_brand_tag_review,OSM brand tag unresolved — steward before Census insert; may be owner name noise or real chain.,steward_possible_branded,true,node/6186383052,likely_new_candidate,recKI0UUutwks5d3N,Casa Gio Las Terrenas,Casa Gio Las Terrenas,osm_do_node_6186383052,Affitta camere,Affitta camere,Brand-Unconfirmed,false,Dominican Republic,Las Terrenas,Unknown,,https://www.openstreetmap.org/node/6186383052,Affitta camere,other,Medium,Medium,independent_census_dr_osm_2026-08-07,Census Only / Not Owner-Facing,Discovered — pending enrichment,Medium,true,true,,19.3089533,-69.5482067,
known_brand_census_intake,known_chain_census_backlog_not_active_setup,Not in Active/Live Brand Setup control list — still required for Hotel Property Census inventory. Do not drop. Autopilot Active scope may not enrich until Brand Status promotion.,route_known_chain_not_active,true,node/6314999313,likely_new_candidate,recH2spywZTIOoEiA,Catalonia Bavaro Royal,Catalonia Bavaro Royal,osm_do_node_6314999313,Catalonia,Catalonia,Branded,false,Dominican Republic,Unknown,Unknown,,https://www.openstreetmap.org/node/6314999313,Catalonia,other,Medium,Low,independent_census_dr_osm_2026-08-07,Census Only / Not Owner-Facing,Discovered — pending enrichment,High,true,false,known_chain_not_in_active_brand_setup,18.6391094,-68.3465322,
known_brand_census_intake,known_chain_census_backlog_not_active_setup,Not in Active/Live Brand Setup control list — still required for Hotel Property Census inventory. Do not drop. Autopilot Active scope may not enrich until Brand Status promotion.,route_known_chain_not_active,true,node/6468314516,likely_new_candidate,receIilMrq1w1BXyd,Hotel Emotions by Hodelpa,Hotel Emotions by Hodelpa,osm_do_node_6468314516,Hodelpa,Hodelpa,Branded,false,Dominican Republic,Unknown,Unknown,,https://www.openstreetmap.org/node/6468314516,Hodelpa,other,Medium,Low,independent_census_dr_osm_2026-08-07,Census Only / Not Owner-Facing,Discovered — pending enrichment,High,true,false,known_chain_not_in_active_brand_setup,18.4279217,-69.4048733,
known_brand_census_intake,steward_brand_tag_review,OSM brand tag unresolved — steward before Census insert; may be owner name noise or real chain.,steward_possible_branded,true,node/6561542253,likely_new_candidate,rec01MDiDGhOUizYu,Cabrera Chalet,Cabrera Chalet,osm_do_node_6561542253,Boutique Hotel,Boutique Hotel,Brand-Unconfirmed,false,Dominican Republic,Cabrera,Unknown,https://www.cabrera-chalet.com,https://www.openstreetmap.org/node/6561542253,Boutique Hotel,official_property_page,High,High,independent_census_dr_osm_2026-08-07,Census Only / Not Owner-Facing,Discovered — pending enrichment,Medium,true,true,,19.6392919,-69.9306226,
known_brand_census_intake,known_chain_census_backlog_not_active_setup,Not in Active/Live Brand Setup control list — still required for Hotel Property Census inventory. Do not drop. Autopilot Active scope may not enrich until Brand Status promotion.,route_known_chain_not_active,true,node/6604081464,likely_new_candidate,rec01MDiDGhOUizYu,Share Melvi Apartment,Share Melvi Apartment,osm_do_node_6604081464,Barceló,Barceló,Branded,false,Dominican Republic,Punta Cana,Unknown,,https://www.openstreetmap.org/node/6604081464,Barceló,other,Medium,Medium,independent_census_dr_osm_2026-08-07,Census Only / Not Owner-Facing,Discovered — pending enrichment,High,true,true,known_chain_not_in_active_brand_setup,18.6680759,-68.4044643,
known_brand_census_intake,steward_brand_tag_review,OSM brand tag unresolved — steward before Census insert; may be owner name noise or real chain.,steward_possible_branded,true,node/7243015035,likely_new_candidate,recESHsNsWUFYZrxR,Arena Oceanview Hotel & La Terraza Restaurant,Arena Oceanview Hotel & La Terraza Restaurant,osm_do_node_7243015035,Private,Private,Brand-Unconfirmed,false,Dominican Republic,Las Galeres,Unknown,https://arenahotelboutique.com,https://www.openstreetmap.org/node/7243015035,Private,official_property_page,High,High,independent_census_dr_osm_2026-08-07,Census Only / Not Owner-Facing,Discovered — pending enrichment,Medium,true,true,,19.2923904,-69.1993454,+18098719153 +18293906080
known_brand_census_intake,known_chain_census_backlog_not_active_setup,Not in Active/Live Brand Setup control list — still required for Hotel Property Census inventory. Do not drop. Autopilot Active scope may not enrich until Brand Status promotion.,route_known_chain_not_active,true,node/8026710897,likely_new_candidate,recN76iEE6yAaPh8H,Hyatt Zilara Cap Cana,Hyatt Zilara Cap Cana,osm_do_node_8026710897,Hyatt Zilara,Hyatt Zilara,Branded,false,Dominican Republic,Unknown,Unknown,,https://www.openstreetmap.org/node/8026710897,Hyatt Zilara,other,Medium,Low,independent_census_dr_osm_2026-08-07,Census Only / Not Owner-Facing,Discovered — pending enrichment,High,true,false,known_chain_not_in_active_brand_setup,18.481834,-68.3970198,
known_brand_census_intake,known_chain_census_backlog_not_active_setup,Not in Active/Live Brand Setup control list — still required for Hotel Property Census inventory. Do not drop. Autopilot Active scope may not enrich until Brand Status promotion.,route_known_chain_not_active,true,node/8116547995,likely_new_candidate,recXh4NgF8sDbi9cQ,Majestic Mirage Punta Cana - All-Suite Resort,Majestic Mirage Punta Cana - All-Suite Resort,osm_do_node_8116547995,Majestic Resorts,Majestic Resorts,Branded,false,Dominican Republic,Punta Cana,Unknown,https://www.majestic-resorts.com/punta-cana/resorts/majestic-mirage-punta-cana-all-suite-resort,https://www.openstreetmap.org/node/8116547995,Majestic Resorts,official_property_page,High,High,independent_census_dr_osm_2026-08-07,Census Only / Not Owner-Facing,Discovered — pending enrichment,High,true,true,known_chain_not_in_active_brand_setup,18.7285006,-68.4657023,+1 888-477-7227
known_brand_census_intake,known_chain_census_backlog_not_active_setup,Not in Active/Live Brand Setup control list — still required for Hotel Property Census inventory. Do not drop. Autopilot Active scope may not enrich until Brand Status promotion.,route_known_chain_not_active,true,node/8262599417,likely_new_candidate,recazCEnMYzUaPGvy,Casa Amelia,Casa Amelia,osm_do_node_8262599417,Meliá,Meliá,Branded,false,Dominican Republic,Unknown,Unknown,,https://www.openstreetmap.org/node/8262599417,Meliá,other,Medium,Low,independent_census_dr_osm_2026-08-07,Census Only / Not Owner-Facing,Discovered — pending enrichment,High,true,false,known_chain_not_in_active_brand_setup,19.8461922,-71.2109023,
known_brand_census_intake,steward_brand_tag_review,OSM brand tag unresolved — steward before Census insert; may be owner name noise or real chain.,steward_possible_branded,true,node/9051047481,likely_new_candidate,rec01MDiDGhOUizYu,Surfbreak Cabarete,Surfbreak Cabarete,osm_do_node_9051047481,Romario,Romario,Brand-Unconfirmed,false,Dominican Republic,Unknown,Unknown,https://www.surfbreakcabarete.com/,https://www.openstreetmap.org/node/9051047481,Romario,official_property_page,High,Medium,independent_census_dr_osm_2026-08-07,Census Only / Not Owner-Facing,Discovered — pending enrichment,Medium,true,true,,19.7758853,-70.444467,+1 8299214080
known_brand_census_intake,known_chain_census_backlog_not_active_setup,Not in Active/Live Brand Setup control list — still required for Hotel Property Census inventory. Do not drop. Autopilot Active scope may not enrich until Brand Status promotion.,route_known_chain_not_active,true,node/9167682913,likely_new_candidate,recUOyzOXn2Zdp98I,Hotel Naragua,Hotel Naragua,osm_do_node_9167682913,RIU,RIU,Branded,false,Dominican Republic,Unknown,Unknown,,https://www.openstreetmap.org/node/9167682913,RIU,other,Medium,Low,independent_census_dr_osm_2026-08-07,Census Only / Not Owner-Facing,Discovered — pending enrichment,High,true,false,known_chain_not_in_active_brand_setup,18.6449754,-68.356058,
known_brand_census_intake,active_or_soft_brand_census_plus_autopilot,Eligible for Active Brand Autopilot coverage after Census insert (if brand is Active/Live).,route_branded_active_setup,true,node/9296353657,likely_new_candidate,recXh4NgF8sDbi9cQ,"Radisson Blu Resort & Residence, Punta Cana","Radisson Blu Resort & Residence, Punta Cana",osm_do_node_9296353657,Radisson Blu by Choice,Radisson Blu by Choice,Branded,false,Dominican Republic,Punta Cana,Unknown,https://www.radissonhotelsamericas.com/en-us/hotels/radisson-blu-resort-punta-cana,https://www.openstreetmap.org/node/9296353657,Radisson Blu by Choice,official_property_page,High,High,independent_census_dr_osm_2026-08-07,Census Only / Not Owner-Facing,Discovered — pending enrichment,High,true,true,,18.6470019,-68.3568795,
known_brand_census_intake,steward_brand_tag_review,OSM brand tag unresolved — steward before Census insert; may be owner name noise or real chain.,steward_possible_branded,true,node/10823294756,likely_new_candidate,rec2qzq0V2Hvr2m6l,Domescape Glamping Miches,Domescape Glamping Miches,osm_do_node_10823294756,Domescape,Domescape,Brand-Unconfirmed,false,Dominican Republic,Unknown,Unknown,https://www.facebook.com/domescapeglamping,https://www.openstreetmap.org/node/10823294756,Domescape,official_property_page,High,Medium,independent_census_dr_osm_2026-08-07,Census Only / Not Owner-Facing,Discovered — pending enrichment,Medium,true,true,,18.9846791,-68.8701632,
known_brand_census_intake,steward_brand_tag_review,OSM brand tag unresolved — steward before Census insert; may be owner name noise or real chain.,steward_possible_branded,true,node/11102602341,likely_new_candidate,rec01MDiDGhOUizYu,Villa Mamanita,Villa Mamanita,osm_do_node_11102602341,Villa Mamanita,Villa Mamanita,Brand-Unconfirmed,false,Dominican Republic,villa altagracia,Unknown,https://instagram.com/villamamanita?utm_source=qr&igshid=MzNlNGNkZWQ4Mg%3D%3D,https://www.openstreetmap.org/node/11102602341,Villa Mamanita,official_property_page,High,High,independent_census_dr_osm_2026-08-07,Census Only / Not Owner-Facing,Discovered — pending enrichment,Medium,true,true,,18.7223211,-70.2485889,8492012297
known_brand_census_intake,steward_brand_tag_review,OSM brand tag unresolved — steward before Census insert; may be owner name noise or real chain.,steward_possible_branded,true,node/11158547600,likely_new_candidate,recFg5RNpxAAjh7Y2,Los Corales Beach Village Suites,Los Corales Beach Village Suites,osm_do_node_11158547600,Los Corales Village - Grupo Dos,Los Corales Village - Grupo Dos,Brand-Unconfirmed,false,Dominican Republic,Unknown,Unknown,https://www.loscoralesvillage.com,https://www.openstreetmap.org/node/11158547600,Los Corales Village - Grupo Dos,official_property_page,High,Medium,independent_census_dr_osm_2026-08-07,Census Only / Not Owner-Facing,Discovered — pending enrichment,Medium,true,true,,18.6821326,-68.4126113,+18099156584
known_brand_census_intake,steward_brand_tag_review,OSM brand tag unresolved — steward before Census insert; may be owner name noise or real chain.,steward_possible_branded,true,node/11158547601,likely_new_candidate,recc4Q3BZldMeMtlA,Las Terrazas Condo Apartment,Las Terrazas Condo Apartment,osm_do_node_11158547601,Los Corales Village - Grupo Dos,Los Corales Village - Grupo Dos,Brand-Unconfirmed,false,Dominican Republic,Unknown,Unknown,https://www.loscoralesvillage.com,https://www.openstreetmap.org/node/11158547601,Los Corales Village - Grupo Dos,official_property_page,High,Medium,independent_census_dr_osm_2026-08-07,Census Only / Not Owner-Facing,Discovered — pending enrichment,Medium,true,true,,18.682313,-68.4138424,+18099156584
known_brand_census_intake,steward_brand_tag_review,OSM brand tag unresolved — steward before Census insert; may be owner name noise or real chain.,steward_possible_branded,true,node/11158547602,likely_new_candidate,rec01MDiDGhOUizYu,Flor del Mar Condo Apartment,Flor del Mar Condo Apartment,osm_do_node_11158547602,Los Corales Village - Grupo Dos,Los Corales Village - Grupo Dos,Brand-Unconfirmed,false,Dominican Republic,Unknown,Unknown,https://www.loscoralesvillage.com,https://www.openstreetmap.org/node/11158547602,Los Corales Village - Grupo Dos,official_property_page,High,Medium,independent_census_dr_osm_2026-08-07,Census Only / Not Owner-Facing,Discovered — pending enrichment,Medium,true,true,,18.6830117,-68.4135393,+18099156584
known_brand_census_intake,steward_brand_tag_review,OSM brand tag unresolved — steward before Census insert; may be owner name noise or real chain.,steward_possible_branded,true,node/11158547603,likely_new_candidate,recFg5RNpxAAjh7Y2,La Piazzetta PREMIUM Suites,La Piazzetta PREMIUM Suites,osm_do_node_11158547603,Los Corales Village - Grupo Dos,Los Corales Village - Grupo Dos,Brand-Unconfirmed,false,Dominican Republic,Unknown,Unknown,https://www.loscoralesvillage.com,https://www.openstreetmap.org/node/11158547603,Los Corales Village - Grupo Dos,official_property_page,High,Medium,independent_census_dr_osm_2026-08-07,Census Only / Not Owner-Facing,Discovered — pending enrichment,Medium,true,true,,18.6821935,-68.4147892,+18099156584
known_brand_census_intake,known_chain_census_backlog_not_active_setup,Not in Active/Live Brand Setup control list — still required for Hotel Property Census inventory. Do not drop. Autopilot Active scope may not enrich until Brand Status promotion.,route_known_chain_not_active,true,node/11216277399,needs_research,rec2qzq0V2Hvr2m6l,"Marriott Miches Beach, An All-Inclusive Resort","Marriott Miches Beach, An All-Inclusive Resort",osm_do_node_11216277399,Marriott,Marriott,Branded,false,Dominican Republic,Unknown,Unknown,,https://www.openstreetmap.org/node/11216277399,Marriott,other,Medium,Low,independent_census_dr_osm_2026-08-07,Census Only / Not Owner-Facing,Discovered — pending enrichment,High,true,false,known_chain_not_in_active_brand_setup,18.9817594,-69.0345651,
known_brand_census_intake,known_chain_census_backlog_not_active_setup,Not in Active/Live Brand Setup control list — still required for Hotel Property Census inventory. Do not drop. Autopilot Active scope may not enrich until Brand Status promotion.,route_known_chain_not_active,true,node/11628073769,likely_new_candidate,recmAzTMc9asgvt8i,Melia caribe beach resort,Melia caribe beach resort,osm_do_node_11628073769,Meliá,Meliá,Branded,false,Dominican Republic,Unknown,Unknown,,https://www.openstreetmap.org/node/11628073769,Meliá,other,Medium,Low,independent_census_dr_osm_2026-08-07,Census Only / Not Owner-Facing,Discovered — pending enrichment,High,true,false,known_chain_not_in_active_brand_setup,18.6731734,-68.4145065,
known_brand_census_intake,known_chain_census_backlog_not_active_setup,Not in Active/Live Brand Setup control list — still required for Hotel Property Census inventory. Do not drop. Autopilot Active scope may not enrich until Brand Status promotion.,route_known_chain_not_active,true,node/12818363772,needs_research,rec6QsU0IyLwBGJdy,Holiday Inn Santo Domingo,Holiday Inn Santo Domingo,osm_do_node_12818363772,Holiday Inn,Holiday Inn,Branded,false,Dominican Republic,Unknown,Unknown,,https://www.openstreetmap.org/node/12818363772,Holiday Inn,other,Medium,Low,independent_census_dr_osm_2026-08-07,Census Only / Not Owner-Facing,Discovered — pending enrichment,High,true,false,known_chain_not_in_active_brand_setup,18.4762894,-69.9364942,
known_brand_census_intake,known_chain_census_backlog_not_active_setup,Not in Active/Live Brand Setup control list — still required for Hotel Property Census inventory. Do not drop. Autopilot Active scope may not enrich until Brand Status promotion.,route_known_chain_not_active,true,node/13081433749,likely_new_candidate,recbBAqjVS3XOljPA,Viva Dominicus Beach by Wyndham,Viva Dominicus Beach by Wyndham,osm_do_node_13081433749,Wyndham,Wyndham,Branded,false,Dominican Republic,Unknown,Unknown,https://vivaresortsbywyndham.com/viva-dominicus-beach/,https://www.openstreetmap.org/node/13081433749,Wyndham,official_property_page,High,Medium,independent_census_dr_osm_2026-08-07,Census Only / Not Owner-Facing,Discovered — pending enrichment,High,true,true,known_chain_not_in_active_brand_setup,18.3490053,-68.8288237,
known_brand_census_intake,known_chain_census_backlog_not_active_setup,Not in Active/Live Brand Setup control list — still required for Hotel Property Census inventory. Do not drop. Autopilot Active scope may not enrich until Brand Status promotion.,route_known_chain_not_active,true,way/27956819,needs_research,recwbwEj6MbjvS4sm,Iberostar Waves Punta Cana,Iberostar Waves Punta Cana,osm_do_way_27956819,Iberostar,Iberostar,Branded,false,Dominican Republic,Punta Cana,Unknown,https://www.iberostar.com/en/hotels/punta-cana/iberostar-waves-punta-cana/,https://www.openstreetmap.org/way/27956819,Iberostar,official_property_page,High,High,independent_census_dr_osm_2026-08-07,Census Only / Not Owner-Facing,Discovered — pending enrichment,High,true,true,known_chain_not_in_active_brand_setup,18.7173048,-68.4523189,+1-809-221-6500
known_brand_census_intake,known_chain_census_backlog_not_active_setup,Not in Active/Live Brand Setup control list — still required for Hotel Property Census inventory. Do not drop. Autopilot Active scope may not enrich until Brand Status promotion.,route_known_chain_not_active,true,way/27956853,needs_research,rec5i0bwI4gOWw3LI,Iberostar Waves Dominicana,Iberostar Waves Dominicana,osm_do_way_27956853,Iberostar,Iberostar,Branded,false,Dominican Republic,Punta Cana,Unknown,https://www.iberostar.com/en/hotels/punta-cana/iberostar-dominicana/,https://www.openstreetmap.org/way/27956853,Iberostar,official_property_page,High,High,independent_census_dr_osm_2026-08-07,Census Only / Not Owner-Facing,Discovered — pending enrichment,High,true,true,known_chain_not_in_active_brand_setup,18.7164959,-68.4512567,+1 809-221-6500
known_brand_census_intake,known_chain_census_backlog_not_active_setup,Not in Active/Live Brand Setup control list — still required for Hotel Property Census inventory. Do not drop. Autopilot Active scope may not enrich until Brand Status promotion.,route_known_chain_not_active,true,way/27957139,likely_new_candidate,recrpcMu4sx4vSkmS,Hotel Riu Palace Macao,Hotel Riu Palace Macao,osm_do_way_27957139,RIU,RIU,Branded,false,Dominican Republic,Punta Cana,Unknown,https://www.riu.com/en/hotel/dominican-republic/punta-cana/hotel-riu-palace-macao/,https://www.openstreetmap.org/way/27957139,RIU,official_property_page,High,High,independent_census_dr_osm_2026-08-07,Census Only / Not Owner-Facing,Discovered — pending enrichment,High,true,true,known_chain_not_in_active_brand_setup,18.7203349,-68.4555171,+1 809-221-7171
known_brand_census_intake,known_chain_census_backlog_not_active_setup,Not in Active/Live Brand Setup control list — still required for Hotel Property Census inventory. Do not drop. Autopilot Active scope may not enrich until Brand Status promotion.,route_known_chain_not_active,true,way/33120922,likely_new_candidate,recUOyzOXn2Zdp98I,Hotel Occidental Allegro Playa Dorada,Hotel Occidental Allegro Playa Dorada,osm_do_way_33120922,Occidental,Occidental,Branded,false,Dominican Republic,Unknown,Unknown,,https://www.openstreetmap.org/way/33120922,Occidental,other,Medium,Low,independent_census_dr_osm_2026-08-07,Census Only / Not Owner-Facing,Discovered — pending enrichment,High,true,false,known_chain_not_in_active_brand_setup,19.765833,-70.6388762,
known_brand_census_intake,known_chain_census_backlog_not_active_setup,Not in Active/Live Brand Setup control list — still required for Hotel Property Census inventory. Do not drop. Autopilot Active scope may not enrich until Brand Status promotion.,route_known_chain_not_active,true,way/34879211,needs_research,recrpcMu4sx4vSkmS,Barcelo Punta Cana Hotel,Barcelo Punta Cana Hotel,osm_do_way_34879211,Barceló,Barceló,Branded,false,Dominican Republic,Unknown,Unknown,,https://www.openstreetmap.org/way/34879211,Barceló,other,Medium,Low,independent_census_dr_osm_2026-08-07,Census Only / Not Owner-Facing,Discovered — pending enrichment,High,true,false,known_chain_not_in_active_brand_setup,18.7336433,-68.4718416,
known_brand_census_intake,known_chain_census_backlog_not_active_setup,Not in Active/Live Brand Setup control list — still required for Hotel Property Census inventory. Do not drop. Autopilot Active scope may not enrich until Brand Status promotion.,route_known_chain_not_active,true,way/53581002,likely_new_candidate,recrpcMu4sx4vSkmS,Hotel Riu Bambu,Hotel Riu Bambu,osm_do_way_53581002,RIU,RIU,Branded,false,Dominican Republic,Punta Cana,Unknown,https://www.riu.com/en/hotel/dominican-republic/punta-cana/hotel-riu-bambu,https://www.openstreetmap.org/way/53581002,RIU,official_property_page,High,High,independent_census_dr_osm_2026-08-07,Census Only / Not Owner-Facing,Discovered — pending enrichment,High,true,true,known_chain_not_in_active_brand_setup,18.7226758,-68.4572682,+1 809-221-7575
known_brand_census_intake,steward_brand_tag_review,OSM brand tag unresolved — steward before Census insert; may be owner name noise or real chain.,steward_possible_branded,true,way/93553072,likely_new_candidate,recbBAqjVS3XOljPA,Hotel Dominican Fiesta,Hotel Dominican Fiesta,osm_do_way_93553072,Fiesta,Fiesta,Brand-Unconfirmed,false,Dominican Republic,Unknown,Unknown,,https://www.openstreetmap.org/way/93553072,Fiesta,other,Medium,Low,independent_census_dr_osm_2026-08-07,Census Only / Not Owner-Facing,Discovered — pending enrichment,Medium,true,false,,18.4396732,-69.9692967,
known_brand_census_intake,known_chain_census_backlog_not_active_setup,Not in Active/Live Brand Setup control list — still required for Hotel Property Census inventory. Do not drop. Autopilot Active scope may not enrich until Brand Status promotion.,route_known_chain_not_active,true,way/104646167,likely_new_candidate,recCtBmPY8ahaQVPP,Barceló Bávaro Beach – Adults only,Barceló Bávaro Beach – Adults only,osm_do_way_104646167,Barceló,Barceló,Branded,false,Dominican Republic,Unknown,Unknown,https://www.barcelo.com/en-us/barcelo-bavaro-beach/?utm_source=google&utm_medium=organic&utm_campaign=my_business&utm_content=7389,https://www.openstreetmap.org/way/104646167,Barceló,official_property_page,High,Medium,independent_census_dr_osm_2026-08-07,Census Only / Not Owner-Facing,Discovered — pending enrichment,High,true,true,known_chain_not_in_active_brand_setup,18.6676765,-68.399608,+18096865797
known_brand_census_intake,known_chain_census_backlog_not_active_setup,Not in Active/Live Brand Setup control list — still required for Hotel Property Census inventory. Do not drop. Autopilot Active scope may not enrich until Brand Status promotion.,route_known_chain_not_active,true,way/110955858,needs_research,recFg5RNpxAAjh7Y2,Iberostar Selection Bavaro Suites,Iberostar Selection Bavaro Suites,osm_do_way_110955858,Iberostar,Iberostar,Branded,false,Dominican Republic,Punta Cana,Unknown,https://www.iberostar.com/en/hotels/punta-cana/iberostar-selection-bavaro-suites/,https://www.openstreetmap.org/way/110955858,Iberostar,official_property_page,High,High,independent_census_dr_osm_2026-08-07,Census Only / Not Owner-Facing,Discovered — pending enrichment,High,true,true,known_chain_not_in_active_brand_setup,18.7132868,-68.4504159,+1 809-221-6500
known_brand_census_intake,known_chain_census_backlog_not_active_setup,Not in Active/Live Brand Setup control list — still required for Hotel Property Census inventory. Do not drop. Autopilot Active scope may not enrich until Brand Status promotion.,route_known_chain_not_active,true,way/110962847,needs_research,reczINcOAL4nPdklO,Iberostar Selection Coral Bávaro,Iberostar Selection Coral Bávaro,osm_do_way_110962847,Iberostar,Iberostar,Branded,false,Dominican Republic,Punta Cana,Unknown,https://www.iberostar.com/en/hotels/punta-cana/iberostar-selection-coral-bavaro/,https://www.openstreetmap.org/way/110962847,Iberostar,official_property_page,High,High,independent_census_dr_osm_2026-08-07,Census Only / Not Owner-Facing,Discovered — pending enrichment,High,true,true,known_chain_not_in_active_brand_setup,18.7170623,-68.4502253,+1 809-221-6500
known_brand_census_intake,known_chain_census_backlog_not_active_setup,Not in Active/Live Brand Setup control list — still required for Hotel Property Census inventory. Do not drop. Autopilot Active scope may not enrich until Brand Status promotion.,route_known_chain_not_active,true,way/136390467,needs_research,recegeRVCOwMBS1u9,Iberostar Waves Costa Dorada,Iberostar Waves Costa Dorada,osm_do_way_136390467,Iberostar,Iberostar,Branded,false,Dominican Republic,Marapica,Unknown,https://www.iberostar.com/en/hotels/puerto-plata/iberostar-waves-costa-dorada/,https://www.openstreetmap.org/way/136390467,Iberostar,official_property_page,High,High,independent_census_dr_osm_2026-08-07,Census Only / Not Owner-Facing,Discovered — pending enrichment,High,true,true,known_chain_not_in_active_brand_setup,19.7759797,-70.6580692,+1 809-320-1000
known_brand_census_intake,known_chain_census_backlog_not_active_setup,Not in Active/Live Brand Setup control list — still required for Hotel Property Census inventory. Do not drop. Autopilot Active scope may not enrich until Brand Status promotion.,route_known_chain_not_active,true,way/142306645,likely_new_candidate,recrpcMu4sx4vSkmS,Hotel Riu Naiboa,Hotel Riu Naiboa,osm_do_way_142306645,RIU,RIU,Branded,false,Dominican Republic,Punta Cana,Unknown,https://www.riu.com/en/hotel/dominican-republic/punta-cana/hotel-riu-naiboa/,https://www.openstreetmap.org/way/142306645,RIU,official_property_page,High,High,independent_census_dr_osm_2026-08-07,Census Only / Not Owner-Facing,Discovered — pending enrichment,High,true,true,known_chain_not_in_active_brand_setup,18.7176172,-68.4553328,+1 809-221-7515
known_brand_census_intake,known_chain_census_backlog_not_active_setup,Not in Active/Live Brand Setup control list — still required for Hotel Property Census inventory. Do not drop. Autopilot Active scope may not enrich until Brand Status promotion.,route_known_chain_not_active,true,way/142306646,likely_new_candidate,recrpcMu4sx4vSkmS,Hotel Riu Palace Punta Cana,Hotel Riu Palace Punta Cana,osm_do_way_142306646,RIU,RIU,Branded,false,Dominican Republic,Punta Cana,Unknown,https://www.riu.com/en/hotel/dominican-republic/punta-cana/hotel-riu-palace-punta-cana/,https://www.openstreetmap.org/way/142306646,RIU,official_property_page,High,High,independent_census_dr_osm_2026-08-07,Census Only / Not Owner-Facing,Discovered — pending enrichment,High,true,true,known_chain_not_in_active_brand_setup,18.7233055,-68.4589037,+1 809-687-4242
known_brand_census_intake,known_chain_census_backlog_not_active_setup,Not in Active/Live Brand Setup control list — still required for Hotel Property Census inventory. Do not drop. Autopilot Active scope may not enrich until Brand Status promotion.,route_known_chain_not_active,true,way/153864150,needs_research,recUOyzOXn2Zdp98I,Hotel Barceló Santo Domingo,Hotel Barceló Santo Domingo,osm_do_way_153864150,Barceló,Barceló,Branded,false,Dominican Republic,Unknown,Unknown,https://www.barcelo.com/en-us/barcelo-hotels/hotels/dominican-republic/santo-domingo/barcelo-santo-domingo,https://www.openstreetmap.org/way/153864150,Barceló,official_property_page,High,Medium,independent_census_dr_osm_2026-08-07,Census Only / Not Owner-Facing,Discovered — pending enrichment,High,true,true,known_chain_not_in_active_brand_setup,18.4748726,-69.912525,+ 1 809 563 5000
known_brand_census_intake,known_chain_census_backlog_not_active_setup,Not in Active/Live Brand Setup control list — still required for Hotel Property Census inventory. Do not drop. Autopilot Active scope may not enrich until Brand Status promotion.,route_known_chain_not_active,true,way/164232205,likely_new_candidate,reckIUCAyaUts6PPS,Hodelpa Centro Plaza Hotel,Hodelpa Centro Plaza Hotel,osm_do_way_164232205,Hodelpa,Hodelpa,Branded,false,Dominican Republic,Santiago de los Caballeros,Unknown,,https://www.openstreetmap.org/way/164232205,Hodelpa,other,Medium,Medium,independent_census_dr_osm_2026-08-07,Census Only / Not Owner-Facing,Discovered — pending enrichment,High,true,true,known_chain_not_in_active_brand_setup,19.4504476,-70.7021693,
known_brand_census_intake,known_chain_census_backlog_not_active_setup,Not in Active/Live Brand Setup control list — still required for Hotel Property Census inventory. Do not drop. Autopilot Active scope may not enrich until Brand Status promotion.,route_known_chain_not_active,true,way/175357851,likely_new_candidate,recbqmjZiacpHmeJo,Gran Bahia Principe Cayacoa,Gran Bahia Principe Cayacoa,osm_do_way_175357851,Bahía Príncipe,Bahía Príncipe,Branded,false,Dominican Republic,Unknown,Unknown,,https://www.openstreetmap.org/way/175357851,Bahía Príncipe,other,Medium,Low,independent_census_dr_osm_2026-08-07,Census Only / Not Owner-Facing,Discovered — pending enrichment,High,true,false,known_chain_not_in_active_brand_setup,19.1975216,-69.3373164,
known_brand_census_intake,active_or_soft_brand_census_plus_autopilot,Eligible for Active Brand Autopilot coverage after Census insert (if brand is Active/Live).,route_branded_active_setup,true,way/177332376,needs_research,recUoUcP9lEuNkl0F,Crowne Plaza,Crowne Plaza,osm_do_way_177332376,Crowne Plaza,Crowne Plaza,Branded,false,Dominican Republic,Santo Domingo,Unknown,,https://www.openstreetmap.org/way/177332376,Crowne Plaza,other,Medium,Medium,independent_census_dr_osm_2026-08-07,Census Only / Not Owner-Facing,Discovered — pending enrichment,High,true,true,,18.4639693,-69.8963633,
known_brand_census_intake,known_chain_census_backlog_not_active_setup,Not in Active/Live Brand Setup control list — still required for Hotel Property Census inventory. Do not drop. Autopilot Active scope may not enrich until Brand Status promotion.,route_known_chain_not_active,true,way/177332379,likely_new_candidate,recMzzHNZjAlaQh7y,Renaissance Hotel,Renaissance Hotel,osm_do_way_177332379,Renaissance Hotels,Renaissance Hotels,Branded,false,Dominican Republic,Santo Domingo,Unknown,,https://www.openstreetmap.org/way/177332379,Renaissance Hotels,other,Medium,Medium,independent_census_dr_osm_2026-08-07,Census Only / Not Owner-Facing,Discovered — pending enrichment,High,true,true,known_chain_not_in_active_brand_setup,18.4622555,-69.8999642,
known_brand_census_intake,known_chain_census_backlog_not_active_setup,Not in Active/Live Brand Setup control list — still required for Hotel Property Census inventory. Do not drop. Autopilot Active scope may not enrich until Brand Status promotion.,route_known_chain_not_active,true,way/199921835,likely_new_candidate,recaDASYRUNGyBHAC,Gran Bahia Principe El Portillo,Gran Bahia Principe El Portillo,osm_do_way_199921835,Bahía Príncipe,Bahía Príncipe,Branded,false,Dominican Republic,Unknown,Unknown,https://www.bahia-principe.com/en/resorts-in-dominican-republic/resort-el-portillo/,https://www.openstreetmap.org/way/199921835,Bahía Príncipe,official_property_page,High,Medium,independent_census_dr_osm_2026-08-07,Census Only / Not Owner-Facing,Discovered — pending enrichment,High,true,true,known_chain_not_in_active_brand_setup,19.32368,-69.4955,
known_brand_census_intake,known_chain_census_backlog_not_active_setup,Not in Active/Live Brand Setup control list — still required for Hotel Property Census inventory. Do not drop. Autopilot Active scope may not enrich until Brand Status promotion.,route_known_chain_not_active,true,way/204089278,likely_new_candidate,recazCEnMYzUaPGvy,Casa Marina Beach & Reef,Casa Marina Beach & Reef,osm_do_way_204089278,Amhsa Marina Hotels,Amhsa Marina Hotels,Branded,false,Dominican Republic,Unknown,Unknown,,https://www.openstreetmap.org/way/204089278,Amhsa Marina Hotels,other,Medium,Low,independent_census_dr_osm_2026-08-07,Census Only / Not Owner-Facing,Discovered — pending enrichment,High,true,false,known_chain_not_in_active_brand_setup,19.7668734,-70.517382,
known_brand_census_intake,known_chain_census_backlog_not_active_setup,Not in Active/Live Brand Setup control list — still required for Hotel Property Census inventory. Do not drop. Autopilot Active scope may not enrich until Brand Status promotion.,route_known_chain_not_active,true,way/233446403,likely_new_candidate,recbqmjZiacpHmeJo,Hodelpa Gran Almirante,Hodelpa Gran Almirante,osm_do_way_233446403,Hodelpa,Hodelpa,Branded,false,Dominican Republic,Unknown,Unknown,,https://www.openstreetmap.org/way/233446403,Hodelpa,other,Medium,Low,independent_census_dr_osm_2026-08-07,Census Only / Not Owner-Facing,Discovered — pending enrichment,High,true,false,known_chain_not_in_active_brand_setup,19.4653439,-70.6872776,
known_brand_census_intake,known_chain_census_backlog_not_active_setup,Not in Active/Live Brand Setup control list — still required for Hotel Property Census inventory. Do not drop. Autopilot Active scope may not enrich until Brand Status promotion.,route_known_chain_not_active,true,way/236000172,likely_new_candidate,recKI0UUutwks5d3N,Luxury Bahia Principe Samana,Luxury Bahia Principe Samana,osm_do_way_236000172,Bahía Príncipe,Bahía Príncipe,Branded,false,Dominican Republic,Unknown,Unknown,,https://www.openstreetmap.org/way/236000172,Bahía Príncipe,other,Medium,Low,independent_census_dr_osm_2026-08-07,Census Only / Not Owner-Facing,Discovered — pending enrichment,High,true,false,known_chain_not_in_active_brand_setup,19.1842032,-69.2708708,
known_brand_census_intake,steward_brand_tag_review,OSM brand tag unresolved — steward before Census insert; may be owner name noise or real chain.,steward_possible_branded,true,way/245917690,likely_new_candidate,rec01MDiDGhOUizYu,Cabañas Monte Lola,Cabañas Monte Lola,osm_do_way_245917690,Cesar Ureña,Cesar Ureña,Brand-Unconfirmed,false,Dominican Republic,Unknown,Unknown,,https://www.openstreetmap.org/way/245917690,Cesar Ureña,other,Medium,Low,independent_census_dr_osm_2026-08-07,Census Only / Not Owner-Facing,Discovered — pending enrichment,Medium,true,false,,19.6637088,-71.2017364,
known_brand_census_intake,active_or_soft_brand_census_plus_autopilot,Eligible for Active Brand Autopilot coverage after Census insert (if brand is Active/Live).,route_branded_active_setup,true,way/251860535,likely_new_candidate,rec6QsU0IyLwBGJdy,Quality Inn,Quality Inn,osm_do_way_251860535,Quality Inn,Quality Inn,Branded,false,Dominican Republic,Unknown,Unknown,,https://www.openstreetmap.org/way/251860535,Quality Inn,other,Medium,Low,independent_census_dr_osm_2026-08-07,Census Only / Not Owner-Facing,Discovered — pending enrichment,High,true,false,,18.4569491,-69.706117,
known_brand_census_intake,known_chain_census_backlog_not_active_setup,Not in Active/Live Brand Setup control list — still required for Hotel Property Census inventory. Do not drop. Autopilot Active scope may not enrich until Brand Status promotion.,route_known_chain_not_active,true,way/253123206,likely_new_candidate,recOOk81RLNhbx8B5,Catalonia Royal La Romana,Catalonia Royal La Romana,osm_do_way_253123206,Catalonia,Catalonia,Branded,false,Dominican Republic,Unknown,Unknown,https://www.cataloniahotels.com/en/hotel/catalonia-royal-la-romana-adults-only,https://www.openstreetmap.org/way/253123206,Catalonia,official_property_page,High,Medium,independent_census_dr_osm_2026-08-07,Census Only / Not Owner-Facing,Discovered — pending enrichment,High,true,true,known_chain_not_in_active_brand_setup,18.3449962,-68.8218655,
known_brand_census_intake,active_or_soft_brand_census_plus_autopilot,Eligible for Active Brand Autopilot coverage after Census insert (if brand is Active/Live).,route_branded_active_setup,true,way/253125050,likely_new_candidate,recOOk81RLNhbx8B5,Hilton La Romana,Hilton La Romana,osm_do_way_253125050,Hilton Hotels & Resorts,Hilton Hotels & Resorts,Branded,false,Dominican Republic,Unknown,Unknown,,https://www.openstreetmap.org/way/253125050,Hilton Hotels & Resorts,other,Medium,Low,independent_census_dr_osm_2026-08-07,Census Only / Not Owner-Facing,Discovered — pending enrichment,High,true,false,,18.3766482,-68.845207,
known_brand_census_intake,known_chain_census_backlog_not_active_setup,Not in Active/Live Brand Setup control list — still required for Hotel Property Census inventory. Do not drop. Autopilot Active scope may not enrich until Brand Status promotion.,route_known_chain_not_active,true,way/255788067,likely_new_candidate,recUOyzOXn2Zdp98I,Hard Rock Hotel,Hard Rock Hotel,osm_do_way_255788067,Hard Rock Hotels,Hard Rock Hotels,Branded,false,Dominican Republic,Unknown,Unknown,,https://www.openstreetmap.org/way/255788067,Hard Rock Hotels,other,Medium,Low,independent_census_dr_osm_2026-08-07,Census Only / Not Owner-Facing,Discovered — pending enrichment,High,true,false,known_chain_not_in_active_brand_setup,18.7337121,-68.4823028,
known_brand_census_intake,known_chain_census_backlog_not_active_setup,Not in Active/Live Brand Setup control list — still required for Hotel Property Census inventory. Do not drop. Autopilot Active scope may not enrich until Brand Status promotion.,route_known_chain_not_active,true,way/255806141,likely_new_candidate,recbBAqjVS3XOljPA,Barceló Dominican Beach,Barceló Dominican Beach,osm_do_way_255806141,Barceló,Barceló,Branded,false,Dominican Republic,Unknown,Unknown,http://www.barcelodominicanbeach.com/,https://www.openstreetmap.org/way/255806141,Barceló,official_property_page,High,Medium,independent_census_dr_osm_2026-08-07,Census Only / Not Owner-Facing,Discovered — pending enrichment,High,true,true,known_chain_not_in_active_brand_setup,18.6876446,-68.4179156,
known_brand_census_intake,known_chain_census_backlog_not_active_setup,Not in Active/Live Brand Setup control list — still required for Hotel Property Census inventory. Do not drop. Autopilot Active scope may not enrich until Brand Status promotion.,route_known_chain_not_active,true,way/272974124,needs_research,recUOyzOXn2Zdp98I,Melia Santo Domingo Hotel,Melia Santo Domingo Hotel,osm_do_way_272974124,Meliá,Meliá,Branded,false,Dominican Republic,Santo Domingo,Unknown,,https://www.openstreetmap.org/way/272974124,Meliá,other,Medium,Medium,independent_census_dr_osm_2026-08-07,Census Only / Not Owner-Facing,Discovered — pending enrichment,High,true,true,known_chain_not_in_active_brand_setup,18.4631093,-69.8978204,
known_brand_census_intake,known_chain_census_backlog_not_active_setup,Not in Active/Live Brand Setup control list — still required for Hotel Property Census inventory. Do not drop. Autopilot Active scope may not enrich until Brand Status promotion.,route_known_chain_not_active,true,way/309203833,needs_research,recLcfYMZLX0PgEA5,JOIA Bávaro by Iberostar,JOIA Bávaro by Iberostar,osm_do_way_309203833,Iberostar,Iberostar,Branded,false,Dominican Republic,Punta Cana,Unknown,https://www.iberostar.com/en/hotels/punta-cana/joia-bavaro-by-iberostar/,https://www.openstreetmap.org/way/309203833,Iberostar,official_property_page,High,High,independent_census_dr_osm_2026-08-07,Census Only / Not Owner-Facing,Discovered — pending enrichment,High,true,true,known_chain_not_in_active_brand_setup,18.7124876,-68.4478444,+1 809-221-6500
known_brand_census_intake,known_chain_census_backlog_not_active_setup,Not in Active/Live Brand Setup control list — still required for Hotel Property Census inventory. Do not drop. Autopilot Active scope may not enrich until Brand Status promotion.,route_known_chain_not_active,true,way/309228608,likely_new_candidate,recrpcMu4sx4vSkmS,Majestic Colonial Hotel,Majestic Colonial Hotel,osm_do_way_309228608,Majestic Resorts,Majestic Resorts,Branded,false,Dominican Republic,Punta Cana,Unknown,https://www.majestic-resorts.com/punta-cana/resorts/majestic-colonial-punta-cana,https://www.openstreetmap.org/way/309228608,Majestic Resorts,official_property_page,High,High,independent_census_dr_osm_2026-08-07,Census Only / Not Owner-Facing,Discovered — pending enrichment,High,true,true,known_chain_not_in_active_brand_setup,18.7313806,-68.4678523,+1 888-477-7227
known_brand_census_intake,known_chain_census_backlog_not_active_setup,Not in Active/Live Brand Setup control list — still required for Hotel Property Census inventory. Do not drop. Autopilot Active scope may not enrich until Brand Status promotion.,route_known_chain_not_active,true,way/309228614,likely_new_candidate,recrpcMu4sx4vSkmS,Majestic Elegance Punta Cana,Majestic Elegance Punta Cana,osm_do_way_309228614,Majestic Resorts,Majestic Resorts,Branded,false,Dominican Republic,Punta Cana,Unknown,https://www.majestic-resorts.com/punta-cana/resorts/majestic-elegance-punta-cana,https://www.openstreetmap.org/way/309228614,Majestic Resorts,official_property_page,High,High,independent_census_dr_osm_2026-08-07,Census Only / Not Owner-Facing,Discovered — pending enrichment,High,true,true,known_chain_not_in_active_brand_setup,18.7297268,-68.4667024,+1 888-477-7227
known_brand_census_intake,known_chain_census_backlog_not_active_setup,Not in Active/Live Brand Setup control list — still required for Hotel Property Census inventory. Do not drop. Autopilot Active scope may not enrich until Brand Status promotion.,route_known_chain_not_active,true,way/310072877,likely_new_candidate,recUOyzOXn2Zdp98I,Dreams Resort Hotel,Dreams Resort Hotel,osm_do_way_310072877,Dreams (Hyatt Inclusive Collection),Dreams (Hyatt Inclusive Collection),Soft-Branded / Collection,false,Dominican Republic,Unknown,Unknown,,https://www.openstreetmap.org/way/310072877,Dreams (Hyatt Inclusive Collection),other,Medium,Low,independent_census_dr_osm_2026-08-07,Census Only / Not Owner-Facing,Discovered — pending enrichment,High,true,false,known_chain_not_in_active_brand_setup,18.8026888,-68.5753048,
known_brand_census_intake,known_chain_census_backlog_not_active_setup,Not in Active/Live Brand Setup control list — still required for Hotel Property Census inventory. Do not drop. Autopilot Active scope may not enrich until Brand Status promotion.,route_known_chain_not_active,true,way/310075723,likely_new_candidate,recXh4NgF8sDbi9cQ,Grand Sirenis Punta Cana Resort,Grand Sirenis Punta Cana Resort,osm_do_way_310075723,Sirenis Hotels & Resorts,Sirenis Hotels & Resorts,Branded,false,Dominican Republic,Unknown,Unknown,https://sirenishotels.com,https://www.openstreetmap.org/way/310075723,Sirenis Hotels & Resorts,official_property_page,High,Medium,independent_census_dr_osm_2026-08-07,Census Only / Not Owner-Facing,Discovered — pending enrichment,High,true,true,known_chain_not_in_active_brand_setup,18.8181888,-68.5907075,
known_brand_census_intake,known_chain_census_backlog_not_active_setup,Not in Active/Live Brand Setup control list — still required for Hotel Property Census inventory. Do not drop. Autopilot Active scope may not enrich until Brand Status promotion.,route_known_chain_not_active,true,way/310076079,needs_research,recrpcMu4sx4vSkmS,Excellence Punta Cana Hotel,Excellence Punta Cana Hotel,osm_do_way_310076079,Excellence Resorts,Excellence Resorts,Branded,false,Dominican Republic,Unknown,Unknown,,https://www.openstreetmap.org/way/310076079,Excellence Resorts,other,Medium,Low,independent_census_dr_osm_2026-08-07,Census Only / Not Owner-Facing,Discovered — pending enrichment,High,true,false,known_chain_not_in_active_brand_setup,18.8274581,-68.6013611,
known_brand_census_intake,known_chain_census_backlog_not_active_setup,Not in Active/Live Brand Setup control list — still required for Hotel Property Census inventory. Do not drop. Autopilot Active scope may not enrich until Brand Status promotion.,route_known_chain_not_active,true,way/310436422,likely_new_candidate,recrpcMu4sx4vSkmS,Occidental Grand Punta Cana Hotel,Occidental Grand Punta Cana Hotel,osm_do_way_310436422,Occidental,Occidental,Branded,false,Dominican Republic,Unknown,Unknown,,https://www.openstreetmap.org/way/310436422,Occidental,other,Medium,Low,independent_census_dr_osm_2026-08-07,Census Only / Not Owner-Facing,Discovered — pending enrichment,High,true,false,known_chain_not_in_active_brand_setup,18.6970933,-68.4338138,+1 809 221-8787
known_brand_census_intake,known_chain_census_backlog_not_active_setup,Not in Active/Live Brand Setup control list — still required for Hotel Property Census inventory. Do not drop. Autopilot Active scope may not enrich until Brand Status promotion.,route_known_chain_not_active,true,way/310694392,likely_new_candidate,recyP6DQ1R6mhBse5,Real Intercontinental Hotel,Real Intercontinental Hotel,osm_do_way_310694392,InterContinental,InterContinental,Branded,false,Dominican Republic,"Santo Domingo , Rep Dominicana",Unknown,,https://www.openstreetmap.org/way/310694392,InterContinental,other,Medium,Medium,independent_census_dr_osm_2026-08-07,Census Only / Not Owner-Facing,Discovered — pending enrichment,High,true,true,known_chain_not_in_active_brand_setup,18.4684917,-69.9388876,
known_brand_census_intake,known_chain_census_backlog_not_active_setup,Not in Active/Live Brand Setup control list — still required for Hotel Property Census inventory. Do not drop. Autopilot Active scope may not enrich until Brand Status promotion.,route_known_chain_not_active,true,way/312593390,likely_new_candidate,recUOyzOXn2Zdp98I,Hodelpa Garden Court Hotel,Hodelpa Garden Court Hotel,osm_do_way_312593390,Hodelpa,Hodelpa,Branded,false,Dominican Republic,Unknown,Unknown,https://www.hodelpa.com/,https://www.openstreetmap.org/way/312593390,Hodelpa,official_property_page,High,Medium,independent_census_dr_osm_2026-08-07,Census Only / Not Owner-Facing,Discovered — pending enrichment,High,true,true,known_chain_not_in_active_brand_setup,19.3993701,-70.6292536,+1 (809) 612-7000
known_brand_census_intake,known_chain_census_backlog_not_active_setup,Not in Active/Live Brand Setup control list — still required for Hotel Property Census inventory. Do not drop. Autopilot Active scope may not enrich until Brand Status promotion.,route_known_chain_not_active,true,way/323830323,needs_research,reczkazxsG1HRRH88,Iberostar Hacienda Dominicus,Iberostar Hacienda Dominicus,osm_do_way_323830323,Iberostar,Iberostar,Branded,false,Dominican Republic,Higüey,Unknown,https://www.iberostar.com/en/hotels/bayahibe/iberostar-selection-hacienda-dominicus/,https://www.openstreetmap.org/way/323830323,Iberostar,official_property_page,High,High,independent_census_dr_osm_2026-08-07,Census Only / Not Owner-Facing,Discovered — pending enrichment,High,true,true,known_chain_not_in_active_brand_setup,18.3477867,-68.8224984,1 809-688-3600
known_brand_census_intake,known_chain_census_backlog_not_active_setup,Not in Active/Live Brand Setup control list — still required for Hotel Property Census inventory. Do not drop. Autopilot Active scope may not enrich until Brand Status promotion.,route_known_chain_not_active,true,way/335856652,needs_research,recrpcMu4sx4vSkmS,Hotel Breathless Punta Cana,Hotel Breathless Punta Cana,osm_do_way_335856652,Breathless (Hyatt Inclusive Collection),Breathless (Hyatt Inclusive Collection),Soft-Branded / Collection,false,Dominican Republic,Unknown,Unknown,,https://www.openstreetmap.org/way/335856652,Breathless (Hyatt Inclusive Collection),other,Medium,Low,independent_census_dr_osm_2026-08-07,Census Only / Not Owner-Facing,Discovered — pending enrichment,High,true,false,known_chain_not_in_active_brand_setup,18.8087322,-68.5797242,
known_brand_census_intake,known_chain_census_backlog_not_active_setup,Not in Active/Live Brand Setup control list — still required for Hotel Property Census inventory. Do not drop. Autopilot Active scope may not enrich until Brand Status promotion.,route_known_chain_not_active,true,way/335856784,likely_new_candidate,recXh4NgF8sDbi9cQ,Dreams Punta Cana Resort & Spa,Dreams Punta Cana Resort & Spa,osm_do_way_335856784,Dreams (Hyatt Inclusive Collection),Dreams (Hyatt Inclusive Collection),Soft-Branded / Collection,false,Dominican Republic,Punta Cana,Unknown,,https://www.openstreetmap.org/way/335856784,Dreams (Hyatt Inclusive Collection),other,Medium,Medium,independent_census_dr_osm_2026-08-07,Census Only / Not Owner-Facing,Discovered — pending enrichment,High,true,true,known_chain_not_in_active_brand_setup,18.8036592,-68.5743011,
known_brand_census_intake,known_chain_census_backlog_not_active_setup,Not in Active/Live Brand Setup control list — still required for Hotel Property Census inventory. Do not drop. Autopilot Active scope may not enrich until Brand Status promotion.,route_known_chain_not_active,true,way/342786288,likely_new_candidate,recOOk81RLNhbx8B5,Bahía Príncipe Playa Nueva La Romana,Bahía Príncipe Playa Nueva La Romana,osm_do_way_342786288,Bahía Príncipe,Bahía Príncipe,Branded,false,Dominican Republic,Unknown,Unknown,,https://www.openstreetmap.org/way/342786288,Bahía Príncipe,other,Medium,Low,independent_census_dr_osm_2026-08-07,Census Only / Not Owner-Facing,Discovered — pending enrichment,High,true,false,known_chain_not_in_active_brand_setup,18.435257,-69.1903111,
known_brand_census_intake,known_chain_census_backlog_not_active_setup,Not in Active/Live Brand Setup control list — still required for Hotel Property Census inventory. Do not drop. Autopilot Active scope may not enrich until Brand Status promotion.,route_known_chain_not_active,true,way/378375761,needs_research,rec6QsU0IyLwBGJdy,Holiday Inn,Holiday Inn,osm_do_way_378375761,Holiday Inn,Holiday Inn,Branded,false,Dominican Republic,Santo Domingo,Unknown,,https://www.openstreetmap.org/way/378375761,Holiday Inn,other,Medium,Medium,independent_census_dr_osm_2026-08-07,Census Only / Not Owner-Facing,Discovered — pending enrichment,High,true,true,known_chain_not_in_active_brand_setup,18.4761553,-69.9367164,
known_brand_census_intake,active_or_soft_brand_census_plus_autopilot,Eligible for Active Brand Autopilot coverage after Census insert (if brand is Active/Live).,route_branded_active_setup,true,way/404174344,needs_research,recmAzTMc9asgvt8i,Westin,Westin,osm_do_way_404174344,Westin,Westin,Branded,false,Dominican Republic,Unknown,Unknown,,https://www.openstreetmap.org/way/404174344,Westin,other,Medium,Low,independent_census_dr_osm_2026-08-07,Census Only / Not Owner-Facing,Discovered — pending enrichment,High,true,false,,18.4643779,-69.9318502,
known_brand_census_intake,known_chain_census_backlog_not_active_setup,Not in Active/Live Brand Setup control list — still required for Hotel Property Census inventory. Do not drop. Autopilot Active scope may not enrich until Brand Status promotion.,route_known_chain_not_active,true,way/404430604,likely_new_candidate,recUOyzOXn2Zdp98I,Hotel Acuarium,Hotel Acuarium,osm_do_way_404430604,RIU,RIU,Branded,false,Dominican Republic,Santo Domingo,Unknown,,https://www.openstreetmap.org/way/404430604,RIU,other,Medium,Medium,independent_census_dr_osm_2026-08-07,Census Only / Not Owner-Facing,Discovered — pending enrichment,High,true,true,known_chain_not_in_active_brand_setup,18.4696203,-69.8325676,
known_brand_census_intake,known_chain_census_backlog_not_active_setup,Not in Active/Live Brand Setup control list — still required for Hotel Property Census inventory. Do not drop. Autopilot Active scope may not enrich until Brand Status promotion.,route_known_chain_not_active,true,way/406649862,likely_new_candidate,recdS7vpmjgcTvAFu,Hodelpa Caribe Colonial,Hodelpa Caribe Colonial,osm_do_way_406649862,Hodelpa,Hodelpa,Branded,false,Dominican Republic,Unknown,Unknown,,https://www.openstreetmap.org/way/406649862,Hodelpa,other,Medium,Low,independent_census_dr_osm_2026-08-07,Census Only / Not Owner-Facing,Discovered — pending enrichment,High,true,false,known_chain_not_in_active_brand_setup,18.4745489,-69.8835275,
known_brand_census_intake,known_chain_census_backlog_not_active_setup,Not in Active/Live Brand Setup control list — still required for Hotel Property Census inventory. Do not drop. Autopilot Active scope may not enrich until Brand Status promotion.,route_known_chain_not_active,true,way/408753404,needs_research,rec5i0bwI4gOWw3LI,Iberostar,Iberostar,osm_do_way_408753404,Iberostar,Iberostar,Branded,false,Dominican Republic,Santo Domingo,Unknown,,https://www.openstreetmap.org/way/408753404,Iberostar,other,Medium,Medium,independent_census_dr_osm_2026-08-07,Census Only / Not Owner-Facing,Discovered — pending enrichment,High,true,true,known_chain_not_in_active_brand_setup,18.4612551,-69.9396516,
known_brand_census_intake,steward_brand_tag_review,OSM brand tag unresolved — steward before Census insert; may be owner name noise or real chain.,steward_possible_branded,true,way/409588717,likely_new_candidate,rec01MDiDGhOUizYu,GAVA hostel,GAVA hostel,osm_do_way_409588717,GAVA,GAVA,Brand-Unconfirmed,false,Dominican Republic,Bavaro - Punta Cana,Unknown,https://www.facebook.com/pages/GAVA-hostel-Punta-Cana-Bavaro-Dominican-Republic/126310254216636?ref=hl,https://www.openstreetmap.org/way/409588717,GAVA,official_property_page,High,High,independent_census_dr_osm_2026-08-07,Census Only / Not Owner-Facing,Discovered — pending enrichment,Medium,true,true,,18.6855031,-68.4208618,+18292065583
known_brand_census_intake,known_chain_census_backlog_not_active_setup,Not in Active/Live Brand Setup control list — still required for Hotel Property Census inventory. Do not drop. Autopilot Active scope may not enrich until Brand Status promotion.,route_known_chain_not_active,true,way/471926026,likely_new_candidate,rec6dfi5hrk6vBZsD,Grand Bahia Principe Turquesa,Grand Bahia Principe Turquesa,osm_do_way_471926026,Bahía Príncipe,Bahía Príncipe,Branded,false,Dominican Republic,Unknown,Unknown,,https://www.openstreetmap.org/way/471926026,Bahía Príncipe,other,Medium,Low,independent_census_dr_osm_2026-08-07,Census Only / Not Owner-Facing,Discovered — pending enrichment,High,true,false,known_chain_not_in_active_brand_setup,18.721265,-68.4672648,
known_brand_census_intake,known_chain_census_backlog_not_active_setup,Not in Active/Live Brand Setup control list — still required for Hotel Property Census inventory. Do not drop. Autopilot Active scope may not enrich until Brand Status promotion.,route_known_chain_not_active,true,way/476739407,likely_new_candidate,recrpcMu4sx4vSkmS,Hotel Riu Republica,Hotel Riu Republica,osm_do_way_476739407,RIU,RIU,Branded,false,Dominican Republic,Punta Cana,Unknown,https://www.riu.com/en/hotel/dominican-republic/punta-cana/hotel-riu-republica/,https://www.openstreetmap.org/way/476739407,RIU,official_property_page,High,High,independent_census_dr_osm_2026-08-07,Census Only / Not Owner-Facing,Discovered — pending enrichment,High,true,true,known_chain_not_in_active_brand_setup,18.4648512,-68.4023911,+1 809-933-0101
known_brand_census_intake,known_chain_census_backlog_not_active_setup,Not in Active/Live Brand Setup control list — still required for Hotel Property Census inventory. Do not drop. Autopilot Active scope may not enrich until Brand Status promotion.,route_known_chain_not_active,true,way/539003044,likely_new_candidate,rec01MDiDGhOUizYu,Bahía Príncipe Bouganville,Bahía Príncipe Bouganville,osm_do_way_539003044,Bahía Príncipe,Bahía Príncipe,Branded,false,Dominican Republic,Unknown,Unknown,,https://www.openstreetmap.org/way/539003044,Bahía Príncipe,other,Medium,Low,independent_census_dr_osm_2026-08-07,Census Only / Not Owner-Facing,Discovered — pending enrichment,High,true,false,known_chain_not_in_active_brand_setup,18.4338554,-69.190938,
known_brand_census_intake,known_chain_census_backlog_not_active_setup,Not in Active/Live Brand Setup control list — still required for Hotel Property Census inventory. Do not drop. Autopilot Active scope may not enrich until Brand Status promotion.,route_known_chain_not_active,true,way/540475898,likely_new_candidate,recOOk81RLNhbx8B5,Dreams Dominicus La Romana,Dreams Dominicus La Romana,osm_do_way_540475898,Dreams (Hyatt Inclusive Collection),Dreams (Hyatt Inclusive Collection),Soft-Branded / Collection,false,Dominican Republic,Bahahibe,Unknown,,https://www.openstreetmap.org/way/540475898,Dreams (Hyatt Inclusive Collection),other,Medium,Medium,independent_census_dr_osm_2026-08-07,Census Only / Not Owner-Facing,Discovered — pending enrichment,High,true,true,known_chain_not_in_active_brand_setup,18.3454757,-68.8198493,+1 809-221-0303
known_brand_census_intake,known_chain_census_backlog_not_active_setup,Not in Active/Live Brand Setup control list — still required for Hotel Property Census inventory. Do not drop. Autopilot Active scope may not enrich until Brand Status promotion.,route_known_chain_not_active,true,way/545028233,likely_new_candidate,recazCEnMYzUaPGvy,Hotel Casa Hemingway,Hotel Casa Hemingway,osm_do_way_545028233,Starfish Resorts,Starfish Resorts,Branded,false,Dominican Republic,Unknown,Unknown,,https://www.openstreetmap.org/way/545028233,Starfish Resorts,other,Medium,Low,independent_census_dr_osm_2026-08-07,Census Only / Not Owner-Facing,Discovered — pending enrichment,High,true,false,known_chain_not_in_active_brand_setup,18.4300093,-69.3972418,
known_brand_census_intake,known_chain_census_backlog_not_active_setup,Not in Active/Live Brand Setup control list — still required for Hotel Property Census inventory. Do not drop. Autopilot Active scope may not enrich until Brand Status promotion.,route_known_chain_not_active,true,way/597361865,likely_new_candidate,recKylgkR9LkMxaRP,Lopesan Costa Bávaro Resort & Spa,Lopesan Costa Bávaro Resort & Spa,osm_do_way_597361865,Lopesan,Lopesan,Branded,false,Dominican Republic,Punta Cana,Unknown,https://www.lopesan.com/es/hoteles/republica-dominicana/punta-cana/playa-bavaro/ifa-villas-bavaro/,https://www.openstreetmap.org/way/597361865,Lopesan,official_property_page,High,High,independent_census_dr_osm_2026-08-07,Census Only / Not Owner-Facing,Discovered — pending enrichment,High,true,true,known_chain_not_in_active_brand_setup,18.6706856,-68.4044305,+1 809-200-2101
known_brand_census_intake,steward_brand_tag_review,OSM brand tag unresolved — steward before Census insert; may be owner name noise or real chain.,steward_possible_branded,true,way/652498669,likely_new_candidate,recmAzTMc9asgvt8i,Coop Marena Beach Resort,Coop Marena Beach Resort,osm_do_way_652498669,Seguro de Maestros,Seguro de Maestros,Brand-Unconfirmed,false,Dominican Republic,Unknown,Unknown,,https://www.openstreetmap.org/way/652498669,Seguro de Maestros,other,Medium,Low,independent_census_dr_osm_2026-08-07,Census Only / Not Owner-Facing,Discovered — pending enrichment,Medium,true,false,,18.4246803,-69.4279667,
known_brand_census_intake,known_chain_census_backlog_not_active_setup,Not in Active/Live Brand Setup control list — still required for Hotel Property Census inventory. Do not drop. Autopilot Active scope may not enrich until Brand Status promotion.,route_known_chain_not_active,true,way/659053800,likely_new_candidate,recbBAqjVS3XOljPA,Viva Wyndham Tangerine,Viva Wyndham Tangerine,osm_do_way_659053800,Wyndham,Wyndham,Branded,false,Dominican Republic,Cabarete,Unknown,,https://www.openstreetmap.org/way/659053800,Wyndham,other,Medium,Medium,independent_census_dr_osm_2026-08-07,Census Only / Not Owner-Facing,Discovered — pending enrichment,High,true,true,known_chain_not_in_active_brand_setup,19.753724,-70.4157637,
known_brand_census_intake,active_or_soft_brand_census_plus_autopilot,Eligible for Active Brand Autopilot coverage after Census insert (if brand is Active/Live).,route_branded_active_setup,true,way/675403679,likely_new_candidate,recmAzTMc9asgvt8i,The Westin Punta Cana - Resort & Club,The Westin Punta Cana - Resort & Club,osm_do_way_675403679,Westin,Westin,Branded,false,Dominican Republic,Punta Cana,Unknown,,https://www.openstreetmap.org/way/675403679,Westin,other,Medium,Medium,independent_census_dr_osm_2026-08-07,Census Only / Not Owner-Facing,Discovered — pending enrichment,High,true,true,,18.5384865,-68.356448,
known_brand_census_intake,known_chain_census_backlog_not_active_setup,Not in Active/Live Brand Setup control list — still required for Hotel Property Census inventory. Do not drop. Autopilot Active scope may not enrich until Brand Status promotion.,route_known_chain_not_active,true,way/677625141,likely_new_candidate,recN76iEE6yAaPh8H,Secrets Cap Cana Resort & Spa,Secrets Cap Cana Resort & Spa,osm_do_way_677625141,Secrets (Hyatt Inclusive Collection),Secrets (Hyatt Inclusive Collection),Soft-Branded / Collection,false,Dominican Republic,Unknown,Unknown,,https://www.openstreetmap.org/way/677625141,Secrets (Hyatt Inclusive Collection),other,Medium,Low,independent_census_dr_osm_2026-08-07,Census Only / Not Owner-Facing,Discovered — pending enrichment,High,true,false,known_chain_not_in_active_brand_setup,18.4843873,-68.3942656,
known_brand_census_intake,known_chain_census_backlog_not_active_setup,Not in Active/Live Brand Setup control list — still required for Hotel Property Census inventory. Do not drop. Autopilot Active scope may not enrich until Brand Status promotion.,route_known_chain_not_active,true,way/711650078,likely_new_candidate,recrpcMu4sx4vSkmS,Nickelodeon Hotels & Resorts Punta Cana,Nickelodeon Hotels & Resorts Punta Cana,osm_do_way_711650078,Karisma Hotels,Karisma Hotels,Branded,false,Dominican Republic,Punta Cana,Unknown,https://www.karismahotels.com/nickelodeon-hotels-resorts/punta-cana,https://www.openstreetmap.org/way/711650078,Karisma Hotels,official_property_page,High,High,independent_census_dr_osm_2026-08-07,Census Only / Not Owner-Facing,Discovered — pending enrichment,High,true,true,known_chain_not_in_active_brand_setup,18.7983174,-68.5763452,(844) 733-6425
known_brand_census_intake,known_chain_census_backlog_not_active_setup,Not in Active/Live Brand Setup control list — still required for Hotel Property Census inventory. Do not drop. Autopilot Active scope may not enrich until Brand Status promotion.,route_known_chain_not_active,true,way/711650079,likely_new_candidate,recrpcMu4sx4vSkmS,Nickelodeon Hotels & Resorts Punta Cana,Nickelodeon Hotels & Resorts Punta Cana,osm_do_way_711650079,Karisma Hotels,Karisma Hotels,Branded,false,Dominican Republic,Punta Cana,Unknown,https://www.karismahotels.com/nickelodeon-hotels-resorts/punta-cana,https://www.openstreetmap.org/way/711650079,Karisma Hotels,official_property_page,High,High,independent_census_dr_osm_2026-08-07,Census Only / Not Owner-Facing,Discovered — pending enrichment,High,true,true,known_chain_not_in_active_brand_setup,18.8016903,-68.5725192,(844) 733-6425
known_brand_census_intake,known_chain_census_backlog_not_active_setup,Not in Active/Live Brand Setup control list — still required for Hotel Property Census inventory. Do not drop. Autopilot Active scope may not enrich until Brand Status promotion.,route_known_chain_not_active,true,way/759223343,likely_new_candidate,recOOk81RLNhbx8B5,Sunscapes Dominicus La Romana,Sunscapes Dominicus La Romana,osm_do_way_759223343,Be Live,Be Live,Branded,false,Dominican Republic,Unknown,Unknown,https://www.hyattinclusivecollection.com/en/resorts-hotels/sunscape/dominican-republic/dominicus-la-romana/,https://www.openstreetmap.org/way/759223343,Be Live,official_property_page,High,Medium,independent_census_dr_osm_2026-08-07,Census Only / Not Owner-Facing,Discovered — pending enrichment,High,true,true,known_chain_not_in_active_brand_setup,18.3425426,-68.8160398,
known_brand_census_intake,known_chain_census_backlog_not_active_setup,Not in Active/Live Brand Setup control list — still required for Hotel Property Census inventory. Do not drop. Autopilot Active scope may not enrich until Brand Status promotion.,route_known_chain_not_active,true,way/975017774,likely_new_candidate,recKI0UUutwks5d3N,Viva Wyndham V Samana,Viva Wyndham V Samana,osm_do_way_975017774,Wyndham,Wyndham,Branded,false,Dominican Republic,Unknown,Unknown,,https://www.openstreetmap.org/way/975017774,Wyndham,other,Medium,Low,independent_census_dr_osm_2026-08-07,Census Only / Not Owner-Facing,Discovered — pending enrichment,High,true,false,known_chain_not_in_active_brand_setup,19.2999122,-69.5805553,
known_brand_census_intake,known_chain_census_backlog_not_active_setup,Not in Active/Live Brand Setup control list — still required for Hotel Property Census inventory. Do not drop. Autopilot Active scope may not enrich until Brand Status promotion.,route_known_chain_not_active,true,way/1040966966,likely_new_candidate,recFg5RNpxAAjh7Y2,Hodelpa Garden Suites Golf & Convention Center,Hodelpa Garden Suites Golf & Convention Center,osm_do_way_1040966966,Hodelpa,Hodelpa,Branded,false,Dominican Republic,Unknown,Unknown,https://www.hodelpa.com/en/garden-suites,https://www.openstreetmap.org/way/1040966966,Hodelpa,official_property_page,High,Medium,independent_census_dr_osm_2026-08-07,Census Only / Not Owner-Facing,Discovered — pending enrichment,High,true,true,known_chain_not_in_active_brand_setup,18.4364903,-69.4184983,+18096889999
known_brand_census_intake,known_chain_census_backlog_not_active_setup,Not in Active/Live Brand Setup control list — still required for Hotel Property Census inventory. Do not drop. Autopilot Active scope may not enrich until Brand Status promotion.,route_known_chain_not_active,true,way/1059114266,likely_new_candidate,rec01MDiDGhOUizYu,Be Live,Be Live,osm_do_way_1059114266,Be Live,Be Live,Branded,false,Dominican Republic,Unknown,Unknown,,https://www.openstreetmap.org/way/1059114266,Be Live,other,Medium,Low,independent_census_dr_osm_2026-08-07,Census Only / Not Owner-Facing,Discovered — pending enrichment,High,true,false,known_chain_not_in_active_brand_setup,18.3414101,-68.8181629,
known_brand_census_intake,known_chain_census_backlog_not_active_setup,Not in Active/Live Brand Setup control list — still required for Hotel Property Census inventory. Do not drop. Autopilot Active scope may not enrich until Brand Status promotion.,route_known_chain_not_active,true,way/1059703258,likely_new_candidate,receIilMrq1w1BXyd,Be Live Collection,Be Live Collection,osm_do_way_1059703258,Be Live,Be Live,Branded,false,Dominican Republic,Unknown,Unknown,,https://www.openstreetmap.org/way/1059703258,Be Live,other,Medium,Low,independent_census_dr_osm_2026-08-07,Census Only / Not Owner-Facing,Discovered — pending enrichment,High,true,false,known_chain_not_in_active_brand_setup,18.3412429,-68.8176089,
known_brand_census_intake,known_chain_census_backlog_not_active_setup,Not in Active/Live Brand Setup control list — still required for Hotel Property Census inventory. Do not drop. Autopilot Active scope may not enrich until Brand Status promotion.,route_known_chain_not_active,true,way/1059703293,likely_new_candidate,receIilMrq1w1BXyd,Be Live Collection,Be Live Collection,osm_do_way_1059703293,Be Live,Be Live,Branded,false,Dominican Republic,Unknown,Unknown,,https://www.openstreetmap.org/way/1059703293,Be Live,other,Medium,Low,independent_census_dr_osm_2026-08-07,Census Only / Not Owner-Facing,Discovered — pending enrichment,High,true,false,known_chain_not_in_active_brand_setup,18.3409229,-68.8181542,
known_brand_census_intake,known_chain_census_backlog_not_active_setup,Not in Active/Live Brand Setup control list — still required for Hotel Property Census inventory. Do not drop. Autopilot Active scope may not enrich until Brand Status promotion.,route_known_chain_not_active,true,way/1059737733,likely_new_candidate,receIilMrq1w1BXyd,Be Live Collection,Be Live Collection,osm_do_way_1059737733,Be Live,Be Live,Branded,false,Dominican Republic,Unknown,Unknown,,https://www.openstreetmap.org/way/1059737733,Be Live,other,Medium,Low,independent_census_dr_osm_2026-08-07,Census Only / Not Owner-Facing,Discovered — pending enrichment,High,true,false,known_chain_not_in_active_brand_setup,18.3419238,-68.8174944,
known_brand_census_intake,known_chain_census_backlog_not_active_setup,Not in Active/Live Brand Setup control list — still required for Hotel Property Census inventory. Do not drop. Autopilot Active scope may not enrich until Brand Status promotion.,route_known_chain_not_active,true,way/1059869803,likely_new_candidate,receIilMrq1w1BXyd,Be Live Collection,Be Live Collection,osm_do_way_1059869803,Be Live,Be Live,Branded,false,Dominican Republic,Unknown,Unknown,,https://www.openstreetmap.org/way/1059869803,Be Live,other,Medium,Low,independent_census_dr_osm_2026-08-07,Census Only / Not Owner-Facing,Discovered — pending enrichment,High,true,false,known_chain_not_in_active_brand_setup,18.340053,-68.8167963,
known_brand_census_intake,known_chain_census_backlog_not_active_setup,Not in Active/Live Brand Setup control list — still required for Hotel Property Census inventory. Do not drop. Autopilot Active scope may not enrich until Brand Status promotion.,route_known_chain_not_active,true,way/1060027594,likely_new_candidate,rec01MDiDGhOUizYu,Be Live,Be Live,osm_do_way_1060027594,Be Live,Be Live,Branded,false,Dominican Republic,Unknown,Unknown,,https://www.openstreetmap.org/way/1060027594,Be Live,other,Medium,Low,independent_census_dr_osm_2026-08-07,Census Only / Not Owner-Facing,Discovered — pending enrichment,High,true,false,known_chain_not_in_active_brand_setup,18.3409729,-68.8167012,
known_brand_census_intake,known_chain_census_backlog_not_active_setup,Not in Active/Live Brand Setup control list — still required for Hotel Property Census inventory. Do not drop. Autopilot Active scope may not enrich until Brand Status promotion.,route_known_chain_not_active,true,way/1060027620,likely_new_candidate,rec01MDiDGhOUizYu,Be Live,Be Live,osm_do_way_1060027620,Be Live,Be Live,Branded,false,Dominican Republic,Unknown,Unknown,,https://www.openstreetmap.org/way/1060027620,Be Live,other,Medium,Low,independent_census_dr_osm_2026-08-07,Census Only / Not Owner-Facing,Discovered — pending enrichment,High,true,false,known_chain_not_in_active_brand_setup,18.3404361,-68.8165513,
known_brand_census_intake,known_chain_census_backlog_not_active_setup,Not in Active/Live Brand Setup control list — still required for Hotel Property Census inventory. Do not drop. Autopilot Active scope may not enrich until Brand Status promotion.,route_known_chain_not_active,true,way/1060027624,likely_new_candidate,rec01MDiDGhOUizYu,Be Live,Be Live,osm_do_way_1060027624,Be Live,Be Live,Branded,false,Dominican Republic,Unknown,Unknown,,https://www.openstreetmap.org/way/1060027624,Be Live,other,Medium,Low,independent_census_dr_osm_2026-08-07,Census Only / Not Owner-Facing,Discovered — pending enrichment,High,true,false,known_chain_not_in_active_brand_setup,18.3407261,-68.8163715,
known_brand_census_intake,known_chain_census_backlog_not_active_setup,Not in Active/Live Brand Setup control list — still required for Hotel Property Census inventory. Do not drop. Autopilot Active scope may not enrich until Brand Status promotion.,route_known_chain_not_active,true,way/1060027632,likely_new_candidate,rec01MDiDGhOUizYu,Be Live,Be Live,osm_do_way_1060027632,Be Live,Be Live,Branded,false,Dominican Republic,Unknown,Unknown,,https://www.openstreetmap.org/way/1060027632,Be Live,other,Medium,Low,independent_census_dr_osm_2026-08-07,Census Only / Not Owner-Facing,Discovered — pending enrichment,High,true,false,known_chain_not_in_active_brand_setup,18.3410691,-68.8161597,
known_brand_census_intake,known_chain_census_backlog_not_active_setup,Not in Active/Live Brand Setup control list — still required for Hotel Property Census inventory. Do not drop. Autopilot Active scope may not enrich until Brand Status promotion.,route_known_chain_not_active,true,way/1060027633,likely_new_candidate,rec01MDiDGhOUizYu,Be Live,Be Live,osm_do_way_1060027633,Be Live,Be Live,Branded,false,Dominican Republic,Unknown,Unknown,,https://www.openstreetmap.org/way/1060027633,Be Live,other,Medium,Low,independent_census_dr_osm_2026-08-07,Census Only / Not Owner-Facing,Discovered — pending enrichment,High,true,false,known_chain_not_in_active_brand_setup,18.3405789,-68.816933,
known_brand_census_intake,steward_brand_tag_review,OSM brand tag unresolved — steward before Census insert; may be owner name noise or real chain.,steward_possible_branded,true,way/1197566838,likely_new_candidate,rec01MDiDGhOUizYu,Villa Scooby,Villa Scooby,osm_do_way_1197566838,villascooby.com,villascooby.com,Brand-Unconfirmed,false,Dominican Republic,Unknown,Unknown,https://villascooby.com,https://www.openstreetmap.org/way/1197566838,villascooby.com,official_property_page,High,Medium,independent_census_dr_osm_2026-08-07,Census Only / Not Owner-Facing,Discovered — pending enrichment,Medium,true,true,,19.3163146,-69.5338411,
known_brand_census_intake,steward_brand_tag_review,OSM brand tag unresolved — steward before Census insert; may be owner name noise or real chain.,steward_possible_branded,true,way/1227930271,likely_new_candidate,recUOyzOXn2Zdp98I,Hotel Diosi,Hotel Diosi,osm_do_way_1227930271,Hotel Diosi,Hotel Diosi,Brand-Unconfirmed,false,Dominican Republic,Neiba,Unknown,,https://www.openstreetmap.org/way/1227930271,Hotel Diosi,other,Medium,Medium,independent_census_dr_osm_2026-08-07,Census Only / Not Owner-Facing,Discovered — pending enrichment,Medium,true,true,,18.479628,-71.4165914,
known_brand_census_intake,active_or_soft_brand_census_plus_autopilot,Eligible for Active Brand Autopilot coverage after Census insert (if brand is Active/Live).,route_branded_active_setup,true,way/1344798573,likely_new_candidate,recmAzTMc9asgvt8i,"The Ocean Club, a Luxury Collection Resort","The Ocean Club, a Luxury Collection Resort",osm_do_way_1344798573,The Luxury Collection,The Luxury Collection,Soft-Branded / Collection,false,Dominican Republic,Sosúa,Unknown,https://www.ocgdr.com/the-luxury-collection,https://www.openstreetmap.org/way/1344798573,The Luxury Collection,official_property_page,High,High,independent_census_dr_osm_2026-08-07,Census Only / Not Owner-Facing,Discovered — pending enrichment,High,true,true,,19.7692939,-70.516227,+1809-571-3000
known_brand_census_intake,known_chain_census_backlog_not_active_setup,Not in Active/Live Brand Setup control list — still required for Hotel Property Census inventory. Do not drop. Autopilot Active scope may not enrich until Brand Status promotion.,route_known_chain_not_active,true,way/1375108124,likely_new_candidate,rec9gW2cGsKupex5d,Courtyard Marriott,Courtyard Marriott,osm_do_way_1375108124,Marriott,Marriott,Branded,false,Dominican Republic,Unknown,Unknown,,https://www.openstreetmap.org/way/1375108124,Marriott,other,Medium,Low,independent_census_dr_osm_2026-08-07,Census Only / Not Owner-Facing,Discovered — pending enrichment,High,true,false,known_chain_not_in_active_brand_setup,18.4685065,-69.9384251,
known_brand_census_intake,active_or_soft_brand_census_plus_autopilot,Eligible for Active Brand Autopilot coverage after Census insert (if brand is Active/Live).,route_branded_soft_collection,true,way/1536664489,likely_new_candidate,recb3yKuNBmM3ql8m,"Donoma Las Terrenas Resort & Villas, Autograph Collection","Donoma Las Terrenas Resort & Villas, Autograph Collection",osm_do_way_1536664489,Autograph Collection,Autograph Collection,Soft-Branded / Collection,false,Dominican Republic,Unknown,Unknown,,https://www.openstreetmap.org/way/1536664489,Autograph Collection,other,Medium,Low,independent_census_dr_osm_2026-08-07,Census Only / Not Owner-Facing,Discovered — pending enrichment,High,true,false,,19.3216991,-69.5528504,
known_brand_census_intake,known_chain_census_backlog_not_active_setup,Not in Active/Live Brand Setup control list — still required for Hotel Property Census inventory. Do not drop. Autopilot Active scope may not enrich until Brand Status promotion.,route_known_chain_not_active,true,relation/1922795,likely_new_candidate,recFg5RNpxAAjh7Y2,Hotel Riu Palace Bavaro,Hotel Riu Palace Bavaro,osm_do_relation_1922795,RIU,RIU,Branded,false,Dominican Republic,Punta Cana,Unknown,https://www.riu.com/en/hotel/dominican-republic/punta-cana/hotel-riu-palace-bavaro,https://www.openstreetmap.org/relation/1922795,RIU,official_property_page,High,High,independent_census_dr_osm_2026-08-07,Census Only / Not Owner-Facing,Discovered — pending enrichment,High,true,true,known_chain_not_in_active_brand_setup,18.7181,-68.4539523,+1 809-221-2290
