enrichmentPriority,ownerName,ownerTargetId,priorityTier,outreachReady,needsEnrichment,outreachTrack,intentScore,outreachScore,primaryDealTrigger,brandDecisionEligiblePropertyCount,contactName,contactEmail,contactPhone,contactLinkedIn,hasVerifiedPersonEmail,contactGaps,suggestedAction,mxCorporateSeedSlug,companyWebsite,topLeadAsset,topLeadBrand,topLeadCity,calaPropertyCount,linkedContactCount,pitchAngle
P0_outreach_ready,"Grupo Posadas, S.A.B. DE C.V.",recMbbYWfa7ubv8op,A,true,false,third_party_brand_decision,100,100,new_build,44,José Carlos Azcárraga Andrade,JoseCarlos.AzcarragaAndrade@posadas.com,00 52 55 5326 6700,,true,none_outreach_ready,Send intro — outreach ready,grupo-posadas,https://posadas.com,one Ciudad Juárez Alameda,,Juarez,44,3,"Pre-brand development — brand/operator evaluation before flag commitment (""one Ciudad Juárez Alameda"")."
P0_outreach_ready,Fibra Inn,recAUCruVYqMveIob,A,true,false,asset_owner,100,100,independent_unbranded,28,Jaime Cohen Bistre,,,https://www.linkedin.com/in/jcohenb,false,none_outreach_ready,Send intro — outreach ready,fibra-inn,https://fibrainn.mx,Casa Grande Chihuahua,,Chihuahua,28,2,"Independent CALA hotel owner — brand/franchise evaluation workspace for ""Casa Grande Chihuahua"" and portfolio."
P0_outreach_ready,Grupo Hotelero Santa Fe,recDeYsszad5tebiJ,A,true,false,third_party_brand_decision,100,100,independent_unbranded,16,Francisco Medina Elizalde,,+52 55 5261 0800,https://www.linkedin.com/in/francisco-medina-elizalde-83aa26a3,false,none_outreach_ready,Send intro — outreach ready,grupo-hotelero-santa-fe,https://gsf-hotels.com,Krystal Beach Acapulco Hotel,,Acapulco,16,3,"Independent CALA hotel owner — brand/franchise evaluation workspace for ""Krystal Beach Acapulco Hotel"" and portfolio."
P0_outreach_ready,Irawadi Corp S.A.,recHOIk9MWXBw8B5b,A,true,false,third_party_brand_decision,100,100,new_build,10,Philipp Hofer,,,https://www.linkedin.com/in/philipp-hofer-0b9720201,false,none_outreach_ready,Send intro — outreach ready,irawadi-corp,https://rcdhotels.com,UNICO 20°105° Hotel Riviera Nayarit,,Nuevo Vallarta,13,2,"Pre-brand development — brand/operator evaluation before flag commitment (""UNICO 20°105° Hotel Riviera Nayarit"")."
P0_outreach_ready,The Excellence Collection,recumzko8MYdukrXC,A,true,false,third_party_brand_decision,100,100,new_build,5,Domingo Aznar,daznar@theexcellencecollection.com,00 1 866-211-6223,,true,none_outreach_ready,Send intro — outreach ready,,https://theexcellencecollection.com,Excellence Coral Playa Mujeres,,,9,1,"Pre-brand development — brand/operator evaluation before flag commitment (""Excellence Coral Playa Mujeres"")."
P0_outreach_ready,Grupo Diestra,rec2apz3Jmyaawn2e,A,true,false,third_party_brand_decision,100,100,independent_unbranded,8,Jorge Paoli Díaz,,,https://mx.linkedin.com/in/jorge-paoli-diaz-8954a61b5,false,none_outreach_ready,Send intro — outreach ready,grupo-diestra,https://grupodiestra.com,Tijuana Marriott Hotel,Marriott,Tijuana,8,1,"Independent CALA hotel owner — brand/franchise evaluation workspace for ""Tijuana Marriott Hotel"" and portfolio."
P0_outreach_ready,Pulso Inmobiliario,recAVowHQBqSoRLAD,A,true,false,asset_owner,100,100,independent_unbranded,8,Salomón Kamkhaji Ambe,,,https://www.linkedin.com/in/salomon-kamaji-219b7b9b,false,none_outreach_ready,Send intro — outreach ready,pulso-inmobiliario,https://pulsoinmobiliario.com,Dreams Huatulco Resort & Spa,Dreams Resorts & Spas,Huatulco,8,1,"Independent CALA hotel owner — brand/franchise evaluation workspace for ""Dreams Huatulco Resort & Spa"" and portfolio."
P0_outreach_ready,Norte 19,recIG2IXhZFZG8IrC,A,true,false,third_party_brand_decision,98,100,development_pipeline,136,Alberto Granados,AGranados@norte19.com,00 52 55 5249 8050,https://linkedin.com/in/alberto-granados-salazar-5054ba20/?originalSubdomain=mx,true,none_outreach_ready,Send intro — outreach ready,norte-19,https://norte19.com,City Express by Marriott Saltillo Norte,City Express by Marriott,Saltillo,142,10,Active development pipeline — multi-project brand strategy and deal workspace.
P0_outreach_ready,Grupo Brisas,recQuN5nPOH8KTIVo,A,true,false,third_party_brand_decision,88,100,new_build,11,Antonio Cosío Pando,,,https://www.linkedin.com/in/antonio-cosio-63a75619,false,none_outreach_ready,Send intro — outreach ready,grupo-brisas,https://brisas.com.mx,Galeria Plaza Leon,,,11,2,"Pre-brand development — brand/operator evaluation before flag commitment (""Galeria Plaza Leon"")."
P0_outreach_ready,Pueblo Bonito Hotels and Resorts,recqSfJ5OGVw9NdD1,A,true,false,third_party_brand_decision,88,100,new_build,9,Alberto Ernesto Coppel,,,https://mx.linkedin.com/in/alberto-coppel-096272104,false,none_outreach_ready,Send intro — outreach ready,pueblo-bonito,https://pueblobonito.com,Pueblo Bonito Vantage San Miguel de Allende,,San Miguel de Allende,9,1,"Pre-brand development — brand/operator evaluation before flag commitment (""Pueblo Bonito Vantage San Miguel de Allende"")."
P0_outreach_ready,Velas Resorts,rec5NwZfYr6SJzdoT,A,true,false,third_party_brand_decision,88,100,new_build,7,Juan Vela Ruiz,,,https://www.linkedin.com/in/juan-vela-ruiz-03192a167,false,none_outreach_ready,Send intro — outreach ready,velas-resorts,https://velasresorts.com,Grand Velas Boutique Hotel Los Cabos,,Cabo San Lucas,7,4,"Pre-brand development — brand/operator evaluation before flag commitment (""Grand Velas Boutique Hotel Los Cabos"")."
P0_outreach_ready,Grupo Questro,recFQevg2aKfAqjHT,A,true,false,asset_owner,86,100,independent_unbranded,5,Eduardo Sánchez Navarro Redo,,,https://mx.linkedin.com/in/eduardo-s%C3%A1nchez-navarro-redo-68b9aa46,false,none_outreach_ready,Send intro — outreach ready,grupo-questro,https://www.questro.com,Dreams Los Cabos Suites Golf Resort & Spa,Dreams Resorts & Spas,San Jose Del Cabo,5,1,"Independent CALA hotel owner — brand/franchise evaluation workspace for ""Dreams Los Cabos Suites Golf Resort & Spa"" and portfolio."
P0_outreach_ready,Fibra Hotel Mexico,rec7RiI5ANnAxOzus,A,true,false,third_party_brand_decision,84,99,brand_renewal_window,74,Eduardo López García,,,https://www.linkedin.com/in/eduardo-l%C3%B3pez-garc%C3%ADa-8a5b5a1a,false,none_outreach_ready,Send intro — outreach ready,fibra-hotel-mexico,https://fibrahotel.mx,Fiesta Inn Periférico Sur,Fiesta Inn,Mexico City,74,1,Approaching estimated brand/management renewal window — evaluate alternatives before recommit.
P0_outreach_ready,Karisma Hotels & Resorts,recZuJQx4Qu2HfNTA,A,true,false,third_party_brand_decision,84,99,independent_unbranded,3,Miguel Ortiz Millán,,,https://www.linkedin.com/in/miguelo1,false,none_outreach_ready,Send intro — outreach ready,karisma-hotels,https://karismahotels.com,Margaritaville Island Reserve Resort Riviera Maya,Margaritaville,Cuautla,6,1,"Independent CALA hotel owner — brand/franchise evaluation workspace for ""Margaritaville Island Reserve Resort Riviera Maya"" and portfolio."
P0_outreach_ready,Hoteles MX,recrPNYIp7p9MIE4A,A,true,false,third_party_brand_decision,80,95,independent_unbranded,8,Eduardo Sánchez Moreno,,,https://www.linkedin.com/in/eduardo-s%C3%A1nchez-moreno-,false,none_outreach_ready,Send intro — outreach ready,hoteles-mx,https://hotelesmx.com,"MX Forum Buenavista, Trademark Collection by Wyndham",Trademark Collection by Wyndham,Mexico City,8,1,"Independent CALA hotel owner — brand/franchise evaluation workspace for ""MX Forum Buenavista, Trademark Collection by Wyndham"" and portfolio."
P0_outreach_ready,"Park Mizgal, S.C.",reci3ZmfMFUZ1pSZv,A,true,false,asset_owner,80,95,reflag,3,Isaac Mizrahi,,,https://www.linkedin.com/in/isaac-mizrahi-0503b43b,false,none_outreach_ready,Send intro — outreach ready,park-mizgal,https://www.sunscaperesorts.com/en/resorts-hotels/sunscape/mexico/dorado-pacifico-ixtapa/,Sunscape Dorado Pacifico Ixtapa,Sunscape Resorts & Spas,Ixtapa Zihuatanejo,3,1,Owner-operator separation on CALA assets — reflag/operator RFP decision support.
P0_outreach_ready,Tortuga Resorts,recTKF1JCEHQAQsJz,A,true,false,third_party_brand_decision,80,85,reflag,9,Gerardo Valdes,gerardo.valdes@tortugaresorts.com.mx,00 52 55 8995 7886,https://linkedin.com/in/v2gerardo,true,none_outreach_ready,Send intro — outreach ready,,,Hyatt Vivid Playa del Carmen,Hyatt Vivid,Playa Del Carmen,13,1,Owner-operator separation on CALA assets — reflag/operator RFP decision support.
P0_outreach_ready,Oasis Hotels and Resorts,rec525jqrXijwE3IA,A,true,false,third_party_brand_decision,76,91,independent_unbranded,3,Jean Agarrista,,,https://linkedin.com/in/jean-agarrista-81436522,false,none_outreach_ready,Send intro — outreach ready,oasis-hotels,https://www.linkedin.com/company/oasishotels,Dreams Sands Cancun Resort & Spa,Dreams Resorts & Spas,Cancun,3,1,"Independent CALA hotel owner — brand/franchise evaluation workspace for ""Dreams Sands Cancun Resort & Spa"" and portfolio."
P0_outreach_ready,Milenium Grupo Hotelero Mexicano,reccx0o3NksaKzp6M,A,true,false,third_party_brand_decision,76,81,independent_unbranded,15,Marcelo Guajardo Ruz,marcelo.guajardo@hotelesmilenium.com,00 52 800 468 3537,https://linkedin.com/in/mguajardor/?locale=es_ES,true,none_outreach_ready,Send intro — outreach ready,,,iStay Hotel Monterrey Historico,,Monterrey,15,3,"Independent CALA hotel owner — brand/franchise evaluation workspace for ""iStay Hotel Monterrey Historico"" and portfolio."
P0_outreach_ready,"Owner 1: Varde Partners, Inc. | Owner 2: Flynn Properties, Inc.",recLIxoxTGmeX68k3,A,true,false,asset_owner,74,89,independent_unbranded,2,Greg Flynn,,,https://www.linkedin.com/in/gflynn,false,none_outreach_ready,Send intro — outreach ready,flynn-varde-esperanza,https://www.flynnholdings.com/flynnproperties/,"Esperanza, Auberge Collection",Auberge Collection,Cabo San Lucas,2,1,"Independent CALA hotel owner — brand/franchise evaluation workspace for ""Esperanza, Auberge Collection"" and portfolio."
P0_outreach_ready,Riu Hotels & Resorts,recikKw2HW21znRUp,A,true,false,third_party_brand_decision,72,87,development_pipeline,17,Luis Riu Güell,,,https://www.linkedin.com/in/luisriug,false,none_outreach_ready,Send intro — outreach ready,riu-hotels,https://riu.com,RIU Palace Cabo San Lucas,RIU Palace,Cabo San Lucas,32,6,Active development pipeline — multi-project brand strategy and deal workspace.
P0_outreach_ready,American Hotels Group,rec4b66hLbLaZHRzW,A,true,false,third_party_brand_decision,72,87,development_pipeline,4,Karim Saade Charur,,,https://www.linkedin.com/in/karim-saade-20258425,false,none_outreach_ready,Send intro — outreach ready,american-hotels-group,https://ahg.com.mx,voco Saltillo Suites,voco,Saltillo,4,1,Active development pipeline — multi-project brand strategy and deal workspace.
P0_outreach_ready,Club Viva International Inc,reche2pLCN2Gm75Mu,A,true,false,asset_owner,70,85,independent_unbranded,2,Amanda Santana,,,https://www.linkedin.com/in/amanda-santana-2ba71634,false,none_outreach_ready,Send intro — outreach ready,club-viva-international,https://vivaresortsbywyndham.com,"Viva Maya by Wyndham, A Trademark All Inclusive Resort",Trademark Collection by Wyndham,Playa Del Carmen,7,1,"Independent CALA hotel owner — brand/franchise evaluation workspace for ""Viva Maya by Wyndham, A Trademark All Inclusive Resort"" and portfolio."
P0_outreach_ready,Grupo Martinon Grumasa S.L.,recP8j0Ju9i2dhpOJ,A,true,false,asset_owner,60,75,brand_renewal_window,1,Alicia Martinón García,,,https://www.linkedin.com/in/alicia-martin%C3%B3n-418a6b166,false,none_outreach_ready,Send intro — outreach ready,grupo-martinon-grumasa,https://www.grupomartinon.com,Dreams Jade Resort & Spa,Dreams Resorts & Spas,Puerto Morelos,6,1,Approaching estimated brand/management renewal window — evaluate alternatives before recommit.
P0_outreach_ready,Optima Hoteles de Mexico,recAnSDcnHjNMo1oN,A,true,false,third_party_brand_decision,60,65,brand_renewal_window,6,Enrique Orozco Nava,info.optima@hotelesoptima.com,00 52 81 8174 2400,https://linkedin.com/in/enrique-orozco-nava-7994b417/?originalSubdomain=mx,true,none_outreach_ready,Send intro — outreach ready,,,Courtyard Monterrey Airport,Courtyard,Apodaca,6,1,Approaching estimated brand/management renewal window — evaluate alternatives before recommit.
P0_outreach_ready,Royalton Hotels & Resorts,reciCLtenXkoktzzB,A,true,false,third_party_brand_decision,54,59,independent_unbranded,7,Jordi Pelfort,JPelfort@BlueDiamondResorts.com,00 1 855-744-8371,,true,none_outreach_ready,Send intro — outreach ready,,https://royaltonresorts.com,"Royalton CHIC Cancun, An Autograph Collection All-Inclusive Resort - Adults Only",Autograph Collection,Cancun,19,3,"Independent CALA hotel owner — brand/franchise evaluation workspace for ""Royalton CHIC Cancun, An Autograph Collection All-Inclusive Resort - Adults Only"" and portfolio."
P0_outreach_ready,Palladium Hotel Group,recYdWz22zuxBqXVf,A,true,false,integrated_operator_mixed,54,59,independent_unbranded,1,Raul Benito,raul.benito@palladiumgroup.com,971 31 38 11,,true,none_outreach_ready,Send intro — outreach ready,,https://palladiumhotelgroup.com,TRS Coral Hotel,,Cancun,14,1,"Mixed portfolio — brand/franchise evaluation on third-party-flag and unbranded assets (lead: ""TRS Coral Hotel"")."
P0_outreach_ready,Inmobiliaria Turistica Delta SA de CV,recXZOo4NiejmVB7P,A,true,false,asset_owner,50,55,independent_unbranded,1,Pedro Pina,ppina@turisticadelta.com,00 52 492 925 1718,,true,none_outreach_ready,Send intro — outreach ready,,,Hotel Argento Zacatecas,,Zacatecas,1,1,"Independent CALA hotel owner — brand/franchise evaluation workspace for ""Hotel Argento Zacatecas"" and portfolio."
P0_outreach_ready,Grupo RT,recTXUadeXOARBEMf,B,true,false,asset_owner,50,55,independent_unbranded,1,Zeynep Kocacal,zeynep@psprop.com,00 1 973-338-2333,https://linkedin.com/in/zeynepbegumkocacal/,true,none_outreach_ready,Send intro — outreach ready,,,Hotel Hacienda Cocoyoc,,,1,76,"Independent CALA hotel owner — brand/franchise evaluation workspace for ""Hotel Hacienda Cocoyoc"" and portfolio."
P0_outreach_ready,Grupo Presidente,recYLqAS0TKCGTfW9,A,true,false,third_party_brand_decision,48,53,brand_renewal_window,7,Braulio Asrsuaga Losada,brulio_arsuaga@grupopresidente.com,,,true,none_outreach_ready,Send intro — outreach ready,,https://www.grupopresidente.com.mx,InterContinental Presidente Puebla,InterContinental,Puebla,7,2,Approaching estimated brand/management renewal window — evaluate alternatives before recommit.
P0_outreach_ready,Landstar Hotels,recSjstmuIoxBF1aS,A,true,false,third_party_brand_decision,46,51,independent_unbranded,3,Alberto De Santiago,adesantiago@landstarhotels.com,00 52 656 227 1700,https://linkedin.com/in/ahdesantiago/,true,none_outreach_ready,Send intro — outreach ready,,,"Vetta, Distrito Uno, Autograph Collection",Autograph Collection,Chihuahua,3,1,"Independent CALA hotel owner — brand/franchise evaluation workspace for ""Vetta, Distrito Uno, Autograph Collection"" and portfolio."
P0_outreach_ready,Barcelo Gestion Hotelera S.L.,recz4sXU8JnsGFHiA,A,true,false,integrated_operator_mixed,40,45,conversion,8,Simón Pedro Barceló Vadell,sp.barcelo@barcelo.com,971 77 17 00,,true,none_outreach_ready,Send intro — outreach ready,,https://barcelo.com,Allegro Cozumel,Allegro,Cozumel,36,6,"Mixed portfolio — brand/franchise evaluation on third-party-flag and unbranded assets (lead: ""Allegro Cozumel"")."
P1_high_intent_tier_a,Arotesa Servicions Integrales SA de CV,rec1ksl1MUX7bqU0H,A,false,true,asset_owner,86,86,independent_unbranded,4,,,,,false,missing_contact_name|missing_contact_channel|needs_verification_tier,Review mx seed arotesa; complete missing fields,arotesa,https://www.marriott.com/en-us/hotels/cunpb-paraiso-de-la-bonita-a-luxury-collection-resort-riviera-maya-adult-all-inclusive/overview/,"Paraiso de la Bonita, a Luxury Collection Resort, Riviera Maya, Adult All-Inclusive",Luxury Collection,Puerto Morelos,4,0,"Independent CALA hotel owner — brand/franchise evaluation workspace for ""Paraiso de la Bonita, a Luxury Collection Resort, Riviera Maya, Adult All-Inclusive"" and portfolio."
P1_high_intent_tier_a,Galicott & Macari,rec9TWY18qs48uFK6,A,false,true,asset_owner,82,82,brand_renewal_window,4,,,,,false,missing_contact_name|missing_contact_channel|needs_verification_tier,Review mx seed galicott-macari; complete missing fields,galicott-macari,https://www.hyattinclusivecollection.com/en/resorts-hotels/dreams/mexico/aventuras-riviera-maya/,Dreams Aventuras Riviera Maya,Dreams Resorts & Spas,,4,0,Approaching estimated brand/management renewal window — evaluate alternatives before recommit.
P2_tier_a,Marival Group,rec2UrFRQ91RRnfAw,A,false,true,asset_owner,68,68,independent_unbranded,3,,,,,false,missing_contact_name|missing_contact_channel|needs_verification_tier,Manual corp web research + registry optional,,,Armony Resort & Spa All Inclusive Adults Only future MGallery Collection,MGallery Collection,,3,0,"Independent CALA hotel owner — brand/franchise evaluation workspace for ""Armony Resort & Spa All Inclusive Adults Only future MGallery Collection"" and portfolio."
P2_tier_a,TAFER Hotels & Resorts,reccAxo2gNS63N7IB,A,false,true,third_party_brand_decision,66,66,new_build,7,,,,,false,missing_contact_name|missing_contact_channel|needs_verification_tier,Manual corp web research + registry optional,,,Hotel Mousai Cancun,,Cancun,7,0,"Pre-brand development — brand/operator evaluation before flag commitment (""Hotel Mousai Cancun"")."
P2_tier_a,Owner 1: Parks Hospitality Holdings | Owner 2: Fibra Uno,recDSafRSD3KaOifU,A,false,true,third_party_brand_decision,66,66,brand_renewal_window,5,,,,,false,missing_contact_name|missing_contact_channel|needs_verification_tier,Manual corp web research + registry optional,,,Hilton Mexico City Reforma,Hilton,Mexico City,5,0,Approaching estimated brand/management renewal window — evaluate alternatives before recommit.
P2_tier_a,Majestic Resorts,recmx5AqgkBgH72Vr,A,false,true,third_party_brand_decision,66,66,new_build,2,,,,,false,missing_contact_name|missing_contact_channel|needs_verification_tier,Manual corp web research + registry optional,,https://majestic-resorts.com,Majestic Mirage Costa Mujeres - All-Suite Resort,,,5,0,"Pre-brand development — brand/operator evaluation before flag commitment (""Majestic Mirage Costa Mujeres - All-Suite Resort"")."
P2_tier_a,Maria Alejandra Martinez Rodea,recSUIkWOBNK2byJo,A,false,true,asset_owner,66,66,brand_renewal_window,3,,,,,false,missing_contact_name|missing_contact_channel|needs_verification_tier,Manual corp web research + registry optional,,,Courtyard Toluca Airport,Courtyard,Toluca,3,0,Approaching estimated brand/management renewal window — evaluate alternatives before recommit.
P2_tier_a,Balderrama Hotel Collection,reckJ7lpUi3SczvXa,A,false,true,third_party_brand_decision,64,64,independent_unbranded,6,,,,,false,missing_contact_name|missing_contact_channel|needs_verification_tier,Manual corp web research + registry optional,,https://hotelesbalderrama.com,Hotel Misión Cerocahui,,,6,0,"Independent CALA hotel owner — brand/franchise evaluation workspace for ""Hotel Misión Cerocahui"" and portfolio."
P2_tier_a,Grupo Murano,rectkeR8wvNyGnkl1,A,false,true,asset_owner,64,64,reflag,3,,,,,false,missing_contact_name|missing_contact_channel|needs_verification_tier,Manual corp web research + registry optional,,,Hyatt Vivid Grand Island,Hyatt Vivid,Cancun,3,0,Owner-operator separation on CALA assets — reflag/operator RFP decision support.
P2_tier_a,"Enrique, Gustavo and Javier Tapia Camou",rec3uNXBcW95xB5Oe,A,false,true,asset_owner,62,62,reflag,1,,,,,false,missing_contact_name|missing_contact_channel|needs_verification_tier,Manual corp web research + registry optional,,,Sunscape Puerto Vallarta Resort & Spa,Sunscape Resorts & Spas,Puerto Vallarta,1,0,Owner-operator separation on CALA assets — reflag/operator RFP decision support.
P2_tier_a,"Gilberto, Tomasso Sandretto",recoGpr1KZ3ASbl1X,A,false,true,asset_owner,62,62,reflag,1,,,,,false,missing_contact_name|missing_contact_channel|needs_verification_tier,Manual corp web research + registry optional,,,Dreams Tulum Resort & Spa,Dreams Resorts & Spas,Tulum,1,0,Owner-operator separation on CALA assets — reflag/operator RFP decision support.
P2_tier_a,HOLA Hotels & Resorts,reccDxCBBwgZpq2OM,A,false,true,third_party_brand_decision,60,60,brand_renewal_window,5,,,,,false,missing_contact_name|missing_contact_channel|needs_verification_tier,Manual corp web research + registry optional,,,Ramada by Wyndham Hola Culiacan,Ramada,Culiacán,5,0,Approaching estimated brand/management renewal window — evaluate alternatives before recommit.
P2_tier_a,TM Real Estate Group,recZllqQ8CQxd1bsq,A,false,true,asset_owner,60,60,independent_unbranded,4,,,,,false,missing_contact_name|missing_contact_channel|needs_verification_tier,Manual corp web research + registry optional,,,"The Fives Downtown Hotel & Residences, Curio Collection by Hilton",Curio Collection by Hilton,Playa Del Carmen,4,0,"Independent CALA hotel owner — brand/franchise evaluation workspace for ""The Fives Downtown Hotel & Residences, Curio Collection by Hilton"" and portfolio."
P2_tier_a,Owner 1: CIBanco SA Institución de Banca Múltiple Fideicomiso Irrevocable DB/1616 | Owner 2: Fibra Inn,recwHrRP1VwoNXewd,A,false,true,third_party_brand_decision,60,60,brand_renewal_window,4,,,,,false,missing_contact_name|missing_contact_channel|needs_verification_tier,Review mx seed fibra-inn; complete missing fields,fibra-inn,https://fibrainn.mx,Wyndham Garden Monterrey Valle Real,Wyndham Garden,Monterrey,4,0,Approaching estimated brand/management renewal window — evaluate alternatives before recommit.
P2_tier_a,Park Royal Hotels & Resorts,recXVuGin3WuOUyU9,A,false,true,third_party_brand_decision,58,58,independent_unbranded,11,,,,,false,missing_contact_name|missing_contact_channel|needs_verification_tier,Review mx seed park-royal; complete missing fields,park-royal,https://parkroyalhotels.com,Park Royal Homestay Los Cabos,,San Jose Del Cabo,12,0,"Independent CALA hotel owner — brand/franchise evaluation workspace for ""Park Royal Homestay Los Cabos"" and portfolio."
P2_tier_a,Hoteles Mision,recQo7hlJDmo0kSlk,A,false,true,third_party_brand_decision,58,58,independent_unbranded,7,,,,,false,missing_contact_name|missing_contact_channel|needs_verification_tier,Manual corp web research + registry optional,,,Hotel Mision Palenque,,Palenque,7,0,"Independent CALA hotel owner — brand/franchise evaluation workspace for ""Hotel Mision Palenque"" and portfolio."
P2_tier_a,Arriva Hospitality Group,recSnf97Z9e8uona8,A,false,true,third_party_brand_decision,58,58,independent_unbranded,7,,,,,false,missing_contact_name|missing_contact_channel|needs_verification_tier,Review mx seed arriva-hospitality; complete missing fields,arriva-hospitality,https://arrivahospitality.com,Vista Playa de Oro Manzanillo,,Manzanillo,7,0,"Independent CALA hotel owner — brand/franchise evaluation workspace for ""Vista Playa de Oro Manzanillo"" and portfolio."
P2_tier_a,Hoteles Lucerna,recggWmI4jREBR1Lw,A,false,true,third_party_brand_decision,58,58,independent_unbranded,7,,,,,false,missing_contact_name|missing_contact_channel|needs_verification_tier,Manual corp web research + registry optional,,,Hotel Lucerna Culiacán,,Culiacán,7,0,"Independent CALA hotel owner — brand/franchise evaluation workspace for ""Hotel Lucerna Culiacán"" and portfolio."
P2_tier_a,The Villa Group,rec7FDMcnkOsVQ7tP,A,false,true,asset_owner,58,58,independent_unbranded,6,,,,,false,missing_contact_name|missing_contact_channel|needs_verification_tier,Manual corp web research + registry optional,,,Villa del Palmar Flamingos Beach Resort & Spa Riviera Nayarit,,Nuevo Vallarta,6,0,"Independent CALA hotel owner — brand/franchise evaluation workspace for ""Villa del Palmar Flamingos Beach Resort & Spa Riviera Nayarit"" and portfolio."
P2_tier_a,Grupo Lomas,recJLJyGIeC2YuUVz,A,false,true,asset_owner,58,58,independent_unbranded,5,,,,,false,missing_contact_name|missing_contact_channel|needs_verification_tier,Manual corp web research + registry optional,,,El Dorado Royale Spa Resort,,Playa Del Carmen,5,0,"Independent CALA hotel owner — brand/franchise evaluation workspace for ""El Dorado Royale Spa Resort"" and portfolio."
P2_tier_a,El Cid Resorts,recJjzgyA2G5jflwF,A,false,true,third_party_brand_decision,58,58,independent_unbranded,5,,,,,false,missing_contact_name|missing_contact_channel|needs_verification_tier,Manual corp web research + registry optional,,,El Cid Marina Beach Hotel,,Mazatlan,5,0,"Independent CALA hotel owner — brand/franchise evaluation workspace for ""El Cid Marina Beach Hotel"" and portfolio."
P2_tier_a,Sunset World Group,reck1iMp7eB7zNyKS,A,false,true,asset_owner,58,58,independent_unbranded,4,,,,,false,missing_contact_name|missing_contact_channel|needs_verification_tier,Manual corp web research + registry optional,,,Sunset Fishermen Beach Resort,,Playa Del Carmen,4,0,"Independent CALA hotel owner — brand/franchise evaluation workspace for ""Sunset Fishermen Beach Resort"" and portfolio."
P2_tier_a,Mundo Imperial,recB5aNlpymWFyTJi,A,false,true,asset_owner,58,58,independent_unbranded,3,,,,,false,missing_contact_name|missing_contact_channel|needs_verification_tier,Manual corp web research + registry optional,,,Pierre Mundo Imperial,,Acapulco,3,0,"Independent CALA hotel owner — brand/franchise evaluation workspace for ""Pierre Mundo Imperial"" and portfolio."
P2_tier_a,Sandos Hotels & Resorts,recCKLrJhxr3muudA,A,false,true,third_party_brand_decision,58,58,independent_unbranded,3,,,,,false,missing_contact_name|missing_contact_channel|needs_verification_tier,Manual corp web research + registry optional,,https://sandos.com,Sandos Finisterra,,Cabo San Lucas,3,0,"Independent CALA hotel owner — brand/franchise evaluation workspace for ""Sandos Finisterra"" and portfolio."
P2_tier_a,Buenaventura Hotels,recRKCPJGkJawnWBl,A,false,true,third_party_brand_decision,58,58,independent_unbranded,3,,,,,false,missing_contact_name|missing_contact_channel|needs_verification_tier,Manual corp web research + registry optional,,,Villa Premiere Boutique Hotel & Romantic Getaway Puerto Vallarta,,Puerto Vallarta,3,0,"Independent CALA hotel owner — brand/franchise evaluation workspace for ""Villa Premiere Boutique Hotel & Romantic Getaway Puerto Vallarta"" and portfolio."
P2_tier_a,Original Resorts & Cruises,recYgu2w8SNKOZIZR,A,false,true,third_party_brand_decision,58,58,independent_unbranded,3,,,,,false,missing_contact_name|missing_contact_channel|needs_verification_tier,Manual corp web research + registry optional,,,Temptation Cancun Resort,,Cancun,3,0,"Independent CALA hotel owner — brand/franchise evaluation workspace for ""Temptation Cancun Resort"" and portfolio."
P2_tier_a,BF Hotels,recdgWIU5O2LaU5dO,A,false,true,third_party_brand_decision,58,58,independent_unbranded,3,,,,,false,missing_contact_name|missing_contact_channel|needs_verification_tier,Manual corp web research + registry optional,,,Hotel B Cozumel,,Cozumel,3,0,"Independent CALA hotel owner — brand/franchise evaluation workspace for ""Hotel B Cozumel"" and portfolio."
P2_tier_a,Hoteles Baruk,reciyUEzrzzq6Q06j,A,false,true,third_party_brand_decision,58,58,independent_unbranded,3,,,,,false,missing_contact_name|missing_contact_channel|needs_verification_tier,Manual corp web research + registry optional,,,Hotel Spa Hacienda Baruk,,Zacatecas,3,0,"Independent CALA hotel owner — brand/franchise evaluation workspace for ""Hotel Spa Hacienda Baruk"" and portfolio."
P2_tier_a,"Operadora Turística Hotelera, S.A. de C.V.",rec2DwpIQuaRJ4iHC,A,false,true,asset_owner,58,58,new_build,1,,,,,false,missing_contact_name|missing_contact_channel|needs_verification_tier,Manual corp web research + registry optional,,,BON Park Hotel at VidantaWorld Nuevo Vallarta,,,1,0,"Pre-brand development — brand/operator evaluation before flag commitment (""BON Park Hotel at VidantaWorld Nuevo Vallarta"")."
P2_tier_a,"Rivera Mayan, S.A. de C.V.",rec3Tl2sLQ8xVVhZ7,A,false,true,asset_owner,58,58,new_build,1,,,,,false,missing_contact_name|missing_contact_channel|needs_verification_tier,Manual corp web research + registry optional,,,Jungala Park Hotel at VidantaWorld Riviera Maya,,,1,0,"Pre-brand development — brand/operator evaluation before flag commitment (""Jungala Park Hotel at VidantaWorld Riviera Maya"")."
P2_tier_a,RCD Hotels,recJGCpSUVqr2MGZ6,A,false,true,third_party_brand_decision,58,58,new_build,1,Roberto Chapur Duarte,,,,false,missing_contact_channel|needs_verification_tier,Review mx seed irawadi-corp; complete missing fields,irawadi-corp,https://rcdhotels.com,AVA Cancun Resort,,Cancun,1,0,"Pre-brand development — brand/operator evaluation before flag commitment (""AVA Cancun Resort"")."
P2_tier_a,Ocean Signature Resorts,recXlrwLoNSDUcvSz,A,false,true,third_party_brand_decision,58,58,new_build,1,,,,,false,missing_contact_name|missing_contact_channel|needs_verification_tier,Manual corp web research + registry optional,,,Ocean Allure Costa Mujeres,,,1,0,"Pre-brand development — brand/operator evaluation before flag commitment (""Ocean Allure Costa Mujeres"")."
P2_tier_a,Servicios Corporativos Piñero S.L.,recuuSDdQC4NGfmaR,A,false,true,third_party_brand_decision,52,52,reflag,5,,,,,false,missing_contact_name|missing_contact_channel|needs_verification_tier,Manual corp web research + registry optional,,,Bahia Principe Explore Akumal,Bahia Principe,Akumal,17,0,Owner-operator separation on CALA assets — reflag/operator RFP decision support.
P2_tier_a,QUINTA DEL GOLFO DE CORTEZ SA DE CV,recMtR8Jrz7TLVjLQ,A,false,true,asset_owner,52,52,independent_unbranded,1,,,,,false,missing_contact_name|missing_contact_channel|needs_verification_tier,Manual corp web research + registry optional,,,"Solaz, a Luxury Collection Resort, Los Cabos",Luxury Collection,San Jose Del Cabo,1,0,"Independent CALA hotel owner — brand/franchise evaluation workspace for ""Solaz, a Luxury Collection Resort, Los Cabos"" and portfolio."
P2_tier_a,Ulysses Salomon George,recKjhukfPJuJO0jk,A,false,true,asset_owner,50,50,independent_unbranded,1,,,,,false,missing_contact_name|missing_contact_channel|needs_verification_tier,Manual corp web research + registry optional,,,Hotel Playa Mazatlan,,Mazatlan,1,0,"Independent CALA hotel owner — brand/franchise evaluation workspace for ""Hotel Playa Mazatlan"" and portfolio."
P2_tier_a,Steadfast Companies,recOwC5Tq0qQglOvs,A,false,true,asset_owner,50,50,independent_unbranded,1,,,,,false,missing_contact_name|missing_contact_channel|needs_verification_tier,Manual corp web research + registry optional,,,Tesoro Manzanillo Resort,,Manzanillo,1,0,"Independent CALA hotel owner — brand/franchise evaluation workspace for ""Tesoro Manzanillo Resort"" and portfolio."
P2_tier_a,Hugo E Torres Chabert,recoG1YzLfr32HXG3,A,false,true,asset_owner,50,50,independent_unbranded,1,,,,,false,missing_contact_name|missing_contact_channel|needs_verification_tier,Manual corp web research + registry optional,,,Rosarito Beach Hotel,,Ensenada,1,0,"Independent CALA hotel owner — brand/franchise evaluation workspace for ""Rosarito Beach Hotel"" and portfolio."
P2_tier_a,Paradise Village Group,recwasAe3xQGXtjv9,A,false,true,asset_owner,50,50,independent_unbranded,1,,,,,false,missing_contact_name|missing_contact_channel|needs_verification_tier,Manual corp web research + registry optional,,,Paradise Village Beach Resort & Spa,,Nuevo Vallarta,1,0,"Independent CALA hotel owner — brand/franchise evaluation workspace for ""Paradise Village Beach Resort & Spa"" and portfolio."
P2_tier_a,Parks Hospitality Holdings,recjPIDhhVxP6GUrI,A,false,true,third_party_brand_decision,48,53,reflag,12,Eleazar Loustalot Laclette,eleazar.loustalot@phh.com.mx,00 52 15511052222,https://linkedin.com/in/eleazar-loustalot-laclette/,true,needs_verified_phone|needs_verification_tier,IR/management page for direct line or mobile (VP1/VP2),,,Hilton Monterrey,Hilton,Monterrey,12,2,Owner-operator separation on CALA assets — reflag/operator RFP decision support.
P2_tier_a,RLH Properties,recpnU99j8BP9EHWK,A,false,true,asset_owner,48,48,reflag,6,,,,,false,missing_contact_name|missing_contact_channel|needs_verification_tier,Manual corp web research + registry optional,,,Park Hyatt Cabo del Sol,Park Hyatt,Cabo San Lucas,6,0,Owner-operator separation on CALA assets — reflag/operator RFP decision support.
P2_tier_a,Alojica,recqVaRXgZ7Vxkm0r,A,false,true,asset_owner,46,46,reflag,2,,,,,false,missing_contact_name|missing_contact_channel|needs_verification_tier,Manual corp web research + registry optional,,,"The Westin Playa Vallarta, an All-Inclusive Resort",Westin,Puerto Vallarta,5,0,Owner-operator separation on CALA assets — reflag/operator RFP decision support.
P2_tier_a,"Owner 1: Comercial Hotelera Mexicana de Occidente | Owner 2: ICD Sitra | Owner 3: Operadora De Servicios Para Hoteles De Lujo, Inc.",reclzolxuTlz6N8i0,A,false,true,third_party_brand_decision,46,46,independent_unbranded,3,,,,,false,missing_contact_name|missing_contact_channel|needs_verification_tier,Manual corp web research + registry optional,,,"Bel Air Business Salamanca, Trademark Collection by Wyndham",Trademark Collection by Wyndham,Salamanca,3,0,"Independent CALA hotel owner — brand/franchise evaluation workspace for ""Bel Air Business Salamanca, Trademark Collection by Wyndham"" and portfolio."
P2_tier_a,Adolfo Kalach,recpuwBPxgKCkaXYE,A,false,true,asset_owner,46,46,reflag,3,,,,,false,missing_contact_name|missing_contact_channel|needs_verification_tier,Manual corp web research + registry optional,,,Secrets Playa Blanca Costa Mujeres,Secrets Resorts & Spas,Cancun,3,0,Owner-operator separation on CALA assets — reflag/operator RFP decision support.
P2_tier_a,Grupo PINSA,rec89du9jD5rW4sKg,A,false,true,asset_owner,46,46,reflag,1,,,,,false,missing_contact_name|missing_contact_channel|needs_verification_tier,Manual corp web research + registry optional,,,Dreams Estrella del Mar Mazatlan Golf & Spa Resort,Dreams Resorts & Spas,,1,0,Owner-operator separation on CALA assets — reflag/operator RFP decision support.
P2_tier_a,Consorcio AGA,rechsD1AkSf6ykYuK,A,false,true,asset_owner,46,46,reflag,1,,,,,false,missing_contact_name|missing_contact_channel|needs_verification_tier,Manual corp web research + registry optional,,,Sheraton Buganvilias Resort & Convention Center,Sheraton Hotel,Puerto Vallarta,1,0,Owner-operator separation on CALA assets — reflag/operator RFP decision support.
P3_high_intent,"Proyectos Residenciales y Habitacionales, SA de CV",recuVYqFDI1g6s7Zw,C,false,true,asset_owner,68,68,independent_unbranded,1,,,,,false,missing_contact_name|missing_contact_channel|needs_verification_tier,Manual corp web research + registry optional,,,"Albor San Miguel de Allende, Tapestry Collection by Hilton",Tapestry Collection by Hilton,San Miguel de Allende,1,0,"Independent CALA hotel owner — brand/franchise evaluation workspace for ""Albor San Miguel de Allende, Tapestry Collection by Hilton"" and portfolio."
P3_high_intent,Owner 1: CIBanco Institucion de Banca Multiple | Owner 2: Fibra Hotel Mexico,recJVHVEPP7XGByFS,B,false,true,third_party_brand_decision,62,62,reflag,1,,,,,false,missing_contact_name|missing_contact_channel|needs_verification_tier,Review mx seed fibra-hotel-mexico; complete missing fields,fibra-hotel-mexico,https://fibrahotel.mx,Wyndham Monterrey Ambassador Centro,Wyndham,Monterrey,1,0,Owner-operator separation on CALA assets — reflag/operator RFP decision support.
P4_medium_intent,Kali Hoteles,rec0IwstpLHjB81X6,B,false,true,third_party_brand_decision,58,58,independent_unbranded,2,,,,,false,missing_contact_name|missing_contact_channel|needs_verification_tier,Manual corp web research + registry optional,,,Kali Escandon Hotel,,Mexico City,2,0,"Independent CALA hotel owner — brand/franchise evaluation workspace for ""Kali Escandon Hotel"" and portfolio."
P4_medium_intent,Owner 1: Luis Guillermo Laveaga Garcia | Owner 2: El Cid Resorts,recWZuuRA9r0XT7En,B,false,true,third_party_brand_decision,58,58,independent_unbranded,2,,,,,false,missing_contact_name|missing_contact_channel|needs_verification_tier,Manual corp web research + registry optional,,,El Cid La Ceiba Beach Hotel,,Cozumel,2,0,"Independent CALA hotel owner — brand/franchise evaluation workspace for ""El Cid La Ceiba Beach Hotel"" and portfolio."
P4_medium_intent,Raintree Vacation Club,recZ2g7srlJjVMjgM,B,false,true,asset_owner,58,58,independent_unbranded,2,,,,,false,missing_contact_name|missing_contact_channel|needs_verification_tier,Manual corp web research + registry optional,,,Club Regina Puerto Vallarta,,Puerto Vallarta,2,0,"Independent CALA hotel owner — brand/franchise evaluation workspace for ""Club Regina Puerto Vallarta"" and portfolio."
P4_medium_intent,Inmobiliaria Dale de Guanajuato S.A. de C.V.,rec1U5BRmGZgNLLsL,B,false,true,asset_owner,58,58,independent_unbranded,1,,,,,false,missing_contact_name|missing_contact_channel|needs_verification_tier,Manual corp web research + registry optional,,,"Cleviá, San Miguel de Allende, Autograph Collection",Autograph Collection,San Miguel de Allende,1,0,"Independent CALA hotel owner — brand/franchise evaluation workspace for ""Cleviá, San Miguel de Allende, Autograph Collection"" and portfolio."
P4_medium_intent,Tessera Capital,rec13atDLCOrPE1fE,C,false,true,asset_owner,58,58,independent_unbranded,1,,,,,false,missing_contact_name|missing_contact_channel|needs_verification_tier,Manual corp web research + registry optional,,,Numu Boutique Hotel San Miguel de Allende,The Unbound Collection,San Miguel de Allende,1,0,"Independent CALA hotel owner — brand/franchise evaluation workspace for ""Numu Boutique Hotel San Miguel de Allende"" and portfolio."
P4_medium_intent,Mexico Grand Hotels,recZEkfVf9HeDtnb0,C,false,true,third_party_brand_decision,58,58,new_build,1,,,,,false,missing_contact_name|missing_contact_channel|needs_verification_tier,Manual corp web research + registry optional,,,Kadun Hotel Boutique,,Cabo San Lucas,1,0,"Pre-brand development — brand/operator evaluation before flag commitment (""Kadun Hotel Boutique"")."
P4_medium_intent,Bataller Family,recihV6lhgERXoPRC,C,false,true,asset_owner,58,58,new_build,1,,,,,false,missing_contact_name|missing_contact_channel|needs_verification_tier,Manual corp web research + registry optional,,,SHA Mexico,,Cancun,1,0,"Pre-brand development — brand/operator evaluation before flag commitment (""SHA Mexico"")."
P4_medium_intent,Mario Cordiova,rece5SRvXwXDdFfnl,B,false,true,asset_owner,52,52,independent_unbranded,2,,,,,false,missing_contact_name|missing_contact_channel|needs_verification_tier,Manual corp web research + registry optional,,,Centric Suite,,Villahermosa,2,0,"Independent CALA hotel owner — brand/franchise evaluation workspace for ""Centric Suite"" and portfolio."
P4_medium_intent,Owner 1: Engles Development Corp | Owner 2: Serendipity Land Holdings | Owner 3: The Friedkin Group,recV62tZ1Mk7hyHiz,B,false,true,asset_owner,52,52,independent_unbranded,1,,,,,false,missing_contact_name|missing_contact_channel|needs_verification_tier,Manual corp web research + registry optional,,,"Susurros Del Corazón, Auberge Collection",Auberge Collection,Punta de Mita,1,0,"Independent CALA hotel owner — brand/franchise evaluation workspace for ""Susurros Del Corazón, Auberge Collection"" and portfolio."
P4_medium_intent,AB Living Group,recnspzYOgZTZAk7y,B,false,true,asset_owner,52,52,independent_unbranded,1,,,,,false,missing_contact_name|missing_contact_channel|needs_verification_tier,Manual corp web research + registry optional,,,"Almare, a Luxury Collection Resort, Isla Mujeres, Adult All-Inclusive",Luxury Collection,Isla Mujeres,1,0,"Independent CALA hotel owner — brand/franchise evaluation workspace for ""Almare, a Luxury Collection Resort, Isla Mujeres, Adult All-Inclusive"" and portfolio."
P4_medium_intent,Matthew Craig Schilowitz,rec6IjpB2qGY7GmiX,C,false,true,asset_owner,52,52,independent_unbranded,1,,,,,false,missing_contact_name|missing_contact_channel|needs_verification_tier,Manual corp web research + registry optional,,,"Acanto Playa del Carmen, Trademark Collection by Wyndham",Trademark Collection by Wyndham,Playa Del Carmen,1,0,"Independent CALA hotel owner — brand/franchise evaluation workspace for ""Acanto Playa del Carmen, Trademark Collection by Wyndham"" and portfolio."
P4_medium_intent,"Operadora FC 1918, S.A. de C.V.",recPmhlWsMn4gTy9x,C,false,true,asset_owner,52,52,independent_unbranded,1,,,,,false,missing_contact_name|missing_contact_channel|needs_verification_tier,Manual corp web research + registry optional,,,"Tropicana Los Cabos, Tapestry Collection by Hilton",Tapestry Collection by Hilton,San Jose Del Cabo,1,0,"Independent CALA hotel owner — brand/franchise evaluation workspace for ""Tropicana Los Cabos, Tapestry Collection by Hilton"" and portfolio."
P4_medium_intent,Jose Kalach,rec4Z4e8nFueEI99x,B,false,true,asset_owner,50,50,independent_unbranded,1,,,,,false,missing_contact_name|missing_contact_channel|needs_verification_tier,Manual corp web research + registry optional,,,Marquis Los Cabos All Inclusive Resort & Spa,,La Paz,1,0,"Independent CALA hotel owner — brand/franchise evaluation workspace for ""Marquis Los Cabos All Inclusive Resort & Spa"" and portfolio."
P4_medium_intent,Hotelera Galerias SA de CV,recDrrIH7curpxNjQ,B,false,true,asset_owner,50,50,independent_unbranded,1,,,,,false,missing_contact_name|missing_contact_channel|needs_verification_tier,Manual corp web research + registry optional,,,Hotel del Prado Mexico City,,Mexico City,1,0,"Independent CALA hotel owner — brand/franchise evaluation workspace for ""Hotel del Prado Mexico City"" and portfolio."
P4_medium_intent,Pedro Joaquin Dominguez,recPR5MkS6sqnZRhX,B,false,true,asset_owner,50,50,independent_unbranded,1,,,,,false,missing_contact_name|missing_contact_channel|needs_verification_tier,Manual corp web research + registry optional,,,El Cozumeleno Beach Resort,,Cozumel,1,0,"Independent CALA hotel owner — brand/franchise evaluation workspace for ""El Cozumeleno Beach Resort"" and portfolio."
P4_medium_intent,Hotelsolymarresort S.A. De CV,recPXoICd2ixyCdIm,B,false,true,asset_owner,50,50,independent_unbranded,1,,,,,false,missing_contact_name|missing_contact_channel|needs_verification_tier,Manual corp web research + registry optional,,,Solymar Beach Resort,,Cancun,1,0,"Independent CALA hotel owner — brand/franchise evaluation workspace for ""Solymar Beach Resort"" and portfolio."
P4_medium_intent,Hoteles Real Plaza,recTDJPUgrB9U1olJ,B,false,true,third_party_brand_decision,50,50,independent_unbranded,1,,,,,false,missing_contact_name|missing_contact_channel|needs_verification_tier,Manual corp web research + registry optional,,,Hotel Real Plaza,,San Luis Potosí,1,0,"Independent CALA hotel owner — brand/franchise evaluation workspace for ""Hotel Real Plaza"" and portfolio."
P4_medium_intent,Real De Minas,recXt8sPVWqwrMttv,B,false,true,asset_owner,50,50,independent_unbranded,1,,,,,false,missing_contact_name|missing_contact_channel|needs_verification_tier,Manual corp web research + registry optional,,,Real De Minas San Miguel De Allende,,San Miguel de Allende,1,0,"Independent CALA hotel owner — brand/franchise evaluation workspace for ""Real De Minas San Miguel De Allende"" and portfolio."
P4_medium_intent,Consorcio Hotelero del Norte S.A. de C.V.,recn38sarahl9jzoF,B,false,true,third_party_brand_decision,50,50,independent_unbranded,1,,,,,false,missing_contact_name|missing_contact_channel|needs_verification_tier,Manual corp web research + registry optional,,,"CHN Hotel Monterrey Centro, Trademark Collection by Wyndham",Trademark Collection by Wyndham,Monterrey,1,0,"Independent CALA hotel owner — brand/franchise evaluation workspace for ""CHN Hotel Monterrey Centro, Trademark Collection by Wyndham"" and portfolio."
P4_medium_intent,Diana Johnson,recoY3i8RFMwx5835,B,false,true,asset_owner,50,50,independent_unbranded,1,,,,,false,missing_contact_name|missing_contact_channel|needs_verification_tier,Manual corp web research + registry optional,,,Hotel Serenidad,,,1,0,"Independent CALA hotel owner — brand/franchise evaluation workspace for ""Hotel Serenidad"" and portfolio."
P4_medium_intent,Hotel Real de Minas de Allende SA. DE CV,recuwU5CNX46RWfwj,B,false,true,third_party_brand_decision,50,50,independent_unbranded,1,,,,,false,missing_contact_name|missing_contact_channel|needs_verification_tier,Manual corp web research + registry optional,,,Real de Minas Tradicional,,Queretaro,1,0,"Independent CALA hotel owner — brand/franchise evaluation workspace for ""Real de Minas Tradicional"" and portfolio."
P4_medium_intent,Operadora Punto Cayao S.A. de C.V.,rec1qXsqEHJkhGaeR,C,false,true,asset_owner,50,50,independent_unbranded,1,,,,,false,missing_contact_name|missing_contact_channel|needs_verification_tier,Manual corp web research + registry optional,,,The Palms Resort Of Mazatlan,,Mazatlan,1,0,"Independent CALA hotel owner — brand/franchise evaluation workspace for ""The Palms Resort Of Mazatlan"" and portfolio."
P4_medium_intent,Minera y Beneficiadora Purísima,rec2Ae5DcNpgnXYwh,C,false,true,asset_owner,50,50,independent_unbranded,1,,,,,false,missing_contact_name|missing_contact_channel|needs_verification_tier,Manual corp web research + registry optional,,,Hotel Royal Spa,,,1,0,"Independent CALA hotel owner — brand/franchise evaluation workspace for ""Hotel Royal Spa"" and portfolio."
P4_medium_intent,NG Hoteles,recC5NppfWskP8PbB,C,false,true,third_party_brand_decision,50,50,independent_unbranded,1,,,,,false,missing_contact_name|missing_contact_channel|needs_verification_tier,Manual corp web research + registry optional,,,Hoteles Club Del Sol Acapulco,,Acapulco,1,0,"Independent CALA hotel owner — brand/franchise evaluation workspace for ""Hoteles Club Del Sol Acapulco"" and portfolio."
P4_medium_intent,Sarah Livia Brightwood,recGCieyN6I7vBcX4,C,false,true,asset_owner,50,50,independent_unbranded,1,,,,,false,missing_contact_name|missing_contact_channel|needs_verification_tier,Manual corp web research + registry optional,,,Rancho La Puerta,,,1,0,"Independent CALA hotel owner — brand/franchise evaluation workspace for ""Rancho La Puerta"" and portfolio."
P4_medium_intent,Osuna Family,recGYqkn6wPS3o284,C,false,true,asset_owner,50,50,independent_unbranded,1,,,,,false,missing_contact_name|missing_contact_channel|needs_verification_tier,Manual corp web research + registry optional,,,Hotel Valles,,Ciudad Valles,1,0,"Independent CALA hotel owner — brand/franchise evaluation workspace for ""Hotel Valles"" and portfolio."
P4_medium_intent,Michel Domit,recGl5JIos5z4B9c6,C,false,true,asset_owner,50,50,independent_unbranded,1,,,,,false,missing_contact_name|missing_contact_channel|needs_verification_tier,Manual corp web research + registry optional,,,El Santuario Hotel & Spa,,,1,0,"Independent CALA hotel owner — brand/franchise evaluation workspace for ""El Santuario Hotel & Spa"" and portfolio."
P4_medium_intent,Owner 1: Turistica y Administradora de Activo del Caribe SA de CV | Owner 2: Eduardo Toledo | Owner 3: Carlos Toledo Cardounel,recIEWFzJNqb78CjK,C,false,true,asset_owner,50,50,independent_unbranded,1,,,,,false,missing_contact_name|missing_contact_channel|needs_verification_tier,Manual corp web research + registry optional,,,Cozumel Hotel & Resort,,Cozumel,1,0,"Independent CALA hotel owner — brand/franchise evaluation workspace for ""Cozumel Hotel & Resort"" and portfolio."
P4_medium_intent,Hotel Posada Virreyes SA de CV,recPHSNctlVRyePwL,C,false,true,third_party_brand_decision,50,50,independent_unbranded,1,,,,,false,missing_contact_name|missing_contact_channel|needs_verification_tier,Manual corp web research + registry optional,,,Hotel Posada Virreyes,,Guadalajara,1,0,"Independent CALA hotel owner — brand/franchise evaluation workspace for ""Hotel Posada Virreyes"" and portfolio."
P4_medium_intent,Azulik,recTuW9E7otSLfaxv,C,false,true,asset_owner,50,50,independent_unbranded,1,,,,,false,missing_contact_name|missing_contact_channel|needs_verification_tier,Manual corp web research + registry optional,,,Azulik Tulum,,Tulum,1,0,"Independent CALA hotel owner — brand/franchise evaluation workspace for ""Azulik Tulum"" and portfolio."
P4_medium_intent,Hotel Joalicia S.A. de C.V.,recUfU7Lh2wOhAAm0,C,false,true,third_party_brand_decision,50,50,independent_unbranded,1,,,,,false,missing_contact_name|missing_contact_channel|needs_verification_tier,Manual corp web research + registry optional,,,Hotel Joalicia,,,1,0,"Independent CALA hotel owner — brand/franchise evaluation workspace for ""Hotel Joalicia"" and portfolio."
P4_medium_intent,Kevin P Wendle,recVSQBGkSd6Oj8UT,C,false,true,asset_owner,50,50,independent_unbranded,1,,,,,false,missing_contact_name|missing_contact_channel|needs_verification_tier,Manual corp web research + registry optional,,,Hotel Esencia,,Playa Del Carmen,1,0,"Independent CALA hotel owner — brand/franchise evaluation workspace for ""Hotel Esencia"" and portfolio."
P4_medium_intent,Owner 1: Lee Vosburgh | Owner 2: Bahia Hotel & Beach House,recdgTIH6zgQ6blEz,C,false,true,third_party_brand_decision,50,50,independent_unbranded,1,,,,,false,missing_contact_name|missing_contact_channel|needs_verification_tier,Manual corp web research + registry optional,,,Bahia Hotel & Beach House,,Cabo San Lucas,1,0,"Independent CALA hotel owner — brand/franchise evaluation workspace for ""Bahia Hotel & Beach House"" and portfolio."
P4_medium_intent,OPERADORA DECORI BINNIGUENDA S.A. DE C.V.,recezAjtnSIeZ3UA0,C,false,true,asset_owner,50,50,independent_unbranded,1,,,,,false,missing_contact_name|missing_contact_channel|needs_verification_tier,Manual corp web research + registry optional,,,Binniguenda Huatulco,,Huatulco,1,0,"Independent CALA hotel owner — brand/franchise evaluation workspace for ""Binniguenda Huatulco"" and portfolio."
P4_medium_intent,Hotel Real de Minas,recfZM1kzFpvDboSh,C,false,true,third_party_brand_decision,50,50,independent_unbranded,1,,,,,false,missing_contact_name|missing_contact_channel|needs_verification_tier,Manual corp web research + registry optional,,,Real De Minas Hotel Poliforum,,León,1,0,"Independent CALA hotel owner — brand/franchise evaluation workspace for ""Real De Minas Hotel Poliforum"" and portfolio."
P4_medium_intent,James Evangelatos,recheLnHESnLMNhdj,C,false,true,asset_owner,50,50,independent_unbranded,1,,,,,false,missing_contact_name|missing_contact_channel|needs_verification_tier,Manual corp web research + registry optional,,,Las Rocas Resort & Spa,,,1,0,"Independent CALA hotel owner — brand/franchise evaluation workspace for ""Las Rocas Resort & Spa"" and portfolio."
P4_medium_intent,"Motele Tourism, SA de CV",reclr9UzbWEUNY26l,C,false,true,asset_owner,50,50,independent_unbranded,1,,,,,false,missing_contact_name|missing_contact_channel|needs_verification_tier,Manual corp web research + registry optional,,,Hotel Rocaval,,San Cristobal De Las Casas,1,0,"Independent CALA hotel owner — brand/franchise evaluation workspace for ""Hotel Rocaval"" and portfolio."
P4_medium_intent,Manuel Hermida,recmSMsuYFi24sLtp,C,false,true,asset_owner,50,50,independent_unbranded,1,,,,,false,missing_contact_name|missing_contact_channel|needs_verification_tier,Manual corp web research + registry optional,,,BeWow Queretaro,,Queretaro,1,0,"Independent CALA hotel owner — brand/franchise evaluation workspace for ""BeWow Queretaro"" and portfolio."
P4_medium_intent,EDOS Proyectos e inversiones,recmVdDIN6sFXp0pZ,C,false,true,asset_owner,50,50,independent_unbranded,1,,,,,false,missing_contact_name|missing_contact_channel|needs_verification_tier,Manual corp web research + registry optional,,,La Concha Beach Hotel & Club,,La Paz,1,0,"Independent CALA hotel owner — brand/franchise evaluation workspace for ""La Concha Beach Hotel & Club"" and portfolio."
P4_medium_intent,Gerardo Novelo Osuna,recnUiJ7XLkqwp8tq,C,false,true,asset_owner,50,50,independent_unbranded,1,,,,,false,missing_contact_name|missing_contact_channel|needs_verification_tier,Manual corp web research + registry optional,,,Estero Beach Hotel & Resort,,,1,0,"Independent CALA hotel owner — brand/franchise evaluation workspace for ""Estero Beach Hotel & Resort"" and portfolio."
P4_medium_intent,Sierra Suites Hotels,recrIiHlIx28GLUpk,C,false,true,third_party_brand_decision,50,50,independent_unbranded,1,,,,,false,missing_contact_name|missing_contact_channel|needs_verification_tier,Manual corp web research + registry optional,,,Sierra Suites by HP Hotels,,San Luis Potosí,1,0,"Independent CALA hotel owner — brand/franchise evaluation workspace for ""Sierra Suites by HP Hotels"" and portfolio."
P4_medium_intent,"CORPORATIVO AYA, SA de CV",recrxNnvkU0DPabOU,C,false,true,asset_owner,50,50,independent_unbranded,1,,,,,false,missing_contact_name|missing_contact_channel|needs_verification_tier,Manual corp web research + registry optional,,,Uxmal Resort Maya,,,1,0,"Independent CALA hotel owner — brand/franchise evaluation workspace for ""Uxmal Resort Maya"" and portfolio."
P4_medium_intent,Juan Ignacio Baraquin,recsfkzerHEZ8RDx6,C,false,true,asset_owner,50,50,independent_unbranded,1,,,,,false,missing_contact_name|missing_contact_channel|needs_verification_tier,Manual corp web research + registry optional,,,Hotel Hostal de Cortés,,Veracruz,1,0,"Independent CALA hotel owner — brand/franchise evaluation workspace for ""Hotel Hostal de Cortés"" and portfolio."
P4_medium_intent,Mayaland,recsugOv6Oh33xyUj,C,false,true,asset_owner,50,50,independent_unbranded,1,,,,,false,missing_contact_name|missing_contact_channel|needs_verification_tier,Manual corp web research + registry optional,,,Hacienda Uxmal Plantation & Museum,,,1,0,"Independent CALA hotel owner — brand/franchise evaluation workspace for ""Hacienda Uxmal Plantation & Museum"" and portfolio."
P4_medium_intent,"Hotel Real de Minas, S.A. de C.V.",recugQdBhlL8MDILV,C,false,true,third_party_brand_decision,50,50,independent_unbranded,1,,,,,false,missing_contact_name|missing_contact_channel|needs_verification_tier,Manual corp web research + registry optional,,,Real De Minas Guanajuato,,Guanajuato,1,0,"Independent CALA hotel owner — brand/franchise evaluation workspace for ""Real De Minas Guanajuato"" and portfolio."
P4_medium_intent,Owner 1: Patricia Magdelena Mena Avila | Owner 2: Armando Batarse Cardenas | Owner 3: Carlos Enrique Batarse Mena,recwreZI4W1s5f1uV,C,false,true,asset_owner,50,50,independent_unbranded,1,,,,,false,missing_contact_name|missing_contact_channel|needs_verification_tier,Manual corp web research + registry optional,,,"CHN Hotel Monterrey Norte, Trademark Collection by Wyndham",Trademark Collection by Wyndham,Monterrey,1,0,"Independent CALA hotel owner — brand/franchise evaluation workspace for ""CHN Hotel Monterrey Norte, Trademark Collection by Wyndham"" and portfolio."
P4_medium_intent,Operadora del Hotel Villa Montana S.A. de C.V.,recyc1zlHl4TC6red,C,false,true,third_party_brand_decision,50,50,independent_unbranded,1,,,,,false,missing_contact_name|missing_contact_channel|needs_verification_tier,Manual corp web research + registry optional,,,Villa Montana Hotel & Spa,,Morelia,1,0,"Independent CALA hotel owner — brand/franchise evaluation workspace for ""Villa Montana Hotel & Spa"" and portfolio."
P4_medium_intent,Hoteles Aranzazú,recyySLy3eCqOfRYm,C,false,true,third_party_brand_decision,50,50,independent_unbranded,1,,,,,false,missing_contact_name|missing_contact_channel|needs_verification_tier,Manual corp web research + registry optional,,,Hotel Aranzazu Centro Historico Guadalajara,,Guadalajara,1,0,"Independent CALA hotel owner — brand/franchise evaluation workspace for ""Hotel Aranzazu Centro Historico Guadalajara"" and portfolio."
P4_medium_intent,GS Hoteles,reczQg6FAh10vpkoI,C,false,true,third_party_brand_decision,50,50,independent_unbranded,1,,,,,false,missing_contact_name|missing_contact_channel|needs_verification_tier,Manual corp web research + registry optional,,,Hotel San Pedro,,Puebla,1,0,"Independent CALA hotel owner — brand/franchise evaluation workspace for ""Hotel San Pedro"" and portfolio."
P4_medium_intent,Juan Carlos Alvarez,recAWPqfdzzOcjC7r,B,false,true,asset_owner,46,46,reflag,2,,,,,false,missing_contact_name|missing_contact_channel|needs_verification_tier,Manual corp web research + registry optional,,,Holiday Inn Express Mexico Basilica,Holiday Inn Express,Mexico City,2,0,Owner-operator separation on CALA assets — reflag/operator RFP decision support.
P4_medium_intent,Family Newton Frausto,recNdNFxYGkTjS2vo,B,false,true,asset_owner,46,46,reflag,2,,,,,false,missing_contact_name|missing_contact_channel|needs_verification_tier,Manual corp web research + registry optional,,,Sheraton Guadalajara Expo,Sheraton Hotel,Zapopan,2,0,Owner-operator separation on CALA assets — reflag/operator RFP decision support.
P4_medium_intent,PLAN RESORTS S.A. DE C.V.,recOndyFOyP5xcu3U,B,false,true,third_party_brand_decision,46,46,reflag,2,,,,,false,missing_contact_name|missing_contact_channel|needs_verification_tier,Manual corp web research + registry optional,,,Hacienda Santa Rosa de Lima,IHG White Label Luxury,,2,0,Owner-operator separation on CALA assets — reflag/operator RFP decision support.
P4_medium_intent,Flamingos Plaza S.A. de C.V.,rec9eAVK32HsCveXz,B,false,true,asset_owner,46,46,reflag,1,,,,,false,missing_contact_name|missing_contact_channel|needs_verification_tier,Manual corp web research + registry optional,,,Courtyard Mexico City Revolucion,Courtyard,Mexico City,1,0,Owner-operator separation on CALA assets — reflag/operator RFP decision support.
P4_medium_intent,"Inmobiliaria Parque Saltillo, S.A. de C.V.",reccAgtKodpYeU0jO,B,false,true,asset_owner,46,46,reflag,1,,,,,false,missing_contact_name|missing_contact_channel|needs_verification_tier,Manual corp web research + registry optional,,,CASAMAYOR Hotel Hacienda,Marriott White Label Upper Upscale,Saltillo,1,0,Owner-operator separation on CALA assets — reflag/operator RFP decision support.
P4_medium_intent,Arenamex Investors,recFwGDrETAUW9Ae0,C,false,true,asset_owner,46,46,reflag,1,,,,,false,missing_contact_name|missing_contact_channel|needs_verification_tier,Manual corp web research + registry optional,,,Thompson Zihuatanejo,Thompson Hotels,Zihuatanejo,1,0,Owner-operator separation on CALA assets — reflag/operator RFP decision support.
P4_medium_intent,Ty Warner Hotels & Resorts,recSASuMMyY6JcU92,C,false,true,third_party_brand_decision,46,46,reflag,1,,,,,false,missing_contact_name|missing_contact_channel|needs_verification_tier,Manual corp web research + registry optional,,,"Las Ventanas al Paraíso, a Rosewood Resort",Rosewood,San Jose Del Cabo,1,0,Owner-operator separation on CALA assets — reflag/operator RFP decision support.
P4_medium_intent,Operadora de Hoteles y Restaurantes Sumiya SA de C,recU2WrHSus6aPZkP,C,false,true,third_party_brand_decision,46,46,reflag,1,,,,,false,missing_contact_name|missing_contact_channel|needs_verification_tier,Manual corp web research + registry optional,,,Grand Fiesta Americana Sumiya Cuernavaca,Fiesta Americana,,1,0,Owner-operator separation on CALA assets — reflag/operator RFP decision support.
P4_medium_intent,Inmobiliaria RIG S.A. de C.V.,recjhYrpT94n8FaOX,C,false,true,asset_owner,46,46,reflag,1,,,,,false,missing_contact_name|missing_contact_channel|needs_verification_tier,Manual corp web research + registry optional,,,Courtyard Villahermosa Tabasco,Courtyard,Villahermosa,1,0,Owner-operator separation on CALA assets — reflag/operator RFP decision support.
P4_medium_intent,Jorge Macari,recuNVClHxBboLVpa,C,false,true,asset_owner,46,46,reflag,1,,,,,false,missing_contact_name|missing_contact_channel|needs_verification_tier,Manual corp web research + registry optional,,,Impression Isla Mujeres by Secrets,Impression by Secrets,Isla Mujeres,1,0,Owner-operator separation on CALA assets — reflag/operator RFP decision support.
P5_backlog,Industrias BRES de RL de CV,rec1ZWpgUnGIZbLDe,A,false,true,asset_owner,44,44,brand_renewal_window,1,,,,,false,missing_contact_name|missing_contact_channel|needs_verification_tier,Manual corp web research + registry optional,,,The St. Regis Mexico City,St. Regis,Mexico City,1,0,Approaching estimated brand/management renewal window — evaluate alternatives before recommit.
P5_backlog,"Impulsora Bahia, S.A. de C.V.",recBu6WvDqfRohGcs,B,false,true,asset_owner,44,44,brand_renewal_window,1,,,,,false,missing_contact_name|missing_contact_channel|needs_verification_tier,Manual corp web research + registry optional,,,Marriott Aguascalientes Hotel,Marriott,Aguascalientes,1,0,Approaching estimated brand/management renewal window — evaluate alternatives before recommit.
P5_backlog,"Inmobiliaria Quinta Esencia, S.A. de C.V.",recYAcdzwiYfotDiD,B,false,true,asset_owner,44,44,brand_renewal_window,1,,,,,false,missing_contact_name|missing_contact_channel|needs_verification_tier,Manual corp web research + registry optional,,,Mexico City Marriott Reforma Hotel,Marriott,Mexico City,1,0,Approaching estimated brand/management renewal window — evaluate alternatives before recommit.
P5_backlog,"Hoteles Veracruz Tuxpan, S. A. de C.V.",recHx3WQ1xIkYNcs1,C,false,true,third_party_brand_decision,44,44,brand_renewal_window,1,,,,,false,missing_contact_name|missing_contact_channel|needs_verification_tier,Manual corp web research + registry optional,,,Courtyard Tuxpan Veracruz,Courtyard,Tuxpan,1,0,Approaching estimated brand/management renewal window — evaluate alternatives before recommit.
P5_backlog,Owner 1: Rodina Group | Owner 2: Tortuga Resorts,recAaBG6SPGxhUUdz,A,false,true,third_party_brand_decision,40,40,reflag,2,,,,,false,missing_contact_name|missing_contact_channel|needs_verification_tier,Manual corp web research + registry optional,,,Viceroy Los Cabos,Viceroy,San Jose Del Cabo,2,0,Owner-operator separation on CALA assets — reflag/operator RFP decision support.
P5_backlog,Macdeo-Morales Fam,recznUP5xdf2flPHy,A,false,true,asset_owner,40,40,reflag,2,,,,,false,missing_contact_name|missing_contact_channel|needs_verification_tier,Manual corp web research + registry optional,,,Secrets Moxche Playa Del Carmen,Secrets Resorts & Spas,Playa Del Carmen,2,0,Owner-operator separation on CALA assets — reflag/operator RFP decision support.
P5_backlog,Angel Rodríguez,recId8zjdVZ8YOsGq,A,false,true,asset_owner,40,40,reflag,1,,,,,false,missing_contact_name|missing_contact_channel|needs_verification_tier,Manual corp web research + registry optional,,,Secrets Huatulco Resort & Spa,Secrets Resorts & Spas,,1,0,Owner-operator separation on CALA assets — reflag/operator RFP decision support.
P5_backlog,"Fuerte Group, SL.",recQuD73UfHOn1Wqc,A,false,true,asset_owner,40,40,reflag,1,,,,,false,missing_contact_name|missing_contact_channel|needs_verification_tier,Manual corp web research + registry optional,,,Breathless Cancun Soul Resort & Spa,Breathless Resorts & Spas,Cancun,1,0,Owner-operator separation on CALA assets — reflag/operator RFP decision support.
P5_backlog,Grupo Empresarial Hermes,recUBWDSoLlIbib2R,A,false,true,asset_owner,40,40,reflag,1,,,,,false,missing_contact_name|missing_contact_channel|needs_verification_tier,Manual corp web research + registry optional,,,Secrets Playa Mujeres Golf & Spa Resort,Secrets Resorts & Spas,Cancun,1,0,Owner-operator separation on CALA assets — reflag/operator RFP decision support.
P5_backlog,Marcos Family,recbivWKsFf9ClYRn,A,false,true,asset_owner,40,40,reflag,1,,,,,false,missing_contact_name|missing_contact_channel|needs_verification_tier,Manual corp web research + registry optional,,,Secrets The Vine Cancun,Secrets Resorts & Spas,Cancun,1,0,Owner-operator separation on CALA assets — reflag/operator RFP decision support.
P5_backlog,"Inmobiliaria Grupo Layon, S.A. de C.V.",recjcUWNqdh2Civ4p,B,false,true,asset_owner,40,40,reflag,2,,,,,false,missing_contact_name|missing_contact_channel|needs_verification_tier,Manual corp web research + registry optional,,,AC Hotel Santa Fe,AC Hotels by Marriott,Mexico City,2,0,Owner-operator separation on CALA assets — reflag/operator RFP decision support.
P5_backlog,Inmobiliaria HNF S de RL de CV,recjd4wpvAyVjRQeE,B,false,true,asset_owner,40,40,reflag,2,,,,,false,missing_contact_name|missing_contact_channel|needs_verification_tier,Manual corp web research + registry optional,,,Holiday Inn Guadalajara Patria-Universidad,Holiday Inn,Zapopan,2,0,Owner-operator separation on CALA assets — reflag/operator RFP decision support.
P5_backlog,Carlos Hank (Hermes),recBH3L1TYw3MAO6v,B,false,true,asset_owner,40,40,reflag,1,,,,,false,missing_contact_name|missing_contact_channel|needs_verification_tier,Manual corp web research + registry optional,,,Dreams Playa Mujeres Golf & Spa Resort,Dreams Resorts & Spas,Cancun,1,0,Owner-operator separation on CALA assets — reflag/operator RFP decision support.
P5_backlog,CV Resorts S de RL de RL,recHKIsdgT23HRYaV,B,false,true,third_party_brand_decision,40,40,reflag,1,,,,,false,missing_contact_name|missing_contact_channel|needs_verification_tier,Manual corp web research + registry optional,,,"Costa Sur Resort, Classico Collection by Sonesta",Sonesta Hotel,Puerto Vallarta,1,0,Owner-operator separation on CALA assets — reflag/operator RFP decision support.
P5_backlog,Owner 1: Grupo Questro | Owner 2: Luis Sergio Torres,recPPdhshSZLuRZZN,B,false,true,asset_owner,40,40,reflag,1,,,,,false,missing_contact_name|missing_contact_channel|needs_verification_tier,Review mx seed grupo-questro; complete missing fields,grupo-questro,https://www.questro.com,Zoëtry Casa del Mar Los Cabos,Zoetry Wellness & Spa Resorts,La Paz,1,0,Owner-operator separation on CALA assets — reflag/operator RFP decision support.
P5_backlog,Harper Compania S De Rl De Cv,recxH3ipEWs7bQxcL,B,false,true,asset_owner,40,40,reflag,1,,,,,false,missing_contact_name|missing_contact_channel|needs_verification_tier,Manual corp web research + registry optional,,,Kimpton Mas Olas Todos Santos,Kimpton,,1,0,Owner-operator separation on CALA assets — reflag/operator RFP decision support.
P5_backlog,Bloom Tulum,rec8BH4AuRsrF2nZx,C,false,true,asset_owner,40,40,reflag,1,,,,,false,missing_contact_name|missing_contact_channel|needs_verification_tier,Manual corp web research + registry optional,,,"Bloom Tulum, Apartments by Marriott Bonvoy",Marriott White Label Upper Upscale,Tulum,1,0,Owner-operator separation on CALA assets — reflag/operator RFP decision support.
P5_backlog,GM Capital,recSsdJsLUCmnDy1h,C,false,true,asset_owner,40,40,reflag,1,,,,,false,missing_contact_name|missing_contact_channel|needs_verification_tier,Manual corp web research + registry optional,,,AC Hotel Monterrey Valle,AC Hotels by Marriott,San Pedro Garza Garcia,1,0,Owner-operator separation on CALA assets — reflag/operator RFP decision support.
P5_backlog,Owner 1: Marcos Family | Owner 2: AMResorts,recYKPUFhTkcV0gZf,C,false,true,asset_owner,40,40,reflag,1,,,,,false,missing_contact_name|missing_contact_channel|needs_verification_tier,Manual corp web research + registry optional,,,Breathless Cabo San Lucas Resort & Spa,Breathless Resorts & Spas,,1,0,Owner-operator separation on CALA assets — reflag/operator RFP decision support.
P5_backlog,Operadora 1034 S.A de C.V.,recZo0bVnU9E4V4Ps,C,false,true,asset_owner,40,40,reflag,1,,,,,false,missing_contact_name|missing_contact_channel|needs_verification_tier,Manual corp web research + registry optional,,,aloft Playa del Carmen,aloft Hotel,Playa Del Carmen,1,0,Owner-operator separation on CALA assets — reflag/operator RFP decision support.
P5_backlog,"Inmobiliaria 2242, S.A. de C.V.",recbttUD5A98Wpzp6,C,false,true,asset_owner,40,40,reflag,1,,,,,false,missing_contact_name|missing_contact_channel|needs_verification_tier,Manual corp web research + registry optional,,,JW Marriott Hotel Guadalajara,JW Marriott,Guadalajara,1,0,Owner-operator separation on CALA assets — reflag/operator RFP decision support.
P5_backlog,Grupo Hotelero Luna Azul,receO38hudsYZXJXh,C,false,true,third_party_brand_decision,40,40,reflag,1,,,,,false,missing_contact_name|missing_contact_channel|needs_verification_tier,Manual corp web research + registry optional,,,voco Guadalajara Neruda,voco,Guadalajara,1,0,Owner-operator separation on CALA assets — reflag/operator RFP decision support.
P5_backlog,INMO F SA de CV,reciV1V0uJ81bXK1L,C,false,true,asset_owner,40,40,reflag,1,,,,,false,missing_contact_name|missing_contact_channel|needs_verification_tier,Manual corp web research + registry optional,,,aloft Guadalajara Sur,aloft Hotel,,1,0,Owner-operator separation on CALA assets — reflag/operator RFP decision support.
P5_backlog,Faranda Hotels & Resorts,recCKrjSiAYwBdCXf,A,false,true,third_party_brand_decision,36,41,independent_unbranded,2,Carlos Francisco Fernández Hoyos,carlos.fernandez@farandahotels.com,00 57 317 6400245,https://linkedin.com/in/carlos-fernandez-hoyos-78bb0266/?originalSubdomain=pa,true,needs_verified_phone|needs_verification_tier,IR/management page for direct line or mobile (VP1/VP2),,https://farandahotels.com,Hotel Faranda Dos Playas Cancun,,Cancun,18,3,"Independent CALA hotel owner — brand/franchise evaluation workspace for ""Hotel Faranda Dos Playas Cancun"" and portfolio."
P5_backlog,Hoteles Solaris,recSbRCe3sYmc2guB,A,false,true,third_party_brand_decision,36,36,independent_unbranded,5,,,,,false,missing_contact_name|missing_contact_channel|needs_verification_tier,Manual corp web research + registry optional,,,Royal Solaris Cancun,,Cancun,5,0,"Independent CALA hotel owner — brand/franchise evaluation workspace for ""Royal Solaris Cancun"" and portfolio."
P5_backlog,Casa Inn Hoteles,recoCjqeIAEykjiGH,A,false,true,third_party_brand_decision,36,36,independent_unbranded,4,,,,,false,missing_contact_name|missing_contact_channel|needs_verification_tier,Manual corp web research + registry optional,,,Casa Inn Celaya Veleros,,Celaya,4,0,"Independent CALA hotel owner — brand/franchise evaluation workspace for ""Casa Inn Celaya Veleros"" and portfolio."
P5_backlog,Grupo Xcaret,recGnvIAk7h4VmxZM,A,false,true,third_party_brand_decision,36,36,independent_unbranded,3,,,,,false,missing_contact_name|missing_contact_channel|needs_verification_tier,Manual corp web research + registry optional,,,La Casa de la Playa,,Playa Del Carmen,3,0,"Independent CALA hotel owner — brand/franchise evaluation workspace for ""La Casa de la Playa"" and portfolio."
P5_backlog,Promotora Turistica Posada Rea,recU4LAmn9tqczHfm,A,false,true,asset_owner,36,36,independent_unbranded,3,,,,,false,missing_contact_name|missing_contact_channel|needs_verification_tier,Manual corp web research + registry optional,,,Posada Real Los Cabos,,San Jose Del Cabo,3,0,"Independent CALA hotel owner — brand/franchise evaluation workspace for ""Posada Real Los Cabos"" and portfolio."
P5_backlog,ATELIER De Hoteles,recU5vboxzvL2aV7r,A,false,true,third_party_brand_decision,36,36,independent_unbranded,2,,,,,false,missing_contact_name|missing_contact_channel|needs_verification_tier,Manual corp web research + registry optional,,,Atelier Playa Mujeres,,Isla Mujeres,2,0,"Independent CALA hotel owner — brand/franchise evaluation workspace for ""Atelier Playa Mujeres"" and portfolio."
P5_backlog,Be Hoteles,rec6Pxb2FA3449pAn,B,false,true,third_party_brand_decision,36,36,independent_unbranded,2,,,,,false,missing_contact_name|missing_contact_channel|needs_verification_tier,Manual corp web research + registry optional,,,Nomade Temple Tulum,,Tulum,2,0,"Independent CALA hotel owner — brand/franchise evaluation workspace for ""Nomade Temple Tulum"" and portfolio."
P5_backlog,México Plaza Hoteles,recnZUE2grflokNYb,B,false,true,third_party_brand_decision,36,36,independent_unbranded,2,,,,,false,missing_contact_name|missing_contact_channel|needs_verification_tier,Manual corp web research + registry optional,,,Gran Hotel Concordia,,San Luis Potosí,2,0,"Independent CALA hotel owner — brand/franchise evaluation workspace for ""Gran Hotel Concordia"" and portfolio."
P5_backlog,Hotelería Sustentable del Pacífico,recDnos2iPo6DlvKK,A,false,true,asset_owner,30,30,reflag,4,,,,,false,missing_contact_name|missing_contact_channel|needs_verification_tier,Manual corp web research + registry optional,,,Holiday Inn Express & Suites Los Mochis Centro,Holiday Inn Express,Los Mochis,4,0,Owner-operator separation on CALA assets — reflag/operator RFP decision support.
P5_backlog,Thor Urbana,recZzXT8UhME6MrJF,A,false,true,asset_owner,30,30,reflag,3,,,,,false,missing_contact_name|missing_contact_channel|needs_verification_tier,Manual corp web research + registry optional,,https://thorurbana.com,"Siari Riviera Nayarit, a Ritz-Carlton Reserve",Ritz-Carlton,,3,0,Owner-operator separation on CALA assets — reflag/operator RFP decision support.
P5_backlog,Owner 1: Grupo Alhel | Owner 2: GIM Holdings,recJHGdOh5ffPzq8g,A,false,true,asset_owner,30,30,reflag,1,,,,,false,missing_contact_name|missing_contact_channel|needs_verification_tier,Manual corp web research + registry optional,,,The Riviera Maya EDITION at Kanai,Edition,Playa Del Carmen,1,0,Owner-operator separation on CALA assets — reflag/operator RFP decision support.
P5_backlog,Grupo Alhel,recZbKJ3bYo4gBLnU,A,false,true,asset_owner,30,30,reflag,1,,,,,false,missing_contact_name|missing_contact_channel|needs_verification_tier,Manual corp web research + registry optional,,,"The St. Regis Kanai Resort, Riviera Maya",St. Regis,Playa Del Carmen,1,0,Owner-operator separation on CALA assets — reflag/operator RFP decision support.
P5_backlog,Owner 1: RLH Properties | Owner 2: Oakmont Corporation,recltNMzp0NFXyYhr,A,false,true,asset_owner,30,30,reflag,1,,,,,false,missing_contact_name|missing_contact_channel|needs_verification_tier,Manual corp web research + registry optional,,,Four Seasons Resort Cabo Del Sol,Four Seasons,Cabo San Lucas,1,0,Owner-operator separation on CALA assets — reflag/operator RFP decision support.
P5_backlog,"Litore Maya, S.A. de C.V.",recHP9MwGuP9QxcKB,B,false,true,asset_owner,30,30,reflag,2,,,,,false,missing_contact_name|missing_contact_channel|needs_verification_tier,Manual corp web research + registry optional,,,Hotel Indigo Playa del Carmen,Hotel Indigo,Playa Del Carmen,2,0,Owner-operator separation on CALA assets — reflag/operator RFP decision support.
P5_backlog,"Compania Hotelera Polanco, S.A. de C.V.",recLGz3yb4uHZKa7Z,B,false,true,asset_owner,30,30,reflag,2,,,,,false,missing_contact_name|missing_contact_channel|needs_verification_tier,Manual corp web research + registry optional,,,Fairfield Inn & Suites San Luis Potosi,Fairfield Inn,San Luis Potosí,2,0,Owner-operator separation on CALA assets — reflag/operator RFP decision support.
P5_backlog,Inmobiliaria Flecha Amarilla SA CV,recTgdi8rnZRj3woC,B,false,true,asset_owner,30,30,reflag,2,,,,,false,missing_contact_name|missing_contact_channel|needs_verification_tier,Manual corp web research + registry optional,,,avid hotel Queretaro Centro Sur,Avid,,2,0,Owner-operator separation on CALA assets — reflag/operator RFP decision support.
P5_backlog,Megaterra,recsdrcg3ZujOaV16,B,false,true,asset_owner,30,30,reflag,2,,,,,false,missing_contact_name|missing_contact_channel|needs_verification_tier,Manual corp web research + registry optional,,,Motto by Hilton Guadalajara Centro Historico,Motto by Hilton,Guadalajara,2,0,Owner-operator separation on CALA assets — reflag/operator RFP decision support.
P5_backlog,Grupo Arco,rec2DU308sK0dDnP5,C,false,true,asset_owner,30,30,reflag,1,,,,,false,missing_contact_name|missing_contact_channel|needs_verification_tier,Manual corp web research + registry optional,,,Culiacan Marriott Hotel,Marriott,,1,0,Owner-operator separation on CALA assets — reflag/operator RFP decision support.
P5_backlog,"Aerocomerc del Pacífico, S.A. de C.V.",rec9vkcunzEVfvi6i,C,false,true,asset_owner,30,30,reflag,1,,,,,false,missing_contact_name|missing_contact_channel|needs_verification_tier,Manual corp web research + registry optional,,,Hilton Garden Inn Guadalajara Airport,Hilton Garden Inn,Guadalajara,1,0,Owner-operator separation on CALA assets — reflag/operator RFP decision support.
P5_backlog,Grupo UBK,recEnluzWDE2Vo5JH,C,false,true,asset_owner,30,30,reflag,1,,,,,false,missing_contact_name|missing_contact_channel|needs_verification_tier,Manual corp web research + registry optional,,,Banyan Tree Veya Valle de Guadalupe,Banyan Tree,,1,0,Owner-operator separation on CALA assets — reflag/operator RFP decision support.
P5_backlog,"KIVA Inversiones, S de RL de CV",recO6LdJ8ZSiKpXlL,C,false,true,asset_owner,30,30,reflag,1,,,,,false,missing_contact_name|missing_contact_channel|needs_verification_tier,Manual corp web research + registry optional,,,avid hotel Guadalajara Aeropuerto Norte,Avid,Tlaquepaque,1,0,Owner-operator separation on CALA assets — reflag/operator RFP decision support.
P5_backlog,"Banco Ve Por Mas, Fideicomiso 810",recOqrlJKLFG0Dmsw,C,false,true,asset_owner,30,30,reflag,1,,,,,false,missing_contact_name|missing_contact_channel|needs_verification_tier,Manual corp web research + registry optional,,,Tru by Hilton Mexico City Airport,Tru by Hilton,Mexico City,1,0,Owner-operator separation on CALA assets — reflag/operator RFP decision support.
P5_backlog,Owner 1: Grupo Inmobiliario Monterrey | Owner 2: Grupo Sierra Madre,recS7d1HCAYTBGk4O,C,false,true,asset_owner,30,30,reflag,1,,,,,false,missing_contact_name|missing_contact_channel|needs_verification_tier,Manual corp web research + registry optional,,,Holiday Inn Express & Suites Monterrey Sendero,Holiday Inn Express,,1,0,Owner-operator separation on CALA assets — reflag/operator RFP decision support.
P5_backlog,Soda Urbana,recTlMuRQwq6T6reC,C,false,true,asset_owner,30,30,reflag,1,,,,,false,missing_contact_name|missing_contact_channel|needs_verification_tier,Manual corp web research + registry optional,,,Moxy Tulum,MOXY,Tulum,1,0,Owner-operator separation on CALA assets — reflag/operator RFP decision support.
P5_backlog,Inmobilia Desarrollos,recepXZ8TcF3nAvZm,C,false,true,asset_owner,30,30,reflag,1,,,,,false,missing_contact_name|missing_contact_channel|needs_verification_tier,Manual corp web research + registry optional,,,Hyatt Place Merida / Via Montejo,Hyatt Place,Mérida,1,0,Owner-operator separation on CALA assets — reflag/operator RFP decision support.
P5_backlog,ZKC,recgGRQN3N3X42s2h,C,false,true,asset_owner,30,30,reflag,1,,,,,false,missing_contact_name|missing_contact_channel|needs_verification_tier,Manual corp web research + registry optional,,,Kimpton El Castelar Polanco,Kimpton,Mexico City,1,0,Owner-operator separation on CALA assets — reflag/operator RFP decision support.
P5_backlog,"ARDIP Grupo Hotelero, S.A. de C.V.",reclU0AyrBc2DKuwp,C,false,true,third_party_brand_decision,30,30,reflag,1,,,,,false,missing_contact_name|missing_contact_channel|needs_verification_tier,Manual corp web research + registry optional,,,AC Hotel By Marriott San Luis Potosi,AC Hotels by Marriott,San Luis Potosí,1,0,Owner-operator separation on CALA assets — reflag/operator RFP decision support.
P5_backlog,Cosmopolitan Group,recs5G1e5L8HT0Qpr,C,false,true,asset_owner,30,30,reflag,1,,,,,false,missing_contact_name|missing_contact_channel|needs_verification_tier,Manual corp web research + registry optional,,,Hotel Indigo Tijuana Downtown,Hotel Indigo,,1,0,Owner-operator separation on CALA assets — reflag/operator RFP decision support.
P5_backlog,"Grupo Valiiz, S.A. de C.V.",recvz0VlNKigygjiu,C,false,true,asset_owner,30,30,reflag,1,,,,,false,missing_contact_name|missing_contact_channel|needs_verification_tier,Manual corp web research + registry optional,,,Holiday Inn Express & Suites Mazatlan,Holiday Inn Express,Mazatlan,1,0,Owner-operator separation on CALA assets — reflag/operator RFP decision support.
P5_backlog,"Owner 1: ZKC | Owner 2: Virgilio 7, S.A.P.I. DE C.V.",recwDAzq8tZqGAXRK,C,false,true,asset_owner,30,30,reflag,1,,,,,false,missing_contact_name|missing_contact_channel|needs_verification_tier,Manual corp web research + registry optional,,,Kimpton Virgilio,Kimpton,Mexico City,1,0,Owner-operator separation on CALA assets — reflag/operator RFP decision support.
P5_backlog,Sirenis Hotels & Resorts,rec7haHAHc9MJX9mc,A,false,true,third_party_brand_decision,28,28,independent_unbranded,1,,,,,false,missing_contact_name|missing_contact_channel|needs_verification_tier,Manual corp web research + registry optional,,,Grand Sirenis Riviera Maya,,Playa Del Carmen,3,0,"Independent CALA hotel owner — brand/franchise evaluation workspace for ""Grand Sirenis Riviera Maya"" and portfolio."
P5_backlog,Citelis,recouFPPSiYsJW8H9,A,false,true,asset_owner,28,28,independent_unbranded,3,,,,,false,missing_contact_name|missing_contact_channel|needs_verification_tier,Manual corp web research + registry optional,,,Inn Morelia,,Morelia,3,0,"Independent CALA hotel owner — brand/franchise evaluation workspace for ""Inn Morelia"" and portfolio."
P5_backlog,Owner 1: TAFER Hotels & Resorts | Owner 2: The Villa Group,rec3QlcCHRxdDxoY0,A,false,true,third_party_brand_decision,28,28,independent_unbranded,1,,,,,false,missing_contact_name|missing_contact_channel|needs_verification_tier,Manual corp web research + registry optional,,,Villa del Palmar Beach Resort & Spa Puerto Vallarta,,Puerto Vallarta,1,0,"Independent CALA hotel owner — brand/franchise evaluation workspace for ""Villa del Palmar Beach Resort & Spa Puerto Vallarta"" and portfolio."
P5_backlog,Operadora de Hoteles Playa de Acapulco SA de CV,recBKWgPtxQc2HLxt,A,false,true,third_party_brand_decision,28,28,independent_unbranded,1,,,,,false,missing_contact_name|missing_contact_channel|needs_verification_tier,Manual corp web research + registry optional,,,Alba Suites,,Acapulco,1,0,"Independent CALA hotel owner — brand/franchise evaluation workspace for ""Alba Suites"" and portfolio."
P5_backlog,Procureka S.A. de C.V,recZYq6FnQEyQUvJp,A,false,true,asset_owner,28,28,independent_unbranded,1,,,,,false,missing_contact_name|missing_contact_channel|needs_verification_tier,Manual corp web research + registry optional,,,Seadust Cancun Family Resort,,Cancun,1,0,"Independent CALA hotel owner — brand/franchise evaluation workspace for ""Seadust Cancun Family Resort"" and portfolio."
P5_backlog,Grupo Dorados,reckUo6GEWoJiEHvl,A,false,true,asset_owner,28,28,independent_unbranded,1,,,,,false,missing_contact_name|missing_contact_channel|needs_verification_tier,Manual corp web research + registry optional,,,Dorados Conventions & Resort,,,1,0,"Independent CALA hotel owner — brand/franchise evaluation workspace for ""Dorados Conventions & Resort"" and portfolio."
P5_backlog,Grupo Romano,recZu9P0o1icrWQFX,B,false,true,asset_owner,28,28,independent_unbranded,2,,,,,false,missing_contact_name|missing_contact_channel|needs_verification_tier,Manual corp web research + registry optional,,,Laila Hotel Mexico City Reforma,,Mexico City,2,0,"Independent CALA hotel owner — brand/franchise evaluation workspace for ""Laila Hotel Mexico City Reforma"" and portfolio."
P5_backlog,Tryst Hotels,recuW3v9NQfJsFbD8,B,false,true,third_party_brand_decision,28,28,independent_unbranded,1,,,,,false,missing_contact_name|missing_contact_channel|needs_verification_tier,Manual corp web research + registry optional,,,The Tryst Puerto Vallarta,,Puerto Vallarta,2,0,"Independent CALA hotel owner — brand/franchise evaluation workspace for ""The Tryst Puerto Vallarta"" and portfolio."
P5_backlog,Comercializadora Vista Ballena SA de CV,recDFJg3CKmWoehoz,B,false,true,asset_owner,28,28,independent_unbranded,1,,,,,false,missing_contact_name|missing_contact_channel|needs_verification_tier,Manual corp web research + registry optional,,,Hacienda Encantada Resort & Residences,,Cabo San Lucas,1,0,"Independent CALA hotel owner — brand/franchise evaluation workspace for ""Hacienda Encantada Resort & Residences"" and portfolio."
P5_backlog,Olarena Hospitality,recEHHIu2iXuTzO7W,B,false,true,third_party_brand_decision,28,28,independent_unbranded,1,,,,,false,missing_contact_name|missing_contact_channel|needs_verification_tier,Manual corp web research + registry optional,,,"Hacienda del Mar Los Cabos, An Autograph Collection All-Inclusive Resort",Autograph Collection,Cabo San Lucas,1,0,"Independent CALA hotel owner — brand/franchise evaluation workspace for ""Hacienda del Mar Los Cabos, An Autograph Collection All-Inclusive Resort"" and portfolio."
P5_backlog,The Palace Company,recL8BWep0suYMxOK,B,false,true,asset_owner,28,28,independent_unbranded,1,,,,,false,missing_contact_name|missing_contact_channel|needs_verification_tier,Manual corp web research + registry optional,,,Le Blanc Spa Resort Los Cabos,,San Jose Del Cabo,1,0,"Independent CALA hotel owner — brand/franchise evaluation workspace for ""Le Blanc Spa Resort Los Cabos"" and portfolio."
P5_backlog,Laurus Corporation,recRD0KJPhQM8BfXJ,B,false,true,asset_owner,28,28,independent_unbranded,1,,,,,false,missing_contact_name|missing_contact_channel|needs_verification_tier,Manual corp web research + registry optional,,,Sandos Cancun Luxury Experience Resort,,Cancun,1,0,"Independent CALA hotel owner — brand/franchise evaluation workspace for ""Sandos Cancun Luxury Experience Resort"" and portfolio."
P5_backlog,Grupo Hotelero Santa Fe - Krystal Urban Aeropue...,recXfvtHho9EWKBAy,B,false,true,third_party_brand_decision,28,28,independent_unbranded,1,,,,,false,missing_contact_name|missing_contact_channel|needs_verification_tier,Review mx seed grupo-hotelero-santa-fe; complete missing fields,grupo-hotelero-santa-fe,https://gsf-hotels.com,Krystal Grand Puerto Vallarta,,Puerto Vallarta,1,0,"Independent CALA hotel owner — brand/franchise evaluation workspace for ""Krystal Grand Puerto Vallarta"" and portfolio."
P5_backlog,Grupo Paragon,reca1s9nkdgNHAbnd,B,false,true,asset_owner,28,28,independent_unbranded,1,,,,,false,missing_contact_name|missing_contact_channel|needs_verification_tier,Manual corp web research + registry optional,,,The Paragon Hotel Mexico City Santa Fe,,Mexico City,1,0,"Independent CALA hotel owner — brand/franchise evaluation workspace for ""The Paragon Hotel Mexico City Santa Fe"" and portfolio."
P5_backlog,Cabo Villas Group,recwvoKkgpbrgI9ud,B,false,true,asset_owner,28,28,independent_unbranded,1,,,,,false,missing_contact_name|missing_contact_channel|needs_verification_tier,Manual corp web research + registry optional,,,Corazon Cabo Resort & Spa,,Cabo San Lucas,1,0,"Independent CALA hotel owner — brand/franchise evaluation workspace for ""Corazon Cabo Resort & Spa"" and portfolio."
P5_backlog,"OPREM 390, S.A. DE C.V.",rec1VPrpP04llzF0L,C,false,true,asset_owner,28,28,independent_unbranded,1,,,,,false,missing_contact_name|missing_contact_channel|needs_verification_tier,Manual corp web research + registry optional,,,"Las Alcobas, a Luxury Collection Hotel, Mexico City",Luxury Collection,Mexico City,1,0,"Independent CALA hotel owner — brand/franchise evaluation workspace for ""Las Alcobas, a Luxury Collection Hotel, Mexico City"" and portfolio."
P5_backlog,Inmobiliaria JJQS SA DE CV,rec2XpIVcF6Hn09F0,C,false,true,asset_owner,28,28,independent_unbranded,1,,,,,false,missing_contact_name|missing_contact_channel|needs_verification_tier,Manual corp web research + registry optional,,,Stadía Suites Queretaro,,Santiago de Querétaro,1,0,"Independent CALA hotel owner — brand/franchise evaluation workspace for ""Stadía Suites Queretaro"" and portfolio."
P5_backlog,Ares Development Group,rec48ZMtHE8i6lvnS,C,false,true,asset_owner,28,28,independent_unbranded,1,,,,,false,missing_contact_name|missing_contact_channel|needs_verification_tier,Manual corp web research + registry optional,,,"Los Cabos Golf Resort, Trademark Collection by Wyndham",Trademark Collection by Wyndham,Cabo San Lucas,1,0,"Independent CALA hotel owner — brand/franchise evaluation workspace for ""Los Cabos Golf Resort, Trademark Collection by Wyndham"" and portfolio."
P5_backlog,Eugenio Suarez,rec4TrOm1APfmQS0G,C,false,true,asset_owner,28,28,independent_unbranded,1,,,,,false,missing_contact_name|missing_contact_channel|needs_verification_tier,Manual corp web research + registry optional,,,"Amberes 64, Ascend Hotel Collection",Ascend Collection,Mexico City,1,0,"Independent CALA hotel owner — brand/franchise evaluation workspace for ""Amberes 64, Ascend Hotel Collection"" and portfolio."
P5_backlog,Grupo Vidanta,rec6hZU43ubM42Lxu,C,false,true,asset_owner,28,28,independent_unbranded,1,,,,,false,missing_contact_name|missing_contact_channel|needs_verification_tier,Manual corp web research + registry optional,,,Mayan Palace at Vidanta Mazatlan,,Mazatlan,1,0,"Independent CALA hotel owner — brand/franchise evaluation workspace for ""Mayan Palace at Vidanta Mazatlan"" and portfolio."
P5_backlog,Real Hacienda Santo Tomas S.A. de C.V.,rec7V9wp89vXzD76V,C,false,true,asset_owner,28,28,independent_unbranded,1,,,,,false,missing_contact_name|missing_contact_channel|needs_verification_tier,Manual corp web research + registry optional,,,Real Hacienda Santo Tomas,,,1,0,"Independent CALA hotel owner — brand/franchise evaluation workspace for ""Real Hacienda Santo Tomas"" and portfolio."
P5_backlog,Grupo Mesones,rec7dWqMfQLVahv5T,C,false,true,asset_owner,28,28,independent_unbranded,1,,,,,false,missing_contact_name|missing_contact_channel|needs_verification_tier,Manual corp web research + registry optional,,,Hotel Meson del Marques,,,1,0,"Independent CALA hotel owner — brand/franchise evaluation workspace for ""Hotel Meson del Marques"" and portfolio."
P5_backlog,"Owner 1: Eduardo Barriot | Owner 2: Impulsora Promotora Del Norte, S.A. de C.V. | Owner 3: Jose Luis Camino Dentone",rec8kC3kGsQzIw2EN,C,false,true,asset_owner,28,28,independent_unbranded,1,,,,,false,missing_contact_name|missing_contact_channel|needs_verification_tier,Manual corp web research + registry optional,,,Hotel Chihuahua San Francisco,,Chihuahua,1,0,"Independent CALA hotel owner — brand/franchise evaluation workspace for ""Hotel Chihuahua San Francisco"" and portfolio."
P5_backlog,Grupo Hotelero Villa las Margaritas SA de CV,rec9HriB8rcgfxRau,C,false,true,third_party_brand_decision,28,28,independent_unbranded,1,,,,,false,missing_contact_name|missing_contact_channel|needs_verification_tier,Manual corp web research + registry optional,,,Villa Las Margaritas Caxa,,,1,0,"Independent CALA hotel owner — brand/franchise evaluation workspace for ""Villa Las Margaritas Caxa"" and portfolio."
P5_backlog,Torres de El Legado S.A. de C.V.,recDTzrUNB26lg7AH,C,false,true,asset_owner,28,28,independent_unbranded,1,,,,,false,missing_contact_name|missing_contact_channel|needs_verification_tier,Manual corp web research + registry optional,,,Torres del Legado,,Santa Catarina,1,0,"Independent CALA hotel owner — brand/franchise evaluation workspace for ""Torres del Legado"" and portfolio."
P5_backlog,Paradero Hotels,recEdhH13O76LUyOf,C,false,true,third_party_brand_decision,28,28,independent_unbranded,1,,,,,false,missing_contact_name|missing_contact_channel|needs_verification_tier,Manual corp web research + registry optional,,,Paradero Todos Santos,,,1,0,"Independent CALA hotel owner — brand/franchise evaluation workspace for ""Paradero Todos Santos"" and portfolio."
P5_backlog,Maria Elena Checa,recGj2Zvz88m61BT9,C,false,true,asset_owner,28,28,independent_unbranded,1,,,,,false,missing_contact_name|missing_contact_channel|needs_verification_tier,Manual corp web research + registry optional,,,Cala De Mar Resort & Spa Ixtapa,,Ixtapa,1,0,"Independent CALA hotel owner — brand/franchise evaluation workspace for ""Cala De Mar Resort & Spa Ixtapa"" and portfolio."
P5_backlog,MM Grand Life Puebla,recHN49ltSrlTf0Yp,C,false,true,asset_owner,28,28,independent_unbranded,1,,,,,false,missing_contact_name|missing_contact_channel|needs_verification_tier,Manual corp web research + registry optional,,,"MM Grand Hotel Puebla, Tapestry Collection by Hilton",Tapestry Collection by Hilton,Puebla,1,0,"Independent CALA hotel owner — brand/franchise evaluation workspace for ""MM Grand Hotel Puebla, Tapestry Collection by Hilton"" and portfolio."
P5_backlog,Inmobiliaria Recreo Lagunero SA de,recIw4eAKTeVzAV16,C,false,true,asset_owner,28,28,independent_unbranded,1,,,,,false,missing_contact_name|missing_contact_channel|needs_verification_tier,Manual corp web research + registry optional,,,Hotel Viajero Plus,,Ciudad Del Carmen,1,0,"Independent CALA hotel owner — brand/franchise evaluation workspace for ""Hotel Viajero Plus"" and portfolio."
P5_backlog,Hotel Jardines de Cuautla S.A.,recJ6WkjOUgtRFeji,C,false,true,third_party_brand_decision,28,28,independent_unbranded,1,,,,,false,missing_contact_name|missing_contact_channel|needs_verification_tier,Manual corp web research + registry optional,,,Hotel Jardines De Cuautla,,Cuautla,1,0,"Independent CALA hotel owner — brand/franchise evaluation workspace for ""Hotel Jardines De Cuautla"" and portfolio."
P5_backlog,El Mandarin del Sureste SAPI de CV,recKD9ynAF43SAXoa,C,false,true,asset_owner,28,28,independent_unbranded,1,,,,,false,missing_contact_name|missing_contact_channel|needs_verification_tier,Manual corp web research + registry optional,,,Chable Maroma,,,1,0,"Independent CALA hotel owner — brand/franchise evaluation workspace for ""Chable Maroma"" and portfolio."
P5_backlog,Kavia Hotels,recLfpfQ7aYoa3WGG,C,false,true,third_party_brand_decision,28,28,independent_unbranded,1,,,,,false,missing_contact_name|missing_contact_channel|needs_verification_tier,Manual corp web research + registry optional,,,Reina Roja Hotel,,Playa Del Carmen,1,0,"Independent CALA hotel owner — brand/franchise evaluation workspace for ""Reina Roja Hotel"" and portfolio."
P5_backlog,Operadora Mar Bermejo S.A. de C.V.,recMYklMxaVu7JAjd,C,false,true,asset_owner,28,28,independent_unbranded,1,,,,,false,missing_contact_name|missing_contact_channel|needs_verification_tier,Manual corp web research + registry optional,,,Hotel Santa Rita Aeropuerto,,,1,0,"Independent CALA hotel owner — brand/franchise evaluation workspace for ""Hotel Santa Rita Aeropuerto"" and portfolio."
P5_backlog,"Welk Resort Group, Inc",recN8bt9kyQ4fVj9A,C,false,true,third_party_brand_decision,28,28,independent_unbranded,1,,,,,false,missing_contact_name|missing_contact_channel|needs_verification_tier,Manual corp web research + registry optional,,,Hyatt Vacation Club at Sirena del Mar,,Cabo San Lucas,1,0,"Independent CALA hotel owner — brand/franchise evaluation workspace for ""Hyatt Vacation Club at Sirena del Mar"" and portfolio."
P5_backlog,"Papayaplaya S DE RL DE CV, SM 6, MZA 1, LT 104",recNh714fE8VrWR9E,C,false,true,asset_owner,28,28,independent_unbranded,1,,,,,false,missing_contact_name|missing_contact_channel|needs_verification_tier,Manual corp web research + registry optional,,,"Papaya Playa Project, Tulum, a Member of Design Hotels",,Tulum,1,0,"Independent CALA hotel owner — brand/franchise evaluation workspace for ""Papaya Playa Project, Tulum, a Member of Design Hotels"" and portfolio."
P5_backlog,Hotel Yes Inn Nuevo Veracruz,recNov11VWACuLfpx,C,false,true,third_party_brand_decision,28,28,independent_unbranded,1,,,,,false,missing_contact_name|missing_contact_channel|needs_verification_tier,Manual corp web research + registry optional,,,Yes Inn Nuevo Veracruz,,,1,0,"Independent CALA hotel owner — brand/franchise evaluation workspace for ""Yes Inn Nuevo Veracruz"" and portfolio."
P5_backlog,Alex Ferri,recOP0zLtyGIXimkT,C,false,true,asset_owner,28,28,independent_unbranded,1,,,,,false,missing_contact_name|missing_contact_channel|needs_verification_tier,Manual corp web research + registry optional,,,"Palmaïa, The House of AïA",,Playa Del Carmen,1,0,"Independent CALA hotel owner — brand/franchise evaluation workspace for ""Palmaïa, The House of AïA"" and portfolio."
P5_backlog,Playa Associates,recOsBx7D433QAemo,C,false,true,asset_owner,28,28,independent_unbranded,1,,,,,false,missing_contact_name|missing_contact_channel|needs_verification_tier,Manual corp web research + registry optional,,,El Taj Oceanfront & Beachside Condo Hotel,,Playa Del Carmen,1,0,"Independent CALA hotel owner — brand/franchise evaluation workspace for ""El Taj Oceanfront & Beachside Condo Hotel"" and portfolio."
P5_backlog,Roberto Diaz,recOtIdYGcZy22CL0,C,false,true,asset_owner,28,28,independent_unbranded,1,,,,,false,missing_contact_name|missing_contact_channel|needs_verification_tier,Manual corp web research + registry optional,,,Hotel Madan Cardenas,,,1,0,"Independent CALA hotel owner — brand/franchise evaluation workspace for ""Hotel Madan Cardenas"" and portfolio."
P5_backlog,Hoposa Hotels - Grupo Hotelera Pollensina,recPYdLYNlIUUoeiG,C,false,true,third_party_brand_decision,28,28,independent_unbranded,1,,,,,false,missing_contact_name|missing_contact_channel|needs_verification_tier,Manual corp web research + registry optional,,,Privilege Aluxes Hotel,,Isla Mujeres,1,0,"Independent CALA hotel owner — brand/franchise evaluation workspace for ""Privilege Aluxes Hotel"" and portfolio."
P5_backlog,Suites Campos Eliseos SA DE CV,recSS99uUoFa2O04d,C,false,true,third_party_brand_decision,28,28,independent_unbranded,1,,,,,false,missing_contact_name|missing_contact_channel|needs_verification_tier,Manual corp web research + registry optional,,,Las Suites Campos Eliseos,,Mexico City,1,0,"Independent CALA hotel owner — brand/franchise evaluation workspace for ""Las Suites Campos Eliseos"" and portfolio."
P5_backlog,Jehu Levi Constantion Avendao,recSayhbIjzTBQSEN,C,false,true,asset_owner,28,28,independent_unbranded,1,,,,,false,missing_contact_name|missing_contact_channel|needs_verification_tier,Manual corp web research + registry optional,,,Hotel Sleep Inn Las Américas,,Tuxtla Gutiérrez,1,0,"Independent CALA hotel owner — brand/franchise evaluation workspace for ""Hotel Sleep Inn Las Américas"" and portfolio."
P5_backlog,G Hotels,recSdbK57IAO2KFZj,C,false,true,third_party_brand_decision,28,28,independent_unbranded,1,,,,,false,missing_contact_name|missing_contact_channel|needs_verification_tier,Manual corp web research + registry optional,,https://bogota100.com,Hive Nápoles,,Mexico City,1,0,"Independent CALA hotel owner — brand/franchise evaluation workspace for ""Hive Nápoles"" and portfolio."
P5_backlog,Grupo MX,recUssqR4vCttAcRB,C,false,true,asset_owner,28,28,independent_unbranded,1,Eduardo Sánchez Moreno,,,,false,missing_contact_channel|needs_verification_tier,Manual corp web research + registry optional,,,"Hotel MX Estancia Vive, Trademark Collection by Wyndham",Trademark Collection by Wyndham,Mexico City,1,0,"Independent CALA hotel owner — brand/franchise evaluation workspace for ""Hotel MX Estancia Vive, Trademark Collection by Wyndham"" and portfolio."
P5_backlog,Hoteles Pluviosilla S.A. de C.V.,recVM1kUhP97UJs9d,C,false,true,third_party_brand_decision,28,28,independent_unbranded,1,,,,,false,missing_contact_name|missing_contact_channel|needs_verification_tier,Manual corp web research + registry optional,,,Hotel Pluviosilla,,Orizaba,1,0,"Independent CALA hotel owner — brand/franchise evaluation workspace for ""Hotel Pluviosilla"" and portfolio."
P5_backlog,Servicio Turistico de Sureste SACV,recWqLVQrZmyNKJ03,C,false,true,asset_owner,28,28,independent_unbranded,1,,,,,false,missing_contact_name|missing_contact_channel|needs_verification_tier,Manual corp web research + registry optional,,,Ocean View Campeche,,Campeche,1,0,"Independent CALA hotel owner — brand/franchise evaluation workspace for ""Ocean View Campeche"" and portfolio."
P5_backlog,Garosu SA DE CV,recXo2GxgNc1tT9YV,C,false,true,asset_owner,28,28,independent_unbranded,1,,,,,false,missing_contact_name|missing_contact_channel|needs_verification_tier,Manual corp web research + registry optional,,,Hotel San Francisco,,León,1,0,"Independent CALA hotel owner — brand/franchise evaluation workspace for ""Hotel San Francisco"" and portfolio."
P5_backlog,"Grupo Hotelero DEL BAJÍO, SA DE CV,",recYPGmxK8a5wWqRP,C,false,true,third_party_brand_decision,28,28,independent_unbranded,1,,,,,false,missing_contact_name|missing_contact_channel|needs_verification_tier,Manual corp web research + registry optional,,,Imperio de Angeles Executive,,León,1,0,"Independent CALA hotel owner — brand/franchise evaluation workspace for ""Imperio de Angeles Executive"" and portfolio."
P5_backlog,Wakax Hacienda,reciGMVBAvQoJUvnt,C,false,true,asset_owner,28,28,independent_unbranded,1,,,,,false,missing_contact_name|missing_contact_channel|needs_verification_tier,Manual corp web research + registry optional,,,Wakax Hacienda – Cenote & Boutique Hotel,,,1,0,"Independent CALA hotel owner — brand/franchise evaluation workspace for ""Wakax Hacienda – Cenote & Boutique Hotel"" and portfolio."
P5_backlog,Grupo Canmosan S.A. de C.V.,reciedpmodiVAE6O9,C,false,true,asset_owner,28,28,independent_unbranded,1,,,,,false,missing_contact_name|missing_contact_channel|needs_verification_tier,Manual corp web research + registry optional,,,Hotel Real Flor De Maria,,,1,0,"Independent CALA hotel owner — brand/franchise evaluation workspace for ""Hotel Real Flor De Maria"" and portfolio."
P5_backlog,Stadia Suites,recmciqXCadKU6Ron,C,false,true,third_party_brand_decision,28,28,independent_unbranded,1,,,,,false,missing_contact_name|missing_contact_channel|needs_verification_tier,Manual corp web research + registry optional,,,Stadía Suites Mexico City Santa Fe,,Mexico City,1,0,"Independent CALA hotel owner — brand/franchise evaluation workspace for ""Stadía Suites Mexico City Santa Fe"" and portfolio."
P5_backlog,"Inmobiliaria Pacaar, S.A. de C.V.",recoI60il5denncOS,C,false,true,asset_owner,28,28,independent_unbranded,1,,,,,false,missing_contact_name|missing_contact_channel|needs_verification_tier,Manual corp web research + registry optional,,,"CHN Hotel Monterrey Aeropuerto, Trademark by Wyndham",Trademark Collection by Wyndham,Apodaca,1,0,"Independent CALA hotel owner — brand/franchise evaluation workspace for ""CHN Hotel Monterrey Aeropuerto, Trademark by Wyndham"" and portfolio."
P5_backlog,Investment Properties Mexico,recqAgAoAVNNDlTBH,C,false,true,asset_owner,28,28,independent_unbranded,1,,,,,false,missing_contact_name|missing_contact_channel|needs_verification_tier,Manual corp web research + registry optional,,,KASA Hotel Riviera Maya,,,1,0,"Independent CALA hotel owner — brand/franchise evaluation workspace for ""KASA Hotel Riviera Maya"" and portfolio."
P5_backlog,OM Proyect S.A. DE C.V.,recxC70zGavJUhZQh,C,false,true,asset_owner,28,28,independent_unbranded,1,,,,,false,missing_contact_name|missing_contact_channel|needs_verification_tier,Manual corp web research + registry optional,,,Grand Isla Navidad Resort,,Manzanillo,1,0,"Independent CALA hotel owner — brand/franchise evaluation workspace for ""Grand Isla Navidad Resort"" and portfolio."
P5_backlog,Gustavo Ortega,recxGSZ5PAikUpaC8,C,false,true,asset_owner,28,28,independent_unbranded,1,,,,,false,missing_contact_name|missing_contact_channel|needs_verification_tier,Manual corp web research + registry optional,,,El Cielo Resort,,,1,0,"Independent CALA hotel owner — brand/franchise evaluation workspace for ""El Cielo Resort"" and portfolio."
P5_backlog,"Owner 1: HRA OPERADORA HOTELERA S. DE R.L. DE C.V. | Owner 2: A 4"" S.A. DE C.V.",recxiBgQ04tAzk0X9,C,false,true,asset_owner,28,28,independent_unbranded,1,,,,,false,missing_contact_name|missing_contact_channel|needs_verification_tier,Manual corp web research + registry optional,,,"Hotel Ex hacienda Chautla Puebla, Trademark by Wyndham",Trademark Collection by Wyndham,,1,0,"Independent CALA hotel owner — brand/franchise evaluation workspace for ""Hotel Ex hacienda Chautla Puebla, Trademark by Wyndham"" and portfolio."
P5_backlog,"Owner 1: Parks Hospitality Holdings | Owner 2: Grupo Posadas, S.A.B. DE C.V.",recmq9une1rLkwriT,A,false,true,third_party_brand_decision,26,26,development_pipeline,3,,,,,false,missing_contact_name|missing_contact_channel|needs_verification_tier,Review mx seed grupo-posadas; complete missing fields,grupo-posadas,https://posadas.com,,,,3,0,Active development pipeline — multi-project brand strategy and deal workspace.
P5_backlog,Owner 1: Riu Hotels & Resorts Management | Owner 2: Riu Hotels & Resorts,rec32Bw0mKzMlZmBg,A,false,true,third_party_brand_decision,26,26,development_pipeline,1,,,,,false,missing_contact_name|missing_contact_channel|needs_verification_tier,Review mx seed riu-hotels; complete missing fields,riu-hotels,https://riu.com,,,,1,0,Active development pipeline — multi-project brand strategy and deal workspace.
P5_backlog,Owner 1: Alojica | Owner 2: Royalton Hotels & Resorts,recZoMIb0A1qC7yRi,A,false,true,third_party_brand_decision,26,26,development_pipeline,1,,,,,false,missing_contact_name|missing_contact_channel|needs_verification_tier,Manual corp web research + registry optional,,https://royaltonresorts.com,,,,1,0,Active development pipeline — multi-project brand strategy and deal workspace.