sourceRecordId,sourceName,sourceType,sourceLicense,sourceUrl,rawHotelName,rawAddress,rawCity,rawCountry,rawLatitude,rawLongitude,rawWebsite,rawPhone,rawBrand,importBatchId,importedAt,reviewStatus,possibleMatchConfidence,recommendedAction,candidateDedupeKey,osmElementType,osmTourismTag,missingFields
node/9829772,OpenStreetMap,osm,ODbL,https://www.openstreetmap.org/node/9829772,Bohio Cabarete,,,Dominican Republic,19.7835466,-70.4617385,,,,osm-dominican-republic-expanded-2026-05-20,2026-05-20T19:32:17.199Z,pending,none,needs_research,bohio cabarete|19.7835|-70.4617,node,hotel,missingCity; missingWebsite; missingPhone
node/270997923,OpenStreetMap,osm,ODbL,https://www.openstreetmap.org/node/270997923,Breezes,,,Dominican Republic,19.7822269,-70.4698729,,,,osm-dominican-republic-expanded-2026-05-20,2026-05-20T19:32:17.199Z,pending,none,needs_research,breezes|19.7822|-70.4699,node,hotel,missingCity; missingWebsite; missingPhone
node/287032841,OpenStreetMap,osm,ODbL,https://www.openstreetmap.org/node/287032841,Dreams Palm Beach Resort,,,Dominican Republic,18.6507341,-68.3634913,,,,osm-dominican-republic-expanded-2026-05-20,2026-05-20T19:32:17.199Z,pending,none,needs_research,dreams palm beach resort|18.6507|-68.3635,node,hotel,missingCity; missingWebsite; missingPhone
node/302771731,OpenStreetMap,osm,ODbL,https://www.openstreetmap.org/node/302771731,Natura Park Beach Eco Resort & Spa,"Carretera Cabeza de Toro, Punta Cana, 23000",Punta Cana,Dominican Republic,18.6525071,-68.3662716,https://www.blaunaturapark.com/en/,,Blau Hotels,osm-dominican-republic-expanded-2026-05-20,2026-05-20T19:32:17.199Z,pending,none,needs_research,natura park beach eco resort & spa|punta cana|dominican republic,node,hotel,missingPhone
node/302771860,OpenStreetMap,osm,ODbL,https://www.openstreetmap.org/node/302771860,Catalonia Punta Cana,,,Dominican Republic,18.6398025,-68.3483754,,,Catalonia,osm-dominican-republic-expanded-2026-05-20,2026-05-20T19:32:17.199Z,pending,none,needs_research,catalonia punta cana|18.6398|-68.3484,node,hotel,missingCity; missingWebsite; missingPhone
node/302771929,OpenStreetMap,osm,ODbL,https://www.openstreetmap.org/node/302771929,Be Live Grand Bavaro,,,Dominican Republic,18.6497257,-68.3619285,,,,osm-dominican-republic-expanded-2026-05-20,2026-05-20T19:32:17.199Z,pending,none,needs_research,be live grand bavaro|18.6497|-68.3619,node,hotel,missingCity; missingWebsite; missingPhone
node/302800763,OpenStreetMap,osm,ODbL,https://www.openstreetmap.org/node/302800763,Wyndham Alltra Punta Cana,,,Dominican Republic,18.8034072,-68.5747262,,,,osm-dominican-republic-expanded-2026-05-20,2026-05-20T19:32:17.199Z,pending,none,needs_research,wyndham alltra punta cana|18.8034|-68.5747,node,hotel,missingCity; missingWebsite; missingPhone
node/314357718,OpenStreetMap,osm,ODbL,https://www.openstreetmap.org/node/314357718,Paraiso Caño Hondo,,,Dominican Republic,19.0571229,-69.4545133,https://www.paraisocanohondo.com/home.aspx,+1 829 2598549,,osm-dominican-republic-expanded-2026-05-20,2026-05-20T19:32:17.199Z,pending,none,needs_research,paraiso cano hondo|19.0571|-69.4545,node,hotel,missingCity
node/314446408,OpenStreetMap,osm,ODbL,https://www.openstreetmap.org/node/314446408,Hamaca,,,Dominican Republic,18.4492217,-69.6040935,,,,osm-dominican-republic-expanded-2026-05-20,2026-05-20T19:32:17.199Z,pending,none,needs_research,hamaca|18.4492|-69.6041,node,hotel,missingCity; missingWebsite; missingPhone
node/340092385,OpenStreetMap,osm,ODbL,https://www.openstreetmap.org/node/340092385,Natura Cabañas,,,Dominican Republic,19.783527,-70.4625371,,,,osm-dominican-republic-expanded-2026-05-20,2026-05-20T19:32:17.199Z,pending,none,needs_research,natura cabanas|19.7835|-70.4625,node,hotel,missingCity; missingWebsite; missingPhone
node/349121944,OpenStreetMap,osm,ODbL,https://www.openstreetmap.org/node/349121944,Camp David Ranch,"Carretera Gregorio Luperón, Santiago, 51000, DO",Santiago,DO,19.5121629,-70.6366163,https://www.campdavidranch.com/,809-276-6400,,osm-dominican-republic-expanded-2026-05-20,2026-05-20T19:32:17.199Z,pending,none,needs_research,camp david ranch|santiago|do,node,hotel,
node/349126361,OpenStreetMap,osm,ODbL,https://www.openstreetmap.org/node/349126361,Cabaña Touristicá,,,Dominican Republic,19.7176017,-71.3905844,,,,osm-dominican-republic-expanded-2026-05-20,2026-05-20T19:32:17.199Z,pending,none,needs_research,cabana touristica|19.7176|-71.3906,node,motel,missingCity; missingWebsite; missingPhone
node/349128879,OpenStreetMap,osm,ODbL,https://www.openstreetmap.org/node/349128879,,,,Dominican Republic,19.791548,-70.7003799,,,,osm-dominican-republic-expanded-2026-05-20,2026-05-20T19:32:17.199Z,pending,none,needs_research,unknown|19.7915|-70.7004,node,hotel,missingName; missingCity; missingWebsite; missingPhone
node/349129742,OpenStreetMap,osm,ODbL,https://www.openstreetmap.org/node/349129742,Hotel RIU Mambo,"Maimón, DO",Maimón,DO,19.8332371,-70.7649585,http://www.riu.com/de/clubhotel-riu-mambo-puerto-plata-dominikanische-republik.html,809-320-1212,RIU,osm-dominican-republic-expanded-2026-05-20,2026-05-20T19:32:17.199Z,pending,none,needs_research,hotel riu mambo|maimon|do,node,hotel,
node/349134251,OpenStreetMap,osm,ODbL,https://www.openstreetmap.org/node/349134251,,,,Dominican Republic,18.4678019,-69.8972456,,,,osm-dominican-republic-expanded-2026-05-20,2026-05-20T19:32:17.199Z,pending,none,needs_research,unknown|18.4678|-69.8972,node,hotel,missingName; missingCity; missingWebsite; missingPhone
node/349134300,OpenStreetMap,osm,ODbL,https://www.openstreetmap.org/node/349134300,Hotel Llave Del Mar,,,Dominican Republic,18.4682486,-69.8880275,,,,osm-dominican-republic-expanded-2026-05-20,2026-05-20T19:32:17.199Z,pending,none,needs_research,hotel llave del mar|18.4682|-69.888,node,hotel,missingCity; missingWebsite; missingPhone
node/349174881,OpenStreetMap,osm,ODbL,https://www.openstreetmap.org/node/349174881,Hotel Ambar,,,Dominican Republic,19.4853005,-70.7112262,,,,osm-dominican-republic-expanded-2026-05-20,2026-05-20T19:32:17.199Z,pending,none,needs_research,hotel ambar|19.4853|-70.7112,node,hotel,missingCity; missingWebsite; missingPhone
node/353014054,OpenStreetMap,osm,ODbL,https://www.openstreetmap.org/node/353014054,Hotel Monterrey,"Salvador Cucurulo, Santiago, DO",Santiago,DO,19.4547384,-70.7050605,,,,osm-dominican-republic-expanded-2026-05-20,2026-05-20T19:32:17.199Z,pending,none,needs_research,hotel monterrey|santiago|do,node,hotel,missingWebsite; missingPhone
node/354626498,OpenStreetMap,osm,ODbL,https://www.openstreetmap.org/node/354626498,Hotel Sun Village,,,Dominican Republic,19.8186903,-70.7313754,,,,osm-dominican-republic-expanded-2026-05-20,2026-05-20T19:32:17.199Z,pending,none,needs_research,hotel sun village|19.8187|-70.7314,node,hotel,missingCity; missingWebsite; missingPhone
node/354627440,OpenStreetMap,osm,ODbL,https://www.openstreetmap.org/node/354627440,Hotel RIU Merengue,"Maimón, DO",Maimón,DO,19.8333542,-70.7674704,http://www.riu.com/de/clubhotel-riu-merengue-puerto-plata-dominikanische-republik.html,809-320-4000,RIU,osm-dominican-republic-expanded-2026-05-20,2026-05-20T19:32:17.199Z,pending,none,needs_research,hotel riu merengue|maimon|do,node,hotel,
node/354627549,OpenStreetMap,osm,ODbL,https://www.openstreetmap.org/node/354627549,Hotel RIU Bachata,"Maimón, DO",Maimón,DO,19.834013,-70.7704647,http://www.riu.com/de/clubhotel-riu-bachata-puerto-plata-dominikanische-republik.html,809-320-1010,RIU,osm-dominican-republic-expanded-2026-05-20,2026-05-20T19:32:17.199Z,pending,none,needs_research,hotel riu bachata|maimon|do,node,hotel,
node/370189077,OpenStreetMap,osm,ODbL,https://www.openstreetmap.org/node/370189077,Hostal del Cibao,"Bto. Monción, Santiago, DO",Santiago,DO,19.4523701,-70.7068137,,,,osm-dominican-republic-expanded-2026-05-20,2026-05-20T19:32:17.199Z,pending,none,needs_research,hostal del cibao|santiago|do,node,hotel,missingWebsite; missingPhone
node/373851323,OpenStreetMap,osm,ODbL,https://www.openstreetmap.org/node/373851323,Hotel Europa,"Pedro Clisante, Sosua, DO",Sosua,DO,19.7664933,-70.5114132,http://www.hotelplazaeuropa.com,809-571-3335,,osm-dominican-republic-expanded-2026-05-20,2026-05-20T19:32:17.199Z,pending,none,needs_research,hotel europa|sosua|do,node,hotel,
node/374309471,OpenStreetMap,osm,ODbL,https://www.openstreetmap.org/node/374309471,Hotel Luperón,"Ciudad Marina, DO",Ciudad Marina,DO,19.907778,-70.954167,,809-571-8303,,osm-dominican-republic-expanded-2026-05-20,2026-05-20T19:32:17.199Z,pending,none,needs_research,hotel luperon|ciudad marina|do,node,hotel,missingWebsite
node/374540551,OpenStreetMap,osm,ODbL,https://www.openstreetmap.org/node/374540551,,,,Dominican Republic,19.8928254,-70.9625605,,,,osm-dominican-republic-expanded-2026-05-20,2026-05-20T19:32:17.199Z,pending,none,needs_research,unknown|19.8928|-70.9626,node,hotel,missingName; missingCity; missingWebsite; missingPhone
node/431025349,OpenStreetMap,osm,ODbL,https://www.openstreetmap.org/node/431025349,Barceló Bávaro Palace Deluxe,,,Dominican Republic,18.6636871,-68.3960501,http://www.barcelobavarocaribe.com/,,,osm-dominican-republic-expanded-2026-05-20,2026-05-20T19:32:17.199Z,pending,none,needs_research,barcelo bavaro palace deluxe|18.6637|-68.3961,node,hotel,missingCity; missingPhone
node/587971075,OpenStreetMap,osm,ODbL,https://www.openstreetmap.org/node/587971075,Sosua by the sea Boutique Beach Resort,,,Dominican Republic,19.7682463,-70.5164916,,,,osm-dominican-republic-expanded-2026-05-20,2026-05-20T19:32:17.199Z,pending,none,needs_research,sosua by the sea boutique beach resort|19.7682|-70.5165,node,hotel,missingCity; missingWebsite; missingPhone
node/593861352,OpenStreetMap,osm,ODbL,https://www.openstreetmap.org/node/593861352,Hotel Casa Cayena Club,,,Dominican Republic,19.7650088,-70.5171221,,,,osm-dominican-republic-expanded-2026-05-20,2026-05-20T19:32:17.199Z,pending,none,needs_research,hotel casa cayena club|19.765|-70.5171,node,hotel,missingCity; missingWebsite; missingPhone
node/593861356,OpenStreetMap,osm,ODbL,https://www.openstreetmap.org/node/593861356,Hotel El Rancho Sosua,,,Dominican Republic,19.7651861,-70.5168845,,,,osm-dominican-republic-expanded-2026-05-20,2026-05-20T19:32:17.199Z,pending,none,needs_research,hotel el rancho sosua|19.7652|-70.5169,node,hotel,missingCity; missingWebsite; missingPhone
node/593861357,OpenStreetMap,osm,ODbL,https://www.openstreetmap.org/node/593861357,Hotel Sea Breeze,,,Dominican Republic,19.7653938,-70.5162983,,,,osm-dominican-republic-expanded-2026-05-20,2026-05-20T19:32:17.199Z,pending,none,needs_research,hotel sea breeze|19.7654|-70.5163,node,hotel,missingCity; missingWebsite; missingPhone
node/593865998,OpenStreetMap,osm,ODbL,https://www.openstreetmap.org/node/593865998,Hotel Central,,,Dominican Republic,19.7641152,-70.5148208,,,,osm-dominican-republic-expanded-2026-05-20,2026-05-20T19:32:17.199Z,pending,none,needs_research,hotel central|19.7641|-70.5148,node,hotel,missingCity; missingWebsite; missingPhone
node/596663088,OpenStreetMap,osm,ODbL,https://www.openstreetmap.org/node/596663088,Hotel Crowne Plaza,"218 Avenue George Washington, Santo Domingo, 2890",Santo Domingo,Dominican Republic,18.4635836,-69.8960441,,+18092210000,,osm-dominican-republic-expanded-2026-05-20,2026-05-20T19:32:17.199Z,pending,none,needs_research,hotel crowne plaza|santo domingo|dominican republic,node,hotel,missingWebsite
node/596733948,OpenStreetMap,osm,ODbL,https://www.openstreetmap.org/node/596733948,Hotel Dorado,,,Dominican Republic,19.454384,-70.7046896,,,,osm-dominican-republic-expanded-2026-05-20,2026-05-20T19:32:17.199Z,pending,none,needs_research,hotel dorado|19.4544|-70.7047,node,hotel,missingCity; missingWebsite; missingPhone
node/596733953,OpenStreetMap,osm,ODbL,https://www.openstreetmap.org/node/596733953,Hotel Colonial Delux,,,Dominican Republic,19.4545393,-70.7048637,,,,osm-dominican-republic-expanded-2026-05-20,2026-05-20T19:32:17.199Z,pending,none,needs_research,hotel colonial delux|19.4545|-70.7049,node,hotel,missingCity; missingWebsite; missingPhone
node/596733956,OpenStreetMap,osm,ODbL,https://www.openstreetmap.org/node/596733956,Hotel Colonial,,,Dominican Republic,19.4546279,-70.7050808,,,,osm-dominican-republic-expanded-2026-05-20,2026-05-20T19:32:17.199Z,pending,none,needs_research,hotel colonial|19.4546|-70.7051,node,hotel,missingCity; missingWebsite; missingPhone
node/597453526,OpenStreetMap,osm,ODbL,https://www.openstreetmap.org/node/597453526,Hostal Nicolas De Ovando,,,Dominican Republic,18.4751443,-69.8827005,,,,osm-dominican-republic-expanded-2026-05-20,2026-05-20T19:32:17.199Z,pending,none,needs_research,hostal nicolas de ovando|18.4751|-69.8827,node,hotel,missingCity; missingWebsite; missingPhone
node/597456591,OpenStreetMap,osm,ODbL,https://www.openstreetmap.org/node/597456591,Hodelpa Novus Plaza,,,Dominican Republic,18.4734399,-69.8854304,,,,osm-dominican-republic-expanded-2026-05-20,2026-05-20T19:32:17.199Z,pending,none,needs_research,hodelpa novus plaza|18.4734|-69.8854,node,hotel,missingCity; missingWebsite; missingPhone
node/635204441,OpenStreetMap,osm,ODbL,https://www.openstreetmap.org/node/635204441,Club Med,,,Dominican Republic,18.5456978,-68.3513581,,,Club Med,osm-dominican-republic-expanded-2026-05-20,2026-05-20T19:32:17.199Z,pending,none,needs_research,club med|18.5457|-68.3514,node,hotel,missingCity; missingWebsite; missingPhone
node/711144134,OpenStreetMap,osm,ODbL,https://www.openstreetmap.org/node/711144134,Ecocampo La Sangría,,,Dominican Republic,19.2609949,-69.2588233,,,,osm-dominican-republic-expanded-2026-05-20,2026-05-20T19:32:17.199Z,pending,none,needs_research,ecocampo la sangria|19.261|-69.2588,node,hotel,missingCity; missingWebsite; missingPhone
node/735974664,OpenStreetMap,osm,ODbL,https://www.openstreetmap.org/node/735974664,Tierra Plana Hostal,,,Dominican Republic,18.4771045,-69.8854438,,,,osm-dominican-republic-expanded-2026-05-20,2026-05-20T19:32:17.199Z,pending,none,needs_research,tierra plana hostal|18.4771|-69.8854,node,guest_house,missingCity; missingWebsite; missingPhone
node/862661684,OpenStreetMap,osm,ODbL,https://www.openstreetmap.org/node/862661684,Hotel La Mansion,,,Dominican Republic,19.3460483,-70.9308523,,,,osm-dominican-republic-expanded-2026-05-20,2026-05-20T19:32:17.199Z,pending,none,needs_research,hotel la mansion|19.346|-70.9309,node,hotel,missingCity; missingWebsite; missingPhone
node/928315117,OpenStreetMap,osm,ODbL,https://www.openstreetmap.org/node/928315117,Apartahotel Drake,,,Dominican Republic,18.4759905,-69.933337,,,,osm-dominican-republic-expanded-2026-05-20,2026-05-20T19:32:17.199Z,pending,none,needs_research,apartahotel drake|18.476|-69.9333,node,motel,missingCity; missingWebsite; missingPhone
node/988991741,OpenStreetMap,osm,ODbL,https://www.openstreetmap.org/node/988991741,Costa Las Ballenas,,,Dominican Republic,19.3117497,-69.5680317,,,,osm-dominican-republic-expanded-2026-05-20,2026-05-20T19:32:17.199Z,pending,none,needs_research,costa las ballenas|19.3117|-69.568,node,hotel,missingCity; missingWebsite; missingPhone
node/989009324,OpenStreetMap,osm,ODbL,https://www.openstreetmap.org/node/989009324,Acaya,,,Dominican Republic,19.313192,-69.5644458,,,,osm-dominican-republic-expanded-2026-05-20,2026-05-20T19:32:17.199Z,pending,none,needs_research,acaya|19.3132|-69.5644,node,hotel,missingCity; missingWebsite; missingPhone
node/1069945606,OpenStreetMap,osm,ODbL,https://www.openstreetmap.org/node/1069945606,Hotel Atarazana,19 Vicente Celestino Duarte,,Dominican Republic,18.4782742,-69.8838741,http://www.hotel-atarazana.com,+8096883693,,osm-dominican-republic-expanded-2026-05-20,2026-05-20T19:32:17.199Z,pending,none,needs_research,hotel atarazana|18.4783|-69.8839,node,hotel,missingCity
node/1188149592,OpenStreetMap,osm,ODbL,https://www.openstreetmap.org/node/1188149592,Hotel Pinar Dorado,,,Dominican Republic,19.1174533,-70.6334667,,,,osm-dominican-republic-expanded-2026-05-20,2026-05-20T19:32:17.199Z,pending,none,needs_research,hotel pinar dorado|19.1175|-70.6335,node,hotel,missingCity; missingWebsite; missingPhone
node/1207422127,OpenStreetMap,osm,ODbL,https://www.openstreetmap.org/node/1207422127,Be Live Grand Marien Hotel,,,Dominican Republic,19.778444,-70.658505,,,,osm-dominican-republic-expanded-2026-05-20,2026-05-20T19:32:17.199Z,pending,none,needs_research,be live grand marien hotel|19.7784|-70.6585,node,hotel,missingCity; missingWebsite; missingPhone
node/1234382123,OpenStreetMap,osm,ODbL,https://www.openstreetmap.org/node/1234382123,Emotion By Hodelpa.,,,Dominican Republic,19.7703127,-70.6449925,,,,osm-dominican-republic-expanded-2026-05-20,2026-05-20T19:32:17.199Z,pending,none,needs_research,emotion by hodelpa.|19.7703|-70.645,node,hotel,missingCity; missingWebsite; missingPhone
node/1238948840,OpenStreetMap,osm,ODbL,https://www.openstreetmap.org/node/1238948840,hotel arcardo,,,Dominican Republic,18.477292,-69.8854892,,,,osm-dominican-republic-expanded-2026-05-20,2026-05-20T19:32:17.199Z,pending,none,needs_research,hotel arcardo|18.4773|-69.8855,node,hotel,missingCity; missingWebsite; missingPhone
node/1238959353,OpenStreetMap,osm,ODbL,https://www.openstreetmap.org/node/1238959353,"ALJIBE CAFE, Cocktail",,,Dominican Republic,18.4723713,-69.8852245,,,,osm-dominican-republic-expanded-2026-05-20,2026-05-20T19:32:17.199Z,pending,none,needs_research,"aljibe cafe, cocktail|18.4724|-69.8852",node,hotel,missingCity; missingWebsite; missingPhone
node/1249539089,OpenStreetMap,osm,ODbL,https://www.openstreetmap.org/node/1249539089,Hotel Salinas,,,Dominican Republic,18.2121932,-70.5448082,,809 310-8141,,osm-dominican-republic-expanded-2026-05-20,2026-05-20T19:32:17.199Z,pending,none,needs_research,hotel salinas|18.2122|-70.5448,node,hotel,missingCity; missingWebsite
node/1249982946,OpenStreetMap,osm,ODbL,https://www.openstreetmap.org/node/1249982946,Ocean resort,,,Dominican Republic,18.7081098,-68.4436144,,,,osm-dominican-republic-expanded-2026-05-20,2026-05-20T19:32:17.199Z,pending,none,needs_research,ocean resort|18.7081|-68.4436,node,hotel,missingCity; missingWebsite; missingPhone
node/1259953316,OpenStreetMap,osm,ODbL,https://www.openstreetmap.org/node/1259953316,Hotel Playazul,,,Dominican Republic,18.1551682,-71.0592845,,,,osm-dominican-republic-expanded-2026-05-20,2026-05-20T19:32:17.199Z,pending,none,needs_research,hotel playazul|18.1552|-71.0593,node,hotel,missingCity; missingWebsite; missingPhone
node/1259992880,OpenStreetMap,osm,ODbL,https://www.openstreetmap.org/node/1259992880,Hotel Casablanca,,,Dominican Republic,18.1277744,-71.0668618,http://www.hotelcasablanca.com.do/de-ch/,829-794-1230,,osm-dominican-republic-expanded-2026-05-20,2026-05-20T19:32:17.199Z,pending,none,needs_research,hotel casablanca|18.1278|-71.0669,node,hotel,missingCity
node/1259992888,OpenStreetMap,osm,ODbL,https://www.openstreetmap.org/node/1259992888,Hotel Quemaito,,,Dominican Republic,18.1275574,-71.0674529,,,,osm-dominican-republic-expanded-2026-05-20,2026-05-20T19:32:17.199Z,pending,none,needs_research,hotel quemaito|18.1276|-71.0675,node,hotel,missingCity; missingWebsite; missingPhone
node/1391142503,OpenStreetMap,osm,ODbL,https://www.openstreetmap.org/node/1391142503,terra linda,,,Dominican Republic,19.7652283,-70.5148132,,,,osm-dominican-republic-expanded-2026-05-20,2026-05-20T19:32:17.199Z,pending,none,needs_research,terra linda|19.7652|-70.5148,node,hotel,missingCity; missingWebsite; missingPhone
node/1391142506,OpenStreetMap,osm,ODbL,https://www.openstreetmap.org/node/1391142506,Casa Valeria,,,Dominican Republic,19.7651828,-70.5152692,,,,osm-dominican-republic-expanded-2026-05-20,2026-05-20T19:32:17.199Z,pending,none,needs_research,casa valeria|19.7652|-70.5153,node,hotel,missingCity; missingWebsite; missingPhone
node/1391142519,OpenStreetMap,osm,ODbL,https://www.openstreetmap.org/node/1391142519,Hotel Orchidee,,,Dominican Republic,19.7651084,-70.5144058,http://www.hotelorchidee.ch,,,osm-dominican-republic-expanded-2026-05-20,2026-05-20T19:32:17.199Z,pending,none,needs_research,hotel orchidee|19.7651|-70.5144,node,hotel,missingCity; missingPhone
node/1391142522,OpenStreetMap,osm,ODbL,https://www.openstreetmap.org/node/1391142522,New Garden,,,Dominican Republic,19.7652485,-70.5156179,,,,osm-dominican-republic-expanded-2026-05-20,2026-05-20T19:32:17.199Z,pending,none,needs_research,new garden|19.7652|-70.5156,node,hotel,missingCity; missingWebsite; missingPhone
node/1405141122,OpenStreetMap,osm,ODbL,https://www.openstreetmap.org/node/1405141122,Lifestyle Holidays Vacation Club,,,Dominican Republic,19.8170831,-70.7281402,,,,osm-dominican-republic-expanded-2026-05-20,2026-05-20T19:32:17.199Z,pending,none,needs_research,lifestyle holidays vacation club|19.8171|-70.7281,node,hotel,missingCity; missingWebsite; missingPhone
node/1414756925,OpenStreetMap,osm,ODbL,https://www.openstreetmap.org/node/1414756925,Aventura,"Calle Principal, La Canela, 51103, DO",La Canela,DO,19.4766028,-70.8022389,,,,osm-dominican-republic-expanded-2026-05-20,2026-05-20T19:32:17.199Z,pending,none,needs_research,aventura|la canela|do,node,motel,missingWebsite; missingPhone
node/1454279355,OpenStreetMap,osm,ODbL,https://www.openstreetmap.org/node/1454279355,Aladino,,,Dominican Republic,18.4813663,-69.9252391,,,,osm-dominican-republic-expanded-2026-05-20,2026-05-20T19:32:17.199Z,pending,none,needs_research,aladino|18.4814|-69.9252,node,hotel,missingCity; missingWebsite; missingPhone
node/1600567851,OpenStreetMap,osm,ODbL,https://www.openstreetmap.org/node/1600567851,Hotel,,,Dominican Republic,18.2020655,-71.0877667,,,,osm-dominican-republic-expanded-2026-05-20,2026-05-20T19:32:17.199Z,pending,none,needs_research,hotel|18.2021|-71.0878,node,hotel,missingCity; missingWebsite; missingPhone
node/1635256169,OpenStreetMap,osm,ODbL,https://www.openstreetmap.org/node/1635256169,Coconut Palms Resort,,,Dominican Republic,19.7751504,-70.4463858,,,,osm-dominican-republic-expanded-2026-05-20,2026-05-20T19:32:17.199Z,pending,none,needs_research,coconut palms resort|19.7752|-70.4464,node,hotel,missingCity; missingWebsite; missingPhone
node/1643715292,OpenStreetMap,osm,ODbL,https://www.openstreetmap.org/node/1643715292,Eva Luna,,,Dominican Republic,19.3222319,-69.5519427,,,,osm-dominican-republic-expanded-2026-05-20,2026-05-20T19:32:17.199Z,pending,none,needs_research,eva luna|19.3222|-69.5519,node,hotel,missingCity; missingWebsite; missingPhone
node/1650284822,OpenStreetMap,osm,ODbL,https://www.openstreetmap.org/node/1650284822,Hotel Palapa,,,Dominican Republic,19.324616,-69.5297463,https://www.palapabeachclub.com/,,,osm-dominican-republic-expanded-2026-05-20,2026-05-20T19:32:17.199Z,pending,none,needs_research,hotel palapa|19.3246|-69.5297,node,hotel,missingCity; missingPhone
node/1653013577,OpenStreetMap,osm,ODbL,https://www.openstreetmap.org/node/1653013577,Secrets Royal Beach Punta Cana,"Avenida Alemania, Punta Cana",Punta Cana,Dominican Republic,18.679197,-68.4157602,https://www.hyatt.com/en-US/hotel/dominican-republic/secrets-royal-beach/serpc,+1 809 221 46 46,,osm-dominican-republic-expanded-2026-05-20,2026-05-20T19:32:17.199Z,pending,none,needs_research,secrets royal beach punta cana|punta cana|dominican republic,node,hotel,
node/1739578195,OpenStreetMap,osm,ODbL,https://www.openstreetmap.org/node/1739578195,Hotel Las Caobas,,,Dominican Republic,19.2988932,-70.2668643,,,,osm-dominican-republic-expanded-2026-05-20,2026-05-20T19:32:17.199Z,pending,none,needs_research,hotel las caobas|19.2989|-70.2669,node,hotel,missingCity; missingWebsite; missingPhone
node/1745039683,OpenStreetMap,osm,ODbL,https://www.openstreetmap.org/node/1745039683,Aparta Hotel Plaza del Sol,,,Dominican Republic,18.4653437,-69.9158948,,,,osm-dominican-republic-expanded-2026-05-20,2026-05-20T19:32:17.199Z,pending,none,needs_research,aparta hotel plaza del sol|18.4653|-69.9159,node,hotel,missingCity; missingWebsite; missingPhone
node/1825887426,OpenStreetMap,osm,ODbL,https://www.openstreetmap.org/node/1825887426,Sivory Punta Cana,,,Dominican Republic,18.838849,-68.612924,,,,osm-dominican-republic-expanded-2026-05-20,2026-05-20T19:32:17.199Z,pending,none,needs_research,sivory punta cana|18.8388|-68.6129,node,hotel,missingCity; missingWebsite; missingPhone
node/1837180673,OpenStreetMap,osm,ODbL,https://www.openstreetmap.org/node/1837180673,Hotel Dilenia,,,Dominican Republic,18.9081858,-70.7413032,,,,osm-dominican-republic-expanded-2026-05-20,2026-05-20T19:32:17.199Z,pending,none,needs_research,hotel dilenia|18.9082|-70.7413,node,hotel,missingCity; missingWebsite; missingPhone
node/1837180781,OpenStreetMap,osm,ODbL,https://www.openstreetmap.org/node/1837180781,Hotel Colinas del Valle,,,Dominican Republic,18.9085614,-70.7414052,,,,osm-dominican-republic-expanded-2026-05-20,2026-05-20T19:32:17.199Z,pending,none,needs_research,hotel colinas del valle|18.9086|-70.7414,node,hotel,missingCity; missingWebsite; missingPhone
node/1837226525,OpenStreetMap,osm,ODbL,https://www.openstreetmap.org/node/1837226525,Hote Mi Casa,,,Dominican Republic,18.9078493,-70.742701,,,,osm-dominican-republic-expanded-2026-05-20,2026-05-20T19:32:17.199Z,pending,none,needs_research,hote mi casa|18.9078|-70.7427,node,hotel,missingCity; missingWebsite; missingPhone
node/1846307890,OpenStreetMap,osm,ODbL,https://www.openstreetmap.org/node/1846307890,Hotel Vista del Valle,,,Dominican Republic,18.9078545,-70.7462546,,,,osm-dominican-republic-expanded-2026-05-20,2026-05-20T19:32:17.199Z,pending,none,needs_research,hotel vista del valle|18.9079|-70.7463,node,hotel,missingCity; missingWebsite; missingPhone
node/1853487108,OpenStreetMap,osm,ODbL,https://www.openstreetmap.org/node/1853487108,AltoCerro,,,Dominican Republic,18.9150951,-70.7276836,,,,osm-dominican-republic-expanded-2026-05-20,2026-05-20T19:32:17.199Z,pending,none,needs_research,altocerro|18.9151|-70.7277,node,hotel,missingCity; missingWebsite; missingPhone
node/1857882814,OpenStreetMap,osm,ODbL,https://www.openstreetmap.org/node/1857882814,Rancho Wendy,,,Dominican Republic,18.8876305,-70.4610898,,,,osm-dominican-republic-expanded-2026-05-20,2026-05-20T19:32:17.199Z,pending,none,needs_research,rancho wendy|18.8876|-70.4611,node,hotel,missingCity; missingWebsite; missingPhone
node/1859656828,OpenStreetMap,osm,ODbL,https://www.openstreetmap.org/node/1859656828,,,,Dominican Republic,19.1977839,-69.3376358,,,,osm-dominican-republic-expanded-2026-05-20,2026-05-20T19:32:17.199Z,pending,none,needs_research,unknown|19.1978|-69.3376,node,hotel,missingName; missingCity; missingWebsite; missingPhone
node/1869448927,OpenStreetMap,osm,ODbL,https://www.openstreetmap.org/node/1869448927,Rancho Guaraguao,,,Dominican Republic,18.8847637,-70.6856934,,,,osm-dominican-republic-expanded-2026-05-20,2026-05-20T19:32:17.199Z,pending,none,needs_research,rancho guaraguao|18.8848|-70.6857,node,hotel,missingCity; missingWebsite; missingPhone
node/1869448950,OpenStreetMap,osm,ODbL,https://www.openstreetmap.org/node/1869448950,Rancho Guaraguao,,,Dominican Republic,18.8850093,-70.6866397,,,,osm-dominican-republic-expanded-2026-05-20,2026-05-20T19:32:17.199Z,pending,none,needs_research,rancho guaraguao|18.885|-70.6866,node,hostel,missingCity; missingWebsite; missingPhone
node/1882822690,OpenStreetMap,osm,ODbL,https://www.openstreetmap.org/node/1882822690,Hostal Condo Parque,,,Dominican Republic,18.4702366,-69.8907043,,,,osm-dominican-republic-expanded-2026-05-20,2026-05-20T19:32:17.199Z,pending,none,needs_research,hostal condo parque|18.4702|-69.8907,node,hotel,missingCity; missingWebsite; missingPhone
node/1888636757,OpenStreetMap,osm,ODbL,https://www.openstreetmap.org/node/1888636757,Las Canas,,,Dominican Republic,19.7619784,-70.4938719,,,,osm-dominican-republic-expanded-2026-05-20,2026-05-20T19:32:17.199Z,pending,none,needs_research,las canas|19.762|-70.4939,node,hotel,missingCity; missingWebsite; missingPhone
node/1923936533,OpenStreetMap,osm,ODbL,https://www.openstreetmap.org/node/1923936533,Habitaciones Don Pedro,,,Dominican Republic,18.425685,-69.4235968,,,,osm-dominican-republic-expanded-2026-05-20,2026-05-20T19:32:17.199Z,pending,none,needs_research,habitaciones don pedro|18.4257|-69.4236,node,guest_house,missingCity; missingWebsite; missingPhone
node/1923964921,OpenStreetMap,osm,ODbL,https://www.openstreetmap.org/node/1923964921,Fior Di Loto,,,Dominican Republic,18.4249216,-69.4289022,,,,osm-dominican-republic-expanded-2026-05-20,2026-05-20T19:32:17.199Z,pending,none,needs_research,fior di loto|18.4249|-69.4289,node,hotel,missingCity; missingWebsite; missingPhone
node/1982167840,OpenStreetMap,osm,ODbL,https://www.openstreetmap.org/node/1982167840,Hotel Piedra Marron,,,Dominican Republic,19.3189396,-69.540699,,,,osm-dominican-republic-expanded-2026-05-20,2026-05-20T19:32:17.199Z,pending,none,needs_research,hotel piedra marron|19.3189|-69.5407,node,hotel,missingCity; missingWebsite; missingPhone
node/2020735712,OpenStreetMap,osm,ODbL,https://www.openstreetmap.org/node/2020735712,Hotel Gran Jimenoa,,,Dominican Republic,19.1407155,-70.6310367,,,,osm-dominican-republic-expanded-2026-05-20,2026-05-20T19:32:17.199Z,pending,none,needs_research,hotel gran jimenoa|19.1407|-70.631,node,hotel,missingCity; missingWebsite; missingPhone
node/2088794004,OpenStreetMap,osm,ODbL,https://www.openstreetmap.org/node/2088794004,Casa Cosón,,,Dominican Republic,19.295719,-69.5971532,,,,osm-dominican-republic-expanded-2026-05-20,2026-05-20T19:32:17.199Z,pending,none,needs_research,casa coson|19.2957|-69.5972,node,hotel,missingCity; missingWebsite; missingPhone
node/2099118549,OpenStreetMap,osm,ODbL,https://www.openstreetmap.org/node/2099118549,Hotel Coco Plaza,,,Dominican Republic,19.3256103,-69.5449759,,,,osm-dominican-republic-expanded-2026-05-20,2026-05-20T19:32:17.199Z,pending,none,needs_research,hotel coco plaza|19.3256|-69.545,node,hotel,missingCity; missingWebsite; missingPhone
node/2100292687,OpenStreetMap,osm,ODbL,https://www.openstreetmap.org/node/2100292687,Hotel Rancho La Cueva,,,Dominican Republic,18.9901807,-68.874144,,,,osm-dominican-republic-expanded-2026-05-20,2026-05-20T19:32:17.199Z,pending,none,needs_research,hotel rancho la cueva|18.9902|-68.8741,node,hotel,missingCity; missingWebsite; missingPhone
node/2101999280,OpenStreetMap,osm,ODbL,https://www.openstreetmap.org/node/2101999280,Hotel San Ramon,"Avenida Duarte, Azua",Azua,Dominican Republic,18.4493804,-70.723575,,809-521-3529,,osm-dominican-republic-expanded-2026-05-20,2026-05-20T19:32:17.199Z,pending,none,needs_research,hotel san ramon|azua|dominican republic,node,motel,missingWebsite
node/2102012151,OpenStreetMap,osm,ODbL,https://www.openstreetmap.org/node/2102012151,,,,Dominican Republic,17.9889711,-71.1663279,,,,osm-dominican-republic-expanded-2026-05-20,2026-05-20T19:32:17.199Z,pending,none,needs_research,unknown|17.989|-71.1663,node,hotel,missingName; missingCity; missingWebsite; missingPhone
node/2106184527,OpenStreetMap,osm,ODbL,https://www.openstreetmap.org/node/2106184527,Hard Rock Hotel & Casino Punta Cana - All inclusive,"No.74 Boulevard Turístico del Este Km.28, Punta Cana, 23000",Punta Cana,Dominican Republic,18.7334438,-68.4826329,https://hotel.hardrock.com/punta-cana,+1 809 687 0000,Hard Rock Hotel,osm-dominican-republic-expanded-2026-05-20,2026-05-20T19:32:17.199Z,pending,none,needs_research,hard rock hotel & casino punta cana - all inclusive|punta cana|dominican republic,node,hotel,
node/2106239024,OpenStreetMap,osm,ODbL,https://www.openstreetmap.org/node/2106239024,Hostal Kevin,,,Dominican Republic,19.7979751,-70.692113,,,,osm-dominican-republic-expanded-2026-05-20,2026-05-20T19:32:17.199Z,pending,none,needs_research,hostal kevin|19.798|-70.6921,node,hotel,missingCity; missingWebsite; missingPhone
node/2110576737,OpenStreetMap,osm,ODbL,https://www.openstreetmap.org/node/2110576737,Casa de Campo,,,Dominican Republic,18.4163009,-68.9232404,,,,osm-dominican-republic-expanded-2026-05-20,2026-05-20T19:32:17.199Z,pending,none,needs_research,casa de campo|18.4163|-68.9232,node,hotel,missingCity; missingWebsite; missingPhone
node/2125900178,OpenStreetMap,osm,ODbL,https://www.openstreetmap.org/node/2125900178,,,,Dominican Republic,18.0293966,-71.7464417,,,,osm-dominican-republic-expanded-2026-05-20,2026-05-20T19:32:17.199Z,pending,none,needs_research,unknown|18.0294|-71.7464,node,hotel,missingName; missingCity; missingWebsite; missingPhone
node/2172701438,OpenStreetMap,osm,ODbL,https://www.openstreetmap.org/node/2172701438,Casa Bonita,,,Dominican Republic,18.0800789,-71.0929989,https://www.slh.com/,,,osm-dominican-republic-expanded-2026-05-20,2026-05-20T19:32:17.199Z,pending,none,needs_research,casa bonita|18.0801|-71.093,node,hotel,missingCity; missingPhone
node/2175061135,OpenStreetMap,osm,ODbL,https://www.openstreetmap.org/node/2175061135,Hotel San Jose,,,Dominican Republic,19.3157522,-71.6913602,,,,osm-dominican-republic-expanded-2026-05-20,2026-05-20T19:32:17.199Z,pending,none,needs_research,hotel san jose|19.3158|-71.6914,node,hotel,missingCity; missingWebsite; missingPhone
node/2175099044,OpenStreetMap,osm,ODbL,https://www.openstreetmap.org/node/2175099044,Hotel Santa Clara,,,Dominican Republic,19.4204177,-71.6156871,,,,osm-dominican-republic-expanded-2026-05-20,2026-05-20T19:32:17.199Z,pending,none,needs_research,hotel santa clara|19.4204|-71.6157,node,hotel,missingCity; missingWebsite; missingPhone
node/2175099050,OpenStreetMap,osm,ODbL,https://www.openstreetmap.org/node/2175099050,Master Hotel La Ceiba,,,Dominican Republic,19.4119866,-71.6122609,,,,osm-dominican-republic-expanded-2026-05-20,2026-05-20T19:32:17.199Z,pending,none,needs_research,master hotel la ceiba|19.412|-71.6123,node,hotel,missingCity; missingWebsite; missingPhone
node/2178758745,OpenStreetMap,osm,ODbL,https://www.openstreetmap.org/node/2178758745,Cacique Hotel,2 Calle Jose Francisco Peña Gómez,,Dominican Republic,18.2067668,-71.093641,,(809)524-4620,,osm-dominican-republic-expanded-2026-05-20,2026-05-20T19:32:17.199Z,pending,none,needs_research,cacique hotel|18.2068|-71.0936,node,motel,missingCity; missingWebsite
node/2223972849,OpenStreetMap,osm,ODbL,https://www.openstreetmap.org/node/2223972849,Centro de Servicios Comunitarios,"121 Avenida Los Beisbolistas, Santo Domingo Oeste, 10902",Santo Domingo Oeste,Dominican Republic,18.486228,-69.9907426,,,,osm-dominican-republic-expanded-2026-05-20,2026-05-20T19:32:17.199Z,pending,none,needs_research,centro de servicios comunitarios|santo domingo oeste|dominican republic,node,guest_house,missingWebsite; missingPhone
node/2262714721,OpenStreetMap,osm,ODbL,https://www.openstreetmap.org/node/2262714721,Dreams Royal Beach Punta Cana,"Avenida Alemania, Punta Cana",Punta Cana,Dominican Republic,18.6785547,-68.41471,https://www.dreamsresorts.com/en/resorts-hotels/dreams/,+1 809 221 46 46,,osm-dominican-republic-expanded-2026-05-20,2026-05-20T19:32:17.199Z,pending,none,needs_research,dreams royal beach punta cana|punta cana|dominican republic,node,hotel,
node/2290696239,OpenStreetMap,osm,ODbL,https://www.openstreetmap.org/node/2290696239,Principe Bahia Cayo Levantado,,,Dominican Republic,19.1666871,-69.2762256,,,,osm-dominican-republic-expanded-2026-05-20,2026-05-20T19:32:17.199Z,pending,none,needs_research,principe bahia cayo levantado|19.1667|-69.2762,node,hotel,missingCity; missingWebsite; missingPhone
node/2333150150,OpenStreetMap,osm,ODbL,https://www.openstreetmap.org/node/2333150150,Caliente Caribe,"Rio San Juan-Cabrera, Cabrera",Cabrera,Dominican Republic,19.6794627,-69.9722897,,,,osm-dominican-republic-expanded-2026-05-20,2026-05-20T19:32:17.199Z,pending,none,needs_research,caliente caribe|cabrera|dominican republic,node,hotel,missingWebsite; missingPhone
node/2340839097,OpenStreetMap,osm,ODbL,https://www.openstreetmap.org/node/2340839097,Consejo Nacional para la Niñez y la Adolescencia,,,Dominican Republic,19.2167486,-70.5386773,,,,osm-dominican-republic-expanded-2026-05-20,2026-05-20T19:32:17.199Z,pending,none,needs_research,consejo nacional para la ninez y la adolescencia|19.2167|-70.5387,node,hostel,missingCity; missingWebsite; missingPhone
node/2365189081,OpenStreetMap,osm,ODbL,https://www.openstreetmap.org/node/2365189081,Hotel Brisas del Yaque,13 Independencia,,Dominican Republic,19.1210699,-70.6432761,,,,osm-dominican-republic-expanded-2026-05-20,2026-05-20T19:32:17.199Z,pending,none,needs_research,hotel brisas del yaque|19.1211|-70.6433,node,hotel,missingCity; missingWebsite; missingPhone
node/2377448089,OpenStreetMap,osm,ODbL,https://www.openstreetmap.org/node/2377448089,Aurora del Sol Hotel y Casino,"Carretera Mella, Santo Domingo Este",Santo Domingo Este,Dominican Republic,18.5155001,-69.8427114,,,,osm-dominican-republic-expanded-2026-05-20,2026-05-20T19:32:17.199Z,pending,none,needs_research,aurora del sol hotel y casino|santo domingo este|dominican republic,node,hotel,missingWebsite; missingPhone
node/2554070792,OpenStreetMap,osm,ODbL,https://www.openstreetmap.org/node/2554070792,Independencia,Calle Arzobispo Nouel,,Dominican Republic,18.470614,-69.8919381,,8096861663,,osm-dominican-republic-expanded-2026-05-20,2026-05-20T19:32:17.199Z,pending,none,needs_research,independencia|18.4706|-69.8919,node,hotel,missingCity; missingWebsite
node/2590998150,OpenStreetMap,osm,ODbL,https://www.openstreetmap.org/node/2590998150,Cabana Elke,,,Dominican Republic,18.3498824,-68.8295534,,,,osm-dominican-republic-expanded-2026-05-20,2026-05-20T19:32:17.199Z,pending,none,needs_research,cabana elke|18.3499|-68.8296,node,hotel,missingCity; missingWebsite; missingPhone
node/2613933314,OpenStreetMap,osm,ODbL,https://www.openstreetmap.org/node/2613933314,Los Gringos,,,Dominican Republic,19.6211673,-70.1689092,,,,osm-dominican-republic-expanded-2026-05-20,2026-05-20T19:32:17.199Z,pending,none,needs_research,los gringos|19.6212|-70.1689,node,hotel,missingCity; missingWebsite; missingPhone
node/2613949124,OpenStreetMap,osm,ODbL,https://www.openstreetmap.org/node/2613949124,Four Points by Sheraton,"Boulevard 1º de Noviembre, Punta Cana, 23000",Punta Cana,Dominican Republic,18.5591959,-68.3729673,,+18099592222,Four Points by Sheraton,osm-dominican-republic-expanded-2026-05-20,2026-05-20T19:32:17.199Z,pending,none,needs_research,four points by sheraton|punta cana|dominican republic,node,hotel,missingWebsite
node/2720148366,OpenStreetMap,osm,ODbL,https://www.openstreetmap.org/node/2720148366,New Parisian,,,Dominican Republic,19.2935722,-70.2529536,,,,osm-dominican-republic-expanded-2026-05-20,2026-05-20T19:32:17.199Z,pending,none,needs_research,new parisian|19.2936|-70.253,node,hotel,missingCity; missingWebsite; missingPhone
node/2724424280,OpenStreetMap,osm,ODbL,https://www.openstreetmap.org/node/2724424280,Cabaña Anwis,"Salida a Tenares, SAN FRANCISCO DE MACORIS",SAN FRANCISCO DE MACORIS,Dominican Republic,19.3262656,-70.2781032,,,,osm-dominican-republic-expanded-2026-05-20,2026-05-20T19:32:17.199Z,pending,none,needs_research,cabana anwis|san francisco de macoris|dominican republic,node,hotel,missingWebsite; missingPhone
node/2724999922,OpenStreetMap,osm,ODbL,https://www.openstreetmap.org/node/2724999922,Hotel Libano,,,Dominican Republic,19.2977859,-70.2576696,,,,osm-dominican-republic-expanded-2026-05-20,2026-05-20T19:32:17.199Z,pending,none,needs_research,hotel libano|19.2978|-70.2577,node,hotel,missingCity; missingWebsite; missingPhone
node/2778735252,OpenStreetMap,osm,ODbL,https://www.openstreetmap.org/node/2778735252,Sheraton,,,Dominican Republic,18.463431,-69.8979402,,,Sheraton,osm-dominican-republic-expanded-2026-05-20,2026-05-20T19:32:17.199Z,pending,none,needs_research,sheraton|18.4634|-69.8979,node,hotel,missingCity; missingWebsite; missingPhone
node/2836668830,OpenStreetMap,osm,ODbL,https://www.openstreetmap.org/node/2836668830,Las Olas Luxury Villas,,,Dominican Republic,19.3126871,-69.5668556,https://www.dominicana.life/,,,osm-dominican-republic-expanded-2026-05-20,2026-05-20T19:32:17.199Z,pending,none,needs_research,las olas luxury villas|19.3127|-69.5669,node,hotel,missingCity; missingPhone
node/2866813906,OpenStreetMap,osm,ODbL,https://www.openstreetmap.org/node/2866813906,Sensimar Punta Cana Villas & Suites,,,Dominican Republic,18.7193615,-68.453179,,,RIU,osm-dominican-republic-expanded-2026-05-20,2026-05-20T19:32:17.199Z,pending,none,needs_research,sensimar punta cana villas & suites|18.7194|-68.4532,node,hotel,missingCity; missingWebsite; missingPhone
node/2955259538,OpenStreetMap,osm,ODbL,https://www.openstreetmap.org/node/2955259538,Hotel Villa Colonial,"157 Calle Sanchez, Santo Domingo, DO",Santo Domingo,DO,18.470899,-69.888196,,,,osm-dominican-republic-expanded-2026-05-20,2026-05-20T19:32:17.199Z,pending,none,needs_research,hotel villa colonial|santo domingo|do,node,hotel,missingWebsite; missingPhone
node/2966028861,OpenStreetMap,osm,ODbL,https://www.openstreetmap.org/node/2966028861,Hotel Alegria,,,Dominican Republic,19.7510559,-70.4024362,,,,osm-dominican-republic-expanded-2026-05-20,2026-05-20T19:32:17.199Z,pending,none,needs_research,hotel alegria|19.7511|-70.4024,node,hotel,missingCity; missingWebsite; missingPhone
node/2998189889,OpenStreetMap,osm,ODbL,https://www.openstreetmap.org/node/2998189889,Hotel Occidental Allegro Playa Dorada,,,Dominican Republic,19.7693703,-70.6452375,,,,osm-dominican-republic-expanded-2026-05-20,2026-05-20T19:32:17.199Z,pending,none,needs_research,hotel occidental allegro playa dorada|19.7694|-70.6452,node,hotel,missingCity; missingWebsite; missingPhone
node/2998191668,OpenStreetMap,osm,ODbL,https://www.openstreetmap.org/node/2998191668,Barceló Puerto Plata,,,Dominican Republic,19.7715218,-70.6412773,,,,osm-dominican-republic-expanded-2026-05-20,2026-05-20T19:32:17.199Z,pending,none,needs_research,barcelo puerto plata|19.7715|-70.6413,node,hotel,missingCity; missingWebsite; missingPhone
node/2998191669,OpenStreetMap,osm,ODbL,https://www.openstreetmap.org/node/2998191669,Hotel Gran Ventana,,,Dominican Republic,19.7723664,-70.6402715,,,,osm-dominican-republic-expanded-2026-05-20,2026-05-20T19:32:17.199Z,pending,none,needs_research,hotel gran ventana|19.7724|-70.6403,node,hotel,missingCity; missingWebsite; missingPhone
node/2998196506,OpenStreetMap,osm,ODbL,https://www.openstreetmap.org/node/2998196506,Sunshade Puerto Plata All Inclusive,,,Dominican Republic,19.7701917,-70.6412903,,,,osm-dominican-republic-expanded-2026-05-20,2026-05-20T19:32:17.199Z,pending,none,needs_research,sunshade puerto plata all inclusive|19.7702|-70.6413,node,hotel,missingCity; missingWebsite; missingPhone
node/2998208193,OpenStreetMap,osm,ODbL,https://www.openstreetmap.org/node/2998208193,Celuisma Playa Dorada Beach Hotel,,,Dominican Republic,19.7699833,-70.6439673,,,,osm-dominican-republic-expanded-2026-05-20,2026-05-20T19:32:17.199Z,pending,none,needs_research,celuisma playa dorada beach hotel|19.77|-70.644,node,hotel,missingCity; missingWebsite; missingPhone
node/3015649822,OpenStreetMap,osm,ODbL,https://www.openstreetmap.org/node/3015649822,Occidental Caribe (former Barcelo Punta Cana),,,Dominican Republic,18.7340742,-68.4720325,,,Occidental,osm-dominican-republic-expanded-2026-05-20,2026-05-20T19:32:17.199Z,pending,none,needs_research,occidental caribe (former barcelo punta cana)|18.7341|-68.472,node,hotel,missingCity; missingWebsite; missingPhone
node/3051207800,OpenStreetMap,osm,ODbL,https://www.openstreetmap.org/node/3051207800,Castillo Romano,,,Dominican Republic,19.3169723,-69.5382971,,,,osm-dominican-republic-expanded-2026-05-20,2026-05-20T19:32:17.199Z,pending,none,needs_research,castillo romano|19.317|-69.5383,node,hotel,missingCity; missingWebsite; missingPhone
node/3066001703,OpenStreetMap,osm,ODbL,https://www.openstreetmap.org/node/3066001703,312 by Estancia,,,Dominican Republic,18.458518,-69.9569368,,,,osm-dominican-republic-expanded-2026-05-20,2026-05-20T19:32:17.199Z,pending,none,needs_research,312 by estancia|18.4585|-69.9569,node,guest_house,missingCity; missingWebsite; missingPhone
node/3073004437,OpenStreetMap,osm,ODbL,https://www.openstreetmap.org/node/3073004437,Hotel Del Valle,,,Dominican Republic,18.3953074,-71.2008479,,,,osm-dominican-republic-expanded-2026-05-20,2026-05-20T19:32:17.199Z,pending,none,needs_research,hotel del valle|18.3953|-71.2008,node,hotel,missingCity; missingWebsite; missingPhone
node/3076134847,OpenStreetMap,osm,ODbL,https://www.openstreetmap.org/node/3076134847,Ultravioleta Boutique Residences,,,Dominican Republic,19.7568943,-70.417365,,,,osm-dominican-republic-expanded-2026-05-20,2026-05-20T19:32:17.199Z,pending,none,needs_research,ultravioleta boutique residences|19.7569|-70.4174,node,hotel,missingCity; missingWebsite; missingPhone
node/3125134748,OpenStreetMap,osm,ODbL,https://www.openstreetmap.org/node/3125134748,Hotel Restaurante El Barcon,,,Dominican Republic,18.5459062,-70.5086851,,,,osm-dominican-republic-expanded-2026-05-20,2026-05-20T19:32:17.199Z,pending,none,needs_research,hotel restaurante el barcon|18.5459|-70.5087,node,hotel,missingCity; missingWebsite; missingPhone
node/3145200062,OpenStreetMap,osm,ODbL,https://www.openstreetmap.org/node/3145200062,Royalton hotel punta cana,,,Dominican Republic,18.7329276,-68.4694249,,,,osm-dominican-republic-expanded-2026-05-20,2026-05-20T19:32:17.199Z,pending,none,needs_research,royalton hotel punta cana|18.7329|-68.4694,node,hotel,missingCity; missingWebsite; missingPhone
node/3145204521,OpenStreetMap,osm,ODbL,https://www.openstreetmap.org/node/3145204521,Occidental Caribe (former Barcelo Punta Cana),"Carr. El Macao - Arena Gorda, Bavaro",Bavaro,Dominican Republic,18.7335332,-68.4722336,,,Occidental,osm-dominican-republic-expanded-2026-05-20,2026-05-20T19:32:17.199Z,pending,none,needs_research,occidental caribe (former barcelo punta cana)|bavaro|dominican republic,node,hotel,missingWebsite; missingPhone
node/3145252104,OpenStreetMap,osm,ODbL,https://www.openstreetmap.org/node/3145252104,Grand Bahia Principe Punta Cana,,,Dominican Republic,18.7211395,-68.4648253,,,,osm-dominican-republic-expanded-2026-05-20,2026-05-20T19:32:17.199Z,pending,none,needs_research,grand bahia principe punta cana|18.7211|-68.4648,node,hotel,missingCity; missingWebsite; missingPhone
node/3145261362,OpenStreetMap,osm,ODbL,https://www.openstreetmap.org/node/3145261362,Riu Palace Punta Cana,"Punta Cana, 23000",Punta Cana,Dominican Republic,18.7225799,-68.4595414,,,RIU,osm-dominican-republic-expanded-2026-05-20,2026-05-20T19:32:17.199Z,pending,none,needs_research,riu palace punta cana|punta cana|dominican republic,node,hotel,missingWebsite; missingPhone
node/3154070396,OpenStreetMap,osm,ODbL,https://www.openstreetmap.org/node/3154070396,Excellence Punta Cana,"Playas Uvero Alto, Punta Cana, 23000",Punta Cana,Dominican Republic,18.8271737,-68.6015537,https://www.excellenceresorts.com/resorts/excellence-punta-cana/destination/,18096859880,,osm-dominican-republic-expanded-2026-05-20,2026-05-20T19:32:17.199Z,pending,none,needs_research,excellence punta cana|punta cana|dominican republic,node,hotel,
node/3154071208,OpenStreetMap,osm,ODbL,https://www.openstreetmap.org/node/3154071208,Zoetry Agua,,,Dominican Republic,18.8363647,-68.6103942,,,,osm-dominican-republic-expanded-2026-05-20,2026-05-20T19:32:17.199Z,pending,none,needs_research,zoetry agua|18.8364|-68.6104,node,hotel,missingCity; missingWebsite; missingPhone
node/3154209897,OpenStreetMap,osm,ODbL,https://www.openstreetmap.org/node/3154209897,TIPICAS CASETAS HOTEL,,,Dominican Republic,18.8086454,-68.5806619,,,,osm-dominican-republic-expanded-2026-05-20,2026-05-20T19:32:17.199Z,pending,none,needs_research,tipicas casetas hotel|18.8086|-68.5807,node,hotel,missingCity; missingWebsite; missingPhone
node/3158269100,OpenStreetMap,osm,ODbL,https://www.openstreetmap.org/node/3158269100,Hotel Plaza Coral,,,Dominican Republic,18.5832906,-68.3978268,http://hotel.plazacoral.net,+1 809 455 1839,,osm-dominican-republic-expanded-2026-05-20,2026-05-20T19:32:17.199Z,pending,none,needs_research,hotel plaza coral|18.5833|-68.3978,node,hotel,missingCity
node/3158571146,OpenStreetMap,osm,ODbL,https://www.openstreetmap.org/node/3158571146,,,,Dominican Republic,17.9890279,-71.1636994,,,,osm-dominican-republic-expanded-2026-05-20,2026-05-20T19:32:17.199Z,pending,none,needs_research,unknown|17.989|-71.1637,node,hotel,missingName; missingCity; missingWebsite; missingPhone
node/3158571667,OpenStreetMap,osm,ODbL,https://www.openstreetmap.org/node/3158571667,,,,Dominican Republic,18.1996725,-71.0879179,,,,osm-dominican-republic-expanded-2026-05-20,2026-05-20T19:32:17.199Z,pending,none,needs_research,unknown|18.1997|-71.0879,node,hotel,missingName; missingCity; missingWebsite; missingPhone
node/3159460065,OpenStreetMap,osm,ODbL,https://www.openstreetmap.org/node/3159460065,Sanctuary Cap Cana,,,Dominican Republic,18.4727015,-68.3995798,,,,osm-dominican-republic-expanded-2026-05-20,2026-05-20T19:32:17.199Z,pending,none,needs_research,sanctuary cap cana|18.4727|-68.3996,node,hotel,missingCity; missingWebsite; missingPhone
node/3161538019,OpenStreetMap,osm,ODbL,https://www.openstreetmap.org/node/3161538019,Real Intercontinental,"Avenida Winston Churchill, Santo Domingo , Rep Dominicana","Santo Domingo , Rep Dominicana",Dominican Republic,18.4683192,-69.9389109,,,,osm-dominican-republic-expanded-2026-05-20,2026-05-20T19:32:17.199Z,pending,none,needs_research,"real intercontinental|santo domingo , rep dominicana|dominican republic",node,hotel,missingWebsite; missingPhone
node/3198643977,OpenStreetMap,osm,ODbL,https://www.openstreetmap.org/node/3198643977,Villa Serena Hotel,,,Dominican Republic,19.2935552,-69.2007724,,,,osm-dominican-republic-expanded-2026-05-20,2026-05-20T19:32:17.199Z,pending,none,needs_research,villa serena hotel|19.2936|-69.2008,node,hotel,missingCity; missingWebsite; missingPhone
node/3216771022,OpenStreetMap,osm,ODbL,https://www.openstreetmap.org/node/3216771022,Radisson Hotel Santo Domingo,"10 Calle Presidente Gonzalez, Santo Domingo, 10124",Santo Domingo,Dominican Republic,18.4778937,-69.9287341,https://www.radisson.com/santo-domingo-hotel-do-10124/domsddr,+1 8095416226,Radisson,osm-dominican-republic-expanded-2026-05-20,2026-05-20T19:32:17.199Z,pending,none,needs_research,radisson hotel santo domingo|santo domingo|dominican republic,node,hotel,
node/3228673796,OpenStreetMap,osm,ODbL,https://www.openstreetmap.org/node/3228673796,Hostel Punta Cana,,,Dominican Republic,18.6674112,-68.4107209,,,,osm-dominican-republic-expanded-2026-05-20,2026-05-20T19:32:17.199Z,pending,none,needs_research,hostel punta cana|18.6674|-68.4107,node,hostel,missingCity; missingWebsite; missingPhone
node/3287789561,OpenStreetMap,osm,ODbL,https://www.openstreetmap.org/node/3287789561,Breathless Resort,"Km 275 Carr Uvero Alto, Playas, 23000",Playas,Dominican Republic,18.8094016,-68.5795966,,+1 809-551-0000,,osm-dominican-republic-expanded-2026-05-20,2026-05-20T19:32:17.199Z,pending,none,needs_research,breathless resort|playas|dominican republic,node,hotel,missingWebsite
node/3331904445,OpenStreetMap,osm,ODbL,https://www.openstreetmap.org/node/3331904445,Centro Ecoturistico Nalga de Maco,,,Dominican Republic,19.2451051,-71.5332854,https://es-es.facebook.com/media/set/?set=a.341349045923308.79631.155184987873049&type=3,,,osm-dominican-republic-expanded-2026-05-20,2026-05-20T19:32:17.199Z,pending,none,needs_research,centro ecoturistico nalga de maco|19.2451|-71.5333,node,hostel,missingCity; missingPhone
node/3348737439,OpenStreetMap,osm,ODbL,https://www.openstreetmap.org/node/3348737439,casa heuspedes,,,Dominican Republic,19.1150141,-70.6311801,,0895742778,,osm-dominican-republic-expanded-2026-05-20,2026-05-20T19:32:17.199Z,pending,none,needs_research,casa heuspedes|19.115|-70.6312,node,hotel,missingCity; missingWebsite
node/3354152914,OpenStreetMap,osm,ODbL,https://www.openstreetmap.org/node/3354152914,Bungalows of Las Galeras,"Main Intersection Calle Principal, Las Galeras, 32000",Las Galeras,Dominican Republic,19.2917124,-69.198647,http://bungalowsoflasgaleras.com,+809-708-7424,,osm-dominican-republic-expanded-2026-05-20,2026-05-20T19:32:17.199Z,pending,none,needs_research,bungalows of las galeras|las galeras|dominican republic,node,hotel,
node/3381376286,OpenStreetMap,osm,ODbL,https://www.openstreetmap.org/node/3381376286,Costa Caribe,,,Dominican Republic,18.4269287,-69.4123851,,,,osm-dominican-republic-expanded-2026-05-20,2026-05-20T19:32:17.199Z,pending,none,needs_research,costa caribe|18.4269|-69.4124,node,hotel,missingCity; missingWebsite; missingPhone
node/3391618918,OpenStreetMap,osm,ODbL,https://www.openstreetmap.org/node/3391618918,La Hacienda,,,Dominican Republic,19.2895294,-69.1771281,http://www.lahaciendahostel.com/,1.829.9398285,,osm-dominican-republic-expanded-2026-05-20,2026-05-20T19:32:17.199Z,pending,none,needs_research,la hacienda|19.2895|-69.1771,node,hostel,missingCity
node/3391618919,OpenStreetMap,osm,ODbL,https://www.openstreetmap.org/node/3391618919,Aparta hotel Mi Casa,,,Dominican Republic,19.6450279,-70.0751265,,,,osm-dominican-republic-expanded-2026-05-20,2026-05-20T19:32:17.199Z,pending,none,needs_research,aparta hotel mi casa|19.645|-70.0751,node,hotel,missingCity; missingWebsite; missingPhone
node/3391618928,OpenStreetMap,osm,ODbL,https://www.openstreetmap.org/node/3391618928,Hotel Central,Mario Nelson Galan,,Dominican Republic,19.1217626,-70.6420412,,809-574-2497,,osm-dominican-republic-expanded-2026-05-20,2026-05-20T19:32:17.199Z,pending,none,needs_research,hotel central|19.1218|-70.642,node,hotel,missingCity; missingWebsite
node/3391619482,OpenStreetMap,osm,ODbL,https://www.openstreetmap.org/node/3391619482,Hotel Docia,,,Dominican Republic,19.2050592,-69.3333067,https://facebook.com/profile.php?id=208183975884379,,,osm-dominican-republic-expanded-2026-05-20,2026-05-20T19:32:17.199Z,pending,none,needs_research,hotel docia|19.2051|-69.3333,node,hostel,missingCity; missingPhone
node/3396264728,OpenStreetMap,osm,ODbL,https://www.openstreetmap.org/node/3396264728,KMA Hotel,,,Dominican Republic,19.7864452,-70.6857332,,,,osm-dominican-republic-expanded-2026-05-20,2026-05-20T19:32:17.199Z,pending,none,needs_research,kma hotel|19.7864|-70.6857,node,hotel,missingCity; missingWebsite; missingPhone
node/3412619503,OpenStreetMap,osm,ODbL,https://www.openstreetmap.org/node/3412619503,Armada,,,Dominican Republic,18.4483853,-69.6051291,,,,osm-dominican-republic-expanded-2026-05-20,2026-05-20T19:32:17.199Z,pending,none,needs_research,armada|18.4484|-69.6051,node,hotel,missingCity; missingWebsite; missingPhone
node/3415002993,OpenStreetMap,osm,ODbL,https://www.openstreetmap.org/node/3415002993,Sans Souci Appartments,,,Dominican Republic,19.7515505,-70.4028424,http://sanssoucicabarete.com/,,,osm-dominican-republic-expanded-2026-05-20,2026-05-20T19:32:17.199Z,pending,none,needs_research,sans souci appartments|19.7516|-70.4028,node,hotel,missingCity; missingPhone
node/3425607182,OpenStreetMap,osm,ODbL,https://www.openstreetmap.org/node/3425607182,Monte Placido,,,Dominican Republic,19.3088026,-69.4731392,https://www.monteplacido.com/,,,osm-dominican-republic-expanded-2026-05-20,2026-05-20T19:32:17.199Z,pending,none,needs_research,monte placido|19.3088|-69.4731,node,guest_house,missingCity; missingPhone
node/3448846954,OpenStreetMap,osm,ODbL,https://www.openstreetmap.org/node/3448846954,Villa Las Palmas,"Calle Jimi Hendrix, Las Galeras",Las Galeras,Dominican Republic,19.2919589,-69.2003782,,,,osm-dominican-republic-expanded-2026-05-20,2026-05-20T19:32:17.199Z,pending,none,needs_research,villa las palmas|las galeras|dominican republic,node,motel,missingWebsite; missingPhone
node/3469337532,OpenStreetMap,osm,ODbL,https://www.openstreetmap.org/node/3469337532,Jarabacua River Club & Resort,,,Dominican Republic,19.0924647,-70.6665701,http://riverclubjarabacoa.com/,+1 809-574-2456,,osm-dominican-republic-expanded-2026-05-20,2026-05-20T19:32:17.199Z,pending,none,needs_research,jarabacua river club & resort|19.0925|-70.6666,node,hotel,missingCity
node/3471324300,OpenStreetMap,osm,ODbL,https://www.openstreetmap.org/node/3471324300,Hotelito Oasi Italiana,,,Dominican Republic,17.9581702,-71.1854601,,,,osm-dominican-republic-expanded-2026-05-20,2026-05-20T19:32:17.199Z,pending,none,needs_research,hotelito oasi italiana|17.9582|-71.1855,node,hotel,missingCity; missingWebsite; missingPhone
node/3499180062,OpenStreetMap,osm,ODbL,https://www.openstreetmap.org/node/3499180062,Residence - 4 bedrooms/baths,,,Dominican Republic,19.6118627,-70.1895741,,,,osm-dominican-republic-expanded-2026-05-20,2026-05-20T19:32:17.199Z,pending,none,needs_research,residence - 4 bedrooms/baths|19.6119|-70.1896,node,guest_house,missingCity; missingWebsite; missingPhone
node/3501119758,OpenStreetMap,osm,ODbL,https://www.openstreetmap.org/node/3501119758,Viva Dominicus Palace by Wyndham,,,Dominican Republic,18.3468544,-68.826165,https://vivaresortsbywyndham.com/viva-dominicus-palace/,,,osm-dominican-republic-expanded-2026-05-20,2026-05-20T19:32:17.199Z,pending,none,needs_research,viva dominicus palace by wyndham|18.3469|-68.8262,node,hotel,missingCity; missingPhone
node/3507207294,OpenStreetMap,osm,ODbL,https://www.openstreetmap.org/node/3507207294,"Playa Turquesa Ocean Club, Apartaments, Condos",,,Dominican Republic,18.685743,-68.416064,,,,osm-dominican-republic-expanded-2026-05-20,2026-05-20T19:32:17.199Z,pending,none,needs_research,"playa turquesa ocean club, apartaments, condos|18.6857|-68.4161",node,hotel,missingCity; missingWebsite; missingPhone
node/3507207295,OpenStreetMap,osm,ODbL,https://www.openstreetmap.org/node/3507207295,"Stanza Mare, Apartaments, Condos",,,Dominican Republic,18.683981,-68.414127,,,,osm-dominican-republic-expanded-2026-05-20,2026-05-20T19:32:17.199Z,pending,none,needs_research,"stanza mare, apartaments, condos|18.684|-68.4141",node,hotel,missingCity; missingWebsite; missingPhone
node/3523794277,OpenStreetMap,osm,ODbL,https://www.openstreetmap.org/node/3523794277,Bella Vista,"43 Avenida Doctor Fernando Arturo Defillo, Santo domingo",Santo domingo,Dominican Republic,18.4557147,-69.9468062,www.hotelbellavista.net,+1809 508 1800,,osm-dominican-republic-expanded-2026-05-20,2026-05-20T19:32:17.199Z,pending,none,needs_research,bella vista|santo domingo|dominican republic,node,hotel,
node/3562603793,OpenStreetMap,osm,ODbL,https://www.openstreetmap.org/node/3562603793,Villas San Francisco,,,Dominican Republic,19.2668873,-70.2199381,,,,osm-dominican-republic-expanded-2026-05-20,2026-05-20T19:32:17.199Z,pending,none,needs_research,villas san francisco|19.2669|-70.2199,node,hotel,missingCity; missingWebsite; missingPhone
node/3563494300,OpenStreetMap,osm,ODbL,https://www.openstreetmap.org/node/3563494300,,,,Dominican Republic,19.3510805,-69.8192701,,,,osm-dominican-republic-expanded-2026-05-20,2026-05-20T19:32:17.199Z,pending,none,needs_research,unknown|19.3511|-69.8193,node,hotel,missingName; missingCity; missingWebsite; missingPhone
node/3571267812,OpenStreetMap,osm,ODbL,https://www.openstreetmap.org/node/3571267812,Cabaña Girasoles,"San Francisco - Las Guáranas, Duarte, 33000",Duarte,Dominican Republic,19.2633826,-70.2214362,,,,osm-dominican-republic-expanded-2026-05-20,2026-05-20T19:32:17.199Z,pending,none,needs_research,cabana girasoles|duarte|dominican republic,node,hotel,missingWebsite; missingPhone
node/3589029764,OpenStreetMap,osm,ODbL,https://www.openstreetmap.org/node/3589029764,Cabañas Perla,,,Dominican Republic,19.2619651,-70.2214593,,,,osm-dominican-republic-expanded-2026-05-20,2026-05-20T19:32:17.199Z,pending,none,needs_research,cabanas perla|19.262|-70.2215,node,hotel,missingCity; missingWebsite; missingPhone
node/3613770891,OpenStreetMap,osm,ODbL,https://www.openstreetmap.org/node/3613770891,Hotel Rossy,,,Dominican Republic,18.033742,-71.7394982,,,,osm-dominican-republic-expanded-2026-05-20,2026-05-20T19:32:17.199Z,pending,none,needs_research,hotel rossy|18.0337|-71.7395,node,hotel,missingCity; missingWebsite; missingPhone
node/3677079525,OpenStreetMap,osm,ODbL,https://www.openstreetmap.org/node/3677079525,Hotel Jacaranda,,,Dominican Republic,18.9673668,-70.4137388,,,,osm-dominican-republic-expanded-2026-05-20,2026-05-20T19:32:17.199Z,pending,none,needs_research,hotel jacaranda|18.9674|-70.4137,node,hotel,missingCity; missingWebsite; missingPhone
node/3679038778,OpenStreetMap,osm,ODbL,https://www.openstreetmap.org/node/3679038778,Hotel La Casacada,,,Dominican Republic,18.8974486,-70.2690183,,,,osm-dominican-republic-expanded-2026-05-20,2026-05-20T19:32:17.199Z,pending,none,needs_research,hotel la casacada|18.8974|-70.269,node,hotel,missingCity; missingWebsite; missingPhone
node/3681551947,OpenStreetMap,osm,ODbL,https://www.openstreetmap.org/node/3681551947,Embassy Suites by Hilton,,,Dominican Republic,18.4756481,-69.9272198,,,,osm-dominican-republic-expanded-2026-05-20,2026-05-20T19:32:17.199Z,pending,none,needs_research,embassy suites by hilton|18.4756|-69.9272,node,hotel,missingCity; missingWebsite; missingPhone
node/3682839239,OpenStreetMap,osm,ODbL,https://www.openstreetmap.org/node/3682839239,Hotel Arco Iris,,,Dominican Republic,18.9054971,-70.279468,,,,osm-dominican-republic-expanded-2026-05-20,2026-05-20T19:32:17.199Z,pending,none,needs_research,hotel arco iris|18.9055|-70.2795,node,hotel,missingCity; missingWebsite; missingPhone
node/3682839259,OpenStreetMap,osm,ODbL,https://www.openstreetmap.org/node/3682839259,Hotel Banjer,,,Dominican Republic,18.9047004,-70.279527,,,,osm-dominican-republic-expanded-2026-05-20,2026-05-20T19:32:17.199Z,pending,none,needs_research,hotel banjer|18.9047|-70.2795,node,hotel,missingCity; missingWebsite; missingPhone
node/3684480772,OpenStreetMap,osm,ODbL,https://www.openstreetmap.org/node/3684480772,Villa Mariposas,,,Dominican Republic,19.3205062,-69.5430084,,,,osm-dominican-republic-expanded-2026-05-20,2026-05-20T19:32:17.199Z,pending,none,needs_research,villa mariposas|19.3205|-69.543,node,hotel,missingCity; missingWebsite; missingPhone
node/3685285263,OpenStreetMap,osm,ODbL,https://www.openstreetmap.org/node/3685285263,Aparta Hotel Lomar,,,Dominican Republic,19.7927548,-70.6783684,,,,osm-dominican-republic-expanded-2026-05-20,2026-05-20T19:32:17.199Z,pending,none,needs_research,aparta hotel lomar|19.7928|-70.6784,node,hotel,missingCity; missingWebsite; missingPhone
node/3685591775,OpenStreetMap,osm,ODbL,https://www.openstreetmap.org/node/3685591775,Puerto Plata Beach Resort,,,Dominican Republic,19.7894589,-70.6714357,,,,osm-dominican-republic-expanded-2026-05-20,2026-05-20T19:32:17.199Z,pending,none,needs_research,puerto plata beach resort|19.7895|-70.6714,node,hotel,missingCity; missingWebsite; missingPhone
node/3754705960,OpenStreetMap,osm,ODbL,https://www.openstreetmap.org/node/3754705960,Bayahibe Guest House,,,Dominican Republic,18.367656,-68.8389308,,,,osm-dominican-republic-expanded-2026-05-20,2026-05-20T19:32:17.199Z,pending,none,needs_research,bayahibe guest house|18.3677|-68.8389,node,hotel,missingCity; missingWebsite; missingPhone
node/3758021425,OpenStreetMap,osm,ODbL,https://www.openstreetmap.org/node/3758021425,Casa Rural el Paraiso de Saona,,,Dominican Republic,18.1297261,-68.7346533,,,,osm-dominican-republic-expanded-2026-05-20,2026-05-20T19:32:17.199Z,pending,none,needs_research,casa rural el paraiso de saona|18.1297|-68.7347,node,guest_house,missingCity; missingWebsite; missingPhone
node/3800719312,OpenStreetMap,osm,ODbL,https://www.openstreetmap.org/node/3800719312,La Mami River Beach Carribean House,,,Dominican Republic,17.9607729,-71.1807715,,,,osm-dominican-republic-expanded-2026-05-20,2026-05-20T19:32:17.199Z,pending,none,needs_research,la mami river beach carribean house|17.9608|-71.1808,node,hotel,missingCity; missingWebsite; missingPhone
node/3800724133,OpenStreetMap,osm,ODbL,https://www.openstreetmap.org/node/3800724133,Vista Sur,,,Dominican Republic,17.9579957,-71.1836533,,,,osm-dominican-republic-expanded-2026-05-20,2026-05-20T19:32:17.199Z,pending,none,needs_research,vista sur|17.958|-71.1837,node,hotel,missingCity; missingWebsite; missingPhone
node/3823328338,OpenStreetMap,osm,ODbL,https://www.openstreetmap.org/node/3823328338,Hotel Juan José,,,Dominican Republic,17.8997706,-71.2312254,,,,osm-dominican-republic-expanded-2026-05-20,2026-05-20T19:32:17.199Z,pending,none,needs_research,hotel juan jose|17.8998|-71.2312,node,hotel,missingCity; missingWebsite; missingPhone
node/3831572259,OpenStreetMap,osm,ODbL,https://www.openstreetmap.org/node/3831572259,Chaykovsky Boutique h,Playa Estillero,,Dominican Republic,19.3195011,-69.4516915,,+1(8097788075,Chaykovsky Boutique h,osm-dominican-republic-expanded-2026-05-20,2026-05-20T19:32:17.199Z,pending,none,needs_research,chaykovsky boutique h|19.3195|-69.4517,node,hotel,missingCity; missingWebsite
node/3977902978,OpenStreetMap,osm,ODbL,https://www.openstreetmap.org/node/3977902978,Hotel,,,Dominican Republic,18.7825536,-70.261046,,,,osm-dominican-republic-expanded-2026-05-20,2026-05-20T19:32:17.199Z,pending,none,needs_research,hotel|18.7826|-70.261,node,hotel,missingCity; missingWebsite; missingPhone
node/4014982700,OpenStreetMap,osm,ODbL,https://www.openstreetmap.org/node/4014982700,,,,Dominican Republic,18.2478771,-71.1892626,,,,osm-dominican-republic-expanded-2026-05-20,2026-05-20T19:32:17.199Z,pending,none,needs_research,unknown|18.2479|-71.1893,node,hotel,missingName; missingCity; missingWebsite; missingPhone
node/4023347101,OpenStreetMap,osm,ODbL,https://www.openstreetmap.org/node/4023347101,Excellence El Carmen,"Zona Harriers de Km5, Punta Cana, 23000",Punta Cana,Dominican Republic,18.8119463,-68.5871317,https://www.excellenceresorts.com/resorts/excellence-el-carmen/,18096855980,,osm-dominican-republic-expanded-2026-05-20,2026-05-20T19:32:17.199Z,pending,none,needs_research,excellence el carmen|punta cana|dominican republic,node,hotel,
node/4037102403,OpenStreetMap,osm,ODbL,https://www.openstreetmap.org/node/4037102403,Kasablanka,,,Dominican Republic,18.0207065,-71.1406666,,,LAS AHU ENAS,osm-dominican-republic-expanded-2026-05-20,2026-05-20T19:32:17.199Z,pending,none,needs_research,kasablanka|18.0207|-71.1407,node,guest_house,missingCity; missingWebsite; missingPhone
node/4089100900,OpenStreetMap,osm,ODbL,https://www.openstreetmap.org/node/4089100900,Hotel Belta Mar,"Avenida España, Santo Domingo",Santo Domingo,Dominican Republic,18.4687962,-69.8444762,,,,osm-dominican-republic-expanded-2026-05-20,2026-05-20T19:32:17.199Z,pending,none,needs_research,hotel belta mar|santo domingo|dominican republic,node,hotel,missingWebsite; missingPhone
node/4090479282,OpenStreetMap,osm,ODbL,https://www.openstreetmap.org/node/4090479282,Motel Ximara,André,André,Dominican Republic,18.4478916,-69.6341695,,,,osm-dominican-republic-expanded-2026-05-20,2026-05-20T19:32:17.199Z,pending,none,needs_research,motel ximara|andre|dominican republic,node,motel,missingWebsite; missingPhone
node/4105320791,OpenStreetMap,osm,ODbL,https://www.openstreetmap.org/node/4105320791,Dan y Manty's Hostel and Guesthouse,105,,Dominican Republic,19.3148624,-69.5407682,lasterrenashostels.com,+18498735742,,osm-dominican-republic-expanded-2026-05-20,2026-05-20T19:32:17.199Z,pending,none,needs_research,dan y manty's hostel and guesthouse|19.3149|-69.5408,node,guest_house,missingCity
node/4105363389,OpenStreetMap,osm,ODbL,https://www.openstreetmap.org/node/4105363389,Dan and Manty's Guesthouse and Hostel,105 Nuestra Señora del Carmen,,Dominican Republic,19.3148871,-69.5407538,lasterrenashostels.com,+18498735742,,osm-dominican-republic-expanded-2026-05-20,2026-05-20T19:32:17.199Z,pending,none,needs_research,dan and manty's guesthouse and hostel|19.3149|-69.5408,node,guest_house,missingCity
node/4114901553,OpenStreetMap,osm,ODbL,https://www.openstreetmap.org/node/4114901553,GAVA hostel,"Calle Russia, Bavaro - Punta Cana, 23000",Bavaro - Punta Cana,Dominican Republic,18.6855537,-68.4208871,,,,osm-dominican-republic-expanded-2026-05-20,2026-05-20T19:32:17.199Z,pending,none,needs_research,gava hostel|bavaro - punta cana|dominican republic,node,hostel,missingWebsite; missingPhone
node/4122705989,OpenStreetMap,osm,ODbL,https://www.openstreetmap.org/node/4122705989,Residence Paradise Hotel,15 Juan Bautista Vicini,,Dominican Republic,18.4496599,-69.6095399,,+18097055254,,osm-dominican-republic-expanded-2026-05-20,2026-05-20T19:32:17.199Z,pending,none,needs_research,residence paradise hotel|18.4497|-69.6095,node,hotel,missingCity; missingWebsite
node/4124230260,OpenStreetMap,osm,ODbL,https://www.openstreetmap.org/node/4124230260,Hotel Espinal,,,Dominican Republic,19.4527626,-70.709734,,,,osm-dominican-republic-expanded-2026-05-20,2026-05-20T19:32:17.199Z,pending,none,needs_research,hotel espinal|19.4528|-70.7097,node,hotel,missingCity; missingWebsite; missingPhone
node/4131250990,OpenStreetMap,osm,ODbL,https://www.openstreetmap.org/node/4131250990,hotel el príncipe,,,Dominican Republic,18.494392,-69.909476,,,,osm-dominican-republic-expanded-2026-05-20,2026-05-20T19:32:17.199Z,pending,none,needs_research,hotel el principe|18.4944|-69.9095,node,hotel,missingCity; missingWebsite; missingPhone
node/4162401789,OpenStreetMap,osm,ODbL,https://www.openstreetmap.org/node/4162401789,Residencial Costa Azul,Calle Rojas Alou,,Dominican Republic,18.4221923,-69.9945136,,,,osm-dominican-republic-expanded-2026-05-20,2026-05-20T19:32:17.199Z,pending,none,needs_research,residencial costa azul|18.4222|-69.9945,node,guest_house,missingCity; missingWebsite; missingPhone
node/4178501205,OpenStreetMap,osm,ODbL,https://www.openstreetmap.org/node/4178501205,Hostal Don Gregor,#74 Duarte,,Dominican Republic,18.4482138,-69.6116162,,,,osm-dominican-republic-expanded-2026-05-20,2026-05-20T19:32:17.199Z,pending,none,needs_research,hostal don gregor|18.4482|-69.6116,node,hotel,missingCity; missingWebsite; missingPhone
node/4202607890,OpenStreetMap,osm,ODbL,https://www.openstreetmap.org/node/4202607890,Villa Taina,Samaná - Puerto Plata,,Dominican Republic,19.7497256,-70.409317,,8095710722,,osm-dominican-republic-expanded-2026-05-20,2026-05-20T19:32:17.199Z,pending,none,needs_research,villa taina|19.7497|-70.4093,node,hotel,missingCity; missingWebsite
node/4207688396,OpenStreetMap,osm,ODbL,https://www.openstreetmap.org/node/4207688396,Hotel Century Plaza,,,Dominican Republic,19.4492018,-70.664905,,,,osm-dominican-republic-expanded-2026-05-20,2026-05-20T19:32:17.199Z,pending,none,needs_research,hotel century plaza|19.4492|-70.6649,node,hotel,missingCity; missingWebsite; missingPhone
node/4214843120,OpenStreetMap,osm,ODbL,https://www.openstreetmap.org/node/4214843120,El Pelicano Apart-Hotel,"Calle Jimi Hendrix, Las Galeras, 32000",Las Galeras,Dominican Republic,19.2939772,-69.2033384,https://www.elpelicanosamana.com/,+1 8099621246,,osm-dominican-republic-expanded-2026-05-20,2026-05-20T19:32:17.199Z,pending,none,needs_research,el pelicano apart-hotel|las galeras|dominican republic,node,hotel,
node/4214864111,OpenStreetMap,osm,ODbL,https://www.openstreetmap.org/node/4214864111,Las Galeras Village,"Calle a la Planta, Las Galeras, 32000",Las Galeras,Dominican Republic,19.2795593,-69.2098194,https://www.lasgalerasvillage.com/,+1-829-944-8499,Sergio Boschetti,osm-dominican-republic-expanded-2026-05-20,2026-05-20T19:32:17.199Z,pending,none,needs_research,las galeras village|las galeras|dominican republic,node,hotel,
node/4239744248,OpenStreetMap,osm,ODbL,https://www.openstreetmap.org/node/4239744248,Cofresi Palm,,,Dominican Republic,19.8187231,-70.7303509,,,,osm-dominican-republic-expanded-2026-05-20,2026-05-20T19:32:17.199Z,pending,none,needs_research,cofresi palm|19.8187|-70.7304,node,hotel,missingCity; missingWebsite; missingPhone
node/4246303893,OpenStreetMap,osm,ODbL,https://www.openstreetmap.org/node/4246303893,Cabaña Rubí,"San Francisco - Las Guáranas, Duarte, 33000",Duarte,Dominican Republic,19.2614627,-70.2214797,,,,osm-dominican-republic-expanded-2026-05-20,2026-05-20T19:32:17.199Z,pending,none,needs_research,cabana rubi|duarte|dominican republic,node,hotel,missingWebsite; missingPhone
node/4268870091,OpenStreetMap,osm,ODbL,https://www.openstreetmap.org/node/4268870091,Melia Caribe Tropical,"Playa Bavaro, 23301",,Dominican Republic,18.6735715,-68.4072849,,,,osm-dominican-republic-expanded-2026-05-20,2026-05-20T19:32:17.199Z,pending,none,needs_research,melia caribe tropical|18.6736|-68.4073,node,hotel,missingCity; missingWebsite; missingPhone
node/4291376989,OpenStreetMap,osm,ODbL,https://www.openstreetmap.org/node/4291376989,La Castilla,,,Dominican Republic,18.471584,-69.8865798,http://lacastillacolonial.com,,,osm-dominican-republic-expanded-2026-05-20,2026-05-20T19:32:17.199Z,pending,none,needs_research,la castilla|18.4716|-69.8866,node,hotel,missingCity; missingPhone
node/4317234196,OpenStreetMap,osm,ODbL,https://www.openstreetmap.org/node/4317234196,Casa Sanchez Boutique Hotel,260 Calle Sanchez,,Dominican Republic,18.4731004,-69.8890039,,,,osm-dominican-republic-expanded-2026-05-20,2026-05-20T19:32:17.199Z,pending,none,needs_research,casa sanchez boutique hotel|18.4731|-69.889,node,hotel,missingCity; missingWebsite; missingPhone
node/4331249886,OpenStreetMap,osm,ODbL,https://www.openstreetmap.org/node/4331249886,Sonido del Yaque,,,Dominican Republic,19.0774059,-70.7257795,,,,osm-dominican-republic-expanded-2026-05-20,2026-05-20T19:32:17.199Z,pending,none,needs_research,sonido del yaque|19.0774|-70.7258,node,hotel,missingCity; missingWebsite; missingPhone
node/4367302200,OpenStreetMap,osm,ODbL,https://www.openstreetmap.org/node/4367302200,Marianela,,,Dominican Republic,18.5805495,-70.767523,,,,osm-dominican-republic-expanded-2026-05-20,2026-05-20T19:32:17.199Z,pending,none,needs_research,marianela|18.5805|-70.7675,node,guest_house,missingCity; missingWebsite; missingPhone
node/4368198266,OpenStreetMap,osm,ODbL,https://www.openstreetmap.org/node/4368198266,Tubagua Plantation Eco Lodge,,,Dominican Republic,19.6796537,-70.6176838,https://www.tubagua.com/,809 6966932,,osm-dominican-republic-expanded-2026-05-20,2026-05-20T19:32:17.199Z,pending,none,needs_research,tubagua plantation eco lodge|19.6797|-70.6177,node,hotel,missingCity
node/4379236990,OpenStreetMap,osm,ODbL,https://www.openstreetmap.org/node/4379236990,Res. Las Canas,Hatillo Champaña,,Dominican Republic,18.4908731,-70.0046561,,,,osm-dominican-republic-expanded-2026-05-20,2026-05-20T19:32:17.199Z,pending,none,needs_research,res. las canas|18.4909|-70.0047,node,motel,missingCity; missingWebsite; missingPhone
node/4408964472,OpenStreetMap,osm,ODbL,https://www.openstreetmap.org/node/4408964472,Paramount Hotel 40,,,Dominican Republic,17.9579896,-71.1837581,,,,osm-dominican-republic-expanded-2026-05-20,2026-05-20T19:32:17.199Z,pending,none,needs_research,paramount hotel 40|17.958|-71.1838,node,hotel,missingCity; missingWebsite; missingPhone
node/4413183691,OpenStreetMap,osm,ODbL,https://www.openstreetmap.org/node/4413183691,El Gran Nelson,San Vincente de Paul,,Dominican Republic,18.488365,-69.8508784,,,,osm-dominican-republic-expanded-2026-05-20,2026-05-20T19:32:17.199Z,pending,none,needs_research,el gran nelson|18.4884|-69.8509,node,hotel,missingCity; missingWebsite; missingPhone
node/4414072089,OpenStreetMap,osm,ODbL,https://www.openstreetmap.org/node/4414072089,Boca Chica Beach,Dr Jose F. Peña Gomez,,Dominican Republic,18.4509343,-69.6058861,,,,osm-dominican-republic-expanded-2026-05-20,2026-05-20T19:32:17.199Z,pending,none,needs_research,boca chica beach|18.4509|-69.6059,node,hotel,missingCity; missingWebsite; missingPhone
node/4414414490,OpenStreetMap,osm,ODbL,https://www.openstreetmap.org/node/4414414490,Hotel Novus Caoba,"Estanislao Reyes, 54000",,Dominican Republic,19.5631291,-71.0723036,,8095723856,,osm-dominican-republic-expanded-2026-05-20,2026-05-20T19:32:17.199Z,pending,none,needs_research,hotel novus caoba|19.5631|-71.0723,node,hotel,missingCity; missingWebsite
node/4418061395,OpenStreetMap,osm,ODbL,https://www.openstreetmap.org/node/4418061395,Boca Chica Beach,,,Dominican Republic,18.4505184,-69.6063194,,,,osm-dominican-republic-expanded-2026-05-20,2026-05-20T19:32:17.199Z,pending,none,needs_research,boca chica beach|18.4505|-69.6063,node,hotel,missingCity; missingWebsite; missingPhone
node/4419741355,OpenStreetMap,osm,ODbL,https://www.openstreetmap.org/node/4419741355,Villa Ibiscus,Calle Chalet Tropical,,Dominican Republic,19.2951636,-69.2035488,https://www.cariway.com/,+ 1 809 9621246,,osm-dominican-republic-expanded-2026-05-20,2026-05-20T19:32:17.199Z,pending,none,needs_research,villa ibiscus|19.2952|-69.2035,node,hotel,missingCity
node/4425294491,OpenStreetMap,osm,ODbL,https://www.openstreetmap.org/node/4425294491,sea & garden realty,,,Dominican Republic,18.4514986,-69.608666,,,,osm-dominican-republic-expanded-2026-05-20,2026-05-20T19:32:17.199Z,pending,none,needs_research,sea & garden realty|18.4515|-69.6087,node,hotel,missingCity; missingWebsite; missingPhone
node/4425298692,OpenStreetMap,osm,ODbL,https://www.openstreetmap.org/node/4425298692,hotel magic tropical,jose de Jesús lutriano,,Dominican Republic,18.4511922,-69.6079223,,(809) 523-4254,,osm-dominican-republic-expanded-2026-05-20,2026-05-20T19:32:17.199Z,pending,none,needs_research,hotel magic tropical|18.4512|-69.6079,node,hotel,missingCity; missingWebsite
node/4429212789,OpenStreetMap,osm,ODbL,https://www.openstreetmap.org/node/4429212789,Tahiti Apartahotel,51000,,Dominican Republic,19.4354294,-70.6302069,,,,osm-dominican-republic-expanded-2026-05-20,2026-05-20T19:32:17.199Z,pending,none,needs_research,tahiti apartahotel|19.4354|-70.6302,node,hotel,missingCity; missingWebsite; missingPhone
node/4438429730,OpenStreetMap,osm,ODbL,https://www.openstreetmap.org/node/4438429730,Villa Ixora,Calle Chalet Tropical,,Dominican Republic,19.2952241,-69.2041005,https://www.cariway.com/,+1 809 962 1246,,osm-dominican-republic-expanded-2026-05-20,2026-05-20T19:32:17.199Z,pending,none,needs_research,villa ixora|19.2952|-69.2041,node,hotel,missingCity
node/4438479511,OpenStreetMap,osm,ODbL,https://www.openstreetmap.org/node/4438479511,Villa Flamboyan,Calle Chalet Tropical,,Dominican Republic,19.2952278,-69.2039663,https://www.cariway.com/,+1 809 9621246,,osm-dominican-republic-expanded-2026-05-20,2026-05-20T19:32:17.199Z,pending,none,needs_research,villa flamboyan|19.2952|-69.204,node,hotel,missingCity
node/4438479996,OpenStreetMap,osm,ODbL,https://www.openstreetmap.org/node/4438479996,Jasmine La Playita,Calle Chalet Tropical,,Dominican Republic,19.2952278,-69.203918,https://www.cariway.com/,+1 809 962 1246,,osm-dominican-republic-expanded-2026-05-20,2026-05-20T19:32:17.199Z,pending,none,needs_research,jasmine la playita|19.2952|-69.2039,node,hotel,missingCity
node/4438901904,OpenStreetMap,osm,ODbL,https://www.openstreetmap.org/node/4438901904,Aparta Hotel Losta Linda,1 Abrahan Ñuñez,,Dominican Republic,18.4474494,-69.6084,,,,osm-dominican-republic-expanded-2026-05-20,2026-05-20T19:32:17.199Z,pending,none,needs_research,aparta hotel losta linda|18.4474|-69.6084,node,hotel,missingCity; missingWebsite; missingPhone
node/4439105995,OpenStreetMap,osm,ODbL,https://www.openstreetmap.org/node/4439105995,CARIBE TROPICAL & PRINCESS,,,Dominican Republic,18.7004206,-68.4444265,,,,osm-dominican-republic-expanded-2026-05-20,2026-05-20T19:32:17.199Z,pending,none,needs_research,caribe tropical & princess|18.7004|-68.4444,node,hotel,missingCity; missingWebsite; missingPhone
node/4449225891,OpenStreetMap,osm,ODbL,https://www.openstreetmap.org/node/4449225891,Mi Frontera,,,Dominican Republic,18.0325564,-71.7335373,,,,osm-dominican-republic-expanded-2026-05-20,2026-05-20T19:32:17.199Z,pending,none,needs_research,mi frontera|18.0326|-71.7335,node,hotel,missingCity; missingWebsite; missingPhone
node/4455315990,OpenStreetMap,osm,ODbL,https://www.openstreetmap.org/node/4455315990,Hotel Valle Nuevo,Calle Gratereaux,,Dominican Republic,18.9046306,-70.7459359,,,,osm-dominican-republic-expanded-2026-05-20,2026-05-20T19:32:17.199Z,pending,none,needs_research,hotel valle nuevo|18.9046|-70.7459,node,hotel,missingCity; missingWebsite; missingPhone
node/4463815191,OpenStreetMap,osm,ODbL,https://www.openstreetmap.org/node/4463815191,El Viajante,,,Dominican Republic,18.5947169,-68.4533731,,,,osm-dominican-republic-expanded-2026-05-20,2026-05-20T19:32:17.199Z,pending,none,needs_research,el viajante|18.5947|-68.4534,node,hotel,missingCity; missingWebsite; missingPhone
node/4476137645,OpenStreetMap,osm,ODbL,https://www.openstreetmap.org/node/4476137645,Chronos Aparta Hotel,,,Dominican Republic,19.4784768,-70.5980413,,,,osm-dominican-republic-expanded-2026-05-20,2026-05-20T19:32:17.199Z,pending,none,needs_research,chronos aparta hotel|19.4785|-70.598,node,hotel,missingCity; missingWebsite; missingPhone
node/4478889890,OpenStreetMap,osm,ODbL,https://www.openstreetmap.org/node/4478889890,hotel,,,Dominican Republic,18.4065303,-70.14834,,,,osm-dominican-republic-expanded-2026-05-20,2026-05-20T19:32:17.199Z,pending,none,needs_research,hotel|18.4065|-70.1483,node,hotel,missingCity; missingWebsite; missingPhone
node/4481983591,OpenStreetMap,osm,ODbL,https://www.openstreetmap.org/node/4481983591,Casa de Evans,"8095709040 Calle Real Tamboril, 51500",,Dominican Republic,19.4855884,-70.6095432,,,,osm-dominican-republic-expanded-2026-05-20,2026-05-20T19:32:17.199Z,pending,none,needs_research,casa de evans|19.4856|-70.6095,node,guest_house,missingCity; missingWebsite; missingPhone
node/4483195390,OpenStreetMap,osm,ODbL,https://www.openstreetmap.org/node/4483195390,kapi,,,Dominican Republic,18.4530237,-69.604337,,,,osm-dominican-republic-expanded-2026-05-20,2026-05-20T19:32:17.199Z,pending,none,needs_research,kapi|18.453|-69.6043,node,motel,missingCity; missingWebsite; missingPhone
node/4494584099,OpenStreetMap,osm,ODbL,https://www.openstreetmap.org/node/4494584099,La Estancia Golf Resort,,,Dominican Republic,18.4415076,-68.8654727,,,,osm-dominican-republic-expanded-2026-05-20,2026-05-20T19:32:17.199Z,pending,none,needs_research,la estancia golf resort|18.4415|-68.8655,node,hotel,missingCity; missingWebsite; missingPhone
node/4511839291,OpenStreetMap,osm,ODbL,https://www.openstreetmap.org/node/4511839291,Yonu,,,Dominican Republic,18.5965498,-68.4433022,,,,osm-dominican-republic-expanded-2026-05-20,2026-05-20T19:32:17.199Z,pending,none,needs_research,yonu|18.5965|-68.4433,node,hotel,missingCity; missingWebsite; missingPhone
node/4543399590,OpenStreetMap,osm,ODbL,https://www.openstreetmap.org/node/4543399590,Mi casa,,,Dominican Republic,18.2043478,-71.0929643,,,,osm-dominican-republic-expanded-2026-05-20,2026-05-20T19:32:17.199Z,pending,none,needs_research,mi casa|18.2043|-71.093,node,guest_house,missingCity; missingWebsite; missingPhone
node/4557149392,OpenStreetMap,osm,ODbL,https://www.openstreetmap.org/node/4557149392,14 de junio,,,Dominican Republic,18.9111596,-70.7458209,,,,osm-dominican-republic-expanded-2026-05-20,2026-05-20T19:32:17.199Z,pending,none,needs_research,14 de junio|18.9112|-70.7458,node,hotel,missingCity; missingWebsite; missingPhone
node/4559226076,OpenStreetMap,osm,ODbL,https://www.openstreetmap.org/node/4559226076,Centro Educativo Albergue Divino Niño Jesús,,,Dominican Republic,18.5229235,-69.865567,,,,osm-dominican-republic-expanded-2026-05-20,2026-05-20T19:32:17.199Z,pending,none,needs_research,centro educativo albergue divino nino jesus|18.5229|-69.8656,node,hostel,missingCity; missingWebsite; missingPhone
node/4573520294,OpenStreetMap,osm,ODbL,https://www.openstreetmap.org/node/4573520294,El Mundo del Amor,,,Dominican Republic,18.4972844,-69.9220089,,,,osm-dominican-republic-expanded-2026-05-20,2026-05-20T19:32:17.199Z,pending,none,needs_research,el mundo del amor|18.4973|-69.922,node,hotel,missingCity; missingWebsite; missingPhone
node/4574256090,OpenStreetMap,osm,ODbL,https://www.openstreetmap.org/node/4574256090,Res. Kamila,14 Viento Mistral,,Dominican Republic,18.4330214,-69.9721399,,,,osm-dominican-republic-expanded-2026-05-20,2026-05-20T19:32:17.199Z,pending,none,needs_research,res. kamila|18.433|-69.9721,node,guest_house,missingCity; missingWebsite; missingPhone
node/4574256989,OpenStreetMap,osm,ODbL,https://www.openstreetmap.org/node/4574256989,Res. Porto Bello,Avenida República De Argentina,,Dominican Republic,19.4507747,-70.6776376,,,,osm-dominican-republic-expanded-2026-05-20,2026-05-20T19:32:17.199Z,pending,none,needs_research,res. porto bello|19.4508|-70.6776,node,guest_house,missingCity; missingWebsite; missingPhone
node/4576227595,OpenStreetMap,osm,ODbL,https://www.openstreetmap.org/node/4576227595,fata morgana,,,Dominican Republic,19.3083697,-69.5530541,http://fatamorganalasterrenas.com,8098365541,Edit de jong,osm-dominican-republic-expanded-2026-05-20,2026-05-20T19:32:17.199Z,pending,none,needs_research,fata morgana|19.3084|-69.5531,node,hotel,missingCity
node/4580475290,OpenStreetMap,osm,ODbL,https://www.openstreetmap.org/node/4580475290,Las Galeras Island Hostel,,,Dominican Republic,19.2792321,-69.2020456,http://tropicalislandbb.com/LasGalerasIslandHostel.htm,8292762592,Jose Miguel,osm-dominican-republic-expanded-2026-05-20,2026-05-20T19:32:17.199Z,pending,none,needs_research,las galeras island hostel|19.2792|-69.202,node,hostel,missingCity
node/4581697230,OpenStreetMap,osm,ODbL,https://www.openstreetmap.org/node/4581697230,Kite Boarding School Cabarete,Samaná - Puerto Plata,,Dominican Republic,19.7626757,-70.4220309,,,,osm-dominican-republic-expanded-2026-05-20,2026-05-20T19:32:17.199Z,pending,none,needs_research,kite boarding school cabarete|19.7627|-70.422,node,hotel,missingCity; missingWebsite; missingPhone
node/4590090189,OpenStreetMap,osm,ODbL,https://www.openstreetmap.org/node/4590090189,Fairways Residency,,,Dominican Republic,19.3093,-69.5538,,,,osm-dominican-republic-expanded-2026-05-20,2026-05-20T19:32:17.199Z,pending,none,needs_research,fairways residency|19.3093|-69.5538,node,apartment,missingCity; missingWebsite; missingPhone
node/4590930889,OpenStreetMap,osm,ODbL,https://www.openstreetmap.org/node/4590930889,Defensa civil,,,Dominican Republic,18.9393312,-70.4019513,,,,osm-dominican-republic-expanded-2026-05-20,2026-05-20T19:32:17.199Z,pending,none,needs_research,defensa civil|18.9393|-70.402,node,guest_house,missingCity; missingWebsite; missingPhone
node/4595203289,OpenStreetMap,osm,ODbL,https://www.openstreetmap.org/node/4595203289,Apartamento,,,Dominican Republic,18.9232148,-70.4154151,,,,osm-dominican-republic-expanded-2026-05-20,2026-05-20T19:32:17.199Z,pending,none,needs_research,apartamento|18.9232|-70.4154,node,guest_house,missingCity; missingWebsite; missingPhone
node/4599759989,OpenStreetMap,osm,ODbL,https://www.openstreetmap.org/node/4599759989,Chino Restaurant & Hotel,,,Dominican Republic,19.2052717,-69.3329586,,,,osm-dominican-republic-expanded-2026-05-20,2026-05-20T19:32:17.199Z,pending,none,needs_research,chino restaurant & hotel|19.2053|-69.333,node,hotel,missingCity; missingWebsite; missingPhone
node/4602678989,OpenStreetMap,osm,ODbL,https://www.openstreetmap.org/node/4602678989,Villa Alegría,7,,Dominican Republic,18.4104046,-68.9003023,,,,osm-dominican-republic-expanded-2026-05-20,2026-05-20T19:32:17.199Z,pending,none,needs_research,villa alegria|18.4104|-68.9003,node,guest_house,missingCity; missingWebsite; missingPhone
node/4610643992,OpenStreetMap,osm,ODbL,https://www.openstreetmap.org/node/4610643992,Hotel Kaoba,,,Dominican Republic,19.7492994,-70.410094,,,,osm-dominican-republic-expanded-2026-05-20,2026-05-20T19:32:17.199Z,pending,none,needs_research,hotel kaoba|19.7493|-70.4101,node,hotel,missingCity; missingWebsite; missingPhone
node/4621194789,OpenStreetMap,osm,ODbL,https://www.openstreetmap.org/node/4621194789,,,,Dominican Republic,19.7672338,-70.5106997,,,,osm-dominican-republic-expanded-2026-05-20,2026-05-20T19:32:17.199Z,pending,none,needs_research,unknown|19.7672|-70.5107,node,hotel,missingName; missingCity; missingWebsite; missingPhone
node/4638810890,OpenStreetMap,osm,ODbL,https://www.openstreetmap.org/node/4638810890,La Isabela,Los Hidalgos - Villa Isabela,,Dominican Republic,19.8238377,-71.0569574,,,,osm-dominican-republic-expanded-2026-05-20,2026-05-20T19:32:17.199Z,pending,none,needs_research,la isabela|19.8238|-71.057,node,hotel,missingCity; missingWebsite; missingPhone
node/4660748798,OpenStreetMap,osm,ODbL,https://www.openstreetmap.org/node/4660748798,Grand Bahia Principe Bavaro,,,Dominican Republic,18.721967,-68.4658096,,,,osm-dominican-republic-expanded-2026-05-20,2026-05-20T19:32:17.199Z,pending,none,needs_research,grand bahia principe bavaro|18.722|-68.4658,node,hotel,missingCity; missingWebsite; missingPhone
node/4660748808,OpenStreetMap,osm,ODbL,https://www.openstreetmap.org/node/4660748808,Grand Bahia Principe Aquamarine,,,Dominican Republic,18.7253891,-68.4640801,,,,osm-dominican-republic-expanded-2026-05-20,2026-05-20T19:32:17.199Z,pending,none,needs_research,grand bahia principe aquamarine|18.7254|-68.4641,node,hotel,missingCity; missingWebsite; missingPhone
node/4665843493,OpenStreetMap,osm,ODbL,https://www.openstreetmap.org/node/4665843493,Maunaloa Hotel y casino,,,Dominican Republic,18.4465038,-69.9286413,,,,osm-dominican-republic-expanded-2026-05-20,2026-05-20T19:32:17.199Z,pending,none,needs_research,maunaloa hotel y casino|18.4465|-69.9286,node,hotel,missingCity; missingWebsite; missingPhone
node/4674062489,OpenStreetMap,osm,ODbL,https://www.openstreetmap.org/node/4674062489,hotel Navarro,,,Dominican Republic,18.4656059,-69.8968155,,,,osm-dominican-republic-expanded-2026-05-20,2026-05-20T19:32:17.199Z,pending,none,needs_research,hotel navarro|18.4656|-69.8968,node,hotel,missingCity; missingWebsite; missingPhone
node/4687866270,OpenStreetMap,osm,ODbL,https://www.openstreetmap.org/node/4687866270,Villa Diana,,,Dominican Republic,19.2936587,-69.2034026,https://www.cariway.com/,+1 809 9621246,,osm-dominican-republic-expanded-2026-05-20,2026-05-20T19:32:17.199Z,pending,none,needs_research,villa diana|19.2937|-69.2034,node,hotel,missingCity
node/4687868978,OpenStreetMap,osm,ODbL,https://www.openstreetmap.org/node/4687868978,Villa Maxime,Calle Chalet Tropical,,Dominican Republic,19.2952162,-69.2040274,https://www.cariway.com/,+18099621246,,osm-dominican-republic-expanded-2026-05-20,2026-05-20T19:32:17.199Z,pending,none,needs_research,villa maxime|19.2952|-69.204,node,hotel,missingCity
node/4694290991,OpenStreetMap,osm,ODbL,https://www.openstreetmap.org/node/4694290991,Aunt's House,,,Dominican Republic,18.4826337,-69.8352688,,,,osm-dominican-republic-expanded-2026-05-20,2026-05-20T19:32:17.199Z,pending,none,needs_research,aunt's house|18.4826|-69.8353,node,guest_house,missingCity; missingWebsite; missingPhone
node/4696009189,OpenStreetMap,osm,ODbL,https://www.openstreetmap.org/node/4696009189,Miyoue's House,,,Dominican Republic,18.4789538,-69.7787572,,,,osm-dominican-republic-expanded-2026-05-20,2026-05-20T19:32:17.199Z,pending,none,needs_research,miyoue's house|18.479|-69.7788,node,guest_house,missingCity; missingWebsite; missingPhone
node/4698253090,OpenStreetMap,osm,ODbL,https://www.openstreetmap.org/node/4698253090,El Caribeño,,,Dominican Republic,18.4839593,-69.8927067,,,,osm-dominican-republic-expanded-2026-05-20,2026-05-20T19:32:17.199Z,pending,none,needs_research,el caribeno|18.484|-69.8927,node,hotel,missingCity; missingWebsite; missingPhone
node/4699506992,OpenStreetMap,osm,ODbL,https://www.openstreetmap.org/node/4699506992,La casa,809-736-1379,,Dominican Republic,19.4630218,-70.6420425,,8097361379,,osm-dominican-republic-expanded-2026-05-20,2026-05-20T19:32:17.199Z,pending,none,needs_research,la casa|19.463|-70.642,node,guest_house,missingCity; missingWebsite
node/4702442791,OpenStreetMap,osm,ODbL,https://www.openstreetmap.org/node/4702442791,El Caribeño,,,Dominican Republic,18.4840603,-69.8926889,,,,osm-dominican-republic-expanded-2026-05-20,2026-05-20T19:32:17.199Z,pending,none,needs_research,el caribeno|18.4841|-69.8927,node,hotel,missingCity; missingWebsite; missingPhone
node/4712643689,OpenStreetMap,osm,ODbL,https://www.openstreetmap.org/node/4712643689,Moricete House,2 Calle Palma,,Dominican Republic,18.514577,-70.0043174,,,,osm-dominican-republic-expanded-2026-05-20,2026-05-20T19:32:17.199Z,pending,none,needs_research,moricete house|18.5146|-70.0043,node,guest_house,missingCity; missingWebsite; missingPhone
node/4713495592,OpenStreetMap,osm,ODbL,https://www.openstreetmap.org/node/4713495592,Casa edwardp,#56 Carretera Don Pedro,,Dominican Republic,19.4621414,-70.6425954,,8097361379,,osm-dominican-republic-expanded-2026-05-20,2026-05-20T19:32:17.199Z,pending,none,needs_research,casa edwardp|19.4621|-70.6426,node,guest_house,missingCity; missingWebsite
node/4713682901,OpenStreetMap,osm,ODbL,https://www.openstreetmap.org/node/4713682901,Brisas de la Montaña,Federico Basilis,,Dominican Republic,19.1435679,-70.6098986,,,,osm-dominican-republic-expanded-2026-05-20,2026-05-20T19:32:17.199Z,pending,none,needs_research,brisas de la montana|19.1436|-70.6099,node,motel,missingCity; missingWebsite; missingPhone
node/4713827691,OpenStreetMap,osm,ODbL,https://www.openstreetmap.org/node/4713827691,Hotel Brisas del Yaque,Pelegrina Herrera,,Dominican Republic,19.1233074,-70.6430204,,,,osm-dominican-republic-expanded-2026-05-20,2026-05-20T19:32:17.199Z,pending,none,needs_research,hotel brisas del yaque|19.1233|-70.643,node,hotel,missingCity; missingWebsite; missingPhone
node/4715193291,OpenStreetMap,osm,ODbL,https://www.openstreetmap.org/node/4715193291,Francis house,,,Dominican Republic,18.4513563,-69.6509908,,,,osm-dominican-republic-expanded-2026-05-20,2026-05-20T19:32:17.199Z,pending,none,needs_research,francis house|18.4514|-69.651,node,guest_house,missingCity; missingWebsite; missingPhone
node/4719222390,OpenStreetMap,osm,ODbL,https://www.openstreetmap.org/node/4719222390,Glamourus Salon de eventos,,,Dominican Republic,19.4619796,-70.6542295,,,,osm-dominican-republic-expanded-2026-05-20,2026-05-20T19:32:17.199Z,pending,none,needs_research,glamourus salon de eventos|19.462|-70.6542,node,guest_house,missingCity; missingWebsite; missingPhone
node/4719780492,OpenStreetMap,osm,ODbL,https://www.openstreetmap.org/node/4719780492,Dany's House,,,Dominican Republic,18.5439138,-69.9067057,,,,osm-dominican-republic-expanded-2026-05-20,2026-05-20T19:32:17.199Z,pending,none,needs_research,dany's house|18.5439|-69.9067,node,guest_house,missingCity; missingWebsite; missingPhone
node/4719836692,OpenStreetMap,osm,ODbL,https://www.openstreetmap.org/node/4719836692,Hantz 's House,,,Dominican Republic,18.4603804,-69.9796638,,,,osm-dominican-republic-expanded-2026-05-20,2026-05-20T19:32:17.199Z,pending,none,needs_research,hantz 's house|18.4604|-69.9797,node,guest_house,missingCity; missingWebsite; missingPhone
node/4721514190,OpenStreetMap,osm,ODbL,https://www.openstreetmap.org/node/4721514190,tolentino PN,,,Dominican Republic,18.4685429,-69.682238,,,,osm-dominican-republic-expanded-2026-05-20,2026-05-20T19:32:17.199Z,pending,none,needs_research,tolentino pn|18.4685|-69.6822,node,guest_house,missingCity; missingWebsite; missingPhone
node/4724610560,OpenStreetMap,osm,ODbL,https://www.openstreetmap.org/node/4724610560,Villa Caribeña,,,Dominican Republic,19.2936306,-69.2014923,https://www.cariway.com/,+1 809 962 1246,,osm-dominican-republic-expanded-2026-05-20,2026-05-20T19:32:17.199Z,pending,none,needs_research,villa caribena|19.2936|-69.2015,node,hotel,missingCity
node/4725033690,OpenStreetMap,osm,ODbL,https://www.openstreetmap.org/node/4725033690,Esmeralda,,,Dominican Republic,18.4630715,-69.9110295,,,,osm-dominican-republic-expanded-2026-05-20,2026-05-20T19:32:17.199Z,pending,none,needs_research,esmeralda|18.4631|-69.911,node,hotel,missingCity; missingWebsite; missingPhone
node/4728384589,OpenStreetMap,osm,ODbL,https://www.openstreetmap.org/node/4728384589,Cabañas Turísticas Dominicantica Spanish,Sabaneta - Villa Los Almácigos,,Dominican Republic,19.4611728,-71.3606088,,,,osm-dominican-republic-expanded-2026-05-20,2026-05-20T19:32:17.199Z,pending,none,needs_research,cabanas turisticas dominicantica spanish|19.4612|-71.3606,node,motel,missingCity; missingWebsite; missingPhone
node/4734649323,OpenStreetMap,osm,ODbL,https://www.openstreetmap.org/node/4734649323,Punta Rucia Lodge,A Punta Rucia,,Dominican Republic,19.8496291,-71.2126079,,8498588400,,osm-dominican-republic-expanded-2026-05-20,2026-05-20T19:32:17.199Z,pending,none,needs_research,punta rucia lodge|19.8496|-71.2126,node,hotel,missingCity; missingWebsite
node/4737380481,OpenStreetMap,osm,ODbL,https://www.openstreetmap.org/node/4737380481,Hotel Puerto Plaza,,,Dominican Republic,19.3213841,-69.5407231,,,,osm-dominican-republic-expanded-2026-05-20,2026-05-20T19:32:17.199Z,pending,none,needs_research,hotel puerto plaza|19.3214|-69.5407,node,hotel,missingCity; missingWebsite; missingPhone
node/4739029122,OpenStreetMap,osm,ODbL,https://www.openstreetmap.org/node/4739029122,Sol Azul,,,Dominican Republic,19.2902953,-69.1977803,,,,osm-dominican-republic-expanded-2026-05-20,2026-05-20T19:32:17.199Z,pending,none,needs_research,sol azul|19.2903|-69.1978,node,hotel,missingCity; missingWebsite; missingPhone
node/4740698628,OpenStreetMap,osm,ODbL,https://www.openstreetmap.org/node/4740698628,Hotel sol de verano,,,Dominican Republic,18.5000107,-69.910898,,,,osm-dominican-republic-expanded-2026-05-20,2026-05-20T19:32:17.199Z,pending,none,needs_research,hotel sol de verano|18.5|-69.9109,node,hotel,missingCity; missingWebsite; missingPhone
node/4742281821,OpenStreetMap,osm,ODbL,https://www.openstreetmap.org/node/4742281821,Barrio los quemao bonao,Doctor Jose Francisco Pena Gomez,,Dominican Republic,18.8892884,-70.457728,,,,osm-dominican-republic-expanded-2026-05-20,2026-05-20T19:32:17.199Z,pending,none,needs_research,barrio los quemao bonao|18.8893|-70.4577,node,guest_house,missingCity; missingWebsite; missingPhone
node/4744188329,OpenStreetMap,osm,ODbL,https://www.openstreetmap.org/node/4744188329,La cueva,,,Dominican Republic,19.2777605,-69.1985518,,,,osm-dominican-republic-expanded-2026-05-20,2026-05-20T19:32:17.199Z,pending,none,needs_research,la cueva|19.2778|-69.1986,node,guest_house,missingCity; missingWebsite; missingPhone
node/4744190221,OpenStreetMap,osm,ODbL,https://www.openstreetmap.org/node/4744190221,Estancia Principe,Avenida Duarte,,Dominican Republic,19.8873207,-70.9649744,,,,osm-dominican-republic-expanded-2026-05-20,2026-05-20T19:32:17.199Z,pending,none,needs_research,estancia principe|19.8873|-70.965,node,hotel,missingCity; missingWebsite; missingPhone
node/4744190223,OpenStreetMap,osm,ODbL,https://www.openstreetmap.org/node/4744190223,Laguna Park Hostel,,,Dominican Republic,19.7446176,-70.4076488,,,,osm-dominican-republic-expanded-2026-05-20,2026-05-20T19:32:17.199Z,pending,none,needs_research,laguna park hostel|19.7446|-70.4076,node,hostel,missingCity; missingWebsite; missingPhone
node/4744190224,OpenStreetMap,osm,ODbL,https://www.openstreetmap.org/node/4744190224,La iguana,,,Dominican Republic,18.5696014,-71.7268985,,,,osm-dominican-republic-expanded-2026-05-20,2026-05-20T19:32:17.199Z,pending,none,needs_research,la iguana|18.5696|-71.7269,node,hotel,missingCity; missingWebsite; missingPhone
node/4750810422,OpenStreetMap,osm,ODbL,https://www.openstreetmap.org/node/4750810422,,,,Dominican Republic,18.5541911,-69.9434905,,,,osm-dominican-republic-expanded-2026-05-20,2026-05-20T19:32:17.199Z,pending,none,needs_research,unknown|18.5542|-69.9435,node,hotel,missingName; missingCity; missingWebsite; missingPhone
node/4753601222,OpenStreetMap,osm,ODbL,https://www.openstreetmap.org/node/4753601222,Palmetto Hotel,132 Juan Pablo Duarte,,Dominican Republic,19.4588138,-70.6803243,,8092414821,,osm-dominican-republic-expanded-2026-05-20,2026-05-20T19:32:17.199Z,pending,none,needs_research,palmetto hotel|19.4588|-70.6803,node,hotel,missingCity; missingWebsite
node/4756073823,OpenStreetMap,osm,ODbL,https://www.openstreetmap.org/node/4756073823,Solazul,,,Dominican Republic,19.2902411,-69.1975967,http://www.elsolazul.com,+1829-882-8790,,osm-dominican-republic-expanded-2026-05-20,2026-05-20T19:32:17.199Z,pending,none,needs_research,solazul|19.2902|-69.1976,node,guest_house,missingCity
node/4756935032,OpenStreetMap,osm,ODbL,https://www.openstreetmap.org/node/4756935032,Sassoue 's House,,,Dominican Republic,18.4604152,-69.9809856,,,,osm-dominican-republic-expanded-2026-05-20,2026-05-20T19:32:17.199Z,pending,none,needs_research,sassoue 's house|18.4604|-69.981,node,guest_house,missingCity; missingWebsite; missingPhone
node/4768918344,OpenStreetMap,osm,ODbL,https://www.openstreetmap.org/node/4768918344,Llave Del Mar Hotel,,,Dominican Republic,18.3688888,-68.8390795,,,,osm-dominican-republic-expanded-2026-05-20,2026-05-20T19:32:17.199Z,pending,none,needs_research,llave del mar hotel|18.3689|-68.8391,node,hotel,missingCity; missingWebsite; missingPhone
node/4777950921,OpenStreetMap,osm,ODbL,https://www.openstreetmap.org/node/4777950921,Maria 's House,,,Dominican Republic,18.486928,-69.8253787,,,,osm-dominican-republic-expanded-2026-05-20,2026-05-20T19:32:17.199Z,pending,none,needs_research,maria 's house|18.4869|-69.8254,node,guest_house,missingCity; missingWebsite; missingPhone
node/4785388022,OpenStreetMap,osm,ODbL,https://www.openstreetmap.org/node/4785388022,Sol Azul,,,Dominican Republic,19.2901024,-69.197649,http://www.elsolazul.com,,,osm-dominican-republic-expanded-2026-05-20,2026-05-20T19:32:17.199Z,pending,none,needs_research,sol azul|19.2901|-69.1976,node,guest_house,missingCity; missingPhone
node/4787082928,OpenStreetMap,osm,ODbL,https://www.openstreetmap.org/node/4787082928,Maria ' s House,,,Dominican Republic,18.485645,-69.8224795,,,,osm-dominican-republic-expanded-2026-05-20,2026-05-20T19:32:17.199Z,pending,none,needs_research,maria ' s house|18.4856|-69.8225,node,guest_house,missingCity; missingWebsite; missingPhone
node/4787293524,OpenStreetMap,osm,ODbL,https://www.openstreetmap.org/node/4787293524,Villa Baya,,,Dominican Republic,18.3683538,-68.8382337,,,,osm-dominican-republic-expanded-2026-05-20,2026-05-20T19:32:17.199Z,pending,none,needs_research,villa baya|18.3684|-68.8382,node,hotel,missingCity; missingWebsite; missingPhone
node/4788290621,OpenStreetMap,osm,ODbL,https://www.openstreetmap.org/node/4788290621,Todo blanco,,,Dominican Republic,19.2916675,-69.1966238,,,,osm-dominican-republic-expanded-2026-05-20,2026-05-20T19:32:17.199Z,pending,none,needs_research,todo blanco|19.2917|-69.1966,node,hotel,missingCity; missingWebsite; missingPhone
node/4790764821,OpenStreetMap,osm,ODbL,https://www.openstreetmap.org/node/4790764821,Casa bella caribe,,,Dominican Republic,18.3677587,-68.8361046,,,,osm-dominican-republic-expanded-2026-05-20,2026-05-20T19:32:17.199Z,pending,none,needs_research,casa bella caribe|18.3678|-68.8361,node,hotel,missingCity; missingWebsite; missingPhone
node/4793271688,OpenStreetMap,osm,ODbL,https://www.openstreetmap.org/node/4793271688,White Sands Aparta Hotel,,,Dominican Republic,18.6685025,-68.4041836,,,,osm-dominican-republic-expanded-2026-05-20,2026-05-20T19:32:17.199Z,pending,none,needs_research,white sands aparta hotel|18.6685|-68.4042,node,hotel,missingCity; missingWebsite; missingPhone
node/4794193227,OpenStreetMap,osm,ODbL,https://www.openstreetmap.org/node/4794193227,Don Olivo,,,Dominican Republic,18.7579362,-69.245931,,,,osm-dominican-republic-expanded-2026-05-20,2026-05-20T19:32:17.199Z,pending,none,needs_research,don olivo|18.7579|-69.2459,node,hotel,missingCity; missingWebsite; missingPhone
node/4819701721,OpenStreetMap,osm,ODbL,https://www.openstreetmap.org/node/4819701721,Home,,,Dominican Republic,18.4600336,-69.9750993,,,,osm-dominican-republic-expanded-2026-05-20,2026-05-20T19:32:17.199Z,pending,none,needs_research,home|18.46|-69.9751,node,guest_house,missingCity; missingWebsite; missingPhone
node/4840627721,OpenStreetMap,osm,ODbL,https://www.openstreetmap.org/node/4840627721,Eco hotel Centro Verde,,,Dominican Republic,19.238806,-71.525251,,,,osm-dominican-republic-expanded-2026-05-20,2026-05-20T19:32:17.199Z,pending,none,needs_research,eco hotel centro verde|19.2388|-71.5253,node,guest_house,missingCity; missingWebsite; missingPhone
node/4844011423,OpenStreetMap,osm,ODbL,https://www.openstreetmap.org/node/4844011423,White Sands B&B,Espinal 2 Playa Bavaro,,Dominican Republic,18.6683749,-68.4041222,,8095046206,Lance & Marianna,osm-dominican-republic-expanded-2026-05-20,2026-05-20T19:32:17.199Z,pending,none,needs_research,white sands b&b|18.6684|-68.4041,node,hotel,missingCity; missingWebsite
node/4850900022,OpenStreetMap,osm,ODbL,https://www.openstreetmap.org/node/4850900022,Bayahibe Guest House,,,Dominican Republic,18.3668985,-68.8395798,,,,osm-dominican-republic-expanded-2026-05-20,2026-05-20T19:32:17.199Z,pending,none,needs_research,bayahibe guest house|18.3669|-68.8396,node,guest_house,missingCity; missingWebsite; missingPhone
node/4854224822,OpenStreetMap,osm,ODbL,https://www.openstreetmap.org/node/4854224822,,Calle 18,,Dominican Republic,18.463741,-69.6827541,,,,osm-dominican-republic-expanded-2026-05-20,2026-05-20T19:32:17.199Z,pending,none,needs_research,unknown|18.4637|-69.6828,node,guest_house,missingName; missingCity; missingWebsite; missingPhone
node/4856382922,OpenStreetMap,osm,ODbL,https://www.openstreetmap.org/node/4856382922,Cutty's House,,,Dominican Republic,18.4606422,-69.9787553,,,,osm-dominican-republic-expanded-2026-05-20,2026-05-20T19:32:17.199Z,pending,none,needs_research,cutty's house|18.4606|-69.9788,node,guest_house,missingCity; missingWebsite; missingPhone
node/4864427224,OpenStreetMap,osm,ODbL,https://www.openstreetmap.org/node/4864427224,Casa de minda,Santomé,,Dominican Republic,19.2300794,-69.6151896,,,,osm-dominican-republic-expanded-2026-05-20,2026-05-20T19:32:17.199Z,pending,none,needs_research,casa de minda|19.2301|-69.6152,node,guest_house,missingCity; missingWebsite; missingPhone
node/4867339721,OpenStreetMap,osm,ODbL,https://www.openstreetmap.org/node/4867339721,hotel central,,,Dominican Republic,19.3763273,-69.8472881,,,,osm-dominican-republic-expanded-2026-05-20,2026-05-20T19:32:17.199Z,pending,none,needs_research,hotel central|19.3763|-69.8473,node,hotel,missingCity; missingWebsite; missingPhone
node/4880615522,OpenStreetMap,osm,ODbL,https://www.openstreetmap.org/node/4880615522,Angee,,,Dominican Republic,19.4635507,-70.6998724,,,,osm-dominican-republic-expanded-2026-05-20,2026-05-20T19:32:17.199Z,pending,none,needs_research,angee|19.4636|-70.6999,node,guest_house,missingCity; missingWebsite; missingPhone
node/4882910121,OpenStreetMap,osm,ODbL,https://www.openstreetmap.org/node/4882910121,Primaveral,,,Dominican Republic,18.4714742,-69.8965941,,,,osm-dominican-republic-expanded-2026-05-20,2026-05-20T19:32:17.199Z,pending,none,needs_research,primaveral|18.4715|-69.8966,node,hotel,missingCity; missingWebsite; missingPhone
node/4889719121,OpenStreetMap,osm,ODbL,https://www.openstreetmap.org/node/4889719121,La Casa Amarilla,Calle Luna,,Dominican Republic,19.3095109,-69.4743037,http://www.la-casa-amarilla.com,,,osm-dominican-republic-expanded-2026-05-20,2026-05-20T19:32:17.199Z,pending,none,needs_research,la casa amarilla|19.3095|-69.4743,node,guest_house,missingCity; missingPhone
node/4896032821,OpenStreetMap,osm,ODbL,https://www.openstreetmap.org/node/4896032821,Blas 33,27 Juan Alberto Sorio,,Dominican Republic,18.451125,-69.6102252,,8498374339,,osm-dominican-republic-expanded-2026-05-20,2026-05-20T19:32:17.199Z,pending,none,needs_research,blas 33|18.4511|-69.6102,node,hotel,missingCity; missingWebsite
node/4901757124,OpenStreetMap,osm,ODbL,https://www.openstreetmap.org/node/4901757124,Asilo de Ancianos,,,Dominican Republic,19.3455301,-70.944095,,,,osm-dominican-republic-expanded-2026-05-20,2026-05-20T19:32:17.199Z,pending,none,needs_research,asilo de ancianos|19.3455|-70.9441,node,guest_house,missingCity; missingWebsite; missingPhone
node/4901959222,OpenStreetMap,osm,ODbL,https://www.openstreetmap.org/node/4901959222,Hotel Riu República,"El Macao Arena Gorda, 23000",,Dominican Republic,18.7329556,-68.4751796,https://www.riu.com/,+1 809-933-0101,,osm-dominican-republic-expanded-2026-05-20,2026-05-20T19:32:17.199Z,pending,none,needs_research,hotel riu republica|18.733|-68.4752,node,hotel,missingCity
node/4906431721,OpenStreetMap,osm,ODbL,https://www.openstreetmap.org/node/4906431721,Hostal Casa 51,"51 Calle Sanchez, 10210",,Dominican Republic,18.4688886,-69.8876938,http://www.casa51guesthouse.com,8295947473,Bless Diaz,osm-dominican-republic-expanded-2026-05-20,2026-05-20T19:32:17.199Z,pending,none,needs_research,hostal casa 51|18.4689|-69.8877,node,hostel,missingCity
node/4918991365,OpenStreetMap,osm,ODbL,https://www.openstreetmap.org/node/4918991365,Paradisus Punta cana,,,Dominican Republic,18.6771617,-68.4118325,,,,osm-dominican-republic-expanded-2026-05-20,2026-05-20T19:32:17.199Z,pending,none,needs_research,paradisus punta cana|18.6772|-68.4118,node,hotel,missingCity; missingWebsite; missingPhone
node/4938248923,OpenStreetMap,osm,ODbL,https://www.openstreetmap.org/node/4938248923,Finca Yajaira,,,Dominican Republic,19.7738539,-70.8691251,,,,osm-dominican-republic-expanded-2026-05-20,2026-05-20T19:32:17.199Z,pending,none,needs_research,finca yajaira|19.7739|-70.8691,node,guest_house,missingCity; missingWebsite; missingPhone
node/4938256423,OpenStreetMap,osm,ODbL,https://www.openstreetmap.org/node/4938256423,Finca tío rico,,,Dominican Republic,19.7721038,-70.8680313,,,,osm-dominican-republic-expanded-2026-05-20,2026-05-20T19:32:17.199Z,pending,none,needs_research,finca tio rico|19.7721|-70.868,node,guest_house,missingCity; missingWebsite; missingPhone
node/4943248421,OpenStreetMap,osm,ODbL,https://www.openstreetmap.org/node/4943248421,Seminario Nuestra Señora Las Mercedes,camino a duran,,Dominican Republic,19.4069637,-71.1626778,,,,osm-dominican-republic-expanded-2026-05-20,2026-05-20T19:32:17.199Z,pending,none,needs_research,seminario nuestra senora las mercedes|19.407|-71.1627,node,hostel,missingCity; missingWebsite; missingPhone
node/4944858821,OpenStreetMap,osm,ODbL,https://www.openstreetmap.org/node/4944858821,Club havana house renta de habitacion por noche,,,Dominican Republic,18.6130031,-68.41397,,+18096022302,,osm-dominican-republic-expanded-2026-05-20,2026-05-20T19:32:17.199Z,pending,none,needs_research,club havana house renta de habitacion por noche|18.613|-68.414,node,guest_house,missingCity; missingWebsite
node/4946633123,OpenStreetMap,osm,ODbL,https://www.openstreetmap.org/node/4946633123,casa Mari karina,,,Dominican Republic,18.502986,-69.8693982,,,,osm-dominican-republic-expanded-2026-05-20,2026-05-20T19:32:17.199Z,pending,none,needs_research,casa mari karina|18.503|-69.8694,node,guest_house,missingCity; missingWebsite; missingPhone
node/4947065426,OpenStreetMap,osm,ODbL,https://www.openstreetmap.org/node/4947065426,Sharon Palm beach,,,Dominican Republic,18.6860995,-68.4172726,,,,osm-dominican-republic-expanded-2026-05-20,2026-05-20T19:32:17.199Z,pending,none,needs_research,sharon palm beach|18.6861|-68.4173,node,hotel,missingCity; missingWebsite; missingPhone
node/4950101005,OpenStreetMap,osm,ODbL,https://www.openstreetmap.org/node/4950101005,Grand Palladium Bavaro Suites Resort & Spa,,,Dominican Republic,18.6944561,-68.4319551,,,,osm-dominican-republic-expanded-2026-05-20,2026-05-20T19:32:17.199Z,pending,none,needs_research,grand palladium bavaro suites resort & spa|18.6945|-68.432,node,hotel,missingCity; missingWebsite; missingPhone
node/4967005421,OpenStreetMap,osm,ODbL,https://www.openstreetmap.org/node/4967005421,Hotel Al Mare,"#69 Carretera Barahona-Paraíso Km12, 81000",,Dominican Republic,18.1202523,-71.0705712,https://www.booking.com/hotel/do/al-mare-barahona.es.html,8095102240,,osm-dominican-republic-expanded-2026-05-20,2026-05-20T19:32:17.199Z,pending,none,needs_research,hotel al mare|18.1203|-71.0706,node,hotel,missingCity
node/4978572049,OpenStreetMap,osm,ODbL,https://www.openstreetmap.org/node/4978572049,Hôtel Atabey,San Antonio,,Dominican Republic,18.9849685,-69.0471159,,,,osm-dominican-republic-expanded-2026-05-20,2026-05-20T19:32:17.199Z,pending,none,needs_research,hotel atabey|18.985|-69.0471,node,hotel,missingCity; missingWebsite; missingPhone
node/4978573527,OpenStreetMap,osm,ODbL,https://www.openstreetmap.org/node/4978573527,Hotel Brenda,,,Dominican Republic,18.9843865,-69.0448798,,,,osm-dominican-republic-expanded-2026-05-20,2026-05-20T19:32:17.199Z,pending,none,needs_research,hotel brenda|18.9844|-69.0449,node,hotel,missingCity; missingWebsite; missingPhone
node/5002266421,OpenStreetMap,osm,ODbL,https://www.openstreetmap.org/node/5002266421,hotel guacamayos,Doctor Jose Francisco Pena Gomez,,Dominican Republic,18.8874406,-70.4484722,,,,osm-dominican-republic-expanded-2026-05-20,2026-05-20T19:32:17.199Z,pending,none,needs_research,hotel guacamayos|18.8874|-70.4485,node,motel,missingCity; missingWebsite; missingPhone
node/5002268121,OpenStreetMap,osm,ODbL,https://www.openstreetmap.org/node/5002268121,Rancho Guacamayos,"Doctor Jose Francisco Pena Gomez, BONAO",BONAO,Dominican Republic,18.8876368,-70.4484167,,,,osm-dominican-republic-expanded-2026-05-20,2026-05-20T19:32:17.199Z,pending,none,needs_research,rancho guacamayos|bonao|dominican republic,node,motel,missingWebsite; missingPhone
node/5007285024,OpenStreetMap,osm,ODbL,https://www.openstreetmap.org/node/5007285024,Casa lisbeth,Calle Manzana 46 y 41,,Dominican Republic,18.4799232,-69.9928094,,,,osm-dominican-republic-expanded-2026-05-20,2026-05-20T19:32:17.199Z,pending,none,needs_research,casa lisbeth|18.4799|-69.9928,node,motel,missingCity; missingWebsite; missingPhone
node/5017189124,OpenStreetMap,osm,ODbL,https://www.openstreetmap.org/node/5017189124,Mena House,,,Dominican Republic,18.5088571,-69.9806642,,,,osm-dominican-republic-expanded-2026-05-20,2026-05-20T19:32:17.199Z,pending,none,needs_research,mena house|18.5089|-69.9807,node,guest_house,missingCity; missingWebsite; missingPhone
node/5025787021,OpenStreetMap,osm,ODbL,https://www.openstreetmap.org/node/5025787021,Hotel Esmeralda,,,Dominican Republic,18.4630606,-69.9109224,,,,osm-dominican-republic-expanded-2026-05-20,2026-05-20T19:32:17.199Z,pending,none,needs_research,hotel esmeralda|18.4631|-69.9109,node,hotel,missingCity; missingWebsite; missingPhone
node/5029505780,OpenStreetMap,osm,ODbL,https://www.openstreetmap.org/node/5029505780,Santo Domingo Bed & Breakfast,"11 Calle B Pichardo, Santo Domingo, 10209",Santo Domingo,Dominican Republic,18.4693415,-69.8950906,http://santodomingobb.com/,+1 809 807 7210,,osm-dominican-republic-expanded-2026-05-20,2026-05-20T19:32:17.199Z,pending,none,needs_research,santo domingo bed & breakfast|santo domingo|dominican republic,node,guest_house,
node/5037222221,OpenStreetMap,osm,ODbL,https://www.openstreetmap.org/node/5037222221,Los Corales Village RECEPTION,,,Dominican Republic,18.6816378,-68.4141964,https://www.loscoralesvillage.com,+18099156584,Los Corales Village - Grupo Dos,osm-dominican-republic-expanded-2026-05-20,2026-05-20T19:32:17.199Z,pending,none,needs_research,los corales village reception|18.6816|-68.4142,node,hotel,missingCity
node/5037222222,OpenStreetMap,osm,ODbL,https://www.openstreetmap.org/node/5037222222,Hotel Tropicana Deluxe,"Avenida Alemania, Punta Cana, DO",Punta Cana,DO,18.6833711,-68.4166244,tropicana-deluxe-do.book.direct,+1 849 8593737,,osm-dominican-republic-expanded-2026-05-20,2026-05-20T19:32:17.199Z,pending,none,needs_research,hotel tropicana deluxe|punta cana|do,node,hotel,
node/5047214658,OpenStreetMap,osm,ODbL,https://www.openstreetmap.org/node/5047214658,HOTEL METROPOLITANO,Calle Dr. Dario Gomez,,Dominican Republic,19.4756214,-71.3445847,,,,osm-dominican-republic-expanded-2026-05-20,2026-05-20T19:32:17.199Z,pending,none,needs_research,hotel metropolitano|19.4756|-71.3446,node,hotel,missingCity; missingWebsite; missingPhone
node/5047235080,OpenStreetMap,osm,ODbL,https://www.openstreetmap.org/node/5047235080,HOTEL MARIEN,Av. Próceres de la Restauración,,Dominican Republic,19.4778461,-71.3397385,,,,osm-dominican-republic-expanded-2026-05-20,2026-05-20T19:32:17.199Z,pending,none,needs_research,hotel marien|19.4778|-71.3397,node,hotel,missingCity; missingWebsite; missingPhone
node/5047235081,OpenStreetMap,osm,ODbL,https://www.openstreetmap.org/node/5047235081,HOTEL DON CHUCHO,Av. Próceres de la Restauración,,Dominican Republic,19.4777027,-71.3391566,,,,osm-dominican-republic-expanded-2026-05-20,2026-05-20T19:32:17.199Z,pending,none,needs_research,hotel don chucho|19.4777|-71.3392,node,hotel,missingCity; missingWebsite; missingPhone
node/5047243323,OpenStreetMap,osm,ODbL,https://www.openstreetmap.org/node/5047243323,HOTEL LA PLAZA,Av. Próceres de la Restauración,,Dominican Republic,19.4802544,-71.332176,,,,osm-dominican-republic-expanded-2026-05-20,2026-05-20T19:32:17.199Z,pending,none,needs_research,hotel la plaza|19.4803|-71.3322,node,hotel,missingCity; missingWebsite; missingPhone
node/5060398041,OpenStreetMap,osm,ODbL,https://www.openstreetmap.org/node/5060398041,Plaza Lusitania,Calle Principal,,Dominican Republic,19.2912431,-69.1985263,https://www.cariway.com/,8099621246,,osm-dominican-republic-expanded-2026-05-20,2026-05-20T19:32:17.199Z,pending,none,needs_research,plaza lusitania|19.2912|-69.1985,node,hotel,missingCity
node/5082013621,OpenStreetMap,osm,ODbL,https://www.openstreetmap.org/node/5082013621,Mxnc,Pedro A. Lluberes,,Dominican Republic,18.4751306,-69.9049402,,,,osm-dominican-republic-expanded-2026-05-20,2026-05-20T19:32:17.199Z,pending,none,needs_research,mxnc|18.4751|-69.9049,node,hostel,missingCity; missingWebsite; missingPhone
node/5103798423,OpenStreetMap,osm,ODbL,https://www.openstreetmap.org/node/5103798423,El Señorial,58 Vicini Burgos,,Dominican Republic,18.466038,-69.8953794,,8096874367,,osm-dominican-republic-expanded-2026-05-20,2026-05-20T19:32:17.199Z,pending,none,needs_research,el senorial|18.466|-69.8954,node,hotel,missingCity; missingWebsite
node/5113439323,OpenStreetMap,osm,ODbL,https://www.openstreetmap.org/node/5113439323,Hotel Carmen,Carr. Belarminio Ramirez,,Dominican Republic,19.114861,-70.648381,,8295998646,,osm-dominican-republic-expanded-2026-05-20,2026-05-20T19:32:17.199Z,pending,none,needs_research,hotel carmen|19.1149|-70.6484,node,hotel,missingCity; missingWebsite
node/5133859195,OpenStreetMap,osm,ODbL,https://www.openstreetmap.org/node/5133859195,Hotel Mercedes,,,Dominican Republic,19.4519522,-70.7061538,,,,osm-dominican-republic-expanded-2026-05-20,2026-05-20T19:32:17.199Z,pending,none,needs_research,hotel mercedes|19.452|-70.7062,node,hotel,missingCity; missingWebsite; missingPhone
node/5169979322,OpenStreetMap,osm,ODbL,https://www.openstreetmap.org/node/5169979322,Casa dylan,,,Dominican Republic,18.4789971,-69.8962791,,,,osm-dominican-republic-expanded-2026-05-20,2026-05-20T19:32:17.199Z,pending,none,needs_research,casa dylan|18.479|-69.8963,node,guest_house,missingCity; missingWebsite; missingPhone
node/5169980221,OpenStreetMap,osm,ODbL,https://www.openstreetmap.org/node/5169980221,Casa jazmin tía,,,Dominican Republic,18.5054544,-69.8921363,,,,osm-dominican-republic-expanded-2026-05-20,2026-05-20T19:32:17.199Z,pending,none,needs_research,casa jazmin tia|18.5055|-69.8921,node,guest_house,missingCity; missingWebsite; missingPhone
node/5180976697,OpenStreetMap,osm,ODbL,https://www.openstreetmap.org/node/5180976697,Plaza Lusitania,,,Dominican Republic,19.2912592,-69.1983641,https://www.cariway.com/,+18099621246,,osm-dominican-republic-expanded-2026-05-20,2026-05-20T19:32:17.199Z,pending,none,needs_research,plaza lusitania|19.2913|-69.1984,node,hotel,missingCity
node/5181801658,OpenStreetMap,osm,ODbL,https://www.openstreetmap.org/node/5181801658,Amhsa Marina Grand Paradise Playa Dorada,,,Dominican Republic,19.7716769,-70.6417964,,,,osm-dominican-republic-expanded-2026-05-20,2026-05-20T19:32:17.199Z,pending,none,needs_research,amhsa marina grand paradise playa dorada|19.7717|-70.6418,node,hotel,missingCity; missingWebsite; missingPhone
node/5207508821,OpenStreetMap,osm,ODbL,https://www.openstreetmap.org/node/5207508821,Villa los Gorgones,"Calle Chalet Tropical, 32000",,Dominican Republic,19.2951819,-69.2035993,,8299448499,Hans De Schryver,osm-dominican-republic-expanded-2026-05-20,2026-05-20T19:32:17.199Z,pending,none,needs_research,villa los gorgones|19.2952|-69.2036,node,guest_house,missingCity; missingWebsite
node/5210894623,OpenStreetMap,osm,ODbL,https://www.openstreetmap.org/node/5210894623,Capi festival,,,Dominican Republic,18.4296117,-69.9809129,,,,osm-dominican-republic-expanded-2026-05-20,2026-05-20T19:32:17.199Z,pending,none,needs_research,capi festival|18.4296|-69.9809,node,hotel,missingCity; missingWebsite; missingPhone
node/5213115020,OpenStreetMap,osm,ODbL,https://www.openstreetmap.org/node/5213115020,Hotel Bohío,,,Dominican Republic,18.9100146,-70.7450977,,,,osm-dominican-republic-expanded-2026-05-20,2026-05-20T19:32:17.199Z,pending,none,needs_research,hotel bohio|18.91|-70.7451,node,hotel,missingCity; missingWebsite; missingPhone
node/5217259622,OpenStreetMap,osm,ODbL,https://www.openstreetmap.org/node/5217259622,Cadaques Weare,,,Dominican Republic,18.3341948,-68.8123714,,,,osm-dominican-republic-expanded-2026-05-20,2026-05-20T19:32:17.199Z,pending,none,needs_research,cadaques weare|18.3342|-68.8124,node,hotel,missingCity; missingWebsite; missingPhone
node/5249076522,OpenStreetMap,osm,ODbL,https://www.openstreetmap.org/node/5249076522,Casa Cayuco,Boulevard Turístico del Atlántico,,Dominican Republic,19.2918406,-69.5686728,http://www.praderinmo.com,+18295761412,Elodie Prader,osm-dominican-republic-expanded-2026-05-20,2026-05-20T19:32:17.199Z,pending,none,needs_research,casa cayuco|19.2918|-69.5687,node,guest_house,missingCity
node/5250624222,OpenStreetMap,osm,ODbL,https://www.openstreetmap.org/node/5250624222,"Calle 7, #4",4 Calle 7,,Dominican Republic,18.5362886,-69.9008978,,8493411683,,osm-dominican-republic-expanded-2026-05-20,2026-05-20T19:32:17.199Z,pending,none,needs_research,"calle 7, #4|18.5363|-69.9009",node,guest_house,missingCity; missingWebsite
node/5250640321,OpenStreetMap,osm,ODbL,https://www.openstreetmap.org/node/5250640321,Edificio #12,#12 Calle 28,,Dominican Republic,18.5330357,-69.9006003,,8492519103,,osm-dominican-republic-expanded-2026-05-20,2026-05-20T19:32:17.199Z,pending,none,needs_research,edificio #12|18.533|-69.9006,node,apartment,missingCity; missingWebsite
node/5256409821,OpenStreetMap,osm,ODbL,https://www.openstreetmap.org/node/5256409821,Paquito Barreiro #268,#268 Paquito Barrero,,Dominican Republic,18.5182957,-69.9080255,,8098587328,,osm-dominican-republic-expanded-2026-05-20,2026-05-20T19:32:17.199Z,pending,none,needs_research,paquito barreiro #268|18.5183|-69.908,node,apartment,missingCity; missingWebsite
node/5261898622,OpenStreetMap,osm,ODbL,https://www.openstreetmap.org/node/5261898622,Casa de vilca (el toro),,,Dominican Republic,18.5220369,-69.6909623,,,,osm-dominican-republic-expanded-2026-05-20,2026-05-20T19:32:17.199Z,pending,none,needs_research,casa de vilca (el toro)|18.522|-69.691,node,guest_house,missingCity; missingWebsite; missingPhone
node/5277775422,OpenStreetMap,osm,ODbL,https://www.openstreetmap.org/node/5277775422,Casa de mami,,,Dominican Republic,18.8471702,-71.4115867,,,,osm-dominican-republic-expanded-2026-05-20,2026-05-20T19:32:17.199Z,pending,none,needs_research,casa de mami|18.8472|-71.4116,node,hostel,missingCity; missingWebsite; missingPhone
node/5280875644,OpenStreetMap,osm,ODbL,https://www.openstreetmap.org/node/5280875644,Hostal Rural Backpackers,"Polo, 81503",Polo,Dominican Republic,18.0893369,-71.2755343,https://web.facebook.com/hostalpolo/,829-852-6164,Vicente Sempere,osm-dominican-republic-expanded-2026-05-20,2026-05-20T19:32:17.199Z,pending,none,needs_research,hostal rural backpackers|polo|dominican republic,node,hotel,
node/5296656421,OpenStreetMap,osm,ODbL,https://www.openstreetmap.org/node/5296656421,Villa Viktoria,"17 La Mulata 2, 57000",,Dominican Republic,19.7537411,-70.4874958,,,,osm-dominican-republic-expanded-2026-05-20,2026-05-20T19:32:17.199Z,pending,none,needs_research,villa viktoria|19.7537|-70.4875,node,apartment,missingCity; missingWebsite; missingPhone
node/5299652621,OpenStreetMap,osm,ODbL,https://www.openstreetmap.org/node/5299652621,,"12 Calle Manuel de Jesús Troncoso, Santo Domingo, 10149",Santo Domingo,Dominican Republic,18.466787,-69.9359986,,,,osm-dominican-republic-expanded-2026-05-20,2026-05-20T19:32:17.199Z,pending,none,needs_research,santo domingo|dominican republic|18.4668|-69.936,node,hostel,missingName; missingWebsite; missingPhone
node/5324749024,OpenStreetMap,osm,ODbL,https://www.openstreetmap.org/node/5324749024,casa de raque,,,Dominican Republic,18.4895978,-69.98727,,,,osm-dominican-republic-expanded-2026-05-20,2026-05-20T19:32:17.199Z,pending,none,needs_research,casa de raque|18.4896|-69.9873,node,guest_house,missingCity; missingWebsite; missingPhone
node/5326175222,OpenStreetMap,osm,ODbL,https://www.openstreetmap.org/node/5326175222,Hostal Plaza Yu,,,Dominican Republic,18.4688116,-69.899986,,,,osm-dominican-republic-expanded-2026-05-20,2026-05-20T19:32:17.199Z,pending,none,needs_research,hostal plaza yu|18.4688|-69.9,node,hostel,missingCity; missingWebsite; missingPhone
node/5326175226,OpenStreetMap,osm,ODbL,https://www.openstreetmap.org/node/5326175226,Rancho Platón,,,Dominican Republic,18.0901534,-71.195743,,,,osm-dominican-republic-expanded-2026-05-20,2026-05-20T19:32:17.199Z,pending,none,needs_research,rancho platon|18.0902|-71.1957,node,hotel,missingCity; missingWebsite; missingPhone
node/5328291621,OpenStreetMap,osm,ODbL,https://www.openstreetmap.org/node/5328291621,mariana III,,,Dominican Republic,18.4626988,-69.9542397,,,,osm-dominican-republic-expanded-2026-05-20,2026-05-20T19:32:17.199Z,pending,none,needs_research,mariana iii|18.4627|-69.9542,node,apartment,missingCity; missingWebsite; missingPhone
node/5328300721,OpenStreetMap,osm,ODbL,https://www.openstreetmap.org/node/5328300721,MARIANA III,,,Dominican Republic,18.462311,-69.9542466,,,,osm-dominican-republic-expanded-2026-05-20,2026-05-20T19:32:17.199Z,pending,none,needs_research,mariana iii|18.4623|-69.9542,node,apartment,missingCity; missingWebsite; missingPhone
node/5329844221,OpenStreetMap,osm,ODbL,https://www.openstreetmap.org/node/5329844221,Hostel laguna park,,,Dominican Republic,19.7446005,-70.4074073,,,,osm-dominican-republic-expanded-2026-05-20,2026-05-20T19:32:17.199Z,pending,none,needs_research,hostel laguna park|19.7446|-70.4074,node,hostel,missingCity; missingWebsite; missingPhone
node/5332349322,OpenStreetMap,osm,ODbL,https://www.openstreetmap.org/node/5332349322,korona hotel,,,Dominican Republic,19.7860223,-70.6872562,,,,osm-dominican-republic-expanded-2026-05-20,2026-05-20T19:32:17.199Z,pending,none,needs_research,korona hotel|19.786|-70.6873,node,hotel,missingCity; missingWebsite; missingPhone
node/5333549824,OpenStreetMap,osm,ODbL,https://www.openstreetmap.org/node/5333549824,Calle bahinillo #3,calle bahinillo,,Dominican Republic,18.5033112,-69.9390906,,8092583508,,osm-dominican-republic-expanded-2026-05-20,2026-05-20T19:32:17.199Z,pending,none,needs_research,calle bahinillo #3|18.5033|-69.9391,node,apartment,missingCity; missingWebsite
node/5335310822,OpenStreetMap,osm,ODbL,https://www.openstreetmap.org/node/5335310822,Parador El Cachimbo de Mama,,,Dominican Republic,19.2083163,-70.5866872,,,,osm-dominican-republic-expanded-2026-05-20,2026-05-20T19:32:17.199Z,pending,none,needs_research,parador el cachimbo de mama|19.2083|-70.5867,node,hostel,missingCity; missingWebsite; missingPhone
node/5340908321,OpenStreetMap,osm,ODbL,https://www.openstreetmap.org/node/5340908321,sunset,,,Dominican Republic,19.2906183,-69.2111837,,,,osm-dominican-republic-expanded-2026-05-20,2026-05-20T19:32:17.199Z,pending,none,needs_research,sunset|19.2906|-69.2112,node,hostel,missingCity; missingWebsite; missingPhone
node/5343350222,OpenStreetMap,osm,ODbL,https://www.openstreetmap.org/node/5343350222,Calle 5,#3 Calle 5,,Dominican Republic,18.5357045,-69.9016683,,,,osm-dominican-republic-expanded-2026-05-20,2026-05-20T19:32:17.199Z,pending,none,needs_research,calle 5|18.5357|-69.9017,node,apartment,missingCity; missingWebsite; missingPhone
node/5343543031,OpenStreetMap,osm,ODbL,https://www.openstreetmap.org/node/5343543031,AHNVEE Resorts Spa,Pedro Clisante,,Dominican Republic,19.7707061,-70.5071945,https://ahnveeresort.com/,,,osm-dominican-republic-expanded-2026-05-20,2026-05-20T19:32:17.199Z,pending,none,needs_research,ahnvee resorts spa|19.7707|-70.5072,node,hotel,missingCity; missingPhone
node/5354918621,OpenStreetMap,osm,ODbL,https://www.openstreetmap.org/node/5354918621,Rancho Platón,,,Dominican Republic,18.036017,-71.200801,,,,osm-dominican-republic-expanded-2026-05-20,2026-05-20T19:32:17.199Z,pending,none,needs_research,rancho platon|18.036|-71.2008,node,hotel,missingCity; missingWebsite; missingPhone
node/5354994422,OpenStreetMap,osm,ODbL,https://www.openstreetmap.org/node/5354994422,Mirador de Arroyo hondo ll,#29 calle primera,,Dominican Republic,18.5021873,-69.9453331,,,,osm-dominican-republic-expanded-2026-05-20,2026-05-20T19:32:17.199Z,pending,none,needs_research,mirador de arroyo hondo ll|18.5022|-69.9453,node,apartment,missingCity; missingWebsite; missingPhone
node/5355058322,OpenStreetMap,osm,ODbL,https://www.openstreetmap.org/node/5355058322,El dorado 2 manzana L #3,calle l,,Dominican Republic,18.5464491,-69.9090924,,,,osm-dominican-republic-expanded-2026-05-20,2026-05-20T19:32:17.199Z,pending,none,needs_research,el dorado 2 manzana l #3|18.5464|-69.9091,node,apartment,missingCity; missingWebsite; missingPhone
node/5357500723,OpenStreetMap,osm,ODbL,https://www.openstreetmap.org/node/5357500723,Residencial del Norte manzana-e #27,#27 CalleE,,Dominican Republic,18.5495061,-69.8934116,,,,osm-dominican-republic-expanded-2026-05-20,2026-05-20T19:32:17.199Z,pending,none,needs_research,residencial del norte manzana-e #27|18.5495|-69.8934,node,apartment,missingCity; missingWebsite; missingPhone
node/5359523423,OpenStreetMap,osm,ODbL,https://www.openstreetmap.org/node/5359523423,Villas del arroyo #7,#7 Calle Cerro del Cristo,,Dominican Republic,18.5045571,-69.9631232,,,,osm-dominican-republic-expanded-2026-05-20,2026-05-20T19:32:17.199Z,pending,none,needs_research,villas del arroyo #7|18.5046|-69.9631,node,apartment,missingCity; missingWebsite; missingPhone
node/5364063322,OpenStreetMap,osm,ODbL,https://www.openstreetmap.org/node/5364063322,Peatonal Yolanda,#10 Peatonal Yolanda,,Dominican Republic,18.4888328,-69.9674473,,,,osm-dominican-republic-expanded-2026-05-20,2026-05-20T19:32:17.199Z,pending,none,needs_research,peatonal yolanda|18.4888|-69.9674,node,apartment,missingCity; missingWebsite; missingPhone
node/5364063323,OpenStreetMap,osm,ODbL,https://www.openstreetmap.org/node/5364063323,Mini Market RJ,#38 Calle Guayubin,,Dominican Republic,18.4883629,-69.9682474,,,,osm-dominican-republic-expanded-2026-05-20,2026-05-20T19:32:17.199Z,pending,none,needs_research,mini market rj|18.4884|-69.9682,node,apartment,missingCity; missingWebsite; missingPhone
node/5364070021,OpenStreetMap,osm,ODbL,https://www.openstreetmap.org/node/5364070021,Calle Ozama,#2 Calle Ozama,,Dominican Republic,18.4911892,-69.965003,,8094820711,,osm-dominican-republic-expanded-2026-05-20,2026-05-20T19:32:17.199Z,pending,none,needs_research,calle ozama|18.4912|-69.965,node,apartment,missingCity; missingWebsite
node/5368108924,OpenStreetMap,osm,ODbL,https://www.openstreetmap.org/node/5368108924,,Calle Soldado,,Dominican Republic,19.37156,-69.853953,,,,osm-dominican-republic-expanded-2026-05-20,2026-05-20T19:32:17.199Z,pending,none,needs_research,unknown|19.3716|-69.854,node,guest_house,missingName; missingCity; missingWebsite; missingPhone
node/5372788023,OpenStreetMap,osm,ODbL,https://www.openstreetmap.org/node/5372788023,Calle cerro del Cristo esq joca,#20 Calle Cerro del Cristo,,Dominican Republic,18.5034376,-69.9640316,,,,osm-dominican-republic-expanded-2026-05-20,2026-05-20T19:32:17.199Z,pending,none,needs_research,calle cerro del cristo esq joca|18.5034|-69.964,node,apartment,missingCity; missingWebsite; missingPhone
node/5373775123,OpenStreetMap,osm,ODbL,https://www.openstreetmap.org/node/5373775123,,,,Dominican Republic,18.4319977,-69.4009136,,,,osm-dominican-republic-expanded-2026-05-20,2026-05-20T19:32:17.199Z,pending,none,needs_research,unknown|18.432|-69.4009,node,hotel,missingName; missingCity; missingWebsite; missingPhone
node/5398393827,OpenStreetMap,osm,ODbL,https://www.openstreetmap.org/node/5398393827,Villas gare 13-A,13-A Isabel de Torres,,Dominican Republic,18.5019199,-69.964399,,8295465251,,osm-dominican-republic-expanded-2026-05-20,2026-05-20T19:32:17.199Z,pending,none,needs_research,villas gare 13-a|18.5019|-69.9644,node,apartment,missingCity; missingWebsite
node/5399147196,OpenStreetMap,osm,ODbL,https://www.openstreetmap.org/node/5399147196,Hotel Zapata,27 Abraham Nunez,,Dominican Republic,18.4478916,-69.612764,,,,osm-dominican-republic-expanded-2026-05-20,2026-05-20T19:32:17.199Z,pending,none,needs_research,hotel zapata|18.4479|-69.6128,node,hotel,missingCity; missingWebsite; missingPhone
node/5405414236,OpenStreetMap,osm,ODbL,https://www.openstreetmap.org/node/5405414236,Casa Ruso,,,Dominican Republic,18.4252817,-69.4273844,,,,osm-dominican-republic-expanded-2026-05-20,2026-05-20T19:32:17.199Z,pending,none,needs_research,casa ruso|18.4253|-69.4274,node,hotel,missingCity; missingWebsite; missingPhone
node/5407811621,OpenStreetMap,osm,ODbL,https://www.openstreetmap.org/node/5407811621,Residencial vista verde 1,#13 Jaragua,,Dominican Republic,18.519827,-69.9193364,,,,osm-dominican-republic-expanded-2026-05-20,2026-05-20T19:32:17.199Z,pending,none,needs_research,residencial vista verde 1|18.5198|-69.9193,node,apartment,missingCity; missingWebsite; missingPhone
node/5408090124,OpenStreetMap,osm,ODbL,https://www.openstreetmap.org/node/5408090124,Torre Ejecutiva Gapo,#110 Calle Luis F. Thomén,,Dominican Republic,18.46044,-69.9428491,,,,osm-dominican-republic-expanded-2026-05-20,2026-05-20T19:32:17.199Z,pending,none,needs_research,torre ejecutiva gapo|18.4604|-69.9428,node,apartment,missingCity; missingWebsite; missingPhone
node/5409958321,OpenStreetMap,osm,ODbL,https://www.openstreetmap.org/node/5409958321,"Hortensias, #13",#13 Calle Las Hortensias,,Dominican Republic,18.5064649,-69.9555976,,,,osm-dominican-republic-expanded-2026-05-20,2026-05-20T19:32:17.199Z,pending,none,needs_research,"hortensias, #13|18.5065|-69.9556",node,apartment,missingCity; missingWebsite; missingPhone
node/5411042221,OpenStreetMap,osm,ODbL,https://www.openstreetmap.org/node/5411042221,Villa Alexandra,Calle Principal,,Dominican Republic,18.4301256,-69.3997058,http://juandolio.ru,,,osm-dominican-republic-expanded-2026-05-20,2026-05-20T19:32:17.199Z,pending,none,needs_research,villa alexandra|18.4301|-69.3997,node,guest_house,missingCity; missingPhone
node/5411062921,OpenStreetMap,osm,ODbL,https://www.openstreetmap.org/node/5411062921,,"1A block 3 Calle Principal, 21004",,Dominican Republic,18.4293695,-69.3987868,,,,osm-dominican-republic-expanded-2026-05-20,2026-05-20T19:32:17.199Z,pending,none,needs_research,unknown|18.4294|-69.3988,node,apartment,missingName; missingCity; missingWebsite; missingPhone
node/5412534321,OpenStreetMap,osm,ODbL,https://www.openstreetmap.org/node/5412534321,,,,Dominican Republic,18.481809,-70.0031731,,,,osm-dominican-republic-expanded-2026-05-20,2026-05-20T19:32:17.199Z,pending,none,needs_research,unknown|18.4818|-70.0032,node,apartment,missingName; missingCity; missingWebsite; missingPhone
node/5412980327,OpenStreetMap,osm,ODbL,https://www.openstreetmap.org/node/5412980327,el cerro #113-A,#113-A Calle Los Cerros,,Dominican Republic,18.5259463,-69.8999758,,,,osm-dominican-republic-expanded-2026-05-20,2026-05-20T19:32:17.199Z,pending,none,needs_research,el cerro #113-a|18.5259|-69.9,node,apartment,missingCity; missingWebsite; missingPhone
node/5412983721,OpenStreetMap,osm,ODbL,https://www.openstreetmap.org/node/5412983721,Casa #13,#13 Hermanos Heredia,,Dominican Republic,18.5325688,-69.9093585,,,,osm-dominican-republic-expanded-2026-05-20,2026-05-20T19:32:17.199Z,pending,none,needs_research,casa #13|18.5326|-69.9094,node,apartment,missingCity; missingWebsite; missingPhone
node/5414622122,OpenStreetMap,osm,ODbL,https://www.openstreetmap.org/node/5414622122,Residencial San Sebastián,#40 Calle H-5,,Dominican Republic,18.5028591,-69.9508023,,,,osm-dominican-republic-expanded-2026-05-20,2026-05-20T19:32:17.199Z,pending,none,needs_research,residencial san sebastian|18.5029|-69.9508,node,apartment,missingCity; missingWebsite; missingPhone
node/5416750421,OpenStreetMap,osm,ODbL,https://www.openstreetmap.org/node/5416750421,calle L. marcano #8,#8 Calle L. Marcano,,Dominican Republic,18.5200253,-69.9117658,,,,osm-dominican-republic-expanded-2026-05-20,2026-05-20T19:32:17.199Z,pending,none,needs_research,calle l. marcano #8|18.52|-69.9118,node,apartment,missingCity; missingWebsite; missingPhone
node/5417648826,OpenStreetMap,osm,ODbL,https://www.openstreetmap.org/node/5417648826,Retiro Bavaro,"Playa Bavaro, 23000",,Dominican Republic,18.6676503,-68.4039065,,+18098028862,,osm-dominican-republic-expanded-2026-05-20,2026-05-20T19:32:17.199Z,pending,none,needs_research,retiro bavaro|18.6677|-68.4039,node,apartment,missingCity; missingWebsite
node/5419431521,OpenStreetMap,osm,ODbL,https://www.openstreetmap.org/node/5419431521,Residencial GD2,,,Dominican Republic,18.4674575,-69.9442506,,,,osm-dominican-republic-expanded-2026-05-20,2026-05-20T19:32:17.199Z,pending,none,needs_research,residencial gd2|18.4675|-69.9443,node,apartment,missingCity; missingWebsite; missingPhone
node/5422843922,OpenStreetMap,osm,ODbL,https://www.openstreetmap.org/node/5422843922,"Bernabé boza, #14",#14 Calle Bernabe Boza,,Dominican Republic,18.5186033,-69.9103796,,,,osm-dominican-republic-expanded-2026-05-20,2026-05-20T19:32:17.199Z,pending,none,needs_research,"bernabe boza, #14|18.5186|-69.9104",node,apartment,missingCity; missingWebsite; missingPhone
node/5422868121,OpenStreetMap,osm,ODbL,https://www.openstreetmap.org/node/5422868121,Mercabelle,#3 Calle 1era,,Dominican Republic,18.5014416,-69.9496577,,8094725108,,osm-dominican-republic-expanded-2026-05-20,2026-05-20T19:32:17.199Z,pending,none,needs_research,mercabelle|18.5014|-69.9497,node,apartment,missingCity; missingWebsite
node/5424653822,OpenStreetMap,osm,ODbL,https://www.openstreetmap.org/node/5424653822,"Edificio curvo, apt. C-3",#17 Calle Jardines Encantados,,Dominican Republic,18.4878944,-69.954708,,8096763030,,osm-dominican-republic-expanded-2026-05-20,2026-05-20T19:32:17.199Z,pending,none,needs_research,"edificio curvo, apt. c-3|18.4879|-69.9547",node,apartment,missingCity; missingWebsite
node/5425182422,OpenStreetMap,osm,ODbL,https://www.openstreetmap.org/node/5425182422,"Calle 3, casa 15",#15 Calle 3,,Dominican Republic,18.5475533,-69.8957838,,,,osm-dominican-republic-expanded-2026-05-20,2026-05-20T19:32:17.199Z,pending,none,needs_research,"calle 3, casa 15|18.5476|-69.8958",node,apartment,missingCity; missingWebsite; missingPhone
node/5425182423,OpenStreetMap,osm,ODbL,https://www.openstreetmap.org/node/5425182423,Yacao.S.A apt:1-B,"Edificio:2, Calle Madre Teresa de Calcuta",,Dominican Republic,18.5167651,-69.9592794,,,,osm-dominican-republic-expanded-2026-05-20,2026-05-20T19:32:17.199Z,pending,none,needs_research,yacao.s.a apt:1-b|18.5168|-69.9593,node,apartment,missingCity; missingWebsite; missingPhone
node/5425187621,OpenStreetMap,osm,ODbL,https://www.openstreetmap.org/node/5425187621,Medlarin dominicana,#25 Calle Central,,Dominican Republic,18.4819675,-69.9640571,,8095427770,,osm-dominican-republic-expanded-2026-05-20,2026-05-20T19:32:17.199Z,pending,none,needs_research,medlarin dominicana|18.482|-69.9641,node,apartment,missingCity; missingWebsite
node/5429439821,OpenStreetMap,osm,ODbL,https://www.openstreetmap.org/node/5429439821,Laboratorio E y M,#5 Calle 5ta,,Dominican Republic,18.5428793,-69.8917815,,8093024542,,osm-dominican-republic-expanded-2026-05-20,2026-05-20T19:32:17.199Z,pending,none,needs_research,laboratorio e y m|18.5429|-69.8918,node,apartment,missingCity; missingWebsite
node/5434970048,OpenStreetMap,osm,ODbL,https://www.openstreetmap.org/node/5434970048,El Morro Eco Adventure Hotel,,,Dominican Republic,19.8870254,-71.6547015,https://www.elmorro.com.do/,,,osm-dominican-republic-expanded-2026-05-20,2026-05-20T19:32:17.199Z,pending,none,needs_research,el morro eco adventure hotel|19.887|-71.6547,node,hotel,missingCity; missingPhone
node/5435064148,OpenStreetMap,osm,ODbL,https://www.openstreetmap.org/node/5435064148,Hotel La Saladilla Beach Club,,,Dominican Republic,18.1804281,-71.0721606,http://www.hotellasaladilla.com/,,,osm-dominican-republic-expanded-2026-05-20,2026-05-20T19:32:17.199Z,pending,none,needs_research,hotel la saladilla beach club|18.1804|-71.0722,node,hotel,missingCity; missingPhone
node/5435135971,OpenStreetMap,osm,ODbL,https://www.openstreetmap.org/node/5435135971,Hotel Casa Hemingway,,,Dominican Republic,18.4300646,-69.3973797,,,,osm-dominican-republic-expanded-2026-05-20,2026-05-20T19:32:17.199Z,pending,none,needs_research,hotel casa hemingway|18.4301|-69.3974,node,hotel,missingCity; missingWebsite; missingPhone
node/5443072921,OpenStreetMap,osm,ODbL,https://www.openstreetmap.org/node/5443072921,"D, patrona VIP",Avenida Coronel Juan Maria Lora Fernandez,,Dominican Republic,18.4901452,-69.9688503,,,,osm-dominican-republic-expanded-2026-05-20,2026-05-20T19:32:17.199Z,pending,none,needs_research,"d, patrona vip|18.4901|-69.9689",node,apartment,missingCity; missingWebsite; missingPhone
node/5445752335,OpenStreetMap,osm,ODbL,https://www.openstreetmap.org/node/5445752335,Cocimar,#5 Calle 1era La Yaguita,,Dominican Republic,18.4822919,-69.9613382,,,,osm-dominican-republic-expanded-2026-05-20,2026-05-20T19:32:17.199Z,pending,none,needs_research,cocimar|18.4823|-69.9613,node,apartment,missingCity; missingWebsite; missingPhone
node/5446037322,OpenStreetMap,osm,ODbL,https://www.openstreetmap.org/node/5446037322,Ana cristalina,#17 Calle 9,,Dominican Republic,18.5398128,-69.9066823,,,,osm-dominican-republic-expanded-2026-05-20,2026-05-20T19:32:17.199Z,pending,none,needs_research,ana cristalina|18.5398|-69.9067,node,apartment,missingCity; missingWebsite; missingPhone
node/5446754121,OpenStreetMap,osm,ODbL,https://www.openstreetmap.org/node/5446754121,Residencial Fermin Arturo,,,Dominican Republic,18.491945,-69.9826366,,,,osm-dominican-republic-expanded-2026-05-20,2026-05-20T19:32:17.199Z,pending,none,needs_research,residencial fermin arturo|18.4919|-69.9826,node,apartment,missingCity; missingWebsite; missingPhone
node/5446754122,OpenStreetMap,osm,ODbL,https://www.openstreetmap.org/node/5446754122,Ana maria IV,13,,Dominican Republic,18.4754664,-69.9473604,,,,osm-dominican-republic-expanded-2026-05-20,2026-05-20T19:32:17.199Z,pending,none,needs_research,ana maria iv|18.4755|-69.9474,node,apartment,missingCity; missingWebsite; missingPhone
node/5450954322,OpenStreetMap,osm,ODbL,https://www.openstreetmap.org/node/5450954322,Adela tremor,#40 jaguasa,,Dominican Republic,18.5536262,-69.9558119,,,,osm-dominican-republic-expanded-2026-05-20,2026-05-20T19:32:17.199Z,pending,none,needs_research,adela tremor|18.5536|-69.9558,node,apartment,missingCity; missingWebsite; missingPhone
node/5457436821,OpenStreetMap,osm,ODbL,https://www.openstreetmap.org/node/5457436821,"Cerez social markenting, srl EDF.1-M7",1-M7 Avenida República de Colombia,,Dominican Republic,18.4894316,-69.9596892,,,,osm-dominican-republic-expanded-2026-05-20,2026-05-20T19:32:17.199Z,pending,none,needs_research,"cerez social markenting, srl edf.1-m7|18.4894|-69.9597",node,apartment,missingCity; missingWebsite; missingPhone
node/5457436921,OpenStreetMap,osm,ODbL,https://www.openstreetmap.org/node/5457436921,"Hermanas mirabal,#339",#339 Avenida Hermanas Mirabal,,Dominican Republic,18.527704,-69.9120798,,,,osm-dominican-republic-expanded-2026-05-20,2026-05-20T19:32:17.199Z,pending,none,needs_research,"hermanas mirabal,#339|18.5277|-69.9121",node,apartment,missingCity; missingWebsite; missingPhone
node/5457513123,OpenStreetMap,osm,ODbL,https://www.openstreetmap.org/node/5457513123,"Doraini, calle esquina 12",#8 Calle 3,,Dominican Republic,18.5421614,-69.9051056,,,,osm-dominican-republic-expanded-2026-05-20,2026-05-20T19:32:17.199Z,pending,none,needs_research,"doraini, calle esquina 12|18.5422|-69.9051",node,apartment,missingCity; missingWebsite; missingPhone
node/5457513124,OpenStreetMap,osm,ODbL,https://www.openstreetmap.org/node/5457513124,Cafeterías nueva etapa,#68 Calle 6,,Dominican Republic,18.5403787,-69.9075184,,,,osm-dominican-republic-expanded-2026-05-20,2026-05-20T19:32:17.199Z,pending,none,needs_research,cafeterias nueva etapa|18.5404|-69.9075,node,apartment,missingCity; missingWebsite; missingPhone
node/5457681928,OpenStreetMap,osm,ODbL,https://www.openstreetmap.org/node/5457681928,"Calle capa, altos del parque",,,Dominican Republic,18.5322536,-69.9312366,,,,osm-dominican-republic-expanded-2026-05-20,2026-05-20T19:32:17.199Z,pending,none,needs_research,"calle capa, altos del parque|18.5323|-69.9312",node,apartment,missingCity; missingWebsite; missingPhone
node/5466061821,OpenStreetMap,osm,ODbL,https://www.openstreetmap.org/node/5466061821,Residencial Ana Paula,Avenida Isabel Aguiar,,Dominican Republic,18.4311724,-69.991028,,,,osm-dominican-republic-expanded-2026-05-20,2026-05-20T19:32:17.199Z,pending,none,needs_research,residencial ana paula|18.4312|-69.991,node,apartment,missingCity; missingWebsite; missingPhone
node/5466061921,OpenStreetMap,osm,ODbL,https://www.openstreetmap.org/node/5466061921,Residencial Mar Caribe,,,Dominican Republic,18.4255232,-69.9858976,,,,osm-dominican-republic-expanded-2026-05-20,2026-05-20T19:32:17.199Z,pending,none,needs_research,residencial mar caribe|18.4255|-69.9859,node,apartment,missingCity; missingWebsite; missingPhone
node/5473439823,OpenStreetMap,osm,ODbL,https://www.openstreetmap.org/node/5473439823,Edif.A.apt.502,502 Avenida Paseo de los Reyes Catolicos,,Dominican Republic,18.5056892,-69.9270209,,,,osm-dominican-republic-expanded-2026-05-20,2026-05-20T19:32:17.199Z,pending,none,needs_research,edif.a.apt.502|18.5057|-69.927,node,apartment,missingCity; missingWebsite; missingPhone
node/5473449624,OpenStreetMap,osm,ODbL,https://www.openstreetmap.org/node/5473449624,#167-A,#167-A Paquito Barrero,,Dominican Republic,18.5189592,-69.9072388,,,,osm-dominican-republic-expanded-2026-05-20,2026-05-20T19:32:17.199Z,pending,none,needs_research,#167-a|18.519|-69.9072,node,apartment,missingCity; missingWebsite; missingPhone
node/5473500921,OpenStreetMap,osm,ODbL,https://www.openstreetmap.org/node/5473500921,"Portillo, #13",#13 Portillo,,Dominican Republic,18.5134234,-69.9367632,,,,osm-dominican-republic-expanded-2026-05-20,2026-05-20T19:32:17.199Z,pending,none,needs_research,"portillo, #13|18.5134|-69.9368",node,apartment,missingCity; missingWebsite; missingPhone
node/5473501121,OpenStreetMap,osm,ODbL,https://www.openstreetmap.org/node/5473501121,PROMOBOX,#15 Calle 34,,Dominican Republic,18.4983554,-69.9228475,,8095637575,,osm-dominican-republic-expanded-2026-05-20,2026-05-20T19:32:17.199Z,pending,none,needs_research,promobox|18.4984|-69.9228,node,apartment,missingCity; missingWebsite
node/5476148221,OpenStreetMap,osm,ODbL,https://www.openstreetmap.org/node/5476148221,Residencia Aguamarina,"1 Bulevar Juan Dolio, 21000",,Dominican Republic,18.4280064,-69.3865248,,+18296792701,Tamara Isotova,osm-dominican-republic-expanded-2026-05-20,2026-05-20T19:32:17.199Z,pending,none,needs_research,residencia aguamarina|18.428|-69.3865,node,apartment,missingCity; missingWebsite
node/5478454121,OpenStreetMap,osm,ODbL,https://www.openstreetmap.org/node/5478454121,"calle Mercurio, #3",#3 Mercurio,,Dominican Republic,18.5258733,-69.9060223,,8099150235,,osm-dominican-republic-expanded-2026-05-20,2026-05-20T19:32:17.199Z,pending,none,needs_research,"calle mercurio, #3|18.5259|-69.906",node,apartment,missingCity; missingWebsite
node/5478454721,OpenStreetMap,osm,ODbL,https://www.openstreetmap.org/node/5478454721,"Calle el mango, #13",#13 Calle El Mango,,Dominican Republic,18.5098452,-69.9571705,,,,osm-dominican-republic-expanded-2026-05-20,2026-05-20T19:32:17.199Z,pending,none,needs_research,"calle el mango, #13|18.5098|-69.9572",node,apartment,missingCity; missingWebsite; missingPhone
node/5480607325,OpenStreetMap,osm,ODbL,https://www.openstreetmap.org/node/5480607325,Molinos modernos,#174 Avenida Máximo Gómez,,Dominican Republic,18.4935845,-69.9150988,,,,osm-dominican-republic-expanded-2026-05-20,2026-05-20T19:32:17.199Z,pending,none,needs_research,molinos modernos|18.4936|-69.9151,node,apartment,missingCity; missingWebsite; missingPhone
node/5480653721,OpenStreetMap,osm,ODbL,https://www.openstreetmap.org/node/5480653721,M-A #5,#5 Calle principal,,Dominican Republic,18.5445898,-69.8805574,,,,osm-dominican-republic-expanded-2026-05-20,2026-05-20T19:32:17.199Z,pending,none,needs_research,m-a #5|18.5446|-69.8806,node,apartment,missingCity; missingWebsite; missingPhone
node/5484720321,OpenStreetMap,osm,ODbL,https://www.openstreetmap.org/node/5484720321,Calle Manuel Céspedes marcano 7,#7 Calle Ml. Céspedes,,Dominican Republic,18.5223425,-69.9096207,,8097865454,,osm-dominican-republic-expanded-2026-05-20,2026-05-20T19:32:17.199Z,pending,none,needs_research,calle manuel cespedes marcano 7|18.5223|-69.9096,node,apartment,missingCity; missingWebsite
node/5484720421,OpenStreetMap,osm,ODbL,https://www.openstreetmap.org/node/5484720421,Pajonal 4,#4 La Pajonal,,Dominican Republic,18.5331125,-69.8946566,,8096107465,,osm-dominican-republic-expanded-2026-05-20,2026-05-20T19:32:17.199Z,pending,none,needs_research,pajonal 4|18.5331|-69.8947,node,apartment,missingCity; missingWebsite
node/5489100221,OpenStreetMap,osm,ODbL,https://www.openstreetmap.org/node/5489100221,Villa bendición #13,#13 Isabel de Torres,,Dominican Republic,18.5014991,-69.9641275,,,,osm-dominican-republic-expanded-2026-05-20,2026-05-20T19:32:17.199Z,pending,none,needs_research,villa bendicion #13|18.5015|-69.9641,node,apartment,missingCity; missingWebsite; missingPhone
node/5489274122,OpenStreetMap,osm,ODbL,https://www.openstreetmap.org/node/5489274122,Salón gerogina,89 San Juan de la Maguana,,Dominican Republic,18.5009557,-69.9300003,,,,osm-dominican-republic-expanded-2026-05-20,2026-05-20T19:32:17.199Z,pending,none,needs_research,salon gerogina|18.501|-69.93,node,apartment,missingCity; missingWebsite; missingPhone
node/5491812123,OpenStreetMap,osm,ODbL,https://www.openstreetmap.org/node/5491812123,"MONTES Y MERINOS, 198",#198 Avenida Máximo Gómez,,Dominican Republic,18.5006489,-69.915602,,,,osm-dominican-republic-expanded-2026-05-20,2026-05-20T19:32:17.199Z,pending,none,needs_research,"montes y merinos, 198|18.5006|-69.9156",node,apartment,missingCity; missingWebsite; missingPhone
node/5491814121,OpenStreetMap,osm,ODbL,https://www.openstreetmap.org/node/5491814121,"Calle 15, #1",#1 Calle 15,,Dominican Republic,18.5327752,-69.9031705,,,,osm-dominican-republic-expanded-2026-05-20,2026-05-20T19:32:17.199Z,pending,none,needs_research,"calle 15, #1|18.5328|-69.9032",node,apartment,missingCity; missingWebsite; missingPhone
node/5497024721,OpenStreetMap,osm,ODbL,https://www.openstreetmap.org/node/5497024721,"Impesquera srl, 19",#19 Calle Del Este,,Dominican Republic,18.5223537,-69.9181682,,,,osm-dominican-republic-expanded-2026-05-20,2026-05-20T19:32:17.199Z,pending,none,needs_research,"impesquera srl, 19|18.5224|-69.9182",node,apartment,missingCity; missingWebsite; missingPhone
node/5497130733,OpenStreetMap,osm,ODbL,https://www.openstreetmap.org/node/5497130733,"Nicalas de ovando, 462",#462 Avenida Nicolás de Ovando,,Dominican Republic,18.4991926,-69.9242311,,,,osm-dominican-republic-expanded-2026-05-20,2026-05-20T19:32:17.199Z,pending,none,needs_research,"nicalas de ovando, 462|18.4992|-69.9242",node,apartment,missingCity; missingWebsite; missingPhone
node/5497131427,OpenStreetMap,osm,ODbL,https://www.openstreetmap.org/node/5497131427,"Calle 2, #53",#53 Calle 2,,Dominican Republic,18.5391147,-69.9078902,,8095699307,,osm-dominican-republic-expanded-2026-05-20,2026-05-20T19:32:17.199Z,pending,none,needs_research,"calle 2, #53|18.5391|-69.9079",node,apartment,missingCity; missingWebsite
node/5499258723,OpenStreetMap,osm,ODbL,https://www.openstreetmap.org/node/5499258723,"Paseo del camu, 9",#9 Calle Paseo del Camu,,Dominican Republic,18.4944084,-69.9608261,,,,osm-dominican-republic-expanded-2026-05-20,2026-05-20T19:32:17.199Z,pending,none,needs_research,"paseo del camu, 9|18.4944|-69.9608",node,apartment,missingCity; missingWebsite; missingPhone
node/5499528327,OpenStreetMap,osm,ODbL,https://www.openstreetmap.org/node/5499528327,"Yamila II, Bloque 1, 2,3",Calle Rafael Perez,,Dominican Republic,18.4863262,-69.9891937,,,,osm-dominican-republic-expanded-2026-05-20,2026-05-20T19:32:17.199Z,pending,none,needs_research,"yamila ii, bloque 1, 2,3|18.4863|-69.9892",node,apartment,missingCity; missingWebsite; missingPhone
node/5499528328,OpenStreetMap,osm,ODbL,https://www.openstreetmap.org/node/5499528328,Jardines del fresno,,,Dominican Republic,18.5077791,-69.9884288,,,,osm-dominican-republic-expanded-2026-05-20,2026-05-20T19:32:17.199Z,pending,none,needs_research,jardines del fresno|18.5078|-69.9884,node,apartment,missingCity; missingWebsite; missingPhone
node/5505841023,OpenStreetMap,osm,ODbL,https://www.openstreetmap.org/node/5505841023,"Calle Ignacio agramonte, 285",#285 Calle Ignacio Agramonte,,Dominican Republic,18.5172448,-69.9058666,,8092399212,,osm-dominican-republic-expanded-2026-05-20,2026-05-20T19:32:17.199Z,pending,none,needs_research,"calle ignacio agramonte, 285|18.5172|-69.9059",node,apartment,missingCity; missingWebsite
node/5505888522,OpenStreetMap,osm,ODbL,https://www.openstreetmap.org/node/5505888522,"Calle 23, #22",#22 Calle 23,,Dominican Republic,18.5232236,-69.9004254,,8095693846,,osm-dominican-republic-expanded-2026-05-20,2026-05-20T19:32:17.199Z,pending,none,needs_research,"calle 23, #22|18.5232|-69.9004",node,apartment,missingCity; missingWebsite
node/5505889621,OpenStreetMap,osm,ODbL,https://www.openstreetmap.org/node/5505889621,"Calle primaveral, 6",#6 Avenida Primaveral,,Dominican Republic,18.5440169,-69.9099623,,,,osm-dominican-republic-expanded-2026-05-20,2026-05-20T19:32:17.199Z,pending,none,needs_research,"calle primaveral, 6|18.544|-69.91",node,apartment,missingCity; missingWebsite; missingPhone
node/5506328326,OpenStreetMap,osm,ODbL,https://www.openstreetmap.org/node/5506328326,"Nicolás brasoban, 4",#4 Profesor Nicolas Brazoban,,Dominican Republic,18.5305723,-69.9081728,,8095682048,,osm-dominican-republic-expanded-2026-05-20,2026-05-20T19:32:17.199Z,pending,none,needs_research,"nicolas brasoban, 4|18.5306|-69.9082",node,apartment,missingCity; missingWebsite
node/5508194423,OpenStreetMap,osm,ODbL,https://www.openstreetmap.org/node/5508194423,"Calle primera, 40",#40 Calle A,,Dominican Republic,18.5545633,-69.9248769,,8498030177,,osm-dominican-republic-expanded-2026-05-20,2026-05-20T19:32:17.199Z,pending,none,needs_research,"calle primera, 40|18.5546|-69.9249",node,apartment,missingCity; missingWebsite
node/5508915723,OpenStreetMap,osm,ODbL,https://www.openstreetmap.org/node/5508915723,"Residencial el aroroyo, 9",#9 Calle Soco,,Dominican Republic,18.4900596,-69.9658497,,,,osm-dominican-republic-expanded-2026-05-20,2026-05-20T19:32:17.199Z,pending,none,needs_research,"residencial el aroroyo, 9|18.4901|-69.9658",node,apartment,missingCity; missingWebsite; missingPhone
node/5511939221,OpenStreetMap,osm,ODbL,https://www.openstreetmap.org/node/5511939221,"Manzana, 36, #4",#4 M36,,Dominican Republic,18.5446553,-69.9073585,,,,osm-dominican-republic-expanded-2026-05-20,2026-05-20T19:32:17.199Z,pending,none,needs_research,"manzana, 36, #4|18.5447|-69.9074",node,apartment,missingCity; missingWebsite; missingPhone
node/5513968241,OpenStreetMap,osm,ODbL,https://www.openstreetmap.org/node/5513968241,The Reserve at Paradisus Palma Real,,,Dominican Republic,18.6744676,-68.4163828,,,,osm-dominican-republic-expanded-2026-05-20,2026-05-20T19:32:17.199Z,pending,none,needs_research,the reserve at paradisus palma real|18.6745|-68.4164,node,hotel,missingCity; missingWebsite; missingPhone
node/5516163724,OpenStreetMap,osm,ODbL,https://www.openstreetmap.org/node/5516163724,El Bohío Noroestano,México esq. Las Flores,,Dominican Republic,19.543077,-71.0783398,,,,osm-dominican-republic-expanded-2026-05-20,2026-05-20T19:32:17.199Z,pending,none,needs_research,el bohio noroestano|19.5431|-71.0783,node,apartment,missingCity; missingWebsite; missingPhone
node/5531540021,OpenStreetMap,osm,ODbL,https://www.openstreetmap.org/node/5531540021,Gesimport,#198 Calle Juan Alejandro lbarra,,Dominican Republic,18.5008089,-69.9198494,,8098955586,,osm-dominican-republic-expanded-2026-05-20,2026-05-20T19:32:17.199Z,pending,none,needs_research,gesimport|18.5008|-69.9198,node,apartment,missingCity; missingWebsite
node/5543021321,OpenStreetMap,osm,ODbL,https://www.openstreetmap.org/node/5543021321,Oasis I,La Meseta,,Dominican Republic,18.4760935,-70.0075722,,,,osm-dominican-republic-expanded-2026-05-20,2026-05-20T19:32:17.199Z,pending,none,needs_research,oasis i|18.4761|-70.0076,node,apartment,missingCity; missingWebsite; missingPhone
node/5543021621,OpenStreetMap,osm,ODbL,https://www.openstreetmap.org/node/5543021621,,,,Dominican Republic,18.4685882,-69.9939811,,,,osm-dominican-republic-expanded-2026-05-20,2026-05-20T19:32:17.199Z,pending,none,needs_research,unknown|18.4686|-69.994,node,apartment,missingName; missingCity; missingWebsite; missingPhone
node/5543021821,OpenStreetMap,osm,ODbL,https://www.openstreetmap.org/node/5543021821,Residencial aristides nuñez,,,Dominican Republic,18.4723431,-69.9909399,,,,osm-dominican-republic-expanded-2026-05-20,2026-05-20T19:32:17.199Z,pending,none,needs_research,residencial aristides nunez|18.4723|-69.9909,node,apartment,missingCity; missingWebsite; missingPhone
node/5543021822,OpenStreetMap,osm,ODbL,https://www.openstreetmap.org/node/5543021822,"Calle los cerros, #36",#36 Calle Los Cerros,,Dominican Republic,18.5282262,-69.9017773,,,,osm-dominican-republic-expanded-2026-05-20,2026-05-20T19:32:17.199Z,pending,none,needs_research,"calle los cerros, #36|18.5282|-69.9018",node,apartment,missingCity; missingWebsite; missingPhone
node/5545549066,OpenStreetMap,osm,ODbL,https://www.openstreetmap.org/node/5545549066,"Calle las rosas, #3",#3 Calle Las Rosas,,Dominican Republic,18.4880066,-69.9521399,,,,osm-dominican-republic-expanded-2026-05-20,2026-05-20T19:32:17.199Z,pending,none,needs_research,"calle las rosas, #3|18.488|-69.9521",node,apartment,missingCity; missingWebsite; missingPhone
node/5548040221,OpenStreetMap,osm,ODbL,https://www.openstreetmap.org/node/5548040221,Residencial Don Carlos,,,Dominican Republic,18.5354747,-69.8455882,,,,osm-dominican-republic-expanded-2026-05-20,2026-05-20T19:32:17.199Z,pending,none,needs_research,residencial don carlos|18.5355|-69.8456,node,apartment,missingCity; missingWebsite; missingPhone
node/5552333421,OpenStreetMap,osm,ODbL,https://www.openstreetmap.org/node/5552333421,Mi casa,"19 Calle Penetracion 2da, 10031",,Dominican Republic,19.4216466,-70.6844907,,,,osm-dominican-republic-expanded-2026-05-20,2026-05-20T19:32:17.199Z,pending,none,needs_research,mi casa|19.4216|-70.6845,node,apartment,missingCity; missingWebsite; missingPhone
node/5554883821,OpenStreetMap,osm,ODbL,https://www.openstreetmap.org/node/5554883821,Altamar V,,,Dominican Republic,18.4863506,-69.9386608,,,,osm-dominican-republic-expanded-2026-05-20,2026-05-20T19:32:17.199Z,pending,none,needs_research,altamar v|18.4864|-69.9387,node,apartment,missingCity; missingWebsite; missingPhone
node/5557055226,OpenStreetMap,osm,ODbL,https://www.openstreetmap.org/node/5557055226,"Calle astral, #1",#1 Atral,,Dominican Republic,18.529174,-69.9069164,,,,osm-dominican-republic-expanded-2026-05-20,2026-05-20T19:32:17.199Z,pending,none,needs_research,"calle astral, #1|18.5292|-69.9069",node,apartment,missingCity; missingWebsite; missingPhone
node/5559439921,OpenStreetMap,osm,ODbL,https://www.openstreetmap.org/node/5559439921,"Calle Madrigal, #39",#39 Calle Madrigal,,Dominican Republic,18.5043699,-69.9355506,,,,osm-dominican-republic-expanded-2026-05-20,2026-05-20T19:32:17.199Z,pending,none,needs_research,"calle madrigal, #39|18.5044|-69.9356",node,apartment,missingCity; missingWebsite; missingPhone
node/5565305910,OpenStreetMap,osm,ODbL,https://www.openstreetmap.org/node/5565305910,El Beaterio Guest House,8 Calle Duarte,,Dominican Republic,18.4714971,-69.8857359,,,,osm-dominican-republic-expanded-2026-05-20,2026-05-20T19:32:17.199Z,pending,none,needs_research,el beaterio guest house|18.4715|-69.8857,node,hotel,missingCity; missingWebsite; missingPhone
node/5567139796,OpenStreetMap,osm,ODbL,https://www.openstreetmap.org/node/5567139796,"Calle circunvalacion, #20",#20 Avenida Coronel Juan Maria Lora Fernandez,,Dominican Republic,18.4893044,-69.9690314,,,,osm-dominican-republic-expanded-2026-05-20,2026-05-20T19:32:17.199Z,pending,none,needs_research,"calle circunvalacion, #20|18.4893|-69.969",node,apartment,missingCity; missingWebsite; missingPhone
node/5567248722,OpenStreetMap,osm,ODbL,https://www.openstreetmap.org/node/5567248722,"Calle proyecto, #8",#8 calle proyecto,,Dominican Republic,18.5248617,-69.920606,,,,osm-dominican-republic-expanded-2026-05-20,2026-05-20T19:32:17.199Z,pending,none,needs_research,"calle proyecto, #8|18.5249|-69.9206",node,apartment,missingCity; missingWebsite; missingPhone
node/5577183122,OpenStreetMap,osm,ODbL,https://www.openstreetmap.org/node/5577183122,Manzana G,,,Dominican Republic,18.5401955,-69.8012221,,,,osm-dominican-republic-expanded-2026-05-20,2026-05-20T19:32:17.199Z,pending,none,needs_research,manzana g|18.5402|-69.8012,node,apartment,missingCity; missingWebsite; missingPhone
node/5580838922,OpenStreetMap,osm,ODbL,https://www.openstreetmap.org/node/5580838922,"D, arys salón, #24",#24 Calle Aldonza,,Dominican Republic,18.4824476,-69.9670635,,,,osm-dominican-republic-expanded-2026-05-20,2026-05-20T19:32:17.199Z,pending,none,needs_research,"d, arys salon, #24|18.4824|-69.9671",node,apartment,missingCity; missingWebsite; missingPhone
node/5581234621,OpenStreetMap,osm,ODbL,https://www.openstreetmap.org/node/5581234621,"Calle imbert, #34",#34 Calle Imbert,,Dominican Republic,18.5346344,-69.9085996,,,,osm-dominican-republic-expanded-2026-05-20,2026-05-20T19:32:17.199Z,pending,none,needs_research,"calle imbert, #34|18.5346|-69.9086",node,apartment,missingCity; missingWebsite; missingPhone
node/5581234721,OpenStreetMap,osm,ODbL,https://www.openstreetmap.org/node/5581234721,"Calle 9, #6",#6 Calle 9,,Dominican Republic,18.5408612,-69.9073016,,,,osm-dominican-republic-expanded-2026-05-20,2026-05-20T19:32:17.199Z,pending,none,needs_research,"calle 9, #6|18.5409|-69.9073",node,apartment,missingCity; missingWebsite; missingPhone
node/5581234722,OpenStreetMap,osm,ODbL,https://www.openstreetmap.org/node/5581234722,"Calle 5ta, #7",#7 Calle 5ta,,Dominican Republic,18.5421392,-69.8917791,,,,osm-dominican-republic-expanded-2026-05-20,2026-05-20T19:32:17.199Z,pending,none,needs_research,"calle 5ta, #7|18.5421|-69.8918",node,apartment,missingCity; missingWebsite; missingPhone
node/5581234723,OpenStreetMap,osm,ODbL,https://www.openstreetmap.org/node/5581234723,"Calle las trinitaris, #23-B",#23-B Calle Los Trinitarios,,Dominican Republic,18.5067148,-69.9409208,,,,osm-dominican-republic-expanded-2026-05-20,2026-05-20T19:32:17.199Z,pending,none,needs_research,"calle las trinitaris, #23-b|18.5067|-69.9409",node,apartment,missingCity; missingWebsite; missingPhone
node/5590240722,OpenStreetMap,osm,ODbL,https://www.openstreetmap.org/node/5590240722,"Calle orquídeas, 13",#13 Calle Las Orquideas,,Dominican Republic,18.5023538,-69.9176736,,,,osm-dominican-republic-expanded-2026-05-20,2026-05-20T19:32:17.199Z,pending,none,needs_research,"calle orquideas, 13|18.5024|-69.9177",node,apartment,missingCity; missingWebsite; missingPhone
node/5594842324,OpenStreetMap,osm,ODbL,https://www.openstreetmap.org/node/5594842324,"Calle los aleilies, esq yakimond #8",#9 Calle Alelies,,Dominican Republic,18.4864826,-69.9604313,,,,osm-dominican-republic-expanded-2026-05-20,2026-05-20T19:32:17.199Z,pending,none,needs_research,"calle los aleilies, esq yakimond #8|18.4865|-69.9604",node,apartment,missingCity; missingWebsite; missingPhone
node/5595144823,OpenStreetMap,osm,ODbL,https://www.openstreetmap.org/node/5595144823,Swell Surf Camp,las Palmeras,,Dominican Republic,19.7496697,-70.4157005,https://swellsurfcamp.com/,,,osm-dominican-republic-expanded-2026-05-20,2026-05-20T19:32:17.199Z,pending,none,needs_research,swell surf camp|19.7497|-70.4157,node,hotel,missingCity; missingPhone
node/5604756821,OpenStreetMap,osm,ODbL,https://www.openstreetmap.org/node/5604756821,"Calle vía, #11",#11 Calle Via,,Dominican Republic,18.4891247,-69.9661426,,,,osm-dominican-republic-expanded-2026-05-20,2026-05-20T19:32:17.199Z,pending,none,needs_research,"calle via, #11|18.4891|-69.9661",node,apartment,missingCity; missingWebsite; missingPhone
node/5604913021,OpenStreetMap,osm,ODbL,https://www.openstreetmap.org/node/5604913021,"Calle, 3ra proyecto popular",#1 Calle 3ra,,Dominican Republic,18.5005239,-69.9187423,,,,osm-dominican-republic-expanded-2026-05-20,2026-05-20T19:32:17.199Z,pending,none,needs_research,"calle, 3ra proyecto popular|18.5005|-69.9187",node,apartment,missingCity; missingWebsite; missingPhone
node/5607661721,OpenStreetMap,osm,ODbL,https://www.openstreetmap.org/node/5607661721,"Nicolás de ovando, #455",#455 Avenida Nicolás de Ovando,,Dominican Republic,18.4992613,-69.9245478,,,,osm-dominican-republic-expanded-2026-05-20,2026-05-20T19:32:17.199Z,pending,none,needs_research,"nicolas de ovando, #455|18.4993|-69.9245",node,apartment,missingCity; missingWebsite; missingPhone
node/5607664521,OpenStreetMap,osm,ODbL,https://www.openstreetmap.org/node/5607664521,"Calle 1ra, #22",#22 Calle 1,,Dominican Republic,18.5450836,-69.9021222,,8493589457,,osm-dominican-republic-expanded-2026-05-20,2026-05-20T19:32:17.199Z,pending,none,needs_research,"calle 1ra, #22|18.5451|-69.9021",node,apartment,missingCity; missingWebsite
node/5608279422,OpenStreetMap,osm,ODbL,https://www.openstreetmap.org/node/5608279422,Don jose,Calle Juan Isidro,,Dominican Republic,18.4796886,-69.955899,,,,osm-dominican-republic-expanded-2026-05-20,2026-05-20T19:32:17.199Z,pending,none,needs_research,don jose|18.4797|-69.9559,node,apartment,missingCity; missingWebsite; missingPhone
node/5609733921,OpenStreetMap,osm,ODbL,https://www.openstreetmap.org/node/5609733921,"Calle vía, #33",#33 Calle Via,,Dominican Republic,18.4901699,-69.9671096,,,,osm-dominican-republic-expanded-2026-05-20,2026-05-20T19:32:17.199Z,pending,none,needs_research,"calle via, #33|18.4902|-69.9671",node,apartment,missingCity; missingWebsite; missingPhone
node/5612082121,OpenStreetMap,osm,ODbL,https://www.openstreetmap.org/node/5612082121,"Calle F, EDF 25",EDF.25 Calle F,,Dominican Republic,18.4972487,-69.9664447,,,,osm-dominican-republic-expanded-2026-05-20,2026-05-20T19:32:17.199Z,pending,none,needs_research,"calle f, edf 25|18.4972|-69.9664",node,apartment,missingCity; missingWebsite; missingPhone
node/5612082221,OpenStreetMap,osm,ODbL,https://www.openstreetmap.org/node/5612082221,Respaldo felix marcano #8,#8 Respaldo Felix Marcano,,Dominican Republic,18.5194653,-69.9046818,,,,osm-dominican-republic-expanded-2026-05-20,2026-05-20T19:32:17.199Z,pending,none,needs_research,respaldo felix marcano #8|18.5195|-69.9047,node,apartment,missingCity; missingWebsite; missingPhone
node/5612082321,OpenStreetMap,osm,ODbL,https://www.openstreetmap.org/node/5612082321,"Calle 1ra, #26",#26 Calle 1ra,,Dominican Republic,18.5069595,-69.9381764,,,,osm-dominican-republic-expanded-2026-05-20,2026-05-20T19:32:17.199Z,pending,none,needs_research,"calle 1ra, #26|18.507|-69.9382",node,apartment,missingCity; missingWebsite; missingPhone
node/5612082322,OpenStreetMap,osm,ODbL,https://www.openstreetmap.org/node/5612082322,Edificio Brígida 1,apt.102-c Litoral Sur,,Dominican Republic,18.5200749,-69.9176275,,,,osm-dominican-republic-expanded-2026-05-20,2026-05-20T19:32:17.199Z,pending,none,needs_research,edificio brigida 1|18.5201|-69.9176,node,apartment,missingCity; missingWebsite; missingPhone
node/5612082323,OpenStreetMap,osm,ODbL,https://www.openstreetmap.org/node/5612082323,"Calle 44, #51",#51 Calle 44,,Dominican Republic,18.5230029,-69.8982993,,,,osm-dominican-republic-expanded-2026-05-20,2026-05-20T19:32:17.199Z,pending,none,needs_research,"calle 44, #51|18.523|-69.8983",node,apartment,missingCity; missingWebsite; missingPhone
node/5614046221,OpenStreetMap,osm,ODbL,https://www.openstreetmap.org/node/5614046221,Casa,,,Dominican Republic,19.4348271,-70.6647493,,,,osm-dominican-republic-expanded-2026-05-20,2026-05-20T19:32:17.199Z,pending,none,needs_research,casa|19.4348|-70.6647,node,guest_house,missingCity; missingWebsite; missingPhone
node/5615148921,OpenStreetMap,osm,ODbL,https://www.openstreetmap.org/node/5615148921,,,,Dominican Republic,19.2112482,-70.5088125,,,,osm-dominican-republic-expanded-2026-05-20,2026-05-20T19:32:17.199Z,pending,none,needs_research,unknown|19.2112|-70.5088,node,apartment,missingName; missingCity; missingWebsite; missingPhone
node/5617850021,OpenStreetMap,osm,ODbL,https://www.openstreetmap.org/node/5617850021,Blast beauty,#128 Calle Club de Leones,,Dominican Republic,18.489476,-69.8682601,,,,osm-dominican-republic-expanded-2026-05-20,2026-05-20T19:32:17.199Z,pending,none,needs_research,blast beauty|18.4895|-69.8683,node,apartment,missingCity; missingWebsite; missingPhone
node/5619992322,OpenStreetMap,osm,ODbL,https://www.openstreetmap.org/node/5619992322,"Calle vía, #2",#2 Calle Via,,Dominican Republic,18.4882653,-69.9653951,,,,osm-dominican-republic-expanded-2026-05-20,2026-05-20T19:32:17.199Z,pending,none,needs_research,"calle via, #2|18.4883|-69.9654",node,apartment,missingCity; missingWebsite; missingPhone
node/5620103722,OpenStreetMap,osm,ODbL,https://www.openstreetmap.org/node/5620103722,"Calle central, #18",#18 Calle Central,,Dominican Republic,18.5026753,-69.9557546,,8294218323,,osm-dominican-republic-expanded-2026-05-20,2026-05-20T19:32:17.199Z,pending,none,needs_research,"calle central, #18|18.5027|-69.9558",node,apartment,missingCity; missingWebsite
node/5620104321,OpenStreetMap,osm,ODbL,https://www.openstreetmap.org/node/5620104321,"Calle Cantabria, #14",#14 Calle Cantabria,,Dominican Republic,18.501315,-69.9666303,,8096834630,,osm-dominican-republic-expanded-2026-05-20,2026-05-20T19:32:17.199Z,pending,none,needs_research,"calle cantabria, #14|18.5013|-69.9666",node,apartment,missingCity; missingWebsite
node/5620131221,OpenStreetMap,osm,ODbL,https://www.openstreetmap.org/node/5620131221,"Calle 45, esq 38, Edificio, 4",#4 edificio San Juan de la Maguana,,Dominican Republic,18.5008954,-69.9278077,,,,osm-dominican-republic-expanded-2026-05-20,2026-05-20T19:32:17.199Z,pending,none,needs_research,"calle 45, esq 38, edificio, 4|18.5009|-69.9278",node,apartment,missingCity; missingWebsite; missingPhone
node/5620503421,OpenStreetMap,osm,ODbL,https://www.openstreetmap.org/node/5620503421,"Calle 36, #8",#8 Calle 36A,,Dominican Republic,18.5002688,-69.9213836,,,,osm-dominican-republic-expanded-2026-05-20,2026-05-20T19:32:17.199Z,pending,none,needs_research,"calle 36, #8|18.5003|-69.9214",node,apartment,missingCity; missingWebsite; missingPhone
node/5620503521,OpenStreetMap,osm,ODbL,https://www.openstreetmap.org/node/5620503521,"Calle 4, #12",#12 Calle 4ta.,,Dominican Republic,18.5327737,-69.905688,,,,osm-dominican-republic-expanded-2026-05-20,2026-05-20T19:32:17.199Z,pending,none,needs_research,"calle 4, #12|18.5328|-69.9057",node,apartment,missingCity; missingWebsite; missingPhone
node/5622726724,OpenStreetMap,osm,ODbL,https://www.openstreetmap.org/node/5622726724,Nata auto import #15,#15 Avenida Hermanas Mirabal,,Dominican Republic,18.5260384,-69.9160737,,,,osm-dominican-republic-expanded-2026-05-20,2026-05-20T19:32:17.199Z,pending,none,needs_research,nata auto import #15|18.526|-69.9161,node,apartment,missingCity; missingWebsite; missingPhone
node/5625023921,OpenStreetMap,osm,ODbL,https://www.openstreetmap.org/node/5625023921,Calle primavera #6,#6 Calle Primavera,,Dominican Republic,18.4817073,-69.9624281,,,,osm-dominican-republic-expanded-2026-05-20,2026-05-20T19:32:17.199Z,pending,none,needs_research,calle primavera #6|18.4817|-69.9624,node,apartment,missingCity; missingWebsite; missingPhone
node/5625322621,OpenStreetMap,osm,ODbL,https://www.openstreetmap.org/node/5625322621,San geronimo 3,,,Dominican Republic,18.540782,-69.9457143,,,,osm-dominican-republic-expanded-2026-05-20,2026-05-20T19:32:17.199Z,pending,none,needs_research,san geronimo 3|18.5408|-69.9457,node,apartment,missingCity; missingWebsite; missingPhone
node/5626959221,OpenStreetMap,osm,ODbL,https://www.openstreetmap.org/node/5626959221,"Dinco, srl, 341",#341 Avenida Hermanas Mirabal,,Dominican Republic,18.5272722,-69.9130543,,,,osm-dominican-republic-expanded-2026-05-20,2026-05-20T19:32:17.199Z,pending,none,needs_research,"dinco, srl, 341|18.5273|-69.9131",node,apartment,missingCity; missingWebsite; missingPhone
node/5633486826,OpenStreetMap,osm,ODbL,https://www.openstreetmap.org/node/5633486826,Calle guayabal 1,1 Calle Guayabal,,Dominican Republic,18.4879498,-69.9659603,,8095199740,,osm-dominican-republic-expanded-2026-05-20,2026-05-20T19:32:17.199Z,pending,none,needs_research,calle guayabal 1|18.4879|-69.966,node,apartment,missingCity; missingWebsite
node/5633486827,OpenStreetMap,osm,ODbL,https://www.openstreetmap.org/node/5633486827,Calle soliman #8,#8 Calle Soliman,,Dominican Republic,18.5023387,-69.9677572,,,,osm-dominican-republic-expanded-2026-05-20,2026-05-20T19:32:17.199Z,pending,none,needs_research,calle soliman #8|18.5023|-69.9678,node,apartment,missingCity; missingWebsite; missingPhone
node/5633519321,OpenStreetMap,osm,ODbL,https://www.openstreetmap.org/node/5633519321,Arvelo export import srl 136,#136 Avenida Jacobo Majluta,,Dominican Republic,18.5115741,-69.9567327,,,,osm-dominican-republic-expanded-2026-05-20,2026-05-20T19:32:17.199Z,pending,none,needs_research,arvelo export import srl 136|18.5116|-69.9567,node,apartment,missingCity; missingWebsite; missingPhone
node/5633519322,OpenStreetMap,osm,ODbL,https://www.openstreetmap.org/node/5633519322,Dignity import export #4,#4 Avenida Jacobo Majluta,,Dominican Republic,18.5463958,-69.9170867,,8093640605,,osm-dominican-republic-expanded-2026-05-20,2026-05-20T19:32:17.199Z,pending,none,needs_research,dignity import export #4|18.5464|-69.9171,node,apartment,missingCity; missingWebsite
node/5635648823,OpenStreetMap,osm,ODbL,https://www.openstreetmap.org/node/5635648823,Calle modesto Díaz #21,#21 Calle General Modesto Díaz,,Dominican Republic,18.5229361,-69.9122795,,,,osm-dominican-republic-expanded-2026-05-20,2026-05-20T19:32:17.199Z,pending,none,needs_research,calle modesto diaz #21|18.5229|-69.9123,node,apartment,missingCity; missingWebsite; missingPhone
node/5638068221,OpenStreetMap,osm,ODbL,https://www.openstreetmap.org/node/5638068221,Colamado willy 10,10 Calle respaldo 1ra,,Dominican Republic,18.4861849,-69.9716156,,,,osm-dominican-republic-expanded-2026-05-20,2026-05-20T19:32:17.199Z,pending,none,needs_research,colamado willy 10|18.4862|-69.9716,node,apartment,missingCity; missingWebsite; missingPhone
node/5638068321,OpenStreetMap,osm,ODbL,https://www.openstreetmap.org/node/5638068321,Calle cenovi 5,#5 Calle Cenovi,,Dominican Republic,18.4894981,-69.9646427,,,,osm-dominican-republic-expanded-2026-05-20,2026-05-20T19:32:17.199Z,pending,none,needs_research,calle cenovi 5|18.4895|-69.9646,node,apartment,missingCity; missingWebsite; missingPhone
node/5641827925,OpenStreetMap,osm,ODbL,https://www.openstreetmap.org/node/5641827925,"Jfg kosmetik, grupo Ureña #9",#9 Calle E,,Dominican Republic,18.5014541,-69.9552411,,,,osm-dominican-republic-expanded-2026-05-20,2026-05-20T19:32:17.199Z,pending,none,needs_research,"jfg kosmetik, grupo urena #9|18.5015|-69.9552",node,apartment,missingCity; missingWebsite; missingPhone
node/5648139622,OpenStreetMap,osm,ODbL,https://www.openstreetmap.org/node/5648139622,Hostal Mendez,"Calle AMELIA RICART, La Boruga, 10804, Dominican Republic, 10804",,Dominican Republic,18.5108946,-70.0154626,,+1 809-530-4177,,osm-dominican-republic-expanded-2026-05-20,2026-05-20T19:32:17.199Z,pending,none,needs_research,hostal mendez|18.5109|-70.0155,node,guest_house,missingCity; missingWebsite
node/5648209223,OpenStreetMap,osm,ODbL,https://www.openstreetmap.org/node/5648209223,Calle Romero EDF 15,#15 Calle Romero,,Dominican Republic,18.4853699,-69.9521162,,,,osm-dominican-republic-expanded-2026-05-20,2026-05-20T19:32:17.199Z,pending,none,needs_research,calle romero edf 15|18.4854|-69.9521,node,apartment,missingCity; missingWebsite; missingPhone
node/5648213221,OpenStreetMap,osm,ODbL,https://www.openstreetmap.org/node/5648213221,Calle 40 #18,#18 Calle 40,,Dominican Republic,18.5259615,-69.8987234,,,,osm-dominican-republic-expanded-2026-05-20,2026-05-20T19:32:17.199Z,pending,none,needs_research,calle 40 #18|18.526|-69.8987,node,apartment,missingCity; missingWebsite; missingPhone
node/5648213222,OpenStreetMap,osm,ODbL,https://www.openstreetmap.org/node/5648213222,El forito 1 esq H5,#1 Respaldo Paronama,,Dominican Republic,18.5048213,-69.9475126,,,,osm-dominican-republic-expanded-2026-05-20,2026-05-20T19:32:17.199Z,pending,none,needs_research,el forito 1 esq h5|18.5048|-69.9475,node,apartment,missingCity; missingWebsite; missingPhone
node/5652091921,OpenStreetMap,osm,ODbL,https://www.openstreetmap.org/node/5652091921,Todo usado #392,#392 Avenida Hermanas Mirabal,,Dominican Republic,18.5306243,-69.9076624,,,,osm-dominican-republic-expanded-2026-05-20,2026-05-20T19:32:17.199Z,pending,none,needs_research,todo usado #392|18.5306|-69.9077,node,apartment,missingCity; missingWebsite; missingPhone
node/5652160824,OpenStreetMap,osm,ODbL,https://www.openstreetmap.org/node/5652160824,Calle Vigía #5,#5 La Vigia,,Dominican Republic,18.5060594,-69.9651876,,,,osm-dominican-republic-expanded-2026-05-20,2026-05-20T19:32:17.199Z,pending,none,needs_research,calle vigia #5|18.5061|-69.9652,node,apartment,missingCity; missingWebsite; missingPhone
node/5652176621,OpenStreetMap,osm,ODbL,https://www.openstreetmap.org/node/5652176621,Joyería oriental #414,#414 Avenida Nicolás de Ovando,,Dominican Republic,18.4991634,-69.9245256,,,,osm-dominican-republic-expanded-2026-05-20,2026-05-20T19:32:17.199Z,pending,none,needs_research,joyeria oriental #414|18.4992|-69.9245,node,apartment,missingCity; missingWebsite; missingPhone
node/5654204526,OpenStreetMap,osm,ODbL,https://www.openstreetmap.org/node/5654204526,Residencial Esther,,,Dominican Republic,18.5210717,-69.9934902,,,,osm-dominican-republic-expanded-2026-05-20,2026-05-20T19:32:17.199Z,pending,none,needs_research,residencial esther|18.5211|-69.9935,node,apartment,missingCity; missingWebsite; missingPhone
node/5656629029,OpenStreetMap,osm,ODbL,https://www.openstreetmap.org/node/5656629029,Respaldo paseo del llano #18,#18 Paseo del Llano,,Dominican Republic,18.5509096,-69.8865367,,,,osm-dominican-republic-expanded-2026-05-20,2026-05-20T19:32:17.199Z,pending,none,needs_research,respaldo paseo del llano #18|18.5509|-69.8865,node,apartment,missingCity; missingWebsite; missingPhone
node/5659226979,OpenStreetMap,osm,ODbL,https://www.openstreetmap.org/node/5659226979,Calle luperon #20,#20 Calle luperon,,Dominican Republic,18.5237393,-69.9152017,,,,osm-dominican-republic-expanded-2026-05-20,2026-05-20T19:32:17.199Z,pending,none,needs_research,calle luperon #20|18.5237|-69.9152,node,apartment,missingCity; missingWebsite; missingPhone
node/5667576021,OpenStreetMap,osm,ODbL,https://www.openstreetmap.org/node/5667576021,Calle Urano,#1 Calle urano,,Dominican Republic,18.5249255,-69.9130045,,,,osm-dominican-republic-expanded-2026-05-20,2026-05-20T19:32:17.199Z,pending,none,needs_research,calle urano|18.5249|-69.913,node,apartment,missingCity; missingWebsite; missingPhone
node/5673211021,OpenStreetMap,osm,ODbL,https://www.openstreetmap.org/node/5673211021,Calle maguey esq cevico,#1 Calle Maguey,,Dominican Republic,18.4923397,-69.9621502,,,,osm-dominican-republic-expanded-2026-05-20,2026-05-20T19:32:17.199Z,pending,none,needs_research,calle maguey esq cevico|18.4923|-69.9622,node,apartment,missingCity; missingWebsite; missingPhone
node/5675969722,OpenStreetMap,osm,ODbL,https://www.openstreetmap.org/node/5675969722,Edificio #10,#1-1 EDF 10 Calle 42,,Dominican Republic,18.5043256,-69.9196389,,,,osm-dominican-republic-expanded-2026-05-20,2026-05-20T19:32:17.199Z,pending,none,needs_research,edificio #10|18.5043|-69.9196,node,apartment,missingCity; missingWebsite; missingPhone
node/5681820971,OpenStreetMap,osm,ODbL,https://www.openstreetmap.org/node/5681820971,Edificio isesa,Calle Los Manantiales,,Dominican Republic,18.4900016,-69.971564,,,,osm-dominican-republic-expanded-2026-05-20,2026-05-20T19:32:17.199Z,pending,none,needs_research,edificio isesa|18.49|-69.9716,node,apartment,missingCity; missingWebsite; missingPhone
node/5681856552,OpenStreetMap,osm,ODbL,https://www.openstreetmap.org/node/5681856552,Edificio Amon,Calle 13,,Dominican Republic,18.4840358,-69.9918277,,,,osm-dominican-republic-expanded-2026-05-20,2026-05-20T19:32:17.199Z,pending,none,needs_research,edificio amon|18.484|-69.9918,node,apartment,missingCity; missingWebsite; missingPhone
node/5681856553,OpenStreetMap,osm,ODbL,https://www.openstreetmap.org/node/5681856553,Edificio teresa,Caĺle 5ta. Esquina carretera de engombe,,Dominican Republic,18.4583808,-69.990698,,,,osm-dominican-republic-expanded-2026-05-20,2026-05-20T19:32:17.199Z,pending,none,needs_research,edificio teresa|18.4584|-69.9907,node,apartment,missingCity; missingWebsite; missingPhone
node/5682691723,OpenStreetMap,osm,ODbL,https://www.openstreetmap.org/node/5682691723,Calle 39 #65,#65 Calle 39,,Dominican Republic,18.4999149,-69.9242092,,,,osm-dominican-republic-expanded-2026-05-20,2026-05-20T19:32:17.199Z,pending,none,needs_research,calle 39 #65|18.4999|-69.9242,node,apartment,missingCity; missingWebsite; missingPhone
node/5682710522,OpenStreetMap,osm,ODbL,https://www.openstreetmap.org/node/5682710522,Calle 14 #29,#29 Calle 14,,Dominican Republic,18.53052,-69.9035036,,,,osm-dominican-republic-expanded-2026-05-20,2026-05-20T19:32:17.199Z,pending,none,needs_research,calle 14 #29|18.5305|-69.9035,node,apartment,missingCity; missingWebsite; missingPhone
node/5682749621,OpenStreetMap,osm,ODbL,https://www.openstreetmap.org/node/5682749621,Calle Marte #4-B,#4-B Calle marte,,Dominican Republic,18.5236425,-69.9103204,,,,osm-dominican-republic-expanded-2026-05-20,2026-05-20T19:32:17.199Z,pending,none,needs_research,calle marte #4-b|18.5236|-69.9103,node,apartment,missingCity; missingWebsite; missingPhone
node/5685742422,OpenStreetMap,osm,ODbL,https://www.openstreetmap.org/node/5685742422,M-A #4,#4 Calle 1,,Dominican Republic,18.5458909,-69.9076584,,,,osm-dominican-republic-expanded-2026-05-20,2026-05-20T19:32:17.199Z,pending,none,needs_research,m-a #4|18.5459|-69.9077,node,apartment,missingCity; missingWebsite; missingPhone
node/5688089045,OpenStreetMap,osm,ODbL,https://www.openstreetmap.org/node/5688089045,"Lopesan Costa Bávaro Resort, Spa & Casino","Playa Bavaro, Punta Cana, 23301, DO",Punta Cana,DO,18.6702253,-68.4056539,https://www.lopesan.com/es/hoteles/republica-dominicana/punta-cana/playa-bavaro/costa-bavaro/,+1 809-200-2101,Lopesan,osm-dominican-republic-expanded-2026-05-20,2026-05-20T19:32:17.199Z,pending,none,needs_research,"lopesan costa bavaro resort, spa & casino|punta cana|do",node,hotel,
node/5688252222,OpenStreetMap,osm,ODbL,https://www.openstreetmap.org/node/5688252222,Calle naviza esq cumbre 7,Calle cumbre,,Dominican Republic,18.5059421,-69.9664531,,,,osm-dominican-republic-expanded-2026-05-20,2026-05-20T19:32:17.199Z,pending,none,needs_research,calle naviza esq cumbre 7|18.5059|-69.9665,node,apartment,missingCity; missingWebsite; missingPhone
node/5688630334,OpenStreetMap,osm,ODbL,https://www.openstreetmap.org/node/5688630334,Calle romance #8 salón rosy,#8 Calle Romance,,Dominican Republic,18.5232582,-69.9131216,,,,osm-dominican-republic-expanded-2026-05-20,2026-05-20T19:32:17.199Z,pending,none,needs_research,calle romance #8 salon rosy|18.5233|-69.9131,node,apartment,missingCity; missingWebsite; missingPhone
node/5691204522,OpenStreetMap,osm,ODbL,https://www.openstreetmap.org/node/5691204522,TEKNOHOME,555 Avenida Roberto Pastoriza,,Dominican Republic,18.4653705,-69.9394372,,,,osm-dominican-republic-expanded-2026-05-20,2026-05-20T19:32:17.199Z,pending,none,needs_research,teknohome|18.4654|-69.9394,node,apartment,missingCity; missingWebsite; missingPhone
node/5694006321,OpenStreetMap,osm,ODbL,https://www.openstreetmap.org/node/5694006321,Calixto garcia #24,#24 Calixto Garcia,,Dominican Republic,18.5208245,-69.9092571,,,,osm-dominican-republic-expanded-2026-05-20,2026-05-20T19:32:17.199Z,pending,none,needs_research,calixto garcia #24|18.5208|-69.9093,node,apartment,missingCity; missingWebsite; missingPhone
node/5694006322,OpenStreetMap,osm,ODbL,https://www.openstreetmap.org/node/5694006322,Calle maguey #11,#11 Calle Maguey,,Dominican Republic,18.4927557,-69.962826,,,,osm-dominican-republic-expanded-2026-05-20,2026-05-20T19:32:17.199Z,pending,none,needs_research,calle maguey #11|18.4928|-69.9628,node,apartment,missingCity; missingWebsite; missingPhone
node/5699997923,OpenStreetMap,osm,ODbL,https://www.openstreetmap.org/node/5699997923,Calle nizao #2,#2 Paseo del Nizao,,Dominican Republic,18.4917225,-69.9599723,,,,osm-dominican-republic-expanded-2026-05-20,2026-05-20T19:32:17.199Z,pending,none,needs_research,calle nizao #2|18.4917|-69.96,node,apartment,missingCity; missingWebsite; missingPhone
node/5700023121,OpenStreetMap,osm,ODbL,https://www.openstreetmap.org/node/5700023121,Naveo #13,#13 Calle Aldonza,,Dominican Republic,18.4824929,-69.9666912,,,,osm-dominican-republic-expanded-2026-05-20,2026-05-20T19:32:17.199Z,pending,none,needs_research,naveo #13|18.4825|-69.9667,node,apartment,missingCity; missingWebsite; missingPhone
node/5700033024,OpenStreetMap,osm,ODbL,https://www.openstreetmap.org/node/5700033024,Calle respaldo 25 #2,#2 Calle 25,,Dominican Republic,18.5224766,-69.9004335,,,,osm-dominican-republic-expanded-2026-05-20,2026-05-20T19:32:17.199Z,pending,none,needs_research,calle respaldo 25 #2|18.5225|-69.9004,node,apartment,missingCity; missingWebsite; missingPhone
node/5702512549,OpenStreetMap,osm,ODbL,https://www.openstreetmap.org/node/5702512549,Calle 62 #3,#3 Calle 62,,Dominican Republic,18.5234873,-69.8983813,,,,osm-dominican-republic-expanded-2026-05-20,2026-05-20T19:32:17.199Z,pending,none,needs_research,calle 62 #3|18.5235|-69.8984,node,apartment,missingCity; missingWebsite; missingPhone
node/5702512639,OpenStreetMap,osm,ODbL,https://www.openstreetmap.org/node/5702512639,61-B,#61-B Calle 6,,Dominican Republic,18.5402984,-69.9076078,,,,osm-dominican-republic-expanded-2026-05-20,2026-05-20T19:32:17.199Z,pending,none,needs_research,61-b|18.5403|-69.9076,node,apartment,missingCity; missingWebsite; missingPhone
node/5705993047,OpenStreetMap,osm,ODbL,https://www.openstreetmap.org/node/5705993047,Cerros del Cristo #4,#4 Calle Cerro del Cristo,,Dominican Republic,18.5031005,-69.9629099,,,,osm-dominican-republic-expanded-2026-05-20,2026-05-20T19:32:17.199Z,pending,none,needs_research,cerros del cristo #4|18.5031|-69.9629,node,apartment,missingCity; missingWebsite; missingPhone
node/5711709822,OpenStreetMap,osm,ODbL,https://www.openstreetmap.org/node/5711709822,Calle paseo del yaque #10,#10 Paseo del Yaque,,Dominican Republic,18.4908882,-69.9616997,,,,osm-dominican-republic-expanded-2026-05-20,2026-05-20T19:32:17.199Z,pending,none,needs_research,calle paseo del yaque #10|18.4909|-69.9617,node,apartment,missingCity; missingWebsite; missingPhone
node/5749740921,OpenStreetMap,osm,ODbL,https://www.openstreetmap.org/node/5749740921,Residencial QD II,,,Dominican Republic,18.4673517,-69.9543728,,,,osm-dominican-republic-expanded-2026-05-20,2026-05-20T19:32:17.199Z,pending,none,needs_research,residencial qd ii|18.4674|-69.9544,node,apartment,missingCity; missingWebsite; missingPhone
node/5749741121,OpenStreetMap,osm,ODbL,https://www.openstreetmap.org/node/5749741121,Edificio Don Orencio V,La meseta,,Dominican Republic,18.4781107,-70.0068718,,,,osm-dominican-republic-expanded-2026-05-20,2026-05-20T19:32:17.199Z,pending,none,needs_research,edificio don orencio v|18.4781|-70.0069,node,apartment,missingCity; missingWebsite; missingPhone
node/5752715921,OpenStreetMap,osm,ODbL,https://www.openstreetmap.org/node/5752715921,Wendy,,,Dominican Republic,19.4732956,-70.6899653,,,,osm-dominican-republic-expanded-2026-05-20,2026-05-20T19:32:17.199Z,pending,none,needs_research,wendy|19.4733|-70.69,node,apartment,missingCity; missingWebsite; missingPhone
node/5779386353,OpenStreetMap,osm,ODbL,https://www.openstreetmap.org/node/5779386353,Casa de Emilia,,,Dominican Republic,18.9172468,-70.0504742,,,,osm-dominican-republic-expanded-2026-05-20,2026-05-20T19:32:17.199Z,pending,none,needs_research,casa de emilia|18.9172|-70.0505,node,apartment,missingCity; missingWebsite; missingPhone
node/5784968653,OpenStreetMap,osm,ODbL,https://www.openstreetmap.org/node/5784968653,Calle respaldo 21 #70,#70 Calle respaldo 21,,Dominican Republic,18.5425906,-69.9107057,,,,osm-dominican-republic-expanded-2026-05-20,2026-05-20T19:32:17.199Z,pending,none,needs_research,calle respaldo 21 #70|18.5426|-69.9107,node,apartment,missingCity; missingWebsite; missingPhone
node/5787972053,OpenStreetMap,osm,ODbL,https://www.openstreetmap.org/node/5787972053,Edificio yudelkis,Calle 2,,Dominican Republic,18.4627136,-69.9778465,,,,osm-dominican-republic-expanded-2026-05-20,2026-05-20T19:32:17.199Z,pending,none,needs_research,edificio yudelkis|18.4627|-69.9778,node,apartment,missingCity; missingWebsite; missingPhone
node/5800058056,OpenStreetMap,osm,ODbL,https://www.openstreetmap.org/node/5800058056,Residencial Alba Nelly 1,61 Calle 1ra,,Dominican Republic,18.4396562,-69.9494978,,,,osm-dominican-republic-expanded-2026-05-20,2026-05-20T19:32:17.199Z,pending,none,needs_research,residencial alba nelly 1|18.4397|-69.9495,node,apartment,missingCity; missingWebsite; missingPhone
node/5815758453,OpenStreetMap,osm,ODbL,https://www.openstreetmap.org/node/5815758453,Calle feliz marcano #188,#188 Felix Marcano,,Dominican Republic,18.5194449,-69.9080281,,,,osm-dominican-republic-expanded-2026-05-20,2026-05-20T19:32:17.199Z,pending,none,needs_research,calle feliz marcano #188|18.5194|-69.908,node,apartment,missingCity; missingWebsite; missingPhone
node/5832548392,OpenStreetMap,osm,ODbL,https://www.openstreetmap.org/node/5832548392,Calle 5 #91,#91 Calle 5,,Dominican Republic,18.526986,-69.9036152,,,,osm-dominican-republic-expanded-2026-05-20,2026-05-20T19:32:17.199Z,pending,none,needs_research,calle 5 #91|18.527|-69.9036,node,apartment,missingCity; missingWebsite; missingPhone
node/5844590085,OpenStreetMap,osm,ODbL,https://www.openstreetmap.org/node/5844590085,Calle 5 #15,#15 Calle 5ta.,,Dominican Republic,18.5347484,-69.8989427,,,,osm-dominican-republic-expanded-2026-05-20,2026-05-20T19:32:17.199Z,pending,none,needs_research,calle 5 #15|18.5347|-69.8989,node,apartment,missingCity; missingWebsite; missingPhone
node/5846733486,OpenStreetMap,osm,ODbL,https://www.openstreetmap.org/node/5846733486,Calle casui #22,#22 Calle Casui,,Dominican Republic,18.4894834,-69.9604715,,,,osm-dominican-republic-expanded-2026-05-20,2026-05-20T19:32:17.199Z,pending,none,needs_research,calle casui #22|18.4895|-69.9605,node,apartment,missingCity; missingWebsite; missingPhone
node/5846778485,OpenStreetMap,osm,ODbL,https://www.openstreetmap.org/node/5846778485,Calle los helechos residencial mirador Isabela v,#23 Calle los helechos,,Dominican Republic,18.5480836,-69.9032401,,,,osm-dominican-republic-expanded-2026-05-20,2026-05-20T19:32:17.199Z,pending,none,needs_research,calle los helechos residencial mirador isabela v|18.5481|-69.9032,node,apartment,missingCity; missingWebsite; missingPhone
node/5848180986,OpenStreetMap,osm,ODbL,https://www.openstreetmap.org/node/5848180986,San Martin,,,Dominican Republic,19.3973471,-70.522083,,,,osm-dominican-republic-expanded-2026-05-20,2026-05-20T19:32:17.199Z,pending,none,needs_research,san martin|19.3973|-70.5221,node,hotel,missingCity; missingWebsite; missingPhone
node/5849925685,OpenStreetMap,osm,ODbL,https://www.openstreetmap.org/node/5849925685,Calle renacer #2,#2 Calle renacer,,Dominican Republic,18.5438357,-69.897128,,,,osm-dominican-republic-expanded-2026-05-20,2026-05-20T19:32:17.199Z,pending,none,needs_research,calle renacer #2|18.5438|-69.8971,node,apartment,missingCity; missingWebsite; missingPhone
node/5850000787,OpenStreetMap,osm,ODbL,https://www.openstreetmap.org/node/5850000787,Carmen Renata III. Manzana Q 41,"Carmen Renata III, Manzana Q",,Dominican Republic,18.5180205,-69.9946258,,,,osm-dominican-republic-expanded-2026-05-20,2026-05-20T19:32:17.199Z,pending,none,needs_research,carmen renata iii. manzana q 41|18.518|-69.9946,node,apartment,missingCity; missingWebsite; missingPhone
node/5857266385,OpenStreetMap,osm,ODbL,https://www.openstreetmap.org/node/5857266385,Villa río san Juan,,,Dominican Republic,19.662659,-70.0665076,,,,osm-dominican-republic-expanded-2026-05-20,2026-05-20T19:32:17.199Z,pending,none,needs_research,villa rio san juan|19.6627|-70.0665,node,apartment,missingCity; missingWebsite; missingPhone
node/5866109985,OpenStreetMap,osm,ODbL,https://www.openstreetmap.org/node/5866109985,Residencial Cohisa XX,#26 Calle 1era,,Dominican Republic,18.4824386,-69.9652119,,,,osm-dominican-republic-expanded-2026-05-20,2026-05-20T19:32:17.199Z,pending,none,needs_research,residencial cohisa xx|18.4824|-69.9652,node,apartment,missingCity; missingWebsite; missingPhone
node/5867352185,OpenStreetMap,osm,ODbL,https://www.openstreetmap.org/node/5867352185,San Martin,,,Dominican Republic,19.3973807,-70.5222278,,,,osm-dominican-republic-expanded-2026-05-20,2026-05-20T19:32:17.199Z,pending,none,needs_research,san martin|19.3974|-70.5222,node,hotel,missingCity; missingWebsite; missingPhone
node/5872443585,OpenStreetMap,osm,ODbL,https://www.openstreetmap.org/node/5872443585,Edificio E-18,Autopista Duarte Vieja,,Dominican Republic,18.5395931,-70.0361651,,,,osm-dominican-republic-expanded-2026-05-20,2026-05-20T19:32:17.199Z,pending,none,needs_research,edificio e-18|18.5396|-70.0362,node,apartment,missingCity; missingWebsite; missingPhone
node/5879310685,OpenStreetMap,osm,ODbL,https://www.openstreetmap.org/node/5879310685,Calle Juan Alejandro i,#204 Calle Juan Alejandro lbarra,,Dominican Republic,18.5010442,-69.9199159,,,,osm-dominican-republic-expanded-2026-05-20,2026-05-20T19:32:17.199Z,pending,none,needs_research,calle juan alejandro i|18.501|-69.9199,node,apartment,missingCity; missingWebsite; missingPhone
node/5891278686,OpenStreetMap,osm,ODbL,https://www.openstreetmap.org/node/5891278686,Calle 38 #15,#15 Calle 62,,Dominican Republic,18.523935,-69.8978228,,,,osm-dominican-republic-expanded-2026-05-20,2026-05-20T19:32:17.199Z,pending,none,needs_research,calle 38 #15|18.5239|-69.8978,node,apartment,missingCity; missingWebsite; missingPhone
node/5902238892,OpenStreetMap,osm,ODbL,https://www.openstreetmap.org/node/5902238892,Moldeados dominicanos,7 kl Carretera la victoria,,Dominican Republic,18.5724878,-69.8836069,,,,osm-dominican-republic-expanded-2026-05-20,2026-05-20T19:32:17.199Z,pending,none,needs_research,moldeados dominicanos|18.5725|-69.8836,node,apartment,missingCity; missingWebsite; missingPhone
node/5911300085,OpenStreetMap,osm,ODbL,https://www.openstreetmap.org/node/5911300085,Calle Carlos Manuel Céspedes,#10 Calle Ml. Céspedes,,Dominican Republic,18.5220948,-69.9097572,,,,osm-dominican-republic-expanded-2026-05-20,2026-05-20T19:32:17.199Z,pending,none,needs_research,calle carlos manuel cespedes|18.5221|-69.9098,node,apartment,missingCity; missingWebsite; missingPhone
node/5916285505,OpenStreetMap,osm,ODbL,https://www.openstreetmap.org/node/5916285505,Hotel La Fuente,,,Dominican Republic,18.9157094,-70.7399671,,,,osm-dominican-republic-expanded-2026-05-20,2026-05-20T19:32:17.199Z,pending,none,needs_research,hotel la fuente|18.9157|-70.74,node,hotel,missingCity; missingWebsite; missingPhone
node/5916667511,OpenStreetMap,osm,ODbL,https://www.openstreetmap.org/node/5916667511,Hotel WC,,,Dominican Republic,18.9101855,-70.7445233,,,,osm-dominican-republic-expanded-2026-05-20,2026-05-20T19:32:17.199Z,pending,none,needs_research,hotel wc|18.9102|-70.7445,node,hotel,missingCity; missingWebsite; missingPhone
node/5930313289,OpenStreetMap,osm,ODbL,https://www.openstreetmap.org/node/5930313289,Hotel Mi Cabaña,,,Dominican Republic,18.9088058,-70.7452848,,,,osm-dominican-republic-expanded-2026-05-20,2026-05-20T19:32:17.199Z,pending,none,needs_research,hotel mi cabana|18.9088|-70.7453,node,hotel,missingCity; missingWebsite; missingPhone
node/5934871091,OpenStreetMap,osm,ODbL,https://www.openstreetmap.org/node/5934871091,Maguaco #23,#23 Calle Maguaca,,Dominican Republic,18.4934217,-69.9609337,,,,osm-dominican-republic-expanded-2026-05-20,2026-05-20T19:32:17.199Z,pending,none,needs_research,maguaco #23|18.4934|-69.9609,node,apartment,missingCity; missingWebsite; missingPhone
node/5935898328,OpenStreetMap,osm,ODbL,https://www.openstreetmap.org/node/5935898328,Resort Bahía de los Dioses,,,Dominican Republic,19.210062,-69.4790175,,,,osm-dominican-republic-expanded-2026-05-20,2026-05-20T19:32:17.199Z,pending,none,needs_research,resort bahia de los dioses|19.2101|-69.479,node,hotel,missingCity; missingWebsite; missingPhone
node/5936807188,OpenStreetMap,osm,ODbL,https://www.openstreetmap.org/node/5936807188,Hotel Cotubanamá,,,Dominican Republic,19.2040937,-69.3379862,,,,osm-dominican-republic-expanded-2026-05-20,2026-05-20T19:32:17.199Z,pending,none,needs_research,hotel cotubanama|19.2041|-69.338,node,hotel,missingCity; missingWebsite; missingPhone
node/5936880385,OpenStreetMap,osm,ODbL,https://www.openstreetmap.org/node/5936880385,Hotel El Paraíso,,,Dominican Republic,19.203909,-69.3391031,,,,osm-dominican-republic-expanded-2026-05-20,2026-05-20T19:32:17.199Z,pending,none,needs_research,hotel el paraiso|19.2039|-69.3391,node,hotel,missingCity; missingWebsite; missingPhone
node/5936880386,OpenStreetMap,osm,ODbL,https://www.openstreetmap.org/node/5936880386,Hotel Mildania,,,Dominican Republic,19.2037619,-69.3395808,,,,osm-dominican-republic-expanded-2026-05-20,2026-05-20T19:32:17.199Z,pending,none,needs_research,hotel mildania|19.2038|-69.3396,node,hotel,missingCity; missingWebsite; missingPhone
node/5951811688,OpenStreetMap,osm,ODbL,https://www.openstreetmap.org/node/5951811688,Palo de agua,#131 Calle 41 Arzobispo A. Romero Fuenmayor,,Dominican Republic,18.5017739,-69.9254165,,8097897232,,osm-dominican-republic-expanded-2026-05-20,2026-05-20T19:32:17.199Z,pending,none,needs_research,palo de agua|18.5018|-69.9254,node,apartment,missingCity; missingWebsite
node/5967442385,OpenStreetMap,osm,ODbL,https://www.openstreetmap.org/node/5967442385,Calle higuamos #15,#15 Calle Higuamo,,Dominican Republic,18.4905063,-69.9620235,,,,osm-dominican-republic-expanded-2026-05-20,2026-05-20T19:32:17.199Z,pending,none,needs_research,calle higuamos #15|18.4905|-69.962,node,apartment,missingCity; missingWebsite; missingPhone
node/5978795687,OpenStreetMap,osm,ODbL,https://www.openstreetmap.org/node/5978795687,Calle j. Díaz #2,#2 Calle j. Diaz,,Dominican Republic,18.5451939,-69.9258044,,,,osm-dominican-republic-expanded-2026-05-20,2026-05-20T19:32:17.199Z,pending,none,needs_research,calle j. diaz #2|18.5452|-69.9258,node,apartment,missingCity; missingWebsite; missingPhone
node/5979470186,OpenStreetMap,osm,ODbL,https://www.openstreetmap.org/node/5979470186,Calle 38 #46,#46 Calle 38,,Dominican Republic,18.5244665,-69.8983624,,,,osm-dominican-republic-expanded-2026-05-20,2026-05-20T19:32:17.199Z,pending,none,needs_research,calle 38 #46|18.5245|-69.8984,node,apartment,missingCity; missingWebsite; missingPhone
node/5984420795,OpenStreetMap,osm,ODbL,https://www.openstreetmap.org/node/5984420795,casa mama Adrian,,,Dominican Republic,18.4743841,-69.8723723,,,,osm-dominican-republic-expanded-2026-05-20,2026-05-20T19:32:17.199Z,pending,none,needs_research,casa mama adrian|18.4744|-69.8724,node,guest_house,missingCity; missingWebsite; missingPhone
node/5984422591,OpenStreetMap,osm,ODbL,https://www.openstreetmap.org/node/5984422591,hotel El toro,,,Dominican Republic,18.8114069,-69.7840223,,,,osm-dominican-republic-expanded-2026-05-20,2026-05-20T19:32:17.199Z,pending,none,needs_research,hotel el toro|18.8114|-69.784,node,hotel,missingCity; missingWebsite; missingPhone
node/5985277192,OpenStreetMap,osm,ODbL,https://www.openstreetmap.org/node/5985277192,dormitorio hato mayor,,,Dominican Republic,18.7580676,-69.2459222,,,,osm-dominican-republic-expanded-2026-05-20,2026-05-20T19:32:17.199Z,pending,none,needs_research,dormitorio hato mayor|18.7581|-69.2459,node,hotel,missingCity; missingWebsite; missingPhone
node/6008398122,OpenStreetMap,osm,ODbL,https://www.openstreetmap.org/node/6008398122,Habana,,,Dominican Republic,18.4823403,-69.8167769,,,,osm-dominican-republic-expanded-2026-05-20,2026-05-20T19:32:17.199Z,pending,none,needs_research,habana|18.4823|-69.8168,node,hostel,missingCity; missingWebsite; missingPhone
node/6015661286,OpenStreetMap,osm,ODbL,https://www.openstreetmap.org/node/6015661286,Home,,,Dominican Republic,18.4553532,-69.9861131,,,,osm-dominican-republic-expanded-2026-05-20,2026-05-20T19:32:17.199Z,pending,none,needs_research,home|18.4554|-69.9861,node,apartment,missingCity; missingWebsite; missingPhone
node/6017605988,OpenStreetMap,osm,ODbL,https://www.openstreetmap.org/node/6017605988,Altos de virella,,,Dominican Republic,19.4841866,-70.7290905,,,,osm-dominican-republic-expanded-2026-05-20,2026-05-20T19:32:17.199Z,pending,none,needs_research,altos de virella|19.4842|-70.7291,node,guest_house,missingCity; missingWebsite; missingPhone
node/6020419629,OpenStreetMap,osm,ODbL,https://www.openstreetmap.org/node/6020419629,The Circle by Meliá,,,Dominican Republic,18.675371,-68.4200334,https://twitter.com/CirclebyMelia,,,osm-dominican-republic-expanded-2026-05-20,2026-05-20T19:32:17.199Z,pending,none,needs_research,the circle by melia|18.6754|-68.42,node,hotel,missingCity; missingPhone
node/6022237072,OpenStreetMap,osm,ODbL,https://www.openstreetmap.org/node/6022237072,Hotel Galsi,"175 Avenida Luis Ginebra, Puerto Plata, 57000",Puerto Plata,Dominican Republic,19.7858364,-70.6742262,,18097124321,,osm-dominican-republic-expanded-2026-05-20,2026-05-20T19:32:17.199Z,pending,none,needs_research,hotel galsi|puerto plata|dominican republic,node,hotel,missingWebsite
node/6030837585,OpenStreetMap,osm,ODbL,https://www.openstreetmap.org/node/6030837585,Edificio Euro 1,34 Calle 22,,Dominican Republic,18.4693426,-69.9908756,,,,osm-dominican-republic-expanded-2026-05-20,2026-05-20T19:32:17.199Z,pending,none,needs_research,edificio euro 1|18.4693|-69.9909,node,apartment,missingCity; missingWebsite; missingPhone
node/6030837685,OpenStreetMap,osm,ODbL,https://www.openstreetmap.org/node/6030837685,Bohio II,Calle Fernando Valerio,,Dominican Republic,18.4591229,-69.929084,,,,osm-dominican-republic-expanded-2026-05-20,2026-05-20T19:32:17.199Z,pending,none,needs_research,bohio ii|18.4591|-69.9291,node,apartment,missingCity; missingWebsite; missingPhone
node/6032173384,OpenStreetMap,osm,ODbL,https://www.openstreetmap.org/node/6032173384,Hotel Leidy,,,Dominican Republic,19.2041008,-69.3391196,,,,osm-dominican-republic-expanded-2026-05-20,2026-05-20T19:32:17.199Z,pending,none,needs_research,hotel leidy|19.2041|-69.3391,node,hotel,missingCity; missingWebsite; missingPhone
node/6032173891,OpenStreetMap,osm,ODbL,https://www.openstreetmap.org/node/6032173891,Hotel Angelito,,,Dominican Republic,19.2038128,-69.3394556,,,,osm-dominican-republic-expanded-2026-05-20,2026-05-20T19:32:17.199Z,pending,none,needs_research,hotel angelito|19.2038|-69.3395,node,hotel,missingCity; missingWebsite; missingPhone
node/6044023488,OpenStreetMap,osm,ODbL,https://www.openstreetmap.org/node/6044023488,Hotel Las Colinas,,,Dominican Republic,19.0456981,-69.3856333,,8095567801,,osm-dominican-republic-expanded-2026-05-20,2026-05-20T19:32:17.199Z,pending,none,needs_research,hotel las colinas|19.0457|-69.3856,node,motel,missingCity; missingWebsite
node/6047334256,OpenStreetMap,osm,ODbL,https://www.openstreetmap.org/node/6047334256,Edificio Cedro III,Arena del mar,,Dominican Republic,18.4354125,-69.9538314,,,,osm-dominican-republic-expanded-2026-05-20,2026-05-20T19:32:17.199Z,pending,none,needs_research,edificio cedro iii|18.4354|-69.9538,node,apartment,missingCity; missingWebsite; missingPhone
node/6047336516,OpenStreetMap,osm,ODbL,https://www.openstreetmap.org/node/6047336516,Edificio Almendro III,Calle Arenas del Mar,,Dominican Republic,18.4354177,-69.9536947,,,,osm-dominican-republic-expanded-2026-05-20,2026-05-20T19:32:17.199Z,pending,none,needs_research,edificio almendro iii|18.4354|-69.9537,node,apartment,missingCity; missingWebsite; missingPhone
node/6068511465,OpenStreetMap,osm,ODbL,https://www.openstreetmap.org/node/6068511465,Manzana D Edificio 53,Calle Del Vizconde,,Dominican Republic,18.5152967,-69.9803576,,,,osm-dominican-republic-expanded-2026-05-20,2026-05-20T19:32:17.199Z,pending,none,needs_research,manzana d edificio 53|18.5153|-69.9804,node,apartment,missingCity; missingWebsite; missingPhone
node/6068513531,OpenStreetMap,osm,ODbL,https://www.openstreetmap.org/node/6068513531,Edificio 3MA,Calle Los Limoneros,,Dominican Republic,18.4887818,-69.9515425,,,,osm-dominican-republic-expanded-2026-05-20,2026-05-20T19:32:17.199Z,pending,none,needs_research,edificio 3ma|18.4888|-69.9515,node,apartment,missingCity; missingWebsite; missingPhone
node/6103418108,OpenStreetMap,osm,ODbL,https://www.openstreetmap.org/node/6103418108,Calle Calixto García #5,#5 Calixto Garcia,,Dominican Republic,18.5229208,-69.909105,,,,osm-dominican-republic-expanded-2026-05-20,2026-05-20T19:32:17.199Z,pending,none,needs_research,calle calixto garcia #5|18.5229|-69.9091,node,apartment,missingCity; missingWebsite; missingPhone
node/6103418109,OpenStreetMap,osm,ODbL,https://www.openstreetmap.org/node/6103418109,Calle 4ta #12,#12 Calle 4ta,,Dominican Republic,18.5026291,-69.9240079,,,,osm-dominican-republic-expanded-2026-05-20,2026-05-20T19:32:17.199Z,pending,none,needs_research,calle 4ta #12|18.5026|-69.924,node,apartment,missingCity; missingWebsite; missingPhone
node/6103418921,OpenStreetMap,osm,ODbL,https://www.openstreetmap.org/node/6103418921,Calle general modesto días #19,#19 Calle General Modesto Díaz,,Dominican Republic,18.5228332,-69.9127089,,,,osm-dominican-republic-expanded-2026-05-20,2026-05-20T19:32:17.199Z,pending,none,needs_research,calle general modesto dias #19|18.5228|-69.9127,node,apartment,missingCity; missingWebsite; missingPhone
node/6103418922,OpenStreetMap,osm,ODbL,https://www.openstreetmap.org/node/6103418922,Calle San Elia #8,#8 Calle San Elías,,Dominican Republic,18.5438162,-69.8787549,,,,osm-dominican-republic-expanded-2026-05-20,2026-05-20T19:32:17.199Z,pending,none,needs_research,calle san elia #8|18.5438|-69.8788,node,apartment,missingCity; missingWebsite; missingPhone
node/6103418923,OpenStreetMap,osm,ODbL,https://www.openstreetmap.org/node/6103418923,EDF.,1 Calle 43,,Dominican Republic,18.5015934,-69.9266509,,,,osm-dominican-republic-expanded-2026-05-20,2026-05-20T19:32:17.199Z,pending,none,needs_research,edf.|18.5016|-69.9267,node,apartment,missingCity; missingWebsite; missingPhone
node/6103418924,OpenStreetMap,osm,ODbL,https://www.openstreetmap.org/node/6103418924,Gomas Villar 363,#363 Avenida Charles de Gaulle,,Dominican Republic,18.5477395,-69.8896043,,,,osm-dominican-republic-expanded-2026-05-20,2026-05-20T19:32:17.199Z,pending,none,needs_research,gomas villar 363|18.5477|-69.8896,node,apartment,missingCity; missingWebsite; missingPhone
node/6103418925,OpenStreetMap,osm,ODbL,https://www.openstreetmap.org/node/6103418925,Ramón caceres #182,#182 Calle Ramón Cáceres,,Dominican Republic,18.5025646,-69.9189095,,,,osm-dominican-republic-expanded-2026-05-20,2026-05-20T19:32:17.199Z,pending,none,needs_research,ramon caceres #182|18.5026|-69.9189,node,apartment,missingCity; missingWebsite; missingPhone
node/6103418926,OpenStreetMap,osm,ODbL,https://www.openstreetmap.org/node/6103418926,Calle damijagua #14,#14 Damijagua,,Dominican Republic,18.5042298,-69.9675353,,,,osm-dominican-republic-expanded-2026-05-20,2026-05-20T19:32:17.199Z,pending,none,needs_research,calle damijagua #14|18.5042|-69.9675,node,apartment,missingCity; missingWebsite; missingPhone
node/6103420992,OpenStreetMap,osm,ODbL,https://www.openstreetmap.org/node/6103420992,7-MA apt C,7-MA apt C Calle Las Rosas,,Dominican Republic,18.4879338,-69.9512812,,,,osm-dominican-republic-expanded-2026-05-20,2026-05-20T19:32:17.199Z,pending,none,needs_research,7-ma apt c|18.4879|-69.9513,node,apartment,missingCity; missingWebsite; missingPhone
node/6103420994,OpenStreetMap,osm,ODbL,https://www.openstreetmap.org/node/6103420994,Calle orquídea #5,#5 Calle Orquideas,,Dominican Republic,18.48222,-69.962405,,,,osm-dominican-republic-expanded-2026-05-20,2026-05-20T19:32:17.199Z,pending,none,needs_research,calle orquidea #5|18.4822|-69.9624,node,apartment,missingCity; missingWebsite; missingPhone
node/6103420995,OpenStreetMap,osm,ODbL,https://www.openstreetmap.org/node/6103420995,Calle los pinitos #9,#9 Los Pinitos,,Dominican Republic,18.5122557,-69.9356448,,,,osm-dominican-republic-expanded-2026-05-20,2026-05-20T19:32:17.199Z,pending,none,needs_research,calle los pinitos #9|18.5123|-69.9356,node,apartment,missingCity; missingWebsite; missingPhone
node/6103518085,OpenStreetMap,osm,ODbL,https://www.openstreetmap.org/node/6103518085,Calle H esq A #8,#8 Calle H,,Dominican Republic,18.5107718,-69.9448301,,,,osm-dominican-republic-expanded-2026-05-20,2026-05-20T19:32:17.199Z,pending,none,needs_research,calle h esq a #8|18.5108|-69.9448,node,apartment,missingCity; missingWebsite; missingPhone
node/6103518185,OpenStreetMap,osm,ODbL,https://www.openstreetmap.org/node/6103518185,Plaza Claudia #350,#350 Avenida Hermanas Mirabal,,Dominican Republic,18.5371701,-69.9057983,,,,osm-dominican-republic-expanded-2026-05-20,2026-05-20T19:32:17.199Z,pending,none,needs_research,plaza claudia #350|18.5372|-69.9058,node,apartment,missingCity; missingWebsite; missingPhone
node/6104585185,OpenStreetMap,osm,ODbL,https://www.openstreetmap.org/node/6104585185,Casa de El Callejón,,,Dominican Republic,18.3406592,-70.1781396,,,,osm-dominican-republic-expanded-2026-05-20,2026-05-20T19:32:17.199Z,pending,none,needs_research,casa de el callejon|18.3407|-70.1781,node,apartment,missingCity; missingWebsite; missingPhone
node/6110042188,OpenStreetMap,osm,ODbL,https://www.openstreetmap.org/node/6110042188,Residencial Carlos Alfonso IV,Calle 5,,Dominican Republic,19.4486716,-70.6501275,,,,osm-dominican-republic-expanded-2026-05-20,2026-05-20T19:32:17.199Z,pending,none,needs_research,residencial carlos alfonso iv|19.4487|-70.6501,node,apartment,missingCity; missingWebsite; missingPhone
node/6111998485,OpenStreetMap,osm,ODbL,https://www.openstreetmap.org/node/6111998485,Residensial Alicia,Calle C,,Dominican Republic,19.4343106,-70.6660454,,,,osm-dominican-republic-expanded-2026-05-20,2026-05-20T19:32:17.199Z,pending,none,needs_research,residensial alicia|19.4343|-70.666,node,apartment,missingCity; missingWebsite; missingPhone
node/6114031685,OpenStreetMap,osm,ODbL,https://www.openstreetmap.org/node/6114031685,Casa de Ironny,,,Dominican Republic,18.5282721,-70.0202358,,,,osm-dominican-republic-expanded-2026-05-20,2026-05-20T19:32:17.199Z,pending,none,needs_research,casa de ironny|18.5283|-70.0202,node,apartment,missingCity; missingWebsite; missingPhone
node/6115306285,OpenStreetMap,osm,ODbL,https://www.openstreetmap.org/node/6115306285,Ronacin2k,3 Mama Tingo,,Dominican Republic,18.5307791,-70.0275839,,+809 669 8010,,osm-dominican-republic-expanded-2026-05-20,2026-05-20T19:32:17.199Z,pending,none,needs_research,ronacin2k|18.5308|-70.0276,node,apartment,missingCity; missingWebsite
node/6124884490,OpenStreetMap,osm,ODbL,https://www.openstreetmap.org/node/6124884490,yineri hogar,calle 7,,Dominican Republic,19.4748817,-70.7012912,,,,osm-dominican-republic-expanded-2026-05-20,2026-05-20T19:32:17.199Z,pending,none,needs_research,yineri hogar|19.4749|-70.7013,node,apartment,missingCity; missingWebsite; missingPhone
node/6137744690,OpenStreetMap,osm,ODbL,https://www.openstreetmap.org/node/6137744690,Calle najayo #3,#3 Calle najayo,,Dominican Republic,18.5058267,-69.935786,,,,osm-dominican-republic-expanded-2026-05-20,2026-05-20T19:32:17.199Z,pending,none,needs_research,calle najayo #3|18.5058|-69.9358,node,apartment,missingCity; missingWebsite; missingPhone
node/6145850085,OpenStreetMap,osm,ODbL,https://www.openstreetmap.org/node/6145850085,Calle jimenoa #4,#4 Jimenoa,,Dominican Republic,18.4894929,-69.9619008,,,,osm-dominican-republic-expanded-2026-05-20,2026-05-20T19:32:17.199Z,pending,none,needs_research,calle jimenoa #4|18.4895|-69.9619,node,apartment,missingCity; missingWebsite; missingPhone
node/6168667885,OpenStreetMap,osm,ODbL,https://www.openstreetmap.org/node/6168667885,Ortega y case #122,#122 Avenida Ortega y Gasset,,Dominican Republic,18.5028088,-69.9223418,,,,osm-dominican-republic-expanded-2026-05-20,2026-05-20T19:32:17.199Z,pending,none,needs_research,ortega y case #122|18.5028|-69.9223,node,apartment,missingCity; missingWebsite; missingPhone
node/6181614285,OpenStreetMap,osm,ODbL,https://www.openstreetmap.org/node/6181614285,Calle Orión #2,#2 Calle Orion,,Dominican Republic,18.4853773,-69.9636877,,,,osm-dominican-republic-expanded-2026-05-20,2026-05-20T19:32:17.199Z,pending,none,needs_research,calle orion #2|18.4854|-69.9637,node,apartment,missingCity; missingWebsite; missingPhone
node/6186383052,OpenStreetMap,osm,ODbL,https://www.openstreetmap.org/node/6186383052,Casa Gio Las Terrenas,"12 Calle Fabio Abreu, Las Terrenas, 32000",Las Terrenas,Dominican Republic,19.3089533,-69.5482067,,,Affitta camere,osm-dominican-republic-expanded-2026-05-20,2026-05-20T19:32:17.199Z,pending,none,needs_research,casa gio las terrenas|las terrenas|dominican republic,node,guest_house,missingWebsite; missingPhone
node/6192575586,OpenStreetMap,osm,ODbL,https://www.openstreetmap.org/node/6192575586,Residenciak Luis Eduardo lV #7,#7 Calle los helechos,,Dominican Republic,18.5480657,-69.9038094,,,,osm-dominican-republic-expanded-2026-05-20,2026-05-20T19:32:17.199Z,pending,none,needs_research,residenciak luis eduardo lv #7|18.5481|-69.9038,node,apartment,missingCity; missingWebsite; missingPhone
node/6192576887,OpenStreetMap,osm,ODbL,https://www.openstreetmap.org/node/6192576887,Calle higuamo #1,#1 Higuamo,,Dominican Republic,18.4897283,-69.9610144,,,,osm-dominican-republic-expanded-2026-05-20,2026-05-20T19:32:17.199Z,pending,none,needs_research,calle higuamo #1|18.4897|-69.961,node,apartment,missingCity; missingWebsite; missingPhone
node/6192576888,OpenStreetMap,osm,ODbL,https://www.openstreetmap.org/node/6192576888,Calle maguaca #11,#11 Calle Maguaca,,Dominican Republic,18.49322,-69.9601919,,,,osm-dominican-republic-expanded-2026-05-20,2026-05-20T19:32:17.199Z,pending,none,needs_research,calle maguaca #11|18.4932|-69.9602,node,apartment,missingCity; missingWebsite; missingPhone
node/6199232585,OpenStreetMap,osm,ODbL,https://www.openstreetmap.org/node/6199232585,Edificio 29,Edificio 29 Calle A,,Dominican Republic,18.4974866,-69.965714,,,,osm-dominican-republic-expanded-2026-05-20,2026-05-20T19:32:17.199Z,pending,none,needs_research,edificio 29|18.4975|-69.9657,node,apartment,missingCity; missingWebsite; missingPhone
node/6199232586,OpenStreetMap,osm,ODbL,https://www.openstreetmap.org/node/6199232586,1ra terraza del arroyo #73,#73 1era Terraza del Arroyo,,Dominican Republic,18.5123839,-69.9537094,,,,osm-dominican-republic-expanded-2026-05-20,2026-05-20T19:32:17.199Z,pending,none,needs_research,1ra terraza del arroyo #73|18.5124|-69.9537,node,apartment,missingCity; missingWebsite; missingPhone
node/6201091986,OpenStreetMap,osm,ODbL,https://www.openstreetmap.org/node/6201091986,Calle 2-A #1,Calle 2A,,Dominican Republic,18.4925025,-69.9403049,,,,osm-dominican-republic-expanded-2026-05-20,2026-05-20T19:32:17.199Z,pending,none,needs_research,calle 2-a #1|18.4925|-69.9403,node,apartment,missingCity; missingWebsite; missingPhone
node/6208099391,OpenStreetMap,osm,ODbL,https://www.openstreetmap.org/node/6208099391,Calle majoma #2,#2 Calle Majoma,,Dominican Republic,18.4915562,-69.9628125,,,,osm-dominican-republic-expanded-2026-05-20,2026-05-20T19:32:17.199Z,pending,none,needs_research,calle majoma #2|18.4916|-69.9628,node,apartment,missingCity; missingWebsite; missingPhone
node/6208099392,OpenStreetMap,osm,ODbL,https://www.openstreetmap.org/node/6208099392,Calle atravesada #4,#4 Calle Atravesada,,Dominican Republic,18.5028445,-69.9681803,,,,osm-dominican-republic-expanded-2026-05-20,2026-05-20T19:32:17.199Z,pending,none,needs_research,calle atravesada #4|18.5028|-69.9682,node,apartment,missingCity; missingWebsite; missingPhone
node/6208109286,OpenStreetMap,osm,ODbL,https://www.openstreetmap.org/node/6208109286,Calle 8 #56,#56 Calle 8,,Dominican Republic,18.5318364,-69.9035056,,,,osm-dominican-republic-expanded-2026-05-20,2026-05-20T19:32:17.199Z,pending,none,needs_research,calle 8 #56|18.5318|-69.9035,node,apartment,missingCity; missingWebsite; missingPhone
node/6208109287,OpenStreetMap,osm,ODbL,https://www.openstreetmap.org/node/6208109287,Rosario auto import #581,#581 Avenida Hermanas Mirabal,,Dominican Republic,18.5395295,-69.9045088,,,,osm-dominican-republic-expanded-2026-05-20,2026-05-20T19:32:17.199Z,pending,none,needs_research,rosario auto import #581|18.5395|-69.9045,node,apartment,missingCity; missingWebsite; missingPhone
node/6216027886,OpenStreetMap,osm,ODbL,https://www.openstreetmap.org/node/6216027886,Ortega y casset #36,#36 Avenida Ortega y Gasset,,Dominican Republic,18.5036734,-69.9224303,,,,osm-dominican-republic-expanded-2026-05-20,2026-05-20T19:32:17.199Z,pending,none,needs_research,ortega y casset #36|18.5037|-69.9224,node,apartment,missingCity; missingWebsite; missingPhone
node/6216040385,OpenStreetMap,osm,ODbL,https://www.openstreetmap.org/node/6216040385,Edificio 13,#13 Calle D,,Dominican Republic,18.4943309,-69.966314,,,,osm-dominican-republic-expanded-2026-05-20,2026-05-20T19:32:17.199Z,pending,none,needs_research,edificio 13|18.4943|-69.9663,node,apartment,missingCity; missingWebsite; missingPhone
node/6216040585,OpenStreetMap,osm,ODbL,https://www.openstreetmap.org/node/6216040585,Calle paseo del yuma #16,#16 Paseo del Yuna,,Dominican Republic,18.4933721,-69.9622239,,,,osm-dominican-republic-expanded-2026-05-20,2026-05-20T19:32:17.199Z,pending,none,needs_research,calle paseo del yuma #16|18.4934|-69.9622,node,apartment,missingCity; missingWebsite; missingPhone
node/6216331489,OpenStreetMap,osm,ODbL,https://www.openstreetmap.org/node/6216331489,Mayer 3,,,Dominican Republic,18.4604705,-69.93836,,,,osm-dominican-republic-expanded-2026-05-20,2026-05-20T19:32:17.199Z,pending,none,needs_research,mayer 3|18.4605|-69.9384,node,apartment,missingCity; missingWebsite; missingPhone
node/6216375485,OpenStreetMap,osm,ODbL,https://www.openstreetmap.org/node/6216375485,Kaoma XVII,,,Dominican Republic,18.4877473,-69.8749763,,,,osm-dominican-republic-expanded-2026-05-20,2026-05-20T19:32:17.199Z,pending,none,needs_research,kaoma xvii|18.4877|-69.875,node,apartment,missingCity; missingWebsite; missingPhone
node/6216400785,OpenStreetMap,osm,ODbL,https://www.openstreetmap.org/node/6216400785,villa palmera XX,,,Dominican Republic,18.472381,-69.9275896,,,,osm-dominican-republic-expanded-2026-05-20,2026-05-20T19:32:17.199Z,pending,none,needs_research,villa palmera xx|18.4724|-69.9276,node,apartment,missingCity; missingWebsite; missingPhone
node/6216403685,OpenStreetMap,osm,ODbL,https://www.openstreetmap.org/node/6216403685,Geanlin 7,,,Dominican Republic,18.4481527,-69.9704532,,,,osm-dominican-republic-expanded-2026-05-20,2026-05-20T19:32:17.199Z,pending,none,needs_research,geanlin 7|18.4482|-69.9705,node,apartment,missingCity; missingWebsite; missingPhone
node/6216411388,OpenStreetMap,osm,ODbL,https://www.openstreetmap.org/node/6216411388,Balcones del Parque,,,Dominican Republic,18.4376994,-69.9769465,,,,osm-dominican-republic-expanded-2026-05-20,2026-05-20T19:32:17.199Z,pending,none,needs_research,balcones del parque|18.4377|-69.9769,node,apartment,missingCity; missingWebsite; missingPhone
node/6219102786,OpenStreetMap,osm,ODbL,https://www.openstreetmap.org/node/6219102786,Calle San Juan de la maguana #63,#63 San Juan de la Maguana,,Dominican Republic,18.5016104,-69.9173674,,,,osm-dominican-republic-expanded-2026-05-20,2026-05-20T19:32:17.199Z,pending,none,needs_research,calle san juan de la maguana #63|18.5016|-69.9174,node,apartment,missingCity; missingWebsite; missingPhone
node/6219102787,OpenStreetMap,osm,ODbL,https://www.openstreetmap.org/node/6219102787,Calle san Juan de la maguana #158,#158 San Juan de la Maguana,,Dominican Republic,18.5015276,-69.9174145,,,,osm-dominican-republic-expanded-2026-05-20,2026-05-20T19:32:17.199Z,pending,none,needs_research,calle san juan de la maguana #158|18.5015|-69.9174,node,apartment,missingCity; missingWebsite; missingPhone
node/6223357785,OpenStreetMap,osm,ODbL,https://www.openstreetmap.org/node/6223357785,Black Beards Resort,Calle Enriquillo,,Dominican Republic,19.812684,-70.7109548,,,,osm-dominican-republic-expanded-2026-05-20,2026-05-20T19:32:17.199Z,pending,none,needs_research,black beards resort|19.8127|-70.711,node,hotel,missingCity; missingWebsite; missingPhone
node/6227651685,OpenStreetMap,osm,ODbL,https://www.openstreetmap.org/node/6227651685,Calle A #3,#3 Calle A,,Dominican Republic,18.5400014,-69.9012356,,,,osm-dominican-republic-expanded-2026-05-20,2026-05-20T19:32:17.199Z,pending,none,needs_research,calle a #3|18.54|-69.9012,node,apartment,missingCity; missingWebsite; missingPhone
node/6227676785,OpenStreetMap,osm,ODbL,https://www.openstreetmap.org/node/6227676785,Calle Antonio maceo #1,#1 Calle Antonio Maceo,,Dominican Republic,18.5224754,-69.9120062,,,,osm-dominican-republic-expanded-2026-05-20,2026-05-20T19:32:17.199Z,pending,none,needs_research,calle antonio maceo #1|18.5225|-69.912,node,apartment,missingCity; missingWebsite; missingPhone
node/6230902685,OpenStreetMap,osm,ODbL,https://www.openstreetmap.org/node/6230902685,Calle lucero #3,#3 Lucero,,Dominican Republic,18.5242355,-69.910028,,,,osm-dominican-republic-expanded-2026-05-20,2026-05-20T19:32:17.199Z,pending,none,needs_research,calle lucero #3|18.5242|-69.91,node,apartment,missingCity; missingWebsite; missingPhone
node/6235248905,OpenStreetMap,osm,ODbL,https://www.openstreetmap.org/node/6235248905,Villa Lotus,,,Dominican Republic,19.6247885,-69.9294365,,,,osm-dominican-republic-expanded-2026-05-20,2026-05-20T19:32:17.199Z,pending,none,needs_research,villa lotus|19.6248|-69.9294,node,hotel,missingCity; missingWebsite; missingPhone
node/6244057986,OpenStreetMap,osm,ODbL,https://www.openstreetmap.org/node/6244057986,Calle Altagracia #14,#14 Altagracia,,Dominican Republic,18.5382582,-69.9074151,,,,osm-dominican-republic-expanded-2026-05-20,2026-05-20T19:32:17.199Z,pending,none,needs_research,calle altagracia #14|18.5383|-69.9074,node,apartment,missingCity; missingWebsite; missingPhone
node/6245137685,OpenStreetMap,osm,ODbL,https://www.openstreetmap.org/node/6245137685,Residencial Luis Iván 2,#7 Calle Sur,,Dominican Republic,18.5482324,-69.904538,,,,osm-dominican-republic-expanded-2026-05-20,2026-05-20T19:32:17.199Z,pending,none,needs_research,residencial luis ivan 2|18.5482|-69.9045,node,apartment,missingCity; missingWebsite; missingPhone
node/6247722587,OpenStreetMap,osm,ODbL,https://www.openstreetmap.org/node/6247722587,Calle penetración #88,#88 Avenida Penetración,,Dominican Republic,18.5344758,-69.9005173,,,,osm-dominican-republic-expanded-2026-05-20,2026-05-20T19:32:17.199Z,pending,none,needs_research,calle penetracion #88|18.5345|-69.9005,node,apartment,missingCity; missingWebsite; missingPhone
node/6247722691,OpenStreetMap,osm,ODbL,https://www.openstreetmap.org/node/6247722691,Calle juan Sánchez Ramírez #51,#51 Juan Sanchez Ramirez,,Dominican Republic,18.5336481,-69.9108931,,,,osm-dominican-republic-expanded-2026-05-20,2026-05-20T19:32:17.199Z,pending,none,needs_research,calle juan sanchez ramirez #51|18.5336|-69.9109,node,apartment,missingCity; missingWebsite; missingPhone
node/6250137987,OpenStreetMap,osm,ODbL,https://www.openstreetmap.org/node/6250137987,Cabañas Manhattan,Avenida Los Beisbolistas,,Dominican Republic,18.4837283,-69.9799914,,,,osm-dominican-republic-expanded-2026-05-20,2026-05-20T19:32:17.199Z,pending,none,needs_research,cabanas manhattan|18.4837|-69.98,node,motel,missingCity; missingWebsite; missingPhone
node/6251399785,OpenStreetMap,osm,ODbL,https://www.openstreetmap.org/node/6251399785,Edificio D1,D1 Calle bloke 2,,Dominican Republic,18.537036,-69.9442756,,,,osm-dominican-republic-expanded-2026-05-20,2026-05-20T19:32:17.199Z,pending,none,needs_research,edificio d1|18.537|-69.9443,node,apartment,missingCity; missingWebsite; missingPhone
node/6253504396,OpenStreetMap,osm,ODbL,https://www.openstreetmap.org/node/6253504396,Hostel Quintonido,,,Dominican Republic,19.1216251,-70.6429075,,,,osm-dominican-republic-expanded-2026-05-20,2026-05-20T19:32:17.199Z,pending,none,needs_research,hostel quintonido|19.1216|-70.6429,node,hostel,missingCity; missingWebsite; missingPhone
node/6257660185,OpenStreetMap,osm,ODbL,https://www.openstreetmap.org/node/6257660185,Tercera terraza del Arroyo #9,,,Dominican Republic,18.5129913,-69.9529671,,,,osm-dominican-republic-expanded-2026-05-20,2026-05-20T19:32:17.199Z,pending,none,needs_research,tercera terraza del arroyo #9|18.513|-69.953,node,apartment,missingCity; missingWebsite; missingPhone
node/6259007985,OpenStreetMap,osm,ODbL,https://www.openstreetmap.org/node/6259007985,Hotel Jimaní,,,Dominican Republic,18.4958508,-71.8472336,,,,osm-dominican-republic-expanded-2026-05-20,2026-05-20T19:32:17.199Z,pending,none,needs_research,hotel jimani|18.4959|-71.8472,node,hotel,missingCity; missingWebsite; missingPhone
node/6260155786,OpenStreetMap,osm,ODbL,https://www.openstreetmap.org/node/6260155786,Calle vigía #2-A,#2-A La Vigia,,Dominican Republic,18.506064,-69.9644583,,,,osm-dominican-republic-expanded-2026-05-20,2026-05-20T19:32:17.199Z,pending,none,needs_research,calle vigia #2-a|18.5061|-69.9645,node,apartment,missingCity; missingWebsite; missingPhone
node/6260287586,OpenStreetMap,osm,ODbL,https://www.openstreetmap.org/node/6260287586,Avenida Ortega y gasset #155,#155 Avenida Ortega y Gasset,,Dominican Republic,18.5029674,-69.9221975,,,,osm-dominican-republic-expanded-2026-05-20,2026-05-20T19:32:17.199Z,pending,none,needs_research,avenida ortega y gasset #155|18.503|-69.9222,node,apartment,missingCity; missingWebsite; missingPhone
node/6260298386,OpenStreetMap,osm,ODbL,https://www.openstreetmap.org/node/6260298386,Calle Sanjuan de la maguana #71,#71 San Juan de la Maguana,,Dominican Republic,18.5015451,-69.9181234,,,,osm-dominican-republic-expanded-2026-05-20,2026-05-20T19:32:17.199Z,pending,none,needs_research,calle sanjuan de la maguana #71|18.5015|-69.9181,node,apartment,missingCity; missingWebsite; missingPhone
node/6266390785,OpenStreetMap,osm,ODbL,https://www.openstreetmap.org/node/6266390785,Condominio Heidi II,Calle La Vereda,,Dominican Republic,18.4807378,-69.98079,,,,osm-dominican-republic-expanded-2026-05-20,2026-05-20T19:32:17.199Z,pending,none,needs_research,condominio heidi ii|18.4807|-69.9808,node,apartment,missingCity; missingWebsite; missingPhone
node/6272015185,OpenStreetMap,osm,ODbL,https://www.openstreetmap.org/node/6272015185,"Manzana 5, #11",#11 Manzana 5 #11,,Dominican Republic,18.5438799,-69.9039195,,,,osm-dominican-republic-expanded-2026-05-20,2026-05-20T19:32:17.199Z,pending,none,needs_research,"manzana 5, #11|18.5439|-69.9039",node,apartment,missingCity; missingWebsite; missingPhone
node/6274616685,OpenStreetMap,osm,ODbL,https://www.openstreetmap.org/node/6274616685,Calle sol de otoño #8,#8 Calle Sol de Otoño,,Dominican Republic,18.5024462,-69.9714211,,,,osm-dominican-republic-expanded-2026-05-20,2026-05-20T19:32:17.199Z,pending,none,needs_research,calle sol de otono #8|18.5024|-69.9714,node,apartment,missingCity; missingWebsite; missingPhone
node/6278659189,OpenStreetMap,osm,ODbL,https://www.openstreetmap.org/node/6278659189,Residencial Marquez,Rafael Morel,,Dominican Republic,19.4478561,-70.6904009,,,,osm-dominican-republic-expanded-2026-05-20,2026-05-20T19:32:17.199Z,pending,none,needs_research,residencial marquez|19.4479|-70.6904,node,apartment,missingCity; missingWebsite; missingPhone
node/6278938886,OpenStreetMap,osm,ODbL,https://www.openstreetmap.org/node/6278938886,Roca Tejeda y servicios,#4 Calle Limon,,Dominican Republic,18.4927591,-69.9632466,,,,osm-dominican-republic-expanded-2026-05-20,2026-05-20T19:32:17.199Z,pending,none,needs_research,roca tejeda y servicios|18.4928|-69.9632,node,apartment,missingCity; missingWebsite; missingPhone
node/6281082185,OpenStreetMap,osm,ODbL,https://www.openstreetmap.org/node/6281082185,Las aromas,Padre Las Casas,,Dominican Republic,19.4744669,-70.6894285,,,,osm-dominican-republic-expanded-2026-05-20,2026-05-20T19:32:17.199Z,pending,none,needs_research,las aromas|19.4745|-70.6894,node,apartment,missingCity; missingWebsite; missingPhone
node/6281550188,OpenStreetMap,osm,ODbL,https://www.openstreetmap.org/node/6281550188,Espinal II,Calle B,,Dominican Republic,19.4360496,-70.659177,,,,osm-dominican-republic-expanded-2026-05-20,2026-05-20T19:32:17.199Z,pending,none,needs_research,espinal ii|19.436|-70.6592,node,apartment,missingCity; missingWebsite; missingPhone
node/6281586085,OpenStreetMap,osm,ODbL,https://www.openstreetmap.org/node/6281586085,Espinal VII,Calle enlace este,,Dominican Republic,19.4370717,-70.659012,,,,osm-dominican-republic-expanded-2026-05-20,2026-05-20T19:32:17.199Z,pending,none,needs_research,espinal vii|19.4371|-70.659,node,apartment,missingCity; missingWebsite; missingPhone
node/6281586086,OpenStreetMap,osm,ODbL,https://www.openstreetmap.org/node/6281586086,Espinal VIII,,,Dominican Republic,19.4365434,-70.6593014,,,,osm-dominican-republic-expanded-2026-05-20,2026-05-20T19:32:17.199Z,pending,none,needs_research,espinal viii|19.4365|-70.6593,node,apartment,missingCity; missingWebsite; missingPhone
node/6281586087,OpenStreetMap,osm,ODbL,https://www.openstreetmap.org/node/6281586087,Residencial espinal XI,,,Dominican Republic,19.4363823,-70.6581179,,,,osm-dominican-republic-expanded-2026-05-20,2026-05-20T19:32:17.199Z,pending,none,needs_research,residencial espinal xi|19.4364|-70.6581,node,apartment,missingCity; missingWebsite; missingPhone
node/6281586088,OpenStreetMap,osm,ODbL,https://www.openstreetmap.org/node/6281586088,Residencial AIO III,,,Dominican Republic,19.4366593,-70.6585072,,,,osm-dominican-republic-expanded-2026-05-20,2026-05-20T19:32:17.199Z,pending,none,needs_research,residencial aio iii|19.4367|-70.6585,node,apartment,missingCity; missingWebsite; missingPhone
node/6281586089,OpenStreetMap,osm,ODbL,https://www.openstreetmap.org/node/6281586089,Residencial AIO II,,,Dominican Republic,19.4366546,-70.6587338,,,,osm-dominican-republic-expanded-2026-05-20,2026-05-20T19:32:17.199Z,pending,none,needs_research,residencial aio ii|19.4367|-70.6587,node,apartment,missingCity; missingWebsite; missingPhone
node/6281586090,OpenStreetMap,osm,ODbL,https://www.openstreetmap.org/node/6281586090,Residencial Espinal VI,,,Dominican Republic,19.4367395,-70.6589767,,,,osm-dominican-republic-expanded-2026-05-20,2026-05-20T19:32:17.199Z,pending,none,needs_research,residencial espinal vi|19.4367|-70.659,node,apartment,missingCity; missingWebsite; missingPhone
node/6281603785,OpenStreetMap,osm,ODbL,https://www.openstreetmap.org/node/6281603785,Residencial Lissette,,,Dominican Republic,19.437683,-70.6589908,,,,osm-dominican-republic-expanded-2026-05-20,2026-05-20T19:32:17.199Z,pending,none,needs_research,residencial lissette|19.4377|-70.659,node,apartment,missingCity; missingWebsite; missingPhone
node/6281603786,OpenStreetMap,osm,ODbL,https://www.openstreetmap.org/node/6281603786,Residencial espinal IX,,,Dominican Republic,19.4364165,-70.6586941,,,,osm-dominican-republic-expanded-2026-05-20,2026-05-20T19:32:17.199Z,pending,none,needs_research,residencial espinal ix|19.4364|-70.6587,node,apartment,missingCity; missingWebsite; missingPhone
node/6281603787,OpenStreetMap,osm,ODbL,https://www.openstreetmap.org/node/6281603787,Residencial espinal V,,,Dominican Republic,19.4364207,-70.6585602,,,,osm-dominican-republic-expanded-2026-05-20,2026-05-20T19:32:17.199Z,pending,none,needs_research,residencial espinal v|19.4364|-70.6586,node,apartment,missingCity; missingWebsite; missingPhone
node/6281604185,OpenStreetMap,osm,ODbL,https://www.openstreetmap.org/node/6281604185,Residencial RUBI,,,Dominican Republic,19.4361892,-70.6587792,,,,osm-dominican-republic-expanded-2026-05-20,2026-05-20T19:32:17.199Z,pending,none,needs_research,residencial rubi|19.4362|-70.6588,node,apartment,missingCity; missingWebsite; missingPhone
node/6281604285,OpenStreetMap,osm,ODbL,https://www.openstreetmap.org/node/6281604285,Residencial Lauraiman,,,Dominican Republic,19.4363977,-70.6588252,,,,osm-dominican-republic-expanded-2026-05-20,2026-05-20T19:32:17.199Z,pending,none,needs_research,residencial lauraiman|19.4364|-70.6588,node,apartment,missingCity; missingWebsite; missingPhone
node/6281605085,OpenStreetMap,osm,ODbL,https://www.openstreetmap.org/node/6281605085,Torre Anamira,,,Dominican Republic,19.4366389,-70.6583082,,,,osm-dominican-republic-expanded-2026-05-20,2026-05-20T19:32:17.199Z,pending,none,needs_research,torre anamira|19.4366|-70.6583,node,apartment,missingCity; missingWebsite; missingPhone
node/6281684485,OpenStreetMap,osm,ODbL,https://www.openstreetmap.org/node/6281684485,Belo Horizonte,,,Dominican Republic,19.436746,-70.6596075,,,,osm-dominican-republic-expanded-2026-05-20,2026-05-20T19:32:17.199Z,pending,none,needs_research,belo horizonte|19.4367|-70.6596,node,apartment,missingCity; missingWebsite; missingPhone
node/6281684685,OpenStreetMap,osm,ODbL,https://www.openstreetmap.org/node/6281684685,Casa grande,,,Dominican Republic,19.4855558,-70.6518261,,,,osm-dominican-republic-expanded-2026-05-20,2026-05-20T19:32:17.199Z,pending,none,needs_research,casa grande|19.4856|-70.6518,node,guest_house,missingCity; missingWebsite; missingPhone
node/6282968185,OpenStreetMap,osm,ODbL,https://www.openstreetmap.org/node/6282968185,Altos del embrujo II,,,Dominican Republic,19.4335035,-70.6746517,,,,osm-dominican-republic-expanded-2026-05-20,2026-05-20T19:32:17.199Z,pending,none,needs_research,altos del embrujo ii|19.4335|-70.6747,node,apartment,missingCity; missingWebsite; missingPhone
node/6283120986,OpenStreetMap,osm,ODbL,https://www.openstreetmap.org/node/6283120986,Residencial Maria Elena,79 Calle 3ra,,Dominican Republic,18.481863,-69.9886922,,,,osm-dominican-republic-expanded-2026-05-20,2026-05-20T19:32:17.199Z,pending,none,needs_research,residencial maria elena|18.4819|-69.9887,node,apartment,missingCity; missingWebsite; missingPhone
node/6283121986,OpenStreetMap,osm,ODbL,https://www.openstreetmap.org/node/6283121986,Plaza Roaldi,Calle Guarocuya,,Dominican Republic,18.4599736,-69.95684,,,,osm-dominican-republic-expanded-2026-05-20,2026-05-20T19:32:17.199Z,pending,none,needs_research,plaza roaldi|18.46|-69.9568,node,apartment,missingCity; missingWebsite; missingPhone
node/6283121987,OpenStreetMap,osm,ODbL,https://www.openstreetmap.org/node/6283121987,Brisas Doradas,81 Calle 3ra,,Dominican Republic,18.4821136,-69.988705,,,,osm-dominican-republic-expanded-2026-05-20,2026-05-20T19:32:17.199Z,pending,none,needs_research,brisas doradas|18.4821|-69.9887,node,apartment,missingCity; missingWebsite; missingPhone
node/6283121988,OpenStreetMap,osm,ODbL,https://www.openstreetmap.org/node/6283121988,Los Robles IV,83 Calle 3ra,,Dominican Republic,18.4823715,-69.9886703,,,,osm-dominican-republic-expanded-2026-05-20,2026-05-20T19:32:17.199Z,pending,none,needs_research,los robles iv|18.4824|-69.9887,node,apartment,missingCity; missingWebsite; missingPhone
node/6283122089,OpenStreetMap,osm,ODbL,https://www.openstreetmap.org/node/6283122089,Residencial ELiah Argentia,13A,,Dominican Republic,18.4860543,-69.9900064,,,,osm-dominican-republic-expanded-2026-05-20,2026-05-20T19:32:17.199Z,pending,none,needs_research,residencial eliah argentia|18.4861|-69.99,node,apartment,missingCity; missingWebsite; missingPhone
node/6283122091,OpenStreetMap,osm,ODbL,https://www.openstreetmap.org/node/6283122091,Residencial Tenerife,80 Calle Teodoro Chasseriau,,Dominican Republic,18.4607703,-69.9616324,,,,osm-dominican-republic-expanded-2026-05-20,2026-05-20T19:32:17.199Z,pending,none,needs_research,residencial tenerife|18.4608|-69.9616,node,apartment,missingCity; missingWebsite; missingPhone
node/6283122092,OpenStreetMap,osm,ODbL,https://www.openstreetmap.org/node/6283122092,Residencial Doña Irene I,,,Dominican Republic,18.4874005,-69.9908633,,,,osm-dominican-republic-expanded-2026-05-20,2026-05-20T19:32:17.199Z,pending,none,needs_research,residencial dona irene i|18.4874|-69.9909,node,apartment,missingCity; missingWebsite; missingPhone
node/6283122094,OpenStreetMap,osm,ODbL,https://www.openstreetmap.org/node/6283122094,Fraimin XVI,Calle Hatillo Sampaña,,Dominican Republic,18.4876063,-70.00488,,,,osm-dominican-republic-expanded-2026-05-20,2026-05-20T19:32:17.199Z,pending,none,needs_research,fraimin xvi|18.4876|-70.0049,node,apartment,missingCity; missingWebsite; missingPhone
node/6283122095,OpenStreetMap,osm,ODbL,https://www.openstreetmap.org/node/6283122095,FRAIMIN XVI,Calle Hatillo Sampaña,,Dominican Republic,18.4932695,-70.0047164,,,,osm-dominican-republic-expanded-2026-05-20,2026-05-20T19:32:17.199Z,pending,none,needs_research,fraimin xvi|18.4933|-70.0047,node,apartment,missingCity; missingWebsite; missingPhone
node/6283129785,OpenStreetMap,osm,ODbL,https://www.openstreetmap.org/node/6283129785,Residencial Jessica,10 Calle Girasol,,Dominican Republic,18.5090054,-70.0204163,,,,osm-dominican-republic-expanded-2026-05-20,2026-05-20T19:32:17.199Z,pending,none,needs_research,residencial jessica|18.509|-70.0204,node,apartment,missingCity; missingWebsite; missingPhone
node/6283130485,OpenStreetMap,osm,ODbL,https://www.openstreetmap.org/node/6283130485,Residencial Dos Pinos del Oeste,Calle Ramon Baez,,Dominican Republic,18.4632818,-69.9909508,,,,osm-dominican-republic-expanded-2026-05-20,2026-05-20T19:32:17.199Z,pending,none,needs_research,residencial dos pinos del oeste|18.4633|-69.991,node,apartment,missingCity; missingWebsite; missingPhone
node/6283211794,OpenStreetMap,osm,ODbL,https://www.openstreetmap.org/node/6283211794,Residencial Tecasa Imperial,,,Dominican Republic,19.4435429,-70.6759944,,,,osm-dominican-republic-expanded-2026-05-20,2026-05-20T19:32:17.199Z,pending,none,needs_research,residencial tecasa imperial|19.4435|-70.676,node,apartment,missingCity; missingWebsite; missingPhone
node/6283211795,OpenStreetMap,osm,ODbL,https://www.openstreetmap.org/node/6283211795,Residencial Quintas de rincón largo,,,Dominican Republic,19.4417635,-70.6776495,,,,osm-dominican-republic-expanded-2026-05-20,2026-05-20T19:32:17.199Z,pending,none,needs_research,residencial quintas de rincon largo|19.4418|-70.6776,node,apartment,missingCity; missingWebsite; missingPhone
node/6283212203,OpenStreetMap,osm,ODbL,https://www.openstreetmap.org/node/6283212203,RESIDENCIAL CARLIN IMPERIAL III,,,Dominican Republic,19.4439465,-70.6758626,,,,osm-dominican-republic-expanded-2026-05-20,2026-05-20T19:32:17.199Z,pending,none,needs_research,residencial carlin imperial iii|19.4439|-70.6759,node,apartment,missingCity; missingWebsite; missingPhone
node/6283228585,OpenStreetMap,osm,ODbL,https://www.openstreetmap.org/node/6283228585,Residencial RADHAMES I,,,Dominican Republic,19.4439154,-70.6762743,,,,osm-dominican-republic-expanded-2026-05-20,2026-05-20T19:32:17.199Z,pending,none,needs_research,residencial radhames i|19.4439|-70.6763,node,apartment,missingCity; missingWebsite; missingPhone
node/6283228685,OpenStreetMap,osm,ODbL,https://www.openstreetmap.org/node/6283228685,G H,,,Dominican Republic,19.444002,-70.676155,,,,osm-dominican-republic-expanded-2026-05-20,2026-05-20T19:32:17.199Z,pending,none,needs_research,g h|19.444|-70.6762,node,apartment,missingCity; missingWebsite; missingPhone
node/6283256086,OpenStreetMap,osm,ODbL,https://www.openstreetmap.org/node/6283256086,Residencial imperial I,,,Dominican Republic,19.4452928,-70.6780152,,,,osm-dominican-republic-expanded-2026-05-20,2026-05-20T19:32:17.199Z,pending,none,needs_research,residencial imperial i|19.4453|-70.678,node,apartment,missingCity; missingWebsite; missingPhone
node/6289398601,OpenStreetMap,osm,ODbL,https://www.openstreetmap.org/node/6289398601,Residencial ELITE,,,Dominican Republic,19.44532,-70.650051,,,,osm-dominican-republic-expanded-2026-05-20,2026-05-20T19:32:17.199Z,pending,none,needs_research,residencial elite|19.4453|-70.6501,node,apartment,missingCity; missingWebsite; missingPhone
node/6289422307,OpenStreetMap,osm,ODbL,https://www.openstreetmap.org/node/6289422307,Residencial mesissa I,,,Dominican Republic,19.4659724,-70.6676236,,,,osm-dominican-republic-expanded-2026-05-20,2026-05-20T19:32:17.199Z,pending,none,needs_research,residencial mesissa i|19.466|-70.6676,node,apartment,missingCity; missingWebsite; missingPhone
node/6291332288,OpenStreetMap,osm,ODbL,https://www.openstreetmap.org/node/6291332288,Residencial Brisa del Norte,,,Dominican Republic,19.4357974,-70.6592251,,,,osm-dominican-republic-expanded-2026-05-20,2026-05-20T19:32:17.199Z,pending,none,needs_research,residencial brisa del norte|19.4358|-70.6592,node,apartment,missingCity; missingWebsite; missingPhone
node/6291332289,OpenStreetMap,osm,ODbL,https://www.openstreetmap.org/node/6291332289,Residencial espinal IV,,,Dominican Republic,19.4354721,-70.659438,,,,osm-dominican-republic-expanded-2026-05-20,2026-05-20T19:32:17.199Z,pending,none,needs_research,residencial espinal iv|19.4355|-70.6594,node,apartment,missingCity; missingWebsite; missingPhone
node/6291332389,OpenStreetMap,osm,ODbL,https://www.openstreetmap.org/node/6291332389,Residencial espinal III,,,Dominican Republic,19.4356917,-70.6588499,,,,osm-dominican-republic-expanded-2026-05-20,2026-05-20T19:32:17.199Z,pending,none,needs_research,residencial espinal iii|19.4357|-70.6588,node,apartment,missingCity; missingWebsite; missingPhone
node/6291381385,OpenStreetMap,osm,ODbL,https://www.openstreetmap.org/node/6291381385,Residencial VENECIA IV,,,Dominican Republic,19.4382581,-70.6590608,,,,osm-dominican-republic-expanded-2026-05-20,2026-05-20T19:32:17.199Z,pending,none,needs_research,residencial venecia iv|19.4383|-70.6591,node,apartment,missingCity; missingWebsite; missingPhone
node/6291381485,OpenStreetMap,osm,ODbL,https://www.openstreetmap.org/node/6291381485,Residencial DHARIANA I,,,Dominican Republic,19.4383616,-70.6595013,,,,osm-dominican-republic-expanded-2026-05-20,2026-05-20T19:32:17.199Z,pending,none,needs_research,residencial dhariana i|19.4384|-70.6595,node,apartment,missingCity; missingWebsite; missingPhone
node/6291381486,OpenStreetMap,osm,ODbL,https://www.openstreetmap.org/node/6291381486,Residencial SEBASTIÁN II,,,Dominican Republic,19.4380618,-70.6586191,,,,osm-dominican-republic-expanded-2026-05-20,2026-05-20T19:32:17.199Z,pending,none,needs_research,residencial sebastian ii|19.4381|-70.6586,node,apartment,missingCity; missingWebsite; missingPhone
node/6291381785,OpenStreetMap,osm,ODbL,https://www.openstreetmap.org/node/6291381785,Residencial Alcalá,,,Dominican Republic,19.4384363,-70.659806,,,,osm-dominican-republic-expanded-2026-05-20,2026-05-20T19:32:17.199Z,pending,none,needs_research,residencial alcala|19.4384|-70.6598,node,apartment,missingCity; missingWebsite; missingPhone
node/6291381786,OpenStreetMap,osm,ODbL,https://www.openstreetmap.org/node/6291381786,Residencial SAMIRA I,,,Dominican Republic,19.439666,-70.6632476,,,,osm-dominican-republic-expanded-2026-05-20,2026-05-20T19:32:17.199Z,pending,none,needs_research,residencial samira i|19.4397|-70.6632,node,apartment,missingCity; missingWebsite; missingPhone
node/6291381885,OpenStreetMap,osm,ODbL,https://www.openstreetmap.org/node/6291381885,Residencial Don Pedro I,,,Dominican Republic,19.436763,-70.6598136,,,,osm-dominican-republic-expanded-2026-05-20,2026-05-20T19:32:17.199Z,pending,none,needs_research,residencial don pedro i|19.4368|-70.6598,node,apartment,missingCity; missingWebsite; missingPhone
node/6291381886,OpenStreetMap,osm,ODbL,https://www.openstreetmap.org/node/6291381886,Residencial DIOSMARY,,,Dominican Republic,19.4373746,-70.6590453,,,,osm-dominican-republic-expanded-2026-05-20,2026-05-20T19:32:17.199Z,pending,none,needs_research,residencial diosmary|19.4374|-70.659,node,apartment,missingCity; missingWebsite; missingPhone
node/6291389285,OpenStreetMap,osm,ODbL,https://www.openstreetmap.org/node/6291389285,Residencial ROSA,,,Dominican Republic,19.4399368,-70.664875,,,,osm-dominican-republic-expanded-2026-05-20,2026-05-20T19:32:17.199Z,pending,none,needs_research,residencial rosa|19.4399|-70.6649,node,apartment,missingCity; missingWebsite; missingPhone
node/6291389286,OpenStreetMap,osm,ODbL,https://www.openstreetmap.org/node/6291389286,Residencial Reyca 6,,,Dominican Republic,19.4399458,-70.6643039,,,,osm-dominican-republic-expanded-2026-05-20,2026-05-20T19:32:17.199Z,pending,none,needs_research,residencial reyca 6|19.4399|-70.6643,node,apartment,missingCity; missingWebsite; missingPhone
node/6291389287,OpenStreetMap,osm,ODbL,https://www.openstreetmap.org/node/6291389287,Residencial LOREANNY III,,,Dominican Republic,19.4399017,-70.6632317,,,,osm-dominican-republic-expanded-2026-05-20,2026-05-20T19:32:17.199Z,pending,none,needs_research,residencial loreanny iii|19.4399|-70.6632,node,apartment,missingCity; missingWebsite; missingPhone
node/6291485785,OpenStreetMap,osm,ODbL,https://www.openstreetmap.org/node/6291485785,Residencial SEBASTIÁN I,,,Dominican Republic,19.4407176,-70.6624682,,,,osm-dominican-republic-expanded-2026-05-20,2026-05-20T19:32:17.199Z,pending,none,needs_research,residencial sebastian i|19.4407|-70.6625,node,apartment,missingCity; missingWebsite; missingPhone
node/6291760585,OpenStreetMap,osm,ODbL,https://www.openstreetmap.org/node/6291760585,Carlos Pérez ricart #6,#6 Avenida Carlos Perez Ricart,,Dominican Republic,18.500722,-69.9534593,,,,osm-dominican-republic-expanded-2026-05-20,2026-05-20T19:32:17.199Z,pending,none,needs_research,carlos perez ricart #6|18.5007|-69.9535,node,apartment,missingCity; missingWebsite; missingPhone
node/6294161985,OpenStreetMap,osm,ODbL,https://www.openstreetmap.org/node/6294161985,Tia de Lisa,,,Dominican Republic,18.5137164,-70.0244939,,,,osm-dominican-republic-expanded-2026-05-20,2026-05-20T19:32:17.199Z,pending,none,needs_research,tia de lisa|18.5137|-70.0245,node,guest_house,missingCity; missingWebsite; missingPhone
node/6295659788,OpenStreetMap,osm,ODbL,https://www.openstreetmap.org/node/6295659788,Residencial jardines dorado III,,,Dominican Republic,19.468385,-70.6579137,,,,osm-dominican-republic-expanded-2026-05-20,2026-05-20T19:32:17.199Z,pending,none,needs_research,residencial jardines dorado iii|19.4684|-70.6579,node,apartment,missingCity; missingWebsite; missingPhone
node/6295779985,OpenStreetMap,osm,ODbL,https://www.openstreetmap.org/node/6295779985,Residencial zahara,,,Dominican Republic,19.459469,-70.6586676,,,,osm-dominican-republic-expanded-2026-05-20,2026-05-20T19:32:17.199Z,pending,none,needs_research,residencial zahara|19.4595|-70.6587,node,apartment,missingCity; missingWebsite; missingPhone
node/6311194585,OpenStreetMap,osm,ODbL,https://www.openstreetmap.org/node/6311194585,Residencial,Calle Pedro Albizu Campos,,Dominican Republic,18.466986,-69.9493313,,,,osm-dominican-republic-expanded-2026-05-20,2026-05-20T19:32:17.199Z,pending,none,needs_research,residencial|18.467|-69.9493,node,apartment,missingCity; missingWebsite; missingPhone
node/6311203487,OpenStreetMap,osm,ODbL,https://www.openstreetmap.org/node/6311203487,Laura Michelle,Calle Comunitaria,,Dominican Republic,18.4939312,-69.9786523,,,,osm-dominican-republic-expanded-2026-05-20,2026-05-20T19:32:17.199Z,pending,none,needs_research,laura michelle|18.4939|-69.9787,node,apartment,missingCity; missingWebsite; missingPhone
node/6312544987,OpenStreetMap,osm,ODbL,https://www.openstreetmap.org/node/6312544987,Residencial oramika,,,Dominican Republic,19.4362758,-70.6778364,,,,osm-dominican-republic-expanded-2026-05-20,2026-05-20T19:32:17.199Z,pending,none,needs_research,residencial oramika|19.4363|-70.6778,node,apartment,missingCity; missingWebsite; missingPhone
node/6313032685,OpenStreetMap,osm,ODbL,https://www.openstreetmap.org/node/6313032685,Hotel Taíno Fronterizo,,,Dominican Republic,18.4960565,-71.8457794,,,,osm-dominican-republic-expanded-2026-05-20,2026-05-20T19:32:17.199Z,pending,none,needs_research,hotel taino fronterizo|18.4961|-71.8458,node,motel,missingCity; missingWebsite; missingPhone
node/6314999313,OpenStreetMap,osm,ODbL,https://www.openstreetmap.org/node/6314999313,Catalonia Bavaro Royal,,,Dominican Republic,18.6391094,-68.3465322,,,Catalonia,osm-dominican-republic-expanded-2026-05-20,2026-05-20T19:32:17.199Z,pending,none,needs_research,catalonia bavaro royal|18.6391|-68.3465,node,hotel,missingCity; missingWebsite; missingPhone
node/6324034085,OpenStreetMap,osm,ODbL,https://www.openstreetmap.org/node/6324034085,,,,Dominican Republic,19.2920541,-69.2058173,,,,osm-dominican-republic-expanded-2026-05-20,2026-05-20T19:32:17.199Z,pending,none,needs_research,unknown|19.2921|-69.2058,node,guest_house,missingName; missingCity; missingWebsite; missingPhone
node/6331280087,OpenStreetMap,osm,ODbL,https://www.openstreetmap.org/node/6331280087,Calle 2da #40,#40 Calle Tercera,,Dominican Republic,18.5399988,-69.8918161,,,,osm-dominican-republic-expanded-2026-05-20,2026-05-20T19:32:17.199Z,pending,none,needs_research,calle 2da #40|18.54|-69.8918,node,apartment,missingCity; missingWebsite; missingPhone
node/6333395285,OpenStreetMap,osm,ODbL,https://www.openstreetmap.org/node/6333395285,Calle la pelona #10,#10 La Pelona,,Dominican Republic,18.5058048,-69.968237,,,,osm-dominican-republic-expanded-2026-05-20,2026-05-20T19:32:17.199Z,pending,none,needs_research,calle la pelona #10|18.5058|-69.9682,node,apartment,missingCity; missingWebsite; missingPhone
node/6334150385,OpenStreetMap,osm,ODbL,https://www.openstreetmap.org/node/6334150385,Casa,,,Dominican Republic,18.6130062,-69.6762147,,,,osm-dominican-republic-expanded-2026-05-20,2026-05-20T19:32:17.199Z,pending,none,needs_research,casa|18.613|-69.6762,node,apartment,missingCity; missingWebsite; missingPhone
node/6338389285,OpenStreetMap,osm,ODbL,https://www.openstreetmap.org/node/6338389285,Residencial Ivonne,,,Dominican Republic,19.4479299,-70.6928886,,,,osm-dominican-republic-expanded-2026-05-20,2026-05-20T19:32:17.199Z,pending,none,needs_research,residencial ivonne|19.4479|-70.6929,node,apartment,missingCity; missingWebsite; missingPhone
node/6340239085,OpenStreetMap,osm,ODbL,https://www.openstreetmap.org/node/6340239085,Residencial Noelia,#1 Calle 1era,,Dominican Republic,18.5449215,-69.9017114,,,,osm-dominican-republic-expanded-2026-05-20,2026-05-20T19:32:17.199Z,pending,none,needs_research,residencial noelia|18.5449|-69.9017,node,apartment,missingCity; missingWebsite; missingPhone
node/6349254786,OpenStreetMap,osm,ODbL,https://www.openstreetmap.org/node/6349254786,Joel & Carrie Vicioso,c/Principal #34,,Dominican Republic,19.3678288,-70.5662888,,,,osm-dominican-republic-expanded-2026-05-20,2026-05-20T19:32:17.199Z,pending,none,needs_research,joel & carrie vicioso|19.3678|-70.5663,node,apartment,missingCity; missingWebsite; missingPhone
node/6349451285,OpenStreetMap,osm,ODbL,https://www.openstreetmap.org/node/6349451285,Joel & Carrie,,,Dominican Republic,19.3678052,-70.5679139,,,,osm-dominican-republic-expanded-2026-05-20,2026-05-20T19:32:17.199Z,pending,none,needs_research,joel & carrie|19.3678|-70.5679,node,apartment,missingCity; missingWebsite; missingPhone
node/6355870990,OpenStreetMap,osm,ODbL,https://www.openstreetmap.org/node/6355870990,Edificio Corimar III,Calle Paravel,,Dominican Republic,18.4305318,-69.9669353,,,,osm-dominican-republic-expanded-2026-05-20,2026-05-20T19:32:17.199Z,pending,none,needs_research,edificio corimar iii|18.4305|-69.9669,node,apartment,missingCity; missingWebsite; missingPhone
node/6360012885,OpenStreetMap,osm,ODbL,https://www.openstreetmap.org/node/6360012885,Residencial Aroma del Mar,3B Respaldo Aroma del Mar,,Dominican Republic,18.426365,-69.9832191,,,,osm-dominican-republic-expanded-2026-05-20,2026-05-20T19:32:17.199Z,pending,none,needs_research,residencial aroma del mar|18.4264|-69.9832,node,apartment,missingCity; missingWebsite; missingPhone
node/6362741594,OpenStreetMap,osm,ODbL,https://www.openstreetmap.org/node/6362741594,Narciso González #36,#36 Calle Nalcizo Gonzalez,,Dominican Republic,18.5408406,-69.8930829,,,,osm-dominican-republic-expanded-2026-05-20,2026-05-20T19:32:17.199Z,pending,none,needs_research,narciso gonzalez #36|18.5408|-69.8931,node,apartment,missingCity; missingWebsite; missingPhone
node/6362846686,OpenStreetMap,osm,ODbL,https://www.openstreetmap.org/node/6362846686,Calle guayabal #5,#5 Calle Guayabal,,Dominican Republic,18.4881129,-69.9665432,,,,osm-dominican-republic-expanded-2026-05-20,2026-05-20T19:32:17.199Z,pending,none,needs_research,calle guayabal #5|18.4881|-69.9665,node,apartment,missingCity; missingWebsite; missingPhone
node/6370532586,OpenStreetMap,osm,ODbL,https://www.openstreetmap.org/node/6370532586,Bonchecitos #10-A,10-A Verano,,Dominican Republic,18.4839298,-69.9621609,,,,osm-dominican-republic-expanded-2026-05-20,2026-05-20T19:32:17.199Z,pending,none,needs_research,bonchecitos #10-a|18.4839|-69.9622,node,apartment,missingCity; missingWebsite; missingPhone
node/6376159591,OpenStreetMap,osm,ODbL,https://www.openstreetmap.org/node/6376159591,Auto galery reyfri #11,#11 Avenida Jacobo Majluta,,Dominican Republic,18.5394153,-69.9548185,,,,osm-dominican-republic-expanded-2026-05-20,2026-05-20T19:32:17.199Z,pending,none,needs_research,auto galery reyfri #11|18.5394|-69.9548,node,apartment,missingCity; missingWebsite; missingPhone
node/6383377090,OpenStreetMap,osm,ODbL,https://www.openstreetmap.org/node/6383377090,Labels latino srl #1,#1 Calle los casabes,,Dominican Republic,18.5544795,-69.9475424,,,,osm-dominican-republic-expanded-2026-05-20,2026-05-20T19:32:17.199Z,pending,none,needs_research,labels latino srl #1|18.5545|-69.9475,node,apartment,missingCity; missingWebsite; missingPhone
node/6383377091,OpenStreetMap,osm,ODbL,https://www.openstreetmap.org/node/6383377091,"M-69, #5",#5 Avenida Primaveral,,Dominican Republic,18.5447293,-69.911558,,,,osm-dominican-republic-expanded-2026-05-20,2026-05-20T19:32:17.199Z,pending,none,needs_research,"m-69, #5|18.5447|-69.9116",node,apartment,missingCity; missingWebsite; missingPhone
node/6383377092,OpenStreetMap,osm,ODbL,https://www.openstreetmap.org/node/6383377092,Calle barrancoli #10,#10 Barrancoli,,Dominican Republic,18.5149347,-69.9371766,,,,osm-dominican-republic-expanded-2026-05-20,2026-05-20T19:32:17.199Z,pending,none,needs_research,calle barrancoli #10|18.5149|-69.9372,node,apartment,missingCity; missingWebsite; missingPhone
node/6383377093,OpenStreetMap,osm,ODbL,https://www.openstreetmap.org/node/6383377093,Residencial LC,1 Calle 1,,Dominican Republic,18.5461209,-69.8920669,,,,osm-dominican-republic-expanded-2026-05-20,2026-05-20T19:32:17.199Z,pending,none,needs_research,residencial lc|18.5461|-69.8921,node,apartment,missingCity; missingWebsite; missingPhone
node/6390579990,OpenStreetMap,osm,ODbL,https://www.openstreetmap.org/node/6390579990,Premian Express cargo #21,#21 Calle Presidente Vazquez,,Dominican Republic,18.4889334,-69.8768546,,,,osm-dominican-republic-expanded-2026-05-20,2026-05-20T19:32:17.199Z,pending,none,needs_research,premian express cargo #21|18.4889|-69.8769,node,apartment,missingCity; missingWebsite; missingPhone
node/6390618885,OpenStreetMap,osm,ODbL,https://www.openstreetmap.org/node/6390618885,Hermanas mirabal #386,#386 Avenida Hermanas Mirabal,,Dominican Republic,18.5300587,-69.9081775,,,,osm-dominican-republic-expanded-2026-05-20,2026-05-20T19:32:17.199Z,pending,none,needs_research,hermanas mirabal #386|18.5301|-69.9082,node,apartment,missingCity; missingWebsite; missingPhone
node/6391495086,OpenStreetMap,osm,ODbL,https://www.openstreetmap.org/node/6391495086,Cerros de doña Luisa,Calle 1era,,Dominican Republic,18.5142089,-69.9429133,,,,osm-dominican-republic-expanded-2026-05-20,2026-05-20T19:32:17.199Z,pending,none,needs_research,cerros de dona luisa|18.5142|-69.9429,node,apartment,missingCity; missingWebsite; missingPhone
node/6391497285,OpenStreetMap,osm,ODbL,https://www.openstreetmap.org/node/6391497285,Calle 1ra,#7 Calle 1era,,Dominican Republic,18.5138251,-69.940082,,,,osm-dominican-republic-expanded-2026-05-20,2026-05-20T19:32:17.199Z,pending,none,needs_research,calle 1ra|18.5138|-69.9401,node,apartment,missingCity; missingWebsite; missingPhone
node/6391497385,OpenStreetMap,osm,ODbL,https://www.openstreetmap.org/node/6391497385,M-K edificio 8,3-2 Calle 45,,Dominican Republic,18.5011474,-69.9277071,,,,osm-dominican-republic-expanded-2026-05-20,2026-05-20T19:32:17.199Z,pending,none,needs_research,m-k edificio 8|18.5011|-69.9277,node,apartment,missingCity; missingWebsite; missingPhone
node/6391597685,OpenStreetMap,osm,ODbL,https://www.openstreetmap.org/node/6391597685,Respaldó 33,#26 Respaldo 33,,Dominican Republic,18.5021021,-69.9203856,,,,osm-dominican-republic-expanded-2026-05-20,2026-05-20T19:32:17.199Z,pending,none,needs_research,respaldo 33|18.5021|-69.9204,node,apartment,missingCity; missingWebsite; missingPhone
node/6391741085,OpenStreetMap,osm,ODbL,https://www.openstreetmap.org/node/6391741085,Thomas baez auto import,10 Avenida Charles de Gaulle,,Dominican Republic,18.5470211,-69.8906709,,,,osm-dominican-republic-expanded-2026-05-20,2026-05-20T19:32:17.199Z,pending,none,needs_research,thomas baez auto import|18.547|-69.8907,node,apartment,missingCity; missingWebsite; missingPhone
node/6401420587,OpenStreetMap,osm,ODbL,https://www.openstreetmap.org/node/6401420587,RES. THOMAS I,48 Calle 1,,Dominican Republic,18.4698203,-69.9862934,,,,osm-dominican-republic-expanded-2026-05-20,2026-05-20T19:32:17.199Z,pending,none,needs_research,res. thomas i|18.4698|-69.9863,node,apartment,missingCity; missingWebsite; missingPhone
node/6401420588,OpenStreetMap,osm,ODbL,https://www.openstreetmap.org/node/6401420588,EDIFICIO JESSIMALG I,50 Calle 1,,Dominican Republic,18.4697159,-69.9864225,,,,osm-dominican-republic-expanded-2026-05-20,2026-05-20T19:32:17.199Z,pending,none,needs_research,edificio jessimalg i|18.4697|-69.9864,node,apartment,missingCity; missingWebsite; missingPhone
node/6402906489,OpenStreetMap,osm,ODbL,https://www.openstreetmap.org/node/6402906489,casa de esperanza,,,Dominican Republic,18.4747972,-69.9792464,,,,osm-dominican-republic-expanded-2026-05-20,2026-05-20T19:32:17.199Z,pending,none,needs_research,casa de esperanza|18.4748|-69.9792,node,guest_house,missingCity; missingWebsite; missingPhone
node/6407471887,OpenStreetMap,osm,ODbL,https://www.openstreetmap.org/node/6407471887,Calle sol de otoño #7,#7 Calle Sol de Otoño,,Dominican Republic,18.5023066,-69.9712973,,,,osm-dominican-republic-expanded-2026-05-20,2026-05-20T19:32:17.199Z,pending,none,needs_research,calle sol de otono #7|18.5023|-69.9713,node,apartment,missingCity; missingWebsite; missingPhone
node/6407472187,OpenStreetMap,osm,ODbL,https://www.openstreetmap.org/node/6407472187,San Sebastián Vll #8,#8 San Sebastian VII,,Dominican Republic,18.5062688,-69.9705311,,,,osm-dominican-republic-expanded-2026-05-20,2026-05-20T19:32:17.199Z,pending,none,needs_research,san sebastian vll #8|18.5063|-69.9705,node,apartment,missingCity; missingWebsite; missingPhone
node/6411659187,OpenStreetMap,osm,ODbL,https://www.openstreetmap.org/node/6411659187,Calle 25 #10,#10 Calle 25,,Dominican Republic,18.522698,-69.9006053,,,,osm-dominican-republic-expanded-2026-05-20,2026-05-20T19:32:17.199Z,pending,none,needs_research,calle 25 #10|18.5227|-69.9006,node,apartment,missingCity; missingWebsite; missingPhone
node/6411669685,OpenStreetMap,osm,ODbL,https://www.openstreetmap.org/node/6411669685,Colegio renacer #43,#43 Calle 6,,Dominican Republic,18.5321624,-69.9044077,,,,osm-dominican-republic-expanded-2026-05-20,2026-05-20T19:32:17.199Z,pending,none,needs_research,colegio renacer #43|18.5322|-69.9044,node,apartment,missingCity; missingWebsite; missingPhone
node/6411889786,OpenStreetMap,osm,ODbL,https://www.openstreetmap.org/node/6411889786,Edificio ENI-2,Calle C,,Dominican Republic,18.4751057,-69.9510473,,,,osm-dominican-republic-expanded-2026-05-20,2026-05-20T19:32:17.199Z,pending,none,needs_research,edificio eni-2|18.4751|-69.951,node,apartment,missingCity; missingWebsite; missingPhone
node/6411919885,OpenStreetMap,osm,ODbL,https://www.openstreetmap.org/node/6411919885,Laura Michelle XXIX,Calle Colibri,,Dominican Republic,18.4971847,-69.9807778,,,,osm-dominican-republic-expanded-2026-05-20,2026-05-20T19:32:17.199Z,pending,none,needs_research,laura michelle xxix|18.4972|-69.9808,node,apartment,missingCity; missingWebsite; missingPhone
node/6412401485,OpenStreetMap,osm,ODbL,https://www.openstreetmap.org/node/6412401485,Edificio Diamante I,Calle Juan S Ramirez,,Dominican Republic,18.4644432,-69.9918027,,,,osm-dominican-republic-expanded-2026-05-20,2026-05-20T19:32:17.199Z,pending,none,needs_research,edificio diamante i|18.4644|-69.9918,node,apartment,missingCity; missingWebsite; missingPhone
node/6421473391,OpenStreetMap,osm,ODbL,https://www.openstreetmap.org/node/6421473391,Calle María gala #28,#28 Calle Maria Gala,,Dominican Republic,18.4859127,-69.9648493,,,,osm-dominican-republic-expanded-2026-05-20,2026-05-20T19:32:17.199Z,pending,none,needs_research,calle maria gala #28|18.4859|-69.9648,node,apartment,missingCity; missingWebsite; missingPhone
node/6423635690,OpenStreetMap,osm,ODbL,https://www.openstreetmap.org/node/6423635690,Calle Luisa osema pellerano #12,#12 Calle Luisa Ozema Pellerano,,Dominican Republic,18.5184401,-69.9604239,,,,osm-dominican-republic-expanded-2026-05-20,2026-05-20T19:32:17.199Z,pending,none,needs_research,calle luisa osema pellerano #12|18.5184|-69.9604,node,apartment,missingCity; missingWebsite; missingPhone
node/6423669585,OpenStreetMap,osm,ODbL,https://www.openstreetmap.org/node/6423669585,Hospedaje atletas,,,Dominican Republic,18.4932318,-69.9242462,,,,osm-dominican-republic-expanded-2026-05-20,2026-05-20T19:32:17.199Z,pending,none,needs_research,hospedaje atletas|18.4932|-69.9242,node,apartment,missingCity; missingWebsite; missingPhone
node/6423669685,OpenStreetMap,osm,ODbL,https://www.openstreetmap.org/node/6423669685,Albergue olímpico,,,Dominican Republic,18.4940728,-69.9242444,,,,osm-dominican-republic-expanded-2026-05-20,2026-05-20T19:32:17.199Z,pending,none,needs_research,albergue olimpico|18.4941|-69.9242,node,apartment,missingCity; missingWebsite; missingPhone
node/6425797885,OpenStreetMap,osm,ODbL,https://www.openstreetmap.org/node/6425797885,Виталий Олесик,,,Dominican Republic,18.4501549,-69.6039902,,,,osm-dominican-republic-expanded-2026-05-20,2026-05-20T19:32:17.199Z,pending,none,needs_research,виталии олесик|18.4502|-69.604,node,hotel,missingCity; missingWebsite; missingPhone
node/6428269485,OpenStreetMap,osm,ODbL,https://www.openstreetmap.org/node/6428269485,"América oro, #361",#361 Avenida Nicolás de Ovando,,Dominican Republic,18.5000896,-69.9122981,,,,osm-dominican-republic-expanded-2026-05-20,2026-05-20T19:32:17.199Z,pending,none,needs_research,"america oro, #361|18.5001|-69.9123",node,apartment,missingCity; missingWebsite; missingPhone
node/6429388223,OpenStreetMap,osm,ODbL,https://www.openstreetmap.org/node/6429388223,HOTEL BRISOL,,,Dominican Republic,19.5501679,-71.7110441,,,,osm-dominican-republic-expanded-2026-05-20,2026-05-20T19:32:17.199Z,pending,none,needs_research,hotel brisol|19.5502|-71.711,node,hotel,missingCity; missingWebsite; missingPhone
node/6441129085,OpenStreetMap,osm,ODbL,https://www.openstreetmap.org/node/6441129085,Calle guayubin #2,#2 Calle Guayubin,,Dominican Republic,18.4869312,-69.968625,,,,osm-dominican-republic-expanded-2026-05-20,2026-05-20T19:32:17.199Z,pending,none,needs_research,calle guayubin #2|18.4869|-69.9686,node,apartment,missingCity; missingWebsite; missingPhone
node/6446177320,OpenStreetMap,osm,ODbL,https://www.openstreetmap.org/node/6446177320,MZ-I #9,#9 Calle B,,Dominican Republic,18.5510921,-69.9227541,,,,osm-dominican-republic-expanded-2026-05-20,2026-05-20T19:32:17.199Z,pending,none,needs_research,mz-i #9|18.5511|-69.9228,node,apartment,missingCity; missingWebsite; missingPhone
node/6446438486,OpenStreetMap,osm,ODbL,https://www.openstreetmap.org/node/6446438486,Residencial Maria Josefina,Avenida La Cordillera,,Dominican Republic,18.5032922,-70.0162163,,,,osm-dominican-republic-expanded-2026-05-20,2026-05-20T19:32:17.199Z,pending,none,needs_research,residencial maria josefina|18.5033|-70.0162,node,apartment,missingCity; missingWebsite; missingPhone
node/6448141485,OpenStreetMap,osm,ODbL,https://www.openstreetmap.org/node/6448141485,Lopesa,Calle Bibijagua,,Dominican Republic,18.6702365,-68.4015843,,,,osm-dominican-republic-expanded-2026-05-20,2026-05-20T19:32:17.199Z,pending,none,needs_research,lopesa|18.6702|-68.4016,node,hotel,missingCity; missingWebsite; missingPhone
node/6451915085,OpenStreetMap,osm,ODbL,https://www.openstreetmap.org/node/6451915085,condominio Eustaquio I,Juan Pablo Duarte,,Dominican Republic,18.4682175,-69.9938148,,,,osm-dominican-republic-expanded-2026-05-20,2026-05-20T19:32:17.199Z,pending,none,needs_research,condominio eustaquio i|18.4682|-69.9938,node,apartment,missingCity; missingWebsite; missingPhone
node/6462449186,OpenStreetMap,osm,ODbL,https://www.openstreetmap.org/node/6462449186,"Calle 38, edfi 161",#161 San Juan de la Maguana,,Dominican Republic,18.5011466,-69.9246451,,,,osm-dominican-republic-expanded-2026-05-20,2026-05-20T19:32:17.199Z,pending,none,needs_research,"calle 38, edfi 161|18.5011|-69.9246",node,apartment,missingCity; missingWebsite; missingPhone
node/6467016348,OpenStreetMap,osm,ODbL,https://www.openstreetmap.org/node/6467016348,Complejo Turístico Hora Azul,,,Dominican Republic,19.5607655,-71.0793301,,,,osm-dominican-republic-expanded-2026-05-20,2026-05-20T19:32:17.199Z,pending,none,needs_research,complejo turistico hora azul|19.5608|-71.0793,node,hostel,missingCity; missingWebsite; missingPhone
node/6468314516,OpenStreetMap,osm,ODbL,https://www.openstreetmap.org/node/6468314516,Hotel Emotions by Hodelpa,,,Dominican Republic,18.4279217,-69.4048733,,,,osm-dominican-republic-expanded-2026-05-20,2026-05-20T19:32:17.199Z,pending,none,needs_research,hotel emotions by hodelpa|18.4279|-69.4049,node,hotel,missingCity; missingWebsite; missingPhone
node/6476870837,OpenStreetMap,osm,ODbL,https://www.openstreetmap.org/node/6476870837,Hotel Nueva York,,,Dominican Republic,18.2462651,-71.2063832,,,,osm-dominican-republic-expanded-2026-05-20,2026-05-20T19:32:17.199Z,pending,none,needs_research,hotel nueva york|18.2463|-71.2064,node,hotel,missingCity; missingWebsite; missingPhone
node/6478949585,OpenStreetMap,osm,ODbL,https://www.openstreetmap.org/node/6478949585,"Calle 1ra, 20",#20 Calle 1ra,,Dominican Republic,18.5449735,-69.8873981,,,,osm-dominican-republic-expanded-2026-05-20,2026-05-20T19:32:17.199Z,pending,none,needs_research,"calle 1ra, 20|18.545|-69.8874",node,apartment,missingCity; missingWebsite; missingPhone
node/6482988314,OpenStreetMap,osm,ODbL,https://www.openstreetmap.org/node/6482988314,Hotel Perla del Sur,,,Dominican Republic,18.06869,-71.0966438,,,,osm-dominican-republic-expanded-2026-05-20,2026-05-20T19:32:17.199Z,pending,none,needs_research,hotel perla del sur|18.0687|-71.0966,node,hotel,missingCity; missingWebsite; missingPhone
node/6486252585,OpenStreetMap,osm,ODbL,https://www.openstreetmap.org/node/6486252585,Res. Juan Nicolás II,Calle 4ta,,Dominican Republic,18.4966388,-69.9817624,,,,osm-dominican-republic-expanded-2026-05-20,2026-05-20T19:32:17.199Z,pending,none,needs_research,res. juan nicolas ii|18.4966|-69.9818,node,apartment,missingCity; missingWebsite; missingPhone
node/6486270486,OpenStreetMap,osm,ODbL,https://www.openstreetmap.org/node/6486270486,M-Ñ edificio 2,#2 Calle 45,,Dominican Republic,18.5014235,-69.9278645,,,,osm-dominican-republic-expanded-2026-05-20,2026-05-20T19:32:17.199Z,pending,none,needs_research,m-n edificio 2|18.5014|-69.9279,node,apartment,missingCity; missingWebsite; missingPhone
node/6486270487,OpenStreetMap,osm,ODbL,https://www.openstreetmap.org/node/6486270487,"Calle las margaritas, #11",#11 Las Margaritas,,Dominican Republic,18.5257188,-69.8949162,,,,osm-dominican-republic-expanded-2026-05-20,2026-05-20T19:32:17.199Z,pending,none,needs_research,"calle las margaritas, #11|18.5257|-69.8949",node,apartment,missingCity; missingWebsite; missingPhone
node/6497479185,OpenStreetMap,osm,ODbL,https://www.openstreetmap.org/node/6497479185,"Manzana 30, #10",#10 Avenida Primaveral,,Dominican Republic,18.5443399,-69.9085576,,,,osm-dominican-republic-expanded-2026-05-20,2026-05-20T19:32:17.199Z,pending,none,needs_research,"manzana 30, #10|18.5443|-69.9086",node,apartment,missingCity; missingWebsite; missingPhone
node/6506615986,OpenStreetMap,osm,ODbL,https://www.openstreetmap.org/node/6506615986,"Calle Antonio estevez , #6",#6 Calle Antonio Estevez,,Dominican Republic,18.5014894,-69.9532965,,,,osm-dominican-republic-expanded-2026-05-20,2026-05-20T19:32:17.199Z,pending,none,needs_research,"calle antonio estevez , #6|18.5015|-69.9533",node,apartment,missingCity; missingWebsite; missingPhone
node/6506618485,OpenStreetMap,osm,ODbL,https://www.openstreetmap.org/node/6506618485,"Edificio coldero, #13",#13 Calle Rio Grande,,Dominican Republic,18.486927,-69.9665898,,,,osm-dominican-republic-expanded-2026-05-20,2026-05-20T19:32:17.199Z,pending,none,needs_research,"edificio coldero, #13|18.4869|-69.9666",node,apartment,missingCity; missingWebsite; missingPhone
node/6508652186,OpenStreetMap,osm,ODbL,https://www.openstreetmap.org/node/6508652186,Cabañas Kiss,Autopista 30 de Mayo,,Dominican Republic,18.4257307,-69.9939077,,(829) 274-3387,,osm-dominican-republic-expanded-2026-05-20,2026-05-20T19:32:17.199Z,pending,none,needs_research,cabanas kiss|18.4257|-69.9939,node,motel,missingCity; missingWebsite
node/6514622885,OpenStreetMap,osm,ODbL,https://www.openstreetmap.org/node/6514622885,El Conde,,,Dominican Republic,18.2045659,-71.0930346,,,,osm-dominican-republic-expanded-2026-05-20,2026-05-20T19:32:17.199Z,pending,none,needs_research,el conde|18.2046|-71.093,node,hotel,missingCity; missingWebsite; missingPhone
node/6514622986,OpenStreetMap,osm,ODbL,https://www.openstreetmap.org/node/6514622986,EL Conde,,,Dominican Republic,19.123021,-70.6410273,,,,osm-dominican-republic-expanded-2026-05-20,2026-05-20T19:32:17.199Z,pending,none,needs_research,el conde|19.123|-70.641,node,hotel,missingCity; missingWebsite; missingPhone
node/6518833285,OpenStreetMap,osm,ODbL,https://www.openstreetmap.org/node/6518833285,"M-16, #15",15 Avenida Primaveral,,Dominican Republic,18.5443038,-69.9073586,,,,osm-dominican-republic-expanded-2026-05-20,2026-05-20T19:32:17.199Z,pending,none,needs_research,"m-16, #15|18.5443|-69.9074",node,apartment,missingCity; missingWebsite; missingPhone
node/6519020785,OpenStreetMap,osm,ODbL,https://www.openstreetmap.org/node/6519020785,calle paseo de las galsa,6-A Calle Paseo de las Garzas,,Dominican Republic,18.5147305,-69.9359332,,,,osm-dominican-republic-expanded-2026-05-20,2026-05-20T19:32:17.199Z,pending,none,needs_research,calle paseo de las galsa|18.5147|-69.9359,node,apartment,missingCity; missingWebsite; missingPhone
node/6525167785,OpenStreetMap,osm,ODbL,https://www.openstreetmap.org/node/6525167785,coronado srl,#50 Los Restauradores,,Dominican Republic,18.5440211,-69.8910536,,8298309136,Luis Joel coronado,osm-dominican-republic-expanded-2026-05-20,2026-05-20T19:32:17.199Z,pending,none,needs_research,coronado srl|18.544|-69.8911,node,apartment,missingCity; missingWebsite
node/6532539385,OpenStreetMap,osm,ODbL,https://www.openstreetmap.org/node/6532539385,oficina de correo,1 San Juan de la Maguana,,Dominican Republic,18.5009763,-69.9265955,,,,osm-dominican-republic-expanded-2026-05-20,2026-05-20T19:32:17.199Z,pending,none,needs_research,oficina de correo|18.501|-69.9266,node,apartment,missingCity; missingWebsite; missingPhone
node/6538140385,OpenStreetMap,osm,ODbL,https://www.openstreetmap.org/node/6538140385,Ivonne Nicole III,80 Calle Betania,,Dominican Republic,18.4918318,-69.9888737,,,,osm-dominican-republic-expanded-2026-05-20,2026-05-20T19:32:17.199Z,pending,none,needs_research,ivonne nicole iii|18.4918|-69.9889,node,apartment,missingCity; missingWebsite; missingPhone
node/6538140386,OpenStreetMap,osm,ODbL,https://www.openstreetmap.org/node/6538140386,Residencial Terra VIII,,,Dominican Republic,18.5223995,-70.0050956,,,,osm-dominican-republic-expanded-2026-05-20,2026-05-20T19:32:17.199Z,pending,none,needs_research,residencial terra viii|18.5224|-70.0051,node,apartment,missingCity; missingWebsite; missingPhone
node/6544985685,OpenStreetMap,osm,ODbL,https://www.openstreetmap.org/node/6544985685,"M-16, casa 8",8 Avenida Primaveral,,Dominican Republic,18.5444036,-69.9070818,,,,osm-dominican-republic-expanded-2026-05-20,2026-05-20T19:32:17.199Z,pending,none,needs_research,"m-16, casa 8|18.5444|-69.9071",node,apartment,missingCity; missingWebsite; missingPhone
node/6548145187,OpenStreetMap,osm,ODbL,https://www.openstreetmap.org/node/6548145187,Casa Ulloa,,,Dominican Republic,18.4165072,-70.0334255,,,,osm-dominican-republic-expanded-2026-05-20,2026-05-20T19:32:17.199Z,pending,none,needs_research,casa ulloa|18.4165|-70.0334,node,apartment,missingCity; missingWebsite; missingPhone
node/6548242085,OpenStreetMap,osm,ODbL,https://www.openstreetmap.org/node/6548242085,"calle 7, casa 6",6 Calle 7,,Dominican Republic,18.5358326,-69.901116,,,,osm-dominican-republic-expanded-2026-05-20,2026-05-20T19:32:17.199Z,pending,none,needs_research,"calle 7, casa 6|18.5358|-69.9011",node,apartment,missingCity; missingWebsite; missingPhone
node/6548285485,OpenStreetMap,osm,ODbL,https://www.openstreetmap.org/node/6548285485,urbanización las palmas,16 Calle Primera,,Dominican Republic,18.5392723,-69.8964294,,,,osm-dominican-republic-expanded-2026-05-20,2026-05-20T19:32:17.199Z,pending,none,needs_research,urbanizacion las palmas|18.5393|-69.8964,node,apartment,missingCity; missingWebsite; missingPhone
node/6553456585,OpenStreetMap,osm,ODbL,https://www.openstreetmap.org/node/6553456585,"calle san clemente sito al , #9",9 San Cristóbal,,Dominican Republic,18.4973797,-69.9624771,,8095098273,,osm-dominican-republic-expanded-2026-05-20,2026-05-20T19:32:17.199Z,pending,none,needs_research,"calle san clemente sito al , #9|18.4974|-69.9625",node,apartment,missingCity; missingWebsite
node/6556099885,OpenStreetMap,osm,ODbL,https://www.openstreetmap.org/node/6556099885,"calle 7, #3",3 Calle 7,,Dominican Republic,18.5364206,-69.9010314,,,,osm-dominican-republic-expanded-2026-05-20,2026-05-20T19:32:17.199Z,pending,none,needs_research,"calle 7, #3|18.5364|-69.901",node,apartment,missingCity; missingWebsite; missingPhone
node/6561542253,OpenStreetMap,osm,ODbL,https://www.openstreetmap.org/node/6561542253,Cabrera Chalet,"12 Magic Spot, Cabrera, 33000",Cabrera,Dominican Republic,19.6392919,-69.9306226,https://www.cabrera-chalet.com,,Boutique Hotel,osm-dominican-republic-expanded-2026-05-20,2026-05-20T19:32:17.199Z,pending,none,needs_research,cabrera chalet|cabrera|dominican republic,node,hotel,missingPhone
node/6563243085,OpenStreetMap,osm,ODbL,https://www.openstreetmap.org/node/6563243085,"calle H5, #25",25 Calle H5,,Dominican Republic,18.5025139,-69.9519309,,,,osm-dominican-republic-expanded-2026-05-20,2026-05-20T19:32:17.199Z,pending,none,needs_research,"calle h5, #25|18.5025|-69.9519",node,apartment,missingCity; missingWebsite; missingPhone
node/6563680485,OpenStreetMap,osm,ODbL,https://www.openstreetmap.org/node/6563680485,M- 3420,,,Dominican Republic,18.5235593,-69.847854,,,,osm-dominican-republic-expanded-2026-05-20,2026-05-20T19:32:17.199Z,pending,none,needs_research,m- 3420|18.5236|-69.8479,node,apartment,missingCity; missingWebsite; missingPhone
node/6566452585,OpenStreetMap,osm,ODbL,https://www.openstreetmap.org/node/6566452585,Casa,,,Dominican Republic,18.5074977,-69.8697291,,,,osm-dominican-republic-expanded-2026-05-20,2026-05-20T19:32:17.199Z,pending,none,needs_research,casa|18.5075|-69.8697,node,guest_house,missingCity; missingWebsite; missingPhone
node/6568558985,OpenStreetMap,osm,ODbL,https://www.openstreetmap.org/node/6568558985,"manzana, ñ edificio, 2",2 Calle 45,,Dominican Republic,18.5014019,-69.9278742,,,,osm-dominican-republic-expanded-2026-05-20,2026-05-20T19:32:17.199Z,pending,none,needs_research,"manzana, n edificio, 2|18.5014|-69.9279",node,apartment,missingCity; missingWebsite; missingPhone
node/6570504386,OpenStreetMap,osm,ODbL,https://www.openstreetmap.org/node/6570504386,,3 Calle 2,,Dominican Republic,18.5038516,-69.9573127,,,,osm-dominican-republic-expanded-2026-05-20,2026-05-20T19:32:17.199Z,pending,none,needs_research,unknown|18.5039|-69.9573,node,apartment,missingName; missingCity; missingWebsite; missingPhone
node/6572814186,OpenStreetMap,osm,ODbL,https://www.openstreetmap.org/node/6572814186,"calle paseo del nizao, 3",3 Paseo del Nizao,,Dominican Republic,18.4915397,-69.9602983,,,,osm-dominican-republic-expanded-2026-05-20,2026-05-20T19:32:17.199Z,pending,none,needs_research,"calle paseo del nizao, 3|18.4915|-69.9603",node,apartment,missingCity; missingWebsite; missingPhone
node/6573011385,OpenStreetMap,osm,ODbL,https://www.openstreetmap.org/node/6573011385,"calle 37, 23-B",23-B Calle 37,,Dominican Republic,18.4966078,-69.9229425,,,,osm-dominican-republic-expanded-2026-05-20,2026-05-20T19:32:17.199Z,pending,none,needs_research,"calle 37, 23-b|18.4966|-69.9229",node,apartment,missingCity; missingWebsite; missingPhone
node/6573200885,OpenStreetMap,osm,ODbL,https://www.openstreetmap.org/node/6573200885,"plaza Camila, 3",3 Avenida Jacobo Majluta,,Dominican Republic,18.5490827,-69.9223753,,,,osm-dominican-republic-expanded-2026-05-20,2026-05-20T19:32:17.199Z,pending,none,needs_research,"plaza camila, 3|18.5491|-69.9224",node,apartment,missingCity; missingWebsite; missingPhone
node/6575065485,OpenStreetMap,osm,ODbL,https://www.openstreetmap.org/node/6575065485,"calle 38, M-k, edificó, 6",6 Calle 38,,Dominican Republic,18.5010504,-69.9272598,,,,osm-dominican-republic-expanded-2026-05-20,2026-05-20T19:32:17.199Z,pending,none,needs_research,"calle 38, m-k, edifico, 6|18.5011|-69.9273",node,apartment,missingCity; missingWebsite; missingPhone
node/6577132485,OpenStreetMap,osm,ODbL,https://www.openstreetmap.org/node/6577132485,"calle A, edición 49,",49 Calle A,,Dominican Republic,18.4958075,-69.9666907,,,,osm-dominican-republic-expanded-2026-05-20,2026-05-20T19:32:17.199Z,pending,none,needs_research,"calle a, edicion 49,|18.4958|-69.9667",node,apartment,missingCity; missingWebsite; missingPhone
node/6582430685,OpenStreetMap,osm,ODbL,https://www.openstreetmap.org/node/6582430685,Casa de martín,,,Dominican Republic,18.9072834,-70.1516094,,,,osm-dominican-republic-expanded-2026-05-20,2026-05-20T19:32:17.199Z,pending,none,needs_research,casa de martin|18.9073|-70.1516,node,apartment,missingCity; missingWebsite; missingPhone
node/6584408285,OpenStreetMap,osm,ODbL,https://www.openstreetmap.org/node/6584408285,"calle 30, #38",18 calle 30,,Dominican Republic,18.5285088,-69.8996435,,,,osm-dominican-republic-expanded-2026-05-20,2026-05-20T19:32:17.199Z,pending,none,needs_research,"calle 30, #38|18.5285|-69.8996",node,apartment,missingCity; missingWebsite; missingPhone
node/6584453186,OpenStreetMap,osm,ODbL,https://www.openstreetmap.org/node/6584453186,"doncella, 102",102 Avenida Coronel Juan Maria Lora Fernandez,,Dominican Republic,18.4920275,-69.9672916,,,,osm-dominican-republic-expanded-2026-05-20,2026-05-20T19:32:17.199Z,pending,none,needs_research,"doncella, 102|18.492|-69.9673",node,apartment,missingCity; missingWebsite; missingPhone
node/6584704686,OpenStreetMap,osm,ODbL,https://www.openstreetmap.org/node/6584704686,"calle 26, 3",3 Calle 26,,Dominican Republic,18.5331567,-69.9013965,,,,osm-dominican-republic-expanded-2026-05-20,2026-05-20T19:32:17.199Z,pending,none,needs_research,"calle 26, 3|18.5332|-69.9014",node,apartment,missingCity; missingWebsite; missingPhone
node/6590001085,OpenStreetMap,osm,ODbL,https://www.openstreetmap.org/node/6590001085,M- 15,,,Dominican Republic,18.5392494,-69.8146601,,,,osm-dominican-republic-expanded-2026-05-20,2026-05-20T19:32:17.199Z,pending,none,needs_research,m- 15|18.5392|-69.8147,node,apartment,missingCity; missingWebsite; missingPhone
node/6590001086,OpenStreetMap,osm,ODbL,https://www.openstreetmap.org/node/6590001086,M- 14,,,Dominican Republic,18.5385351,-69.8146077,,,,osm-dominican-republic-expanded-2026-05-20,2026-05-20T19:32:17.199Z,pending,none,needs_research,m- 14|18.5385|-69.8146,node,apartment,missingCity; missingWebsite; missingPhone
node/6591275786,OpenStreetMap,osm,ODbL,https://www.openstreetmap.org/node/6591275786,M- 11,,,Dominican Republic,18.5359037,-69.8153979,,,,osm-dominican-republic-expanded-2026-05-20,2026-05-20T19:32:17.199Z,pending,none,needs_research,m- 11|18.5359|-69.8154,node,apartment,missingCity; missingWebsite; missingPhone
node/6591275787,OpenStreetMap,osm,ODbL,https://www.openstreetmap.org/node/6591275787,M- 23,,,Dominican Republic,18.5404653,-69.813766,,,,osm-dominican-republic-expanded-2026-05-20,2026-05-20T19:32:17.199Z,pending,none,needs_research,m- 23|18.5405|-69.8138,node,apartment,missingCity; missingWebsite; missingPhone
node/6591285585,OpenStreetMap,osm,ODbL,https://www.openstreetmap.org/node/6591285585,M- 17,,,Dominican Republic,18.5385303,-69.8128917,,,,osm-dominican-republic-expanded-2026-05-20,2026-05-20T19:32:17.199Z,pending,none,needs_research,m- 17|18.5385|-69.8129,node,apartment,missingCity; missingWebsite; missingPhone
node/6592115592,OpenStreetMap,osm,ODbL,https://www.openstreetmap.org/node/6592115592,Punta Rucia,Carretera al Papayo,,Dominican Republic,19.8431618,-71.2122986,,,,osm-dominican-republic-expanded-2026-05-20,2026-05-20T19:32:17.199Z,pending,none,needs_research,punta rucia|19.8432|-71.2123,node,hotel,missingCity; missingWebsite; missingPhone
node/6592115593,OpenStreetMap,osm,ODbL,https://www.openstreetmap.org/node/6592115593,Hotel Sand Bay Oceanfront,Carretera al Papayo,,Dominican Republic,19.8432203,-71.2122008,,,,osm-dominican-republic-expanded-2026-05-20,2026-05-20T19:32:17.199Z,pending,none,needs_research,hotel sand bay oceanfront|19.8432|-71.2122,node,hotel,missingCity; missingWebsite; missingPhone
node/6604034360,OpenStreetMap,osm,ODbL,https://www.openstreetmap.org/node/6604034360,Casa de Huespedes Colonial,"103 Calle Espaillat, Santo Domingo, 11111",Santo Domingo,Dominican Republic,18.468898,-69.8891659,,,,osm-dominican-republic-expanded-2026-05-20,2026-05-20T19:32:17.199Z,pending,none,needs_research,casa de huespedes colonial|santo domingo|dominican republic,node,hotel,missingWebsite; missingPhone
node/6604081464,OpenStreetMap,osm,ODbL,https://www.openstreetmap.org/node/6604081464,Share Melvi Apartment,"Viuda Martinez, Punta Cana, 23000",Punta Cana,Dominican Republic,18.6680759,-68.4044643,,,Residencial Barceló,osm-dominican-republic-expanded-2026-05-20,2026-05-20T19:32:17.199Z,pending,none,needs_research,share melvi apartment|punta cana|dominican republic,node,hotel,missingWebsite; missingPhone
node/6605850623,OpenStreetMap,osm,ODbL,https://www.openstreetmap.org/node/6605850623,"carretera Isabella, 20",20 Carretera La Isabela,,Dominican Republic,18.5087123,-69.9501052,,,,osm-dominican-republic-expanded-2026-05-20,2026-05-20T19:32:17.199Z,pending,none,needs_research,"carretera isabella, 20|18.5087|-69.9501",node,apartment,missingCity; missingWebsite; missingPhone
node/6605850624,OpenStreetMap,osm,ODbL,https://www.openstreetmap.org/node/6605850624,"calle paseo del camu, 3",3 Calle Paseo del Camu,,Dominican Republic,18.4941826,-69.9600314,,,,osm-dominican-republic-expanded-2026-05-20,2026-05-20T19:32:17.199Z,pending,none,needs_research,"calle paseo del camu, 3|18.4942|-69.96",node,apartment,missingCity; missingWebsite; missingPhone
node/6605850625,OpenStreetMap,osm,ODbL,https://www.openstreetmap.org/node/6605850625,rijo mercantil.s.r.l. 2,2 Calle 28 Rafael Antonio Pichardo,,Dominican Republic,18.4953588,-69.9250237,,,,osm-dominican-republic-expanded-2026-05-20,2026-05-20T19:32:17.199Z,pending,none,needs_research,rijo mercantil.s.r.l. 2|18.4954|-69.925,node,apartment,missingCity; missingWebsite; missingPhone
node/6615239085,OpenStreetMap,osm,ODbL,https://www.openstreetmap.org/node/6615239085,MT hotel,,,Dominican Republic,18.688491,-68.4439485,,,,osm-dominican-republic-expanded-2026-05-20,2026-05-20T19:32:17.199Z,pending,none,needs_research,mt hotel|18.6885|-68.4439,node,hotel,missingCity; missingWebsite; missingPhone
node/6617361685,OpenStreetMap,osm,ODbL,https://www.openstreetmap.org/node/6617361685,"calle 4ta, #10",10 Calle 4ta,,Dominican Republic,18.5327842,-69.9057836,,,,osm-dominican-republic-expanded-2026-05-20,2026-05-20T19:32:17.199Z,pending,none,needs_research,"calle 4ta, #10|18.5328|-69.9058",node,apartment,missingCity; missingWebsite; missingPhone
node/6620735186,OpenStreetMap,osm,ODbL,https://www.openstreetmap.org/node/6620735186,"calle el cerro, 16",16 Calle Cerro del Cristo,,Dominican Republic,18.5045614,-69.9632981,,8093509500,,osm-dominican-republic-expanded-2026-05-20,2026-05-20T19:32:17.199Z,pending,none,needs_research,"calle el cerro, 16|18.5046|-69.9633",node,apartment,missingCity; missingWebsite
node/6623045002,OpenStreetMap,osm,ODbL,https://www.openstreetmap.org/node/6623045002,,,,Dominican Republic,18.7215612,-68.4628527,,,,osm-dominican-republic-expanded-2026-05-20,2026-05-20T19:32:17.199Z,pending,none,needs_research,unknown|18.7216|-68.4629,node,hotel,missingName; missingCity; missingWebsite; missingPhone
node/6624667387,OpenStreetMap,osm,ODbL,https://www.openstreetmap.org/node/6624667387,"residencial Marivel 1, calle 2da",1 calle 2da,,Dominican Republic,18.5499396,-69.8859823,,,,osm-dominican-republic-expanded-2026-05-20,2026-05-20T19:32:17.199Z,pending,none,needs_research,"residencial marivel 1, calle 2da|18.5499|-69.886",node,apartment,missingCity; missingWebsite; missingPhone
node/6631758186,OpenStreetMap,osm,ODbL,https://www.openstreetmap.org/node/6631758186,"calle santa Rita, 54",54 Santa Rosa,,Dominican Republic,18.5050526,-69.917038,,,,osm-dominican-republic-expanded-2026-05-20,2026-05-20T19:32:17.199Z,pending,none,needs_research,"calle santa rita, 54|18.5051|-69.917",node,apartment,missingCity; missingWebsite; missingPhone
node/6638410085,OpenStreetMap,osm,ODbL,https://www.openstreetmap.org/node/6638410085,"calle las ninfas, 4",4 Las Ninfas,,Dominican Republic,18.5136043,-69.9328136,,,,osm-dominican-republic-expanded-2026-05-20,2026-05-20T19:32:17.199Z,pending,none,needs_research,"calle las ninfas, 4|18.5136|-69.9328",node,apartment,missingCity; missingWebsite; missingPhone
node/6638441686,OpenStreetMap,osm,ODbL,https://www.openstreetmap.org/node/6638441686,"calle 18, casa 1",casa 1 calle 18,,Dominican Republic,18.5338052,-69.9040841,,,,osm-dominican-republic-expanded-2026-05-20,2026-05-20T19:32:17.199Z,pending,none,needs_research,"calle 18, casa 1|18.5338|-69.9041",node,apartment,missingCity; missingWebsite; missingPhone
node/6638503986,OpenStreetMap,osm,ODbL,https://www.openstreetmap.org/node/6638503986,"calle Eugenio Cabral, 20",20 calle Eugenio cabral,,Dominican Republic,18.5377502,-69.8926188,,,,osm-dominican-republic-expanded-2026-05-20,2026-05-20T19:32:17.199Z,pending,none,needs_research,"calle eugenio cabral, 20|18.5378|-69.8926",node,apartment,missingCity; missingWebsite; missingPhone
node/6644512085,OpenStreetMap,osm,ODbL,https://www.openstreetmap.org/node/6644512085,"calle 1ra, #4",4 calle 1ra,,Dominican Republic,18.5476568,-69.9024443,,,,osm-dominican-republic-expanded-2026-05-20,2026-05-20T19:32:17.199Z,pending,none,needs_research,"calle 1ra, #4|18.5477|-69.9024",node,apartment,missingCity; missingWebsite; missingPhone
node/6653191623,OpenStreetMap,osm,ODbL,https://www.openstreetmap.org/node/6653191623,Mariposa,"Avenida Europa, 23000",,Dominican Republic,18.669149,-68.4442194,,+18093153325,,osm-dominican-republic-expanded-2026-05-20,2026-05-20T19:32:17.199Z,pending,none,needs_research,mariposa|18.6691|-68.4442,node,apartment,missingCity; missingWebsite
node/6658319886,OpenStreetMap,osm,ODbL,https://www.openstreetmap.org/node/6658319886,calle general modesto Diaz,74-a Calle General Modesto Díaz,,Dominican Republic,18.5231249,-69.9117675,,,,osm-dominican-republic-expanded-2026-05-20,2026-05-20T19:32:17.199Z,pending,none,needs_research,calle general modesto diaz|18.5231|-69.9118,node,apartment,missingCity; missingWebsite; missingPhone
node/6661522285,OpenStreetMap,osm,ODbL,https://www.openstreetmap.org/node/6661522285,"calle higuamo, 4",4 Higuamo,,Dominican Republic,18.4903278,-69.9602693,,,,osm-dominican-republic-expanded-2026-05-20,2026-05-20T19:32:17.199Z,pending,none,needs_research,"calle higuamo, 4|18.4903|-69.9603",node,apartment,missingCity; missingWebsite; missingPhone
node/6670490885,OpenStreetMap,osm,ODbL,https://www.openstreetmap.org/node/6670490885,"calle 5ta, 9",calle 5ta,,Dominican Republic,18.4903393,-69.9423502,,,,osm-dominican-republic-expanded-2026-05-20,2026-05-20T19:32:17.199Z,pending,none,needs_research,"calle 5ta, 9|18.4903|-69.9424",node,apartment,missingCity; missingWebsite; missingPhone
node/6670490985,OpenStreetMap,osm,ODbL,https://www.openstreetmap.org/node/6670490985,"calle 4ta, 2",2 Calle 4ta,,Dominican Republic,18.4865763,-69.9711008,,,,osm-dominican-republic-expanded-2026-05-20,2026-05-20T19:32:17.199Z,pending,none,needs_research,"calle 4ta, 2|18.4866|-69.9711",node,apartment,missingCity; missingWebsite; missingPhone
node/6670669502,OpenStreetMap,osm,ODbL,https://www.openstreetmap.org/node/6670669502,"prestos comunicaciones, 56",56 Avenida Ortega y Gasset,,Dominican Republic,18.4979191,-69.9220375,,,,osm-dominican-republic-expanded-2026-05-20,2026-05-20T19:32:17.199Z,pending,none,needs_research,"prestos comunicaciones, 56|18.4979|-69.922",node,apartment,missingCity; missingWebsite; missingPhone
node/6670783286,OpenStreetMap,osm,ODbL,https://www.openstreetmap.org/node/6670783286,"calle 1ra, 7",7 calle 1ra,,Dominican Republic,18.5361718,-69.8980342,,,,osm-dominican-republic-expanded-2026-05-20,2026-05-20T19:32:17.199Z,pending,none,needs_research,"calle 1ra, 7|18.5362|-69.898",node,apartment,missingCity; missingWebsite; missingPhone
node/6672715986,OpenStreetMap,osm,ODbL,https://www.openstreetmap.org/node/6672715986,M- 3421,,,Dominican Republic,18.5215225,-69.8467741,,,,osm-dominican-republic-expanded-2026-05-20,2026-05-20T19:32:17.199Z,pending,none,needs_research,m- 3421|18.5215|-69.8468,node,apartment,missingCity; missingWebsite; missingPhone
node/6677534485,OpenStreetMap,osm,ODbL,https://www.openstreetmap.org/node/6677534485,"calle el cerro, 123",123 Calle Los Cerros,,Dominican Republic,18.523974,-69.8987359,,,,osm-dominican-republic-expanded-2026-05-20,2026-05-20T19:32:17.199Z,pending,none,needs_research,"calle el cerro, 123|18.524|-69.8987",node,apartment,missingCity; missingWebsite; missingPhone
node/6691828085,OpenStreetMap,osm,ODbL,https://www.openstreetmap.org/node/6691828085,"calle los robles, 6",6 calle los robles,,Dominican Republic,18.5262316,-69.9006136,,,,osm-dominican-republic-expanded-2026-05-20,2026-05-20T19:32:17.199Z,pending,none,needs_research,"calle los robles, 6|18.5262|-69.9006",node,apartment,missingCity; missingWebsite; missingPhone
node/6693355885,OpenStreetMap,osm,ODbL,https://www.openstreetmap.org/node/6693355885,"calle barrancoli, 6",6 Barrancoli,,Dominican Republic,18.515089,-69.9367602,,,,osm-dominican-republic-expanded-2026-05-20,2026-05-20T19:32:17.199Z,pending,none,needs_research,"calle barrancoli, 6|18.5151|-69.9368",node,apartment,missingCity; missingWebsite; missingPhone
node/6697821985,OpenStreetMap,osm,ODbL,https://www.openstreetmap.org/node/6697821985,"manzana 27, #17",manzana 27,,Dominican Republic,18.5380216,-69.9003482,,,,osm-dominican-republic-expanded-2026-05-20,2026-05-20T19:32:17.199Z,pending,none,needs_research,"manzana 27, #17|18.538|-69.9003",node,apartment,missingCity; missingWebsite; missingPhone
node/6697837085,OpenStreetMap,osm,ODbL,https://www.openstreetmap.org/node/6697837085,"calle 6, #3",3 Calle 6,,Dominican Republic,18.5400364,-69.9086537,,,,osm-dominican-republic-expanded-2026-05-20,2026-05-20T19:32:17.199Z,pending,none,needs_research,"calle 6, #3|18.54|-69.9087",node,apartment,missingCity; missingWebsite; missingPhone
node/6708252091,OpenStreetMap,osm,ODbL,https://www.openstreetmap.org/node/6708252091,Importadora Otomí,1 Calle Sur,,Dominican Republic,18.5480172,-69.9124213,,,,osm-dominican-republic-expanded-2026-05-20,2026-05-20T19:32:17.199Z,pending,none,needs_research,importadora otomi|18.548|-69.9124,node,apartment,missingCity; missingWebsite; missingPhone
node/6709861386,OpenStreetMap,osm,ODbL,https://www.openstreetmap.org/node/6709861386,Jaraba,,,Dominican Republic,19.1236256,-70.6429704,,,,osm-dominican-republic-expanded-2026-05-20,2026-05-20T19:32:17.199Z,pending,none,needs_research,jaraba|19.1236|-70.643,node,hotel,missingCity; missingWebsite; missingPhone
node/6710754386,OpenStreetMap,osm,ODbL,https://www.openstreetmap.org/node/6710754386,"calle 8, #8",8 Calle 8,,Dominican Republic,18.5329911,-69.9026855,,,,osm-dominican-republic-expanded-2026-05-20,2026-05-20T19:32:17.199Z,pending,none,needs_research,"calle 8, #8|18.533|-69.9027",node,apartment,missingCity; missingWebsite; missingPhone
node/6710762785,OpenStreetMap,osm,ODbL,https://www.openstreetmap.org/node/6710762785,"calle 8,#8",8 Calle 8,,Dominican Republic,18.5358467,-69.9019269,,,,osm-dominican-republic-expanded-2026-05-20,2026-05-20T19:32:17.199Z,pending,none,needs_research,"calle 8,#8|18.5358|-69.9019",node,apartment,missingCity; missingWebsite; missingPhone
node/6712867885,OpenStreetMap,osm,ODbL,https://www.openstreetmap.org/node/6712867885,"calle A, edificio 74",74 Calle A,,Dominican Republic,18.4951372,-69.9670652,,,,osm-dominican-republic-expanded-2026-05-20,2026-05-20T19:32:17.199Z,pending,none,needs_research,"calle a, edificio 74|18.4951|-69.9671",node,apartment,missingCity; missingWebsite; missingPhone
node/6739128785,OpenStreetMap,osm,ODbL,https://www.openstreetmap.org/node/6739128785,"calle 7-A , 18",7-A,,Dominican Republic,18.5426864,-69.9073622,,,,osm-dominican-republic-expanded-2026-05-20,2026-05-20T19:32:17.199Z,pending,none,needs_research,"calle 7-a , 18|18.5427|-69.9074",node,apartment,missingCity; missingWebsite; missingPhone
node/6750546285,OpenStreetMap,osm,ODbL,https://www.openstreetmap.org/node/6750546285,"calle Antonio Estevez, 9-B",9-B Calle Antonio Estevez,,Dominican Republic,18.5012973,-69.954524,,,,osm-dominican-republic-expanded-2026-05-20,2026-05-20T19:32:17.199Z,pending,none,needs_research,"calle antonio estevez, 9-b|18.5013|-69.9545",node,apartment,missingCity; missingWebsite; missingPhone
node/6754105385,OpenStreetMap,osm,ODbL,https://www.openstreetmap.org/node/6754105385,inversiones Gerber,73 Avenida Sánchez,,Dominican Republic,18.5468931,-69.9228293,,,,osm-dominican-republic-expanded-2026-05-20,2026-05-20T19:32:17.199Z,pending,none,needs_research,inversiones gerber|18.5469|-69.9228,node,apartment,missingCity; missingWebsite; missingPhone
node/6760863685,OpenStreetMap,osm,ODbL,https://www.openstreetmap.org/node/6760863685,Residencial Praderas del Nortel,,,Dominican Republic,19.4279197,-70.6757966,,,,osm-dominican-republic-expanded-2026-05-20,2026-05-20T19:32:17.199Z,pending,none,needs_research,residencial praderas del nortel|19.4279|-70.6758,node,apartment,missingCity; missingWebsite; missingPhone
node/6778035756,OpenStreetMap,osm,ODbL,https://www.openstreetmap.org/node/6778035756,"7""S""",,,Dominican Republic,19.1835106,-70.4987031,,,,osm-dominican-republic-expanded-2026-05-20,2026-05-20T19:32:17.199Z,pending,none,needs_research,"7""s""|19.1835|-70.4987",node,hostel,missingCity; missingWebsite; missingPhone
node/6786605385,OpenStreetMap,osm,ODbL,https://www.openstreetmap.org/node/6786605385,m-28,M-28 Calle 5ta,,Dominican Republic,18.5433792,-69.8887284,,,,osm-dominican-republic-expanded-2026-05-20,2026-05-20T19:32:17.199Z,pending,none,needs_research,m-28|18.5434|-69.8887,node,apartment,missingCity; missingWebsite; missingPhone
node/6793550485,OpenStreetMap,osm,ODbL,https://www.openstreetmap.org/node/6793550485,"calle venus, 18",#18 Calle Venus,,Dominican Republic,18.5207432,-69.9069167,,,,osm-dominican-republic-expanded-2026-05-20,2026-05-20T19:32:17.199Z,pending,none,needs_research,"calle venus, 18|18.5207|-69.9069",node,apartment,missingCity; missingWebsite; missingPhone
node/6803118224,OpenStreetMap,osm,ODbL,https://www.openstreetmap.org/node/6803118224,Hotel Patria,,,Dominican Republic,19.2300993,-69.6149468,,+18095527371,,osm-dominican-republic-expanded-2026-05-20,2026-05-20T19:32:17.199Z,pending,none,needs_research,hotel patria|19.2301|-69.6149,node,hotel,missingCity; missingWebsite
node/6803118225,OpenStreetMap,osm,ODbL,https://www.openstreetmap.org/node/6803118225,Hotel Gri Gri,,,Dominican Republic,19.228729,-69.6173429,,+18095527371,,osm-dominican-republic-expanded-2026-05-20,2026-05-20T19:32:17.199Z,pending,none,needs_research,hotel gri gri|19.2287|-69.6173,node,hotel,missingCity; missingWebsite
node/6803329397,OpenStreetMap,osm,ODbL,https://www.openstreetmap.org/node/6803329397,Hotel Balcones De La Bahia,,,Dominican Republic,19.2312157,-69.61287,,+18095528137,,osm-dominican-republic-expanded-2026-05-20,2026-05-20T19:32:17.199Z,pending,none,needs_research,hotel balcones de la bahia|19.2312|-69.6129,node,hotel,missingCity; missingWebsite
node/6812599385,OpenStreetMap,osm,ODbL,https://www.openstreetmap.org/node/6812599385,"calle las orquídeas, 17",7 Calle Las Orquideas,,Dominican Republic,18.5023543,-69.9179609,,,,osm-dominican-republic-expanded-2026-05-20,2026-05-20T19:32:17.199Z,pending,none,needs_research,"calle las orquideas, 17|18.5024|-69.918",node,apartment,missingCity; missingWebsite; missingPhone
node/6831025289,OpenStreetMap,osm,ODbL,https://www.openstreetmap.org/node/6831025289,edificio EDWIN ramon 10,10 Calle Prodefensa,,Dominican Republic,18.48756,-69.9703298,,,,osm-dominican-republic-expanded-2026-05-20,2026-05-20T19:32:17.199Z,pending,none,needs_research,edificio edwin ramon 10|18.4876|-69.9703,node,apartment,missingCity; missingWebsite; missingPhone
node/6831046789,OpenStreetMap,osm,ODbL,https://www.openstreetmap.org/node/6831046789,calle juan alejandro ibarra 1,1 Calle Juan Alejandro lbarra,,Dominican Republic,18.500051,-69.9197691,,,,osm-dominican-republic-expanded-2026-05-20,2026-05-20T19:32:17.199Z,pending,none,needs_research,calle juan alejandro ibarra 1|18.5001|-69.9198,node,apartment,missingCity; missingWebsite; missingPhone
node/6831046891,OpenStreetMap,osm,ODbL,https://www.openstreetmap.org/node/6831046891,promociones del mar 59,59 Avenida República de Colombia,,Dominican Republic,18.495545,-69.9591353,,,,osm-dominican-republic-expanded-2026-05-20,2026-05-20T19:32:17.199Z,pending,none,needs_research,promociones del mar 59|18.4955|-69.9591,node,apartment,missingCity; missingWebsite; missingPhone
node/6847002186,OpenStreetMap,osm,ODbL,https://www.openstreetmap.org/node/6847002186,M-20,47 M-20,,Dominican Republic,18.5385514,-69.8997128,,,,osm-dominican-republic-expanded-2026-05-20,2026-05-20T19:32:17.199Z,pending,none,needs_research,m-20|18.5386|-69.8997,node,apartment,missingCity; missingWebsite; missingPhone
node/6847561182,OpenStreetMap,osm,ODbL,https://www.openstreetmap.org/node/6847561182,Mira Cielo,,,Dominican Republic,19.6470315,-69.9082243,,,,osm-dominican-republic-expanded-2026-05-20,2026-05-20T19:32:17.199Z,pending,none,needs_research,mira cielo|19.647|-69.9082,node,hotel,missingCity; missingWebsite; missingPhone
node/6861504685,OpenStreetMap,osm,ODbL,https://www.openstreetmap.org/node/6861504685,Residencial Villas del Centro IV,Interior A Los Almendros,,Dominican Republic,18.4364866,-69.9578756,https://www.vinsa.com.do/,8096830909,,osm-dominican-republic-expanded-2026-05-20,2026-05-20T19:32:17.199Z,pending,none,needs_research,residencial villas del centro iv|18.4365|-69.9579,node,apartment,missingCity
node/6896327385,OpenStreetMap,osm,ODbL,https://www.openstreetmap.org/node/6896327385,"respaldo 34, #18",18 respaldo 34,,Dominican Republic,18.4977026,-69.9256764,,,,osm-dominican-republic-expanded-2026-05-20,2026-05-20T19:32:17.199Z,pending,none,needs_research,"respaldo 34, #18|18.4977|-69.9257",node,apartment,missingCity; missingWebsite; missingPhone
node/6906793185,OpenStreetMap,osm,ODbL,https://www.openstreetmap.org/node/6906793185,calle 2da,#16 Calle 2da,,Dominican Republic,18.5406911,-69.901166,,,,osm-dominican-republic-expanded-2026-05-20,2026-05-20T19:32:17.199Z,pending,none,needs_research,calle 2da|18.5407|-69.9012,node,apartment,missingCity; missingWebsite; missingPhone
node/6908171775,OpenStreetMap,osm,ODbL,https://www.openstreetmap.org/node/6908171775,Casa Ana,,,Dominican Republic,19.3132589,-69.5688775,,,,osm-dominican-republic-expanded-2026-05-20,2026-05-20T19:32:17.199Z,pending,none,needs_research,casa ana|19.3133|-69.5689,node,guest_house,missingCity; missingWebsite; missingPhone
node/6908226545,OpenStreetMap,osm,ODbL,https://www.openstreetmap.org/node/6908226545,,,,Dominican Republic,19.3131491,-69.5667055,,,,osm-dominican-republic-expanded-2026-05-20,2026-05-20T19:32:17.199Z,pending,none,needs_research,unknown|19.3131|-69.5667,node,guest_house,missingName; missingCity; missingWebsite; missingPhone
node/6913564287,OpenStreetMap,osm,ODbL,https://www.openstreetmap.org/node/6913564287,M58 #5,5 Avenida Primaveral,,Dominican Republic,18.5438661,-69.9092769,,,,osm-dominican-republic-expanded-2026-05-20,2026-05-20T19:32:17.199Z,pending,none,needs_research,m58 #5|18.5439|-69.9093,node,apartment,missingCity; missingWebsite; missingPhone
node/6916635986,OpenStreetMap,osm,ODbL,https://www.openstreetmap.org/node/6916635986,"calle las palmeras, 18",18 Las Palmeras,,Dominican Republic,18.5436954,-69.9225492,,,,osm-dominican-republic-expanded-2026-05-20,2026-05-20T19:32:17.199Z,pending,none,needs_research,"calle las palmeras, 18|18.5437|-69.9225",node,apartment,missingCity; missingWebsite; missingPhone
node/6928017885,OpenStreetMap,osm,ODbL,https://www.openstreetmap.org/node/6928017885,"calle 42, #3",#3 Calle 42,,Dominican Republic,18.5269481,-69.8987065,,,,osm-dominican-republic-expanded-2026-05-20,2026-05-20T19:32:17.199Z,pending,none,needs_research,"calle 42, #3|18.5269|-69.8987",node,apartment,missingCity; missingWebsite; missingPhone
node/6935240885,OpenStreetMap,osm,ODbL,https://www.openstreetmap.org/node/6935240885,"calle soco, 59",59 Calle Soco,,Dominican Republic,18.4896584,-69.9653773,,,,osm-dominican-republic-expanded-2026-05-20,2026-05-20T19:32:17.199Z,pending,none,needs_research,"calle soco, 59|18.4897|-69.9654",node,apartment,missingCity; missingWebsite; missingPhone
node/6935623185,OpenStreetMap,osm,ODbL,https://www.openstreetmap.org/node/6935623185,"la gran vereda, 51",51 Paseo Peatonal de Ciudad Modelo,,Dominican Republic,18.5478214,-69.9277209,,,,osm-dominican-republic-expanded-2026-05-20,2026-05-20T19:32:17.199Z,pending,none,needs_research,"la gran vereda, 51|18.5478|-69.9277",node,apartment,missingCity; missingWebsite; missingPhone
node/6939934185,OpenStreetMap,osm,ODbL,https://www.openstreetmap.org/node/6939934185,Mosquito Hotel,,,Dominican Republic,19.3127227,-69.5657884,,,,osm-dominican-republic-expanded-2026-05-20,2026-05-20T19:32:17.199Z,pending,none,needs_research,mosquito hotel|19.3127|-69.5658,node,hotel,missingCity; missingWebsite; missingPhone
node/6955534686,OpenStreetMap,osm,ODbL,https://www.openstreetmap.org/node/6955534686,"calle paseo de los cocos, 40",40 Paseo Los Cocos,,Dominican Republic,18.5267514,-69.9039489,,,,osm-dominican-republic-expanded-2026-05-20,2026-05-20T19:32:17.199Z,pending,none,needs_research,"calle paseo de los cocos, 40|18.5268|-69.9039",node,apartment,missingCity; missingWebsite; missingPhone
node/6974440785,OpenStreetMap,osm,ODbL,https://www.openstreetmap.org/node/6974440785,Mi Casa,Luis R. Acosta,,Dominican Republic,18.5351643,-69.8665703,,,,osm-dominican-republic-expanded-2026-05-20,2026-05-20T19:32:17.199Z,pending,none,needs_research,mi casa|18.5352|-69.8666,node,apartment,missingCity; missingWebsite; missingPhone
node/6993516685,OpenStreetMap,osm,ODbL,https://www.openstreetmap.org/node/6993516685,"calle paseo del camu,12",12 Calle Paseo del Camu,,Dominican Republic,18.4942709,-69.9607844,,,,osm-dominican-republic-expanded-2026-05-20,2026-05-20T19:32:17.199Z,pending,none,needs_research,"calle paseo del camu,12|18.4943|-69.9608",node,apartment,missingCity; missingWebsite; missingPhone
node/6996449236,OpenStreetMap,osm,ODbL,https://www.openstreetmap.org/node/6996449236,Hotel Coco,,,Dominican Republic,19.7732211,-70.5107316,,,,osm-dominican-republic-expanded-2026-05-20,2026-05-20T19:32:17.199Z,pending,none,needs_research,hotel coco|19.7732|-70.5107,node,hotel,missingCity; missingWebsite; missingPhone
node/7017509496,OpenStreetMap,osm,ODbL,https://www.openstreetmap.org/node/7017509496,"calle luxemburguo, 7",Calle Jardines de Luxemburgo,,Dominican Republic,18.4839423,-69.955319,,,,osm-dominican-republic-expanded-2026-05-20,2026-05-20T19:32:17.199Z,pending,none,needs_research,"calle luxemburguo, 7|18.4839|-69.9553",node,apartment,missingCity; missingWebsite; missingPhone
node/7052707685,OpenStreetMap,osm,ODbL,https://www.openstreetmap.org/node/7052707685,"residencial claribel, 19",19 calle B,,Dominican Republic,18.5453123,-69.8810575,,,,osm-dominican-republic-expanded-2026-05-20,2026-05-20T19:32:17.199Z,pending,none,needs_research,"residencial claribel, 19|18.5453|-69.8811",node,apartment,missingCity; missingWebsite; missingPhone
node/7054966685,OpenStreetMap,osm,ODbL,https://www.openstreetmap.org/node/7054966685,"calle el limon, 6",6 Calle Limon,,Dominican Republic,18.4930926,-69.9629202,,,,osm-dominican-republic-expanded-2026-05-20,2026-05-20T19:32:17.199Z,pending,none,needs_research,"calle el limon, 6|18.4931|-69.9629",node,apartment,missingCity; missingWebsite; missingPhone
node/7055212285,OpenStreetMap,osm,ODbL,https://www.openstreetmap.org/node/7055212285,"calle cabrito, 4",4 Isla Cabrito,,Dominican Republic,18.5213956,-69.9198753,,,,osm-dominican-republic-expanded-2026-05-20,2026-05-20T19:32:17.199Z,pending,none,needs_research,"calle cabrito, 4|18.5214|-69.9199",node,apartment,missingCity; missingWebsite; missingPhone
node/7086450886,OpenStreetMap,osm,ODbL,https://www.openstreetmap.org/node/7086450886,calle cevico 5,5 Calle Cevico,,Dominican Republic,18.4929999,-69.9620898,,,,osm-dominican-republic-expanded-2026-05-20,2026-05-20T19:32:17.199Z,pending,none,needs_research,calle cevico 5|18.493|-69.9621,node,apartment,missingCity; missingWebsite; missingPhone
node/7098867211,OpenStreetMap,osm,ODbL,https://www.openstreetmap.org/node/7098867211,Louisa Apart Hotel,,,Dominican Republic,19.3238262,-69.5512057,http://www.louisahotel.com,8092405871,,osm-dominican-republic-expanded-2026-05-20,2026-05-20T19:32:17.199Z,pending,none,needs_research,louisa apart hotel|19.3238|-69.5512,node,hotel,missingCity
node/7104816985,OpenStreetMap,osm,ODbL,https://www.openstreetmap.org/node/7104816985,Hostal juana,,,Dominican Republic,18.4849379,-69.8965701,,,,osm-dominican-republic-expanded-2026-05-20,2026-05-20T19:32:17.199Z,pending,none,needs_research,hostal juana|18.4849|-69.8966,node,hostel,missingCity; missingWebsite; missingPhone
node/7105145785,OpenStreetMap,osm,ODbL,https://www.openstreetmap.org/node/7105145785,"calle 28, #24",24 Calle 28,,Dominican Republic,18.5314367,-69.8996985,,,,osm-dominican-republic-expanded-2026-05-20,2026-05-20T19:32:17.199Z,pending,none,needs_research,"calle 28, #24|18.5314|-69.8997",node,apartment,missingCity; missingWebsite; missingPhone
node/7122332187,OpenStreetMap,osm,ODbL,https://www.openstreetmap.org/node/7122332187,residencial vista del arroyo,"calle principal, 201",,Dominican Republic,18.5354175,-69.9474132,,,,osm-dominican-republic-expanded-2026-05-20,2026-05-20T19:32:17.199Z,pending,none,needs_research,residencial vista del arroyo|18.5354|-69.9474,node,apartment,missingCity; missingWebsite; missingPhone
node/7122344885,OpenStreetMap,osm,ODbL,https://www.openstreetmap.org/node/7122344885,calle damijagua,20 Damijagua,,Dominican Republic,18.5044514,-69.967713,,,,osm-dominican-republic-expanded-2026-05-20,2026-05-20T19:32:17.199Z,pending,none,needs_research,calle damijagua|18.5045|-69.9677,node,apartment,missingCity; missingWebsite; missingPhone
node/7122947385,OpenStreetMap,osm,ODbL,https://www.openstreetmap.org/node/7122947385,"calle 28, #22",22 Calle 28,,Dominican Republic,18.5295553,-69.90074,,,,osm-dominican-republic-expanded-2026-05-20,2026-05-20T19:32:17.199Z,pending,none,needs_research,"calle 28, #22|18.5296|-69.9007",node,apartment,missingCity; missingWebsite; missingPhone
node/7131530286,OpenStreetMap,osm,ODbL,https://www.openstreetmap.org/node/7131530286,"calle yarey, edificio 6",,,Dominican Republic,18.5083165,-69.9207843,,,,osm-dominican-republic-expanded-2026-05-20,2026-05-20T19:32:17.199Z,pending,none,needs_research,"calle yarey, edificio 6|18.5083|-69.9208",node,apartment,missingCity; missingWebsite; missingPhone
node/7133465747,OpenStreetMap,osm,ODbL,https://www.openstreetmap.org/node/7133465747,Pleamar Condos,"Calle Russia, Bávaro, 23000, DO",Bávaro,DO,18.6864352,-68.4214992,,,GMG Construcciones,osm-dominican-republic-expanded-2026-05-20,2026-05-20T19:32:17.199Z,pending,none,needs_research,pleamar condos|bavaro|do,node,apartment,missingWebsite; missingPhone
node/7137367776,OpenStreetMap,osm,ODbL,https://www.openstreetmap.org/node/7137367776,Hotel Green Palace,"Autopista Ramón Cáceres, Moca, 56011",Moca,Dominican Republic,19.3910078,-70.5250449,,809 823-3242,,osm-dominican-republic-expanded-2026-05-20,2026-05-20T19:32:17.199Z,pending,none,needs_research,hotel green palace|moca|dominican republic,node,hotel,missingWebsite
node/7146630986,OpenStreetMap,osm,ODbL,https://www.openstreetmap.org/node/7146630986,"calle jardines de versalles, edificio 9",9 Calle Jardines de Versalles,,Dominican Republic,18.4829607,-69.9546347,,,,osm-dominican-republic-expanded-2026-05-20,2026-05-20T19:32:17.199Z,pending,none,needs_research,"calle jardines de versalles, edificio 9|18.483|-69.9546",node,apartment,missingCity; missingWebsite; missingPhone
node/7147248785,OpenStreetMap,osm,ODbL,https://www.openstreetmap.org/node/7147248785,"calle 49, edificio 2",2 calle 49,,Dominican Republic,18.5003477,-69.9298518,,,,osm-dominican-republic-expanded-2026-05-20,2026-05-20T19:32:17.199Z,pending,none,needs_research,"calle 49, edificio 2|18.5003|-69.9299",node,apartment,missingCity; missingWebsite; missingPhone
node/7167151985,OpenStreetMap,osm,ODbL,https://www.openstreetmap.org/node/7167151985,"calle vega real ,45",Avenida de La Vega Real,,Dominican Republic,18.5040504,-69.9410463,,,,osm-dominican-republic-expanded-2026-05-20,2026-05-20T19:32:17.199Z,pending,none,needs_research,"calle vega real ,45|18.5041|-69.941",node,apartment,missingCity; missingWebsite; missingPhone
node/7172949887,OpenStreetMap,osm,ODbL,https://www.openstreetmap.org/node/7172949887,hermanas mirabal 469,Avenida Hermanas Mirabal,,Dominican Republic,18.535545,-69.9068932,,,,osm-dominican-republic-expanded-2026-05-20,2026-05-20T19:32:17.199Z,pending,none,needs_research,hermanas mirabal 469|18.5355|-69.9069,node,apartment,missingCity; missingWebsite; missingPhone
node/7184516185,OpenStreetMap,osm,ODbL,https://www.openstreetmap.org/node/7184516185,"calle san Antonio, 10",10 Calle San Antonio,,Dominican Republic,18.484281,-69.9635006,,,,osm-dominican-republic-expanded-2026-05-20,2026-05-20T19:32:17.199Z,pending,none,needs_research,"calle san antonio, 10|18.4843|-69.9635",node,apartment,missingCity; missingWebsite; missingPhone
node/7184809489,OpenStreetMap,osm,ODbL,https://www.openstreetmap.org/node/7184809489,"calle 48, #21",21 Calle 48,,Dominican Republic,18.5242821,-69.8979042,,,,osm-dominican-republic-expanded-2026-05-20,2026-05-20T19:32:17.199Z,pending,none,needs_research,"calle 48, #21|18.5243|-69.8979",node,apartment,missingCity; missingWebsite; missingPhone
node/7188551785,OpenStreetMap,osm,ODbL,https://www.openstreetmap.org/node/7188551785,"manzana E, edifi 13",13 Calle E,,Dominican Republic,18.5578299,-69.9286281,,,,osm-dominican-republic-expanded-2026-05-20,2026-05-20T19:32:17.199Z,pending,none,needs_research,"manzana e, edifi 13|18.5578|-69.9286",node,apartment,missingCity; missingWebsite; missingPhone
node/7191949886,OpenStreetMap,osm,ODbL,https://www.openstreetmap.org/node/7191949886,"calle 2da, #5",5 calle 2da,,Dominican Republic,18.5499933,-69.8864061,,,,osm-dominican-republic-expanded-2026-05-20,2026-05-20T19:32:17.199Z,pending,none,needs_research,"calle 2da, #5|18.55|-69.8864",node,apartment,missingCity; missingWebsite; missingPhone
node/7201094386,OpenStreetMap,osm,ODbL,https://www.openstreetmap.org/node/7201094386,"M-28, casa 1",M-28,,Dominican Republic,18.543313,-69.9067581,,,,osm-dominican-republic-expanded-2026-05-20,2026-05-20T19:32:17.199Z,pending,none,needs_research,"m-28, casa 1|18.5433|-69.9068",node,apartment,missingCity; missingWebsite; missingPhone
node/7201157885,OpenStreetMap,osm,ODbL,https://www.openstreetmap.org/node/7201157885,M-D,5 M-D,,Dominican Republic,18.54063,-69.8887756,,,,osm-dominican-republic-expanded-2026-05-20,2026-05-20T19:32:17.199Z,pending,none,needs_research,m-d|18.5406|-69.8888,node,apartment,missingCity; missingWebsite; missingPhone
node/7208853485,OpenStreetMap,osm,ODbL,https://www.openstreetmap.org/node/7208853485,calle el altar 11,11 Calle El Altar,,Dominican Republic,18.5038965,-69.9624507,,,,osm-dominican-republic-expanded-2026-05-20,2026-05-20T19:32:17.199Z,pending,none,needs_research,calle el altar 11|18.5039|-69.9625,node,apartment,missingCity; missingWebsite; missingPhone
node/7218531085,OpenStreetMap,osm,ODbL,https://www.openstreetmap.org/node/7218531085,"calle gri gri, ,8-A",8-a Calle B Grigri,,Dominican Republic,18.513361,-69.9373401,,,,osm-dominican-republic-expanded-2026-05-20,2026-05-20T19:32:17.199Z,pending,none,needs_research,"calle gri gri, ,8-a|18.5134|-69.9373",node,apartment,missingCity; missingWebsite; missingPhone
node/7231282985,OpenStreetMap,osm,ODbL,https://www.openstreetmap.org/node/7231282985,"calle 2da, casa 5",5 calle 2da,,Dominican Republic,18.5501045,-69.8854548,,,,osm-dominican-republic-expanded-2026-05-20,2026-05-20T19:32:17.199Z,pending,none,needs_research,"calle 2da, casa 5|18.5501|-69.8855",node,apartment,missingCity; missingWebsite; missingPhone
node/7243009922,OpenStreetMap,osm,ODbL,https://www.openstreetmap.org/node/7243009922,Casa PorqueNo,,,Dominican Republic,19.2918021,-69.1976958,,,,osm-dominican-republic-expanded-2026-05-20,2026-05-20T19:32:17.199Z,pending,none,needs_research,casa porqueno|19.2918|-69.1977,node,guest_house,missingCity; missingWebsite; missingPhone
node/7243015034,OpenStreetMap,osm,ODbL,https://www.openstreetmap.org/node/7243015034,La Isleta,,,Dominican Republic,19.2920415,-69.198925,,,,osm-dominican-republic-expanded-2026-05-20,2026-05-20T19:32:17.199Z,pending,none,needs_research,la isleta|19.292|-69.1989,node,hotel,missingCity; missingWebsite; missingPhone
node/7243015035,OpenStreetMap,osm,ODbL,https://www.openstreetmap.org/node/7243015035,Arena Oceanview Hotel & La Terraza Restaurant,Las Galeres,Las Galeres,Dominican Republic,19.2923904,-69.1993454,https://arenahotelboutique.com,+18098719153 +18293906080,Private,osm-dominican-republic-expanded-2026-05-20,2026-05-20T19:32:17.199Z,pending,none,needs_research,arena oceanview hotel & la terraza restaurant|las galeres|dominican republic,node,hotel,
node/7243024423,OpenStreetMap,osm,ODbL,https://www.openstreetmap.org/node/7243024423,La Ballena Backpackers,,,Dominican Republic,19.2886872,-69.2007872,,,,osm-dominican-republic-expanded-2026-05-20,2026-05-20T19:32:17.199Z,pending,none,needs_research,la ballena backpackers|19.2887|-69.2008,node,hostel,missingCity; missingWebsite; missingPhone
node/7243024569,OpenStreetMap,osm,ODbL,https://www.openstreetmap.org/node/7243024569,Chalet Tropical,,,Dominican Republic,19.2911184,-69.2034094,,,,osm-dominican-republic-expanded-2026-05-20,2026-05-20T19:32:17.199Z,pending,none,needs_research,chalet tropical|19.2911|-69.2034,node,hotel,missingCity; missingWebsite; missingPhone
node/7243040458,OpenStreetMap,osm,ODbL,https://www.openstreetmap.org/node/7243040458,Il Triangolo,,,Dominican Republic,19.2893346,-69.2013283,,,,osm-dominican-republic-expanded-2026-05-20,2026-05-20T19:32:17.199Z,pending,none,needs_research,il triangolo|19.2893|-69.2013,node,hostel,missingCity; missingWebsite; missingPhone
node/7243041990,OpenStreetMap,osm,ODbL,https://www.openstreetmap.org/node/7243041990,Hotel Playita,,,Dominican Republic,19.2889461,-69.2015345,,,,osm-dominican-republic-expanded-2026-05-20,2026-05-20T19:32:17.199Z,pending,none,needs_research,hotel playita|19.2889|-69.2015,node,hotel,missingCity; missingWebsite; missingPhone
node/7243042685,OpenStreetMap,osm,ODbL,https://www.openstreetmap.org/node/7243042685,Hotel GriGri,,,Dominican Republic,19.291145,-69.1988455,,,,osm-dominican-republic-expanded-2026-05-20,2026-05-20T19:32:17.199Z,pending,none,needs_research,hotel grigri|19.2911|-69.1988,node,hotel,missingCity; missingWebsite; missingPhone
node/7274607989,OpenStreetMap,osm,ODbL,https://www.openstreetmap.org/node/7274607989,Las Galeras Hotel,Calle Jimi Hendrix,,Dominican Republic,19.2913532,-69.1989739,https://las-galeras.com/,,,osm-dominican-republic-expanded-2026-05-20,2026-05-20T19:32:17.199Z,pending,none,needs_research,las galeras hotel|19.2914|-69.199,node,hotel,missingCity; missingPhone
node/7280029385,OpenStreetMap,osm,ODbL,https://www.openstreetmap.org/node/7280029385,"residencial los rios, 3",3 jimenoa,,Dominican Republic,18.4888774,-69.9618757,,,,osm-dominican-republic-expanded-2026-05-20,2026-05-20T19:32:17.199Z,pending,none,needs_research,"residencial los rios, 3|18.4889|-69.9619",node,apartment,missingCity; missingWebsite; missingPhone
node/7282648785,OpenStreetMap,osm,ODbL,https://www.openstreetmap.org/node/7282648785,"calle maria gala, 10",10 Calle Maria Gala,,Dominican Republic,18.4860234,-69.963732,,,,osm-dominican-republic-expanded-2026-05-20,2026-05-20T19:32:17.199Z,pending,none,needs_research,"calle maria gala, 10|18.486|-69.9637",node,apartment,missingCity; missingWebsite; missingPhone
node/7309621086,OpenStreetMap,osm,ODbL,https://www.openstreetmap.org/node/7309621086,,1 Jimenoa,,Dominican Republic,18.4891877,-69.9621994,,,,osm-dominican-republic-expanded-2026-05-20,2026-05-20T19:32:17.199Z,pending,none,needs_research,unknown|18.4892|-69.9622,node,apartment,missingName; missingCity; missingWebsite; missingPhone
node/7312527603,OpenStreetMap,osm,ODbL,https://www.openstreetmap.org/node/7312527603,,12 Paloma,,Dominican Republic,18.501968,-69.96682,,,,osm-dominican-republic-expanded-2026-05-20,2026-05-20T19:32:17.199Z,pending,none,needs_research,unknown|18.502|-69.9668,node,apartment,missingName; missingCity; missingWebsite; missingPhone
node/7312851386,OpenStreetMap,osm,ODbL,https://www.openstreetmap.org/node/7312851386,,21 Calle Confluencia,,Dominican Republic,18.5037617,-69.9325315,,,,osm-dominican-republic-expanded-2026-05-20,2026-05-20T19:32:17.199Z,pending,none,needs_research,unknown|18.5038|-69.9325,node,apartment,missingName; missingCity; missingWebsite; missingPhone
node/7331955885,OpenStreetMap,osm,ODbL,https://www.openstreetmap.org/node/7331955885,,95 Calle A,,Dominican Republic,18.4977503,-69.9650147,,,,osm-dominican-republic-expanded-2026-05-20,2026-05-20T19:32:17.199Z,pending,none,needs_research,unknown|18.4978|-69.965,node,apartment,missingName; missingCity; missingWebsite; missingPhone
node/7331970585,OpenStreetMap,osm,ODbL,https://www.openstreetmap.org/node/7331970585,,11 Paseo del Yuna,,Dominican Republic,18.4931333,-69.961849,,,,osm-dominican-republic-expanded-2026-05-20,2026-05-20T19:32:17.199Z,pending,none,needs_research,unknown|18.4931|-69.9618,node,apartment,missingName; missingCity; missingWebsite; missingPhone
node/7351117385,OpenStreetMap,osm,ODbL,https://www.openstreetmap.org/node/7351117385,,4 Tetero,,Dominican Republic,18.4996618,-69.9690397,,,,osm-dominican-republic-expanded-2026-05-20,2026-05-20T19:32:17.199Z,pending,none,needs_research,unknown|18.4997|-69.969,node,apartment,missingName; missingCity; missingWebsite; missingPhone
node/7353668140,OpenStreetMap,osm,ODbL,https://www.openstreetmap.org/node/7353668140,La Dolce Vita,,,Dominican Republic,19.3228551,-69.5337764,,,,osm-dominican-republic-expanded-2026-05-20,2026-05-20T19:32:17.199Z,pending,none,needs_research,la dolce vita|19.3229|-69.5338,node,hotel,missingCity; missingWebsite; missingPhone
node/7353680458,OpenStreetMap,osm,ODbL,https://www.openstreetmap.org/node/7353680458,Residencial Miralar,,,Dominican Republic,19.3249196,-69.5518857,,,,osm-dominican-republic-expanded-2026-05-20,2026-05-20T19:32:17.199Z,pending,none,needs_research,residencial miralar|19.3249|-69.5519,node,hotel,missingCity; missingWebsite; missingPhone
node/7353712778,OpenStreetMap,osm,ODbL,https://www.openstreetmap.org/node/7353712778,Hotel Atlantis,,,Dominican Republic,19.3136099,-69.5709925,,,,osm-dominican-republic-expanded-2026-05-20,2026-05-20T19:32:17.199Z,pending,none,needs_research,hotel atlantis|19.3136|-69.571,node,hotel,missingCity; missingWebsite; missingPhone
node/7353715793,OpenStreetMap,osm,ODbL,https://www.openstreetmap.org/node/7353715793,Las Cayenas,,,Dominican Republic,19.3257027,-69.5484826,,,,osm-dominican-republic-expanded-2026-05-20,2026-05-20T19:32:17.199Z,pending,none,needs_research,las cayenas|19.3257|-69.5485,node,hotel,missingCity; missingWebsite; missingPhone
node/7353716226,OpenStreetMap,osm,ODbL,https://www.openstreetmap.org/node/7353716226,CostArena,,,Dominican Republic,19.3262195,-69.5449746,,,,osm-dominican-republic-expanded-2026-05-20,2026-05-20T19:32:17.199Z,pending,none,needs_research,costarena|19.3262|-69.545,node,hotel,missingCity; missingWebsite; missingPhone
node/7353717218,OpenStreetMap,osm,ODbL,https://www.openstreetmap.org/node/7353717218,Residencial Corte del Mar,,,Dominican Republic,19.3222805,-69.5354609,,,,osm-dominican-republic-expanded-2026-05-20,2026-05-20T19:32:17.199Z,pending,none,needs_research,residencial corte del mar|19.3223|-69.5355,node,hotel,missingCity; missingWebsite; missingPhone
node/7353717750,OpenStreetMap,osm,ODbL,https://www.openstreetmap.org/node/7353717750,Don Cesar,,,Dominican Republic,19.3228244,-69.5422126,,,,osm-dominican-republic-expanded-2026-05-20,2026-05-20T19:32:17.199Z,pending,none,needs_research,don cesar|19.3228|-69.5422,node,hotel,missingCity; missingWebsite; missingPhone
node/7353719286,OpenStreetMap,osm,ODbL,https://www.openstreetmap.org/node/7353719286,Palmeraie,,,Dominican Republic,19.3251638,-69.5506045,,,,osm-dominican-republic-expanded-2026-05-20,2026-05-20T19:32:17.199Z,pending,none,needs_research,palmeraie|19.3252|-69.5506,node,hotel,missingCity; missingWebsite; missingPhone
node/7353721699,OpenStreetMap,osm,ODbL,https://www.openstreetmap.org/node/7353721699,Josefina,,,Dominican Republic,19.3229781,-69.5339525,,,,osm-dominican-republic-expanded-2026-05-20,2026-05-20T19:32:17.199Z,pending,none,needs_research,josefina|19.323|-69.534,node,hotel,missingCity; missingWebsite; missingPhone
node/7353722254,OpenStreetMap,osm,ODbL,https://www.openstreetmap.org/node/7353722254,Aligio Apart-Hotel,,,Dominican Republic,19.322666,-69.534587,,,,osm-dominican-republic-expanded-2026-05-20,2026-05-20T19:32:17.199Z,pending,none,needs_research,aligio apart-hotel|19.3227|-69.5346,node,hotel,missingCity; missingWebsite; missingPhone
node/7363276386,OpenStreetMap,osm,ODbL,https://www.openstreetmap.org/node/7363276386,,8 calle luz,,Dominican Republic,18.5270063,-69.9081727,,,,osm-dominican-republic-expanded-2026-05-20,2026-05-20T19:32:17.199Z,pending,none,needs_research,unknown|18.527|-69.9082,node,apartment,missingName; missingCity; missingWebsite; missingPhone
node/7375855488,OpenStreetMap,osm,ODbL,https://www.openstreetmap.org/node/7375855488,,14 calle paseo de la concha,,Dominican Republic,18.502391,-69.9510163,,,,osm-dominican-republic-expanded-2026-05-20,2026-05-20T19:32:17.199Z,pending,none,needs_research,unknown|18.5024|-69.951,node,apartment,missingName; missingCity; missingWebsite; missingPhone
node/7380563586,OpenStreetMap,osm,ODbL,https://www.openstreetmap.org/node/7380563586,,7 Calle Salome Ureña,,Dominican Republic,18.5166034,-69.9550694,,,,osm-dominican-republic-expanded-2026-05-20,2026-05-20T19:32:17.199Z,pending,none,needs_research,unknown|18.5166|-69.9551,node,apartment,missingName; missingCity; missingWebsite; missingPhone
node/7406043785,OpenStreetMap,osm,ODbL,https://www.openstreetmap.org/node/7406043785,,3 Calle Transversal,,Dominican Republic,18.5000629,-69.9527633,,,,osm-dominican-republic-expanded-2026-05-20,2026-05-20T19:32:17.199Z,pending,none,needs_research,unknown|18.5001|-69.9528,node,apartment,missingName; missingCity; missingWebsite; missingPhone
node/7406153088,OpenStreetMap,osm,ODbL,https://www.openstreetmap.org/node/7406153088,,2 Las Acacias,,Dominican Republic,18.5069834,-69.9456746,,,,osm-dominican-republic-expanded-2026-05-20,2026-05-20T19:32:17.199Z,pending,none,needs_research,unknown|18.507|-69.9457,node,apartment,missingName; missingCity; missingWebsite; missingPhone
node/7406225485,OpenStreetMap,osm,ODbL,https://www.openstreetmap.org/node/7406225485,,10 Calle C,,Dominican Republic,18.5554949,-69.9240776,,,,osm-dominican-republic-expanded-2026-05-20,2026-05-20T19:32:17.199Z,pending,none,needs_research,unknown|18.5555|-69.9241,node,apartment,missingName; missingCity; missingWebsite; missingPhone
node/7414919685,OpenStreetMap,osm,ODbL,https://www.openstreetmap.org/node/7414919685,,17 2da Terraza del Arroyo,,Dominican Republic,18.5093763,-69.9494283,,,,osm-dominican-republic-expanded-2026-05-20,2026-05-20T19:32:17.199Z,pending,none,needs_research,unknown|18.5094|-69.9494,node,apartment,missingName; missingCity; missingWebsite; missingPhone
node/7430408086,OpenStreetMap,osm,ODbL,https://www.openstreetmap.org/node/7430408086,,16 Calle D,,Dominican Republic,18.494741,-69.9658736,,,,osm-dominican-republic-expanded-2026-05-20,2026-05-20T19:32:17.199Z,pending,none,needs_research,unknown|18.4947|-69.9659,node,apartment,missingName; missingCity; missingWebsite; missingPhone
node/7434425987,OpenStreetMap,osm,ODbL,https://www.openstreetmap.org/node/7434425987,,12 Calle Del Este,,Dominican Republic,18.5223131,-69.9181588,,,,osm-dominican-republic-expanded-2026-05-20,2026-05-20T19:32:17.199Z,pending,none,needs_research,unknown|18.5223|-69.9182,node,apartment,missingName; missingCity; missingWebsite; missingPhone
node/7442342885,OpenStreetMap,osm,ODbL,https://www.openstreetmap.org/node/7442342885,,1 Jimenoa,,Dominican Republic,18.4899123,-69.9618138,,,,osm-dominican-republic-expanded-2026-05-20,2026-05-20T19:32:17.199Z,pending,none,needs_research,unknown|18.4899|-69.9618,node,apartment,missingName; missingCity; missingWebsite; missingPhone
node/7471279385,OpenStreetMap,osm,ODbL,https://www.openstreetmap.org/node/7471279385,,5 Calle 5,,Dominican Republic,18.501539,-69.9568372,,,,osm-dominican-republic-expanded-2026-05-20,2026-05-20T19:32:17.199Z,pending,none,needs_research,unknown|18.5015|-69.9568,node,apartment,missingName; missingCity; missingWebsite; missingPhone
node/7471488295,OpenStreetMap,osm,ODbL,https://www.openstreetmap.org/node/7471488295,,11 calle constelación,,Dominican Republic,18.5245,-69.9122953,,,,osm-dominican-republic-expanded-2026-05-20,2026-05-20T19:32:17.199Z,pending,none,needs_research,unknown|18.5245|-69.9123,node,apartment,missingName; missingCity; missingWebsite; missingPhone
node/7471615088,OpenStreetMap,osm,ODbL,https://www.openstreetmap.org/node/7471615088,,14 Calle Primera,,Dominican Republic,18.5406745,-69.8940921,,,,osm-dominican-republic-expanded-2026-05-20,2026-05-20T19:32:17.199Z,pending,none,needs_research,unknown|18.5407|-69.8941,node,apartment,missingName; missingCity; missingWebsite; missingPhone
node/7477488347,OpenStreetMap,osm,ODbL,https://www.openstreetmap.org/node/7477488347,villa pajon,constanza,constanza,Dominican Republic,18.8231698,-70.6873977,,,,osm-dominican-republic-expanded-2026-05-20,2026-05-20T19:32:17.199Z,pending,none,needs_research,villa pajon|constanza|dominican republic,node,hotel,missingWebsite; missingPhone
node/7485797286,OpenStreetMap,osm,ODbL,https://www.openstreetmap.org/node/7485797286,,5 Amana,,Dominican Republic,18.4900081,-69.9635232,,,,osm-dominican-republic-expanded-2026-05-20,2026-05-20T19:32:17.199Z,pending,none,needs_research,unknown|18.49|-69.9635,node,apartment,missingName; missingCity; missingWebsite; missingPhone
node/7485869185,OpenStreetMap,osm,ODbL,https://www.openstreetmap.org/node/7485869185,,29 Calle Maguaca,,Dominican Republic,18.4931417,-69.9612016,,,,osm-dominican-republic-expanded-2026-05-20,2026-05-20T19:32:17.199Z,pending,none,needs_research,unknown|18.4931|-69.9612,node,apartment,missingName; missingCity; missingWebsite; missingPhone
node/7489736885,OpenStreetMap,osm,ODbL,https://www.openstreetmap.org/node/7489736885,,23 Calle Proyecto,,Dominican Republic,18.4850202,-69.970805,,,,osm-dominican-republic-expanded-2026-05-20,2026-05-20T19:32:17.199Z,pending,none,needs_research,unknown|18.485|-69.9708,node,apartment,missingName; missingCity; missingWebsite; missingPhone
node/7489766585,OpenStreetMap,osm,ODbL,https://www.openstreetmap.org/node/7489766585,,casa1 Calle Paseo del Arroyo,,Dominican Republic,18.5026382,-69.9622356,,,,osm-dominican-republic-expanded-2026-05-20,2026-05-20T19:32:17.199Z,pending,none,needs_research,unknown|18.5026|-69.9622,node,apartment,missingName; missingCity; missingWebsite; missingPhone
node/7498212096,OpenStreetMap,osm,ODbL,https://www.openstreetmap.org/node/7498212096,,3 Calle Murazo,,Dominican Republic,18.5025272,-69.9686914,,,,osm-dominican-republic-expanded-2026-05-20,2026-05-20T19:32:17.199Z,pending,none,needs_research,unknown|18.5025|-69.9687,node,apartment,missingName; missingCity; missingWebsite; missingPhone
node/7507817886,OpenStreetMap,osm,ODbL,https://www.openstreetmap.org/node/7507817886,,26 Calle Tercera,,Dominican Republic,18.53906,-69.8914768,,,,osm-dominican-republic-expanded-2026-05-20,2026-05-20T19:32:17.199Z,pending,none,needs_research,unknown|18.5391|-69.8915,node,apartment,missingName; missingCity; missingWebsite; missingPhone
node/7518484085,OpenStreetMap,osm,ODbL,https://www.openstreetmap.org/node/7518484085,,14 Isabel de Torres,,Dominican Republic,18.5018624,-69.9645557,,,,osm-dominican-republic-expanded-2026-05-20,2026-05-20T19:32:17.199Z,pending,none,needs_research,unknown|18.5019|-69.9646,node,apartment,missingName; missingCity; missingWebsite; missingPhone
node/7518906785,OpenStreetMap,osm,ODbL,https://www.openstreetmap.org/node/7518906785,,1 Calle 22,,Dominican Republic,18.5493243,-69.9001944,,,,osm-dominican-republic-expanded-2026-05-20,2026-05-20T19:32:17.199Z,pending,none,needs_research,unknown|18.5493|-69.9002,node,apartment,missingName; missingCity; missingWebsite; missingPhone
node/7523122788,OpenStreetMap,osm,ODbL,https://www.openstreetmap.org/node/7523122788,,5 Calle 4,,Dominican Republic,18.5010637,-69.9563651,,,,osm-dominican-republic-expanded-2026-05-20,2026-05-20T19:32:17.199Z,pending,none,needs_research,unknown|18.5011|-69.9564,node,apartment,missingName; missingCity; missingWebsite; missingPhone
node/7523713285,OpenStreetMap,osm,ODbL,https://www.openstreetmap.org/node/7523713285,,31B Calle B Grigri,,Dominican Republic,18.5139808,-69.9379328,,,,osm-dominican-republic-expanded-2026-05-20,2026-05-20T19:32:17.199Z,pending,none,needs_research,unknown|18.514|-69.9379,node,apartment,missingName; missingCity; missingWebsite; missingPhone
node/7555156150,OpenStreetMap,osm,ODbL,https://www.openstreetmap.org/node/7555156150,Sunrise Villa,,,Dominican Republic,19.6277058,-69.8929483,,,,osm-dominican-republic-expanded-2026-05-20,2026-05-20T19:32:17.199Z,pending,none,needs_research,sunrise villa|19.6277|-69.8929,node,hotel,missingCity; missingWebsite; missingPhone
node/7560527285,OpenStreetMap,osm,ODbL,https://www.openstreetmap.org/node/7560527285,Castillo del Mar,,,Dominican Republic,19.6351026,-69.8962801,,,,osm-dominican-republic-expanded-2026-05-20,2026-05-20T19:32:17.199Z,pending,none,needs_research,castillo del mar|19.6351|-69.8963,node,hotel,missingCity; missingWebsite; missingPhone
node/7592520985,OpenStreetMap,osm,ODbL,https://www.openstreetmap.org/node/7592520985,,10 calle oza mayor,,Dominican Republic,18.4848461,-69.9632431,,,,osm-dominican-republic-expanded-2026-05-20,2026-05-20T19:32:17.199Z,pending,none,needs_research,unknown|18.4848|-69.9632,node,apartment,missingName; missingCity; missingWebsite; missingPhone
node/7602956385,OpenStreetMap,osm,ODbL,https://www.openstreetmap.org/node/7602956385,,19 Paseo Principal,,Dominican Republic,18.4934556,-69.9462349,,,,osm-dominican-republic-expanded-2026-05-20,2026-05-20T19:32:17.199Z,pending,none,needs_research,unknown|18.4935|-69.9462,node,apartment,missingName; missingCity; missingWebsite; missingPhone
node/7605796286,OpenStreetMap,osm,ODbL,https://www.openstreetmap.org/node/7605796286,,36 Calle Primera,,Dominican Republic,18.5394613,-69.893798,,,,osm-dominican-republic-expanded-2026-05-20,2026-05-20T19:32:17.199Z,pending,none,needs_research,unknown|18.5395|-69.8938,node,apartment,missingName; missingCity; missingWebsite; missingPhone
node/7609218485,OpenStreetMap,osm,ODbL,https://www.openstreetmap.org/node/7609218485,,35 Calle Principal,,Dominican Republic,18.5158248,-69.9705258,,,,osm-dominican-republic-expanded-2026-05-20,2026-05-20T19:32:17.199Z,pending,none,needs_research,unknown|18.5158|-69.9705,node,apartment,missingName; missingCity; missingWebsite; missingPhone
node/7609220788,OpenStreetMap,osm,ODbL,https://www.openstreetmap.org/node/7609220788,,1 Calle Confluencia,,Dominican Republic,18.5050672,-69.9354061,,,,osm-dominican-republic-expanded-2026-05-20,2026-05-20T19:32:17.199Z,pending,none,needs_research,unknown|18.5051|-69.9354,node,apartment,missingName; missingCity; missingWebsite; missingPhone
node/7615745292,OpenStreetMap,osm,ODbL,https://www.openstreetmap.org/node/7615745292,,8 Calle Soco,,Dominican Republic,18.4902315,-69.9659105,,,,osm-dominican-republic-expanded-2026-05-20,2026-05-20T19:32:17.199Z,pending,none,needs_research,unknown|18.4902|-69.9659,node,apartment,missingName; missingCity; missingWebsite; missingPhone
node/7615792196,OpenStreetMap,osm,ODbL,https://www.openstreetmap.org/node/7615792196,residencial las 3 avenidas,22 Avenida Coronel Juan María Lora Fernández,,Dominican Republic,18.4847084,-69.9681295,,,,osm-dominican-republic-expanded-2026-05-20,2026-05-20T19:32:17.199Z,pending,none,needs_research,residencial las 3 avenidas|18.4847|-69.9681,node,apartment,missingCity; missingWebsite; missingPhone
node/7623051686,OpenStreetMap,osm,ODbL,https://www.openstreetmap.org/node/7623051686,,4 Calle Monte Rio,,Dominican Republic,18.4874898,-69.9469831,,,,osm-dominican-republic-expanded-2026-05-20,2026-05-20T19:32:17.199Z,pending,none,needs_research,unknown|18.4875|-69.947,node,apartment,missingName; missingCity; missingWebsite; missingPhone
node/7623413085,OpenStreetMap,osm,ODbL,https://www.openstreetmap.org/node/7623413085,,53 Calle 8,,Dominican Republic,18.5318261,-69.9037634,,,,osm-dominican-republic-expanded-2026-05-20,2026-05-20T19:32:17.199Z,pending,none,needs_research,unknown|18.5318|-69.9038,node,apartment,missingName; missingCity; missingWebsite; missingPhone
node/7626242787,OpenStreetMap,osm,ODbL,https://www.openstreetmap.org/node/7626242787,,12 Calle Jardines de Versalles,,Dominican Republic,18.4843611,-69.9534422,,,,osm-dominican-republic-expanded-2026-05-20,2026-05-20T19:32:17.199Z,pending,none,needs_research,unknown|18.4844|-69.9534,node,apartment,missingName; missingCity; missingWebsite; missingPhone
node/7626465485,OpenStreetMap,osm,ODbL,https://www.openstreetmap.org/node/7626465485,,2 Calle Espiritu Santo,,Dominican Republic,18.4818105,-69.9585539,,,,osm-dominican-republic-expanded-2026-05-20,2026-05-20T19:32:17.199Z,pending,none,needs_research,unknown|18.4818|-69.9586,node,apartment,missingName; missingCity; missingWebsite; missingPhone
node/7627695085,OpenStreetMap,osm,ODbL,https://www.openstreetmap.org/node/7627695085,Mi Casa,"97A Sagrario E. Díaz, 22000",,Dominican Republic,18.4345359,-68.9821164,,,,osm-dominican-republic-expanded-2026-05-20,2026-05-20T19:32:17.199Z,pending,none,needs_research,mi casa|18.4345|-68.9821,node,apartment,missingCity; missingWebsite; missingPhone
node/7632907885,OpenStreetMap,osm,ODbL,https://www.openstreetmap.org/node/7632907885,,15 calle 1ra,,Dominican Republic,18.5029813,-69.9468896,,,,osm-dominican-republic-expanded-2026-05-20,2026-05-20T19:32:17.199Z,pending,none,needs_research,unknown|18.503|-69.9469,node,apartment,missingName; missingCity; missingWebsite; missingPhone
node/7632948485,OpenStreetMap,osm,ODbL,https://www.openstreetmap.org/node/7632948485,,C-5 Calle Arroyo Dajao,,Dominican Republic,18.5077482,-69.9345648,,,,osm-dominican-republic-expanded-2026-05-20,2026-05-20T19:32:17.199Z,pending,none,needs_research,unknown|18.5077|-69.9346,node,apartment,missingName; missingCity; missingWebsite; missingPhone
node/7653799485,OpenStreetMap,osm,ODbL,https://www.openstreetmap.org/node/7653799485,,10 Calle 9,,Dominican Republic,18.5338839,-69.9038017,,,,osm-dominican-republic-expanded-2026-05-20,2026-05-20T19:32:17.199Z,pending,none,needs_research,unknown|18.5339|-69.9038,node,apartment,missingName; missingCity; missingWebsite; missingPhone
node/7686182485,OpenStreetMap,osm,ODbL,https://www.openstreetmap.org/node/7686182485,,30 Calle Billo Frometa,,Dominican Republic,18.496088,-69.9374168,,,,osm-dominican-republic-expanded-2026-05-20,2026-05-20T19:32:17.199Z,pending,none,needs_research,unknown|18.4961|-69.9374,node,apartment,missingName; missingCity; missingWebsite; missingPhone
node/7700142885,OpenStreetMap,osm,ODbL,https://www.openstreetmap.org/node/7700142885,,202 calle 3ra,,Dominican Republic,18.5446063,-69.89237,,,,osm-dominican-republic-expanded-2026-05-20,2026-05-20T19:32:17.199Z,pending,none,needs_research,unknown|18.5446|-69.8924,node,apartment,missingName; missingCity; missingWebsite; missingPhone
node/7700142985,OpenStreetMap,osm,ODbL,https://www.openstreetmap.org/node/7700142985,,15 Calle A,,Dominican Republic,18.498041,-69.9646798,,,,osm-dominican-republic-expanded-2026-05-20,2026-05-20T19:32:17.199Z,pending,none,needs_research,unknown|18.498|-69.9647,node,apartment,missingName; missingCity; missingWebsite; missingPhone
node/7700142986,OpenStreetMap,osm,ODbL,https://www.openstreetmap.org/node/7700142986,,EP3 Calle Mirador,,Dominican Republic,18.4980623,-69.9306436,,,,osm-dominican-republic-expanded-2026-05-20,2026-05-20T19:32:17.199Z,pending,none,needs_research,unknown|18.4981|-69.9306,node,apartment,missingName; missingCity; missingWebsite; missingPhone
node/7707500485,OpenStreetMap,osm,ODbL,https://www.openstreetmap.org/node/7707500485,Alojamiento empleados,Boulevard Principal,,Dominican Republic,18.5026434,-68.4167069,,,,osm-dominican-republic-expanded-2026-05-20,2026-05-20T19:32:17.199Z,pending,none,needs_research,alojamiento empleados|18.5026|-68.4167,node,apartment,missingCity; missingWebsite; missingPhone
node/7712584286,OpenStreetMap,osm,ODbL,https://www.openstreetmap.org/node/7712584286,,,,Dominican Republic,19.5500699,-71.7108315,,,,osm-dominican-republic-expanded-2026-05-20,2026-05-20T19:32:17.199Z,pending,none,needs_research,unknown|19.5501|-71.7108,node,hotel,missingName; missingCity; missingWebsite; missingPhone
node/7741588385,OpenStreetMap,osm,ODbL,https://www.openstreetmap.org/node/7741588385,Green Coast hotel,,,Dominican Republic,18.6877246,-68.4212449,https://www.booking.com/hotel/do/bravo-mare.html?aid=1595464,,,osm-dominican-republic-expanded-2026-05-20,2026-05-20T19:32:17.199Z,pending,none,needs_research,green coast hotel|18.6877|-68.4212,node,hotel,missingCity; missingPhone
node/7801123685,OpenStreetMap,osm,ODbL,https://www.openstreetmap.org/node/7801123685,,22 Calle L,,Dominican Republic,18.4941366,-69.9316138,,,,osm-dominican-republic-expanded-2026-05-20,2026-05-20T19:32:17.199Z,pending,none,needs_research,unknown|18.4941|-69.9316,node,apartment,missingName; missingCity; missingWebsite; missingPhone
node/7801201685,OpenStreetMap,osm,ODbL,https://www.openstreetmap.org/node/7801201685,,7 Calle 2A,,Dominican Republic,18.4925702,-69.9404822,,,,osm-dominican-republic-expanded-2026-05-20,2026-05-20T19:32:17.199Z,pending,none,needs_research,unknown|18.4926|-69.9405,node,apartment,missingName; missingCity; missingWebsite; missingPhone
node/7807251985,OpenStreetMap,osm,ODbL,https://www.openstreetmap.org/node/7807251985,,3 Calle Siseviere,,Dominican Republic,18.5058997,-69.9645788,,,,osm-dominican-republic-expanded-2026-05-20,2026-05-20T19:32:17.199Z,pending,none,needs_research,unknown|18.5059|-69.9646,node,apartment,missingName; missingCity; missingWebsite; missingPhone
node/7810370385,OpenStreetMap,osm,ODbL,https://www.openstreetmap.org/node/7810370385,,150A Calle Jardines de Fontainebleau,,Dominican Republic,18.4875434,-69.9643596,,,,osm-dominican-republic-expanded-2026-05-20,2026-05-20T19:32:17.199Z,pending,none,needs_research,unknown|18.4875|-69.9644,node,apartment,missingName; missingCity; missingWebsite; missingPhone
node/7810689185,OpenStreetMap,osm,ODbL,https://www.openstreetmap.org/node/7810689185,,153 La Demajagua,,Dominican Republic,18.5180059,-69.9092641,,,,osm-dominican-republic-expanded-2026-05-20,2026-05-20T19:32:17.199Z,pending,none,needs_research,unknown|18.518|-69.9093,node,apartment,missingName; missingCity; missingWebsite; missingPhone
node/7810970185,OpenStreetMap,osm,ODbL,https://www.openstreetmap.org/node/7810970185,Alojamiento de empleados,,,Dominican Republic,18.5155335,-68.4060269,,,,osm-dominican-republic-expanded-2026-05-20,2026-05-20T19:32:17.199Z,pending,none,needs_research,alojamiento de empleados|18.5155|-68.406,node,apartment,missingCity; missingWebsite; missingPhone
node/7813122086,OpenStreetMap,osm,ODbL,https://www.openstreetmap.org/node/7813122086,residencial nuevo orisonte,18 Calle Monte Rio,,Dominican Republic,18.4875582,-69.9472226,,,,osm-dominican-republic-expanded-2026-05-20,2026-05-20T19:32:17.199Z,pending,none,needs_research,residencial nuevo orisonte|18.4876|-69.9472,node,apartment,missingCity; missingWebsite; missingPhone
node/7813376685,OpenStreetMap,osm,ODbL,https://www.openstreetmap.org/node/7813376685,,5 Reparto Republica de Colombia,,Dominican Republic,18.5032952,-69.9585074,,,,osm-dominican-republic-expanded-2026-05-20,2026-05-20T19:32:17.199Z,pending,none,needs_research,unknown|18.5033|-69.9585,node,apartment,missingName; missingCity; missingWebsite; missingPhone
node/7813632985,OpenStreetMap,osm,ODbL,https://www.openstreetmap.org/node/7813632985,,5 Calle 14,,Dominican Republic,18.5455618,-69.9057152,,,,osm-dominican-republic-expanded-2026-05-20,2026-05-20T19:32:17.199Z,pending,none,needs_research,unknown|18.5456|-69.9057,node,apartment,missingName; missingCity; missingWebsite; missingPhone
node/7820595885,OpenStreetMap,osm,ODbL,https://www.openstreetmap.org/node/7820595885,calle j,21 Calle J,,Dominican Republic,18.5041901,-69.9523631,,,,osm-dominican-republic-expanded-2026-05-20,2026-05-20T19:32:17.199Z,pending,none,needs_research,calle j|18.5042|-69.9524,node,apartment,missingCity; missingWebsite; missingPhone
node/7823765285,OpenStreetMap,osm,ODbL,https://www.openstreetmap.org/node/7823765285,bloke 8,8 Calle Arroyo Las Canoas,,Dominican Republic,18.5081257,-69.9339836,,,,osm-dominican-republic-expanded-2026-05-20,2026-05-20T19:32:17.199Z,pending,none,needs_research,bloke 8|18.5081|-69.934,node,apartment,missingCity; missingWebsite; missingPhone
node/7829898285,OpenStreetMap,osm,ODbL,https://www.openstreetmap.org/node/7829898285,edificio 8,8,,Dominican Republic,18.487286,-69.9488621,,,,osm-dominican-republic-expanded-2026-05-20,2026-05-20T19:32:17.199Z,pending,none,needs_research,edificio 8|18.4873|-69.9489,node,apartment,missingCity; missingWebsite; missingPhone
node/7830086585,OpenStreetMap,osm,ODbL,https://www.openstreetmap.org/node/7830086585,,44 Respaldo Martires,,Dominican Republic,18.5032996,-69.9173016,,,,osm-dominican-republic-expanded-2026-05-20,2026-05-20T19:32:17.199Z,pending,none,needs_research,unknown|18.5033|-69.9173,node,apartment,missingName; missingCity; missingWebsite; missingPhone
node/7832787085,OpenStreetMap,osm,ODbL,https://www.openstreetmap.org/node/7832787085,,16 Calle Paseo de los Flamboyanes,,Dominican Republic,18.4957374,-69.9470386,,,,osm-dominican-republic-expanded-2026-05-20,2026-05-20T19:32:17.199Z,pending,none,needs_research,unknown|18.4957|-69.947,node,apartment,missingName; missingCity; missingWebsite; missingPhone
node/7832881085,OpenStreetMap,osm,ODbL,https://www.openstreetmap.org/node/7832881085,,312 Calle Cabima,,Dominican Republic,18.5004258,-69.9656892,,,,osm-dominican-republic-expanded-2026-05-20,2026-05-20T19:32:17.199Z,pending,none,needs_research,unknown|18.5004|-69.9657,node,apartment,missingName; missingCity; missingWebsite; missingPhone
node/7843602785,OpenStreetMap,osm,ODbL,https://www.openstreetmap.org/node/7843602785,Torre mariana,Avenida Miraflores,,Dominican Republic,19.4350249,-70.6668381,,,,osm-dominican-republic-expanded-2026-05-20,2026-05-20T19:32:17.199Z,pending,none,needs_research,torre mariana|19.435|-70.6668,node,apartment,missingCity; missingWebsite; missingPhone
node/7846323685,OpenStreetMap,osm,ODbL,https://www.openstreetmap.org/node/7846323685,,32 Calle General Modesto Díaz,,Dominican Republic,18.5222776,-69.9139228,,,,osm-dominican-republic-expanded-2026-05-20,2026-05-20T19:32:17.199Z,pending,none,needs_research,unknown|18.5223|-69.9139,node,apartment,missingName; missingCity; missingWebsite; missingPhone
node/7846323785,OpenStreetMap,osm,ODbL,https://www.openstreetmap.org/node/7846323785,,1 calle oviedo,,Dominican Republic,18.5689565,-69.9361828,,,,osm-dominican-republic-expanded-2026-05-20,2026-05-20T19:32:17.199Z,pending,none,needs_research,unknown|18.569|-69.9362,node,apartment,missingName; missingCity; missingWebsite; missingPhone
node/7846841385,OpenStreetMap,osm,ODbL,https://www.openstreetmap.org/node/7846841385,,14 Calle Yaguajal,,Dominican Republic,18.4913171,-69.9657816,,,,osm-dominican-republic-expanded-2026-05-20,2026-05-20T19:32:17.199Z,pending,none,needs_research,unknown|18.4913|-69.9658,node,apartment,missingName; missingCity; missingWebsite; missingPhone
node/7847124185,OpenStreetMap,osm,ODbL,https://www.openstreetmap.org/node/7847124185,calle 4ta,6 calle 4ta,,Dominican Republic,18.5423158,-69.9052957,,,,osm-dominican-republic-expanded-2026-05-20,2026-05-20T19:32:17.199Z,pending,none,needs_research,calle 4ta|18.5423|-69.9053,node,apartment,missingCity; missingWebsite; missingPhone
node/7849648485,OpenStreetMap,osm,ODbL,https://www.openstreetmap.org/node/7849648485,,14 Calle Isabel Marina,,Dominican Republic,18.5156585,-69.9389076,,,,osm-dominican-republic-expanded-2026-05-20,2026-05-20T19:32:17.199Z,pending,none,needs_research,unknown|18.5157|-69.9389,node,apartment,missingName; missingCity; missingWebsite; missingPhone
node/7850515985,OpenStreetMap,osm,ODbL,https://www.openstreetmap.org/node/7850515985,DECORA INGENIERÍA Y PISOS,11 Avenida de los Próceres,,Dominican Republic,18.4834559,-69.9670774,,,,osm-dominican-republic-expanded-2026-05-20,2026-05-20T19:32:17.199Z,pending,none,needs_research,decora ingenieria y pisos|18.4835|-69.9671,node,apartment,missingCity; missingWebsite; missingPhone
node/7850644685,OpenStreetMap,osm,ODbL,https://www.openstreetmap.org/node/7850644685,,101 Calle A,,Dominican Republic,18.4979241,-69.9646308,,,,osm-dominican-republic-expanded-2026-05-20,2026-05-20T19:32:17.199Z,pending,none,needs_research,unknown|18.4979|-69.9646,node,apartment,missingName; missingCity; missingWebsite; missingPhone
node/7850717486,OpenStreetMap,osm,ODbL,https://www.openstreetmap.org/node/7850717486,bloke 16,16 Calle Arroyo Naiboa,,Dominican Republic,18.5082107,-69.9340731,,,,osm-dominican-republic-expanded-2026-05-20,2026-05-20T19:32:17.199Z,pending,none,needs_research,bloke 16|18.5082|-69.9341,node,apartment,missingCity; missingWebsite; missingPhone
node/7856888285,OpenStreetMap,osm,ODbL,https://www.openstreetmap.org/node/7856888285,Residencial sexto Oscar,,,Dominican Republic,19.4404062,-70.6703724,,,,osm-dominican-republic-expanded-2026-05-20,2026-05-20T19:32:17.199Z,pending,none,needs_research,residencial sexto oscar|19.4404|-70.6704,node,apartment,missingCity; missingWebsite; missingPhone
node/7861963485,OpenStreetMap,osm,ODbL,https://www.openstreetmap.org/node/7861963485,,20 Calle Cerro del Cristo,,Dominican Republic,18.503468,-69.96407,,,,osm-dominican-republic-expanded-2026-05-20,2026-05-20T19:32:17.199Z,pending,none,needs_research,unknown|18.5035|-69.9641,node,apartment,missingName; missingCity; missingWebsite; missingPhone
node/7862118785,OpenStreetMap,osm,ODbL,https://www.openstreetmap.org/node/7862118785,,30 calle 1ra,,Dominican Republic,18.502524,-69.9453029,,,,osm-dominican-republic-expanded-2026-05-20,2026-05-20T19:32:17.199Z,pending,none,needs_research,unknown|18.5025|-69.9453,node,apartment,missingName; missingCity; missingWebsite; missingPhone
node/7865942385,OpenStreetMap,osm,ODbL,https://www.openstreetmap.org/node/7865942385,,17 Calle 2da,,Dominican Republic,18.5158262,-69.9670422,,,,osm-dominican-republic-expanded-2026-05-20,2026-05-20T19:32:17.199Z,pending,none,needs_research,unknown|18.5158|-69.967,node,apartment,missingName; missingCity; missingWebsite; missingPhone
node/7876123985,OpenStreetMap,osm,ODbL,https://www.openstreetmap.org/node/7876123985,,5 Calle Primavera,,Dominican Republic,18.4816233,-69.9625511,,,,osm-dominican-republic-expanded-2026-05-20,2026-05-20T19:32:17.199Z,pending,none,needs_research,unknown|18.4816|-69.9626,node,apartment,missingName; missingCity; missingWebsite; missingPhone
node/7876352185,OpenStreetMap,osm,ODbL,https://www.openstreetmap.org/node/7876352185,,2 Proyecto 4,,Dominican Republic,18.5132831,-69.9634686,,,,osm-dominican-republic-expanded-2026-05-20,2026-05-20T19:32:17.199Z,pending,none,needs_research,unknown|18.5133|-69.9635,node,apartment,missingName; missingCity; missingWebsite; missingPhone
node/7887918885,OpenStreetMap,osm,ODbL,https://www.openstreetmap.org/node/7887918885,calle la trinitaria,25 calle la trinitaria,,Dominican Republic,18.515756,-69.9709983,,,,osm-dominican-republic-expanded-2026-05-20,2026-05-20T19:32:17.199Z,pending,none,needs_research,calle la trinitaria|18.5158|-69.971,node,apartment,missingCity; missingWebsite; missingPhone
node/7890409185,OpenStreetMap,osm,ODbL,https://www.openstreetmap.org/node/7890409185,,27 calle paseo de la cañada,,Dominican Republic,18.4955624,-69.9475765,,,,osm-dominican-republic-expanded-2026-05-20,2026-05-20T19:32:17.199Z,pending,none,needs_research,unknown|18.4956|-69.9476,node,apartment,missingName; missingCity; missingWebsite; missingPhone
node/7890415885,OpenStreetMap,osm,ODbL,https://www.openstreetmap.org/node/7890415885,,20 Calle 2da,,Dominican Republic,18.4984157,-69.947483,,,,osm-dominican-republic-expanded-2026-05-20,2026-05-20T19:32:17.199Z,pending,none,needs_research,unknown|18.4984|-69.9475,node,apartment,missingName; missingCity; missingWebsite; missingPhone
node/7890900185,OpenStreetMap,osm,ODbL,https://www.openstreetmap.org/node/7890900185,,10 Calle 30,,Dominican Republic,18.5328827,-69.9003606,,,,osm-dominican-republic-expanded-2026-05-20,2026-05-20T19:32:17.199Z,pending,none,needs_research,unknown|18.5329|-69.9004,node,apartment,missingName; missingCity; missingWebsite; missingPhone
node/7894622785,OpenStreetMap,osm,ODbL,https://www.openstreetmap.org/node/7894622785,,30 Respaldo 40,,Dominican Republic,18.525407,-69.8984357,,,,osm-dominican-republic-expanded-2026-05-20,2026-05-20T19:32:17.199Z,pending,none,needs_research,unknown|18.5254|-69.8984,node,apartment,missingName; missingCity; missingWebsite; missingPhone
node/7894629385,OpenStreetMap,osm,ODbL,https://www.openstreetmap.org/node/7894629385,,30 Respaldo 40,,Dominican Republic,18.5272508,-69.897845,,,,osm-dominican-republic-expanded-2026-05-20,2026-05-20T19:32:17.199Z,pending,none,needs_research,unknown|18.5273|-69.8978,node,apartment,missingName; missingCity; missingWebsite; missingPhone
node/7905564085,OpenStreetMap,osm,ODbL,https://www.openstreetmap.org/node/7905564085,,17 Verano,,Dominican Republic,18.483519,-69.9635587,,,,osm-dominican-republic-expanded-2026-05-20,2026-05-20T19:32:17.199Z,pending,none,needs_research,unknown|18.4835|-69.9636,node,apartment,missingName; missingCity; missingWebsite; missingPhone
node/7906474685,OpenStreetMap,osm,ODbL,https://www.openstreetmap.org/node/7906474685,M-D Edf 7,7 Bienaventuranzas,,Dominican Republic,18.5623082,-69.9415255,,,,osm-dominican-republic-expanded-2026-05-20,2026-05-20T19:32:17.199Z,pending,none,needs_research,m-d edf 7|18.5623|-69.9415,node,apartment,missingCity; missingWebsite; missingPhone
node/7913301285,OpenStreetMap,osm,ODbL,https://www.openstreetmap.org/node/7913301285,,72 Felix Marcano,,Dominican Republic,18.5170936,-69.9084909,,,,osm-dominican-republic-expanded-2026-05-20,2026-05-20T19:32:17.199Z,pending,none,needs_research,unknown|18.5171|-69.9085,node,apartment,missingName; missingCity; missingWebsite; missingPhone
node/7917312185,OpenStreetMap,osm,ODbL,https://www.openstreetmap.org/node/7917312185,,2 Calle Billo Frometa,,Dominican Republic,18.4931707,-69.9370214,,,,osm-dominican-republic-expanded-2026-05-20,2026-05-20T19:32:17.199Z,pending,none,needs_research,unknown|18.4932|-69.937,node,apartment,missingName; missingCity; missingWebsite; missingPhone
node/7917498585,OpenStreetMap,osm,ODbL,https://www.openstreetmap.org/node/7917498585,,30 Calle Jose Delio Guzman,,Dominican Republic,18.4969963,-69.944182,,,,osm-dominican-republic-expanded-2026-05-20,2026-05-20T19:32:17.199Z,pending,none,needs_research,unknown|18.497|-69.9442,node,apartment,missingName; missingCity; missingWebsite; missingPhone
node/7917681485,OpenStreetMap,osm,ODbL,https://www.openstreetmap.org/node/7917681485,,228 Felix Marcano,,Dominican Republic,18.5193703,-69.907165,,,,osm-dominican-republic-expanded-2026-05-20,2026-05-20T19:32:17.199Z,pending,none,needs_research,unknown|18.5194|-69.9072,node,apartment,missingName; missingCity; missingWebsite; missingPhone
node/7929083085,OpenStreetMap,osm,ODbL,https://www.openstreetmap.org/node/7929083085,,4 Calle 3,,Dominican Republic,18.548893,-69.8978215,,,,osm-dominican-republic-expanded-2026-05-20,2026-05-20T19:32:17.199Z,pending,none,needs_research,unknown|18.5489|-69.8978,node,apartment,missingName; missingCity; missingWebsite; missingPhone
node/7932102586,OpenStreetMap,osm,ODbL,https://www.openstreetmap.org/node/7932102586,,21 Calle 36A,,Dominican Republic,18.5002657,-69.9230264,,,,osm-dominican-republic-expanded-2026-05-20,2026-05-20T19:32:17.199Z,pending,none,needs_research,unknown|18.5003|-69.923,node,apartment,missingName; missingCity; missingWebsite; missingPhone
node/7932108385,OpenStreetMap,osm,ODbL,https://www.openstreetmap.org/node/7932108385,,18 Calle 4ta,,Dominican Republic,18.532752,-69.9054841,,,,osm-dominican-republic-expanded-2026-05-20,2026-05-20T19:32:17.199Z,pending,none,needs_research,unknown|18.5328|-69.9055,node,apartment,missingName; missingCity; missingWebsite; missingPhone
node/7942667685,OpenStreetMap,osm,ODbL,https://www.openstreetmap.org/node/7942667685,,24 Calle Transversal,,Dominican Republic,18.4982814,-69.9545176,,,,osm-dominican-republic-expanded-2026-05-20,2026-05-20T19:32:17.199Z,pending,none,needs_research,unknown|18.4983|-69.9545,node,apartment,missingName; missingCity; missingWebsite; missingPhone
node/7944917285,OpenStreetMap,osm,ODbL,https://www.openstreetmap.org/node/7944917285,,69 1era Terraza del Arroyo,,Dominican Republic,18.5127986,-69.953875,,,,osm-dominican-republic-expanded-2026-05-20,2026-05-20T19:32:17.199Z,pending,none,needs_research,unknown|18.5128|-69.9539,node,apartment,missingName; missingCity; missingWebsite; missingPhone
node/7944969885,OpenStreetMap,osm,ODbL,https://www.openstreetmap.org/node/7944969885,edificio Jamc,39 Calle Erik Leonard Ekman,,Dominican Republic,18.4860764,-69.943601,,,,osm-dominican-republic-expanded-2026-05-20,2026-05-20T19:32:17.199Z,pending,none,needs_research,edificio jamc|18.4861|-69.9436,node,apartment,missingCity; missingWebsite; missingPhone
node/7949317139,OpenStreetMap,osm,ODbL,https://www.openstreetmap.org/node/7949317139,Villa Querida,,,Dominican Republic,19.3134468,-69.5649956,https://dominicana.life/,,,osm-dominican-republic-expanded-2026-05-20,2026-05-20T19:32:17.199Z,pending,none,needs_research,villa querida|19.3134|-69.565,node,guest_house,missingCity; missingPhone
node/7951737691,OpenStreetMap,osm,ODbL,https://www.openstreetmap.org/node/7951737691,workgroup pc services,13 Calle Los Jacintos,,Dominican Republic,18.4866305,-69.9616066,,,,osm-dominican-republic-expanded-2026-05-20,2026-05-20T19:32:17.199Z,pending,none,needs_research,workgroup pc services|18.4866|-69.9616,node,apartment,missingCity; missingWebsite; missingPhone
node/7951767188,OpenStreetMap,osm,ODbL,https://www.openstreetmap.org/node/7951767188,,30 Calle Paseo del Camu,,Dominican Republic,18.4941135,-69.9621306,,,,osm-dominican-republic-expanded-2026-05-20,2026-05-20T19:32:17.199Z,pending,none,needs_research,unknown|18.4941|-69.9621,node,apartment,missingName; missingCity; missingWebsite; missingPhone
node/7951852485,OpenStreetMap,osm,ODbL,https://www.openstreetmap.org/node/7951852485,Mabe del caribe,23 Avenida Coronel Juan María Lora Fernández,,Dominican Republic,18.4973683,-69.9634679,,,,osm-dominican-republic-expanded-2026-05-20,2026-05-20T19:32:17.199Z,pending,none,needs_research,mabe del caribe|18.4974|-69.9635,node,apartment,missingCity; missingWebsite; missingPhone
node/7959968288,OpenStreetMap,osm,ODbL,https://www.openstreetmap.org/node/7959968288,cull se sac2,16 La Pelona,,Dominican Republic,18.5061778,-69.9695301,,,,osm-dominican-republic-expanded-2026-05-20,2026-05-20T19:32:17.199Z,pending,none,needs_research,cull se sac2|18.5062|-69.9695,node,apartment,missingCity; missingWebsite; missingPhone
node/7966631385,OpenStreetMap,osm,ODbL,https://www.openstreetmap.org/node/7966631385,,21 Bat de Palo Seco,,Dominican Republic,18.5202217,-69.9139908,,,,osm-dominican-republic-expanded-2026-05-20,2026-05-20T19:32:17.199Z,pending,none,needs_research,unknown|18.5202|-69.914,node,apartment,missingName; missingCity; missingWebsite; missingPhone
node/7985323485,OpenStreetMap,osm,ODbL,https://www.openstreetmap.org/node/7985323485,focus,11 Calle K,,Dominican Republic,18.5003743,-69.9400366,,,,osm-dominican-republic-expanded-2026-05-20,2026-05-20T19:32:17.199Z,pending,none,needs_research,focus|18.5004|-69.94,node,apartment,missingCity; missingWebsite; missingPhone
node/7988681387,OpenStreetMap,osm,ODbL,https://www.openstreetmap.org/node/7988681387,,6 Calle Segunda,,Dominican Republic,18.5103808,-69.9402502,,,,osm-dominican-republic-expanded-2026-05-20,2026-05-20T19:32:17.199Z,pending,none,needs_research,unknown|18.5104|-69.9403,node,apartment,missingName; missingCity; missingWebsite; missingPhone
node/8026710897,OpenStreetMap,osm,ODbL,https://www.openstreetmap.org/node/8026710897,Hyatt Zilara Cap Cana,,,Dominican Republic,18.481834,-68.3970198,,,Hyatt,osm-dominican-republic-expanded-2026-05-20,2026-05-20T19:32:17.199Z,pending,none,needs_research,hyatt zilara cap cana|18.4818|-68.397,node,hotel,missingCity; missingWebsite; missingPhone
node/8050866185,OpenStreetMap,osm,ODbL,https://www.openstreetmap.org/node/8050866185,,67 Respaldo Pro-Defensa,,Dominican Republic,18.4877659,-69.9702693,,,,osm-dominican-republic-expanded-2026-05-20,2026-05-20T19:32:17.199Z,pending,none,needs_research,unknown|18.4878|-69.9703,node,apartment,missingName; missingCity; missingWebsite; missingPhone
node/8075490417,OpenStreetMap,osm,ODbL,https://www.openstreetmap.org/node/8075490417,,5 Calle jibe,,Dominican Republic,18.4925239,-69.960137,,,,osm-dominican-republic-expanded-2026-05-20,2026-05-20T19:32:17.199Z,pending,none,needs_research,unknown|18.4925|-69.9601,node,apartment,missingName; missingCity; missingWebsite; missingPhone
node/8078244124,OpenStreetMap,osm,ODbL,https://www.openstreetmap.org/node/8078244124,Hotel Patria,,,Dominican Republic,18.6105361,-68.7070556,,,,osm-dominican-republic-expanded-2026-05-20,2026-05-20T19:32:17.199Z,pending,none,needs_research,hotel patria|18.6105|-68.7071,node,motel,missingCity; missingWebsite; missingPhone
node/8078244168,OpenStreetMap,osm,ODbL,https://www.openstreetmap.org/node/8078244168,Hotel Brisas del Este,,,Dominican Republic,18.615911,-68.713811,,,,osm-dominican-republic-expanded-2026-05-20,2026-05-20T19:32:17.199Z,pending,none,needs_research,hotel brisas del este|18.6159|-68.7138,node,motel,missingCity; missingWebsite; missingPhone
node/8078244181,OpenStreetMap,osm,ODbL,https://www.openstreetmap.org/node/8078244181,Dormitorio San Miguel,,,Dominican Republic,18.6177438,-68.7070638,,,,osm-dominican-republic-expanded-2026-05-20,2026-05-20T19:32:17.199Z,pending,none,needs_research,dormitorio san miguel|18.6177|-68.7071,node,motel,missingCity; missingWebsite; missingPhone
node/8078643317,OpenStreetMap,osm,ODbL,https://www.openstreetmap.org/node/8078643317,,247 Calle Bernabe Boza,,Dominican Republic,18.5175125,-69.9077146,,,,osm-dominican-republic-expanded-2026-05-20,2026-05-20T19:32:17.199Z,pending,none,needs_research,unknown|18.5175|-69.9077,node,apartment,missingName; missingCity; missingWebsite; missingPhone
node/8084983217,OpenStreetMap,osm,ODbL,https://www.openstreetmap.org/node/8084983217,,1 Calle Jardines de Bervederes,,Dominican Republic,18.4853902,-69.9507112,,,,osm-dominican-republic-expanded-2026-05-20,2026-05-20T19:32:17.199Z,pending,none,needs_research,unknown|18.4854|-69.9507,node,apartment,missingName; missingCity; missingWebsite; missingPhone
node/8104177817,OpenStreetMap,osm,ODbL,https://www.openstreetmap.org/node/8104177817,,9 Calle D,,Dominican Republic,18.5491347,-69.8958951,,,,osm-dominican-republic-expanded-2026-05-20,2026-05-20T19:32:17.199Z,pending,none,needs_research,unknown|18.5491|-69.8959,node,apartment,missingName; missingCity; missingWebsite; missingPhone
node/8105435331,OpenStreetMap,osm,ODbL,https://www.openstreetmap.org/node/8105435331,Casa Larimar,73 Calle Bahía,,Dominican Republic,19.7465963,-70.4074897,,,,osm-dominican-republic-expanded-2026-05-20,2026-05-20T19:32:17.199Z,pending,none,needs_research,casa larimar|19.7466|-70.4075,node,guest_house,missingCity; missingWebsite; missingPhone
node/8109795833,OpenStreetMap,osm,ODbL,https://www.openstreetmap.org/node/8109795833,residencial prados del arroyo,"5 Telesforo Correa, 10901",,Dominican Republic,18.4845269,-69.9948133,,,,osm-dominican-republic-expanded-2026-05-20,2026-05-20T19:32:17.199Z,pending,none,needs_research,residencial prados del arroyo|18.4845|-69.9948,node,apartment,missingCity; missingWebsite; missingPhone
node/8112186017,OpenStreetMap,osm,ODbL,https://www.openstreetmap.org/node/8112186017,,3 Calle Vista del Cerro,,Dominican Republic,18.5019784,-69.9608776,,,,osm-dominican-republic-expanded-2026-05-20,2026-05-20T19:32:17.199Z,pending,none,needs_research,unknown|18.502|-69.9609,node,apartment,missingName; missingCity; missingWebsite; missingPhone
node/8116355118,OpenStreetMap,osm,ODbL,https://www.openstreetmap.org/node/8116355118,,15 Calle D,,Dominican Republic,18.4945039,-69.9661885,,,,osm-dominican-republic-expanded-2026-05-20,2026-05-20T19:32:17.199Z,pending,none,needs_research,unknown|18.4945|-69.9662,node,apartment,missingName; missingCity; missingWebsite; missingPhone
node/8116390417,OpenStreetMap,osm,ODbL,https://www.openstreetmap.org/node/8116390417,,30 Isabel de Torres,,Dominican Republic,18.5031244,-69.9673155,,,,osm-dominican-republic-expanded-2026-05-20,2026-05-20T19:32:17.199Z,pending,none,needs_research,unknown|18.5031|-69.9673,node,apartment,missingName; missingCity; missingWebsite; missingPhone
node/8116391619,OpenStreetMap,osm,ODbL,https://www.openstreetmap.org/node/8116391619,,30 Isabel de Torres,,Dominican Republic,18.5032108,-69.9685368,,,,osm-dominican-republic-expanded-2026-05-20,2026-05-20T19:32:17.199Z,pending,none,needs_research,unknown|18.5032|-69.9685,node,apartment,missingName; missingCity; missingWebsite; missingPhone
node/8116547995,OpenStreetMap,osm,ODbL,https://www.openstreetmap.org/node/8116547995,Majestic Mirage Punta Cana - All-Suite Resort,"Playa Arena Gorda, Carr. El Macao - Arena Gorda, Punta Cana, 23000",Punta Cana,Dominican Republic,18.7285006,-68.4657023,https://www.majestic-resorts.com/punta-cana/resorts/majestic-mirage-punta-cana-all-suite-resort,+1 888-477-7227,Majestic Resorts,osm-dominican-republic-expanded-2026-05-20,2026-05-20T19:32:17.199Z,pending,none,needs_research,majestic mirage punta cana - all-suite resort|punta cana|dominican republic,node,hotel,
node/8131092017,OpenStreetMap,osm,ODbL,https://www.openstreetmap.org/node/8131092017,,48B Manzana 4,,Dominican Republic,18.5403729,-69.8995915,,,,osm-dominican-republic-expanded-2026-05-20,2026-05-20T19:32:17.199Z,pending,none,needs_research,unknown|18.5404|-69.8996,node,apartment,missingName; missingCity; missingWebsite; missingPhone
node/8138631318,OpenStreetMap,osm,ODbL,https://www.openstreetmap.org/node/8138631318,,4 Calle 11,,Dominican Republic,18.540662,-69.9077831,,,,osm-dominican-republic-expanded-2026-05-20,2026-05-20T19:32:17.199Z,pending,none,needs_research,unknown|18.5407|-69.9078,node,apartment,missingName; missingCity; missingWebsite; missingPhone
node/8142903318,OpenStreetMap,osm,ODbL,https://www.openstreetmap.org/node/8142903318,,3 Calle Los Pinos,,Dominican Republic,18.496039,-69.946428,,,,osm-dominican-republic-expanded-2026-05-20,2026-05-20T19:32:17.199Z,pending,none,needs_research,unknown|18.496|-69.9464,node,apartment,missingName; missingCity; missingWebsite; missingPhone
node/8146724317,OpenStreetMap,osm,ODbL,https://www.openstreetmap.org/node/8146724317,,19 Calle Osa Menor,,Dominican Republic,18.4859091,-69.9629922,,,,osm-dominican-republic-expanded-2026-05-20,2026-05-20T19:32:17.199Z,pending,none,needs_research,unknown|18.4859|-69.963,node,apartment,missingName; missingCity; missingWebsite; missingPhone
node/8154693183,OpenStreetMap,osm,ODbL,https://www.openstreetmap.org/node/8154693183,,10 Calle Beethoven,,Dominican Republic,18.4958833,-69.9368068,,,,osm-dominican-republic-expanded-2026-05-20,2026-05-20T19:32:17.199Z,pending,none,needs_research,unknown|18.4959|-69.9368,node,apartment,missingName; missingCity; missingWebsite; missingPhone
node/8154759517,OpenStreetMap,osm,ODbL,https://www.openstreetmap.org/node/8154759517,,1 calle Manuel marino minino,,Dominican Republic,18.4998735,-69.940498,,,,osm-dominican-republic-expanded-2026-05-20,2026-05-20T19:32:17.199Z,pending,none,needs_research,unknown|18.4999|-69.9405,node,apartment,missingName; missingCity; missingWebsite; missingPhone
node/8158492217,OpenStreetMap,osm,ODbL,https://www.openstreetmap.org/node/8158492217,,26 Calle Vista Verde,,Dominican Republic,18.5071522,-69.9456362,,,,osm-dominican-republic-expanded-2026-05-20,2026-05-20T19:32:17.199Z,pending,none,needs_research,unknown|18.5072|-69.9456,node,apartment,missingName; missingCity; missingWebsite; missingPhone
node/8210883519,OpenStreetMap,osm,ODbL,https://www.openstreetmap.org/node/8210883519,residencial Erika,1B Paseo Peatonal de Ciudad Modelo,,Dominican Republic,18.5499237,-69.9311018,,,,osm-dominican-republic-expanded-2026-05-20,2026-05-20T19:32:17.199Z,pending,none,needs_research,residencial erika|18.5499|-69.9311,node,apartment,missingCity; missingWebsite; missingPhone
node/8219838817,OpenStreetMap,osm,ODbL,https://www.openstreetmap.org/node/8219838817,,11 Calle Las Colinas,,Dominican Republic,18.4954236,-69.940861,,,,osm-dominican-republic-expanded-2026-05-20,2026-05-20T19:32:17.199Z,pending,none,needs_research,unknown|18.4954|-69.9409,node,apartment,missingName; missingCity; missingWebsite; missingPhone
node/8227882317,OpenStreetMap,osm,ODbL,https://www.openstreetmap.org/node/8227882317,,20 Paseo del Yaque,,Dominican Republic,18.4909505,-69.9636627,,,,osm-dominican-republic-expanded-2026-05-20,2026-05-20T19:32:17.199Z,pending,none,needs_research,unknown|18.491|-69.9637,node,apartment,missingName; missingCity; missingWebsite; missingPhone
node/8231215617,OpenStreetMap,osm,ODbL,https://www.openstreetmap.org/node/8231215617,,57 Calle Juan T Mejía y Cotes,,Dominican Republic,18.4908503,-69.9348169,,,,osm-dominican-republic-expanded-2026-05-20,2026-05-20T19:32:17.199Z,pending,none,needs_research,unknown|18.4909|-69.9348,node,apartment,missingName; missingCity; missingWebsite; missingPhone
node/8234800817,OpenStreetMap,osm,ODbL,https://www.openstreetmap.org/node/8234800817,,18 Paseo del Yuna,,Dominican Republic,18.4934995,-69.9623267,,,,osm-dominican-republic-expanded-2026-05-20,2026-05-20T19:32:17.199Z,pending,none,needs_research,unknown|18.4935|-69.9623,node,apartment,missingName; missingCity; missingWebsite; missingPhone
node/8237742517,OpenStreetMap,osm,ODbL,https://www.openstreetmap.org/node/8237742517,,18 calle maguaco,,Dominican Republic,18.4935727,-69.9607013,,,,osm-dominican-republic-expanded-2026-05-20,2026-05-20T19:32:17.199Z,pending,none,needs_research,unknown|18.4936|-69.9607,node,apartment,missingName; missingCity; missingWebsite; missingPhone
node/8238206517,OpenStreetMap,osm,ODbL,https://www.openstreetmap.org/node/8238206517,,14 Calle 12,,Dominican Republic,18.5480206,-69.8980822,,,,osm-dominican-republic-expanded-2026-05-20,2026-05-20T19:32:17.199Z,pending,none,needs_research,unknown|18.548|-69.8981,node,apartment,missingName; missingCity; missingWebsite; missingPhone
node/8238382917,OpenStreetMap,osm,ODbL,https://www.openstreetmap.org/node/8238382917,,8 Calle 3ra,,Dominican Republic,18.5148928,-69.9684915,,,,osm-dominican-republic-expanded-2026-05-20,2026-05-20T19:32:17.199Z,pending,none,needs_research,unknown|18.5149|-69.9685,node,apartment,missingName; missingCity; missingWebsite; missingPhone
node/8242695519,OpenStreetMap,osm,ODbL,https://www.openstreetmap.org/node/8242695519,,edf13 Calle T,,Dominican Republic,18.4315524,-69.9792845,,,,osm-dominican-republic-expanded-2026-05-20,2026-05-20T19:32:17.199Z,pending,none,needs_research,unknown|18.4316|-69.9793,node,apartment,missingName; missingCity; missingWebsite; missingPhone
node/8249814217,OpenStreetMap,osm,ODbL,https://www.openstreetmap.org/node/8249814217,,65 1era Terraza del Arroyo,,Dominican Republic,18.5131227,-69.9539317,,,,osm-dominican-republic-expanded-2026-05-20,2026-05-20T19:32:17.199Z,pending,none,needs_research,unknown|18.5131|-69.9539,node,apartment,missingName; missingCity; missingWebsite; missingPhone
node/8252496017,OpenStreetMap,osm,ODbL,https://www.openstreetmap.org/node/8252496017,,2 Arroyo Limon,,Dominican Republic,18.5072365,-69.9348777,,,,osm-dominican-republic-expanded-2026-05-20,2026-05-20T19:32:17.199Z,pending,none,needs_research,unknown|18.5072|-69.9349,node,apartment,missingName; missingCity; missingWebsite; missingPhone
node/8262599417,OpenStreetMap,osm,ODbL,https://www.openstreetmap.org/node/8262599417,Casa Amelia,,,Dominican Republic,19.8461922,-71.2109023,,,,osm-dominican-republic-expanded-2026-05-20,2026-05-20T19:32:17.199Z,pending,none,needs_research,casa amelia|19.8462|-71.2109,node,hotel,missingCity; missingWebsite; missingPhone
node/8270232717,OpenStreetMap,osm,ODbL,https://www.openstreetmap.org/node/8270232717,,15 calle paseo de los montes,,Dominican Republic,18.4940919,-69.9455993,,,,osm-dominican-republic-expanded-2026-05-20,2026-05-20T19:32:17.199Z,pending,none,needs_research,unknown|18.4941|-69.9456,node,apartment,missingName; missingCity; missingWebsite; missingPhone
node/8270247817,OpenStreetMap,osm,ODbL,https://www.openstreetmap.org/node/8270247817,,3 Calle Paseo de los Flamboyanes,,Dominican Republic,18.493562,-69.9468219,,,,osm-dominican-republic-expanded-2026-05-20,2026-05-20T19:32:17.199Z,pending,none,needs_research,unknown|18.4936|-69.9468,node,apartment,missingName; missingCity; missingWebsite; missingPhone
node/8271554418,OpenStreetMap,osm,ODbL,https://www.openstreetmap.org/node/8271554418,,M-F Edf 9 Bienaventuranzas,,Dominican Republic,18.5621034,-69.9435693,,,,osm-dominican-republic-expanded-2026-05-20,2026-05-20T19:32:17.199Z,pending,none,needs_research,unknown|18.5621|-69.9436,node,apartment,missingName; missingCity; missingWebsite; missingPhone
node/8291988618,OpenStreetMap,osm,ODbL,https://www.openstreetmap.org/node/8291988618,villa bebé,,,Dominican Republic,18.9719655,-70.4430313,,,,osm-dominican-republic-expanded-2026-05-20,2026-05-20T19:32:17.199Z,pending,none,needs_research,villa bebe|18.972|-70.443,node,guest_house,missingCity; missingWebsite; missingPhone
node/8297127217,OpenStreetMap,osm,ODbL,https://www.openstreetmap.org/node/8297127217,,Edf 40 Calle F,,Dominican Republic,18.4970858,-69.966659,,,,osm-dominican-republic-expanded-2026-05-20,2026-05-20T19:32:17.199Z,pending,none,needs_research,unknown|18.4971|-69.9667,node,apartment,missingName; missingCity; missingWebsite; missingPhone
node/8297127218,OpenStreetMap,osm,ODbL,https://www.openstreetmap.org/node/8297127218,,47 Isabel de Torres,,Dominican Republic,18.5043242,-69.9697954,,,,osm-dominican-republic-expanded-2026-05-20,2026-05-20T19:32:17.199Z,pending,none,needs_research,unknown|18.5043|-69.9698,node,apartment,missingName; missingCity; missingWebsite; missingPhone
node/8297537019,OpenStreetMap,osm,ODbL,https://www.openstreetmap.org/node/8297537019,,9 Calle Cometa,,Dominican Republic,18.527391,-69.9079589,,,,osm-dominican-republic-expanded-2026-05-20,2026-05-20T19:32:17.199Z,pending,none,needs_research,unknown|18.5274|-69.908,node,apartment,missingName; missingCity; missingWebsite; missingPhone
node/8297590117,OpenStreetMap,osm,ODbL,https://www.openstreetmap.org/node/8297590117,,56 Calle 8,,Dominican Republic,18.5328474,-69.902671,,,,osm-dominican-republic-expanded-2026-05-20,2026-05-20T19:32:17.199Z,pending,none,needs_research,unknown|18.5328|-69.9027,node,apartment,missingName; missingCity; missingWebsite; missingPhone
node/8300567017,OpenStreetMap,osm,ODbL,https://www.openstreetmap.org/node/8300567017,,4 calle cul de Sac,,Dominican Republic,18.5057077,-69.9677695,,,,osm-dominican-republic-expanded-2026-05-20,2026-05-20T19:32:17.199Z,pending,none,needs_research,unknown|18.5057|-69.9678,node,apartment,missingName; missingCity; missingWebsite; missingPhone
node/8303071617,OpenStreetMap,osm,ODbL,https://www.openstreetmap.org/node/8303071617,Residencial Carmen d luxe,9 Calle 5,,Dominican Republic,19.4482383,-70.6500292,,,,osm-dominican-republic-expanded-2026-05-20,2026-05-20T19:32:17.199Z,pending,none,needs_research,residencial carmen d luxe|19.4482|-70.65,node,apartment,missingCity; missingWebsite; missingPhone
node/8303753117,OpenStreetMap,osm,ODbL,https://www.openstreetmap.org/node/8303753117,Gourmet FAO SRL,15A Avenida Coronel Juan María Lora Fernández,,Dominican Republic,18.485198,-69.9686465,,,,osm-dominican-republic-expanded-2026-05-20,2026-05-20T19:32:17.199Z,pending,none,needs_research,gourmet fao srl|18.4852|-69.9686,node,apartment,missingCity; missingWebsite; missingPhone
node/8315601817,OpenStreetMap,osm,ODbL,https://www.openstreetmap.org/node/8315601817,,,,Dominican Republic,18.5226836,-70.024065,,,,osm-dominican-republic-expanded-2026-05-20,2026-05-20T19:32:17.199Z,pending,none,needs_research,unknown|18.5227|-70.0241,node,hostel,missingName; missingCity; missingWebsite; missingPhone
node/8316919817,OpenStreetMap,osm,ODbL,https://www.openstreetmap.org/node/8316919817,M-B,edf10,,Dominican Republic,18.5416988,-69.8896177,,,,osm-dominican-republic-expanded-2026-05-20,2026-05-20T19:32:17.199Z,pending,none,needs_research,m-b|18.5417|-69.8896,node,apartment,missingCity; missingWebsite; missingPhone
node/8321955617,OpenStreetMap,osm,ODbL,https://www.openstreetmap.org/node/8321955617,,17 1era Mirador Del Arroyo,,Dominican Republic,18.5084558,-69.9555985,,,,osm-dominican-republic-expanded-2026-05-20,2026-05-20T19:32:17.199Z,pending,none,needs_research,unknown|18.5085|-69.9556,node,apartment,missingName; missingCity; missingWebsite; missingPhone
node/8327794617,OpenStreetMap,osm,ODbL,https://www.openstreetmap.org/node/8327794617,hotel Maison Gautreaux,,,Dominican Republic,18.4642127,-69.8958331,,,,osm-dominican-republic-expanded-2026-05-20,2026-05-20T19:32:17.199Z,pending,none,needs_research,hotel maison gautreaux|18.4642|-69.8958,node,hotel,missingCity; missingWebsite; missingPhone
node/8327794618,OpenStreetMap,osm,ODbL,https://www.openstreetmap.org/node/8327794618,playa la poza de bojolo,,,Dominican Republic,19.3648137,-69.835053,,,,osm-dominican-republic-expanded-2026-05-20,2026-05-20T19:32:17.199Z,pending,none,needs_research,playa la poza de bojolo|19.3648|-69.8351,node,hotel,missingCity; missingWebsite; missingPhone
node/8334258018,OpenStreetMap,osm,ODbL,https://www.openstreetmap.org/node/8334258018,,3 Calle J,,Dominican Republic,18.5002541,-69.9378452,,,,osm-dominican-republic-expanded-2026-05-20,2026-05-20T19:32:17.199Z,pending,none,needs_research,unknown|18.5003|-69.9378,node,apartment,missingName; missingCity; missingWebsite; missingPhone
node/8334612517,OpenStreetMap,osm,ODbL,https://www.openstreetmap.org/node/8334612517,Residencial Sion,,,Dominican Republic,19.4755028,-70.640966,,,,osm-dominican-republic-expanded-2026-05-20,2026-05-20T19:32:17.199Z,pending,none,needs_research,residencial sion|19.4755|-70.641,node,apartment,missingCity; missingWebsite; missingPhone
node/8334849919,OpenStreetMap,osm,ODbL,https://www.openstreetmap.org/node/8334849919,,19 Antonio maceo,,Dominican Republic,18.520644,-69.9087811,,,,osm-dominican-republic-expanded-2026-05-20,2026-05-20T19:32:17.199Z,pending,none,needs_research,unknown|18.5206|-69.9088,node,apartment,missingName; missingCity; missingWebsite; missingPhone
node/8334888817,OpenStreetMap,osm,ODbL,https://www.openstreetmap.org/node/8334888817,,31 Calle Jose Delio Guzman,,Dominican Republic,18.4973768,-69.9444235,,,,osm-dominican-republic-expanded-2026-05-20,2026-05-20T19:32:17.199Z,pending,none,needs_research,unknown|18.4974|-69.9444,node,apartment,missingName; missingCity; missingWebsite; missingPhone
node/8360932218,OpenStreetMap,osm,ODbL,https://www.openstreetmap.org/node/8360932218,Residencial Prados de Las Montañas,"20a, 51000",,Dominican Republic,19.5024483,-70.7125273,,,,osm-dominican-republic-expanded-2026-05-20,2026-05-20T19:32:17.199Z,pending,none,needs_research,residencial prados de las montanas|19.5024|-70.7125,node,apartment,missingCity; missingWebsite; missingPhone
node/8372085523,OpenStreetMap,osm,ODbL,https://www.openstreetmap.org/node/8372085523,torresec,3 Calle Macao,,Dominican Republic,18.4872736,-69.9456168,,,,osm-dominican-republic-expanded-2026-05-20,2026-05-20T19:32:17.199Z,pending,none,needs_research,torresec|18.4873|-69.9456,node,apartment,missingCity; missingWebsite; missingPhone
node/8372229117,OpenStreetMap,osm,ODbL,https://www.openstreetmap.org/node/8372229117,,10 Calle Monte Tina,,Dominican Republic,18.5037059,-69.965463,,,,osm-dominican-republic-expanded-2026-05-20,2026-05-20T19:32:17.199Z,pending,none,needs_research,unknown|18.5037|-69.9655,node,apartment,missingName; missingCity; missingWebsite; missingPhone
node/8375633817,OpenStreetMap,osm,ODbL,https://www.openstreetmap.org/node/8375633817,M-12,12 Avenida Primaveral,,Dominican Republic,18.543341,-69.9065374,,,,osm-dominican-republic-expanded-2026-05-20,2026-05-20T19:32:17.199Z,pending,none,needs_research,m-12|18.5433|-69.9065,node,apartment,missingCity; missingWebsite; missingPhone
node/8379439887,OpenStreetMap,osm,ODbL,https://www.openstreetmap.org/node/8379439887,Hotel Casa Robinson,,,Dominican Republic,19.3217485,-69.5359939,,,,osm-dominican-republic-expanded-2026-05-20,2026-05-20T19:32:17.199Z,pending,none,needs_research,hotel casa robinson|19.3217|-69.536,node,hotel,missingCity; missingWebsite; missingPhone
node/8390943517,OpenStreetMap,osm,ODbL,https://www.openstreetmap.org/node/8390943517,,7D Calle Aldonza,,Dominican Republic,18.4826576,-69.966072,,,,osm-dominican-republic-expanded-2026-05-20,2026-05-20T19:32:17.199Z,pending,none,needs_research,unknown|18.4827|-69.9661,node,apartment,missingName; missingCity; missingWebsite; missingPhone
node/8390970117,OpenStreetMap,osm,ODbL,https://www.openstreetmap.org/node/8390970117,,102 Calle Soco,,Dominican Republic,18.4907862,-69.9664706,,,,osm-dominican-republic-expanded-2026-05-20,2026-05-20T19:32:17.199Z,pending,none,needs_research,unknown|18.4908|-69.9665,node,apartment,missingName; missingCity; missingWebsite; missingPhone
node/8391942317,OpenStreetMap,osm,ODbL,https://www.openstreetmap.org/node/8391942317,Palm suites,,,Dominican Republic,18.6881927,-68.4223429,,,,osm-dominican-republic-expanded-2026-05-20,2026-05-20T19:32:17.199Z,pending,none,needs_research,palm suites|18.6882|-68.4223,node,apartment,missingCity; missingWebsite; missingPhone
node/8394481217,OpenStreetMap,osm,ODbL,https://www.openstreetmap.org/node/8394481217,,66 Calle Paseo del Viento,,Dominican Republic,18.5002917,-69.9645989,,,,osm-dominican-republic-expanded-2026-05-20,2026-05-20T19:32:17.199Z,pending,none,needs_research,unknown|18.5003|-69.9646,node,apartment,missingName; missingCity; missingWebsite; missingPhone
node/8406733517,OpenStreetMap,osm,ODbL,https://www.openstreetmap.org/node/8406733517,,,,Dominican Republic,19.2918178,-69.4301755,,,,osm-dominican-republic-expanded-2026-05-20,2026-05-20T19:32:17.199Z,pending,none,needs_research,unknown|19.2918|-69.4302,node,hotel,missingName; missingCity; missingWebsite; missingPhone
node/8412010418,OpenStreetMap,osm,ODbL,https://www.openstreetmap.org/node/8412010418,residencial gardenia,19 Calle Gardenia,,Dominican Republic,18.4850581,-69.9644863,,,,osm-dominican-republic-expanded-2026-05-20,2026-05-20T19:32:17.199Z,pending,none,needs_research,residencial gardenia|18.4851|-69.9645,node,apartment,missingCity; missingWebsite; missingPhone
node/8412574318,OpenStreetMap,osm,ODbL,https://www.openstreetmap.org/node/8412574318,Hotel New Ark,,,Dominican Republic,19.5530593,-69.9058872,,,,osm-dominican-republic-expanded-2026-05-20,2026-05-20T19:32:17.199Z,pending,none,needs_research,hotel new ark|19.5531|-69.9059,node,hotel,missingCity; missingWebsite; missingPhone
node/8414967619,OpenStreetMap,osm,ODbL,https://www.openstreetmap.org/node/8414967619,,,,Dominican Republic,19.5630419,-69.9054202,,,,osm-dominican-republic-expanded-2026-05-20,2026-05-20T19:32:17.199Z,pending,none,needs_research,unknown|19.563|-69.9054,node,guest_house,missingName; missingCity; missingWebsite; missingPhone
node/8418741817,OpenStreetMap,osm,ODbL,https://www.openstreetmap.org/node/8418741817,ulfa,2 Calle Progreso,,Dominican Republic,18.5045821,-69.9903784,,,,osm-dominican-republic-expanded-2026-05-20,2026-05-20T19:32:17.199Z,pending,none,needs_research,ulfa|18.5046|-69.9904,node,apartment,missingCity; missingWebsite; missingPhone
node/8437882618,OpenStreetMap,osm,ODbL,https://www.openstreetmap.org/node/8437882618,,4 calle proyecto,,Dominican Republic,18.4927656,-69.9339643,,,,osm-dominican-republic-expanded-2026-05-20,2026-05-20T19:32:17.199Z,pending,none,needs_research,unknown|18.4928|-69.934,node,apartment,missingName; missingCity; missingWebsite; missingPhone
node/8438203017,OpenStreetMap,osm,ODbL,https://www.openstreetmap.org/node/8438203017,residencial C&J 2,44 Doctores Mallén,,Dominican Republic,18.4935536,-69.9393723,,,,osm-dominican-republic-expanded-2026-05-20,2026-05-20T19:32:17.199Z,pending,none,needs_research,residencial c&j 2|18.4936|-69.9394,node,apartment,missingCity; missingWebsite; missingPhone
node/8439135417,OpenStreetMap,osm,ODbL,https://www.openstreetmap.org/node/8439135417,Hotel El Maca,,,Dominican Republic,19.4209739,-71.6148537,,,,osm-dominican-republic-expanded-2026-05-20,2026-05-20T19:32:17.199Z,pending,none,needs_research,hotel el maca|19.421|-71.6149,node,hotel,missingCity; missingWebsite; missingPhone
node/8439138417,OpenStreetMap,osm,ODbL,https://www.openstreetmap.org/node/8439138417,Hotel Natalie,,,Dominican Republic,19.4217639,-71.6180272,,,,osm-dominican-republic-expanded-2026-05-20,2026-05-20T19:32:17.199Z,pending,none,needs_research,hotel natalie|19.4218|-71.618,node,hotel,missingCity; missingWebsite; missingPhone
node/8451322921,OpenStreetMap,osm,ODbL,https://www.openstreetmap.org/node/8451322921,Hotel Doña Sol,,,Dominican Republic,18.0900591,-71.2793884,,,,osm-dominican-republic-expanded-2026-05-20,2026-05-20T19:32:17.199Z,pending,none,needs_research,hotel dona sol|18.0901|-71.2794,node,hotel,missingCity; missingWebsite; missingPhone
node/8479226917,OpenStreetMap,osm,ODbL,https://www.openstreetmap.org/node/8479226917,,5 Calle 2,,Dominican Republic,18.4922019,-69.9418426,,,,osm-dominican-republic-expanded-2026-05-20,2026-05-20T19:32:17.199Z,pending,none,needs_research,unknown|18.4922|-69.9418,node,apartment,missingName; missingCity; missingWebsite; missingPhone
node/8479861617,OpenStreetMap,osm,ODbL,https://www.openstreetmap.org/node/8479861617,,30 Calle 37,,Dominican Republic,18.4989216,-69.9231402,,,,osm-dominican-republic-expanded-2026-05-20,2026-05-20T19:32:17.199Z,pending,none,needs_research,unknown|18.4989|-69.9231,node,apartment,missingName; missingCity; missingWebsite; missingPhone
node/8480336317,OpenStreetMap,osm,ODbL,https://www.openstreetmap.org/node/8480336317,,15 Calle 5,,Dominican Republic,18.551124,-69.9201323,,,,osm-dominican-republic-expanded-2026-05-20,2026-05-20T19:32:17.199Z,pending,none,needs_research,unknown|18.5511|-69.9201,node,apartment,missingName; missingCity; missingWebsite; missingPhone
node/8483166817,OpenStreetMap,osm,ODbL,https://www.openstreetmap.org/node/8483166817,46,Calle Panorama,,Dominican Republic,18.5043439,-69.9489599,,,,osm-dominican-republic-expanded-2026-05-20,2026-05-20T19:32:17.199Z,pending,none,needs_research,46|18.5043|-69.949,node,apartment,missingCity; missingWebsite; missingPhone
node/8486331719,OpenStreetMap,osm,ODbL,https://www.openstreetmap.org/node/8486331719,,16 Calle Billo Frometa,,Dominican Republic,18.4948443,-69.9365552,,,,osm-dominican-republic-expanded-2026-05-20,2026-05-20T19:32:17.199Z,pending,none,needs_research,unknown|18.4948|-69.9366,node,apartment,missingName; missingCity; missingWebsite; missingPhone
node/8486365617,OpenStreetMap,osm,ODbL,https://www.openstreetmap.org/node/8486365617,,1 calle 3ra,,Dominican Republic,18.4969674,-69.9459578,,,,osm-dominican-republic-expanded-2026-05-20,2026-05-20T19:32:17.199Z,pending,none,needs_research,unknown|18.497|-69.946,node,apartment,missingName; missingCity; missingWebsite; missingPhone
node/8489206118,OpenStreetMap,osm,ODbL,https://www.openstreetmap.org/node/8489206118,,14 Calle Maguey,,Dominican Republic,18.4918602,-69.9618144,,,,osm-dominican-republic-expanded-2026-05-20,2026-05-20T19:32:17.199Z,pending,none,needs_research,unknown|18.4919|-69.9618,node,apartment,missingName; missingCity; missingWebsite; missingPhone
node/8489244717,OpenStreetMap,osm,ODbL,https://www.openstreetmap.org/node/8489244717,,35 Isabel de Torres,,Dominican Republic,18.5034346,-69.969013,,,,osm-dominican-republic-expanded-2026-05-20,2026-05-20T19:32:17.199Z,pending,none,needs_research,unknown|18.5034|-69.969,node,apartment,missingName; missingCity; missingWebsite; missingPhone
node/8497618217,OpenStreetMap,osm,ODbL,https://www.openstreetmap.org/node/8497618217,,5A Calle 24,,Dominican Republic,18.5330205,-69.9021961,,,,osm-dominican-republic-expanded-2026-05-20,2026-05-20T19:32:17.199Z,pending,none,needs_research,unknown|18.533|-69.9022,node,apartment,missingName; missingCity; missingWebsite; missingPhone
node/8500144017,OpenStreetMap,osm,ODbL,https://www.openstreetmap.org/node/8500144017,,10 Calle J,,Dominican Republic,18.5003639,-69.9379488,,,,osm-dominican-republic-expanded-2026-05-20,2026-05-20T19:32:17.199Z,pending,none,needs_research,unknown|18.5004|-69.9379,node,apartment,missingName; missingCity; missingWebsite; missingPhone
node/8524672517,OpenStreetMap,osm,ODbL,https://www.openstreetmap.org/node/8524672517,,43 Prolongación 5,,Dominican Republic,18.490212,-69.9423758,,,,osm-dominican-republic-expanded-2026-05-20,2026-05-20T19:32:17.199Z,pending,none,needs_research,unknown|18.4902|-69.9424,node,apartment,missingName; missingCity; missingWebsite; missingPhone
node/8532730217,OpenStreetMap,osm,ODbL,https://www.openstreetmap.org/node/8532730217,,9B La Pelona,,Dominican Republic,18.5044332,-69.9670021,,,,osm-dominican-republic-expanded-2026-05-20,2026-05-20T19:32:17.199Z,pending,none,needs_research,unknown|18.5044|-69.967,node,apartment,missingName; missingCity; missingWebsite; missingPhone
node/8542028917,OpenStreetMap,osm,ODbL,https://www.openstreetmap.org/node/8542028917,Miguel Francisco Guerrero,Calle J,,Dominican Republic,18.5397857,-69.8337186,,,,osm-dominican-republic-expanded-2026-05-20,2026-05-20T19:32:17.199Z,pending,none,needs_research,miguel francisco guerrero|18.5398|-69.8337,node,guest_house,missingCity; missingWebsite; missingPhone
node/8565526617,OpenStreetMap,osm,ODbL,https://www.openstreetmap.org/node/8565526617,DS Scarlet,Los Restauradores,,Dominican Republic,18.5440495,-69.89086,,,,osm-dominican-republic-expanded-2026-05-20,2026-05-20T19:32:17.199Z,pending,none,needs_research,ds scarlet|18.544|-69.8909,node,apartment,missingCity; missingWebsite; missingPhone
node/8568212422,OpenStreetMap,osm,ODbL,https://www.openstreetmap.org/node/8568212422,Bellevue Dominican Bay,,,Dominican Republic,18.449508,-69.6113636,,,,osm-dominican-republic-expanded-2026-05-20,2026-05-20T19:32:17.199Z,pending,none,needs_research,bellevue dominican bay|18.4495|-69.6114,node,hotel,missingCity; missingWebsite; missingPhone
node/8572192229,OpenStreetMap,osm,ODbL,https://www.openstreetmap.org/node/8572192229,,3 Calle Paloma,,Dominican Republic,18.5001793,-69.9676886,,,,osm-dominican-republic-expanded-2026-05-20,2026-05-20T19:32:17.199Z,pending,none,needs_research,unknown|18.5002|-69.9677,node,apartment,missingName; missingCity; missingWebsite; missingPhone
node/8572192726,OpenStreetMap,osm,ODbL,https://www.openstreetmap.org/node/8572192726,,5 Calle Paloma,,Dominican Republic,18.5003205,-69.9675459,,,,osm-dominican-republic-expanded-2026-05-20,2026-05-20T19:32:17.199Z,pending,none,needs_research,unknown|18.5003|-69.9675,node,apartment,missingName; missingCity; missingWebsite; missingPhone
node/8576524817,OpenStreetMap,osm,ODbL,https://www.openstreetmap.org/node/8576524817,,10 Calle 2,,Dominican Republic,18.5491855,-69.9205701,,,,osm-dominican-republic-expanded-2026-05-20,2026-05-20T19:32:17.199Z,pending,none,needs_research,unknown|18.5492|-69.9206,node,apartment,missingName; missingCity; missingWebsite; missingPhone
node/8579573517,OpenStreetMap,osm,ODbL,https://www.openstreetmap.org/node/8579573517,La casa de tres amigos,,,Dominican Republic,19.2931719,-69.2015577,,,,osm-dominican-republic-expanded-2026-05-20,2026-05-20T19:32:17.199Z,pending,none,needs_research,la casa de tres amigos|19.2932|-69.2016,node,apartment,missingCity; missingWebsite; missingPhone
node/8596176417,OpenStreetMap,osm,ODbL,https://www.openstreetmap.org/node/8596176417,,1 calle 3,,Dominican Republic,18.4966183,-69.94604,,,,osm-dominican-republic-expanded-2026-05-20,2026-05-20T19:32:17.199Z,pending,none,needs_research,unknown|18.4966|-69.946,node,apartment,missingName; missingCity; missingWebsite; missingPhone
node/8607839218,OpenStreetMap,osm,ODbL,https://www.openstreetmap.org/node/8607839218,,23 Calle Paseo de los Flamboyanes,,Dominican Republic,18.496618,-69.9475212,,,,osm-dominican-republic-expanded-2026-05-20,2026-05-20T19:32:17.199Z,pending,none,needs_research,unknown|18.4966|-69.9475,node,apartment,missingName; missingCity; missingWebsite; missingPhone
node/8611313217,OpenStreetMap,osm,ODbL,https://www.openstreetmap.org/node/8611313217,,9 Calle 4,,Dominican Republic,18.4925834,-69.942328,,,,osm-dominican-republic-expanded-2026-05-20,2026-05-20T19:32:17.199Z,pending,none,needs_research,unknown|18.4926|-69.9423,node,apartment,missingName; missingCity; missingWebsite; missingPhone
node/8630094617,OpenStreetMap,osm,ODbL,https://www.openstreetmap.org/node/8630094617,,24-B Calle El Cerro,,Dominican Republic,18.4983683,-69.9444994,,,,osm-dominican-republic-expanded-2026-05-20,2026-05-20T19:32:17.199Z,pending,none,needs_research,unknown|18.4984|-69.9445,node,apartment,missingName; missingCity; missingWebsite; missingPhone
node/8630094717,OpenStreetMap,osm,ODbL,https://www.openstreetmap.org/node/8630094717,,186 Felix Marcano,,Dominican Republic,18.5179984,-69.9086732,,,,osm-dominican-republic-expanded-2026-05-20,2026-05-20T19:32:17.199Z,pending,none,needs_research,unknown|18.518|-69.9087,node,apartment,missingName; missingCity; missingWebsite; missingPhone
node/8633378517,OpenStreetMap,osm,ODbL,https://www.openstreetmap.org/node/8633378517,Pedazo de Paraiso,,,Dominican Republic,19.7543598,-70.5186907,,,,osm-dominican-republic-expanded-2026-05-20,2026-05-20T19:32:17.199Z,pending,none,needs_research,pedazo de paraiso|19.7544|-70.5187,node,apartment,missingCity; missingWebsite; missingPhone
node/8647961017,OpenStreetMap,osm,ODbL,https://www.openstreetmap.org/node/8647961017,,11A Calle Higuamo,,Dominican Republic,18.4902156,-69.961404,,,,osm-dominican-republic-expanded-2026-05-20,2026-05-20T19:32:17.199Z,pending,none,needs_research,unknown|18.4902|-69.9614,node,apartment,missingName; missingCity; missingWebsite; missingPhone
node/8654177117,OpenStreetMap,osm,ODbL,https://www.openstreetmap.org/node/8654177117,Torre Refa XII,,,Dominican Republic,18.4639568,-69.9451731,,,,osm-dominican-republic-expanded-2026-05-20,2026-05-20T19:32:17.199Z,pending,none,needs_research,torre refa xii|18.464|-69.9452,node,apartment,missingCity; missingWebsite; missingPhone
node/8672457517,OpenStreetMap,osm,ODbL,https://www.openstreetmap.org/node/8672457517,,21 Calle Paseo del Canada,,Dominican Republic,18.4940748,-69.9478966,,,,osm-dominican-republic-expanded-2026-05-20,2026-05-20T19:32:17.199Z,pending,none,needs_research,unknown|18.4941|-69.9479,node,apartment,missingName; missingCity; missingWebsite; missingPhone
node/8679950717,OpenStreetMap,osm,ODbL,https://www.openstreetmap.org/node/8679950717,Residencial las palmas,3 Camino Chiquito,,Dominican Republic,18.4922745,-69.9351181,,,,osm-dominican-republic-expanded-2026-05-20,2026-05-20T19:32:17.199Z,pending,none,needs_research,residencial las palmas|18.4923|-69.9351,node,apartment,missingCity; missingWebsite; missingPhone
node/8698178517,OpenStreetMap,osm,ODbL,https://www.openstreetmap.org/node/8698178517,,7a Calle Panorama,,Dominican Republic,18.5029544,-69.9487672,,,,osm-dominican-republic-expanded-2026-05-20,2026-05-20T19:32:17.199Z,pending,none,needs_research,unknown|18.503|-69.9488,node,apartment,missingName; missingCity; missingWebsite; missingPhone
node/8698379118,OpenStreetMap,osm,ODbL,https://www.openstreetmap.org/node/8698379118,,2 Calle La Terraza,,Dominican Republic,18.5034647,-69.9356239,,,,osm-dominican-republic-expanded-2026-05-20,2026-05-20T19:32:17.199Z,pending,none,needs_research,unknown|18.5035|-69.9356,node,apartment,missingName; missingCity; missingWebsite; missingPhone
node/8699056517,OpenStreetMap,osm,ODbL,https://www.openstreetmap.org/node/8699056517,,2 Patria Mirabal,,Dominican Republic,18.5364472,-69.9051864,,,,osm-dominican-republic-expanded-2026-05-20,2026-05-20T19:32:17.199Z,pending,none,needs_research,unknown|18.5364|-69.9052,node,apartment,missingName; missingCity; missingWebsite; missingPhone
node/8699115817,OpenStreetMap,osm,ODbL,https://www.openstreetmap.org/node/8699115817,,2 Calle 12,,Dominican Republic,18.5467822,-69.9070393,,,,osm-dominican-republic-expanded-2026-05-20,2026-05-20T19:32:17.199Z,pending,none,needs_research,unknown|18.5468|-69.907,node,apartment,missingName; missingCity; missingWebsite; missingPhone
node/8702599617,OpenStreetMap,osm,ODbL,https://www.openstreetmap.org/node/8702599617,,42 Bienaventuranzas,,Dominican Republic,18.5633508,-69.9411083,,,,osm-dominican-republic-expanded-2026-05-20,2026-05-20T19:32:17.199Z,pending,none,needs_research,unknown|18.5634|-69.9411,node,apartment,missingName; missingCity; missingWebsite; missingPhone
node/8702945317,OpenStreetMap,osm,ODbL,https://www.openstreetmap.org/node/8702945317,,21 Paseo de la Isabela,,Dominican Republic,18.5137219,-69.933784,,,,osm-dominican-republic-expanded-2026-05-20,2026-05-20T19:32:17.199Z,pending,none,needs_research,unknown|18.5137|-69.9338,node,apartment,missingName; missingCity; missingWebsite; missingPhone
node/8703092012,OpenStreetMap,osm,ODbL,https://www.openstreetmap.org/node/8703092012,Lorca Residences,,,Dominican Republic,18.6117773,-68.7265071,,,,osm-dominican-republic-expanded-2026-05-20,2026-05-20T19:32:17.199Z,pending,none,needs_research,lorca residences|18.6118|-68.7265,node,apartment,missingCity; missingWebsite; missingPhone
node/8710203019,OpenStreetMap,osm,ODbL,https://www.openstreetmap.org/node/8710203019,Aparta Hotel La Bahia,,,Dominican Republic,19.0615121,-69.3858158,,,,osm-dominican-republic-expanded-2026-05-20,2026-05-20T19:32:17.199Z,pending,none,needs_research,aparta hotel la bahia|19.0615|-69.3858,node,hostel,missingCity; missingWebsite; missingPhone
node/8718678917,OpenStreetMap,osm,ODbL,https://www.openstreetmap.org/node/8718678917,,14-B Calle Billo Frometa,,Dominican Republic,18.4946156,-69.9362721,,,,osm-dominican-republic-expanded-2026-05-20,2026-05-20T19:32:17.199Z,pending,none,needs_research,unknown|18.4946|-69.9363,node,apartment,missingName; missingCity; missingWebsite; missingPhone
node/8721959917,OpenStreetMap,osm,ODbL,https://www.openstreetmap.org/node/8721959917,edificio arroyo hondo 3,20 Calle Cesar Augusto Sandino,,Dominican Republic,18.4840178,-69.9460737,,,,osm-dominican-republic-expanded-2026-05-20,2026-05-20T19:32:17.199Z,pending,none,needs_research,edificio arroyo hondo 3|18.484|-69.9461,node,apartment,missingCity; missingWebsite; missingPhone
node/8722035418,OpenStreetMap,osm,ODbL,https://www.openstreetmap.org/node/8722035418,,11 Calle Trinitaria,,Dominican Republic,18.4832201,-69.9624632,,,,osm-dominican-republic-expanded-2026-05-20,2026-05-20T19:32:17.199Z,pending,none,needs_research,unknown|18.4832|-69.9625,node,apartment,missingName; missingCity; missingWebsite; missingPhone
node/8722551917,OpenStreetMap,osm,ODbL,https://www.openstreetmap.org/node/8722551917,,8 calle real,,Dominican Republic,18.5283325,-69.9117169,,,,osm-dominican-republic-expanded-2026-05-20,2026-05-20T19:32:17.199Z,pending,none,needs_research,unknown|18.5283|-69.9117,node,apartment,missingName; missingCity; missingWebsite; missingPhone
node/8722552017,OpenStreetMap,osm,ODbL,https://www.openstreetmap.org/node/8722552017,,13 Calle 7,,Dominican Republic,18.5358107,-69.900544,,,,osm-dominican-republic-expanded-2026-05-20,2026-05-20T19:32:17.199Z,pending,none,needs_research,unknown|18.5358|-69.9005,node,apartment,missingName; missingCity; missingWebsite; missingPhone
node/8739429617,OpenStreetMap,osm,ODbL,https://www.openstreetmap.org/node/8739429617,,236 Calle Doctores Mallén,,Dominican Republic,18.4897444,-69.9407154,,,,osm-dominican-republic-expanded-2026-05-20,2026-05-20T19:32:17.199Z,pending,none,needs_research,unknown|18.4897|-69.9407,node,apartment,missingName; missingCity; missingWebsite; missingPhone
node/8777942017,OpenStreetMap,osm,ODbL,https://www.openstreetmap.org/node/8777942017,King Hotel,,,Dominican Republic,19.2035105,-69.3405698,,,,osm-dominican-republic-expanded-2026-05-20,2026-05-20T19:32:17.199Z,pending,none,needs_research,king hotel|19.2035|-69.3406,node,hotel,missingCity; missingWebsite; missingPhone
node/8796382545,OpenStreetMap,osm,ODbL,https://www.openstreetmap.org/node/8796382545,Casa Jardín Montesacro,"10 Calle José María Cabral Bermúdez, Polo",Polo,Dominican Republic,18.1378708,-71.2643609,,+1-809-565-6801,,osm-dominican-republic-expanded-2026-05-20,2026-05-20T19:32:17.199Z,pending,none,needs_research,casa jardin montesacro|polo|dominican republic,node,hotel,missingWebsite
node/8796411064,OpenStreetMap,osm,ODbL,https://www.openstreetmap.org/node/8796411064,Altos de La Caobita Ecolodge,"Carretera a la Playa El Uvero, Barrera",Barrera,Dominican Republic,18.3106212,-70.8867645,,+1-809-964-3888,,osm-dominican-republic-expanded-2026-05-20,2026-05-20T19:32:17.199Z,pending,none,needs_research,altos de la caobita ecolodge|barrera|dominican republic,node,hotel,missingWebsite
node/8807047548,OpenStreetMap,osm,ODbL,https://www.openstreetmap.org/node/8807047548,,1 Calle Los Pinos,,Dominican Republic,18.4963982,-69.9460947,,,,osm-dominican-republic-expanded-2026-05-20,2026-05-20T19:32:17.199Z,pending,none,needs_research,unknown|18.4964|-69.9461,node,apartment,missingName; missingCity; missingWebsite; missingPhone
node/8807051563,OpenStreetMap,osm,ODbL,https://www.openstreetmap.org/node/8807051563,,25 Calle 6,,Dominican Republic,18.5361528,-69.9020508,,,,osm-dominican-republic-expanded-2026-05-20,2026-05-20T19:32:17.199Z,pending,none,needs_research,unknown|18.5362|-69.9021,node,apartment,missingName; missingCity; missingWebsite; missingPhone
node/8807066459,OpenStreetMap,osm,ODbL,https://www.openstreetmap.org/node/8807066459,,37 Calle 6,,Dominican Republic,18.5407659,-69.9062031,,,,osm-dominican-republic-expanded-2026-05-20,2026-05-20T19:32:17.199Z,pending,none,needs_research,unknown|18.5408|-69.9062,node,apartment,missingName; missingCity; missingWebsite; missingPhone
node/8807068926,OpenStreetMap,osm,ODbL,https://www.openstreetmap.org/node/8807068926,,10 Calle 9,,Dominican Republic,18.5410109,-69.9073897,,,,osm-dominican-republic-expanded-2026-05-20,2026-05-20T19:32:17.199Z,pending,none,needs_research,unknown|18.541|-69.9074,node,apartment,missingName; missingCity; missingWebsite; missingPhone
node/8816839325,OpenStreetMap,osm,ODbL,https://www.openstreetmap.org/node/8816839325,,18 Calle Paseo de los Flamboyanes,,Dominican Republic,18.4962517,-69.9472119,,,,osm-dominican-republic-expanded-2026-05-20,2026-05-20T19:32:17.199Z,pending,none,needs_research,unknown|18.4963|-69.9472,node,apartment,missingName; missingCity; missingWebsite; missingPhone
node/8816841119,OpenStreetMap,osm,ODbL,https://www.openstreetmap.org/node/8816841119,,15 Calle L,,Dominican Republic,18.5047208,-69.9518547,,,,osm-dominican-republic-expanded-2026-05-20,2026-05-20T19:32:17.199Z,pending,none,needs_research,unknown|18.5047|-69.9519,node,apartment,missingName; missingCity; missingWebsite; missingPhone
node/8816841120,OpenStreetMap,osm,ODbL,https://www.openstreetmap.org/node/8816841120,,10 Calle Hojaldre,,Dominican Republic,18.4982326,-69.9714774,,,,osm-dominican-republic-expanded-2026-05-20,2026-05-20T19:32:17.199Z,pending,none,needs_research,unknown|18.4982|-69.9715,node,apartment,missingName; missingCity; missingWebsite; missingPhone
node/8816853517,OpenStreetMap,osm,ODbL,https://www.openstreetmap.org/node/8816853517,,8 calle recodo,,Dominican Republic,18.5208095,-69.9073451,,,,osm-dominican-republic-expanded-2026-05-20,2026-05-20T19:32:17.199Z,pending,none,needs_research,unknown|18.5208|-69.9073,node,apartment,missingName; missingCity; missingWebsite; missingPhone
node/8816853617,OpenStreetMap,osm,ODbL,https://www.openstreetmap.org/node/8816853617,,8 Calle Primera,,Dominican Republic,18.5314913,-69.9104878,,,,osm-dominican-republic-expanded-2026-05-20,2026-05-20T19:32:17.199Z,pending,none,needs_research,unknown|18.5315|-69.9105,node,apartment,missingName; missingCity; missingWebsite; missingPhone
node/8817747517,OpenStreetMap,osm,ODbL,https://www.openstreetmap.org/node/8817747517,Mía Vista Appartments,,,Dominican Republic,19.1500007,-70.6308315,,,,osm-dominican-republic-expanded-2026-05-20,2026-05-20T19:32:17.199Z,pending,none,needs_research,mia vista appartments|19.15|-70.6308,node,apartment,missingCity; missingWebsite; missingPhone
node/8817747617,OpenStreetMap,osm,ODbL,https://www.openstreetmap.org/node/8817747617,Mi Vista Mountain Resort,,,Dominican Republic,19.1500021,-70.6307159,,,,osm-dominican-republic-expanded-2026-05-20,2026-05-20T19:32:17.199Z,pending,none,needs_research,mi vista mountain resort|19.15|-70.6307,node,hotel,missingCity; missingWebsite; missingPhone
node/8818855013,OpenStreetMap,osm,ODbL,https://www.openstreetmap.org/node/8818855013,Diamond Hotel Cabarete,,,Dominican Republic,19.7639697,-70.4285099,,,,osm-dominican-republic-expanded-2026-05-20,2026-05-20T19:32:17.199Z,pending,none,needs_research,diamond hotel cabarete|19.764|-70.4285,node,hotel,missingCity; missingWebsite; missingPhone
node/8822489231,OpenStreetMap,osm,ODbL,https://www.openstreetmap.org/node/8822489231,,,,Dominican Republic,18.4585614,-69.933336,,,,osm-dominican-republic-expanded-2026-05-20,2026-05-20T19:32:17.199Z,pending,none,needs_research,unknown|18.4586|-69.9333,node,hotel,missingName; missingCity; missingWebsite; missingPhone
node/8825263121,OpenStreetMap,osm,ODbL,https://www.openstreetmap.org/node/8825263121,,112 Avenida Penetración,,Dominican Republic,18.5252139,-69.900466,,,,osm-dominican-republic-expanded-2026-05-20,2026-05-20T19:32:17.199Z,pending,none,needs_research,unknown|18.5252|-69.9005,node,apartment,missingName; missingCity; missingWebsite; missingPhone
node/8825267920,OpenStreetMap,osm,ODbL,https://www.openstreetmap.org/node/8825267920,,12 Calle Jardines Encantados,,Dominican Republic,18.4844984,-69.9533986,,,,osm-dominican-republic-expanded-2026-05-20,2026-05-20T19:32:17.199Z,pending,none,needs_research,unknown|18.4845|-69.9534,node,apartment,missingName; missingCity; missingWebsite; missingPhone
node/8825268218,OpenStreetMap,osm,ODbL,https://www.openstreetmap.org/node/8825268218,,35 Calle 6,,Dominican Republic,18.5365703,-69.9017742,,,,osm-dominican-republic-expanded-2026-05-20,2026-05-20T19:32:17.199Z,pending,none,needs_research,unknown|18.5366|-69.9018,node,apartment,missingName; missingCity; missingWebsite; missingPhone
node/8825268518,OpenStreetMap,osm,ODbL,https://www.openstreetmap.org/node/8825268518,,29 calle 8,,Dominican Republic,18.5397458,-69.8963585,,,,osm-dominican-republic-expanded-2026-05-20,2026-05-20T19:32:17.199Z,pending,none,needs_research,unknown|18.5397|-69.8964,node,apartment,missingName; missingCity; missingWebsite; missingPhone
node/8825293017,OpenStreetMap,osm,ODbL,https://www.openstreetmap.org/node/8825293017,,78 Calle Sur,,Dominican Republic,18.5474967,-69.9100156,,,,osm-dominican-republic-expanded-2026-05-20,2026-05-20T19:32:17.199Z,pending,none,needs_research,unknown|18.5475|-69.91,node,apartment,missingName; missingCity; missingWebsite; missingPhone
node/8825425919,OpenStreetMap,osm,ODbL,https://www.openstreetmap.org/node/8825425919,,10 Calle Galaxia,,Dominican Republic,18.5253375,-69.911012,,,,osm-dominican-republic-expanded-2026-05-20,2026-05-20T19:32:17.199Z,pending,none,needs_research,unknown|18.5253|-69.911,node,apartment,missingName; missingCity; missingWebsite; missingPhone
node/8825775720,OpenStreetMap,osm,ODbL,https://www.openstreetmap.org/node/8825775720,residencial sol oriens,1 El Sol,,Dominican Republic,18.5434121,-69.945322,,,,osm-dominican-republic-expanded-2026-05-20,2026-05-20T19:32:17.199Z,pending,none,needs_research,residencial sol oriens|18.5434|-69.9453,node,apartment,missingCity; missingWebsite; missingPhone
node/8832688717,OpenStreetMap,osm,ODbL,https://www.openstreetmap.org/node/8832688717,calle 39,#65 Respaldo 39,,Dominican Republic,18.5007782,-69.9244049,,,,osm-dominican-republic-expanded-2026-05-20,2026-05-20T19:32:17.199Z,pending,none,needs_research,calle 39|18.5008|-69.9244,node,apartment,missingCity; missingWebsite; missingPhone
node/8839708217,OpenStreetMap,osm,ODbL,https://www.openstreetmap.org/node/8839708217,,6 Paloma,,Dominican Republic,18.5021825,-69.966249,,,,osm-dominican-republic-expanded-2026-05-20,2026-05-20T19:32:17.199Z,pending,none,needs_research,unknown|18.5022|-69.9662,node,apartment,missingName; missingCity; missingWebsite; missingPhone
node/8852754017,OpenStreetMap,osm,ODbL,https://www.openstreetmap.org/node/8852754017,Manzana U,31 Calle Penetracion,,Dominican Republic,18.5480734,-69.9150888,,,,osm-dominican-republic-expanded-2026-05-20,2026-05-20T19:32:17.199Z,pending,none,needs_research,manzana u|18.5481|-69.9151,node,apartment,missingCity; missingWebsite; missingPhone
node/8853993424,OpenStreetMap,osm,ODbL,https://www.openstreetmap.org/node/8853993424,,22 Las Bromelias,,Dominican Republic,18.5260602,-69.8934992,,,,osm-dominican-republic-expanded-2026-05-20,2026-05-20T19:32:17.199Z,pending,none,needs_research,unknown|18.5261|-69.8935,node,apartment,missingName; missingCity; missingWebsite; missingPhone
node/8853993919,OpenStreetMap,osm,ODbL,https://www.openstreetmap.org/node/8853993919,,C4 Calle Primera,,Dominican Republic,18.5137149,-69.9125002,,,,osm-dominican-republic-expanded-2026-05-20,2026-05-20T19:32:17.199Z,pending,none,needs_research,unknown|18.5137|-69.9125,node,apartment,missingName; missingCity; missingWebsite; missingPhone
node/8854083417,OpenStreetMap,osm,ODbL,https://www.openstreetmap.org/node/8854083417,,5A La Vigia,,Dominican Republic,18.5036095,-69.965857,,,,osm-dominican-republic-expanded-2026-05-20,2026-05-20T19:32:17.199Z,pending,none,needs_research,unknown|18.5036|-69.9659,node,apartment,missingName; missingCity; missingWebsite; missingPhone
node/8857123417,OpenStreetMap,osm,ODbL,https://www.openstreetmap.org/node/8857123417,,4 Calle Sauce,,Dominican Republic,18.4897005,-69.9445187,,,,osm-dominican-republic-expanded-2026-05-20,2026-05-20T19:32:17.199Z,pending,none,needs_research,unknown|18.4897|-69.9445,node,apartment,missingName; missingCity; missingWebsite; missingPhone
node/8857136517,OpenStreetMap,osm,ODbL,https://www.openstreetmap.org/node/8857136517,,4 Respaldo Ginebra,,Dominican Republic,18.4900804,-69.9439661,,,,osm-dominican-republic-expanded-2026-05-20,2026-05-20T19:32:17.199Z,pending,none,needs_research,unknown|18.4901|-69.944,node,apartment,missingName; missingCity; missingWebsite; missingPhone
node/8861288118,OpenStreetMap,osm,ODbL,https://www.openstreetmap.org/node/8861288118,manzana T,edificio 1 Calle Jardines de Luxemburgo,,Dominican Republic,18.4858728,-69.9515632,,,,osm-dominican-republic-expanded-2026-05-20,2026-05-20T19:32:17.199Z,pending,none,needs_research,manzana t|18.4859|-69.9516,node,apartment,missingCity; missingWebsite; missingPhone
node/8861296517,OpenStreetMap,osm,ODbL,https://www.openstreetmap.org/node/8861296517,,#16 Calle Bernabe Boza,,Dominican Republic,18.518456,-69.9102515,,,,osm-dominican-republic-expanded-2026-05-20,2026-05-20T19:32:17.199Z,pending,none,needs_research,unknown|18.5185|-69.9103,node,apartment,missingName; missingCity; missingWebsite; missingPhone
node/8866539217,OpenStreetMap,osm,ODbL,https://www.openstreetmap.org/node/8866539217,,69 calle paseo del barrio este,,Dominican Republic,18.4945306,-69.9346523,,8093901459,,osm-dominican-republic-expanded-2026-05-20,2026-05-20T19:32:17.199Z,pending,none,needs_research,unknown|18.4945|-69.9347,node,apartment,missingName; missingCity; missingWebsite
node/8866539218,OpenStreetMap,osm,ODbL,https://www.openstreetmap.org/node/8866539218,,13 Calle Jazmines,,Dominican Republic,18.4834033,-69.9551601,,,,osm-dominican-republic-expanded-2026-05-20,2026-05-20T19:32:17.199Z,pending,none,needs_research,unknown|18.4834|-69.9552,node,apartment,missingName; missingCity; missingWebsite; missingPhone
node/8866539317,OpenStreetMap,osm,ODbL,https://www.openstreetmap.org/node/8866539317,,4 Calle Cerro Montoso,,Dominican Republic,18.5049748,-69.9604573,,,,osm-dominican-republic-expanded-2026-05-20,2026-05-20T19:32:17.199Z,pending,none,needs_research,unknown|18.505|-69.9605,node,apartment,missingName; missingCity; missingWebsite; missingPhone
node/8870231217,OpenStreetMap,osm,ODbL,https://www.openstreetmap.org/node/8870231217,Alojamiento,,,Dominican Republic,18.0658392,-71.1049036,,,,osm-dominican-republic-expanded-2026-05-20,2026-05-20T19:32:17.199Z,pending,none,needs_research,alojamiento|18.0658|-71.1049,node,guest_house,missingCity; missingWebsite; missingPhone
node/8872526717,OpenStreetMap,osm,ODbL,https://www.openstreetmap.org/node/8872526717,agroverinaria Moya,23 Calle General F. Rodríguez Reyes,,Dominican Republic,18.5011165,-69.9365978,,,,osm-dominican-republic-expanded-2026-05-20,2026-05-20T19:32:17.199Z,pending,none,needs_research,agroverinaria moya|18.5011|-69.9366,node,apartment,missingCity; missingWebsite; missingPhone
node/8875037917,OpenStreetMap,osm,ODbL,https://www.openstreetmap.org/node/8875037917,,8 prolongación Beethoven,,Dominican Republic,18.496356,-69.9353647,,,,osm-dominican-republic-expanded-2026-05-20,2026-05-20T19:32:17.199Z,pending,none,needs_research,unknown|18.4964|-69.9354,node,apartment,missingName; missingCity; missingWebsite; missingPhone
node/8875067718,OpenStreetMap,osm,ODbL,https://www.openstreetmap.org/node/8875067718,,35 Calle El Cerro,,Dominican Republic,18.4977973,-69.9450476,,,,osm-dominican-republic-expanded-2026-05-20,2026-05-20T19:32:17.199Z,pending,none,needs_research,unknown|18.4978|-69.945,node,apartment,missingName; missingCity; missingWebsite; missingPhone
node/8875363717,OpenStreetMap,osm,ODbL,https://www.openstreetmap.org/node/8875363717,,16 Calle Borinquen,,Dominican Republic,18.4854819,-69.9624028,,,,osm-dominican-republic-expanded-2026-05-20,2026-05-20T19:32:17.199Z,pending,none,needs_research,unknown|18.4855|-69.9624,node,apartment,missingName; missingCity; missingWebsite; missingPhone
node/8875363817,OpenStreetMap,osm,ODbL,https://www.openstreetmap.org/node/8875363817,,18 Calle Borinquen,,Dominican Republic,18.4854184,-69.9624843,,,,osm-dominican-republic-expanded-2026-05-20,2026-05-20T19:32:17.199Z,pending,none,needs_research,unknown|18.4854|-69.9625,node,apartment,missingName; missingCity; missingWebsite; missingPhone
node/8876207217,OpenStreetMap,osm,ODbL,https://www.openstreetmap.org/node/8876207217,,10 Calle Lorenzo Despradel,,Dominican Republic,18.5224041,-69.9128181,,,,osm-dominican-republic-expanded-2026-05-20,2026-05-20T19:32:17.199Z,pending,none,needs_research,unknown|18.5224|-69.9128,node,apartment,missingName; missingCity; missingWebsite; missingPhone
node/8880370618,OpenStreetMap,osm,ODbL,https://www.openstreetmap.org/node/8880370618,,5 Calle 7,,Dominican Republic,18.5033982,-69.9579973,,,,osm-dominican-republic-expanded-2026-05-20,2026-05-20T19:32:17.199Z,pending,none,needs_research,unknown|18.5034|-69.958,node,apartment,missingName; missingCity; missingWebsite; missingPhone
node/8881479779,OpenStreetMap,osm,ODbL,https://www.openstreetmap.org/node/8881479779,Hotel Caserma,,,Dominican Republic,18.4381197,-68.8678155,,,,osm-dominican-republic-expanded-2026-05-20,2026-05-20T19:32:17.199Z,pending,none,needs_research,hotel caserma|18.4381|-68.8678,node,hotel,missingCity; missingWebsite; missingPhone
node/8883569817,OpenStreetMap,osm,ODbL,https://www.openstreetmap.org/node/8883569817,M-51,8 Avenida Primaveral,,Dominican Republic,18.5444525,-69.9097861,,,,osm-dominican-republic-expanded-2026-05-20,2026-05-20T19:32:17.199Z,pending,none,needs_research,m-51|18.5445|-69.9098,node,apartment,missingCity; missingWebsite; missingPhone
node/8883580117,OpenStreetMap,osm,ODbL,https://www.openstreetmap.org/node/8883580117,,1 Calle 10,,Dominican Republic,18.5452335,-69.9059991,,,,osm-dominican-republic-expanded-2026-05-20,2026-05-20T19:32:17.199Z,pending,none,needs_research,unknown|18.5452|-69.906,node,apartment,missingName; missingCity; missingWebsite; missingPhone
node/8895211217,OpenStreetMap,osm,ODbL,https://www.openstreetmap.org/node/8895211217,,4 prolongación Bethoven,,Dominican Republic,18.4963224,-69.9356141,,,,osm-dominican-republic-expanded-2026-05-20,2026-05-20T19:32:17.199Z,pending,none,needs_research,unknown|18.4963|-69.9356,node,apartment,missingName; missingCity; missingWebsite; missingPhone
node/8895506717,OpenStreetMap,osm,ODbL,https://www.openstreetmap.org/node/8895506717,residencial Los Andes,16 Calle Cerro del Cristo,,Dominican Republic,18.5038207,-69.9618741,,,,osm-dominican-republic-expanded-2026-05-20,2026-05-20T19:32:17.199Z,pending,none,needs_research,residencial los andes|18.5038|-69.9619,node,apartment,missingCity; missingWebsite; missingPhone
node/8898614818,OpenStreetMap,osm,ODbL,https://www.openstreetmap.org/node/8898614818,,27 Paseo Los Cocos,,Dominican Republic,18.5283138,-69.9055572,,,,osm-dominican-republic-expanded-2026-05-20,2026-05-20T19:32:17.199Z,pending,none,needs_research,unknown|18.5283|-69.9056,node,apartment,missingName; missingCity; missingWebsite; missingPhone
node/8898617017,OpenStreetMap,osm,ODbL,https://www.openstreetmap.org/node/8898617017,,27 Paseo Los Cocos,,Dominican Republic,18.527566,-69.9046559,,,,osm-dominican-republic-expanded-2026-05-20,2026-05-20T19:32:17.199Z,pending,none,needs_research,unknown|18.5276|-69.9047,node,apartment,missingName; missingCity; missingWebsite; missingPhone
node/8898819130,OpenStreetMap,osm,ODbL,https://www.openstreetmap.org/node/8898819130,,36 Calle Paseo de las Garzas,,Dominican Republic,18.5165137,-69.9372029,,,,osm-dominican-republic-expanded-2026-05-20,2026-05-20T19:32:17.199Z,pending,none,needs_research,unknown|18.5165|-69.9372,node,apartment,missingName; missingCity; missingWebsite; missingPhone
node/8901167817,OpenStreetMap,osm,ODbL,https://www.openstreetmap.org/node/8901167817,,112 Calle Erik Leonard Ekman,,Dominican Republic,18.4962204,-69.9437071,,,,osm-dominican-republic-expanded-2026-05-20,2026-05-20T19:32:17.199Z,pending,none,needs_research,unknown|18.4962|-69.9437,node,apartment,missingName; missingCity; missingWebsite; missingPhone
node/8901275119,OpenStreetMap,osm,ODbL,https://www.openstreetmap.org/node/8901275119,,10 Calle Jardines de Luxemburgo,,Dominican Republic,18.4849193,-69.9542199,,,,osm-dominican-republic-expanded-2026-05-20,2026-05-20T19:32:17.199Z,pending,none,needs_research,unknown|18.4849|-69.9542,node,apartment,missingName; missingCity; missingWebsite; missingPhone
node/8901436620,OpenStreetMap,osm,ODbL,https://www.openstreetmap.org/node/8901436620,Galería Bodden,66 Avenida Carlos Pérez Ricart,,Dominican Republic,18.5009177,-69.953444,,,,osm-dominican-republic-expanded-2026-05-20,2026-05-20T19:32:17.199Z,pending,none,needs_research,galeria bodden|18.5009|-69.9534,node,apartment,missingCity; missingWebsite; missingPhone
node/8901730917,OpenStreetMap,osm,ODbL,https://www.openstreetmap.org/node/8901730917,,1 Manolo Tavares Jutso,,Dominican Republic,18.535026,-69.9049142,,,,osm-dominican-republic-expanded-2026-05-20,2026-05-20T19:32:17.199Z,pending,none,needs_research,unknown|18.535|-69.9049,node,apartment,missingName; missingCity; missingWebsite; missingPhone
node/8904715217,OpenStreetMap,osm,ODbL,https://www.openstreetmap.org/node/8904715217,,1 Calle Paseo del Camu,,Dominican Republic,18.493916,-69.9598049,,,,osm-dominican-republic-expanded-2026-05-20,2026-05-20T19:32:17.199Z,pending,none,needs_research,unknown|18.4939|-69.9598,node,apartment,missingName; missingCity; missingWebsite; missingPhone
node/8904731717,OpenStreetMap,osm,ODbL,https://www.openstreetmap.org/node/8904731717,,7 Calle E,,Dominican Republic,18.501328,-69.9552005,,,,osm-dominican-republic-expanded-2026-05-20,2026-05-20T19:32:17.199Z,pending,none,needs_research,unknown|18.5013|-69.9552,node,apartment,missingName; missingCity; missingWebsite; missingPhone
node/8904808117,OpenStreetMap,osm,ODbL,https://www.openstreetmap.org/node/8904808117,,4 Canadá del oeste,,Dominican Republic,18.5038547,-69.9368963,,,,osm-dominican-republic-expanded-2026-05-20,2026-05-20T19:32:17.199Z,pending,none,needs_research,unknown|18.5039|-69.9369,node,apartment,missingName; missingCity; missingWebsite; missingPhone
node/8907530117,OpenStreetMap,osm,ODbL,https://www.openstreetmap.org/node/8907530117,,1 Calle G,,Dominican Republic,18.4994549,-69.9569947,,,,osm-dominican-republic-expanded-2026-05-20,2026-05-20T19:32:17.199Z,pending,none,needs_research,unknown|18.4995|-69.957,node,apartment,missingName; missingCity; missingWebsite; missingPhone
node/8907708317,OpenStreetMap,osm,ODbL,https://www.openstreetmap.org/node/8907708317,,9 Dos Ríos,,Dominican Republic,18.518999,-69.9094078,,,,osm-dominican-republic-expanded-2026-05-20,2026-05-20T19:32:17.199Z,pending,none,needs_research,unknown|18.519|-69.9094,node,apartment,missingName; missingCity; missingWebsite; missingPhone
node/8907784917,OpenStreetMap,osm,ODbL,https://www.openstreetmap.org/node/8907784917,,9 Calle 19,,Dominican Republic,18.523827,-69.9009682,,,,osm-dominican-republic-expanded-2026-05-20,2026-05-20T19:32:17.199Z,pending,none,needs_research,unknown|18.5238|-69.901,node,apartment,missingName; missingCity; missingWebsite; missingPhone
node/8916917617,OpenStreetMap,osm,ODbL,https://www.openstreetmap.org/node/8916917617,residencial la serpentina,28 Calle Central,,Dominican Republic,18.5064627,-69.951139,,,,osm-dominican-republic-expanded-2026-05-20,2026-05-20T19:32:17.199Z,pending,none,needs_research,residencial la serpentina|18.5065|-69.9511,node,apartment,missingCity; missingWebsite; missingPhone
node/8916921617,OpenStreetMap,osm,ODbL,https://www.openstreetmap.org/node/8916921617,,2 calle 2da,,Dominican Republic,18.5023238,-69.9496376,,,,osm-dominican-republic-expanded-2026-05-20,2026-05-20T19:32:17.199Z,pending,none,needs_research,unknown|18.5023|-69.9496,node,apartment,missingName; missingCity; missingWebsite; missingPhone
node/8922774817,OpenStreetMap,osm,ODbL,https://www.openstreetmap.org/node/8922774817,por film,1 Calle E,,Dominican Republic,18.4974771,-69.9358073,,,,osm-dominican-republic-expanded-2026-05-20,2026-05-20T19:32:17.199Z,pending,none,needs_research,por film|18.4975|-69.9358,node,apartment,missingCity; missingWebsite; missingPhone
node/8927079817,OpenStreetMap,osm,ODbL,https://www.openstreetmap.org/node/8927079817,M60,20 El Primaveral,,Dominican Republic,18.5433827,-69.9094703,,,,osm-dominican-republic-expanded-2026-05-20,2026-05-20T19:32:17.199Z,pending,none,needs_research,m60|18.5434|-69.9095,node,apartment,missingCity; missingWebsite; missingPhone
node/8928125790,OpenStreetMap,osm,ODbL,https://www.openstreetmap.org/node/8928125790,Hotel Riviera Campo Verde,,,Dominican Republic,19.3524627,-70.9858973,,,,osm-dominican-republic-expanded-2026-05-20,2026-05-20T19:32:17.199Z,pending,none,needs_research,hotel riviera campo verde|19.3525|-70.9859,node,hotel,missingCity; missingWebsite; missingPhone
node/8941703718,OpenStreetMap,osm,ODbL,https://www.openstreetmap.org/node/8941703718,manzana 21,7 Avenida Primaveral,,Dominican Republic,18.5442149,-69.9059816,,,,osm-dominican-republic-expanded-2026-05-20,2026-05-20T19:32:17.199Z,pending,none,needs_research,manzana 21|18.5442|-69.906,node,apartment,missingCity; missingWebsite; missingPhone
node/8941705418,OpenStreetMap,osm,ODbL,https://www.openstreetmap.org/node/8941705418,,3 Calle Antonio Maceo,,Dominican Republic,18.522137,-69.9122458,,,,osm-dominican-republic-expanded-2026-05-20,2026-05-20T19:32:17.199Z,pending,none,needs_research,unknown|18.5221|-69.9122,node,apartment,missingName; missingCity; missingWebsite; missingPhone
node/8941705817,OpenStreetMap,osm,ODbL,https://www.openstreetmap.org/node/8941705817,,3 Calle Antonio Maceo,,Dominican Republic,18.5207782,-69.9128643,,,,osm-dominican-republic-expanded-2026-05-20,2026-05-20T19:32:17.199Z,pending,none,needs_research,unknown|18.5208|-69.9129,node,apartment,missingName; missingCity; missingWebsite; missingPhone
node/8941706217,OpenStreetMap,osm,ODbL,https://www.openstreetmap.org/node/8941706217,,10 Paseo Del Arroyo,,Dominican Republic,18.5101286,-69.957804,,,,osm-dominican-republic-expanded-2026-05-20,2026-05-20T19:32:17.199Z,pending,none,needs_research,unknown|18.5101|-69.9578,node,apartment,missingName; missingCity; missingWebsite; missingPhone
node/8942044589,OpenStreetMap,osm,ODbL,https://www.openstreetmap.org/node/8942044589,Residencial Modili,,,Dominican Republic,18.9415323,-70.3943313,,,,osm-dominican-republic-expanded-2026-05-20,2026-05-20T19:32:17.199Z,pending,none,needs_research,residencial modili|18.9415|-70.3943,node,apartment,missingCity; missingWebsite; missingPhone
node/8944673917,OpenStreetMap,osm,ODbL,https://www.openstreetmap.org/node/8944673917,,405 Carlos Ml. Cespedes,,Dominican Republic,18.5182512,-69.9051514,,,,osm-dominican-republic-expanded-2026-05-20,2026-05-20T19:32:17.199Z,pending,none,needs_research,unknown|18.5183|-69.9052,node,apartment,missingName; missingCity; missingWebsite; missingPhone
node/8960794517,OpenStreetMap,osm,ODbL,https://www.openstreetmap.org/node/8960794517,,1 Paseo Central,,Dominican Republic,18.5524013,-69.88707,,,,osm-dominican-republic-expanded-2026-05-20,2026-05-20T19:32:17.199Z,pending,none,needs_research,unknown|18.5524|-69.8871,node,apartment,missingName; missingCity; missingWebsite; missingPhone
node/8963610017,OpenStreetMap,osm,ODbL,https://www.openstreetmap.org/node/8963610017,,5 Calle Guayubin,,Dominican Republic,18.4909221,-69.9663834,,,,osm-dominican-republic-expanded-2026-05-20,2026-05-20T19:32:17.199Z,pending,none,needs_research,unknown|18.4909|-69.9664,node,apartment,missingName; missingCity; missingWebsite; missingPhone
node/8963634919,OpenStreetMap,osm,ODbL,https://www.openstreetmap.org/node/8963634919,,11-B Calle Higuamo,,Dominican Republic,18.4902304,-69.9615725,,,,osm-dominican-republic-expanded-2026-05-20,2026-05-20T19:32:17.199Z,pending,none,needs_research,unknown|18.4902|-69.9616,node,apartment,missingName; missingCity; missingWebsite; missingPhone
node/8963812317,OpenStreetMap,osm,ODbL,https://www.openstreetmap.org/node/8963812317,,6 Calle La Paz,,Dominican Republic,18.5373085,-69.9047457,,,,osm-dominican-republic-expanded-2026-05-20,2026-05-20T19:32:17.199Z,pending,none,needs_research,unknown|18.5373|-69.9047,node,apartment,missingName; missingCity; missingWebsite; missingPhone
node/8975174117,OpenStreetMap,osm,ODbL,https://www.openstreetmap.org/node/8975174117,,4-B La Vigia,,Dominican Republic,18.5036695,-69.965952,,,,osm-dominican-republic-expanded-2026-05-20,2026-05-20T19:32:17.199Z,pending,none,needs_research,unknown|18.5037|-69.966,node,apartment,missingName; missingCity; missingWebsite; missingPhone
node/8980838517,OpenStreetMap,osm,ODbL,https://www.openstreetmap.org/node/8980838517,,88 Avenida Penetración,,Dominican Republic,18.534434,-69.9007375,,,,osm-dominican-republic-expanded-2026-05-20,2026-05-20T19:32:17.199Z,pending,none,needs_research,unknown|18.5344|-69.9007,node,apartment,missingName; missingCity; missingWebsite; missingPhone
node/8996666617,OpenStreetMap,osm,ODbL,https://www.openstreetmap.org/node/8996666617,,6 Calle Sur,,Dominican Republic,18.5477448,-69.912036,,,,osm-dominican-republic-expanded-2026-05-20,2026-05-20T19:32:17.199Z,pending,none,needs_research,unknown|18.5477|-69.912,node,apartment,missingName; missingCity; missingWebsite; missingPhone
node/8999961404,OpenStreetMap,osm,ODbL,https://www.openstreetmap.org/node/8999961404,Aparta Hotel Caribe Paraíso,,,Dominican Republic,18.4250608,-69.4250069,,,,osm-dominican-republic-expanded-2026-05-20,2026-05-20T19:32:17.199Z,pending,none,needs_research,aparta hotel caribe paraiso|18.4251|-69.425,node,hotel,missingCity; missingWebsite; missingPhone
node/9002037811,OpenStreetMap,osm,ODbL,https://www.openstreetmap.org/node/9002037811,Stella Las Terrenas,"Emilio Prud'Homme, Las Terrenas",Las Terrenas,Dominican Republic,19.3216164,-69.5361788,,,Stella Las Terrenas,osm-dominican-republic-expanded-2026-05-20,2026-05-20T19:32:17.199Z,pending,none,needs_research,stella las terrenas|las terrenas|dominican republic,node,apartment,missingWebsite; missingPhone
node/9004780117,OpenStreetMap,osm,ODbL,https://www.openstreetmap.org/node/9004780117,,9 Calle Montoso,,Dominican Republic,18.503888,-69.9687246,,,,osm-dominican-republic-expanded-2026-05-20,2026-05-20T19:32:17.199Z,pending,none,needs_research,unknown|18.5039|-69.9687,node,apartment,missingName; missingCity; missingWebsite; missingPhone
node/9015978721,OpenStreetMap,osm,ODbL,https://www.openstreetmap.org/node/9015978721,,15 Segovia,,Dominican Republic,18.5663693,-69.9421292,,,,osm-dominican-republic-expanded-2026-05-20,2026-05-20T19:32:17.199Z,pending,none,needs_research,unknown|18.5664|-69.9421,node,apartment,missingName; missingCity; missingWebsite; missingPhone
node/9015979320,OpenStreetMap,osm,ODbL,https://www.openstreetmap.org/node/9015979320,,19 Diego De Ocampo,,Dominican Republic,18.5305287,-69.8967537,,,,osm-dominican-republic-expanded-2026-05-20,2026-05-20T19:32:17.199Z,pending,none,needs_research,unknown|18.5305|-69.8968,node,apartment,missingName; missingCity; missingWebsite; missingPhone
node/9022971817,OpenStreetMap,osm,ODbL,https://www.openstreetmap.org/node/9022971817,,bloke18 Calle Arroyo Naiboa,,Dominican Republic,18.5082212,-69.9338201,,,,osm-dominican-republic-expanded-2026-05-20,2026-05-20T19:32:17.199Z,pending,none,needs_research,unknown|18.5082|-69.9338,node,apartment,missingName; missingCity; missingWebsite; missingPhone
node/9022971917,OpenStreetMap,osm,ODbL,https://www.openstreetmap.org/node/9022971917,,manzana B32 Calle 16,,Dominican Republic,18.5397753,-69.8894183,,,,osm-dominican-republic-expanded-2026-05-20,2026-05-20T19:32:17.199Z,pending,none,needs_research,unknown|18.5398|-69.8894,node,apartment,missingName; missingCity; missingWebsite; missingPhone
node/9027266036,OpenStreetMap,osm,ODbL,https://www.openstreetmap.org/node/9027266036,Altea Palace,,,Dominican Republic,18.3700492,-68.8360949,https://alteapalace.com,+18294062443,,osm-dominican-republic-expanded-2026-05-20,2026-05-20T19:32:17.199Z,pending,none,needs_research,altea palace|18.37|-68.8361,node,guest_house,missingCity
node/9028309788,OpenStreetMap,osm,ODbL,https://www.openstreetmap.org/node/9028309788,Hotel Loro Tuerto,,,Dominican Republic,18.2077323,-71.0968349,,,,osm-dominican-republic-expanded-2026-05-20,2026-05-20T19:32:17.199Z,pending,none,needs_research,hotel loro tuerto|18.2077|-71.0968,node,hotel,missingCity; missingWebsite; missingPhone
node/9028346259,OpenStreetMap,osm,ODbL,https://www.openstreetmap.org/node/9028346259,La Rancheta,,,Dominican Republic,19.2915882,-69.1812178,,,,osm-dominican-republic-expanded-2026-05-20,2026-05-20T19:32:17.199Z,pending,none,needs_research,la rancheta|19.2916|-69.1812,node,guest_house,missingCity; missingWebsite; missingPhone
node/9038804617,OpenStreetMap,osm,ODbL,https://www.openstreetmap.org/node/9038804617,,10 Calle 2da,,Dominican Republic,18.5445968,-69.9042781,,,,osm-dominican-republic-expanded-2026-05-20,2026-05-20T19:32:17.199Z,pending,none,needs_research,unknown|18.5446|-69.9043,node,apartment,missingName; missingCity; missingWebsite; missingPhone
node/9038804717,OpenStreetMap,osm,ODbL,https://www.openstreetmap.org/node/9038804717,manzana,27 Residencial Dorado III,,Dominican Republic,18.5520537,-69.9227672,,,,osm-dominican-republic-expanded-2026-05-20,2026-05-20T19:32:17.199Z,pending,none,needs_research,manzana|18.5521|-69.9228,node,apartment,missingCity; missingWebsite; missingPhone
node/9038804817,OpenStreetMap,osm,ODbL,https://www.openstreetmap.org/node/9038804817,,23-B Isabel de Torres,,Dominican Republic,18.5031264,-69.9671197,,,,osm-dominican-republic-expanded-2026-05-20,2026-05-20T19:32:17.199Z,pending,none,needs_research,unknown|18.5031|-69.9671,node,apartment,missingName; missingCity; missingWebsite; missingPhone
node/9041085233,OpenStreetMap,osm,ODbL,https://www.openstreetmap.org/node/9041085233,Residence Mar Azul,,,Dominican Republic,19.3224615,-69.5456055,http://residencemarazul.weebly.com,+1 849 620-4823,,osm-dominican-republic-expanded-2026-05-20,2026-05-20T19:32:17.199Z,pending,none,needs_research,residence mar azul|19.3225|-69.5456,node,apartment,missingCity
node/9051047481,OpenStreetMap,osm,ODbL,https://www.openstreetmap.org/node/9051047481,Surfbreak Cabarete,,,Dominican Republic,19.7758853,-70.444467,https://www.surfbreakcabarete.com/,+1 8299214080,Romario,osm-dominican-republic-expanded-2026-05-20,2026-05-20T19:32:17.199Z,pending,none,needs_research,surfbreak cabarete|19.7759|-70.4445,node,guest_house,missingCity
node/9054291383,OpenStreetMap,osm,ODbL,https://www.openstreetmap.org/node/9054291383,Class Colonial,205 Calle Espaillat,,Dominican Republic,18.4715749,-69.8901103,,+1 809 6884044,,osm-dominican-republic-expanded-2026-05-20,2026-05-20T19:32:17.199Z,pending,none,needs_research,class colonial|18.4716|-69.8901,node,hotel,missingCity; missingWebsite
node/9054366418,OpenStreetMap,osm,ODbL,https://www.openstreetmap.org/node/9054366418,,2 calle 3,,Dominican Republic,18.5452611,-69.892804,,,,osm-dominican-republic-expanded-2026-05-20,2026-05-20T19:32:17.199Z,pending,none,needs_research,unknown|18.5453|-69.8928,node,apartment,missingName; missingCity; missingWebsite; missingPhone
node/9060539917,OpenStreetMap,osm,ODbL,https://www.openstreetmap.org/node/9060539917,,9 Calle La Trinchera,,Dominican Republic,18.5001645,-69.9691566,,,,osm-dominican-republic-expanded-2026-05-20,2026-05-20T19:32:17.199Z,pending,none,needs_research,unknown|18.5002|-69.9692,node,apartment,missingName; missingCity; missingWebsite; missingPhone
node/9072976617,OpenStreetMap,osm,ODbL,https://www.openstreetmap.org/node/9072976617,Edf Leandro Jose,29 Avenida Carlos Pérez Ricart,,Dominican Republic,18.5010025,-69.9526316,,,,osm-dominican-republic-expanded-2026-05-20,2026-05-20T19:32:17.199Z,pending,none,needs_research,edf leandro jose|18.501|-69.9526,node,apartment,missingCity; missingWebsite; missingPhone
node/9072976618,OpenStreetMap,osm,ODbL,https://www.openstreetmap.org/node/9072976618,,13 calle 11,,Dominican Republic,18.5177967,-69.9070857,,,,osm-dominican-republic-expanded-2026-05-20,2026-05-20T19:32:17.199Z,pending,none,needs_research,unknown|18.5178|-69.9071,node,apartment,missingName; missingCity; missingWebsite; missingPhone
node/9074559617,OpenStreetMap,osm,ODbL,https://www.openstreetmap.org/node/9074559617,,64a Camino Chiquito,,Dominican Republic,18.4937366,-69.9378452,,,,osm-dominican-republic-expanded-2026-05-20,2026-05-20T19:32:17.199Z,pending,none,needs_research,unknown|18.4937|-69.9378,node,apartment,missingName; missingCity; missingWebsite; missingPhone
node/9077320517,OpenStreetMap,osm,ODbL,https://www.openstreetmap.org/node/9077320517,,12 Avenida Anacaona,,Dominican Republic,18.5220155,-69.9153868,,,,osm-dominican-republic-expanded-2026-05-20,2026-05-20T19:32:17.199Z,pending,none,needs_research,unknown|18.522|-69.9154,node,apartment,missingName; missingCity; missingWebsite; missingPhone
node/9080101519,OpenStreetMap,osm,ODbL,https://www.openstreetmap.org/node/9080101519,,24 calle paseo de Santa Clara,,Dominican Republic,18.5019258,-69.9512949,,,,osm-dominican-republic-expanded-2026-05-20,2026-05-20T19:32:17.199Z,pending,none,needs_research,unknown|18.5019|-69.9513,node,apartment,missingName; missingCity; missingWebsite; missingPhone
node/9080880717,OpenStreetMap,osm,ODbL,https://www.openstreetmap.org/node/9080880717,,11 Calle Vista Verde,,Dominican Republic,18.5062036,-69.9438533,,,,osm-dominican-republic-expanded-2026-05-20,2026-05-20T19:32:17.199Z,pending,none,needs_research,unknown|18.5062|-69.9439,node,apartment,missingName; missingCity; missingWebsite; missingPhone
node/9094623117,OpenStreetMap,osm,ODbL,https://www.openstreetmap.org/node/9094623117,,4 Calle B,,Dominican Republic,18.4966373,-69.9377675,,,,osm-dominican-republic-expanded-2026-05-20,2026-05-20T19:32:17.199Z,pending,none,needs_research,unknown|18.4966|-69.9378,node,apartment,missingName; missingCity; missingWebsite; missingPhone
node/9095071317,OpenStreetMap,osm,ODbL,https://www.openstreetmap.org/node/9095071317,,20 Calle Primera,,Dominican Republic,18.5403927,-69.8924996,,,,osm-dominican-republic-expanded-2026-05-20,2026-05-20T19:32:17.199Z,pending,none,needs_research,unknown|18.5404|-69.8925,node,apartment,missingName; missingCity; missingWebsite; missingPhone
node/9115107417,OpenStreetMap,osm,ODbL,https://www.openstreetmap.org/node/9115107417,residencial madrigal 1,Avenida Carlos Pérez Ricart,,Dominican Republic,18.5019246,-69.948492,,,,osm-dominican-republic-expanded-2026-05-20,2026-05-20T19:32:17.199Z,pending,none,needs_research,residencial madrigal 1|18.5019|-69.9485,node,apartment,missingCity; missingWebsite; missingPhone
node/9115107517,OpenStreetMap,osm,ODbL,https://www.openstreetmap.org/node/9115107517,,5 Calle Naviza,,Dominican Republic,18.506514,-69.9656165,,,,osm-dominican-republic-expanded-2026-05-20,2026-05-20T19:32:17.199Z,pending,none,needs_research,unknown|18.5065|-69.9656,node,apartment,missingName; missingCity; missingWebsite; missingPhone
node/9115107617,OpenStreetMap,osm,ODbL,https://www.openstreetmap.org/node/9115107617,,3 Calle Naviza,,Dominican Republic,18.5062814,-69.9659161,,,,osm-dominican-republic-expanded-2026-05-20,2026-05-20T19:32:17.199Z,pending,none,needs_research,unknown|18.5063|-69.9659,node,apartment,missingName; missingCity; missingWebsite; missingPhone
node/9130488517,OpenStreetMap,osm,ODbL,https://www.openstreetmap.org/node/9130488517,,18 calle 30,,Dominican Republic,18.5280821,-69.900367,,,,osm-dominican-republic-expanded-2026-05-20,2026-05-20T19:32:17.199Z,pending,none,needs_research,unknown|18.5281|-69.9004,node,apartment,missingName; missingCity; missingWebsite; missingPhone
node/9130488617,OpenStreetMap,osm,ODbL,https://www.openstreetmap.org/node/9130488617,,4 San Cristóbal,,Dominican Republic,18.4972658,-69.9616488,,,,osm-dominican-republic-expanded-2026-05-20,2026-05-20T19:32:17.199Z,pending,none,needs_research,unknown|18.4973|-69.9616,node,apartment,missingName; missingCity; missingWebsite; missingPhone
node/9130488717,OpenStreetMap,osm,ODbL,https://www.openstreetmap.org/node/9130488717,,21 Respaldo 33,,Dominican Republic,18.501642,-69.92043,,,,osm-dominican-republic-expanded-2026-05-20,2026-05-20T19:32:17.199Z,pending,none,needs_research,unknown|18.5016|-69.9204,node,apartment,missingName; missingCity; missingWebsite; missingPhone
node/9143633569,OpenStreetMap,osm,ODbL,https://www.openstreetmap.org/node/9143633569,La Serenissima,,,Dominican Republic,19.3238104,-69.5016129,,,,osm-dominican-republic-expanded-2026-05-20,2026-05-20T19:32:17.199Z,pending,none,needs_research,la serenissima|19.3238|-69.5016,node,hotel,missingCity; missingWebsite; missingPhone
node/9148469217,OpenStreetMap,osm,ODbL,https://www.openstreetmap.org/node/9148469217,,10 Calle Fco. Gómez Toro,,Dominican Republic,18.5221148,-69.9115131,,,,osm-dominican-republic-expanded-2026-05-20,2026-05-20T19:32:17.199Z,pending,none,needs_research,unknown|18.5221|-69.9115,node,apartment,missingName; missingCity; missingWebsite; missingPhone
node/9149546717,OpenStreetMap,osm,ODbL,https://www.openstreetmap.org/node/9149546717,,13 Calle José Martí,,Dominican Republic,18.5204908,-69.9122543,,,,osm-dominican-republic-expanded-2026-05-20,2026-05-20T19:32:17.199Z,pending,none,needs_research,unknown|18.5205|-69.9123,node,apartment,missingName; missingCity; missingWebsite; missingPhone
node/9149629617,OpenStreetMap,osm,ODbL,https://www.openstreetmap.org/node/9149629617,,77 Calle Los Cerros,,Dominican Republic,18.5274596,-69.9013647,,,,osm-dominican-republic-expanded-2026-05-20,2026-05-20T19:32:17.199Z,pending,none,needs_research,unknown|18.5275|-69.9014,node,apartment,missingName; missingCity; missingWebsite; missingPhone
node/9152613917,OpenStreetMap,osm,ODbL,https://www.openstreetmap.org/node/9152613917,colmado Abreu,12 Calle Jardines de Luxemburgo,,Dominican Republic,18.4858657,-69.9517894,,,,osm-dominican-republic-expanded-2026-05-20,2026-05-20T19:32:17.199Z,pending,none,needs_research,colmado abreu|18.4859|-69.9518,node,apartment,missingCity; missingWebsite; missingPhone
node/9158946717,OpenStreetMap,osm,ODbL,https://www.openstreetmap.org/node/9158946717,,80 calle 2d,,Dominican Republic,18.5153968,-69.9035609,,,,osm-dominican-republic-expanded-2026-05-20,2026-05-20T19:32:17.199Z,pending,none,needs_research,unknown|18.5154|-69.9036,node,apartment,missingName; missingCity; missingWebsite; missingPhone
node/9165023417,OpenStreetMap,osm,ODbL,https://www.openstreetmap.org/node/9165023417,torre Alcoy,6 Respaldo Rafael Ceara,,Dominican Republic,18.4881764,-69.9337448,,,,osm-dominican-republic-expanded-2026-05-20,2026-05-20T19:32:17.199Z,pending,none,needs_research,torre alcoy|18.4882|-69.9337,node,apartment,missingCity; missingWebsite; missingPhone
node/9165301517,OpenStreetMap,osm,ODbL,https://www.openstreetmap.org/node/9165301517,Unique Exotic Hotel,"El Valle road, km 7,5 El Valle, Samaná, 32000",,Dominican Republic,19.2753578,-69.3328925,,,,osm-dominican-republic-expanded-2026-05-20,2026-05-20T19:32:17.199Z,pending,none,needs_research,unique exotic hotel|19.2754|-69.3329,node,hotel,missingCity; missingWebsite; missingPhone
node/9167682913,OpenStreetMap,osm,ODbL,https://www.openstreetmap.org/node/9167682913,Hotel Naragua,,,Dominican Republic,18.6449754,-68.356058,,,Hotel,osm-dominican-republic-expanded-2026-05-20,2026-05-20T19:32:17.199Z,pending,none,needs_research,hotel naragua|18.645|-68.3561,node,hotel,missingCity; missingWebsite; missingPhone
node/9167856717,OpenStreetMap,osm,ODbL,https://www.openstreetmap.org/node/9167856717,,13 Calle El Altar,,Dominican Republic,18.5042296,-69.9623337,,,,osm-dominican-republic-expanded-2026-05-20,2026-05-20T19:32:17.199Z,pending,none,needs_research,unknown|18.5042|-69.9623,node,apartment,missingName; missingCity; missingWebsite; missingPhone
node/9174856417,OpenStreetMap,osm,ODbL,https://www.openstreetmap.org/node/9174856417,,61 Calle Soco,,Dominican Republic,18.4894686,-69.965182,,,,osm-dominican-republic-expanded-2026-05-20,2026-05-20T19:32:17.199Z,pending,none,needs_research,unknown|18.4895|-69.9652,node,apartment,missingName; missingCity; missingWebsite; missingPhone
node/9174863717,OpenStreetMap,osm,ODbL,https://www.openstreetmap.org/node/9174863717,,2 Calle Yaguajal,,Dominican Republic,18.4902819,-69.965268,,,,osm-dominican-republic-expanded-2026-05-20,2026-05-20T19:32:17.199Z,pending,none,needs_research,unknown|18.4903|-69.9653,node,apartment,missingName; missingCity; missingWebsite; missingPhone
node/9174946017,OpenStreetMap,osm,ODbL,https://www.openstreetmap.org/node/9174946017,,3 Calle Maguey,,Dominican Republic,18.4920311,-69.9619727,,,,osm-dominican-republic-expanded-2026-05-20,2026-05-20T19:32:17.199Z,pending,none,needs_research,unknown|18.492|-69.962,node,apartment,missingName; missingCity; missingWebsite; missingPhone
node/9180649017,OpenStreetMap,osm,ODbL,https://www.openstreetmap.org/node/9180649017,,15 Calle Romero,,Dominican Republic,18.4849461,-69.9521625,,,,osm-dominican-republic-expanded-2026-05-20,2026-05-20T19:32:17.199Z,pending,none,needs_research,unknown|18.4849|-69.9522,node,apartment,missingName; missingCity; missingWebsite; missingPhone
node/9184126458,OpenStreetMap,osm,ODbL,https://www.openstreetmap.org/node/9184126458,Hostel La Junglita,,,Dominican Republic,19.2904801,-69.2016338,,,,osm-dominican-republic-expanded-2026-05-20,2026-05-20T19:32:17.199Z,pending,none,needs_research,hostel la junglita|19.2905|-69.2016,node,hostel,missingCity; missingWebsite; missingPhone
node/9184126460,OpenStreetMap,osm,ODbL,https://www.openstreetmap.org/node/9184126460,La Orilla Las Galeras,,,Dominican Republic,19.2912786,-69.2114874,,,,osm-dominican-republic-expanded-2026-05-20,2026-05-20T19:32:17.199Z,pending,none,needs_research,la orilla las galeras|19.2913|-69.2115,node,hotel,missingCity; missingWebsite; missingPhone
node/9197173417,OpenStreetMap,osm,ODbL,https://www.openstreetmap.org/node/9197173417,manzana c,edificio 9,,Dominican Republic,18.5566212,-69.9300235,,,,osm-dominican-republic-expanded-2026-05-20,2026-05-20T19:32:17.199Z,pending,none,needs_research,manzana c|18.5566|-69.93,node,apartment,missingCity; missingWebsite; missingPhone
node/9200356317,OpenStreetMap,osm,ODbL,https://www.openstreetmap.org/node/9200356317,,11 Calle Monte La Tina,,Dominican Republic,18.5041762,-69.9655494,,,,osm-dominican-republic-expanded-2026-05-20,2026-05-20T19:32:17.199Z,pending,none,needs_research,unknown|18.5042|-69.9655,node,apartment,missingName; missingCity; missingWebsite; missingPhone
node/9202990017,OpenStreetMap,osm,ODbL,https://www.openstreetmap.org/node/9202990017,,23 Calle B,,Dominican Republic,18.548894,-69.9197364,,,,osm-dominican-republic-expanded-2026-05-20,2026-05-20T19:32:17.199Z,pending,none,needs_research,unknown|18.5489|-69.9197,node,apartment,missingName; missingCity; missingWebsite; missingPhone
node/9203155817,OpenStreetMap,osm,ODbL,https://www.openstreetmap.org/node/9203155817,,C9 Calle Renata Villa,,Dominican Republic,18.5131422,-69.9378595,,,,osm-dominican-republic-expanded-2026-05-20,2026-05-20T19:32:17.199Z,pending,none,needs_research,unknown|18.5131|-69.9379,node,apartment,missingName; missingCity; missingWebsite; missingPhone
node/9208114322,OpenStreetMap,osm,ODbL,https://www.openstreetmap.org/node/9208114322,,19 Calle Q,,Dominican Republic,18.5008239,-69.9363704,,,,osm-dominican-republic-expanded-2026-05-20,2026-05-20T19:32:17.199Z,pending,none,needs_research,unknown|18.5008|-69.9364,node,apartment,missingName; missingCity; missingWebsite; missingPhone
node/9208114422,OpenStreetMap,osm,ODbL,https://www.openstreetmap.org/node/9208114422,,4 calle el vivero,,Dominican Republic,18.5009985,-69.9428423,,,,osm-dominican-republic-expanded-2026-05-20,2026-05-20T19:32:17.199Z,pending,none,needs_research,unknown|18.501|-69.9428,node,apartment,missingName; missingCity; missingWebsite; missingPhone
node/9210458417,OpenStreetMap,osm,ODbL,https://www.openstreetmap.org/node/9210458417,,16 calle 1ra,,Dominican Republic,18.5032407,-69.9469313,,,,osm-dominican-republic-expanded-2026-05-20,2026-05-20T19:32:17.199Z,pending,none,needs_research,unknown|18.5032|-69.9469,node,apartment,missingName; missingCity; missingWebsite; missingPhone
node/9216811217,OpenStreetMap,osm,ODbL,https://www.openstreetmap.org/node/9216811217,,19 Las Margaritas,,Dominican Republic,18.525524,-69.8930739,,,,osm-dominican-republic-expanded-2026-05-20,2026-05-20T19:32:17.199Z,pending,none,needs_research,unknown|18.5255|-69.8931,node,apartment,missingName; missingCity; missingWebsite; missingPhone
node/9219447217,OpenStreetMap,osm,ODbL,https://www.openstreetmap.org/node/9219447217,,B23 Calle 7,,Dominican Republic,18.5407166,-69.8893328,,,,osm-dominican-republic-expanded-2026-05-20,2026-05-20T19:32:17.199Z,pending,none,needs_research,unknown|18.5407|-69.8893,node,apartment,missingName; missingCity; missingWebsite; missingPhone
node/9248796518,OpenStreetMap,osm,ODbL,https://www.openstreetmap.org/node/9248796518,,,,Dominican Republic,18.6437451,-68.3546811,,,,osm-dominican-republic-expanded-2026-05-20,2026-05-20T19:32:17.199Z,pending,none,needs_research,unknown|18.6437|-68.3547,node,hotel,missingName; missingCity; missingWebsite; missingPhone
node/9267483918,OpenStreetMap,osm,ODbL,https://www.openstreetmap.org/node/9267483918,,6 1era Mirador Del Arroyo,,Dominican Republic,18.5081702,-69.9550545,,,,osm-dominican-republic-expanded-2026-05-20,2026-05-20T19:32:17.199Z,pending,none,needs_research,unknown|18.5082|-69.9551,node,apartment,missingName; missingCity; missingWebsite; missingPhone
node/9267530217,OpenStreetMap,osm,ODbL,https://www.openstreetmap.org/node/9267530217,,18 M-L,,Dominican Republic,18.5467095,-69.9079549,,,,osm-dominican-republic-expanded-2026-05-20,2026-05-20T19:32:17.199Z,pending,none,needs_research,unknown|18.5467|-69.908,node,apartment,missingName; missingCity; missingWebsite; missingPhone
node/9284022017,OpenStreetMap,osm,ODbL,https://www.openstreetmap.org/node/9284022017,Hotel Boutique Santiago Apostol,E. L. Eikman,,Dominican Republic,19.4627563,-70.6905609,http://hotelboutique-santiagoapostol.com,+1 (809) 806-1692,,osm-dominican-republic-expanded-2026-05-20,2026-05-20T19:32:17.199Z,pending,none,needs_research,hotel boutique santiago apostol|19.4628|-70.6906,node,hotel,missingCity
node/9286100617,OpenStreetMap,osm,ODbL,https://www.openstreetmap.org/node/9286100617,,33 Calle Paseo del Botánico,,Dominican Republic,18.4959747,-69.9451295,,,,osm-dominican-republic-expanded-2026-05-20,2026-05-20T19:32:17.199Z,pending,none,needs_research,unknown|18.496|-69.9451,node,apartment,missingName; missingCity; missingWebsite; missingPhone
node/9286581618,OpenStreetMap,osm,ODbL,https://www.openstreetmap.org/node/9286581618,,28 Calle Antonio Maceo,,Dominican Republic,18.5196169,-69.9114698,,,,osm-dominican-republic-expanded-2026-05-20,2026-05-20T19:32:17.199Z,pending,none,needs_research,unknown|18.5196|-69.9115,node,apartment,missingName; missingCity; missingWebsite; missingPhone
node/9296353657,OpenStreetMap,osm,ODbL,https://www.openstreetmap.org/node/9296353657,"Radisson Blu Resort & Residence, Punta Cana","Punta Cana, 23000",Punta Cana,Dominican Republic,18.6470019,-68.3568795,https://www.radissonhotelsamericas.com/en-us/hotels/radisson-blu-resort-punta-cana,,Radisson Blu,osm-dominican-republic-expanded-2026-05-20,2026-05-20T19:32:17.199Z,pending,none,needs_research,"radisson blu resort & residence, punta cana|punta cana|dominican republic",node,hotel,missingPhone
node/9296353739,OpenStreetMap,osm,ODbL,https://www.openstreetmap.org/node/9296353739,AC Hotel by Marriott Punta Cana,"9 Avenida Barceló, Punta Cana, 23301",Punta Cana,Dominican Republic,18.6405432,-68.3974202,https://www.marriott.com/hotels/travel/PUJAC-ac-hotel-punta-cana/,,AC Hotel,osm-dominican-republic-expanded-2026-05-20,2026-05-20T19:32:17.199Z,pending,none,needs_research,ac hotel by marriott punta cana|punta cana|dominican republic,node,hotel,missingPhone
node/9300902217,OpenStreetMap,osm,ODbL,https://www.openstreetmap.org/node/9300902217,,44 Calle Júpiter,,Dominican Republic,18.5243804,-69.907364,,,,osm-dominican-republic-expanded-2026-05-20,2026-05-20T19:32:17.199Z,pending,none,needs_research,unknown|18.5244|-69.9074,node,apartment,missingName; missingCity; missingWebsite; missingPhone
node/9309017817,OpenStreetMap,osm,ODbL,https://www.openstreetmap.org/node/9309017817,,9 Calle Naviza,,Dominican Republic,18.5055143,-69.9667463,,,,osm-dominican-republic-expanded-2026-05-20,2026-05-20T19:32:17.199Z,pending,none,needs_research,unknown|18.5055|-69.9667,node,apartment,missingName; missingCity; missingWebsite; missingPhone
node/9319206117,OpenStreetMap,osm,ODbL,https://www.openstreetmap.org/node/9319206117,M-E Edf 13,,,Dominican Republic,18.5623654,-69.9419463,,,,osm-dominican-republic-expanded-2026-05-20,2026-05-20T19:32:17.199Z,pending,none,needs_research,m-e edf 13|18.5624|-69.9419,node,apartment,missingCity; missingWebsite; missingPhone
node/9320997860,OpenStreetMap,osm,ODbL,https://www.openstreetmap.org/node/9320997860,Oasi Encantada Beach Resort,,,Dominican Republic,18.1057992,-71.0753531,https://hotel-oasi-encantada.negocio.site/,(849) 357-2473,,osm-dominican-republic-expanded-2026-05-20,2026-05-20T19:32:17.199Z,pending,none,needs_research,oasi encantada beach resort|18.1058|-71.0754,node,hotel,missingCity
node/9330856129,OpenStreetMap,osm,ODbL,https://www.openstreetmap.org/node/9330856129,Hotel Savas Salinas,Frente a las Dunas de Bani,,Dominican Republic,18.2137295,-70.5310742,https://sava.do/,(809) 323-1965,,osm-dominican-republic-expanded-2026-05-20,2026-05-20T19:32:17.199Z,pending,none,needs_research,hotel savas salinas|18.2137|-70.5311,node,hotel,missingCity
node/9334375572,OpenStreetMap,osm,ODbL,https://www.openstreetmap.org/node/9334375572,,,,Dominican Republic,19.2033716,-69.3269654,,,,osm-dominican-republic-expanded-2026-05-20,2026-05-20T19:32:17.199Z,pending,none,needs_research,unknown|19.2034|-69.327,node,hotel,missingName; missingCity; missingWebsite; missingPhone
node/9335162917,OpenStreetMap,osm,ODbL,https://www.openstreetmap.org/node/9335162917,,9 Calle Soliman,,Dominican Republic,18.5022832,-69.9676486,,,,osm-dominican-republic-expanded-2026-05-20,2026-05-20T19:32:17.199Z,pending,none,needs_research,unknown|18.5023|-69.9676,node,apartment,missingName; missingCity; missingWebsite; missingPhone
node/9335407117,OpenStreetMap,osm,ODbL,https://www.openstreetmap.org/node/9335407117,,445 Paquito Barrero,,Dominican Republic,18.5188131,-69.9068491,,,,osm-dominican-republic-expanded-2026-05-20,2026-05-20T19:32:17.199Z,pending,none,needs_research,unknown|18.5188|-69.9068,node,apartment,missingName; missingCity; missingWebsite; missingPhone
node/9337857617,OpenStreetMap,osm,ODbL,https://www.openstreetmap.org/node/9337857617,,9A Calle Via,,Dominican Republic,18.4889505,-69.965987,,,,osm-dominican-republic-expanded-2026-05-20,2026-05-20T19:32:17.199Z,pending,none,needs_research,unknown|18.489|-69.966,node,apartment,missingName; missingCity; missingWebsite; missingPhone
node/9338364618,OpenStreetMap,osm,ODbL,https://www.openstreetmap.org/node/9338364618,residencial los 4 vientos,,,Dominican Republic,18.5500265,-69.9290352,,,,osm-dominican-republic-expanded-2026-05-20,2026-05-20T19:32:17.199Z,pending,none,needs_research,residencial los 4 vientos|18.55|-69.929,node,apartment,missingCity; missingWebsite; missingPhone
node/9344664217,OpenStreetMap,osm,ODbL,https://www.openstreetmap.org/node/9344664217,,46 Jose Francisco Brazoban,,Dominican Republic,18.529625,-69.9120394,,,,osm-dominican-republic-expanded-2026-05-20,2026-05-20T19:32:17.199Z,pending,none,needs_research,unknown|18.5296|-69.912,node,apartment,missingName; missingCity; missingWebsite; missingPhone
node/9358404422,OpenStreetMap,osm,ODbL,https://www.openstreetmap.org/node/9358404422,,11 Calle Jose Delio Guzman,,Dominican Republic,18.4988399,-69.9428994,,,,osm-dominican-republic-expanded-2026-05-20,2026-05-20T19:32:17.199Z,pending,none,needs_research,unknown|18.4988|-69.9429,node,apartment,missingName; missingCity; missingWebsite; missingPhone
node/9362865617,OpenStreetMap,osm,ODbL,https://www.openstreetmap.org/node/9362865617,,,,Dominican Republic,18.7228271,-68.4843777,,,,osm-dominican-republic-expanded-2026-05-20,2026-05-20T19:32:17.199Z,pending,none,needs_research,unknown|18.7228|-68.4844,node,guest_house,missingName; missingCity; missingWebsite; missingPhone
node/9373835817,OpenStreetMap,osm,ODbL,https://www.openstreetmap.org/node/9373835817,,15 Calle Gladiolos,,Dominican Republic,18.4868209,-69.9608249,,,,osm-dominican-republic-expanded-2026-05-20,2026-05-20T19:32:17.199Z,pending,none,needs_research,unknown|18.4868|-69.9608,node,apartment,missingName; missingCity; missingWebsite; missingPhone
node/9373835818,OpenStreetMap,osm,ODbL,https://www.openstreetmap.org/node/9373835818,,12 Calle Marcos del Rosario,,Dominican Republic,18.5189169,-69.9132357,,,,osm-dominican-republic-expanded-2026-05-20,2026-05-20T19:32:17.199Z,pending,none,needs_research,unknown|18.5189|-69.9132,node,apartment,missingName; missingCity; missingWebsite; missingPhone
node/9379316131,OpenStreetMap,osm,ODbL,https://www.openstreetmap.org/node/9379316131,,3a Calle Doctor José Antonio Polanco Billini,,Dominican Republic,18.4963243,-69.9413481,,,,osm-dominican-republic-expanded-2026-05-20,2026-05-20T19:32:17.199Z,pending,none,needs_research,unknown|18.4963|-69.9413,node,apartment,missingName; missingCity; missingWebsite; missingPhone
node/9381445917,OpenStreetMap,osm,ODbL,https://www.openstreetmap.org/node/9381445917,Ocean El Faro,,,Dominican Republic,18.7879156,-68.5667793,,,,osm-dominican-republic-expanded-2026-05-20,2026-05-20T19:32:17.199Z,pending,none,needs_research,ocean el faro|18.7879|-68.5668,node,hotel,missingCity; missingWebsite; missingPhone
node/9381896517,OpenStreetMap,osm,ODbL,https://www.openstreetmap.org/node/9381896517,,23 calle 2da,,Dominican Republic,18.5499823,-69.8869254,,,,osm-dominican-republic-expanded-2026-05-20,2026-05-20T19:32:17.199Z,pending,none,needs_research,unknown|18.55|-69.8869,node,apartment,missingName; missingCity; missingWebsite; missingPhone
node/9388957918,OpenStreetMap,osm,ODbL,https://www.openstreetmap.org/node/9388957918,,60 Calle Viriato Fiallo,,Dominican Republic,18.4693049,-69.9482916,,,,osm-dominican-republic-expanded-2026-05-20,2026-05-20T19:32:17.199Z,pending,none,needs_research,unknown|18.4693|-69.9483,node,apartment,missingName; missingCity; missingWebsite; missingPhone
node/9392421517,OpenStreetMap,osm,ODbL,https://www.openstreetmap.org/node/9392421517,,mañana 2 Edf 4 calle santa Rita,,Dominican Republic,18.5037462,-69.917228,,,,osm-dominican-republic-expanded-2026-05-20,2026-05-20T19:32:17.199Z,pending,none,needs_research,unknown|18.5037|-69.9172,node,apartment,missingName; missingCity; missingWebsite; missingPhone
node/9394909917,OpenStreetMap,osm,ODbL,https://www.openstreetmap.org/node/9394909917,,8 Calle 1era,,Dominican Republic,18.5147208,-69.9669984,,,,osm-dominican-republic-expanded-2026-05-20,2026-05-20T19:32:17.199Z,pending,none,needs_research,unknown|18.5147|-69.967,node,apartment,missingName; missingCity; missingWebsite; missingPhone
node/9396886917,OpenStreetMap,osm,ODbL,https://www.openstreetmap.org/node/9396886917,,54 Calle Prolongación Héctor García Godoy,,Dominican Republic,18.5006401,-69.9351918,,,,osm-dominican-republic-expanded-2026-05-20,2026-05-20T19:32:17.199Z,pending,none,needs_research,unknown|18.5006|-69.9352,node,apartment,missingName; missingCity; missingWebsite; missingPhone
node/9396995117,OpenStreetMap,osm,ODbL,https://www.openstreetmap.org/node/9396995117,,4 Calle San Antonio,,Dominican Republic,18.4845359,-69.9628858,,,,osm-dominican-republic-expanded-2026-05-20,2026-05-20T19:32:17.199Z,pending,none,needs_research,unknown|18.4845|-69.9629,node,apartment,missingName; missingCity; missingWebsite; missingPhone
node/9397183617,OpenStreetMap,osm,ODbL,https://www.openstreetmap.org/node/9397183617,,89 Calle Ozama,,Dominican Republic,18.5284775,-69.9234026,,,,osm-dominican-republic-expanded-2026-05-20,2026-05-20T19:32:17.199Z,pending,none,needs_research,unknown|18.5285|-69.9234,node,apartment,missingName; missingCity; missingWebsite; missingPhone
node/9413022817,OpenStreetMap,osm,ODbL,https://www.openstreetmap.org/node/9413022817,,12 2da Terraza del Rio,,Dominican Republic,18.5115425,-69.9481644,,,,osm-dominican-republic-expanded-2026-05-20,2026-05-20T19:32:17.199Z,pending,none,needs_research,unknown|18.5115|-69.9482,node,apartment,missingName; missingCity; missingWebsite; missingPhone
node/9413370618,OpenStreetMap,osm,ODbL,https://www.openstreetmap.org/node/9413370618,,14 Calle 24,,Dominican Republic,18.5293472,-69.9017438,,,,osm-dominican-republic-expanded-2026-05-20,2026-05-20T19:32:17.199Z,pending,none,needs_research,unknown|18.5293|-69.9017,node,apartment,missingName; missingCity; missingWebsite; missingPhone
node/9413407218,OpenStreetMap,osm,ODbL,https://www.openstreetmap.org/node/9413407218,,36 calle respaldo 25,,Dominican Republic,18.5217257,-69.8999798,,,,osm-dominican-republic-expanded-2026-05-20,2026-05-20T19:32:17.199Z,pending,none,needs_research,unknown|18.5217|-69.9,node,apartment,missingName; missingCity; missingWebsite; missingPhone
node/9431466517,OpenStreetMap,osm,ODbL,https://www.openstreetmap.org/node/9431466517,,7 Calle La Meseta,,Dominican Republic,18.5054873,-69.965949,,,,osm-dominican-republic-expanded-2026-05-20,2026-05-20T19:32:17.199Z,pending,none,needs_research,unknown|18.5055|-69.9659,node,apartment,missingName; missingCity; missingWebsite; missingPhone
node/9431469817,OpenStreetMap,osm,ODbL,https://www.openstreetmap.org/node/9431469817,,7 Calle La Meseta,,Dominican Republic,18.5065645,-69.9666056,,,,osm-dominican-republic-expanded-2026-05-20,2026-05-20T19:32:17.199Z,pending,none,needs_research,unknown|18.5066|-69.9666,node,apartment,missingName; missingCity; missingWebsite; missingPhone
node/9432404817,OpenStreetMap,osm,ODbL,https://www.openstreetmap.org/node/9432404817,Torre Laurel,"25 Calle Camila Henríquez Urena, 10114",,Dominican Republic,18.4503153,-69.9577587,,,,osm-dominican-republic-expanded-2026-05-20,2026-05-20T19:32:17.199Z,pending,none,needs_research,torre laurel|18.4503|-69.9578,node,apartment,missingCity; missingWebsite; missingPhone
node/9448213517,OpenStreetMap,osm,ODbL,https://www.openstreetmap.org/node/9448213517,manzana c,,,Dominican Republic,18.5642864,-69.9406822,,,,osm-dominican-republic-expanded-2026-05-20,2026-05-20T19:32:17.199Z,pending,none,needs_research,manzana c|18.5643|-69.9407,node,apartment,missingCity; missingWebsite; missingPhone
node/9453475917,OpenStreetMap,osm,ODbL,https://www.openstreetmap.org/node/9453475917,,1 Calle 16,,Dominican Republic,18.5296092,-69.9042988,,,,osm-dominican-republic-expanded-2026-05-20,2026-05-20T19:32:17.199Z,pending,none,needs_research,unknown|18.5296|-69.9043,node,apartment,missingName; missingCity; missingWebsite; missingPhone
node/9455803517,OpenStreetMap,osm,ODbL,https://www.openstreetmap.org/node/9455803517,,15a calle ernesto lavandero,,Dominican Republic,18.5003895,-69.9504576,,,,osm-dominican-republic-expanded-2026-05-20,2026-05-20T19:32:17.199Z,pending,none,needs_research,unknown|18.5004|-69.9505,node,apartment,missingName; missingCity; missingWebsite; missingPhone
node/9456040117,OpenStreetMap,osm,ODbL,https://www.openstreetmap.org/node/9456040117,,6 Calle Bernarda De Toro,,Dominican Republic,18.5223301,-69.910286,,,,osm-dominican-republic-expanded-2026-05-20,2026-05-20T19:32:17.199Z,pending,none,needs_research,unknown|18.5223|-69.9103,node,apartment,missingName; missingCity; missingWebsite; missingPhone
node/9468648814,OpenStreetMap,osm,ODbL,https://www.openstreetmap.org/node/9468648814,,6 Calle 3ra,,Dominican Republic,18.4884881,-69.9372821,,,,osm-dominican-republic-expanded-2026-05-20,2026-05-20T19:32:17.199Z,pending,none,needs_research,unknown|18.4885|-69.9373,node,apartment,missingName; missingCity; missingWebsite; missingPhone
node/9470231876,OpenStreetMap,osm,ODbL,https://www.openstreetmap.org/node/9470231876,Gasque,,,Dominican Republic,18.4668758,-69.8964033,,,,osm-dominican-republic-expanded-2026-05-20,2026-05-20T19:32:17.199Z,pending,none,needs_research,gasque|18.4669|-69.8964,node,hotel,missingCity; missingWebsite; missingPhone
node/9472315217,OpenStreetMap,osm,ODbL,https://www.openstreetmap.org/node/9472315217,,288 Calle Ignacio Agramonte,,Dominican Republic,18.5171168,-69.9061463,,,,osm-dominican-republic-expanded-2026-05-20,2026-05-20T19:32:17.199Z,pending,none,needs_research,unknown|18.5171|-69.9061,node,apartment,missingName; missingCity; missingWebsite; missingPhone
node/9483852883,OpenStreetMap,osm,ODbL,https://www.openstreetmap.org/node/9483852883,Hotel Caribani,"12 B Calle Padre Billini, 94000",,Dominican Republic,18.279903,-70.3332046,,8095223871,,osm-dominican-republic-expanded-2026-05-20,2026-05-20T19:32:17.199Z,pending,none,needs_research,hotel caribani|18.2799|-70.3332,node,hotel,missingCity; missingWebsite
node/9487282717,OpenStreetMap,osm,ODbL,https://www.openstreetmap.org/node/9487282717,,236 Calle Juan Alejandro lbarra,,Dominican Republic,18.5027094,-69.9200046,,,,osm-dominican-republic-expanded-2026-05-20,2026-05-20T19:32:17.199Z,pending,none,needs_research,unknown|18.5027|-69.92,node,apartment,missingName; missingCity; missingWebsite; missingPhone
node/9489993518,OpenStreetMap,osm,ODbL,https://www.openstreetmap.org/node/9489993518,,1 Calle Pino Alto,,Dominican Republic,18.4920268,-69.9466503,,,,osm-dominican-republic-expanded-2026-05-20,2026-05-20T19:32:17.199Z,pending,none,needs_research,unknown|18.492|-69.9467,node,apartment,missingName; missingCity; missingWebsite; missingPhone
node/9490378217,OpenStreetMap,osm,ODbL,https://www.openstreetmap.org/node/9490378217,,396 calle 15,,Dominican Republic,18.5187328,-69.9051804,,,,osm-dominican-republic-expanded-2026-05-20,2026-05-20T19:32:17.199Z,pending,none,needs_research,unknown|18.5187|-69.9052,node,apartment,missingName; missingCity; missingWebsite; missingPhone
node/9490531017,OpenStreetMap,osm,ODbL,https://www.openstreetmap.org/node/9490531017,Hotel park,,,Dominican Republic,18.2080208,-71.0990468,,,,osm-dominican-republic-expanded-2026-05-20,2026-05-20T19:32:17.199Z,pending,none,needs_research,hotel park|18.208|-71.099,node,hostel,missingCity; missingWebsite; missingPhone
node/9490804617,OpenStreetMap,osm,ODbL,https://www.openstreetmap.org/node/9490804617,Airbnb house 18$,,,Dominican Republic,18.2196697,-71.1019756,,,,osm-dominican-republic-expanded-2026-05-20,2026-05-20T19:32:17.199Z,pending,none,needs_research,airbnb house 18$|18.2197|-71.102,node,apartment,missingCity; missingWebsite; missingPhone
node/9492867417,OpenStreetMap,osm,ODbL,https://www.openstreetmap.org/node/9492867417,Hotel apartment 1100pesos,,,Dominican Republic,18.221129,-71.1015856,,+18092999228,,osm-dominican-republic-expanded-2026-05-20,2026-05-20T19:32:17.199Z,pending,none,needs_research,hotel apartment 1100pesos|18.2211|-71.1016,node,apartment,missingCity; missingWebsite
node/9498880717,OpenStreetMap,osm,ODbL,https://www.openstreetmap.org/node/9498880717,,1 calle 10B,,Dominican Republic,18.5426764,-69.9067084,,,,osm-dominican-republic-expanded-2026-05-20,2026-05-20T19:32:17.199Z,pending,none,needs_research,unknown|18.5427|-69.9067,node,apartment,missingName; missingCity; missingWebsite; missingPhone
node/9505353117,OpenStreetMap,osm,ODbL,https://www.openstreetmap.org/node/9505353117,Plaza El Patio,Plaza El Patio,,Dominican Republic,19.7494118,-70.4090206,,,,osm-dominican-republic-expanded-2026-05-20,2026-05-20T19:32:17.199Z,pending,none,needs_research,plaza el patio|19.7494|-70.409,node,apartment,missingCity; missingWebsite; missingPhone
node/9516684317,OpenStreetMap,osm,ODbL,https://www.openstreetmap.org/node/9516684317,manzana T,2 Calle Jardines de los Cerezos,,Dominican Republic,18.4863822,-69.950758,,,,osm-dominican-republic-expanded-2026-05-20,2026-05-20T19:32:17.199Z,pending,none,needs_research,manzana t|18.4864|-69.9508,node,apartment,missingCity; missingWebsite; missingPhone
node/9522980117,OpenStreetMap,osm,ODbL,https://www.openstreetmap.org/node/9522980117,Elohim,2 Avenida Barceló,,Dominican Republic,18.6110616,-68.4049735,,,,osm-dominican-republic-expanded-2026-05-20,2026-05-20T19:32:17.199Z,pending,none,needs_research,elohim|18.6111|-68.405,node,apartment,missingCity; missingWebsite; missingPhone
node/9525549270,OpenStreetMap,osm,ODbL,https://www.openstreetmap.org/node/9525549270,Bamboojam Villa,,,Dominican Republic,19.3057124,-69.558459,bamboojamvilla.com,,,osm-dominican-republic-expanded-2026-05-20,2026-05-20T19:32:17.199Z,pending,none,needs_research,bamboojam villa|19.3057|-69.5585,node,guest_house,missingCity; missingPhone
node/9530768917,OpenStreetMap,osm,ODbL,https://www.openstreetmap.org/node/9530768917,,10 Madrid,,Dominican Republic,18.567306,-69.9415415,,,,osm-dominican-republic-expanded-2026-05-20,2026-05-20T19:32:17.199Z,pending,none,needs_research,unknown|18.5673|-69.9415,node,apartment,missingName; missingCity; missingWebsite; missingPhone
node/9550308317,OpenStreetMap,osm,ODbL,https://www.openstreetmap.org/node/9550308317,,16 Calle 30,,Dominican Republic,18.5315445,-69.9008721,,,,osm-dominican-republic-expanded-2026-05-20,2026-05-20T19:32:17.199Z,pending,none,needs_research,unknown|18.5315|-69.9009,node,apartment,missingName; missingCity; missingWebsite; missingPhone
node/9554675517,OpenStreetMap,osm,ODbL,https://www.openstreetmap.org/node/9554675517,,9 calle gardenias,,Dominican Republic,18.5249716,-69.8941971,,,,osm-dominican-republic-expanded-2026-05-20,2026-05-20T19:32:17.199Z,pending,none,needs_research,unknown|18.525|-69.8942,node,apartment,missingName; missingCity; missingWebsite; missingPhone
node/9562101717,OpenStreetMap,osm,ODbL,https://www.openstreetmap.org/node/9562101717,Little Banana,Avenida Maricó,,Dominican Republic,19.3221784,-69.5511757,,,,osm-dominican-republic-expanded-2026-05-20,2026-05-20T19:32:17.199Z,pending,none,needs_research,little banana|19.3222|-69.5512,node,apartment,missingCity; missingWebsite; missingPhone
node/9566324244,OpenStreetMap,osm,ODbL,https://www.openstreetmap.org/node/9566324244,Las Puertas Del Paraiso,,,Dominican Republic,19.6432241,-70.0578806,,,,osm-dominican-republic-expanded-2026-05-20,2026-05-20T19:32:17.199Z,pending,none,needs_research,las puertas del paraiso|19.6432|-70.0579,node,hotel,missingCity; missingWebsite; missingPhone
node/9578150917,OpenStreetMap,osm,ODbL,https://www.openstreetmap.org/node/9578150917,,31A Isabel de Torres,,Dominican Republic,18.5028535,-69.9659267,,,,osm-dominican-republic-expanded-2026-05-20,2026-05-20T19:32:17.199Z,pending,none,needs_research,unknown|18.5029|-69.9659,node,apartment,missingName; missingCity; missingWebsite; missingPhone
node/9578151017,OpenStreetMap,osm,ODbL,https://www.openstreetmap.org/node/9578151017,,16B Isabel de Torres,,Dominican Republic,18.5022607,-69.9650945,,,,osm-dominican-republic-expanded-2026-05-20,2026-05-20T19:32:17.199Z,pending,none,needs_research,unknown|18.5023|-69.9651,node,apartment,missingName; missingCity; missingWebsite; missingPhone
node/9595274417,OpenStreetMap,osm,ODbL,https://www.openstreetmap.org/node/9595274417,,29 Isabel de Torres,,Dominican Republic,18.5033259,-69.9680606,,,,osm-dominican-republic-expanded-2026-05-20,2026-05-20T19:32:17.199Z,pending,none,needs_research,unknown|18.5033|-69.9681,node,apartment,missingName; missingCity; missingWebsite; missingPhone
node/9603551917,OpenStreetMap,osm,ODbL,https://www.openstreetmap.org/node/9603551917,,4 Gardenia,,Dominican Republic,18.4854086,-69.9548843,,,,osm-dominican-republic-expanded-2026-05-20,2026-05-20T19:32:17.199Z,pending,none,needs_research,unknown|18.4854|-69.9549,node,apartment,missingName; missingCity; missingWebsite; missingPhone
node/9604221617,OpenStreetMap,osm,ODbL,https://www.openstreetmap.org/node/9604221617,Vertika Tower,Calle Doctor Jacinto Mañón,,Dominican Republic,18.4817686,-69.9374434,,,,osm-dominican-republic-expanded-2026-05-20,2026-05-20T19:32:17.199Z,pending,none,needs_research,vertika tower|18.4818|-69.9374,node,apartment,missingCity; missingWebsite; missingPhone
node/9626996317,OpenStreetMap,osm,ODbL,https://www.openstreetmap.org/node/9626996317,,12 calle f,,Dominican Republic,18.5443035,-69.9586964,,,,osm-dominican-republic-expanded-2026-05-20,2026-05-20T19:32:17.199Z,pending,none,needs_research,unknown|18.5443|-69.9587,node,apartment,missingName; missingCity; missingWebsite; missingPhone
node/9631615727,OpenStreetMap,osm,ODbL,https://www.openstreetmap.org/node/9631615727,Terramar,,,Dominican Republic,19.6402205,-69.9010572,,,,osm-dominican-republic-expanded-2026-05-20,2026-05-20T19:32:17.199Z,pending,none,needs_research,terramar|19.6402|-69.9011,node,hotel,missingCity; missingWebsite; missingPhone
node/9646414217,OpenStreetMap,osm,ODbL,https://www.openstreetmap.org/node/9646414217,,"manzana 74,#2 Avenida Primaveral",,Dominican Republic,18.544385,-69.9124593,,,,osm-dominican-republic-expanded-2026-05-20,2026-05-20T19:32:17.199Z,pending,none,needs_research,unknown|18.5444|-69.9125,node,apartment,missingName; missingCity; missingWebsite; missingPhone
node/9646414218,OpenStreetMap,osm,ODbL,https://www.openstreetmap.org/node/9646414218,,10 Calle Yaroa,,Dominican Republic,18.5038133,-69.9383685,,,,osm-dominican-republic-expanded-2026-05-20,2026-05-20T19:32:17.199Z,pending,none,needs_research,unknown|18.5038|-69.9384,node,apartment,missingName; missingCity; missingWebsite; missingPhone
node/9646414317,OpenStreetMap,osm,ODbL,https://www.openstreetmap.org/node/9646414317,,8 Calle Respaldo 13,,Dominican Republic,18.5222207,-69.9007544,,,,osm-dominican-republic-expanded-2026-05-20,2026-05-20T19:32:17.199Z,pending,none,needs_research,unknown|18.5222|-69.9008,node,apartment,missingName; missingCity; missingWebsite; missingPhone
node/9646414517,OpenStreetMap,osm,ODbL,https://www.openstreetmap.org/node/9646414517,,manzana A #4 res Miravalle 1,,Dominican Republic,18.5513234,-69.9373179,,,,osm-dominican-republic-expanded-2026-05-20,2026-05-20T19:32:17.199Z,pending,none,needs_research,unknown|18.5513|-69.9373,node,apartment,missingName; missingCity; missingWebsite; missingPhone
node/9649585617,OpenStreetMap,osm,ODbL,https://www.openstreetmap.org/node/9649585617,,8 Los Jazmines,,Dominican Republic,18.5268548,-69.8950953,,,,osm-dominican-republic-expanded-2026-05-20,2026-05-20T19:32:17.199Z,pending,none,needs_research,unknown|18.5269|-69.8951,node,apartment,missingName; missingCity; missingWebsite; missingPhone
node/9652156317,OpenStreetMap,osm,ODbL,https://www.openstreetmap.org/node/9652156317,,12 Calle Central,,Dominican Republic,18.5052212,-69.9527673,,,,osm-dominican-republic-expanded-2026-05-20,2026-05-20T19:32:17.199Z,pending,none,needs_research,unknown|18.5052|-69.9528,node,apartment,missingName; missingCity; missingWebsite; missingPhone
node/9652342317,OpenStreetMap,osm,ODbL,https://www.openstreetmap.org/node/9652342317,,2 Calle 9,,Dominican Republic,18.5425389,-69.9067064,,,,osm-dominican-republic-expanded-2026-05-20,2026-05-20T19:32:17.199Z,pending,none,needs_research,unknown|18.5425|-69.9067,node,apartment,missingName; missingCity; missingWebsite; missingPhone
node/9663654317,OpenStreetMap,osm,ODbL,https://www.openstreetmap.org/node/9663654317,,11 Calle 1,,Dominican Republic,18.5507322,-69.8886351,,,,osm-dominican-republic-expanded-2026-05-20,2026-05-20T19:32:17.199Z,pending,none,needs_research,unknown|18.5507|-69.8886,node,apartment,missingName; missingCity; missingWebsite; missingPhone
node/9668071343,OpenStreetMap,osm,ODbL,https://www.openstreetmap.org/node/9668071343,El Encuentro Surf Lodge,,,Dominican Republic,19.7789266,-70.4500804,https://elencuentrosurflodge.com/,,,osm-dominican-republic-expanded-2026-05-20,2026-05-20T19:32:17.199Z,pending,none,needs_research,el encuentro surf lodge|19.7789|-70.4501,node,hotel,missingCity; missingPhone
node/9671944817,OpenStreetMap,osm,ODbL,https://www.openstreetmap.org/node/9671944817,Heidy’s Guesthouse,257 Calle Isabel la Católica,,Dominican Republic,18.4770715,-69.8839962,,,,osm-dominican-republic-expanded-2026-05-20,2026-05-20T19:32:17.199Z,pending,none,needs_research,heidy’s guesthouse|18.4771|-69.884,node,guest_house,missingCity; missingWebsite; missingPhone
node/9698883587,OpenStreetMap,osm,ODbL,https://www.openstreetmap.org/node/9698883587,Residencial María de Jesús,,,Dominican Republic,18.4509562,-69.939821,,,,osm-dominican-republic-expanded-2026-05-20,2026-05-20T19:32:17.199Z,pending,none,needs_research,residencial maria de jesus|18.451|-69.9398,node,apartment,missingCity; missingWebsite; missingPhone
node/9749268117,OpenStreetMap,osm,ODbL,https://www.openstreetmap.org/node/9749268117,,33 Felix Maria Rui,,Dominican Republic,18.5213715,-69.7998617,,,,osm-dominican-republic-expanded-2026-05-20,2026-05-20T19:32:17.199Z,pending,none,needs_research,unknown|18.5214|-69.7999,node,apartment,missingName; missingCity; missingWebsite; missingPhone
node/9749268118,OpenStreetMap,osm,ODbL,https://www.openstreetmap.org/node/9749268118,,4 Calle 2,,Dominican Republic,18.4896692,-69.9418298,,,,osm-dominican-republic-expanded-2026-05-20,2026-05-20T19:32:17.199Z,pending,none,needs_research,unknown|18.4897|-69.9418,node,apartment,missingName; missingCity; missingWebsite; missingPhone
node/9749292517,OpenStreetMap,osm,ODbL,https://www.openstreetmap.org/node/9749292517,,7 Calle Monte La Tina,,Dominican Republic,18.5037808,-69.9654328,,,,osm-dominican-republic-expanded-2026-05-20,2026-05-20T19:32:17.199Z,pending,none,needs_research,unknown|18.5038|-69.9654,node,apartment,missingName; missingCity; missingWebsite; missingPhone
node/9749747217,OpenStreetMap,osm,ODbL,https://www.openstreetmap.org/node/9749747217,,47 Francisco J. Heredia,,Dominican Republic,18.517449,-69.9099971,,,,osm-dominican-republic-expanded-2026-05-20,2026-05-20T19:32:17.199Z,pending,none,needs_research,unknown|18.5174|-69.91,node,apartment,missingName; missingCity; missingWebsite; missingPhone
node/9759568518,OpenStreetMap,osm,ODbL,https://www.openstreetmap.org/node/9759568518,,,,Dominican Republic,19.7504594,-70.4117555,,,,osm-dominican-republic-expanded-2026-05-20,2026-05-20T19:32:17.199Z,pending,none,needs_research,unknown|19.7505|-70.4118,node,apartment,missingName; missingCity; missingWebsite; missingPhone
node/9770056017,OpenStreetMap,osm,ODbL,https://www.openstreetmap.org/node/9770056017,,45 Carretera La Isabela,,Dominican Republic,18.5093948,-69.9531789,,,,osm-dominican-republic-expanded-2026-05-20,2026-05-20T19:32:17.199Z,pending,none,needs_research,unknown|18.5094|-69.9532,node,apartment,missingName; missingCity; missingWebsite; missingPhone
node/9770056117,OpenStreetMap,osm,ODbL,https://www.openstreetmap.org/node/9770056117,,4 Calle 19,,Dominican Republic,18.5325332,-69.8995878,,,,osm-dominican-republic-expanded-2026-05-20,2026-05-20T19:32:17.199Z,pending,none,needs_research,unknown|18.5325|-69.8996,node,apartment,missingName; missingCity; missingWebsite; missingPhone
node/9785968517,OpenStreetMap,osm,ODbL,https://www.openstreetmap.org/node/9785968517,,5 Calle Mijo,,Dominican Republic,18.4913263,-69.9626577,,,,osm-dominican-republic-expanded-2026-05-20,2026-05-20T19:32:17.199Z,pending,none,needs_research,unknown|18.4913|-69.9627,node,apartment,missingName; missingCity; missingWebsite; missingPhone
node/9786029517,OpenStreetMap,osm,ODbL,https://www.openstreetmap.org/node/9786029517,,10 Calle 4ª,,Dominican Republic,18.5026486,-69.9238578,,,,osm-dominican-republic-expanded-2026-05-20,2026-05-20T19:32:17.199Z,pending,none,needs_research,unknown|18.5026|-69.9239,node,apartment,missingName; missingCity; missingWebsite; missingPhone
node/9786499217,OpenStreetMap,osm,ODbL,https://www.openstreetmap.org/node/9786499217,,51 Calle 28,,Dominican Republic,18.5322481,-69.9009064,,,,osm-dominican-republic-expanded-2026-05-20,2026-05-20T19:32:17.199Z,pending,none,needs_research,unknown|18.5322|-69.9009,node,apartment,missingName; missingCity; missingWebsite; missingPhone
node/9788962317,OpenStreetMap,osm,ODbL,https://www.openstreetmap.org/node/9788962317,edificio de paula,Apt 2 Calle 13,,Dominican Republic,18.5462111,-69.9060665,,,,osm-dominican-republic-expanded-2026-05-20,2026-05-20T19:32:17.199Z,pending,none,needs_research,edificio de paula|18.5462|-69.9061,node,apartment,missingCity; missingWebsite; missingPhone
node/9797955217,OpenStreetMap,osm,ODbL,https://www.openstreetmap.org/node/9797955217,Residencial Miraflores,Calle Génova,,Dominican Republic,18.368495,-68.8357053,,,,osm-dominican-republic-expanded-2026-05-20,2026-05-20T19:32:17.199Z,pending,none,needs_research,residencial miraflores|18.3685|-68.8357,node,apartment,missingCity; missingWebsite; missingPhone
node/9802318817,OpenStreetMap,osm,ODbL,https://www.openstreetmap.org/node/9802318817,manzana D,Edf 5 Residencial Dorado III,,Dominican Republic,18.5533106,-69.9217298,,,,osm-dominican-republic-expanded-2026-05-20,2026-05-20T19:32:17.199Z,pending,none,needs_research,manzana d|18.5533|-69.9217,node,apartment,missingCity; missingWebsite; missingPhone
node/9820947617,OpenStreetMap,osm,ODbL,https://www.openstreetmap.org/node/9820947617,,27 Calle Vista Verde,,Dominican Republic,18.5072144,-69.945681,,,,osm-dominican-republic-expanded-2026-05-20,2026-05-20T19:32:17.199Z,pending,none,needs_research,unknown|18.5072|-69.9457,node,apartment,missingName; missingCity; missingWebsite; missingPhone
node/9833919517,OpenStreetMap,osm,ODbL,https://www.openstreetmap.org/node/9833919517,,1 Altamira,,Dominican Republic,18.5003237,-69.9698477,,,,osm-dominican-republic-expanded-2026-05-20,2026-05-20T19:32:17.199Z,pending,none,needs_research,unknown|18.5003|-69.9698,node,apartment,missingName; missingCity; missingWebsite; missingPhone
node/9838778918,OpenStreetMap,osm,ODbL,https://www.openstreetmap.org/node/9838778918,,7 Calle J,,Dominican Republic,18.5000621,-69.9371735,,8095196092,,osm-dominican-republic-expanded-2026-05-20,2026-05-20T19:32:17.199Z,pending,none,needs_research,unknown|18.5001|-69.9372,node,apartment,missingName; missingCity; missingWebsite
node/9844460417,OpenStreetMap,osm,ODbL,https://www.openstreetmap.org/node/9844460417,,29 Calle Catalina,,Dominican Republic,18.4981002,-69.9712755,,,,osm-dominican-republic-expanded-2026-05-20,2026-05-20T19:32:17.199Z,pending,none,needs_research,unknown|18.4981|-69.9713,node,apartment,missingName; missingCity; missingWebsite; missingPhone
node/9856719770,OpenStreetMap,osm,ODbL,https://www.openstreetmap.org/node/9856719770,Hotel Villa La Plantacion,"8 calle adriano reyes, Las Galeras, 32000",Las Galeras,Dominican Republic,19.2905418,-69.1975057,https://villalaplantacion.com,+1 829 9169055,,osm-dominican-republic-expanded-2026-05-20,2026-05-20T19:32:17.199Z,pending,none,needs_research,hotel villa la plantacion|las galeras|dominican republic,node,hotel,
node/9858700717,OpenStreetMap,osm,ODbL,https://www.openstreetmap.org/node/9858700717,,17 Calle 24,,Dominican Republic,18.5294475,-69.9016653,,,,osm-dominican-republic-expanded-2026-05-20,2026-05-20T19:32:17.199Z,pending,none,needs_research,unknown|18.5294|-69.9017,node,apartment,missingName; missingCity; missingWebsite; missingPhone
node/9882960717,OpenStreetMap,osm,ODbL,https://www.openstreetmap.org/node/9882960717,Ocean Breeze,202 Calle Palo Hincado,,Dominican Republic,18.4702974,-69.8908212,,,,osm-dominican-republic-expanded-2026-05-20,2026-05-20T19:32:17.199Z,pending,none,needs_research,ocean breeze|18.4703|-69.8908,node,apartment,missingCity; missingWebsite; missingPhone
node/9935807922,OpenStreetMap,osm,ODbL,https://www.openstreetmap.org/node/9935807922,,14 Calle C,,Dominican Republic,18.5116713,-69.9438931,,,,osm-dominican-republic-expanded-2026-05-20,2026-05-20T19:32:17.199Z,pending,none,needs_research,unknown|18.5117|-69.9439,node,apartment,missingName; missingCity; missingWebsite; missingPhone
node/9935832317,OpenStreetMap,osm,ODbL,https://www.openstreetmap.org/node/9935832317,,5 Petunia,,Dominican Republic,18.5143157,-69.9368972,,8098825753,,osm-dominican-republic-expanded-2026-05-20,2026-05-20T19:32:17.199Z,pending,none,needs_research,unknown|18.5143|-69.9369,node,apartment,missingName; missingCity; missingWebsite
node/9939246417,OpenStreetMap,osm,ODbL,https://www.openstreetmap.org/node/9939246417,Residencial Casa blanca,,,Dominican Republic,18.3501358,-68.8319586,,,,osm-dominican-republic-expanded-2026-05-20,2026-05-20T19:32:17.199Z,pending,none,needs_research,residencial casa blanca|18.3501|-68.832,node,apartment,missingCity; missingWebsite; missingPhone
node/9964322519,OpenStreetMap,osm,ODbL,https://www.openstreetmap.org/node/9964322519,construcción,,,Dominican Republic,18.5305178,-69.8879338,,,,osm-dominican-republic-expanded-2026-05-20,2026-05-20T19:32:17.199Z,pending,none,needs_research,construccion|18.5305|-69.8879,node,apartment,missingCity; missingWebsite; missingPhone
node/9989051917,OpenStreetMap,osm,ODbL,https://www.openstreetmap.org/node/9989051917,,13 Paseo Los Cocos,,Dominican Republic,18.5284735,-69.9058208,,,,osm-dominican-republic-expanded-2026-05-20,2026-05-20T19:32:17.199Z,pending,none,needs_research,unknown|18.5285|-69.9058,node,apartment,missingName; missingCity; missingWebsite; missingPhone
node/10080412517,OpenStreetMap,osm,ODbL,https://www.openstreetmap.org/node/10080412517,,Ciudad Bonita,,Dominican Republic,18.5562584,-69.9311039,,,,osm-dominican-republic-expanded-2026-05-20,2026-05-20T19:32:17.199Z,pending,none,needs_research,unknown|18.5563|-69.9311,node,apartment,missingName; missingCity; missingWebsite; missingPhone
node/10093756817,OpenStreetMap,osm,ODbL,https://www.openstreetmap.org/node/10093756817,Casa de Bethania,,,Dominican Republic,19.4605656,-70.6757994,,,,osm-dominican-republic-expanded-2026-05-20,2026-05-20T19:32:17.199Z,pending,none,needs_research,casa de bethania|19.4606|-70.6758,node,guest_house,missingCity; missingWebsite; missingPhone
node/10095525617,OpenStreetMap,osm,ODbL,https://www.openstreetmap.org/node/10095525617,Catalina Tropical Lodge,,,Dominican Republic,19.6442174,-69.9262502,,,,osm-dominican-republic-expanded-2026-05-20,2026-05-20T19:32:17.199Z,pending,none,needs_research,catalina tropical lodge|19.6442|-69.9263,node,hotel,missingCity; missingWebsite; missingPhone
node/10124652017,OpenStreetMap,osm,ODbL,https://www.openstreetmap.org/node/10124652017,Espanol,Avenida Eladia,,Dominican Republic,18.3501649,-68.8319612,,,,osm-dominican-republic-expanded-2026-05-20,2026-05-20T19:32:17.199Z,pending,none,needs_research,espanol|18.3502|-68.832,node,apartment,missingCity; missingWebsite; missingPhone
node/10127265917,OpenStreetMap,osm,ODbL,https://www.openstreetmap.org/node/10127265917,Residencial Brisas del Real,"1 Manolo Tavares Justo, 11112",,Dominican Republic,18.4441864,-69.9685474,,,,osm-dominican-republic-expanded-2026-05-20,2026-05-20T19:32:17.199Z,pending,none,needs_research,residencial brisas del real|18.4442|-69.9685,node,apartment,missingCity; missingWebsite; missingPhone
node/10176619116,OpenStreetMap,osm,ODbL,https://www.openstreetmap.org/node/10176619116,Hacienda La Promesa,,,Dominican Republic,18.7136243,-69.9023877,,,,osm-dominican-republic-expanded-2026-05-20,2026-05-20T19:32:17.199Z,pending,none,needs_research,hacienda la promesa|18.7136|-69.9024,node,hotel,missingCity; missingWebsite; missingPhone
node/10208337426,OpenStreetMap,osm,ODbL,https://www.openstreetmap.org/node/10208337426,The water melon house,,,Dominican Republic,19.2067839,-69.3281173,,,,osm-dominican-republic-expanded-2026-05-20,2026-05-20T19:32:17.199Z,pending,none,needs_research,the water melon house|19.2068|-69.3281,node,hostel,missingCity; missingWebsite; missingPhone
node/10217199339,OpenStreetMap,osm,ODbL,https://www.openstreetmap.org/node/10217199339,,31 Calle 43,,Dominican Republic,18.5047688,-69.9262431,,8492099398,,osm-dominican-republic-expanded-2026-05-20,2026-05-20T19:32:17.199Z,pending,none,needs_research,unknown|18.5048|-69.9262,node,apartment,missingName; missingCity; missingWebsite
node/10262424309,OpenStreetMap,osm,ODbL,https://www.openstreetmap.org/node/10262424309,Villa Paula,"6 Los Puentes de Tomines/ Entrada Blanco uceta, 64000",,Dominican Republic,19.4830449,-71.3086971,,,,osm-dominican-republic-expanded-2026-05-20,2026-05-20T19:32:17.199Z,pending,none,needs_research,villa paula|19.483|-71.3087,node,guest_house,missingCity; missingWebsite; missingPhone
node/10274351509,OpenStreetMap,osm,ODbL,https://www.openstreetmap.org/node/10274351509,"El Estrecho, Omar Bross","Carretera Gregorio Luperón - Imbert, 57000",,Dominican Republic,19.8228627,-70.9361402,,,,osm-dominican-republic-expanded-2026-05-20,2026-05-20T19:32:17.199Z,pending,none,needs_research,"el estrecho, omar bross|19.8229|-70.9361",node,apartment,missingCity; missingWebsite; missingPhone
node/10304465210,OpenStreetMap,osm,ODbL,https://www.openstreetmap.org/node/10304465210,Residencial Temis I,619 Avenida Ing. Roberto Pastoriza,,Dominican Republic,18.4645639,-69.9413259,,,,osm-dominican-republic-expanded-2026-05-20,2026-05-20T19:32:17.199Z,pending,none,needs_research,residencial temis i|18.4646|-69.9413,node,apartment,missingCity; missingWebsite; missingPhone
node/10596455107,OpenStreetMap,osm,ODbL,https://www.openstreetmap.org/node/10596455107,Hotel Glamour,Calle Juan Pablo Duarte,,Dominican Republic,18.2829821,-70.3320327,,809 522 3888,,osm-dominican-republic-expanded-2026-05-20,2026-05-20T19:32:17.199Z,pending,none,needs_research,hotel glamour|18.283|-70.332,node,hotel,missingCity; missingWebsite
node/10681170892,OpenStreetMap,osm,ODbL,https://www.openstreetmap.org/node/10681170892,Triton Hotel Boutique & Restaurant,"Autovia del Este Km 45, Calle 1era",,Dominican Republic,18.4065609,-69.5048936,,,,osm-dominican-republic-expanded-2026-05-20,2026-05-20T19:32:17.199Z,pending,none,needs_research,triton hotel boutique & restaurant|18.4066|-69.5049,node,hotel,missingCity; missingWebsite; missingPhone
node/10681194938,OpenStreetMap,osm,ODbL,https://www.openstreetmap.org/node/10681194938,La Cueva del Che,Autopista Las Américas km 45 Playa Caribe,,Dominican Republic,18.4065858,-69.504759,,,,osm-dominican-republic-expanded-2026-05-20,2026-05-20T19:32:17.199Z,pending,none,needs_research,la cueva del che|18.4066|-69.5048,node,hotel,missingCity; missingWebsite; missingPhone
node/10702912612,OpenStreetMap,osm,ODbL,https://www.openstreetmap.org/node/10702912612,Villas Mana Las Terrenas,,,Dominican Republic,19.3104425,-69.5662278,,,,osm-dominican-republic-expanded-2026-05-20,2026-05-20T19:32:17.199Z,pending,none,needs_research,villas mana las terrenas|19.3104|-69.5662,node,guest_house,missingCity; missingWebsite; missingPhone
node/10704674005,OpenStreetMap,osm,ODbL,https://www.openstreetmap.org/node/10704674005,,1 Calle 15,,Dominican Republic,18.5241558,-69.9029796,,8098471557,,osm-dominican-republic-expanded-2026-05-20,2026-05-20T19:32:17.199Z,pending,none,needs_research,unknown|18.5242|-69.903,node,apartment,missingName; missingCity; missingWebsite
node/10707413306,OpenStreetMap,osm,ODbL,https://www.openstreetmap.org/node/10707413306,,5 Respaldo Cocotero,,Dominican Republic,18.5275044,-69.9035249,,,,osm-dominican-republic-expanded-2026-05-20,2026-05-20T19:32:17.199Z,pending,none,needs_research,unknown|18.5275|-69.9035,node,apartment,missingName; missingCity; missingWebsite; missingPhone
node/10716313546,OpenStreetMap,osm,ODbL,https://www.openstreetmap.org/node/10716313546,Palms Lounge,,,Dominican Republic,19.7209719,-70.3821164,,,,osm-dominican-republic-expanded-2026-05-20,2026-05-20T19:32:17.199Z,pending,none,needs_research,palms lounge|19.721|-70.3821,node,hotel,missingCity; missingWebsite; missingPhone
node/10719220605,OpenStreetMap,osm,ODbL,https://www.openstreetmap.org/node/10719220605,,4 Calle 37,,Dominican Republic,18.497622,-69.9230537,,,,osm-dominican-republic-expanded-2026-05-20,2026-05-20T19:32:17.199Z,pending,none,needs_research,unknown|18.4976|-69.9231,node,apartment,missingName; missingCity; missingWebsite; missingPhone
node/10736167825,OpenStreetMap,osm,ODbL,https://www.openstreetmap.org/node/10736167825,Plaza Achim,,,Dominican Republic,19.7634761,-70.5156715,,,The Good Life Sosua,osm-dominican-republic-expanded-2026-05-20,2026-05-20T19:32:17.199Z,pending,none,needs_research,plaza achim|19.7635|-70.5157,node,apartment,missingCity; missingWebsite; missingPhone
node/10744393905,OpenStreetMap,osm,ODbL,https://www.openstreetmap.org/node/10744393905,,22-402 Avenida Presidente Jacobo Majluta Azar,,Dominican Republic,18.556024,-69.931069,,,,osm-dominican-republic-expanded-2026-05-20,2026-05-20T19:32:17.199Z,pending,none,needs_research,unknown|18.556|-69.9311,node,apartment,missingName; missingCity; missingWebsite; missingPhone
node/10791201105,OpenStreetMap,osm,ODbL,https://www.openstreetmap.org/node/10791201105,Narai Residence,,,Dominican Republic,18.4703333,-69.8860938,,,,osm-dominican-republic-expanded-2026-05-20,2026-05-20T19:32:17.199Z,pending,none,needs_research,narai residence|18.4703|-69.8861,node,apartment,missingCity; missingWebsite; missingPhone
node/10819669880,OpenStreetMap,osm,ODbL,https://www.openstreetmap.org/node/10819669880,,4116,,Dominican Republic,19.2992404,-69.5796564,,,,osm-dominican-republic-expanded-2026-05-20,2026-05-20T19:32:17.199Z,pending,none,needs_research,unknown|19.2992|-69.5797,node,guest_house,missingName; missingCity; missingWebsite; missingPhone
node/10819669881,OpenStreetMap,osm,ODbL,https://www.openstreetmap.org/node/10819669881,,4126,,Dominican Republic,19.298732,-69.5800992,,,,osm-dominican-republic-expanded-2026-05-20,2026-05-20T19:32:17.199Z,pending,none,needs_research,unknown|19.2987|-69.5801,node,guest_house,missingName; missingCity; missingWebsite; missingPhone
node/10819669882,OpenStreetMap,osm,ODbL,https://www.openstreetmap.org/node/10819669882,,4128,,Dominican Republic,19.2988319,-69.5802344,,,,osm-dominican-republic-expanded-2026-05-20,2026-05-20T19:32:17.199Z,pending,none,needs_research,unknown|19.2988|-69.5802,node,guest_house,missingName; missingCity; missingWebsite; missingPhone
node/10819669883,OpenStreetMap,osm,ODbL,https://www.openstreetmap.org/node/10819669883,,4107,,Dominican Republic,19.299556,-69.5800108,,,,osm-dominican-republic-expanded-2026-05-20,2026-05-20T19:32:17.199Z,pending,none,needs_research,unknown|19.2996|-69.58,node,guest_house,missingName; missingCity; missingWebsite; missingPhone
node/10819669884,OpenStreetMap,osm,ODbL,https://www.openstreetmap.org/node/10819669884,,4103,,Dominican Republic,19.2994459,-69.5802909,,,,osm-dominican-republic-expanded-2026-05-20,2026-05-20T19:32:17.199Z,pending,none,needs_research,unknown|19.2994|-69.5803,node,guest_house,missingName; missingCity; missingWebsite; missingPhone
node/10819669886,OpenStreetMap,osm,ODbL,https://www.openstreetmap.org/node/10819669886,,4134,,Dominican Republic,19.2991722,-69.5804523,,,,osm-dominican-republic-expanded-2026-05-20,2026-05-20T19:32:17.199Z,pending,none,needs_research,unknown|19.2992|-69.5805,node,guest_house,missingName; missingCity; missingWebsite; missingPhone
node/10819669888,OpenStreetMap,osm,ODbL,https://www.openstreetmap.org/node/10819669888,,4124,,Dominican Republic,19.2987859,-69.5799354,,,,osm-dominican-republic-expanded-2026-05-20,2026-05-20T19:32:17.199Z,pending,none,needs_research,unknown|19.2988|-69.5799,node,guest_house,missingName; missingCity; missingWebsite; missingPhone
node/10819669889,OpenStreetMap,osm,ODbL,https://www.openstreetmap.org/node/10819669889,,4122,,Dominican Republic,19.2988699,-69.5797683,,,,osm-dominican-republic-expanded-2026-05-20,2026-05-20T19:32:17.199Z,pending,none,needs_research,unknown|19.2989|-69.5798,node,guest_house,missingName; missingCity; missingWebsite; missingPhone
node/10819669890,OpenStreetMap,osm,ODbL,https://www.openstreetmap.org/node/10819669890,,4118,,Dominican Republic,19.2990153,-69.5795501,,,,osm-dominican-republic-expanded-2026-05-20,2026-05-20T19:32:17.199Z,pending,none,needs_research,unknown|19.299|-69.5796,node,guest_house,missingName; missingCity; missingWebsite; missingPhone
node/10819669891,OpenStreetMap,osm,ODbL,https://www.openstreetmap.org/node/10819669891,,4130,,Dominican Republic,19.2988969,-69.5803662,,,,osm-dominican-republic-expanded-2026-05-20,2026-05-20T19:32:17.199Z,pending,none,needs_research,unknown|19.2989|-69.5804,node,guest_house,missingName; missingCity; missingWebsite; missingPhone
node/10819669892,OpenStreetMap,osm,ODbL,https://www.openstreetmap.org/node/10819669892,,4102,,Dominican Republic,19.2993562,-69.5803587,,,,osm-dominican-republic-expanded-2026-05-20,2026-05-20T19:32:17.199Z,pending,none,needs_research,unknown|19.2994|-69.5804,node,guest_house,missingName; missingCity; missingWebsite; missingPhone
node/10819669893,OpenStreetMap,osm,ODbL,https://www.openstreetmap.org/node/10819669893,,4106,,Dominican Republic,19.299555,-69.5800899,,,,osm-dominican-republic-expanded-2026-05-20,2026-05-20T19:32:17.199Z,pending,none,needs_research,unknown|19.2996|-69.5801,node,guest_house,missingName; missingCity; missingWebsite; missingPhone
node/10819669894,OpenStreetMap,osm,ODbL,https://www.openstreetmap.org/node/10819669894,,4119,,Dominican Republic,19.2990478,-69.579583,,,,osm-dominican-republic-expanded-2026-05-20,2026-05-20T19:32:17.199Z,pending,none,needs_research,unknown|19.299|-69.5796,node,guest_house,missingName; missingCity; missingWebsite; missingPhone
node/10819669895,OpenStreetMap,osm,ODbL,https://www.openstreetmap.org/node/10819669895,,4125,,Dominican Republic,19.298781,-69.5799868,,,,osm-dominican-republic-expanded-2026-05-20,2026-05-20T19:32:17.199Z,pending,none,needs_research,unknown|19.2988|-69.58,node,guest_house,missingName; missingCity; missingWebsite; missingPhone
node/10819669896,OpenStreetMap,osm,ODbL,https://www.openstreetmap.org/node/10819669896,,4115,,Dominican Republic,19.2992806,-69.5796417,,,,osm-dominican-republic-expanded-2026-05-20,2026-05-20T19:32:17.199Z,pending,none,needs_research,unknown|19.2993|-69.5796,node,guest_house,missingName; missingCity; missingWebsite; missingPhone
node/10819669897,OpenStreetMap,osm,ODbL,https://www.openstreetmap.org/node/10819669897,,4105,,Dominican Republic,19.2995312,-69.5801455,,,,osm-dominican-republic-expanded-2026-05-20,2026-05-20T19:32:17.199Z,pending,none,needs_research,unknown|19.2995|-69.5801,node,guest_house,missingName; missingCity; missingWebsite; missingPhone
node/10819669898,OpenStreetMap,osm,ODbL,https://www.openstreetmap.org/node/10819669898,,4120,,Dominican Republic,19.2989641,-69.579679,,,,osm-dominican-republic-expanded-2026-05-20,2026-05-20T19:32:17.199Z,pending,none,needs_research,unknown|19.299|-69.5797,node,guest_house,missingName; missingCity; missingWebsite; missingPhone
node/10819669899,OpenStreetMap,osm,ODbL,https://www.openstreetmap.org/node/10819669899,,4109,,Dominican Republic,19.2995291,-69.5798525,,,,osm-dominican-republic-expanded-2026-05-20,2026-05-20T19:32:17.199Z,pending,none,needs_research,unknown|19.2995|-69.5799,node,guest_house,missingName; missingCity; missingWebsite; missingPhone
node/10819669900,OpenStreetMap,osm,ODbL,https://www.openstreetmap.org/node/10819669900,,4104,,Dominican Republic,19.2994957,-69.580262,,,,osm-dominican-republic-expanded-2026-05-20,2026-05-20T19:32:17.199Z,pending,none,needs_research,unknown|19.2995|-69.5803,node,guest_house,missingName; missingCity; missingWebsite; missingPhone
node/10819669902,OpenStreetMap,osm,ODbL,https://www.openstreetmap.org/node/10819669902,,4108,,Dominican Republic,19.2995453,-69.5799432,,,,osm-dominican-republic-expanded-2026-05-20,2026-05-20T19:32:17.199Z,pending,none,needs_research,unknown|19.2995|-69.5799,node,guest_house,missingName; missingCity; missingWebsite; missingPhone
node/10819669903,OpenStreetMap,osm,ODbL,https://www.openstreetmap.org/node/10819669903,,4121,,Dominican Republic,19.2989579,-69.5796912,,,,osm-dominican-republic-expanded-2026-05-20,2026-05-20T19:32:17.199Z,pending,none,needs_research,unknown|19.299|-69.5797,node,guest_house,missingName; missingCity; missingWebsite; missingPhone
node/10819669904,OpenStreetMap,osm,ODbL,https://www.openstreetmap.org/node/10819669904,,4117,,Dominican Republic,19.2991567,-69.5796288,,,,osm-dominican-republic-expanded-2026-05-20,2026-05-20T19:32:17.199Z,pending,none,needs_research,unknown|19.2992|-69.5796,node,guest_house,missingName; missingCity; missingWebsite; missingPhone
node/10819754405,OpenStreetMap,osm,ODbL,https://www.openstreetmap.org/node/10819754405,,4114,,Dominican Republic,19.2993201,-69.5796654,,,,osm-dominican-republic-expanded-2026-05-20,2026-05-20T19:32:17.199Z,pending,none,needs_research,unknown|19.2993|-69.5797,node,guest_house,missingName; missingCity; missingWebsite; missingPhone
node/10819754406,OpenStreetMap,osm,ODbL,https://www.openstreetmap.org/node/10819754406,,4112,,Dominican Republic,19.2994138,-69.5796898,,,,osm-dominican-republic-expanded-2026-05-20,2026-05-20T19:32:17.199Z,pending,none,needs_research,unknown|19.2994|-69.5797,node,guest_house,missingName; missingCity; missingWebsite; missingPhone
node/10819754407,OpenStreetMap,osm,ODbL,https://www.openstreetmap.org/node/10819754407,,4110,,Dominican Republic,19.2994967,-69.5797971,,,,osm-dominican-republic-expanded-2026-05-20,2026-05-20T19:32:17.199Z,pending,none,needs_research,unknown|19.2995|-69.5798,node,guest_house,missingName; missingCity; missingWebsite; missingPhone
node/10819754408,OpenStreetMap,osm,ODbL,https://www.openstreetmap.org/node/10819754408,,4127,,Dominican Republic,19.2987407,-69.5801614,,,,osm-dominican-republic-expanded-2026-05-20,2026-05-20T19:32:17.199Z,pending,none,needs_research,unknown|19.2987|-69.5802,node,guest_house,missingName; missingCity; missingWebsite; missingPhone
node/10819754409,OpenStreetMap,osm,ODbL,https://www.openstreetmap.org/node/10819754409,,4131,,Dominican Republic,19.2989579,-69.5803943,,,,osm-dominican-republic-expanded-2026-05-20,2026-05-20T19:32:17.199Z,pending,none,needs_research,unknown|19.299|-69.5804,node,guest_house,missingName; missingCity; missingWebsite; missingPhone
node/10819754410,OpenStreetMap,osm,ODbL,https://www.openstreetmap.org/node/10819754410,,4129,,Dominican Republic,19.2988502,-69.5802825,,,,osm-dominican-republic-expanded-2026-05-20,2026-05-20T19:32:17.199Z,pending,none,needs_research,unknown|19.2989|-69.5803,node,guest_house,missingName; missingCity; missingWebsite; missingPhone
node/10819754411,OpenStreetMap,osm,ODbL,https://www.openstreetmap.org/node/10819754411,,4101,,Dominican Republic,19.2993601,-69.5804045,,,,osm-dominican-republic-expanded-2026-05-20,2026-05-20T19:32:17.199Z,pending,none,needs_research,unknown|19.2994|-69.5804,node,guest_house,missingName; missingCity; missingWebsite; missingPhone
node/10819754412,OpenStreetMap,osm,ODbL,https://www.openstreetmap.org/node/10819754412,,4132,,Dominican Republic,19.2990459,-69.5804124,,,,osm-dominican-republic-expanded-2026-05-20,2026-05-20T19:32:17.199Z,pending,none,needs_research,unknown|19.299|-69.5804,node,guest_house,missingName; missingCity; missingWebsite; missingPhone
node/10819754413,OpenStreetMap,osm,ODbL,https://www.openstreetmap.org/node/10819754413,,4123,,Dominican Republic,19.2988046,-69.5798478,,,,osm-dominican-republic-expanded-2026-05-20,2026-05-20T19:32:17.199Z,pending,none,needs_research,unknown|19.2988|-69.5798,node,guest_house,missingName; missingCity; missingWebsite; missingPhone
node/10819754414,OpenStreetMap,osm,ODbL,https://www.openstreetmap.org/node/10819754414,,4133,,Dominican Republic,19.299083,-69.5804498,,,,osm-dominican-republic-expanded-2026-05-20,2026-05-20T19:32:17.199Z,pending,none,needs_research,unknown|19.2991|-69.5804,node,guest_house,missingName; missingCity; missingWebsite; missingPhone
node/10819754415,OpenStreetMap,osm,ODbL,https://www.openstreetmap.org/node/10819754415,,4111,,Dominican Republic,19.2994545,-69.5797251,,,,osm-dominican-republic-expanded-2026-05-20,2026-05-20T19:32:17.199Z,pending,none,needs_research,unknown|19.2995|-69.5797,node,guest_house,missingName; missingCity; missingWebsite; missingPhone
node/10819754416,OpenStreetMap,osm,ODbL,https://www.openstreetmap.org/node/10819754416,,4135,,Dominican Republic,19.299234,-69.58046,,,,osm-dominican-republic-expanded-2026-05-20,2026-05-20T19:32:17.199Z,pending,none,needs_research,unknown|19.2992|-69.5805,node,guest_house,missingName; missingCity; missingWebsite; missingPhone
node/10823294756,OpenStreetMap,osm,ODbL,https://www.openstreetmap.org/node/10823294756,Domescape Glamping Miches,,,Dominican Republic,18.9846791,-68.8701632,https://www.facebook.com/domescapeglamping,,Domescape,osm-dominican-republic-expanded-2026-05-20,2026-05-20T19:32:17.199Z,pending,none,needs_research,domescape glamping miches|18.9847|-68.8702,node,guest_house,missingCity; missingPhone
node/10866068472,OpenStreetMap,osm,ODbL,https://www.openstreetmap.org/node/10866068472,Torre Tribeca,,,Dominican Republic,18.4778869,-69.9405971,,,,osm-dominican-republic-expanded-2026-05-20,2026-05-20T19:32:17.199Z,pending,none,needs_research,torre tribeca|18.4779|-69.9406,node,apartment,missingCity; missingWebsite; missingPhone
node/10880951451,OpenStreetMap,osm,ODbL,https://www.openstreetmap.org/node/10880951451,Hermosa Suites,,,Dominican Republic,18.6673362,-68.4155749,,,,osm-dominican-republic-expanded-2026-05-20,2026-05-20T19:32:17.199Z,pending,none,needs_research,hermosa suites|18.6673|-68.4156,node,guest_house,missingCity; missingWebsite; missingPhone
node/10899573605,OpenStreetMap,osm,ODbL,https://www.openstreetmap.org/node/10899573605,,S22 Villas de Cuesta Hermosa,,Dominican Republic,18.5133574,-69.9381287,,,,osm-dominican-republic-expanded-2026-05-20,2026-05-20T19:32:17.199Z,pending,none,needs_research,unknown|18.5134|-69.9381,node,apartment,missingName; missingCity; missingWebsite; missingPhone
node/10918526305,OpenStreetMap,osm,ODbL,https://www.openstreetmap.org/node/10918526305,,10 Calle Paseo del Viento,,Dominican Republic,18.5005009,-69.964865,,,,osm-dominican-republic-expanded-2026-05-20,2026-05-20T19:32:17.199Z,pending,none,needs_research,unknown|18.5005|-69.9649,node,apartment,missingName; missingCity; missingWebsite; missingPhone
node/10925382705,OpenStreetMap,osm,ODbL,https://www.openstreetmap.org/node/10925382705,,27 Garden city,,Dominican Republic,18.5517057,-69.8888741,,,,osm-dominican-republic-expanded-2026-05-20,2026-05-20T19:32:17.199Z,pending,none,needs_research,unknown|18.5517|-69.8889,node,apartment,missingName; missingCity; missingWebsite; missingPhone
node/10981467105,OpenStreetMap,osm,ODbL,https://www.openstreetmap.org/node/10981467105,,17 Calle paseo del sol 17,,Dominican Republic,18.5211429,-69.9643908,,,,osm-dominican-republic-expanded-2026-05-20,2026-05-20T19:32:17.199Z,pending,none,needs_research,unknown|18.5211|-69.9644,node,apartment,missingName; missingCity; missingWebsite; missingPhone
node/11035653720,OpenStreetMap,osm,ODbL,https://www.openstreetmap.org/node/11035653720,Hotel Casa Coco,"8 Calle Domínguez, Boca Chica",Boca Chica,Dominican Republic,18.4488406,-69.608473,https://hotelcasacoco.com,,,osm-dominican-republic-expanded-2026-05-20,2026-05-20T19:32:17.199Z,pending,none,needs_research,hotel casa coco|boca chica|dominican republic,node,hotel,missingPhone
node/11035653721,OpenStreetMap,osm,ODbL,https://www.openstreetmap.org/node/11035653721,Bicicletas Boca Chica,,,Dominican Republic,18.4489098,-69.6084001,,,,osm-dominican-republic-expanded-2026-05-20,2026-05-20T19:32:17.199Z,pending,none,needs_research,bicicletas boca chica|18.4489|-69.6084,node,hotel,missingCity; missingWebsite; missingPhone
node/11057172205,OpenStreetMap,osm,ODbL,https://www.openstreetmap.org/node/11057172205,Casa Papa Loco,,,Dominican Republic,18.6144463,-68.4105402,,,,osm-dominican-republic-expanded-2026-05-20,2026-05-20T19:32:17.199Z,pending,none,needs_research,casa papa loco|18.6144|-68.4105,node,guest_house,missingCity; missingWebsite; missingPhone
node/11077907951,OpenStreetMap,osm,ODbL,https://www.openstreetmap.org/node/11077907951,Residencial Hanna,17 Calle Padre Paules,,Dominican Republic,18.4874375,-69.8743125,,,,osm-dominican-republic-expanded-2026-05-20,2026-05-20T19:32:17.199Z,pending,none,needs_research,residencial hanna|18.4874|-69.8743,node,apartment,missingCity; missingWebsite; missingPhone
node/11102602341,OpenStreetMap,osm,ODbL,https://www.openstreetmap.org/node/11102602341,Villa Mamanita,"Camino interno, villa altagracia, 91000",villa altagracia,Dominican Republic,18.7223211,-70.2485889,https://instagram.com/villamamanita?utm_source=qr&igshid=MzNlNGNkZWQ4Mg%3D%3D,8492012297,Villa Mamanita,osm-dominican-republic-expanded-2026-05-20,2026-05-20T19:32:17.199Z,pending,none,needs_research,villa mamanita|villa altagracia|dominican republic,node,guest_house,
node/11106056290,OpenStreetMap,osm,ODbL,https://www.openstreetmap.org/node/11106056290,Villa Scooby,,,Dominican Republic,19.316302,-69.5338134,https://villascooby.com,,,osm-dominican-republic-expanded-2026-05-20,2026-05-20T19:32:17.199Z,pending,none,needs_research,villa scooby|19.3163|-69.5338,node,guest_house,missingCity; missingPhone
node/11158547600,OpenStreetMap,osm,ODbL,https://www.openstreetmap.org/node/11158547600,Los Corales Beach Village Suites,,,Dominican Republic,18.6821326,-68.4126113,https://www.loscoralesvillage.com,+18099156584,Los Corales Village - Grupo Dos,osm-dominican-republic-expanded-2026-05-20,2026-05-20T19:32:17.199Z,pending,none,needs_research,los corales beach village suites|18.6821|-68.4126,node,hotel,missingCity
node/11158547601,OpenStreetMap,osm,ODbL,https://www.openstreetmap.org/node/11158547601,Las Terrazas Condo Apartment,,,Dominican Republic,18.682313,-68.4138424,https://www.loscoralesvillage.com,+18099156584,Los Corales Village - Grupo Dos,osm-dominican-republic-expanded-2026-05-20,2026-05-20T19:32:17.199Z,pending,none,needs_research,las terrazas condo apartment|18.6823|-68.4138,node,hotel,missingCity
node/11158547602,OpenStreetMap,osm,ODbL,https://www.openstreetmap.org/node/11158547602,Flor del Mar Condo Apartment,,,Dominican Republic,18.6830117,-68.4135393,https://www.loscoralesvillage.com,+18099156584,Los Corales Village - Grupo Dos,osm-dominican-republic-expanded-2026-05-20,2026-05-20T19:32:17.199Z,pending,none,needs_research,flor del mar condo apartment|18.683|-68.4135,node,hotel,missingCity
node/11158547603,OpenStreetMap,osm,ODbL,https://www.openstreetmap.org/node/11158547603,La Piazzetta PREMIUM Suites,,,Dominican Republic,18.6821935,-68.4147892,https://www.loscoralesvillage.com,+18099156584,Los Corales Village - Grupo Dos,osm-dominican-republic-expanded-2026-05-20,2026-05-20T19:32:17.199Z,pending,none,needs_research,la piazzetta premium suites|18.6822|-68.4148,node,hotel,missingCity
node/11196218131,OpenStreetMap,osm,ODbL,https://www.openstreetmap.org/node/11196218131,hotel fundacipe,,,Dominican Republic,18.0313455,-71.7456757,,,,osm-dominican-republic-expanded-2026-05-20,2026-05-20T19:32:17.199Z,pending,none,needs_research,hotel fundacipe|18.0313|-71.7457,node,hotel,missingCity; missingWebsite; missingPhone
node/11216277399,OpenStreetMap,osm,ODbL,https://www.openstreetmap.org/node/11216277399,"Marriott Miches Beach, An All-Inclusive Resort",,,Dominican Republic,18.9817594,-69.0345651,,,Marriott,osm-dominican-republic-expanded-2026-05-20,2026-05-20T19:32:17.199Z,pending,none,needs_research,"marriott miches beach, an all-inclusive resort|18.9818|-69.0346",node,hotel,missingCity; missingWebsite; missingPhone
node/11244195837,OpenStreetMap,osm,ODbL,https://www.openstreetmap.org/node/11244195837,,M10#18 Penetracion,,Dominican Republic,18.5391902,-69.9020053,,,,osm-dominican-republic-expanded-2026-05-20,2026-05-20T19:32:17.199Z,pending,none,needs_research,unknown|18.5392|-69.902,node,apartment,missingName; missingCity; missingWebsite; missingPhone
node/11257403337,OpenStreetMap,osm,ODbL,https://www.openstreetmap.org/node/11257403337,,8 Calle Alba,,Dominican Republic,18.526476,-69.9070462,,,,osm-dominican-republic-expanded-2026-05-20,2026-05-20T19:32:17.199Z,pending,none,needs_research,unknown|18.5265|-69.907,node,apartment,missingName; missingCity; missingWebsite; missingPhone
node/11258546274,OpenStreetMap,osm,ODbL,https://www.openstreetmap.org/node/11258546274,Villa Castellamonte,,,Dominican Republic,19.6347271,-69.8959467,,,,osm-dominican-republic-expanded-2026-05-20,2026-05-20T19:32:17.199Z,pending,none,needs_research,villa castellamonte|19.6347|-69.8959,node,hotel,missingCity; missingWebsite; missingPhone
node/11569521269,OpenStreetMap,osm,ODbL,https://www.openstreetmap.org/node/11569521269,,27 Calle 43,,Dominican Republic,18.5048015,-69.9262648,,,,osm-dominican-republic-expanded-2026-05-20,2026-05-20T19:32:17.199Z,pending,none,needs_research,unknown|18.5048|-69.9263,node,apartment,missingName; missingCity; missingWebsite; missingPhone
node/11591834870,OpenStreetMap,osm,ODbL,https://www.openstreetmap.org/node/11591834870,,9A Calle Central,,Dominican Republic,18.5154029,-69.9382332,,8494470688,,osm-dominican-republic-expanded-2026-05-20,2026-05-20T19:32:17.199Z,pending,none,needs_research,unknown|18.5154|-69.9382,node,apartment,missingName; missingCity; missingWebsite
node/11622915670,OpenStreetMap,osm,ODbL,https://www.openstreetmap.org/node/11622915670,,49 Calle 3ra,,Dominican Republic,18.4883884,-69.9372086,,,,osm-dominican-republic-expanded-2026-05-20,2026-05-20T19:32:17.199Z,pending,none,needs_research,unknown|18.4884|-69.9372,node,apartment,missingName; missingCity; missingWebsite; missingPhone
node/11628073769,OpenStreetMap,osm,ODbL,https://www.openstreetmap.org/node/11628073769,Melia caribe beach resort,,,Dominican Republic,18.6731734,-68.4145065,,,,osm-dominican-republic-expanded-2026-05-20,2026-05-20T19:32:17.199Z,pending,none,needs_research,melia caribe beach resort|18.6732|-68.4145,node,hotel,missingCity; missingWebsite; missingPhone
node/11645729469,OpenStreetMap,osm,ODbL,https://www.openstreetmap.org/node/11645729469,,22 Calle 5,,Dominican Republic,18.5413734,-69.9063438,,,,osm-dominican-republic-expanded-2026-05-20,2026-05-20T19:32:17.199Z,pending,none,needs_research,unknown|18.5414|-69.9063,node,apartment,missingName; missingCity; missingWebsite; missingPhone
node/11700822269,OpenStreetMap,osm,ODbL,https://www.openstreetmap.org/node/11700822269,Pofirio rojas,,,Dominican Republic,19.2531054,-69.7248578,,8296025309,,osm-dominican-republic-expanded-2026-05-20,2026-05-20T19:32:17.199Z,pending,none,needs_research,pofirio rojas|19.2531|-69.7249,node,guest_house,missingCity; missingWebsite
node/11701134269,OpenStreetMap,osm,ODbL,https://www.openstreetmap.org/node/11701134269,,2,,Dominican Republic,19.2552916,-69.6950209,,,,osm-dominican-republic-expanded-2026-05-20,2026-05-20T19:32:17.199Z,pending,none,needs_research,unknown|19.2553|-69.695,node,guest_house,missingName; missingCity; missingWebsite; missingPhone
node/11701205769,OpenStreetMap,osm,ODbL,https://www.openstreetmap.org/node/11701205769,,,,Dominican Republic,19.2327432,-69.6070394,,8095107495,,osm-dominican-republic-expanded-2026-05-20,2026-05-20T19:32:17.199Z,pending,none,needs_research,unknown|19.2327|-69.607,node,guest_house,missingName; missingCity; missingWebsite
node/11701205770,OpenStreetMap,osm,ODbL,https://www.openstreetmap.org/node/11701205770,,,,Dominican Republic,19.2327233,-69.6070767,,8095107495,,osm-dominican-republic-expanded-2026-05-20,2026-05-20T19:32:17.199Z,pending,none,needs_research,unknown|19.2327|-69.6071,node,guest_house,missingName; missingCity; missingWebsite
node/11701328169,OpenStreetMap,osm,ODbL,https://www.openstreetmap.org/node/11701328169,Claudio Polanco,,,Dominican Republic,19.2277305,-69.6189437,,8492038493,,osm-dominican-republic-expanded-2026-05-20,2026-05-20T19:32:17.199Z,pending,none,needs_research,claudio polanco|19.2277|-69.6189,node,guest_house,missingCity; missingWebsite
node/11701333069,OpenStreetMap,osm,ODbL,https://www.openstreetmap.org/node/11701333069,Claudio Polanco,,,Dominican Republic,19.2278106,-69.619011,,8492038493,,osm-dominican-republic-expanded-2026-05-20,2026-05-20T19:32:17.199Z,pending,none,needs_research,claudio polanco|19.2278|-69.619,node,guest_house,missingCity; missingWebsite
node/11705916469,OpenStreetMap,osm,ODbL,https://www.openstreetmap.org/node/11705916469,,91 monte Cristi,,Dominican Republic,18.481334,-69.8977157,,,,osm-dominican-republic-expanded-2026-05-20,2026-05-20T19:32:17.199Z,pending,none,needs_research,unknown|18.4813|-69.8977,node,apartment,missingName; missingCity; missingWebsite; missingPhone
node/11705916470,OpenStreetMap,osm,ODbL,https://www.openstreetmap.org/node/11705916470,Awesome Airbnb $17,91 Calle Monte Christi,,Dominican Republic,18.4795815,-69.8977846,http://Airbnb.com,,,osm-dominican-republic-expanded-2026-05-20,2026-05-20T19:32:17.199Z,pending,none,needs_research,awesome airbnb $17|18.4796|-69.8978,node,apartment,missingCity; missingPhone
node/11724531571,OpenStreetMap,osm,ODbL,https://www.openstreetmap.org/node/11724531571,Francisco Villar,,,Dominican Republic,19.3016785,-70.3832786,,8292729908,,osm-dominican-republic-expanded-2026-05-20,2026-05-20T19:32:17.199Z,pending,none,needs_research,francisco villar|19.3017|-70.3833,node,guest_house,missingCity; missingWebsite
node/11724680769,OpenStreetMap,osm,ODbL,https://www.openstreetmap.org/node/11724680769,Mario María Toribio,,,Dominican Republic,19.3048008,-70.3967598,,,,osm-dominican-republic-expanded-2026-05-20,2026-05-20T19:32:17.199Z,pending,none,needs_research,mario maria toribio|19.3048|-70.3968,node,guest_house,missingCity; missingWebsite; missingPhone
node/11724857670,OpenStreetMap,osm,ODbL,https://www.openstreetmap.org/node/11724857670,Roberto Robinson,,,Dominican Republic,19.3676589,-70.431625,,,,osm-dominican-republic-expanded-2026-05-20,2026-05-20T19:32:17.199Z,pending,none,needs_research,roberto robinson|19.3677|-70.4316,node,guest_house,missingCity; missingWebsite; missingPhone
node/11724900469,OpenStreetMap,osm,ODbL,https://www.openstreetmap.org/node/11724900469,José Alejandro Payan,,,Dominican Republic,19.3656361,-70.4351058,,,,osm-dominican-republic-expanded-2026-05-20,2026-05-20T19:32:17.199Z,pending,none,needs_research,jose alejandro payan|19.3656|-70.4351,node,guest_house,missingCity; missingWebsite; missingPhone
node/11725161869,OpenStreetMap,osm,ODbL,https://www.openstreetmap.org/node/11725161869,Rafael Severino,,,Dominican Republic,19.3619329,-70.4409893,,,,osm-dominican-republic-expanded-2026-05-20,2026-05-20T19:32:17.199Z,pending,none,needs_research,rafael severino|19.3619|-70.441,node,guest_house,missingCity; missingWebsite; missingPhone
node/11725181469,OpenStreetMap,osm,ODbL,https://www.openstreetmap.org/node/11725181469,Ana Mercedes Joaquín,,,Dominican Republic,19.362502,-70.4470846,,,,osm-dominican-republic-expanded-2026-05-20,2026-05-20T19:32:17.199Z,pending,none,needs_research,ana mercedes joaquin|19.3625|-70.4471,node,guest_house,missingCity; missingWebsite; missingPhone
node/11732267879,OpenStreetMap,osm,ODbL,https://www.openstreetmap.org/node/11732267879,"Hotel Santiago, Curio Collection by Hilton","Av. Juan Pablo Duarte Esq, Santiago de los Caballeros, 51000",Santiago de los Caballeros,Dominican Republic,19.4581742,-70.6866037,https://www.hilton.com/en/hotels/stisaqq-hotel-santiago/?SEO_id=GMB-AMER-QQ-STISAQQ&y_source=1_OTgxMzcxNjUtNzE1LWxvY2F0aW9uLndlYnNpdGU%3D,+1 809 894 7000,Hilton,osm-dominican-republic-expanded-2026-05-20,2026-05-20T19:32:17.199Z,pending,none,needs_research,"hotel santiago, curio collection by hilton|santiago de los caballeros|dominican republic",node,hotel,
node/11766192870,OpenStreetMap,osm,ODbL,https://www.openstreetmap.org/node/11766192870,Nelson Yunior Meléndez,,,Dominican Republic,19.2579614,-69.5656663,,,,osm-dominican-republic-expanded-2026-05-20,2026-05-20T19:32:17.199Z,pending,none,needs_research,nelson yunior melendez|19.258|-69.5657,node,guest_house,missingCity; missingWebsite; missingPhone
node/11766386269,OpenStreetMap,osm,ODbL,https://www.openstreetmap.org/node/11766386269,César Javier de la Cruz,,,Dominican Republic,19.2220725,-69.5463026,,,,osm-dominican-republic-expanded-2026-05-20,2026-05-20T19:32:17.199Z,pending,none,needs_research,cesar javier de la cruz|19.2221|-69.5463,node,guest_house,missingCity; missingWebsite; missingPhone
node/11802285469,OpenStreetMap,osm,ODbL,https://www.openstreetmap.org/node/11802285469,Residencial Bélgica,,,Dominican Republic,18.4851495,-69.9670024,,,,osm-dominican-republic-expanded-2026-05-20,2026-05-20T19:32:17.199Z,pending,none,needs_research,residencial belgica|18.4851|-69.967,node,apartment,missingCity; missingWebsite; missingPhone
node/11807289670,OpenStreetMap,osm,ODbL,https://www.openstreetmap.org/node/11807289670,Altos de arroyo hondo 2,10p Calle J,,Dominican Republic,18.5058346,-69.9526157,,,,osm-dominican-republic-expanded-2026-05-20,2026-05-20T19:32:17.199Z,pending,none,needs_research,altos de arroyo hondo 2|18.5058|-69.9526,node,apartment,missingCity; missingWebsite; missingPhone
node/11808049569,OpenStreetMap,osm,ODbL,https://www.openstreetmap.org/node/11808049569,,3 Calle Carmen N. Bonilla,,Dominican Republic,18.5205382,-69.9609076,,,,osm-dominican-republic-expanded-2026-05-20,2026-05-20T19:32:17.199Z,pending,none,needs_research,unknown|18.5205|-69.9609,node,apartment,missingName; missingCity; missingWebsite; missingPhone
node/11826535303,OpenStreetMap,osm,ODbL,https://www.openstreetmap.org/node/11826535303,Gato Colonial,,,Dominican Republic,18.4761299,-69.88602,,,,osm-dominican-republic-expanded-2026-05-20,2026-05-20T19:32:17.199Z,pending,none,needs_research,gato colonial|18.4761|-69.886,node,hostel,missingCity; missingWebsite; missingPhone
node/11831271471,OpenStreetMap,osm,ODbL,https://www.openstreetmap.org/node/11831271471,Watermelon House,,,Dominican Republic,19.2060468,-69.3314173,,,,osm-dominican-republic-expanded-2026-05-20,2026-05-20T19:32:17.199Z,pending,none,needs_research,watermelon house|19.206|-69.3314,node,hostel,missingCity; missingWebsite; missingPhone
node/11835826869,OpenStreetMap,osm,ODbL,https://www.openstreetmap.org/node/11835826869,Boxy,,,Dominican Republic,18.6849733,-68.4193775,,,,osm-dominican-republic-expanded-2026-05-20,2026-05-20T19:32:17.199Z,pending,none,needs_research,boxy|18.685|-68.4194,node,apartment,missingCity; missingWebsite; missingPhone
node/11844917769,OpenStreetMap,osm,ODbL,https://www.openstreetmap.org/node/11844917769,Ramón,,,Dominican Republic,19.2269333,-69.6199533,,,,osm-dominican-republic-expanded-2026-05-20,2026-05-20T19:32:17.199Z,pending,none,needs_research,ramon|19.2269|-69.62,node,guest_house,missingCity; missingWebsite; missingPhone
node/11847656972,OpenStreetMap,osm,ODbL,https://www.openstreetmap.org/node/11847656972,Sola de Alexander en Hipódromo,,,Dominican Republic,18.4815905,-69.7873467,,,,osm-dominican-republic-expanded-2026-05-20,2026-05-20T19:32:17.199Z,pending,none,needs_research,sola de alexander en hipodromo|18.4816|-69.7873,node,guest_house,missingCity; missingWebsite; missingPhone
node/11851197388,OpenStreetMap,osm,ODbL,https://www.openstreetmap.org/node/11851197388,,28 Calle C,,Dominican Republic,18.5029911,-69.918494,,,,osm-dominican-republic-expanded-2026-05-20,2026-05-20T19:32:17.199Z,pending,none,needs_research,unknown|18.503|-69.9185,node,apartment,missingName; missingCity; missingWebsite; missingPhone
node/11874240474,OpenStreetMap,osm,ODbL,https://www.openstreetmap.org/node/11874240474,Hotel Garrido,"Calle 13, Higuey",Higuey,Dominican Republic,18.5940052,-68.7163504,,,,osm-dominican-republic-expanded-2026-05-20,2026-05-20T19:32:17.199Z,pending,none,needs_research,hotel garrido|higuey|dominican republic,node,hotel,missingWebsite; missingPhone
node/11999821369,OpenStreetMap,osm,ODbL,https://www.openstreetmap.org/node/11999821369,Colonial Cozy Apartments,"161 Avenida Independencia, Santo Domingo, 10209",Santo Domingo,Dominican Republic,18.4674124,-69.8952137,https://airbnb.it/h/ccapt,+393336115440,,osm-dominican-republic-expanded-2026-05-20,2026-05-20T19:32:17.199Z,pending,none,needs_research,colonial cozy apartments|santo domingo|dominican republic,node,apartment,
node/12009911070,OpenStreetMap,osm,ODbL,https://www.openstreetmap.org/node/12009911070,Solmi Rooms,"9 Ramón Cáceres, Santo Domingo Este, 11501",Santo Domingo Este,Dominican Republic,18.4871711,-69.8754091,https://linktr.ee/solmirooms,+1-809-892-4699,,osm-dominican-republic-expanded-2026-05-20,2026-05-20T19:32:17.199Z,pending,none,needs_research,solmi rooms|santo domingo este|dominican republic,node,apartment,
node/12038454403,OpenStreetMap,osm,ODbL,https://www.openstreetmap.org/node/12038454403,madame aparta hotel,Pedernales,Pedernales,Dominican Republic,18.0327721,-71.7393289,,+1 849-473-0730,,osm-dominican-republic-expanded-2026-05-20,2026-05-20T19:32:17.199Z,pending,none,needs_research,madame aparta hotel|pedernales|dominican republic,node,hotel,missingWebsite
node/12044776625,OpenStreetMap,osm,ODbL,https://www.openstreetmap.org/node/12044776625,Hotel Óleo Méndez,,,Dominican Republic,18.0353108,-71.7424865,,,,osm-dominican-republic-expanded-2026-05-20,2026-05-20T19:32:17.199Z,pending,none,needs_research,hotel oleo mendez|18.0353|-71.7425,node,hotel,missingCity; missingWebsite; missingPhone
node/12044776626,OpenStreetMap,osm,ODbL,https://www.openstreetmap.org/node/12044776626,hotel adelaida,,,Dominican Republic,18.0352853,-71.7422724,,,,osm-dominican-republic-expanded-2026-05-20,2026-05-20T19:32:17.199Z,pending,none,needs_research,hotel adelaida|18.0353|-71.7423,node,hotel,missingCity; missingWebsite; missingPhone
node/12044785937,OpenStreetMap,osm,ODbL,https://www.openstreetmap.org/node/12044785937,hotel Isla beata,,,Dominican Republic,18.0394733,-71.7419535,,,,osm-dominican-republic-expanded-2026-05-20,2026-05-20T19:32:17.199Z,pending,none,needs_research,hotel isla beata|18.0395|-71.742,node,hotel,missingCity; missingWebsite; missingPhone
node/12044986428,OpenStreetMap,osm,ODbL,https://www.openstreetmap.org/node/12044986428,restauran,,,Dominican Republic,18.8088021,-71.0092908,,,,osm-dominican-republic-expanded-2026-05-20,2026-05-20T19:32:17.199Z,pending,none,needs_research,restauran|18.8088|-71.0093,node,hotel,missingCity; missingWebsite; missingPhone
node/12116960002,OpenStreetMap,osm,ODbL,https://www.openstreetmap.org/node/12116960002,Refugio de Dios,Calle Pedro Henríquez Ureña,,Dominican Republic,18.2423279,-70.3005482,,,,osm-dominican-republic-expanded-2026-05-20,2026-05-20T19:32:17.199Z,pending,none,needs_research,refugio de dios|18.2423|-70.3005,node,apartment,missingCity; missingWebsite; missingPhone
node/12122489835,OpenStreetMap,osm,ODbL,https://www.openstreetmap.org/node/12122489835,Apartamento de Amueblado,"La Vega, 44000",La Vega,Dominican Republic,19.2098812,-70.536965,,+1-829-343-8079,,osm-dominican-republic-expanded-2026-05-20,2026-05-20T19:32:17.199Z,pending,none,needs_research,apartamento de amueblado|la vega|dominican republic,node,apartment,missingWebsite
node/12143082038,OpenStreetMap,osm,ODbL,https://www.openstreetmap.org/node/12143082038,Namaste Bávaro Beach (Apartment Hotel),"Calle Amarilla, Bavaro - Punta Cana, 23000",Bavaro - Punta Cana,Dominican Republic,18.6840253,-68.419072,,+1-829-428-6284,,osm-dominican-republic-expanded-2026-05-20,2026-05-20T19:32:17.199Z,pending,none,needs_research,namaste bavaro beach (apartment hotel)|bavaro - punta cana|dominican republic,node,apartment,missingWebsite
node/12290234501,OpenStreetMap,osm,ODbL,https://www.openstreetmap.org/node/12290234501,,,,Dominican Republic,19.3473126,-69.8576671,,,,osm-dominican-republic-expanded-2026-05-20,2026-05-20T19:32:17.199Z,pending,none,needs_research,unknown|19.3473|-69.8577,node,apartment,missingName; missingCity; missingWebsite; missingPhone
node/12536259200,OpenStreetMap,osm,ODbL,https://www.openstreetmap.org/node/12536259200,Cabarete Morning Breeze,,,Dominican Republic,19.750541,-70.4050465,,+18095710585,,osm-dominican-republic-expanded-2026-05-20,2026-05-20T19:32:17.199Z,pending,none,needs_research,cabarete morning breeze|19.7505|-70.405,node,hotel,missingCity; missingWebsite
node/12542637990,OpenStreetMap,osm,ODbL,https://www.openstreetmap.org/node/12542637990,Hotel Teresa,,,Dominican Republic,19.6471878,-70.076313,,,,osm-dominican-republic-expanded-2026-05-20,2026-05-20T19:32:17.199Z,pending,none,needs_research,hotel teresa|19.6472|-70.0763,node,hotel,missingCity; missingWebsite; missingPhone
node/12546573956,OpenStreetMap,osm,ODbL,https://www.openstreetmap.org/node/12546573956,Riviera Punta Cana,,,Dominican Republic,18.6857465,-68.4176638,,,,osm-dominican-republic-expanded-2026-05-20,2026-05-20T19:32:17.199Z,pending,none,needs_research,riviera punta cana|18.6857|-68.4177,node,hotel,missingCity; missingWebsite; missingPhone
node/12546573958,OpenStreetMap,osm,ODbL,https://www.openstreetmap.org/node/12546573958,Honky Tonky Punta Cana,,,Dominican Republic,18.6856499,-68.4178972,,,,osm-dominican-republic-expanded-2026-05-20,2026-05-20T19:32:17.199Z,pending,none,needs_research,honky tonky punta cana|18.6856|-68.4179,node,hotel,missingCity; missingWebsite; missingPhone
node/12546573960,OpenStreetMap,osm,ODbL,https://www.openstreetmap.org/node/12546573960,Noé Hotel,,,Dominican Republic,18.6839606,-68.421439,,,,osm-dominican-republic-expanded-2026-05-20,2026-05-20T19:32:17.199Z,pending,none,needs_research,noe hotel|18.684|-68.4214,node,hotel,missingCity; missingWebsite; missingPhone
node/12548896271,OpenStreetMap,osm,ODbL,https://www.openstreetmap.org/node/12548896271,,,,Dominican Republic,18.6842885,-68.4207199,,,,osm-dominican-republic-expanded-2026-05-20,2026-05-20T19:32:17.199Z,pending,none,needs_research,unknown|18.6843|-68.4207,node,guest_house,missingName; missingCity; missingWebsite; missingPhone
node/12577110001,OpenStreetMap,osm,ODbL,https://www.openstreetmap.org/node/12577110001,Apartamento #1 República Dominicana,"3E, 51000",,Dominican Republic,19.4108018,-70.6525988,,,,osm-dominican-republic-expanded-2026-05-20,2026-05-20T19:32:17.199Z,pending,none,needs_research,apartamento #1 republica dominicana|19.4108|-70.6526,node,apartment,missingCity; missingWebsite; missingPhone
node/12659951042,OpenStreetMap,osm,ODbL,https://www.openstreetmap.org/node/12659951042,Rig Hotel Boutique,,,Dominican Republic,18.4679487,-69.8904433,,,,osm-dominican-republic-expanded-2026-05-20,2026-05-20T19:32:17.199Z,pending,none,needs_research,rig hotel boutique|18.4679|-69.8904,node,hotel,missingCity; missingWebsite; missingPhone
node/12798112370,OpenStreetMap,osm,ODbL,https://www.openstreetmap.org/node/12798112370,Hotel & Apartments Buchen,"13 Calle 27 de Febrero, Samaná, 32000",Samaná,Dominican Republic,19.2050438,-69.3313655,https://gosamana-dominicanrepublic.com/buchen-apartments-samana-town.html,+1-829-364-3025,,osm-dominican-republic-expanded-2026-05-20,2026-05-20T19:32:17.199Z,pending,none,needs_research,hotel & apartments buchen|samana|dominican republic,node,hotel,
node/12818363772,OpenStreetMap,osm,ODbL,https://www.openstreetmap.org/node/12818363772,Holiday Inn Santo Domingo,,,Dominican Republic,18.4762894,-69.9364942,,,Holiday Inn,osm-dominican-republic-expanded-2026-05-20,2026-05-20T19:32:17.199Z,pending,none,needs_research,holiday inn santo domingo|18.4763|-69.9365,node,hotel,missingCity; missingWebsite; missingPhone
node/12849541339,OpenStreetMap,osm,ODbL,https://www.openstreetmap.org/node/12849541339,Hotel Faranda Single 1,,,Dominican Republic,18.6337841,-68.3972712,https://www.farandahotels.com/hotel/faranda-single-1-punta-cana,,,osm-dominican-republic-expanded-2026-05-20,2026-05-20T19:32:17.199Z,pending,none,needs_research,hotel faranda single 1|18.6338|-68.3973,node,hotel,missingCity; missingPhone
node/12869284254,OpenStreetMap,osm,ODbL,https://www.openstreetmap.org/node/12869284254,Residencial Shalom,"Avenida Fabio Herrera, Bani, 94000",Bani,Dominican Republic,18.2453184,-70.3281875,,,,osm-dominican-republic-expanded-2026-05-20,2026-05-20T19:32:17.199Z,pending,none,needs_research,residencial shalom|bani|dominican republic,node,apartment,missingWebsite; missingPhone
node/12914358579,OpenStreetMap,osm,ODbL,https://www.openstreetmap.org/node/12914358579,Leysi's Garden,"Carretera El Valle, Samana",Samana,Dominican Republic,19.2791306,-69.3318864,https://www.instagram.com/leisysgarden/?hl=es,+1 (829) 386-4733,,osm-dominican-republic-expanded-2026-05-20,2026-05-20T19:32:17.199Z,pending,none,needs_research,leysi's garden|samana|dominican republic,node,hostel,
node/12919682928,OpenStreetMap,osm,ODbL,https://www.openstreetmap.org/node/12919682928,Hotel el Escondite,"Calle Francisco del Rosario Sánchez, Samana, 32000",Samana,Dominican Republic,19.3125793,-69.5469487,,+1 (809) 427-3244,,osm-dominican-republic-expanded-2026-05-20,2026-05-20T19:32:17.199Z,pending,none,needs_research,hotel el escondite|samana|dominican republic,node,hotel,missingWebsite
node/12947207545,OpenStreetMap,osm,ODbL,https://www.openstreetmap.org/node/12947207545,hotel villasol Pedernales,"Joaquín balaguer, Pedernales",Pedernales,Dominican Republic,18.0393934,-71.734728,,+18096092788,,osm-dominican-republic-expanded-2026-05-20,2026-05-20T19:32:17.199Z,pending,none,needs_research,hotel villasol pedernales|pedernales|dominican republic,node,hotel,missingWebsite
node/12947286799,OpenStreetMap,osm,ODbL,https://www.openstreetmap.org/node/12947286799,HOTEL MADRID,Pedernales,Pedernales,Dominican Republic,18.0347666,-71.7358322,,+1 809-696-4959,,osm-dominican-republic-expanded-2026-05-20,2026-05-20T19:32:17.199Z,pending,none,needs_research,hotel madrid|pedernales|dominican republic,node,hotel,missingWebsite
node/12947329313,OpenStreetMap,osm,ODbL,https://www.openstreetmap.org/node/12947329313,La casa de mamita,,,Dominican Republic,18.0369261,-71.743666,,,,osm-dominican-republic-expanded-2026-05-20,2026-05-20T19:32:17.199Z,pending,none,needs_research,la casa de mamita|18.0369|-71.7437,node,motel,missingCity; missingWebsite; missingPhone
node/12947329314,OpenStreetMap,osm,ODbL,https://www.openstreetmap.org/node/12947329314,Hotel Casa Oasis,,,Dominican Republic,18.0354993,-71.7476954,,+1 809-467-0062,,osm-dominican-republic-expanded-2026-05-20,2026-05-20T19:32:17.199Z,pending,none,needs_research,hotel casa oasis|18.0355|-71.7477,node,hotel,missingCity; missingWebsite
node/12952042987,OpenStreetMap,osm,ODbL,https://www.openstreetmap.org/node/12952042987,Hotel Decameron (CERRADO),,,Dominican Republic,18.4288705,-69.4073696,,,,osm-dominican-republic-expanded-2026-05-20,2026-05-20T19:32:17.199Z,pending,none,needs_research,hotel decameron (cerrado)|18.4289|-69.4074,node,hotel,missingCity; missingWebsite; missingPhone
node/12961247392,OpenStreetMap,osm,ODbL,https://www.openstreetmap.org/node/12961247392,Hilton Garden Inn La Romana,,,Dominican Republic,18.4029461,-68.989494,,,Hilton Garden Inn,osm-dominican-republic-expanded-2026-05-20,2026-05-20T19:32:17.199Z,pending,none,needs_research,hilton garden inn la romana|18.4029|-68.9895,node,hotel,missingCity; missingWebsite; missingPhone
node/12998607201,OpenStreetMap,osm,ODbL,https://www.openstreetmap.org/node/12998607201,Impressive Punta Cana - All Inclusive,"AB 108 Avenida Alemania, 23000",,Dominican Republic,18.6884029,-68.4182155,,,,osm-dominican-republic-expanded-2026-05-20,2026-05-20T19:32:17.199Z,pending,none,needs_research,impressive punta cana - all inclusive|18.6884|-68.4182,node,hotel,missingCity; missingWebsite; missingPhone
node/12998788201,OpenStreetMap,osm,ODbL,https://www.openstreetmap.org/node/12998788201,Hotel Bocaino,"Calle Mella Boca de Yuma, 23000",,Dominican Republic,18.3741788,-68.6101255,,,,osm-dominican-republic-expanded-2026-05-20,2026-05-20T19:32:17.199Z,pending,none,needs_research,hotel bocaino|18.3742|-68.6101,node,hotel,missingCity; missingWebsite; missingPhone
node/13050362262,OpenStreetMap,osm,ODbL,https://www.openstreetmap.org/node/13050362262,Hostal Shivas,"Km #8 Carretera El Valle, El Valle, Samana, 35000","El Valle, Samana",Dominican Republic,19.279798,-69.3315889,https://www.instagram.com/ganeshvillage/,+1 (809) 769-1723,,osm-dominican-republic-expanded-2026-05-20,2026-05-20T19:32:17.199Z,pending,none,needs_research,"hostal shivas|el valle, samana|dominican republic",node,hostel,
node/13081433749,OpenStreetMap,osm,ODbL,https://www.openstreetmap.org/node/13081433749,Viva Dominicus Beach by Wyndham,,,Dominican Republic,18.3490053,-68.8288237,https://vivaresortsbywyndham.com/viva-dominicus-beach/,,,osm-dominican-republic-expanded-2026-05-20,2026-05-20T19:32:17.199Z,pending,none,needs_research,viva dominicus beach by wyndham|18.349|-68.8288,node,hotel,missingCity; missingPhone
node/13153244664,OpenStreetMap,osm,ODbL,https://www.openstreetmap.org/node/13153244664,,,,Dominican Republic,18.4292826,-70.0848942,,,,osm-dominican-republic-expanded-2026-05-20,2026-05-20T19:32:17.199Z,pending,none,needs_research,unknown|18.4293|-70.0849,node,motel,missingName; missingCity; missingWebsite; missingPhone
node/13153244688,OpenStreetMap,osm,ODbL,https://www.openstreetmap.org/node/13153244688,,,,Dominican Republic,18.4278485,-70.0817737,,,,osm-dominican-republic-expanded-2026-05-20,2026-05-20T19:32:17.199Z,pending,none,needs_research,unknown|18.4278|-70.0818,node,motel,missingName; missingCity; missingWebsite; missingPhone
node/13153250954,OpenStreetMap,osm,ODbL,https://www.openstreetmap.org/node/13153250954,,,,Dominican Republic,18.4190891,-70.0832352,,,,osm-dominican-republic-expanded-2026-05-20,2026-05-20T19:32:17.199Z,pending,none,needs_research,unknown|18.4191|-70.0832,node,motel,missingName; missingCity; missingWebsite; missingPhone
node/13153845364,OpenStreetMap,osm,ODbL,https://www.openstreetmap.org/node/13153845364,,,,Dominican Republic,18.3923128,-70.1078328,,,,osm-dominican-republic-expanded-2026-05-20,2026-05-20T19:32:17.199Z,pending,none,needs_research,unknown|18.3923|-70.1078,node,motel,missingName; missingCity; missingWebsite; missingPhone
node/13154430213,OpenStreetMap,osm,ODbL,https://www.openstreetmap.org/node/13154430213,Motel El Triangulo,,,Dominican Republic,19.0578696,-69.3888504,,,,osm-dominican-republic-expanded-2026-05-20,2026-05-20T19:32:17.199Z,pending,none,needs_research,motel el triangulo|19.0579|-69.3889,node,motel,missingCity; missingWebsite; missingPhone
node/13154430322,OpenStreetMap,osm,ODbL,https://www.openstreetmap.org/node/13154430322,Antiguo Hotel El 3,,,Dominican Republic,19.0298779,-69.3851036,,,,osm-dominican-republic-expanded-2026-05-20,2026-05-20T19:32:17.199Z,pending,none,needs_research,antiguo hotel el 3|19.0299|-69.3851,node,hotel,missingCity; missingWebsite; missingPhone
node/13165874914,OpenStreetMap,osm,ODbL,https://www.openstreetmap.org/node/13165874914,Casa Barbara Las Terrenas,"25 Calle Rancho La Playa, Las Terrenas, 32200",Las Terrenas,Dominican Republic,19.3173495,-69.5419982,https://www.casabarbara.net,+1 809-899-1511,,osm-dominican-republic-expanded-2026-05-20,2026-05-20T19:32:17.199Z,pending,none,needs_research,casa barbara las terrenas|las terrenas|dominican republic,node,guest_house,
node/13186971001,OpenStreetMap,osm,ODbL,https://www.openstreetmap.org/node/13186971001,Apartamento la paz,"23 Avenida Penetración Este, 63737373",,Dominican Republic,19.4628422,-70.7403536,,6464264346,,osm-dominican-republic-expanded-2026-05-20,2026-05-20T19:32:17.199Z,pending,none,needs_research,apartamento la paz|19.4628|-70.7404,node,apartment,missingCity; missingWebsite
node/13231723317,OpenStreetMap,osm,ODbL,https://www.openstreetmap.org/node/13231723317,Hotel karymi,,,Dominican Republic,18.0374862,-71.7424113,,,,osm-dominican-republic-expanded-2026-05-20,2026-05-20T19:32:17.199Z,pending,none,needs_research,hotel karymi|18.0375|-71.7424,node,hotel,missingCity; missingWebsite; missingPhone
node/13231723318,OpenStreetMap,osm,ODbL,https://www.openstreetmap.org/node/13231723318,Hostal y Restaurant Doña Cuca Jordan,,,Dominican Republic,18.0381329,-71.7424954,,,,osm-dominican-republic-expanded-2026-05-20,2026-05-20T19:32:17.199Z,pending,none,needs_research,hostal y restaurant dona cuca jordan|18.0381|-71.7425,node,hotel,missingCity; missingWebsite; missingPhone
node/13231723319,OpenStreetMap,osm,ODbL,https://www.openstreetmap.org/node/13231723319,hostal rincónsito cibaeño,,,Dominican Republic,18.0381696,-71.7420836,,,,osm-dominican-republic-expanded-2026-05-20,2026-05-20T19:32:17.199Z,pending,none,needs_research,hostal rinconsito cibaeno|18.0382|-71.7421,node,hotel,missingCity; missingWebsite; missingPhone
node/13231723320,OpenStreetMap,osm,ODbL,https://www.openstreetmap.org/node/13231723320,hotel la flor de ale,,,Dominican Republic,18.0369895,-71.7425103,,,,osm-dominican-republic-expanded-2026-05-20,2026-05-20T19:32:17.199Z,pending,none,needs_research,hotel la flor de ale|18.037|-71.7425,node,hotel,missingCity; missingWebsite; missingPhone
node/13231723321,OpenStreetMap,osm,ODbL,https://www.openstreetmap.org/node/13231723321,hotel zoila antonio,,,Dominican Republic,18.0368925,-71.7428788,,,,osm-dominican-republic-expanded-2026-05-20,2026-05-20T19:32:17.199Z,pending,none,needs_research,hotel zoila antonio|18.0369|-71.7429,node,hotel,missingCity; missingWebsite; missingPhone
node/13249170702,OpenStreetMap,osm,ODbL,https://www.openstreetmap.org/node/13249170702,Sponge Bob Square Panta House,,,Dominican Republic,18.8014472,-68.5733968,,,,osm-dominican-republic-expanded-2026-05-20,2026-05-20T19:32:17.199Z,pending,none,needs_research,sponge bob square panta house|18.8014|-68.5734,node,apartment,missingCity; missingWebsite; missingPhone
node/13278847933,OpenStreetMap,osm,ODbL,https://www.openstreetmap.org/node/13278847933,"Villas Maranata, Las Terrenas",,,Dominican Republic,19.295938,-69.5959483,,,,osm-dominican-republic-expanded-2026-05-20,2026-05-20T19:32:17.199Z,pending,none,needs_research,"villas maranata, las terrenas|19.2959|-69.5959",node,hotel,missingCity; missingWebsite; missingPhone
node/13278847939,OpenStreetMap,osm,ODbL,https://www.openstreetmap.org/node/13278847939,Hotel Playa Coson,,,Dominican Republic,19.2955595,-69.5981861,,,,osm-dominican-republic-expanded-2026-05-20,2026-05-20T19:32:17.199Z,pending,none,needs_research,hotel playa coson|19.2956|-69.5982,node,hotel,missingCity; missingWebsite; missingPhone
node/13311173931,OpenStreetMap,osm,ODbL,https://www.openstreetmap.org/node/13311173931,The Hub by Acunmedya,,,Dominican Republic,18.4395961,-68.8697398,,,,osm-dominican-republic-expanded-2026-05-20,2026-05-20T19:32:17.199Z,pending,none,needs_research,the hub by acunmedya|18.4396|-68.8697,node,hotel,missingCity; missingWebsite; missingPhone
node/13322473574,OpenStreetMap,osm,ODbL,https://www.openstreetmap.org/node/13322473574,hotel undanda,,,Dominican Republic,18.0382628,-71.7494698,,,,osm-dominican-republic-expanded-2026-05-20,2026-05-20T19:32:17.199Z,pending,none,needs_research,hotel undanda|18.0383|-71.7495,node,hotel,missingCity; missingWebsite; missingPhone
node/13322473576,OpenStreetMap,osm,ODbL,https://www.openstreetmap.org/node/13322473576,hotel Ruber,,,Dominican Republic,18.0380948,-71.749211,,,,osm-dominican-republic-expanded-2026-05-20,2026-05-20T19:32:17.199Z,pending,none,needs_research,hotel ruber|18.0381|-71.7492,node,hotel,missingCity; missingWebsite; missingPhone
node/13322963399,OpenStreetMap,osm,ODbL,https://www.openstreetmap.org/node/13322963399,sfm hotel,,,Dominican Republic,18.0344212,-71.7432088,,,,osm-dominican-republic-expanded-2026-05-20,2026-05-20T19:32:17.199Z,pending,none,needs_research,sfm hotel|18.0344|-71.7432,node,motel,missingCity; missingWebsite; missingPhone
node/13323009901,OpenStreetMap,osm,ODbL,https://www.openstreetmap.org/node/13323009901,hotel pegui,,,Dominican Republic,18.0345657,-71.7433899,,,,osm-dominican-republic-expanded-2026-05-20,2026-05-20T19:32:17.199Z,pending,none,needs_research,hotel pegui|18.0346|-71.7434,node,motel,missingCity; missingWebsite; missingPhone
node/13424222116,OpenStreetMap,osm,ODbL,https://www.openstreetmap.org/node/13424222116,Cabañas La Uni,,,Dominican Republic,18.4248245,-69.9940327,,,,osm-dominican-republic-expanded-2026-05-20,2026-05-20T19:32:17.199Z,pending,none,needs_research,cabanas la uni|18.4248|-69.994,node,motel,missingCity; missingWebsite; missingPhone
node/13424222118,OpenStreetMap,osm,ODbL,https://www.openstreetmap.org/node/13424222118,Cabañas Yes,,,Dominican Republic,18.4253454,-69.9927506,,,,osm-dominican-republic-expanded-2026-05-20,2026-05-20T19:32:17.199Z,pending,none,needs_research,cabanas yes|18.4253|-69.9928,node,motel,missingCity; missingWebsite; missingPhone
node/13435122130,OpenStreetMap,osm,ODbL,https://www.openstreetmap.org/node/13435122130,,,,Dominican Republic,18.6845451,-68.4203154,,,,osm-dominican-republic-expanded-2026-05-20,2026-05-20T19:32:17.199Z,pending,none,needs_research,unknown|18.6845|-68.4203,node,hostel,missingName; missingCity; missingWebsite; missingPhone
node/13503259301,OpenStreetMap,osm,ODbL,https://www.openstreetmap.org/node/13503259301,Punta Cana Ecolodge Costa Arrecife Lavacama,,,Dominican Republic,18.8850667,-68.6543617,https://www.cabareteecolodgebeach.com/,+18098531113,,osm-dominican-republic-expanded-2026-05-20,2026-05-20T19:32:17.199Z,pending,none,needs_research,punta cana ecolodge costa arrecife lavacama|18.8851|-68.6544,node,hotel,missingCity
node/13591844893,OpenStreetMap,osm,ODbL,https://www.openstreetmap.org/node/13591844893,PF Hotel,"Avenida Dr. José Augusto Puig, puerto plata, 57000",puerto plata,Dominican Republic,19.7799312,-70.6821241,,,,osm-dominican-republic-expanded-2026-05-20,2026-05-20T19:32:17.199Z,pending,none,needs_research,pf hotel|puerto plata|dominican republic,node,hotel,missingWebsite; missingPhone
node/13623931536,OpenStreetMap,osm,ODbL,https://www.openstreetmap.org/node/13623931536,Hotel Anselmo,"Autopista las Américas KM 36, Boca Chica",Boca Chica,Dominican Republic,18.4519907,-69.5993668,https://anselmohotelrd.com/,8099602807,,osm-dominican-republic-expanded-2026-05-20,2026-05-20T19:32:17.199Z,pending,none,needs_research,hotel anselmo|boca chica|dominican republic,node,hotel,
node/13801667501,OpenStreetMap,osm,ODbL,https://www.openstreetmap.org/node/13801667501,Hotel Restaurante Abys Nefertiti,"6 Amatista, 22000",,Dominican Republic,18.4354629,-68.9652297,,+18093499472,,osm-dominican-republic-expanded-2026-05-20,2026-05-20T19:32:17.199Z,pending,none,needs_research,hotel restaurante abys nefertiti|18.4355|-68.9652,node,hotel,missingCity; missingWebsite
node/13801667502,OpenStreetMap,osm,ODbL,https://www.openstreetmap.org/node/13801667502,Onyx Luxury,"6 Amatista, 22000",,Dominican Republic,18.4355307,-68.9654079,https://onyxluxuryrd.com/,+18093497372,,osm-dominican-republic-expanded-2026-05-20,2026-05-20T19:32:17.199Z,pending,none,needs_research,onyx luxury|18.4355|-68.9654,node,hotel,missingCity
way/27956819,OpenStreetMap,osm,ODbL,https://www.openstreetmap.org/way/27956819,Iberostar Waves Punta Cana,"Carretera Arena Gorda Playa Bávaro, Punta Cana, 23000",Punta Cana,Dominican Republic,18.7173048,-68.4523189,https://www.iberostar.com/en/hotels/punta-cana/iberostar-waves-punta-cana/,+1-809-221-6500,Iberostar Hotels & Resorts,osm-dominican-republic-expanded-2026-05-20,2026-05-20T19:32:17.199Z,pending,none,needs_research,iberostar waves punta cana|punta cana|dominican republic,way,hotel,
way/27956853,OpenStreetMap,osm,ODbL,https://www.openstreetmap.org/way/27956853,Iberostar Waves Dominicana,"Carr. El Macao - Arena Gorda, Punta Cana, 23000",Punta Cana,Dominican Republic,18.7164959,-68.4512567,https://www.iberostar.com/en/hotels/punta-cana/iberostar-dominicana/,+1 809-221-6500,Iberostar Hotels & Resorts,osm-dominican-republic-expanded-2026-05-20,2026-05-20T19:32:17.199Z,pending,none,needs_research,iberostar waves dominicana|punta cana|dominican republic,way,hotel,
way/27957139,OpenStreetMap,osm,ODbL,https://www.openstreetmap.org/way/27957139,Hotel Riu Palace Macao,"Avenida Estados Unidos, Punta Cana, 23302",Punta Cana,Dominican Republic,18.7203349,-68.4555171,https://www.riu.com/en/hotel/dominican-republic/punta-cana/hotel-riu-palace-macao/,+1 809-221-7171,RIU,osm-dominican-republic-expanded-2026-05-20,2026-05-20T19:32:17.199Z,pending,none,needs_research,hotel riu palace macao|punta cana|dominican republic,way,hotel,
way/31854366,OpenStreetMap,osm,ODbL,https://www.openstreetmap.org/way/31854366,Cabaña Turística Poseidon,"Autopista Presidente Dr. Joaquín Balaguer, Santiago, DO",Santiago,DO,19.5006533,-70.7417359,,,,osm-dominican-republic-expanded-2026-05-20,2026-05-20T19:32:17.199Z,pending,none,needs_research,cabana turistica poseidon|santiago|do,way,motel,missingWebsite; missingPhone
way/31854755,OpenStreetMap,osm,ODbL,https://www.openstreetmap.org/way/31854755,Gran Hotel Cibao,"Autopista Duarte, Santiago, DO",Santiago,DO,19.4315483,-70.654675,,,,osm-dominican-republic-expanded-2026-05-20,2026-05-20T19:32:17.199Z,pending,none,needs_research,gran hotel cibao|santiago|do,way,hotel,missingWebsite; missingPhone
way/31854875,OpenStreetMap,osm,ODbL,https://www.openstreetmap.org/way/31854875,Cabaña Touristica,"Autopista Duarte, Santiago, DO",Santiago,DO,19.4271495,-70.6520311,,,,osm-dominican-republic-expanded-2026-05-20,2026-05-20T19:32:17.199Z,pending,none,needs_research,cabana touristica|santiago|do,way,motel,missingWebsite; missingPhone
way/31855485,OpenStreetMap,osm,ODbL,https://www.openstreetmap.org/way/31855485,Cabaña Touristica Ethics,,,Dominican Republic,19.4113035,-70.6382555,,,,osm-dominican-republic-expanded-2026-05-20,2026-05-20T19:32:17.199Z,pending,none,needs_research,cabana touristica ethics|19.4113|-70.6383,way,motel,missingCity; missingWebsite; missingPhone
way/31856075,OpenStreetMap,osm,ODbL,https://www.openstreetmap.org/way/31856075,Cabaña Turística Palmar,,,Dominican Republic,19.4198599,-70.6503277,,,,osm-dominican-republic-expanded-2026-05-20,2026-05-20T19:32:17.199Z,pending,none,needs_research,cabana turistica palmar|19.4199|-70.6503,way,motel,missingCity; missingWebsite; missingPhone
way/31856119,OpenStreetMap,osm,ODbL,https://www.openstreetmap.org/way/31856119,Cabaña Turística Bora Bora,,,Dominican Republic,19.4184028,-70.6489285,,,,osm-dominican-republic-expanded-2026-05-20,2026-05-20T19:32:17.199Z,pending,none,needs_research,cabana turistica bora bora|19.4184|-70.6489,way,motel,missingCity; missingWebsite; missingPhone
way/31858860,OpenStreetMap,osm,ODbL,https://www.openstreetmap.org/way/31858860,Cabaña Turistica,,,Dominican Republic,19.5069667,-70.7453222,,,,osm-dominican-republic-expanded-2026-05-20,2026-05-20T19:32:17.199Z,pending,none,needs_research,cabana turistica|19.507|-70.7453,way,motel,missingCity; missingWebsite; missingPhone
way/31865735,OpenStreetMap,osm,ODbL,https://www.openstreetmap.org/way/31865735,Centro Español,,,Dominican Republic,19.4207194,-70.6691618,,,,osm-dominican-republic-expanded-2026-05-20,2026-05-20T19:32:17.199Z,pending,none,needs_research,centro espanol|19.4207|-70.6692,way,hotel,missingCity; missingWebsite; missingPhone
way/31874599,OpenStreetMap,osm,ODbL,https://www.openstreetmap.org/way/31874599,Cabaña Turística Eclipse,,,Dominican Republic,19.4194289,-70.6484634,,,,osm-dominican-republic-expanded-2026-05-20,2026-05-20T19:32:17.199Z,pending,none,needs_research,cabana turistica eclipse|19.4194|-70.6485,way,motel,missingCity; missingWebsite; missingPhone
way/31874725,OpenStreetMap,osm,ODbL,https://www.openstreetmap.org/way/31874725,Cabaña Turística Helios,,,Dominican Republic,19.417395,-70.6489799,,,,osm-dominican-republic-expanded-2026-05-20,2026-05-20T19:32:17.199Z,pending,none,needs_research,cabana turistica helios|19.4174|-70.649,way,motel,missingCity; missingWebsite; missingPhone
way/31874957,OpenStreetMap,osm,ODbL,https://www.openstreetmap.org/way/31874957,Cabaña Turística Bora Bora,,,Dominican Republic,19.4195432,-70.6489457,,,,osm-dominican-republic-expanded-2026-05-20,2026-05-20T19:32:17.199Z,pending,none,needs_research,cabana turistica bora bora|19.4195|-70.6489,way,motel,missingCity; missingWebsite; missingPhone
way/31895158,OpenStreetMap,osm,ODbL,https://www.openstreetmap.org/way/31895158,Zeus Aparta Hotel,,,Dominican Republic,19.4180019,-70.6400407,,,,osm-dominican-republic-expanded-2026-05-20,2026-05-20T19:32:17.199Z,pending,none,needs_research,zeus aparta hotel|19.418|-70.64,way,motel,missingCity; missingWebsite; missingPhone
way/33120922,OpenStreetMap,osm,ODbL,https://www.openstreetmap.org/way/33120922,Hotel Occidental Allegro Playa Dorada,,,Dominican Republic,19.765833,-70.6388762,,,,osm-dominican-republic-expanded-2026-05-20,2026-05-20T19:32:17.199Z,pending,none,needs_research,hotel occidental allegro playa dorada|19.7658|-70.6389,way,hotel,missingCity; missingWebsite; missingPhone
way/33143969,OpenStreetMap,osm,ODbL,https://www.openstreetmap.org/way/33143969,Hotel Luperón,,,Dominican Republic,19.9085997,-70.9534082,,,,osm-dominican-republic-expanded-2026-05-20,2026-05-20T19:32:17.199Z,pending,none,needs_research,hotel luperon|19.9086|-70.9534,way,hotel,missingCity; missingWebsite; missingPhone
way/34879211,OpenStreetMap,osm,ODbL,https://www.openstreetmap.org/way/34879211,Barcelo Punta Cana Hotel,,,Dominican Republic,18.7336433,-68.4718416,,,,osm-dominican-republic-expanded-2026-05-20,2026-05-20T19:32:17.199Z,pending,none,needs_research,barcelo punta cana hotel|18.7336|-68.4718,way,hotel,missingCity; missingWebsite; missingPhone
way/45753245,OpenStreetMap,osm,ODbL,https://www.openstreetmap.org/way/45753245,,,,Dominican Republic,18.6933315,-68.4323236,,,,osm-dominican-republic-expanded-2026-05-20,2026-05-20T19:32:17.199Z,pending,none,needs_research,unknown|18.6933|-68.4323,way,hotel,missingName; missingCity; missingWebsite; missingPhone
way/53581002,OpenStreetMap,osm,ODbL,https://www.openstreetmap.org/way/53581002,Hotel Riu Bambu,"Playa Arena Gorda, Punta Cana, 23302",Punta Cana,Dominican Republic,18.7226758,-68.4572682,https://www.riu.com/en/hotel/dominican-republic/punta-cana/hotel-riu-bambu,+1 809-221-7575,Riu Hotels & Resorts,osm-dominican-republic-expanded-2026-05-20,2026-05-20T19:32:17.199Z,pending,none,needs_research,hotel riu bambu|punta cana|dominican republic,way,hotel,
way/93553072,OpenStreetMap,osm,ODbL,https://www.openstreetmap.org/way/93553072,Hotel Dominican Fiesta,,,Dominican Republic,18.4396732,-69.9692967,,,Fiesta,osm-dominican-republic-expanded-2026-05-20,2026-05-20T19:32:17.199Z,pending,none,needs_research,hotel dominican fiesta|18.4397|-69.9693,way,hotel,missingCity; missingWebsite; missingPhone
way/100550989,OpenStreetMap,osm,ODbL,https://www.openstreetmap.org/way/100550989,,,,Dominican Republic,18.7034545,-68.4419138,,,,osm-dominican-republic-expanded-2026-05-20,2026-05-20T19:32:17.199Z,pending,none,needs_research,unknown|18.7035|-68.4419,way,hotel,missingName; missingCity; missingWebsite; missingPhone
way/100550993,OpenStreetMap,osm,ODbL,https://www.openstreetmap.org/way/100550993,Paradius Punta Cana Hotel,,,Dominican Republic,18.7016038,-68.439241,,,,osm-dominican-republic-expanded-2026-05-20,2026-05-20T19:32:17.199Z,pending,none,needs_research,paradius punta cana hotel|18.7016|-68.4392,way,hotel,missingCity; missingWebsite; missingPhone
way/104638412,OpenStreetMap,osm,ODbL,https://www.openstreetmap.org/way/104638412,,,,Dominican Republic,18.6601844,-68.3961732,,,,osm-dominican-republic-expanded-2026-05-20,2026-05-20T19:32:17.199Z,pending,none,needs_research,unknown|18.6602|-68.3962,way,hotel,missingName; missingCity; missingWebsite; missingPhone
way/104646167,OpenStreetMap,osm,ODbL,https://www.openstreetmap.org/way/104646167,Barceló Bávaro Beach – Adults only,,,Dominican Republic,18.6676765,-68.399608,https://www.barcelo.com/en-us/barcelo-bavaro-beach/?utm_source=google&utm_medium=organic&utm_campaign=my_business&utm_content=7389,+18096865797,,osm-dominican-republic-expanded-2026-05-20,2026-05-20T19:32:17.199Z,pending,none,needs_research,barcelo bavaro beach – adults only|18.6677|-68.3996,way,hotel,missingCity
way/104646168,OpenStreetMap,osm,ODbL,https://www.openstreetmap.org/way/104646168,,,,Dominican Republic,18.6621059,-68.3929998,,,,osm-dominican-republic-expanded-2026-05-20,2026-05-20T19:32:17.199Z,pending,none,needs_research,unknown|18.6621|-68.393,way,hotel,missingName; missingCity; missingWebsite; missingPhone
way/110955858,OpenStreetMap,osm,ODbL,https://www.openstreetmap.org/way/110955858,Iberostar Selection Bavaro Suites,"Carr. El Macao - Arena Gorda, Punta Cana, 23000",Punta Cana,Dominican Republic,18.7132868,-68.4504159,https://www.iberostar.com/en/hotels/punta-cana/iberostar-selection-bavaro-suites/,+1 809-221-6500,Iberostar Hotels & Resorts,osm-dominican-republic-expanded-2026-05-20,2026-05-20T19:32:17.199Z,pending,none,needs_research,iberostar selection bavaro suites|punta cana|dominican republic,way,hotel,
way/110962847,OpenStreetMap,osm,ODbL,https://www.openstreetmap.org/way/110962847,Iberostar Selection Coral Bávaro,"Carr. El Macao - Arena Gorda, Punta Cana, 23001",Punta Cana,Dominican Republic,18.7170623,-68.4502253,https://www.iberostar.com/en/hotels/punta-cana/iberostar-selection-coral-bavaro/,+1 809-221-6500,Iberostar Hotels & Resorts,osm-dominican-republic-expanded-2026-05-20,2026-05-20T19:32:17.199Z,pending,none,needs_research,iberostar selection coral bavaro|punta cana|dominican republic,way,hotel,
way/127931752,OpenStreetMap,osm,ODbL,https://www.openstreetmap.org/way/127931752,Aventura,"Calle Principal, La Canela, 51103, DO",La Canela,DO,19.4765033,-70.8023376,,,,osm-dominican-republic-expanded-2026-05-20,2026-05-20T19:32:17.199Z,pending,none,needs_research,aventura|la canela|do,way,motel,missingWebsite; missingPhone
way/136390467,OpenStreetMap,osm,ODbL,https://www.openstreetmap.org/way/136390467,Iberostar Waves Costa Dorada,"Km 4 Carretera Luperón, Marapica, 57000",Marapica,Dominican Republic,19.7759797,-70.6580692,https://www.iberostar.com/en/hotels/puerto-plata/iberostar-waves-costa-dorada/,+1 809-320-1000,Iberostar Hotels & Resorts,osm-dominican-republic-expanded-2026-05-20,2026-05-20T19:32:17.199Z,pending,none,needs_research,iberostar waves costa dorada|marapica|dominican republic,way,hotel,
way/142306645,OpenStreetMap,osm,ODbL,https://www.openstreetmap.org/way/142306645,Hotel Riu Naiboa,"Carr. El Macao - Arena Gorda, Punta Cana, 23000",Punta Cana,Dominican Republic,18.7176172,-68.4553328,https://www.riu.com/en/hotel/dominican-republic/punta-cana/hotel-riu-naiboa/,+1 809-221-7515,RIU,osm-dominican-republic-expanded-2026-05-20,2026-05-20T19:32:17.199Z,pending,none,needs_research,hotel riu naiboa|punta cana|dominican republic,way,hotel,
way/142306646,OpenStreetMap,osm,ODbL,https://www.openstreetmap.org/way/142306646,Hotel Riu Palace Punta Cana,"Playa de Arena Gorda, Punta Cana, 23000",Punta Cana,Dominican Republic,18.7233055,-68.4589037,https://www.riu.com/en/hotel/dominican-republic/punta-cana/hotel-riu-palace-punta-cana/,+1 809-687-4242,RIU,osm-dominican-republic-expanded-2026-05-20,2026-05-20T19:32:17.199Z,pending,none,needs_research,hotel riu palace punta cana|punta cana|dominican republic,way,hotel,
way/151713273,OpenStreetMap,osm,ODbL,https://www.openstreetmap.org/way/151713273,Alisei,,,Dominican Republic,19.3259916,-69.5457683,https://www.aliseihotelspa.com/,809-240-5555,,osm-dominican-republic-expanded-2026-05-20,2026-05-20T19:32:17.199Z,pending,none,needs_research,alisei|19.326|-69.5458,way,hotel,missingCity
way/151713281,OpenStreetMap,osm,ODbL,https://www.openstreetmap.org/way/151713281,Lomita Maravilla,,,Dominican Republic,19.31751,-69.5375222,http://www.lomitamaravilla.com,,,osm-dominican-republic-expanded-2026-05-20,2026-05-20T19:32:17.199Z,pending,none,needs_research,lomita maravilla|19.3175|-69.5375,way,guest_house,missingCity; missingPhone
way/151717112,OpenStreetMap,osm,ODbL,https://www.openstreetmap.org/way/151717112,,,,Dominican Republic,19.2952784,-69.6004772,,,,osm-dominican-republic-expanded-2026-05-20,2026-05-20T19:32:17.199Z,pending,none,needs_research,unknown|19.2953|-69.6005,way,hotel,missingName; missingCity; missingWebsite; missingPhone
way/151743389,OpenStreetMap,osm,ODbL,https://www.openstreetmap.org/way/151743389,La Residencia del Paseo,,,Dominican Republic,19.3207984,-69.5391781,,,,osm-dominican-republic-expanded-2026-05-20,2026-05-20T19:32:17.199Z,pending,none,needs_research,la residencia del paseo|19.3208|-69.5392,way,hotel,missingCity; missingWebsite; missingPhone
way/153864150,OpenStreetMap,osm,ODbL,https://www.openstreetmap.org/way/153864150,Hotel Barceló Santo Domingo,,,Dominican Republic,18.4748726,-69.912525,https://www.barcelo.com/en-us/barcelo-hotels/hotels/dominican-republic/santo-domingo/barcelo-santo-domingo,+ 1 809 563 5000,,osm-dominican-republic-expanded-2026-05-20,2026-05-20T19:32:17.199Z,pending,none,needs_research,hotel barcelo santo domingo|18.4749|-69.9125,way,hotel,missingCity
way/164232205,OpenStreetMap,osm,ODbL,https://www.openstreetmap.org/way/164232205,Hodelpa Centro Plaza Hotel,"Calle Mella, Santiago de los Caballeros",Santiago de los Caballeros,Dominican Republic,19.4504476,-70.7021693,,,Hodelpa,osm-dominican-republic-expanded-2026-05-20,2026-05-20T19:32:17.199Z,pending,none,needs_research,hodelpa centro plaza hotel|santiago de los caballeros|dominican republic,way,hotel,missingWebsite; missingPhone
way/167127064,OpenStreetMap,osm,ODbL,https://www.openstreetmap.org/way/167127064,el cabaret,,,Dominican Republic,19.3553388,-69.829108,,,,osm-dominican-republic-expanded-2026-05-20,2026-05-20T19:32:17.199Z,pending,none,needs_research,el cabaret|19.3553|-69.8291,way,motel,missingCity; missingWebsite; missingPhone
way/173202187,OpenStreetMap,osm,ODbL,https://www.openstreetmap.org/way/173202187,Rancho Guaraguao,,,Dominican Republic,18.8854831,-70.6856541,,,,osm-dominican-republic-expanded-2026-05-20,2026-05-20T19:32:17.199Z,pending,none,needs_research,rancho guaraguao|18.8855|-70.6857,way,hostel,missingCity; missingWebsite; missingPhone
way/174466662,OpenStreetMap,osm,ODbL,https://www.openstreetmap.org/way/174466662,Courtyard by Marriott Santo Domingo,"50 Avenida Máximo Gómez, Santo Domingo",Santo Domingo,Dominican Republic,18.4680363,-69.911924,https://www.marriott.com/hotels/travel/sdqcy-courtyard-santo-domingo/,+1 809-685-1010,Courtyard,osm-dominican-republic-expanded-2026-05-20,2026-05-20T19:32:17.199Z,pending,none,needs_research,courtyard by marriott santo domingo|santo domingo|dominican republic,way,hotel,
way/174695425,OpenStreetMap,osm,ODbL,https://www.openstreetmap.org/way/174695425,Hotel Alto Cerro,,,Dominican Republic,18.9151723,-70.7283973,,,,osm-dominican-republic-expanded-2026-05-20,2026-05-20T19:32:17.199Z,pending,none,needs_research,hotel alto cerro|18.9152|-70.7284,way,hotel,missingCity; missingWebsite; missingPhone
way/175357851,OpenStreetMap,osm,ODbL,https://www.openstreetmap.org/way/175357851,Gran Bahia Principe Cayacoa,,,Dominican Republic,19.1975216,-69.3373164,,,,osm-dominican-republic-expanded-2026-05-20,2026-05-20T19:32:17.199Z,pending,none,needs_research,gran bahia principe cayacoa|19.1975|-69.3373,way,hotel,missingCity; missingWebsite; missingPhone
way/176411662,OpenStreetMap,osm,ODbL,https://www.openstreetmap.org/way/176411662,Mi Cabana Resort,,,Dominican Republic,18.8918019,-70.7384347,,,,osm-dominican-republic-expanded-2026-05-20,2026-05-20T19:32:17.199Z,pending,none,needs_research,mi cabana resort|18.8918|-70.7384,way,hotel,missingCity; missingWebsite; missingPhone
way/177332376,OpenStreetMap,osm,ODbL,https://www.openstreetmap.org/way/177332376,Crowne Plaza,"Avenida George Washington, Santo Domingo",Santo Domingo,Dominican Republic,18.4639693,-69.8963633,,,Crowne Plaza,osm-dominican-republic-expanded-2026-05-20,2026-05-20T19:32:17.199Z,pending,none,needs_research,crowne plaza|santo domingo|dominican republic,way,hotel,missingWebsite; missingPhone
way/177332379,OpenStreetMap,osm,ODbL,https://www.openstreetmap.org/way/177332379,Renaissance Hotel,"Avenida George Washington, Santo Domingo",Santo Domingo,Dominican Republic,18.4622555,-69.8999642,,,Renaissance,osm-dominican-republic-expanded-2026-05-20,2026-05-20T19:32:17.199Z,pending,none,needs_research,renaissance hotel|santo domingo|dominican republic,way,hotel,missingWebsite; missingPhone
way/197645900,OpenStreetMap,osm,ODbL,https://www.openstreetmap.org/way/197645900,,,,Dominican Republic,19.3239258,-69.5454078,,,,osm-dominican-republic-expanded-2026-05-20,2026-05-20T19:32:17.199Z,pending,none,needs_research,unknown|19.3239|-69.5454,way,hotel,missingName; missingCity; missingWebsite; missingPhone
way/198177958,OpenStreetMap,osm,ODbL,https://www.openstreetmap.org/way/198177958,Hotel Residence Playa Colibrí,,,Dominican Republic,19.3249768,-69.5512611,https://www.tripadvisor.com/Hotel_Review-g259440-d489768-Reviews-Hotel_Residence_Playa_Colibri-Las_Terrenas_Samana_Province_Dominican_Republic.html,,,osm-dominican-republic-expanded-2026-05-20,2026-05-20T19:32:17.199Z,pending,none,needs_research,hotel residence playa colibri|19.325|-69.5513,way,hotel,missingCity; missingPhone
way/198178374,OpenStreetMap,osm,ODbL,https://www.openstreetmap.org/way/198178374,Apartamentos Caribey,,,Dominican Republic,19.3221838,-69.5420082,,,,osm-dominican-republic-expanded-2026-05-20,2026-05-20T19:32:17.199Z,pending,none,needs_research,apartamentos caribey|19.3222|-69.542,way,hotel,missingCity; missingWebsite; missingPhone
way/198178377,OpenStreetMap,osm,ODbL,https://www.openstreetmap.org/way/198178377,,,,Dominican Republic,19.3248765,-69.5496078,,,,osm-dominican-republic-expanded-2026-05-20,2026-05-20T19:32:17.199Z,pending,none,needs_research,unknown|19.3249|-69.5496,way,hotel,missingName; missingCity; missingWebsite; missingPhone
way/198178378,OpenStreetMap,osm,ODbL,https://www.openstreetmap.org/way/198178378,Hotel Albachiara,,,Dominican Republic,19.3215942,-69.5367495,,,,osm-dominican-republic-expanded-2026-05-20,2026-05-20T19:32:17.199Z,pending,none,needs_research,hotel albachiara|19.3216|-69.5367,way,hotel,missingCity; missingWebsite; missingPhone
way/198787989,OpenStreetMap,osm,ODbL,https://www.openstreetmap.org/way/198787989,Sublime Samana Hotel & Residences,,,Dominican Republic,19.2986764,-69.5821259,,,,osm-dominican-republic-expanded-2026-05-20,2026-05-20T19:32:17.199Z,pending,none,needs_research,sublime samana hotel & residences|19.2987|-69.5821,way,hotel,missingCity; missingWebsite; missingPhone
way/199921835,OpenStreetMap,osm,ODbL,https://www.openstreetmap.org/way/199921835,Gran Bahia Principe El Portillo,,,Dominican Republic,19.32368,-69.4955,https://www.bahia-principe.com/en/resorts-in-dominican-republic/resort-el-portillo/,,,osm-dominican-republic-expanded-2026-05-20,2026-05-20T19:32:17.199Z,pending,none,needs_research,gran bahia principe el portillo|19.3237|-69.4955,way,hotel,missingCity; missingPhone
way/199921836,OpenStreetMap,osm,ODbL,https://www.openstreetmap.org/way/199921836,Hotel Palococo,,,Dominican Republic,19.3059646,-69.5470343,,,,osm-dominican-republic-expanded-2026-05-20,2026-05-20T19:32:17.199Z,pending,none,needs_research,hotel palococo|19.306|-69.547,way,hotel,missingCity; missingWebsite; missingPhone
way/199921887,OpenStreetMap,osm,ODbL,https://www.openstreetmap.org/way/199921887,,,,Dominican Republic,19.3243769,-69.5296772,,,,osm-dominican-republic-expanded-2026-05-20,2026-05-20T19:32:17.199Z,pending,none,needs_research,unknown|19.3244|-69.5297,way,hotel,missingName; missingCity; missingWebsite; missingPhone
way/200927855,OpenStreetMap,osm,ODbL,https://www.openstreetmap.org/way/200927855,Cabañas Okey,,,Dominican Republic,18.4232281,-69.990369,,,,osm-dominican-republic-expanded-2026-05-20,2026-05-20T19:32:17.199Z,pending,none,needs_research,cabanas okey|18.4232|-69.9904,way,motel,missingCity; missingWebsite; missingPhone
way/200927856,OpenStreetMap,osm,ODbL,https://www.openstreetmap.org/way/200927856,Cabañas Si o No,,,Dominican Republic,18.4250317,-69.9909761,,,,osm-dominican-republic-expanded-2026-05-20,2026-05-20T19:32:17.199Z,pending,none,needs_research,cabanas si o no|18.425|-69.991,way,motel,missingCity; missingWebsite; missingPhone
way/200928828,OpenStreetMap,osm,ODbL,https://www.openstreetmap.org/way/200928828,Cabañas Costa Azul,,,Dominican Republic,18.4260112,-69.9905871,,,,osm-dominican-republic-expanded-2026-05-20,2026-05-20T19:32:17.199Z,pending,none,needs_research,cabanas costa azul|18.426|-69.9906,way,motel,missingCity; missingWebsite; missingPhone
way/200930776,OpenStreetMap,osm,ODbL,https://www.openstreetmap.org/way/200930776,Cabañas Príncipe,,,Dominican Republic,18.4253417,-69.9901842,,,,osm-dominican-republic-expanded-2026-05-20,2026-05-20T19:32:17.199Z,pending,none,needs_research,cabanas principe|18.4253|-69.9902,way,motel,missingCity; missingWebsite; missingPhone
way/200931206,OpenStreetMap,osm,ODbL,https://www.openstreetmap.org/way/200931206,Cabañas Madrid,,,Dominican Republic,18.4251409,-69.9893875,,,,osm-dominican-republic-expanded-2026-05-20,2026-05-20T19:32:17.199Z,pending,none,needs_research,cabanas madrid|18.4251|-69.9894,way,motel,missingCity; missingWebsite; missingPhone
way/200931207,OpenStreetMap,osm,ODbL,https://www.openstreetmap.org/way/200931207,Cabañas Bayadesa,,,Dominican Republic,18.4253391,-69.9897309,,,,osm-dominican-republic-expanded-2026-05-20,2026-05-20T19:32:17.199Z,pending,none,needs_research,cabanas bayadesa|18.4253|-69.9897,way,motel,missingCity; missingWebsite; missingPhone
way/200933443,OpenStreetMap,osm,ODbL,https://www.openstreetmap.org/way/200933443,Cabañas Tía Tania,,,Dominican Republic,18.4232502,-69.9918015,,,,osm-dominican-republic-expanded-2026-05-20,2026-05-20T19:32:17.199Z,pending,none,needs_research,cabanas tia tania|18.4233|-69.9918,way,motel,missingCity; missingWebsite; missingPhone
way/200933444,OpenStreetMap,osm,ODbL,https://www.openstreetmap.org/way/200933444,Cabañas Hey,,,Dominican Republic,18.4233466,-69.9922502,,,,osm-dominican-republic-expanded-2026-05-20,2026-05-20T19:32:17.199Z,pending,none,needs_research,cabanas hey|18.4233|-69.9923,way,motel,missingCity; missingWebsite; missingPhone
way/200933445,OpenStreetMap,osm,ODbL,https://www.openstreetmap.org/way/200933445,Cabañas Preve,,,Dominican Republic,18.423339,-69.9914743,,,,osm-dominican-republic-expanded-2026-05-20,2026-05-20T19:32:17.199Z,pending,none,needs_research,cabanas preve|18.4233|-69.9915,way,motel,missingCity; missingWebsite; missingPhone
way/201100083,OpenStreetMap,osm,ODbL,https://www.openstreetmap.org/way/201100083,Cabañas Chévere,,,Dominican Republic,18.4231786,-69.9907239,,,,osm-dominican-republic-expanded-2026-05-20,2026-05-20T19:32:17.199Z,pending,none,needs_research,cabanas chevere|18.4232|-69.9907,way,motel,missingCity; missingWebsite; missingPhone
way/204089278,OpenStreetMap,osm,ODbL,https://www.openstreetmap.org/way/204089278,Casa Marina Beach & Reef,,,Dominican Republic,19.7668734,-70.517382,,,Amhsa Marina Hotels & Resorts,osm-dominican-republic-expanded-2026-05-20,2026-05-20T19:32:17.199Z,pending,none,needs_research,casa marina beach & reef|19.7669|-70.5174,way,hotel,missingCity; missingWebsite; missingPhone
way/206776565,OpenStreetMap,osm,ODbL,https://www.openstreetmap.org/way/206776565,Millenium,,,Dominican Republic,19.7520631,-70.4141845,,,,osm-dominican-republic-expanded-2026-05-20,2026-05-20T19:32:17.199Z,pending,none,needs_research,millenium|19.7521|-70.4142,way,hotel,missingCity; missingWebsite; missingPhone
way/207310964,OpenStreetMap,osm,ODbL,https://www.openstreetmap.org/way/207310964,Hotel San Jose,,,Dominican Republic,19.3158028,-71.6913502,,,,osm-dominican-republic-expanded-2026-05-20,2026-05-20T19:32:17.199Z,pending,none,needs_research,hotel san jose|19.3158|-71.6914,way,hotel,missingCity; missingWebsite; missingPhone
way/213867957,OpenStreetMap,osm,ODbL,https://www.openstreetmap.org/way/213867957,Ciudad de Oro,,,Dominican Republic,18.4841577,-69.9786879,,,,osm-dominican-republic-expanded-2026-05-20,2026-05-20T19:32:17.199Z,pending,none,needs_research,ciudad de oro|18.4842|-69.9787,way,motel,missingCity; missingWebsite; missingPhone
way/213870000,OpenStreetMap,osm,ODbL,https://www.openstreetmap.org/way/213870000,Cabañas Populares,,,Dominican Republic,18.48384,-69.9847344,,,,osm-dominican-republic-expanded-2026-05-20,2026-05-20T19:32:17.199Z,pending,none,needs_research,cabanas populares|18.4838|-69.9847,way,hotel,missingCity; missingWebsite; missingPhone
way/213871070,OpenStreetMap,osm,ODbL,https://www.openstreetmap.org/way/213871070,Cabañas Primavera,"Avenida Los Beisbolistas, Santo Domingo Oeste, 10902",Santo Domingo Oeste,Dominican Republic,18.4845543,-69.9823443,,,,osm-dominican-republic-expanded-2026-05-20,2026-05-20T19:32:17.199Z,pending,none,needs_research,cabanas primavera|santo domingo oeste|dominican republic,way,motel,missingWebsite; missingPhone
way/213871593,OpenStreetMap,osm,ODbL,https://www.openstreetmap.org/way/213871593,Florida,,,Dominican Republic,18.4843192,-69.9796537,,,,osm-dominican-republic-expanded-2026-05-20,2026-05-20T19:32:17.199Z,pending,none,needs_research,florida|18.4843|-69.9797,way,motel,missingCity; missingWebsite; missingPhone
way/214222991,OpenStreetMap,osm,ODbL,https://www.openstreetmap.org/way/214222991,Cabaña Nuevo Mundo,,,Dominican Republic,18.4872386,-69.9971459,,,,osm-dominican-republic-expanded-2026-05-20,2026-05-20T19:32:17.199Z,pending,none,needs_research,cabana nuevo mundo|18.4872|-69.9971,way,motel,missingCity; missingWebsite; missingPhone
way/221554173,OpenStreetMap,osm,ODbL,https://www.openstreetmap.org/way/221554173,Hotel Salida del Sol,,,Dominican Republic,18.6229998,-68.7286527,,,,osm-dominican-republic-expanded-2026-05-20,2026-05-20T19:32:17.199Z,pending,none,needs_research,hotel salida del sol|18.623|-68.7287,way,hotel,missingCity; missingWebsite; missingPhone
way/225437792,OpenStreetMap,osm,ODbL,https://www.openstreetmap.org/way/225437792,Grand Hotel,,,Dominican Republic,18.5930131,-68.7169418,,+18095541780,,osm-dominican-republic-expanded-2026-05-20,2026-05-20T19:32:17.199Z,pending,none,needs_research,grand hotel|18.593|-68.7169,way,hotel,missingCity; missingWebsite
way/228619815,OpenStreetMap,osm,ODbL,https://www.openstreetmap.org/way/228619815,Hotel Tropicana,Marginal Las Américas,,Dominican Republic,18.472982,-69.8336687,,,,osm-dominican-republic-expanded-2026-05-20,2026-05-20T19:32:17.199Z,pending,none,needs_research,hotel tropicana|18.473|-69.8337,way,hotel,missingCity; missingWebsite; missingPhone
way/228692072,OpenStreetMap,osm,ODbL,https://www.openstreetmap.org/way/228692072,Hotel Aloha Sol,"30 Calle Del Sol, Santiago",Santiago,Dominican Republic,19.4505123,-70.7015543,,,,osm-dominican-republic-expanded-2026-05-20,2026-05-20T19:32:17.199Z,pending,none,needs_research,hotel aloha sol|santiago|dominican republic,way,hotel,missingWebsite; missingPhone
way/228747277,OpenStreetMap,osm,ODbL,https://www.openstreetmap.org/way/228747277,Hotel Villa España,,,Dominican Republic,18.4828345,-69.8462154,,,,osm-dominican-republic-expanded-2026-05-20,2026-05-20T19:32:17.199Z,pending,none,needs_research,hotel villa espana|18.4828|-69.8462,way,hotel,missingCity; missingWebsite; missingPhone
way/232029893,OpenStreetMap,osm,ODbL,https://www.openstreetmap.org/way/232029893,Cabañas Miramar,,,Dominican Republic,18.466523,-69.8212022,,,,osm-dominican-republic-expanded-2026-05-20,2026-05-20T19:32:17.199Z,pending,none,needs_research,cabanas miramar|18.4665|-69.8212,way,motel,missingCity; missingWebsite; missingPhone
way/233060472,OpenStreetMap,osm,ODbL,https://www.openstreetmap.org/way/233060472,Sivory Punta Cana,,,Dominican Republic,18.8391442,-68.613069,,,,osm-dominican-republic-expanded-2026-05-20,2026-05-20T19:32:17.199Z,pending,none,needs_research,sivory punta cana|18.8391|-68.6131,way,hotel,missingCity; missingWebsite; missingPhone
way/233446403,OpenStreetMap,osm,ODbL,https://www.openstreetmap.org/way/233446403,Hodelpa Gran Almirante,Avenida Salvador Estrella Sadhala,,Dominican Republic,19.4653439,-70.6872776,,,Hodelpa,osm-dominican-republic-expanded-2026-05-20,2026-05-20T19:32:17.199Z,pending,none,needs_research,hodelpa gran almirante|19.4653|-70.6873,way,hotel,missingCity; missingWebsite; missingPhone
way/233515118,OpenStreetMap,osm,ODbL,https://www.openstreetmap.org/way/233515118,Hotel Platino,"Avenida Salvador Estrella Sadhala, Santiago",Santiago,Dominican Republic,19.4438055,-70.6879407,,,,osm-dominican-republic-expanded-2026-05-20,2026-05-20T19:32:17.199Z,pending,none,needs_research,hotel platino|santiago|dominican republic,way,hotel,missingWebsite; missingPhone
way/236000172,OpenStreetMap,osm,ODbL,https://www.openstreetmap.org/way/236000172,Luxury Bahia Principe Samana,,,Dominican Republic,19.1842032,-69.2708708,,,,osm-dominican-republic-expanded-2026-05-20,2026-05-20T19:32:17.199Z,pending,none,needs_research,luxury bahia principe samana|19.1842|-69.2709,way,hotel,missingCity; missingWebsite; missingPhone
way/245917690,OpenStreetMap,osm,ODbL,https://www.openstreetmap.org/way/245917690,Cabañas Monte Lola,,,Dominican Republic,19.6637088,-71.2017364,,,Cesar Ureña,osm-dominican-republic-expanded-2026-05-20,2026-05-20T19:32:17.199Z,pending,none,needs_research,cabanas monte lola|19.6637|-71.2017,way,motel,missingCity; missingWebsite; missingPhone
way/248236165,OpenStreetMap,osm,ODbL,https://www.openstreetmap.org/way/248236165,Cabañas La Paz,,,Dominican Republic,18.5360012,-69.8473135,,,,osm-dominican-republic-expanded-2026-05-20,2026-05-20T19:32:17.199Z,pending,none,needs_research,cabanas la paz|18.536|-69.8473,way,motel,missingCity; missingWebsite; missingPhone
way/249685175,OpenStreetMap,osm,ODbL,https://www.openstreetmap.org/way/249685175,Villa Pajon Ecolodge,,,Dominican Republic,18.824125,-70.688016,,,,osm-dominican-republic-expanded-2026-05-20,2026-05-20T19:32:17.199Z,pending,none,needs_research,villa pajon ecolodge|18.8241|-70.688,way,hotel,missingCity; missingWebsite; missingPhone
way/251860535,OpenStreetMap,osm,ODbL,https://www.openstreetmap.org/way/251860535,Quality Inn,,,Dominican Republic,18.4569491,-69.706117,,,Quality Inn,osm-dominican-republic-expanded-2026-05-20,2026-05-20T19:32:17.199Z,pending,none,needs_research,quality inn|18.4569|-69.7061,way,hotel,missingCity; missingWebsite; missingPhone
way/252828092,OpenStreetMap,osm,ODbL,https://www.openstreetmap.org/way/252828092,Vista Sol Punta Cana,,,Dominican Republic,18.6896303,-68.4216364,,,,osm-dominican-republic-expanded-2026-05-20,2026-05-20T19:32:17.199Z,pending,none,needs_research,vista sol punta cana|18.6896|-68.4216,way,hotel,missingCity; missingWebsite; missingPhone
way/252975393,OpenStreetMap,osm,ODbL,https://www.openstreetmap.org/way/252975393,Green Coast,"10 Avenida Alemania, Bávaro, 23000",Bávaro,Dominican Republic,18.6876928,-68.4212297,,+18095520868,,osm-dominican-republic-expanded-2026-05-20,2026-05-20T19:32:17.199Z,pending,none,needs_research,green coast|bavaro|dominican republic,way,hotel,missingWebsite
way/252975412,OpenStreetMap,osm,ODbL,https://www.openstreetmap.org/way/252975412,nh Hotels,,,Dominican Republic,18.6823127,-68.4205428,,,,osm-dominican-republic-expanded-2026-05-20,2026-05-20T19:32:17.199Z,pending,none,needs_research,nh hotels|18.6823|-68.4205,way,hotel,missingCity; missingWebsite; missingPhone
way/253095652,OpenStreetMap,osm,ODbL,https://www.openstreetmap.org/way/253095652,,,,Dominican Republic,18.3478361,-68.8287476,,,,osm-dominican-republic-expanded-2026-05-20,2026-05-20T19:32:17.199Z,pending,none,needs_research,unknown|18.3478|-68.8287,way,hotel,missingName; missingCity; missingWebsite; missingPhone
way/253121969,OpenStreetMap,osm,ODbL,https://www.openstreetmap.org/way/253121969,El Eden,,,Dominican Republic,18.3507741,-68.8275474,,,,osm-dominican-republic-expanded-2026-05-20,2026-05-20T19:32:17.199Z,pending,none,needs_research,el eden|18.3508|-68.8275,way,hotel,missingCity; missingWebsite; missingPhone
way/253123206,OpenStreetMap,osm,ODbL,https://www.openstreetmap.org/way/253123206,Catalonia Royal La Romana,,,Dominican Republic,18.3449962,-68.8218655,https://www.cataloniahotels.com/en/hotel/catalonia-royal-la-romana-adults-only,,Catalonia Hotels & Resorts,osm-dominican-republic-expanded-2026-05-20,2026-05-20T19:32:17.199Z,pending,none,needs_research,catalonia royal la romana|18.345|-68.8219,way,hotel,missingCity; missingPhone
way/253123207,OpenStreetMap,osm,ODbL,https://www.openstreetmap.org/way/253123207,Cadaques Caribe,,,Dominican Republic,18.3339036,-68.8102949,,,,osm-dominican-republic-expanded-2026-05-20,2026-05-20T19:32:17.199Z,pending,none,needs_research,cadaques caribe|18.3339|-68.8103,way,hotel,missingCity; missingWebsite; missingPhone
way/253125050,OpenStreetMap,osm,ODbL,https://www.openstreetmap.org/way/253125050,Hilton La Romana,,,Dominican Republic,18.3766482,-68.845207,,,Hilton,osm-dominican-republic-expanded-2026-05-20,2026-05-20T19:32:17.199Z,pending,none,needs_research,hilton la romana|18.3766|-68.8452,way,hotel,missingCity; missingWebsite; missingPhone
way/255788067,OpenStreetMap,osm,ODbL,https://www.openstreetmap.org/way/255788067,Hard Rock Hotel,,,Dominican Republic,18.7337121,-68.4823028,,,Hard Rock Hotel,osm-dominican-republic-expanded-2026-05-20,2026-05-20T19:32:17.199Z,pending,none,needs_research,hard rock hotel|18.7337|-68.4823,way,hotel,missingCity; missingWebsite; missingPhone
way/255806141,OpenStreetMap,osm,ODbL,https://www.openstreetmap.org/way/255806141,Barceló Dominican Beach,,,Dominican Republic,18.6876446,-68.4179156,http://www.barcelodominicanbeach.com/,,,osm-dominican-republic-expanded-2026-05-20,2026-05-20T19:32:17.199Z,pending,none,needs_research,barcelo dominican beach|18.6876|-68.4179,way,hotel,missingCity; missingPhone
way/255806146,OpenStreetMap,osm,ODbL,https://www.openstreetmap.org/way/255806146,,,,Dominican Republic,18.7720711,-68.5219187,,,,osm-dominican-republic-expanded-2026-05-20,2026-05-20T19:32:17.199Z,pending,none,needs_research,unknown|18.7721|-68.5219,way,hotel,missingName; missingCity; missingWebsite; missingPhone
way/272974124,OpenStreetMap,osm,ODbL,https://www.openstreetmap.org/way/272974124,Melia Santo Domingo Hotel,"Avenida George Washington, Santo Domingo",Santo Domingo,Dominican Republic,18.4631093,-69.8978204,,,Meliá,osm-dominican-republic-expanded-2026-05-20,2026-05-20T19:32:17.199Z,pending,none,needs_research,melia santo domingo hotel|santo domingo|dominican republic,way,hotel,missingWebsite; missingPhone
way/273377518,OpenStreetMap,osm,ODbL,https://www.openstreetmap.org/way/273377518,Bahia Blanca,,,Dominican Republic,19.6478379,-70.0794683,,,,osm-dominican-republic-expanded-2026-05-20,2026-05-20T19:32:17.199Z,pending,none,needs_research,bahia blanca|19.6478|-70.0795,way,hotel,missingCity; missingWebsite; missingPhone
way/279038480,OpenStreetMap,osm,ODbL,https://www.openstreetmap.org/way/279038480,Cabarete Beach Houses,57000 Samaná - Puerto Plata,,Dominican Republic,19.7565064,-70.4167166,,,,osm-dominican-republic-expanded-2026-05-20,2026-05-20T19:32:17.199Z,pending,none,needs_research,cabarete beach houses|19.7565|-70.4167,way,apartment,missingCity; missingWebsite; missingPhone
way/279441474,OpenStreetMap,osm,ODbL,https://www.openstreetmap.org/way/279441474,,,,Dominican Republic,19.7491354,-70.4101597,,,,osm-dominican-republic-expanded-2026-05-20,2026-05-20T19:32:17.199Z,pending,none,needs_research,unknown|19.7491|-70.4102,way,hotel,missingName; missingCity; missingWebsite; missingPhone
way/279441521,OpenStreetMap,osm,ODbL,https://www.openstreetmap.org/way/279441521,Albatros Cabarete Apartahotel,,,Dominican Republic,19.7487147,-70.4105298,,,,osm-dominican-republic-expanded-2026-05-20,2026-05-20T19:32:17.199Z,pending,none,needs_research,albatros cabarete apartahotel|19.7487|-70.4105,way,hotel,missingCity; missingWebsite; missingPhone
way/279441532,OpenStreetMap,osm,ODbL,https://www.openstreetmap.org/way/279441532,,,,Dominican Republic,19.7484689,-70.410591,,,,osm-dominican-republic-expanded-2026-05-20,2026-05-20T19:32:17.199Z,pending,none,needs_research,unknown|19.7485|-70.4106,way,hotel,missingName; missingCity; missingWebsite; missingPhone
way/279441553,OpenStreetMap,osm,ODbL,https://www.openstreetmap.org/way/279441553,Kaoba Hotel,Cabarete,Cabarete,Dominican Republic,19.7492767,-70.4099332,,,,osm-dominican-republic-expanded-2026-05-20,2026-05-20T19:32:17.199Z,pending,none,needs_research,kaoba hotel|cabarete|dominican republic,way,hotel,missingWebsite; missingPhone
way/284214289,OpenStreetMap,osm,ODbL,https://www.openstreetmap.org/way/284214289,Piergiorgio Palace Hotel,,,Dominican Republic,19.7626202,-70.5192233,,,,osm-dominican-republic-expanded-2026-05-20,2026-05-20T19:32:17.199Z,pending,none,needs_research,piergiorgio palace hotel|19.7626|-70.5192,way,hotel,missingCity; missingWebsite; missingPhone
way/307232015,OpenStreetMap,osm,ODbL,https://www.openstreetmap.org/way/307232015,The Hummingbird,,,Dominican Republic,19.749188,-70.4156449,http://www.hummingbird-cabarete.com/,,,osm-dominican-republic-expanded-2026-05-20,2026-05-20T19:32:17.199Z,pending,none,needs_research,the hummingbird|19.7492|-70.4156,way,hotel,missingCity; missingPhone
way/309203833,OpenStreetMap,osm,ODbL,https://www.openstreetmap.org/way/309203833,JOIA Bávaro by Iberostar,"Carretera Arena Gorda Bavaro, Punta Cana, 23000",Punta Cana,Dominican Republic,18.7124876,-68.4478444,https://www.iberostar.com/en/hotels/punta-cana/joia-bavaro-by-iberostar/,+1 809-221-6500,Iberostar Hotels & Resorts,osm-dominican-republic-expanded-2026-05-20,2026-05-20T19:32:17.199Z,pending,none,needs_research,joia bavaro by iberostar|punta cana|dominican republic,way,hotel,
way/309203834,OpenStreetMap,osm,ODbL,https://www.openstreetmap.org/way/309203834,Ocean Blue & Sand,,,Dominican Republic,18.7075239,-68.4466956,,,,osm-dominican-republic-expanded-2026-05-20,2026-05-20T19:32:17.199Z,pending,none,needs_research,ocean blue & sand|18.7075|-68.4467,way,hotel,missingCity; missingWebsite; missingPhone
way/309221481,OpenStreetMap,osm,ODbL,https://www.openstreetmap.org/way/309221481,VIK Hotel Arena Blanca,,,Dominican Republic,18.7082579,-68.4435623,,,,osm-dominican-republic-expanded-2026-05-20,2026-05-20T19:32:17.199Z,pending,none,needs_research,vik hotel arena blanca|18.7083|-68.4436,way,hotel,missingCity; missingWebsite; missingPhone
way/309228608,OpenStreetMap,osm,ODbL,https://www.openstreetmap.org/way/309228608,Majestic Colonial Hotel,"Playa Arena Gorda, Carr. El Macao - Arena Gorda, Punta Cana, 23000",Punta Cana,Dominican Republic,18.7313806,-68.4678523,https://www.majestic-resorts.com/punta-cana/resorts/majestic-colonial-punta-cana,+1 888-477-7227,Majestic Resorts,osm-dominican-republic-expanded-2026-05-20,2026-05-20T19:32:17.199Z,pending,none,needs_research,majestic colonial hotel|punta cana|dominican republic,way,hotel,
way/309228614,OpenStreetMap,osm,ODbL,https://www.openstreetmap.org/way/309228614,Majestic Elegance Punta Cana,"Playa Arena Gorda, Carr. El Macao - Arena Gorda, Punta Cana, 23000",Punta Cana,Dominican Republic,18.7297268,-68.4667024,https://www.majestic-resorts.com/punta-cana/resorts/majestic-elegance-punta-cana,+1 888-477-7227,Majestic Resorts,osm-dominican-republic-expanded-2026-05-20,2026-05-20T19:32:17.199Z,pending,none,needs_research,majestic elegance punta cana|punta cana|dominican republic,way,hotel,
way/309243773,OpenStreetMap,osm,ODbL,https://www.openstreetmap.org/way/309243773,Punta Cana Princess All suites Hotel,,,Dominican Republic,18.7051718,-68.4434483,,,,osm-dominican-republic-expanded-2026-05-20,2026-05-20T19:32:17.199Z,pending,none,needs_research,punta cana princess all suites hotel|18.7052|-68.4434,way,hotel,missingCity; missingWebsite; missingPhone
way/309243774,OpenStreetMap,osm,ODbL,https://www.openstreetmap.org/way/309243774,Tropical Princess Hotel,,,Dominican Republic,18.7041162,-68.4435254,,,,osm-dominican-republic-expanded-2026-05-20,2026-05-20T19:32:17.199Z,pending,none,needs_research,tropical princess hotel|18.7041|-68.4435,way,hotel,missingCity; missingWebsite; missingPhone
way/309246410,OpenStreetMap,osm,ODbL,https://www.openstreetmap.org/way/309246410,Paradius Punta cana Hotel,,,Dominican Republic,18.696483,-68.4418792,,,,osm-dominican-republic-expanded-2026-05-20,2026-05-20T19:32:17.199Z,pending,none,needs_research,paradius punta cana hotel|18.6965|-68.4419,way,hotel,missingCity; missingWebsite; missingPhone
way/309247729,OpenStreetMap,osm,ODbL,https://www.openstreetmap.org/way/309247729,Paradius Punta Cana Hotel,,,Dominican Republic,18.698157,-68.4425924,,,,osm-dominican-republic-expanded-2026-05-20,2026-05-20T19:32:17.199Z,pending,none,needs_research,paradius punta cana hotel|18.6982|-68.4426,way,hotel,missingCity; missingWebsite; missingPhone
way/309248313,OpenStreetMap,osm,ODbL,https://www.openstreetmap.org/way/309248313,Bavaro Princess Hotel All suites Spa and Casino,,,Dominican Republic,18.6946254,-68.4388786,https://www.princess-hotels.com/en/hotels-punta-cana-hotel-bavaro-princess-all-suites-resort-spa-casino-5-stars.html,+1 809 221 23 11,,osm-dominican-republic-expanded-2026-05-20,2026-05-20T19:32:17.199Z,pending,none,needs_research,bavaro princess hotel all suites spa and casino|18.6946|-68.4389,way,hotel,missingCity
way/309366606,OpenStreetMap,osm,ODbL,https://www.openstreetmap.org/way/309366606,Grand Palladium Punta Cana Resort & Spa,,,Dominican Republic,18.6937022,-68.4277963,https://www.palladiumhotelgroup.com/en/punta-cana/grand-palladium-punta-cana-resort-spa/,,,osm-dominican-republic-expanded-2026-05-20,2026-05-20T19:32:17.199Z,pending,none,needs_research,grand palladium punta cana resort & spa|18.6937|-68.4278,way,hotel,missingCity; missingPhone
way/309367983,OpenStreetMap,osm,ODbL,https://www.openstreetmap.org/way/309367983,Grand Palladium palace resort hotel,,,Dominican Republic,18.692897,-68.4266615,,,,osm-dominican-republic-expanded-2026-05-20,2026-05-20T19:32:17.199Z,pending,none,needs_research,grand palladium palace resort hotel|18.6929|-68.4267,way,hotel,missingCity; missingWebsite; missingPhone
way/309368486,OpenStreetMap,osm,ODbL,https://www.openstreetmap.org/way/309368486,TRS Turquesa Hotel,,,Dominican Republic,18.6916365,-68.4246491,,,,osm-dominican-republic-expanded-2026-05-20,2026-05-20T19:32:17.199Z,pending,none,needs_research,trs turquesa hotel|18.6916|-68.4246,way,hotel,missingCity; missingWebsite; missingPhone
way/310072877,OpenStreetMap,osm,ODbL,https://www.openstreetmap.org/way/310072877,Dreams Resort Hotel,,,Dominican Republic,18.8026888,-68.5753048,,,,osm-dominican-republic-expanded-2026-05-20,2026-05-20T19:32:17.199Z,pending,none,needs_research,dreams resort hotel|18.8027|-68.5753,way,hotel,missingCity; missingWebsite; missingPhone
way/310074838,OpenStreetMap,osm,ODbL,https://www.openstreetmap.org/way/310074838,TIPICAS CASETAS HOTEL,,,Dominican Republic,18.8083888,-68.5806209,,,,osm-dominican-republic-expanded-2026-05-20,2026-05-20T19:32:17.199Z,pending,none,needs_research,tipicas casetas hotel|18.8084|-68.5806,way,hotel,missingCity; missingWebsite; missingPhone
way/310075723,OpenStreetMap,osm,ODbL,https://www.openstreetmap.org/way/310075723,Grand Sirenis Punta Cana Resort,,,Dominican Republic,18.8181888,-68.5907075,https://sirenishotels.com,,Sirenis Hotels & Resorts,osm-dominican-republic-expanded-2026-05-20,2026-05-20T19:32:17.199Z,pending,none,needs_research,grand sirenis punta cana resort|18.8182|-68.5907,way,hotel,missingCity; missingPhone
way/310076079,OpenStreetMap,osm,ODbL,https://www.openstreetmap.org/way/310076079,Excellence Punta Cana Hotel,,,Dominican Republic,18.8274581,-68.6013611,,,,osm-dominican-republic-expanded-2026-05-20,2026-05-20T19:32:17.199Z,pending,none,needs_research,excellence punta cana hotel|18.8275|-68.6014,way,hotel,missingCity; missingWebsite; missingPhone
way/310436420,OpenStreetMap,osm,ODbL,https://www.openstreetmap.org/way/310436420,Grand Palladium Bavaro Hotel,,,Dominican Republic,18.6930807,-68.4291025,,,,osm-dominican-republic-expanded-2026-05-20,2026-05-20T19:32:17.199Z,pending,none,needs_research,grand palladium bavaro hotel|18.6931|-68.4291,way,hotel,missingCity; missingWebsite; missingPhone
way/310436422,OpenStreetMap,osm,ODbL,https://www.openstreetmap.org/way/310436422,Occidental Grand Punta Cana Hotel,,,Dominican Republic,18.6970933,-68.4338138,,+1 809 221-8787,Occidental,osm-dominican-republic-expanded-2026-05-20,2026-05-20T19:32:17.199Z,pending,none,needs_research,occidental grand punta cana hotel|18.6971|-68.4338,way,hotel,missingCity; missingWebsite
way/310694392,OpenStreetMap,osm,ODbL,https://www.openstreetmap.org/way/310694392,Real Intercontinental Hotel,"Avenida Winston Churchill, Santo Domingo , Rep Dominicana","Santo Domingo , Rep Dominicana",Dominican Republic,18.4684917,-69.9388876,,,,osm-dominican-republic-expanded-2026-05-20,2026-05-20T19:32:17.199Z,pending,none,needs_research,"real intercontinental hotel|santo domingo , rep dominicana|dominican republic",way,hotel,missingWebsite; missingPhone
way/312016532,OpenStreetMap,osm,ODbL,https://www.openstreetmap.org/way/312016532,Hotel Olimpo,,,Dominican Republic,18.4329421,-68.9710116,,,,osm-dominican-republic-expanded-2026-05-20,2026-05-20T19:32:17.199Z,pending,none,needs_research,hotel olimpo|18.4329|-68.971,way,hotel,missingCity; missingWebsite; missingPhone
way/312016739,OpenStreetMap,osm,ODbL,https://www.openstreetmap.org/way/312016739,Hotel Frano,,,Dominican Republic,18.4328235,-68.9715383,,,,osm-dominican-republic-expanded-2026-05-20,2026-05-20T19:32:17.199Z,pending,none,needs_research,hotel frano|18.4328|-68.9715,way,hotel,missingCity; missingWebsite; missingPhone
way/312593390,OpenStreetMap,osm,ODbL,https://www.openstreetmap.org/way/312593390,Hodelpa Garden Court Hotel,,,Dominican Republic,19.3993701,-70.6292536,https://www.hodelpa.com/,+1 (809) 612-7000,Hodelpa,osm-dominican-republic-expanded-2026-05-20,2026-05-20T19:32:17.199Z,pending,none,needs_research,hodelpa garden court hotel|19.3994|-70.6293,way,hotel,missingCity
way/312792978,OpenStreetMap,osm,ODbL,https://www.openstreetmap.org/way/312792978,,,,Dominican Republic,18.9901896,-68.8740126,,,,osm-dominican-republic-expanded-2026-05-20,2026-05-20T19:32:17.199Z,pending,none,needs_research,unknown|18.9902|-68.874,way,hotel,missingName; missingCity; missingWebsite; missingPhone
way/313829668,OpenStreetMap,osm,ODbL,https://www.openstreetmap.org/way/313829668,Grand Paradise Samana,,,Dominican Republic,19.2919118,-69.1899243,,,,osm-dominican-republic-expanded-2026-05-20,2026-05-20T19:32:17.199Z,pending,none,needs_research,grand paradise samana|19.2919|-69.1899,way,hotel,missingCity; missingWebsite; missingPhone
way/315997821,OpenStreetMap,osm,ODbL,https://www.openstreetmap.org/way/315997821,Hotel Montemar,"Km.2 Carretera Sánchez, Azua, 71000",Azua,Dominican Republic,18.4426462,-70.7151164,,+809-521-5599,,osm-dominican-republic-expanded-2026-05-20,2026-05-20T19:32:17.199Z,pending,none,needs_research,hotel montemar|azua|dominican republic,way,hotel,missingWebsite
way/316139588,OpenStreetMap,osm,ODbL,https://www.openstreetmap.org/way/316139588,,,,Dominican Republic,19.4438822,-70.6667001,,,,osm-dominican-republic-expanded-2026-05-20,2026-05-20T19:32:17.199Z,pending,none,needs_research,unknown|19.4439|-70.6667,way,motel,missingName; missingCity; missingWebsite; missingPhone
way/316385782,OpenStreetMap,osm,ODbL,https://www.openstreetmap.org/way/316385782,Hotel La Atac,Calle Arzobispo Meriño,,Dominican Republic,18.4763537,-69.8849651,,,,osm-dominican-republic-expanded-2026-05-20,2026-05-20T19:32:17.199Z,pending,none,needs_research,hotel la atac|18.4764|-69.885,way,hotel,missingCity; missingWebsite; missingPhone
way/320381815,OpenStreetMap,osm,ODbL,https://www.openstreetmap.org/way/320381815,Blue JackTar,,,Dominican Republic,19.7721563,-70.6507117,https://www.bluejacktar.com/es/,+1 (809) 320 - 3800,,osm-dominican-republic-expanded-2026-05-20,2026-05-20T19:32:17.199Z,pending,none,needs_research,blue jacktar|19.7722|-70.6507,way,hotel,missingCity
way/323830323,OpenStreetMap,osm,ODbL,https://www.openstreetmap.org/way/323830323,Iberostar Hacienda Dominicus,"Playa Bayahibe, Higüey, 23000",Higüey,Dominican Republic,18.3477867,-68.8224984,https://www.iberostar.com/en/hotels/bayahibe/iberostar-selection-hacienda-dominicus/,1 809-688-3600,Iberostar Hotels & Resorts,osm-dominican-republic-expanded-2026-05-20,2026-05-20T19:32:17.199Z,pending,none,needs_research,iberostar hacienda dominicus|higuey|dominican republic,way,hotel,
way/325724382,OpenStreetMap,osm,ODbL,https://www.openstreetmap.org/way/325724382,El Cabito,,,Dominican Republic,19.3002786,-69.1733571,,,,osm-dominican-republic-expanded-2026-05-20,2026-05-20T19:32:17.199Z,pending,none,needs_research,el cabito|19.3003|-69.1734,way,hotel,missingCity; missingWebsite; missingPhone
way/328364682,OpenStreetMap,osm,ODbL,https://www.openstreetmap.org/way/328364682,Cabañas Campo Amor,,,Dominican Republic,18.5040591,-69.8627148,,,,osm-dominican-republic-expanded-2026-05-20,2026-05-20T19:32:17.199Z,pending,none,needs_research,cabanas campo amor|18.5041|-69.8627,way,motel,missingCity; missingWebsite; missingPhone
way/333932122,OpenStreetMap,osm,ODbL,https://www.openstreetmap.org/way/333932122,Hotel Diamante Azul,San Vincente de Paul,,Dominican Republic,18.4940504,-69.85078,,,,osm-dominican-republic-expanded-2026-05-20,2026-05-20T19:32:17.199Z,pending,none,needs_research,hotel diamante azul|18.4941|-69.8508,way,hotel,missingCity; missingWebsite; missingPhone
way/334173540,OpenStreetMap,osm,ODbL,https://www.openstreetmap.org/way/334173540,Bellevue Dominican Bay,,,Dominican Republic,18.4502106,-69.6113855,,,,osm-dominican-republic-expanded-2026-05-20,2026-05-20T19:32:17.199Z,pending,none,needs_research,bellevue dominican bay|18.4502|-69.6114,way,hotel,missingCity; missingWebsite; missingPhone
way/335856652,OpenStreetMap,osm,ODbL,https://www.openstreetmap.org/way/335856652,Hotel Breathless Punta Cana,,,Dominican Republic,18.8087322,-68.5797242,,,,osm-dominican-republic-expanded-2026-05-20,2026-05-20T19:32:17.199Z,pending,none,needs_research,hotel breathless punta cana|18.8087|-68.5797,way,hotel,missingCity; missingWebsite; missingPhone
way/335856784,OpenStreetMap,osm,ODbL,https://www.openstreetmap.org/way/335856784,Dreams Punta Cana Resort & Spa,"Carretera Uvero Alto, Punta Cana, 23002",Punta Cana,Dominican Republic,18.8036592,-68.5743011,,,,osm-dominican-republic-expanded-2026-05-20,2026-05-20T19:32:17.199Z,pending,none,needs_research,dreams punta cana resort & spa|punta cana|dominican republic,way,hotel,missingWebsite; missingPhone
way/336698722,OpenStreetMap,osm,ODbL,https://www.openstreetmap.org/way/336698722,Aparta Hotel Turey,8 Avenida Gustavo Mejía Ricart,,Dominican Republic,18.4759008,-69.921545,,+18094121308,,osm-dominican-republic-expanded-2026-05-20,2026-05-20T19:32:17.199Z,pending,none,needs_research,aparta hotel turey|18.4759|-69.9215,way,hostel,missingCity; missingWebsite
way/339737597,OpenStreetMap,osm,ODbL,https://www.openstreetmap.org/way/339737597,,,,Dominican Republic,18.5295744,-70.5051467,,,,osm-dominican-republic-expanded-2026-05-20,2026-05-20T19:32:17.199Z,pending,none,needs_research,unknown|18.5296|-70.5051,way,hotel,missingName; missingCity; missingWebsite; missingPhone
way/339752040,OpenStreetMap,osm,ODbL,https://www.openstreetmap.org/way/339752040,Hotel Caribe,,,Dominican Republic,18.2019256,-71.0895157,,,,osm-dominican-republic-expanded-2026-05-20,2026-05-20T19:32:17.199Z,pending,none,needs_research,hotel caribe|18.2019|-71.0895,way,hotel,missingCity; missingWebsite; missingPhone
way/341067667,OpenStreetMap,osm,ODbL,https://www.openstreetmap.org/way/341067667,Hostal Doña Chava,,,Dominican Republic,18.0358048,-71.7423458,http://www.donachava.com/,,,osm-dominican-republic-expanded-2026-05-20,2026-05-20T19:32:17.199Z,pending,none,needs_research,hostal dona chava|18.0358|-71.7423,way,hotel,missingCity; missingPhone
way/342557503,OpenStreetMap,osm,ODbL,https://www.openstreetmap.org/way/342557503,Cabañas Ciudad Corazón,,,Dominican Republic,18.4983707,-69.9916365,,,,osm-dominican-republic-expanded-2026-05-20,2026-05-20T19:32:17.199Z,pending,none,needs_research,cabanas ciudad corazon|18.4984|-69.9916,way,motel,missingCity; missingWebsite; missingPhone
way/342786288,OpenStreetMap,osm,ODbL,https://www.openstreetmap.org/way/342786288,Bahía Príncipe Playa Nueva La Romana,,,Dominican Republic,18.435257,-69.1903111,,,,osm-dominican-republic-expanded-2026-05-20,2026-05-20T19:32:17.199Z,pending,none,needs_research,bahia principe playa nueva la romana|18.4353|-69.1903,way,hotel,missingCity; missingWebsite; missingPhone
way/344008918,OpenStreetMap,osm,ODbL,https://www.openstreetmap.org/way/344008918,Hotel La Cita,,,Dominican Republic,18.5106206,-69.8745479,,,,osm-dominican-republic-expanded-2026-05-20,2026-05-20T19:32:17.199Z,pending,none,needs_research,hotel la cita|18.5106|-69.8745,way,hotel,missingCity; missingWebsite; missingPhone
way/344009786,OpenStreetMap,osm,ODbL,https://www.openstreetmap.org/way/344009786,Aurora del Sol,"Carretera Mella, Santo Domingo Este",Santo Domingo Este,Dominican Republic,18.5152372,-69.8426351,,,,osm-dominican-republic-expanded-2026-05-20,2026-05-20T19:32:17.199Z,pending,none,needs_research,aurora del sol|santo domingo este|dominican republic,way,hotel,missingWebsite; missingPhone
way/344193447,OpenStreetMap,osm,ODbL,https://www.openstreetmap.org/way/344193447,Hotel Súper,,,Dominican Republic,18.5446048,-69.8976704,,,,osm-dominican-republic-expanded-2026-05-20,2026-05-20T19:32:17.199Z,pending,none,needs_research,hotel super|18.5446|-69.8977,way,hotel,missingCity; missingWebsite; missingPhone
way/348041371,OpenStreetMap,osm,ODbL,https://www.openstreetmap.org/way/348041371,,,,Dominican Republic,18.5210832,-71.5915369,,,,osm-dominican-republic-expanded-2026-05-20,2026-05-20T19:32:17.199Z,pending,none,needs_research,unknown|18.5211|-71.5915,way,hotel,missingName; missingCity; missingWebsite; missingPhone
way/359598125,OpenStreetMap,osm,ODbL,https://www.openstreetmap.org/way/359598125,JW Marriott Santo Domingo,"Avenida Winston Churchill, Santo Domingo",Santo Domingo,Dominican Republic,18.4726639,-69.9411036,https://www.marriott.com/hotels/travel/sdqjw-jw-marriott-hotel-santo-domingo/,,JW Marriott,osm-dominican-republic-expanded-2026-05-20,2026-05-20T19:32:17.199Z,pending,none,needs_research,jw marriott santo domingo|santo domingo|dominican republic,way,hotel,missingPhone
way/361426122,OpenStreetMap,osm,ODbL,https://www.openstreetmap.org/way/361426122,Alto Caño Hondo,,,Dominican Republic,19.0570011,-69.4555572,https://www.paraisocanohondo.com/alojamiento/altos-cano-hondo.aspx,+1 829 2598559,,osm-dominican-republic-expanded-2026-05-20,2026-05-20T19:32:17.199Z,pending,none,needs_research,alto cano hondo|19.057|-69.4556,way,hotel,missingCity
way/363761504,OpenStreetMap,osm,ODbL,https://www.openstreetmap.org/way/363761504,Casa del Mar Lodge Barahona,,,Dominican Republic,18.0989324,-71.0789173,http://www.casadelmarlodgebarahona.com/,+1 829 216 1278,,osm-dominican-republic-expanded-2026-05-20,2026-05-20T19:32:17.199Z,pending,none,needs_research,casa del mar lodge barahona|18.0989|-71.0789,way,hotel,missingCity
way/365721803,OpenStreetMap,osm,ODbL,https://www.openstreetmap.org/way/365721803,Hotel Baramar,,,Dominican Republic,18.2050822,-71.1008656,,,,osm-dominican-republic-expanded-2026-05-20,2026-05-20T19:32:17.199Z,pending,none,needs_research,hotel baramar|18.2051|-71.1009,way,hotel,missingCity; missingWebsite; missingPhone
way/365721961,OpenStreetMap,osm,ODbL,https://www.openstreetmap.org/way/365721961,Gran Hotel Barahona,,,Dominican Republic,18.2055728,-71.0925018,,,,osm-dominican-republic-expanded-2026-05-20,2026-05-20T19:32:17.199Z,pending,none,needs_research,gran hotel barahona|18.2056|-71.0925,way,hotel,missingCity; missingWebsite; missingPhone
way/373914205,OpenStreetMap,osm,ODbL,https://www.openstreetmap.org/way/373914205,Hotel El Crucero,,,Dominican Republic,18.4961731,-69.8512515,,,,osm-dominican-republic-expanded-2026-05-20,2026-05-20T19:32:17.199Z,pending,none,needs_research,hotel el crucero|18.4962|-69.8513,way,hotel,missingCity; missingWebsite; missingPhone
way/378375761,OpenStreetMap,osm,ODbL,https://www.openstreetmap.org/way/378375761,Holiday Inn,"856 Avenida Abraham Lincoln, Santo Domingo",Santo Domingo,Dominican Republic,18.4761553,-69.9367164,,,Holiday Inn,osm-dominican-republic-expanded-2026-05-20,2026-05-20T19:32:17.199Z,pending,none,needs_research,holiday inn|santo domingo|dominican republic,way,hotel,missingWebsite; missingPhone
way/379027094,OpenStreetMap,osm,ODbL,https://www.openstreetmap.org/way/379027094,Hotel BQ;Vent W&P Santo Domingo,"53 Avenida Sarasota, Santo Domingo",Santo Domingo,Dominican Republic,18.4569746,-69.9366666,https://workandpleasurehotels.com/,,,osm-dominican-republic-expanded-2026-05-20,2026-05-20T19:32:17.199Z,pending,none,needs_research,hotel bq;vent w&p santo domingo|santo domingo|dominican republic,way,hotel,missingPhone
way/389775943,OpenStreetMap,osm,ODbL,https://www.openstreetmap.org/way/389775943,Hotel 8,Calle 14 de Junio,,Dominican Republic,18.4895424,-69.9171752,,,,osm-dominican-republic-expanded-2026-05-20,2026-05-20T19:32:17.199Z,pending,none,needs_research,hotel 8|18.4895|-69.9172,way,motel,missingCity; missingWebsite; missingPhone
way/404174344,OpenStreetMap,osm,ODbL,https://www.openstreetmap.org/way/404174344,Westin,,,Dominican Republic,18.4643779,-69.9318502,,,Westin,osm-dominican-republic-expanded-2026-05-20,2026-05-20T19:32:17.199Z,pending,none,needs_research,westin|18.4644|-69.9319,way,hotel,missingCity; missingWebsite; missingPhone
way/404430604,OpenStreetMap,osm,ODbL,https://www.openstreetmap.org/way/404430604,Hotel Acuarium,"Calle 11, Santo Domingo",Santo Domingo,Dominican Republic,18.4696203,-69.8325676,,,,osm-dominican-republic-expanded-2026-05-20,2026-05-20T19:32:17.199Z,pending,none,needs_research,hotel acuarium|santo domingo|dominican republic,way,hotel,missingWebsite; missingPhone
way/406632312,OpenStreetMap,osm,ODbL,https://www.openstreetmap.org/way/406632312,Hotel Las Mercedes,155 Calle Las Mercedes,,Dominican Republic,18.4752129,-69.8861273,,,,osm-dominican-republic-expanded-2026-05-20,2026-05-20T19:32:17.199Z,pending,none,needs_research,hotel las mercedes|18.4752|-69.8861,way,hotel,missingCity; missingWebsite; missingPhone
way/406641455,OpenStreetMap,osm,ODbL,https://www.openstreetmap.org/way/406641455,Hotel Discovery,,,Dominican Republic,18.4708595,-69.8911746,,,,osm-dominican-republic-expanded-2026-05-20,2026-05-20T19:32:17.199Z,pending,none,needs_research,hotel discovery|18.4709|-69.8912,way,hotel,missingCity; missingWebsite; missingPhone
way/406647744,OpenStreetMap,osm,ODbL,https://www.openstreetmap.org/way/406647744,Hotel Odette Colonial,,,Dominican Republic,18.470069,-69.8887134,,,,osm-dominican-republic-expanded-2026-05-20,2026-05-20T19:32:17.199Z,pending,none,needs_research,hotel odette colonial|18.4701|-69.8887,way,hotel,missingCity; missingWebsite; missingPhone
way/406649855,OpenStreetMap,osm,ODbL,https://www.openstreetmap.org/way/406649855,Quinta Dominica,202 Calle Padre Billini,,Dominican Republic,18.4712735,-69.8857922,,,,osm-dominican-republic-expanded-2026-05-20,2026-05-20T19:32:17.199Z,pending,none,needs_research,quinta dominica|18.4713|-69.8858,way,guest_house,missingCity; missingWebsite; missingPhone
way/406649862,OpenStreetMap,osm,ODbL,https://www.openstreetmap.org/way/406649862,Hodelpa Caribe Colonial,Calle Isabel la Católica,,Dominican Republic,18.4745489,-69.8835275,,,,osm-dominican-republic-expanded-2026-05-20,2026-05-20T19:32:17.199Z,pending,none,needs_research,hodelpa caribe colonial|18.4745|-69.8835,way,hotel,missingCity; missingWebsite; missingPhone
way/406664905,OpenStreetMap,osm,ODbL,https://www.openstreetmap.org/way/406664905,Hotel Palacio,"Calle Duarte, Zona Colonial, Santo Domingo",Santo Domingo,Dominican Republic,18.4735624,-69.8862797,https://www.hotel-palacio.com/,8096824730,,osm-dominican-republic-expanded-2026-05-20,2026-05-20T19:32:17.199Z,pending,none,needs_research,hotel palacio|santo domingo|dominican republic,way,hotel,
way/406678369,OpenStreetMap,osm,ODbL,https://www.openstreetmap.org/way/406678369,Doña Elvira,207A Calle Padre Billini,,Dominican Republic,18.4710349,-69.8868164,,,,osm-dominican-republic-expanded-2026-05-20,2026-05-20T19:32:17.199Z,pending,none,needs_research,dona elvira|18.471|-69.8868,way,hotel,missingCity; missingWebsite; missingPhone
way/406786247,OpenStreetMap,osm,ODbL,https://www.openstreetmap.org/way/406786247,Paseo Colonial,314 Calle Isabel la Católica,,Dominican Republic,18.4779894,-69.8844315,,,,osm-dominican-republic-expanded-2026-05-20,2026-05-20T19:32:17.199Z,pending,none,needs_research,paseo colonial|18.478|-69.8844,way,hostel,missingCity; missingWebsite; missingPhone
way/406786249,OpenStreetMap,osm,ODbL,https://www.openstreetmap.org/way/406786249,Island Life Backpackers Hostel,356 Calle Isabel la Católica,,Dominican Republic,18.4783554,-69.8844268,,809 333 9374,,osm-dominican-republic-expanded-2026-05-20,2026-05-20T19:32:17.199Z,pending,none,needs_research,island life backpackers hostel|18.4784|-69.8844,way,hostel,missingCity; missingWebsite
way/406788867,OpenStreetMap,osm,ODbL,https://www.openstreetmap.org/way/406788867,Aparta hotel tiempo,Calle Duarte,,Dominican Republic,18.4759464,-69.886629,,689671673,,osm-dominican-republic-expanded-2026-05-20,2026-05-20T19:32:17.199Z,pending,none,needs_research,aparta hotel tiempo|18.4759|-69.8866,way,hotel,missingCity; missingWebsite
way/406814141,OpenStreetMap,osm,ODbL,https://www.openstreetmap.org/way/406814141,Hotel Navarro,Calle Palo Hincado,,Dominican Republic,18.4724668,-69.8914242,,,,osm-dominican-republic-expanded-2026-05-20,2026-05-20T19:32:17.199Z,pending,none,needs_research,hotel navarro|18.4725|-69.8914,way,hotel,missingCity; missingWebsite; missingPhone
way/406814144,OpenStreetMap,osm,ODbL,https://www.openstreetmap.org/way/406814144,Motel Xiniua,Calle Palo Hincado,,Dominican Republic,18.4726202,-69.8914491,,,,osm-dominican-republic-expanded-2026-05-20,2026-05-20T19:32:17.199Z,pending,none,needs_research,motel xiniua|18.4726|-69.8914,way,motel,missingCity; missingWebsite; missingPhone
way/406835730,OpenStreetMap,osm,ODbL,https://www.openstreetmap.org/way/406835730,Hotel Altagracia,Calle Altagracia,,Dominican Republic,18.4764727,-69.8907234,,,,osm-dominican-republic-expanded-2026-05-20,2026-05-20T19:32:17.199Z,pending,none,needs_research,hotel altagracia|18.4765|-69.8907,way,hotel,missingCity; missingWebsite; missingPhone
way/406848202,OpenStreetMap,osm,ODbL,https://www.openstreetmap.org/way/406848202,,"Calle 11, Santo Domingo",Santo Domingo,Dominican Republic,18.4696401,-69.8330622,,,,osm-dominican-republic-expanded-2026-05-20,2026-05-20T19:32:17.199Z,pending,none,needs_research,santo domingo|dominican republic|18.4696|-69.8331,way,hotel,missingName; missingWebsite; missingPhone
way/406862579,OpenStreetMap,osm,ODbL,https://www.openstreetmap.org/way/406862579,Casino Napolitano,51 Avenida George Washington,,Dominican Republic,18.46655,-69.891438,,,,osm-dominican-republic-expanded-2026-05-20,2026-05-20T19:32:17.199Z,pending,none,needs_research,casino napolitano|18.4666|-69.8914,way,hotel,missingCity; missingWebsite; missingPhone
way/406991569,OpenStreetMap,osm,ODbL,https://www.openstreetmap.org/way/406991569,Hotel Europa Boutique,,,Dominican Republic,18.4768087,-69.884772,,,,osm-dominican-republic-expanded-2026-05-20,2026-05-20T19:32:17.199Z,pending,none,needs_research,hotel europa boutique|18.4768|-69.8848,way,hotel,missingCity; missingWebsite; missingPhone
way/406993692,OpenStreetMap,osm,ODbL,https://www.openstreetmap.org/way/406993692,Hotel Conde,,,Dominican Republic,18.4737382,-69.8844343,,,,osm-dominican-republic-expanded-2026-05-20,2026-05-20T19:32:17.199Z,pending,none,needs_research,hotel conde|18.4737|-69.8844,way,hotel,missingCity; missingWebsite; missingPhone
way/406996051,OpenStreetMap,osm,ODbL,https://www.openstreetmap.org/way/406996051,,Autopista Las Américas,,Dominican Republic,18.4497809,-69.6756415,,,,osm-dominican-republic-expanded-2026-05-20,2026-05-20T19:32:17.199Z,pending,none,needs_research,unknown|18.4498|-69.6756,way,hotel,missingName; missingCity; missingWebsite; missingPhone
way/407005629,OpenStreetMap,osm,ODbL,https://www.openstreetmap.org/way/407005629,Hotel La Pista,,,Dominican Republic,18.4483279,-69.6514469,,,,osm-dominican-republic-expanded-2026-05-20,2026-05-20T19:32:17.199Z,pending,none,needs_research,hotel la pista|18.4483|-69.6514,way,hotel,missingCity; missingWebsite; missingPhone
way/407006273,OpenStreetMap,osm,ODbL,https://www.openstreetmap.org/way/407006273,Hotel Duque de Wellington,Avenida Independencia,,Dominican Republic,18.4654644,-69.8968672,,8096824525,,osm-dominican-republic-expanded-2026-05-20,2026-05-20T19:32:17.199Z,pending,none,needs_research,hotel duque de wellington|18.4655|-69.8969,way,hotel,missingCity; missingWebsite
way/407006274,OpenStreetMap,osm,ODbL,https://www.openstreetmap.org/way/407006274,Hotel El Navarro,Avenida Independencia,,Dominican Republic,18.4655741,-69.8967466,,8096893888,,osm-dominican-republic-expanded-2026-05-20,2026-05-20T19:32:17.199Z,pending,none,needs_research,hotel el navarro|18.4656|-69.8967,way,hotel,missingCity; missingWebsite
way/407017172,OpenStreetMap,osm,ODbL,https://www.openstreetmap.org/way/407017172,Hotel Villa Capri,"n.34 Aut. Las Americas km32, Boca Chica",Boca Chica,Dominican Republic,18.4544091,-69.6078291,,(809) 5239374,,osm-dominican-republic-expanded-2026-05-20,2026-05-20T19:32:17.199Z,pending,none,needs_research,hotel villa capri|boca chica|dominican republic,way,hotel,missingWebsite
way/407036915,OpenStreetMap,osm,ODbL,https://www.openstreetmap.org/way/407036915,Blues House,,,Dominican Republic,18.4850395,-69.8433099,,,,osm-dominican-republic-expanded-2026-05-20,2026-05-20T19:32:17.199Z,pending,none,needs_research,blues house|18.485|-69.8433,way,hotel,missingCity; missingWebsite; missingPhone
way/407043746,OpenStreetMap,osm,ODbL,https://www.openstreetmap.org/way/407043746,Hotel El Greco,"Duarte, Boca Chica",Boca Chica,Dominican Republic,18.4482034,-69.6106837,,,,osm-dominican-republic-expanded-2026-05-20,2026-05-20T19:32:17.199Z,pending,none,needs_research,hotel el greco|boca chica|dominican republic,way,hotel,missingWebsite; missingPhone
way/407053188,OpenStreetMap,osm,ODbL,https://www.openstreetmap.org/way/407053188,Azzurra Aparta Hotel,"Avenida San Rafael, Boca Chica",Boca Chica,Dominican Republic,18.4481197,-69.6079772,,,,osm-dominican-republic-expanded-2026-05-20,2026-05-20T19:32:17.199Z,pending,none,needs_research,azzurra aparta hotel|boca chica|dominican republic,way,hotel,missingWebsite; missingPhone
way/407061877,OpenStreetMap,osm,ODbL,https://www.openstreetmap.org/way/407061877,Villa Sans-Saucy,"Juan Bautista Vicini, Boca Chica",Boca Chica,Dominican Republic,18.4525659,-69.6092343,,,,osm-dominican-republic-expanded-2026-05-20,2026-05-20T19:32:17.199Z,pending,none,needs_research,villa sans-saucy|boca chica|dominican republic,way,hotel,missingWebsite; missingPhone
way/407070409,OpenStreetMap,osm,ODbL,https://www.openstreetmap.org/way/407070409,Villa Elvis,"Jose De Jesus Lutrino, Boca Chica",Boca Chica,Dominican Republic,18.454074,-69.6070619,,,,osm-dominican-republic-expanded-2026-05-20,2026-05-20T19:32:17.199Z,pending,none,needs_research,villa elvis|boca chica|dominican republic,way,hotel,missingWebsite; missingPhone
way/407070411,OpenStreetMap,osm,ODbL,https://www.openstreetmap.org/way/407070411,Villa Capri,"Jose De Jesus Lutrino, Boca Chica",Boca Chica,Dominican Republic,18.4543824,-69.6080506,,,,osm-dominican-republic-expanded-2026-05-20,2026-05-20T19:32:17.199Z,pending,none,needs_research,villa capri|boca chica|dominican republic,way,hotel,missingWebsite; missingPhone
way/407075377,OpenStreetMap,osm,ODbL,https://www.openstreetmap.org/way/407075377,Calypso Beach Hotel,,,Dominican Republic,18.449603,-69.606151,,,,osm-dominican-republic-expanded-2026-05-20,2026-05-20T19:32:17.199Z,pending,none,needs_research,calypso beach hotel|18.4496|-69.6062,way,hotel,missingCity; missingWebsite; missingPhone
way/407734431,OpenStreetMap,osm,ODbL,https://www.openstreetmap.org/way/407734431,Playa Marina,"Avenida San Rafael, Boca Chica",Boca Chica,Dominican Republic,18.4485571,-69.6101307,,,,osm-dominican-republic-expanded-2026-05-20,2026-05-20T19:32:17.199Z,pending,none,needs_research,playa marina|boca chica|dominican republic,way,hotel,missingWebsite; missingPhone
way/407739619,OpenStreetMap,osm,ODbL,https://www.openstreetmap.org/way/407739619,Hotel Mango,"Arismendy Valenzuela, Boca Chica",Boca Chica,Dominican Republic,18.4512095,-69.6079313,,,,osm-dominican-republic-expanded-2026-05-20,2026-05-20T19:32:17.199Z,pending,none,needs_research,hotel mango|boca chica|dominican republic,way,hotel,missingWebsite; missingPhone
way/407741177,OpenStreetMap,osm,ODbL,https://www.openstreetmap.org/way/407741177,Hotel Riazor,Avenida Independencia,,Dominican Republic,18.4644065,-69.9006141,,,,osm-dominican-republic-expanded-2026-05-20,2026-05-20T19:32:17.199Z,pending,none,needs_research,hotel riazor|18.4644|-69.9006,way,hotel,missingCity; missingWebsite; missingPhone
way/407741181,OpenStreetMap,osm,ODbL,https://www.openstreetmap.org/way/407741181,Hotel La Casona,Avenida Independencia,,Dominican Republic,18.4661944,-69.8966711,,,,osm-dominican-republic-expanded-2026-05-20,2026-05-20T19:32:17.199Z,pending,none,needs_research,hotel la casona|18.4662|-69.8967,way,hotel,missingCity; missingWebsite; missingPhone
way/407742566,OpenStreetMap,osm,ODbL,https://www.openstreetmap.org/way/407742566,Hotel Renacer,Avenida Simón Bolivar,,Dominican Republic,18.4704961,-69.8965823,,,,osm-dominican-republic-expanded-2026-05-20,2026-05-20T19:32:17.199Z,pending,none,needs_research,hotel renacer|18.4705|-69.8966,way,hotel,missingCity; missingWebsite; missingPhone
way/407755736,OpenStreetMap,osm,ODbL,https://www.openstreetmap.org/way/407755736,Cabañas Imperial,"Autopista Duarte, Santiago",Santiago,Dominican Republic,19.4253608,-70.6502656,,,,osm-dominican-republic-expanded-2026-05-20,2026-05-20T19:32:17.199Z,pending,none,needs_research,cabanas imperial|santiago|dominican republic,way,hotel,missingWebsite; missingPhone
way/407755737,OpenStreetMap,osm,ODbL,https://www.openstreetmap.org/way/407755737,Horus Aparta Hotel,"Carretera Las Palomas, Santiago",Santiago,Dominican Republic,19.4255871,-70.6512832,,,,osm-dominican-republic-expanded-2026-05-20,2026-05-20T19:32:17.199Z,pending,none,needs_research,horus aparta hotel|santiago|dominican republic,way,hotel,missingWebsite; missingPhone
way/407777544,OpenStreetMap,osm,ODbL,https://www.openstreetmap.org/way/407777544,Nuevo Hotel San Jose,"Avenida Isabel Aguiar, Santo Domingo",Santo Domingo,Dominican Republic,18.4637472,-69.9749522,,,,osm-dominican-republic-expanded-2026-05-20,2026-05-20T19:32:17.199Z,pending,none,needs_research,nuevo hotel san jose|santo domingo|dominican republic,way,hotel,missingWebsite; missingPhone
way/407777781,OpenStreetMap,osm,ODbL,https://www.openstreetmap.org/way/407777781,Mira Mar,Avenida Los Palmeros. Marginal Las Américas,,Dominican Republic,18.4662211,-69.8212495,,,,osm-dominican-republic-expanded-2026-05-20,2026-05-20T19:32:17.199Z,pending,none,needs_research,mira mar|18.4662|-69.8212,way,motel,missingCity; missingWebsite; missingPhone
way/407797307,OpenStreetMap,osm,ODbL,https://www.openstreetmap.org/way/407797307,,,,Dominican Republic,19.4612595,-70.7032024,,,,osm-dominican-republic-expanded-2026-05-20,2026-05-20T19:32:17.199Z,pending,none,needs_research,unknown|19.4613|-70.7032,way,hotel,missingName; missingCity; missingWebsite; missingPhone
way/408013297,OpenStreetMap,osm,ODbL,https://www.openstreetmap.org/way/408013297,Hotel Noche de Travesura,,,Dominican Republic,18.504224,-69.8965934,,,,osm-dominican-republic-expanded-2026-05-20,2026-05-20T19:32:17.199Z,pending,none,needs_research,hotel noche de travesura|18.5042|-69.8966,way,hotel,missingCity; missingWebsite; missingPhone
way/408316180,OpenStreetMap,osm,ODbL,https://www.openstreetmap.org/way/408316180,El Principe,Avenida Pedro Livio Cedeño,,Dominican Republic,18.4948191,-69.9098424,,,,osm-dominican-republic-expanded-2026-05-20,2026-05-20T19:32:17.199Z,pending,none,needs_research,el principe|18.4948|-69.9098,way,hotel,missingCity; missingWebsite; missingPhone
way/408316188,OpenStreetMap,osm,ODbL,https://www.openstreetmap.org/way/408316188,La Playa,,,Dominican Republic,18.4965238,-69.913669,,,,osm-dominican-republic-expanded-2026-05-20,2026-05-20T19:32:17.199Z,pending,none,needs_research,la playa|18.4965|-69.9137,way,motel,missingCity; missingWebsite; missingPhone
way/408443500,OpenStreetMap,osm,ODbL,https://www.openstreetmap.org/way/408443500,Hotel Buenos Aires,"Carretera Jacagua, Santiago de los Caballeros",Santiago de los Caballeros,Dominican Republic,19.4721805,-70.711442,,,,osm-dominican-republic-expanded-2026-05-20,2026-05-20T19:32:17.199Z,pending,none,needs_research,hotel buenos aires|santiago de los caballeros|dominican republic,way,hotel,missingWebsite; missingPhone
way/408443503,OpenStreetMap,osm,ODbL,https://www.openstreetmap.org/way/408443503,Hotel Las Colinas,"Avenida Imbert, Santiago de los Caballeros",Santiago de los Caballeros,Dominican Republic,19.4718224,-70.7121183,,,,osm-dominican-republic-expanded-2026-05-20,2026-05-20T19:32:17.199Z,pending,none,needs_research,hotel las colinas|santiago de los caballeros|dominican republic,way,hotel,missingWebsite; missingPhone
way/408451325,OpenStreetMap,osm,ODbL,https://www.openstreetmap.org/way/408451325,Hotel Villa Campo,Carretera Duarte Vieja,,Dominican Republic,18.4987103,-69.9923224,,,,osm-dominican-republic-expanded-2026-05-20,2026-05-20T19:32:17.199Z,pending,none,needs_research,hotel villa campo|18.4987|-69.9923,way,hotel,missingCity; missingWebsite; missingPhone
way/408649164,OpenStreetMap,osm,ODbL,https://www.openstreetmap.org/way/408649164,Hotel Matum,"Avenida Las Carreras, Santiago",Santiago,Dominican Republic,19.4518871,-70.6909257,,,,osm-dominican-republic-expanded-2026-05-20,2026-05-20T19:32:17.199Z,pending,none,needs_research,hotel matum|santiago|dominican republic,way,hotel,missingWebsite; missingPhone
way/408715484,OpenStreetMap,osm,ODbL,https://www.openstreetmap.org/way/408715484,Villas Aparta Hotel,"Autopista Presidente Dr Joaquín Balaguer, Santiago",Santiago,Dominican Republic,19.4896805,-70.7229944,,,,osm-dominican-republic-expanded-2026-05-20,2026-05-20T19:32:17.199Z,pending,none,needs_research,villas aparta hotel|santiago|dominican republic,way,hotel,missingWebsite; missingPhone
way/408730341,OpenStreetMap,osm,ODbL,https://www.openstreetmap.org/way/408730341,Hotel Caribeno,"Avenida Salvador Estrella Sahdalá, Santiago de los Caballeros",Santiago de los Caballeros,Dominican Republic,19.4810608,-70.7058216,,,,osm-dominican-republic-expanded-2026-05-20,2026-05-20T19:32:17.199Z,pending,none,needs_research,hotel caribeno|santiago de los caballeros|dominican republic,way,hotel,missingWebsite; missingPhone
way/408753404,OpenStreetMap,osm,ODbL,https://www.openstreetmap.org/way/408753404,Iberostar,"Avenida 27 de Febrero, Santo Domingo",Santo Domingo,Dominican Republic,18.4612551,-69.9396516,,,,osm-dominican-republic-expanded-2026-05-20,2026-05-20T19:32:17.199Z,pending,none,needs_research,iberostar|santo domingo|dominican republic,way,hotel,missingWebsite; missingPhone
way/408774923,OpenStreetMap,osm,ODbL,https://www.openstreetmap.org/way/408774923,Ramada,"Avenida 27 de Febrero, Santo Domingo",Santo Domingo,Dominican Republic,18.4600899,-69.9397948,,,,osm-dominican-republic-expanded-2026-05-20,2026-05-20T19:32:17.199Z,pending,none,needs_research,ramada|santo domingo|dominican republic,way,hotel,missingWebsite; missingPhone
way/408930486,OpenStreetMap,osm,ODbL,https://www.openstreetmap.org/way/408930486,Motel la Economia,André,André,Dominican Republic,18.4482146,-69.634198,,,,osm-dominican-republic-expanded-2026-05-20,2026-05-20T19:32:17.199Z,pending,none,needs_research,motel la economia|andre|dominican republic,way,motel,missingWebsite; missingPhone
way/409588717,OpenStreetMap,osm,ODbL,https://www.openstreetmap.org/way/409588717,GAVA hostel,"Calle Russia, Bavaro - Punta Cana, 23000",Bavaro - Punta Cana,Dominican Republic,18.6855031,-68.4208618,https://www.facebook.com/pages/GAVA-hostel-Punta-Cana-Bavaro-Dominican-Republic/126310254216636?ref=hl,+18292065583,GAVA,osm-dominican-republic-expanded-2026-05-20,2026-05-20T19:32:17.199Z,pending,none,needs_research,gava hostel|bavaro - punta cana|dominican republic,way,hostel,
way/409588750,OpenStreetMap,osm,ODbL,https://www.openstreetmap.org/way/409588750,Hotel Conquistador,Autopista Joaquín Balaguer,,Dominican Republic,19.4908195,-70.7223894,,,,osm-dominican-republic-expanded-2026-05-20,2026-05-20T19:32:17.199Z,pending,none,needs_research,hotel conquistador|19.4908|-70.7224,way,hotel,missingCity; missingWebsite; missingPhone
way/409597539,OpenStreetMap,osm,ODbL,https://www.openstreetmap.org/way/409597539,Hotel Los Jardiness,,,Dominican Republic,19.4649554,-70.6888376,,,,osm-dominican-republic-expanded-2026-05-20,2026-05-20T19:32:17.199Z,pending,none,needs_research,hotel los jardiness|19.465|-70.6888,way,hotel,missingCity; missingWebsite; missingPhone
way/409872731,OpenStreetMap,osm,ODbL,https://www.openstreetmap.org/way/409872731,Micro Hotel,"Avenida República de Colombia, Santo Domingo",Santo Domingo,Dominican Republic,18.5019609,-69.9583728,,,,osm-dominican-republic-expanded-2026-05-20,2026-05-20T19:32:17.199Z,pending,none,needs_research,micro hotel|santo domingo|dominican republic,way,hotel,missingWebsite; missingPhone
way/410064463,OpenStreetMap,osm,ODbL,https://www.openstreetmap.org/way/410064463,Queen Hotel,Autopista 30 de Mayo,,Dominican Republic,18.4282715,-69.9691828,,,,osm-dominican-republic-expanded-2026-05-20,2026-05-20T19:32:17.199Z,pending,none,needs_research,queen hotel|18.4283|-69.9692,way,hotel,missingCity; missingWebsite; missingPhone
way/410312680,OpenStreetMap,osm,ODbL,https://www.openstreetmap.org/way/410312680,Centrun,,,Dominican Republic,18.4513181,-69.9644007,,,,osm-dominican-republic-expanded-2026-05-20,2026-05-20T19:32:17.199Z,pending,none,needs_research,centrun|18.4513|-69.9644,way,motel,missingCity; missingWebsite; missingPhone
way/410357299,OpenStreetMap,osm,ODbL,https://www.openstreetmap.org/way/410357299,Hotel Aladino,"Calle Doctor Heriberto Pierter, Santo Domingo",Santo Domingo,Dominican Republic,18.4812262,-69.925875,,,,osm-dominican-republic-expanded-2026-05-20,2026-05-20T19:32:17.199Z,pending,none,needs_research,hotel aladino|santo domingo|dominican republic,way,hotel,missingWebsite; missingPhone
way/410364839,OpenStreetMap,osm,ODbL,https://www.openstreetmap.org/way/410364839,Hispañiola Hotel & Casino,Santa Domingo,Santa Domingo,Dominican Republic,18.4548639,-69.9228339,,,,osm-dominican-republic-expanded-2026-05-20,2026-05-20T19:32:17.199Z,pending,none,needs_research,hispaniola hotel & casino|santa domingo|dominican republic,way,hotel,missingWebsite; missingPhone
way/410653380,OpenStreetMap,osm,ODbL,https://www.openstreetmap.org/way/410653380,,,,Dominican Republic,18.4988703,-69.8909378,,,,osm-dominican-republic-expanded-2026-05-20,2026-05-20T19:32:17.199Z,pending,none,needs_research,unknown|18.4989|-69.8909,way,hotel,missingName; missingCity; missingWebsite; missingPhone
way/410659819,OpenStreetMap,osm,ODbL,https://www.openstreetmap.org/way/410659819,Hotel Farolito,"Avenida Las Américas, Santo Domingo Este, 11601",Santo Domingo Este,Dominican Republic,18.4855292,-69.8768295,,,,osm-dominican-republic-expanded-2026-05-20,2026-05-20T19:32:17.199Z,pending,none,needs_research,hotel farolito|santo domingo este|dominican republic,way,hotel,missingWebsite; missingPhone
way/411455781,OpenStreetMap,osm,ODbL,https://www.openstreetmap.org/way/411455781,Hotel el Encuento,Autopista Duarte,,Dominican Republic,18.5211969,-70.0106126,,,,osm-dominican-republic-expanded-2026-05-20,2026-05-20T19:32:17.199Z,pending,none,needs_research,hotel el encuento|18.5212|-70.0106,way,hotel,missingCity; missingWebsite; missingPhone
way/411464116,OpenStreetMap,osm,ODbL,https://www.openstreetmap.org/way/411464116,,,,Dominican Republic,18.476093,-69.9721536,,,,osm-dominican-republic-expanded-2026-05-20,2026-05-20T19:32:17.199Z,pending,none,needs_research,unknown|18.4761|-69.9722,way,hotel,missingName; missingCity; missingWebsite; missingPhone
way/411497495,OpenStreetMap,osm,ODbL,https://www.openstreetmap.org/way/411497495,Hotel Bohechio,,,Dominican Republic,18.4764239,-69.9720722,,,,osm-dominican-republic-expanded-2026-05-20,2026-05-20T19:32:17.199Z,pending,none,needs_research,hotel bohechio|18.4764|-69.9721,way,hotel,missingCity; missingWebsite; missingPhone
way/411505517,OpenStreetMap,osm,ODbL,https://www.openstreetmap.org/way/411505517,Hotel La Solusion,,,Dominican Republic,18.4781009,-69.9718719,,,,osm-dominican-republic-expanded-2026-05-20,2026-05-20T19:32:17.199Z,pending,none,needs_research,hotel la solusion|18.4781|-69.9719,way,hotel,missingCity; missingWebsite; missingPhone
way/411505521,OpenStreetMap,osm,ODbL,https://www.openstreetmap.org/way/411505521,Hotel Omar,,,Dominican Republic,18.4787622,-69.9717463,,,,osm-dominican-republic-expanded-2026-05-20,2026-05-20T19:32:17.199Z,pending,none,needs_research,hotel omar|18.4788|-69.9717,way,hotel,missingCity; missingWebsite; missingPhone
way/411734313,OpenStreetMap,osm,ODbL,https://www.openstreetmap.org/way/411734313,Hotel El Sol,"Calle Del Sol, Santiago",Santiago,Dominican Republic,19.4513119,-70.7086022,,,,osm-dominican-republic-expanded-2026-05-20,2026-05-20T19:32:17.199Z,pending,none,needs_research,hotel el sol|santiago|dominican republic,way,hotel,missingWebsite; missingPhone
way/411769609,OpenStreetMap,osm,ODbL,https://www.openstreetmap.org/way/411769609,Hotel Aloha Sol,"Calle Sánchez, Santiago",Santiago,Dominican Republic,19.4502797,-70.7015476,,,,osm-dominican-republic-expanded-2026-05-20,2026-05-20T19:32:17.199Z,pending,none,needs_research,hotel aloha sol|santiago|dominican republic,way,hotel,missingWebsite; missingPhone
way/411781544,OpenStreetMap,osm,ODbL,https://www.openstreetmap.org/way/411781544,Hotel Ahora,,,Dominican Republic,18.4684798,-69.9738667,,,,osm-dominican-republic-expanded-2026-05-20,2026-05-20T19:32:17.199Z,pending,none,needs_research,hotel ahora|18.4685|-69.9739,way,hotel,missingCity; missingWebsite; missingPhone
way/411795151,OpenStreetMap,osm,ODbL,https://www.openstreetmap.org/way/411795151,La Fuente Del Placer,,,Dominican Republic,18.9324123,-70.3859941,,,,osm-dominican-republic-expanded-2026-05-20,2026-05-20T19:32:17.199Z,pending,none,needs_research,la fuente del placer|18.9324|-70.386,way,motel,missingCity; missingWebsite; missingPhone
way/411804452,OpenStreetMap,osm,ODbL,https://www.openstreetmap.org/way/411804452,Hotel Roma,,,Dominican Republic,18.471369,-69.9721265,,,,osm-dominican-republic-expanded-2026-05-20,2026-05-20T19:32:17.199Z,pending,none,needs_research,hotel roma|18.4714|-69.9721,way,hotel,missingCity; missingWebsite; missingPhone
way/411818568,OpenStreetMap,osm,ODbL,https://www.openstreetmap.org/way/411818568,Hotel MI Cam Cam,,,Dominican Republic,18.4730613,-69.9722103,,,,osm-dominican-republic-expanded-2026-05-20,2026-05-20T19:32:17.199Z,pending,none,needs_research,hotel mi cam cam|18.4731|-69.9722,way,hotel,missingCity; missingWebsite; missingPhone
way/411829861,OpenStreetMap,osm,ODbL,https://www.openstreetmap.org/way/411829861,Cabanas Heaven's,Autopista Duarte,,Dominican Republic,18.8571642,-70.3429211,,,,osm-dominican-republic-expanded-2026-05-20,2026-05-20T19:32:17.199Z,pending,none,needs_research,cabanas heaven's|18.8572|-70.3429,way,motel,missingCity; missingWebsite; missingPhone
way/412115789,OpenStreetMap,osm,ODbL,https://www.openstreetmap.org/way/412115789,Cabana El Paraiso,Autopista Duarte,,Dominican Republic,19.2748758,-70.5708804,,,,osm-dominican-republic-expanded-2026-05-20,2026-05-20T19:32:17.199Z,pending,none,needs_research,cabana el paraiso|19.2749|-70.5709,way,motel,missingCity; missingWebsite; missingPhone
way/412118145,OpenStreetMap,osm,ODbL,https://www.openstreetmap.org/way/412118145,Cabañas Turisticas Vega Real,Autopista Duarte,,Dominican Republic,19.2528092,-70.5624466,,,,osm-dominican-republic-expanded-2026-05-20,2026-05-20T19:32:17.199Z,pending,none,needs_research,cabanas turisticas vega real|19.2528|-70.5624,way,motel,missingCity; missingWebsite; missingPhone
way/412160588,OpenStreetMap,osm,ODbL,https://www.openstreetmap.org/way/412160588,Roland Hotel,,,Dominican Republic,18.4978348,-69.8238267,,,,osm-dominican-republic-expanded-2026-05-20,2026-05-20T19:32:17.199Z,pending,none,needs_research,roland hotel|18.4978|-69.8238,way,hotel,missingCity; missingWebsite; missingPhone
way/412174508,OpenStreetMap,osm,ODbL,https://www.openstreetmap.org/way/412174508,Villa Verde,"Avenida Duarte, Villa Altagracia",Villa Altagracia,Dominican Republic,18.6807517,-70.1785647,,,,osm-dominican-republic-expanded-2026-05-20,2026-05-20T19:32:17.199Z,pending,none,needs_research,villa verde|villa altagracia|dominican republic,way,hotel,missingWebsite; missingPhone
way/412477056,OpenStreetMap,osm,ODbL,https://www.openstreetmap.org/way/412477056,Galaxy Aparta Hotel,Autopista Duarte,,Dominican Republic,19.2421052,-70.5252852,,,,osm-dominican-republic-expanded-2026-05-20,2026-05-20T19:32:17.199Z,pending,none,needs_research,galaxy aparta hotel|19.2421|-70.5253,way,motel,missingCity; missingWebsite; missingPhone
way/412534184,OpenStreetMap,osm,ODbL,https://www.openstreetmap.org/way/412534184,,,,Dominican Republic,18.4800694,-69.9787513,,,,osm-dominican-republic-expanded-2026-05-20,2026-05-20T19:32:17.199Z,pending,none,needs_research,unknown|18.4801|-69.9788,way,hotel,missingName; missingCity; missingWebsite; missingPhone
way/412768374,OpenStreetMap,osm,ODbL,https://www.openstreetmap.org/way/412768374,Hotel Embajador,Avenida Sarasota,,Dominican Republic,18.4550422,-69.9334492,,,,osm-dominican-republic-expanded-2026-05-20,2026-05-20T19:32:17.199Z,pending,none,needs_research,hotel embajador|18.455|-69.9334,way,hotel,missingCity; missingWebsite; missingPhone
way/412787474,OpenStreetMap,osm,ODbL,https://www.openstreetmap.org/way/412787474,Hotel,Carretera Duarte Vieja,,Dominican Republic,18.9523282,-70.4017202,,,,osm-dominican-republic-expanded-2026-05-20,2026-05-20T19:32:17.199Z,pending,none,needs_research,hotel|18.9523|-70.4017,way,hotel,missingCity; missingWebsite; missingPhone
way/412841211,OpenStreetMap,osm,ODbL,https://www.openstreetmap.org/way/412841211,,,,Dominican Republic,18.509935,-69.8705231,,,,osm-dominican-republic-expanded-2026-05-20,2026-05-20T19:32:17.199Z,pending,none,needs_research,unknown|18.5099|-69.8705,way,hotel,missingName; missingCity; missingWebsite; missingPhone
way/412845223,OpenStreetMap,osm,ODbL,https://www.openstreetmap.org/way/412845223,Hotel El Tunel,San Vicente de Paúl,,Dominican Republic,18.5095425,-69.8617358,,,,osm-dominican-republic-expanded-2026-05-20,2026-05-20T19:32:17.199Z,pending,none,needs_research,hotel el tunel|18.5095|-69.8617,way,hotel,missingCity; missingWebsite; missingPhone
way/412852670,OpenStreetMap,osm,ODbL,https://www.openstreetmap.org/way/412852670,Hotel La Sonrisa,B,B,Dominican Republic,18.4234129,-70.0408442,,,,osm-dominican-republic-expanded-2026-05-20,2026-05-20T19:32:17.199Z,pending,none,needs_research,hotel la sonrisa|b|dominican republic,way,hotel,missingWebsite; missingPhone
way/413385765,OpenStreetMap,osm,ODbL,https://www.openstreetmap.org/way/413385765,Cabañas Horny,"Avenida Charles de Gaulle, Santo Domingo Este",Santo Domingo Este,Dominican Republic,18.5469128,-69.8904697,,,,osm-dominican-republic-expanded-2026-05-20,2026-05-20T19:32:17.199Z,pending,none,needs_research,cabanas horny|santo domingo este|dominican republic,way,hotel,missingWebsite; missingPhone
way/413389795,OpenStreetMap,osm,ODbL,https://www.openstreetmap.org/way/413389795,Hotel Madre Vieja,"29, San Cristóbal",San Cristóbal,Dominican Republic,18.4222422,-70.101958,,,,osm-dominican-republic-expanded-2026-05-20,2026-05-20T19:32:17.199Z,pending,none,needs_research,hotel madre vieja|san cristobal|dominican republic,way,hotel,missingWebsite; missingPhone
way/413438539,OpenStreetMap,osm,ODbL,https://www.openstreetmap.org/way/413438539,Hotel el Subway,"Carretera Sánchez, San Cristóbal",San Cristóbal,Dominican Republic,18.4241388,-70.0952688,,,,osm-dominican-republic-expanded-2026-05-20,2026-05-20T19:32:17.199Z,pending,none,needs_research,hotel el subway|san cristobal|dominican republic,way,hotel,missingWebsite; missingPhone
way/413442278,OpenStreetMap,osm,ODbL,https://www.openstreetmap.org/way/413442278,Hotel Internacional,,,Dominican Republic,18.5013469,-69.9128501,,,,osm-dominican-republic-expanded-2026-05-20,2026-05-20T19:32:17.199Z,pending,none,needs_research,hotel internacional|18.5013|-69.9129,way,hotel,missingCity; missingWebsite; missingPhone
way/413701758,OpenStreetMap,osm,ODbL,https://www.openstreetmap.org/way/413701758,Hotel Saoco,99 Calle Moca,,Dominican Republic,18.5007398,-69.9086387,,,,osm-dominican-republic-expanded-2026-05-20,2026-05-20T19:32:17.199Z,pending,none,needs_research,hotel saoco|18.5007|-69.9086,way,hotel,missingCity; missingWebsite; missingPhone
way/413957007,OpenStreetMap,osm,ODbL,https://www.openstreetmap.org/way/413957007,Hotel Zitro,"Don Luis Despradel, La Vega",La Vega,Dominican Republic,19.2303266,-70.5310546,,,,osm-dominican-republic-expanded-2026-05-20,2026-05-20T19:32:17.199Z,pending,none,needs_research,hotel zitro|la vega|dominican republic,way,hotel,missingWebsite; missingPhone
way/413970591,OpenStreetMap,osm,ODbL,https://www.openstreetmap.org/way/413970591,Tin Vale Hotel,Autopista Duarte,,Dominican Republic,19.0033825,-70.4400611,,,,osm-dominican-republic-expanded-2026-05-20,2026-05-20T19:32:17.199Z,pending,none,needs_research,tin vale hotel|19.0034|-70.4401,way,hotel,missingCity; missingWebsite; missingPhone
way/413979336,OpenStreetMap,osm,ODbL,https://www.openstreetmap.org/way/413979336,,San Vicente de Paúl,,Dominican Republic,18.5103789,-69.8702178,,,,osm-dominican-republic-expanded-2026-05-20,2026-05-20T19:32:17.199Z,pending,none,needs_research,unknown|18.5104|-69.8702,way,hotel,missingName; missingCity; missingWebsite; missingPhone
way/413985303,OpenStreetMap,osm,ODbL,https://www.openstreetmap.org/way/413985303,Hotel Galaxia,San Vicente de Paúl,,Dominican Republic,18.5100957,-69.8626165,,,,osm-dominican-republic-expanded-2026-05-20,2026-05-20T19:32:17.199Z,pending,none,needs_research,hotel galaxia|18.5101|-69.8626,way,hotel,missingCity; missingWebsite; missingPhone
way/413985306,OpenStreetMap,osm,ODbL,https://www.openstreetmap.org/way/413985306,Hotel El Metro,San Vicente de Paúl,,Dominican Republic,18.5100605,-69.8618584,,,,osm-dominican-republic-expanded-2026-05-20,2026-05-20T19:32:17.199Z,pending,none,needs_research,hotel el metro|18.5101|-69.8619,way,hotel,missingCity; missingWebsite; missingPhone
way/413985307,OpenStreetMap,osm,ODbL,https://www.openstreetmap.org/way/413985307,Hotel Mega,San Vicente de Paúl,,Dominican Republic,18.5100036,-69.8614808,,,,osm-dominican-republic-expanded-2026-05-20,2026-05-20T19:32:17.199Z,pending,none,needs_research,hotel mega|18.51|-69.8615,way,hotel,missingCity; missingWebsite; missingPhone
way/413993138,OpenStreetMap,osm,ODbL,https://www.openstreetmap.org/way/413993138,Hotel El Rey,"Avenida Antonio Guzman Fdez., La Vega",La Vega,Dominican Republic,19.2308704,-70.5304068,,,,osm-dominican-republic-expanded-2026-05-20,2026-05-20T19:32:17.199Z,pending,none,needs_research,hotel el rey|la vega|dominican republic,way,hotel,missingWebsite; missingPhone
way/414021694,OpenStreetMap,osm,ODbL,https://www.openstreetmap.org/way/414021694,Hotel MiraSol,"Carretera Mella, Santo Domingo Este",Santo Domingo Este,Dominican Republic,18.5004506,-69.8607889,,,,osm-dominican-republic-expanded-2026-05-20,2026-05-20T19:32:17.199Z,pending,none,needs_research,hotel mirasol|santo domingo este|dominican republic,way,hotel,missingWebsite; missingPhone
way/414225240,OpenStreetMap,osm,ODbL,https://www.openstreetmap.org/way/414225240,,"78 Calle Núñez de Cáceres, La Vega",La Vega,Dominican Republic,19.2273898,-70.5319282,,,,osm-dominican-republic-expanded-2026-05-20,2026-05-20T19:32:17.199Z,pending,none,needs_research,la vega|dominican republic|19.2274|-70.5319,way,hotel,missingName; missingWebsite; missingPhone
way/414225247,OpenStreetMap,osm,ODbL,https://www.openstreetmap.org/way/414225247,Hotel Pegasus,"Beller, La Vega",La Vega,Dominican Republic,19.2276636,-70.534113,,,,osm-dominican-republic-expanded-2026-05-20,2026-05-20T19:32:17.199Z,pending,none,needs_research,hotel pegasus|la vega|dominican republic,way,hotel,missingWebsite; missingPhone
way/414225266,OpenStreetMap,osm,ODbL,https://www.openstreetmap.org/way/414225266,Hotel Con Parqueo La Potencia,"Calle Duarte, Los Alcarrizos",Los Alcarrizos,Dominican Republic,18.5234282,-70.0339642,,,,osm-dominican-republic-expanded-2026-05-20,2026-05-20T19:32:17.199Z,pending,none,needs_research,hotel con parqueo la potencia|los alcarrizos|dominican republic,way,hotel,missingWebsite; missingPhone
way/414258694,OpenStreetMap,osm,ODbL,https://www.openstreetmap.org/way/414258694,Hotel Familiar San Pedro,"Calle Núñez de Cáceres, La Vega",La Vega,Dominican Republic,19.2271499,-70.5320951,,,,osm-dominican-republic-expanded-2026-05-20,2026-05-20T19:32:17.199Z,pending,none,needs_research,hotel familiar san pedro|la vega|dominican republic,way,hotel,missingWebsite; missingPhone
way/414258697,OpenStreetMap,osm,ODbL,https://www.openstreetmap.org/way/414258697,Hotel Real,"Calle Padre Billini, La Vega",La Vega,Dominican Republic,19.2271448,-70.5331594,,,,osm-dominican-republic-expanded-2026-05-20,2026-05-20T19:32:17.199Z,pending,none,needs_research,hotel real|la vega|dominican republic,way,hotel,missingWebsite; missingPhone
way/414264724,OpenStreetMap,osm,ODbL,https://www.openstreetmap.org/way/414264724,Hotel del Valle,"Avenida Pedro A. Rivera, La Vega",La Vega,Dominican Republic,19.2273766,-70.5236606,,,,osm-dominican-republic-expanded-2026-05-20,2026-05-20T19:32:17.199Z,pending,none,needs_research,hotel del valle|la vega|dominican republic,way,hotel,missingWebsite; missingPhone
way/414264738,OpenStreetMap,osm,ODbL,https://www.openstreetmap.org/way/414264738,Hotel Don Marío,"Avenida Pedro A. Rivera, La Vega",La Vega,Dominican Republic,19.2213629,-70.5161901,,,,osm-dominican-republic-expanded-2026-05-20,2026-05-20T19:32:17.199Z,pending,none,needs_research,hotel don mario|la vega|dominican republic,way,hotel,missingWebsite; missingPhone
way/414264741,OpenStreetMap,osm,ODbL,https://www.openstreetmap.org/way/414264741,Hotel La Diosa,"Avenida Pedro A. Rivera, La Vega",La Vega,Dominican Republic,19.2174903,-70.5118858,,,,osm-dominican-republic-expanded-2026-05-20,2026-05-20T19:32:17.199Z,pending,none,needs_research,hotel la diosa|la vega|dominican republic,way,hotel,missingWebsite; missingPhone
way/414499936,OpenStreetMap,osm,ODbL,https://www.openstreetmap.org/way/414499936,Hotel Asia,,,Dominican Republic,18.4934915,-69.8698083,,,,osm-dominican-republic-expanded-2026-05-20,2026-05-20T19:32:17.199Z,pending,none,needs_research,hotel asia|18.4935|-69.8698,way,hotel,missingCity; missingWebsite; missingPhone
way/429004654,OpenStreetMap,osm,ODbL,https://www.openstreetmap.org/way/429004654,Motel el Conford,,,Dominican Republic,18.7383098,-68.584871,,,,osm-dominican-republic-expanded-2026-05-20,2026-05-20T19:32:17.199Z,pending,none,needs_research,motel el conford|18.7383|-68.5849,way,motel,missingCity; missingWebsite; missingPhone
way/435204201,OpenStreetMap,osm,ODbL,https://www.openstreetmap.org/way/435204201,Rancho La Aurora,,,Dominican Republic,19.1136808,-70.577989,,,,osm-dominican-republic-expanded-2026-05-20,2026-05-20T19:32:17.199Z,pending,none,needs_research,rancho la aurora|19.1137|-70.578,way,hotel,missingCity; missingWebsite; missingPhone
way/439195501,OpenStreetMap,osm,ODbL,https://www.openstreetmap.org/way/439195501,Charming Countryside Chalet,,,Dominican Republic,19.6853948,-70.62244,https://www.charming-countryside-chalet.com/,+1 809 399 95 43,,osm-dominican-republic-expanded-2026-05-20,2026-05-20T19:32:17.199Z,pending,none,needs_research,charming countryside chalet|19.6854|-70.6224,way,hotel,missingCity
way/456977062,OpenStreetMap,osm,ODbL,https://www.openstreetmap.org/way/456977062,,,,Dominican Republic,19.7637905,-70.6434637,,,,osm-dominican-republic-expanded-2026-05-20,2026-05-20T19:32:17.199Z,pending,none,needs_research,unknown|19.7638|-70.6435,way,hotel,missingName; missingCity; missingWebsite; missingPhone
way/456980882,OpenStreetMap,osm,ODbL,https://www.openstreetmap.org/way/456980882,,,,Dominican Republic,19.765515,-70.6382453,,,,osm-dominican-republic-expanded-2026-05-20,2026-05-20T19:32:17.199Z,pending,none,needs_research,unknown|19.7655|-70.6382,way,hotel,missingName; missingCity; missingWebsite; missingPhone
way/456980884,OpenStreetMap,osm,ODbL,https://www.openstreetmap.org/way/456980884,,,,Dominican Republic,19.7652165,-70.63934,,,,osm-dominican-republic-expanded-2026-05-20,2026-05-20T19:32:17.199Z,pending,none,needs_research,unknown|19.7652|-70.6393,way,hotel,missingName; missingCity; missingWebsite; missingPhone
way/456980886,OpenStreetMap,osm,ODbL,https://www.openstreetmap.org/way/456980886,,,,Dominican Republic,19.7650941,-70.6386393,,,,osm-dominican-republic-expanded-2026-05-20,2026-05-20T19:32:17.199Z,pending,none,needs_research,unknown|19.7651|-70.6386,way,hotel,missingName; missingCity; missingWebsite; missingPhone
way/456980889,OpenStreetMap,osm,ODbL,https://www.openstreetmap.org/way/456980889,,,,Dominican Republic,19.7663735,-70.6392453,,,,osm-dominican-republic-expanded-2026-05-20,2026-05-20T19:32:17.199Z,pending,none,needs_research,unknown|19.7664|-70.6392,way,hotel,missingName; missingCity; missingWebsite; missingPhone
way/471926026,OpenStreetMap,osm,ODbL,https://www.openstreetmap.org/way/471926026,Grand Bahia Principe Turquesa,,,Dominican Republic,18.721265,-68.4672648,,,,osm-dominican-republic-expanded-2026-05-20,2026-05-20T19:32:17.199Z,pending,none,needs_research,grand bahia principe turquesa|18.7213|-68.4673,way,hotel,missingCity; missingWebsite; missingPhone
way/474924737,OpenStreetMap,osm,ODbL,https://www.openstreetmap.org/way/474924737,Caoba Residencia,,,Dominican Republic,19.3182901,-69.5421522,,,,osm-dominican-republic-expanded-2026-05-20,2026-05-20T19:32:17.199Z,pending,none,needs_research,caoba residencia|19.3183|-69.5422,way,apartment,missingCity; missingWebsite; missingPhone
way/476739407,OpenStreetMap,osm,ODbL,https://www.openstreetmap.org/way/476739407,Hotel Riu Republica,"Carr. El Macao - Arena Gorda, Punta Cana, 23000",Punta Cana,Dominican Republic,18.4648512,-68.4023911,https://www.riu.com/en/hotel/dominican-republic/punta-cana/hotel-riu-republica/,+1 809-933-0101,RIU,osm-dominican-republic-expanded-2026-05-20,2026-05-20T19:32:17.199Z,pending,none,needs_research,hotel riu republica|punta cana|dominican republic,way,hotel,
way/478120842,OpenStreetMap,osm,ODbL,https://www.openstreetmap.org/way/478120842,Hotel Cervantes,"204 Cervantes, Santo Domingo",Santo Domingo,Dominican Republic,18.4688716,-69.9016647,,,,osm-dominican-republic-expanded-2026-05-20,2026-05-20T19:32:17.199Z,pending,none,needs_research,hotel cervantes|santo domingo|dominican republic,way,hotel,missingWebsite; missingPhone
way/493317106,OpenStreetMap,osm,ODbL,https://www.openstreetmap.org/way/493317106,Hotel Santa Cruz,,,Dominican Republic,18.7669367,-69.0365846,,,,osm-dominican-republic-expanded-2026-05-20,2026-05-20T19:32:17.199Z,pending,none,needs_research,hotel santa cruz|18.7669|-69.0366,way,hotel,missingCity; missingWebsite; missingPhone
way/500675356,OpenStreetMap,osm,ODbL,https://www.openstreetmap.org/way/500675356,,,,Dominican Republic,19.8865257,-71.654973,,,,osm-dominican-republic-expanded-2026-05-20,2026-05-20T19:32:17.199Z,pending,none,needs_research,unknown|19.8865|-71.655,way,hotel,missingName; missingCity; missingWebsite; missingPhone
way/506588705,OpenStreetMap,osm,ODbL,https://www.openstreetmap.org/way/506588705,Posada Doña Cuca,"Santo Medrano, Polo, 81503",Polo,Dominican Republic,18.0898439,-71.2790862,,,,osm-dominican-republic-expanded-2026-05-20,2026-05-20T19:32:17.199Z,pending,none,needs_research,posada dona cuca|polo|dominican republic,way,guest_house,missingWebsite; missingPhone
way/516518775,OpenStreetMap,osm,ODbL,https://www.openstreetmap.org/way/516518775,Hotel La Esperanza,,,Dominican Republic,18.9735901,-69.3771555,,,,osm-dominican-republic-expanded-2026-05-20,2026-05-20T19:32:17.199Z,pending,none,needs_research,hotel la esperanza|18.9736|-69.3772,way,hotel,missingCity; missingWebsite; missingPhone
way/529318923,OpenStreetMap,osm,ODbL,https://www.openstreetmap.org/way/529318923,Hostal Ganesh,"Km 8 Carretera El Valle, El Valle, Samana, 32000","El Valle, Samana",Dominican Republic,19.2798751,-69.332114,https://ganeshhostel.com/,+1 (809) 769-1723,,osm-dominican-republic-expanded-2026-05-20,2026-05-20T19:32:17.199Z,pending,none,needs_research,"hostal ganesh|el valle, samana|dominican republic",way,hostel,
way/539003044,OpenStreetMap,osm,ODbL,https://www.openstreetmap.org/way/539003044,Bahía Príncipe Bouganville,,,Dominican Republic,18.4338554,-69.190938,,,,osm-dominican-republic-expanded-2026-05-20,2026-05-20T19:32:17.199Z,pending,none,needs_research,bahia principe bouganville|18.4339|-69.1909,way,hotel,missingCity; missingWebsite; missingPhone
way/540475898,OpenStreetMap,osm,ODbL,https://www.openstreetmap.org/way/540475898,Dreams Dominicus La Romana,"23000 Los Melones, Bahahibe",Bahahibe,Dominican Republic,18.3454757,-68.8198493,,+1 809-221-0303,Dreams,osm-dominican-republic-expanded-2026-05-20,2026-05-20T19:32:17.199Z,pending,none,needs_research,dreams dominicus la romana|bahahibe|dominican republic,way,hotel,missingWebsite
way/540477310,OpenStreetMap,osm,ODbL,https://www.openstreetmap.org/way/540477310,,,,Dominican Republic,18.3457434,-68.820063,,,,osm-dominican-republic-expanded-2026-05-20,2026-05-20T19:32:17.199Z,pending,none,needs_research,unknown|18.3457|-68.8201,way,hotel,missingName; missingCity; missingWebsite; missingPhone
way/540477311,OpenStreetMap,osm,ODbL,https://www.openstreetmap.org/way/540477311,,,,Dominican Republic,18.3454148,-68.8194324,,,,osm-dominican-republic-expanded-2026-05-20,2026-05-20T19:32:17.199Z,pending,none,needs_research,unknown|18.3454|-68.8194,way,hotel,missingName; missingCity; missingWebsite; missingPhone
way/540477312,OpenStreetMap,osm,ODbL,https://www.openstreetmap.org/way/540477312,,,,Dominican Republic,18.3455096,-68.8201938,,,,osm-dominican-republic-expanded-2026-05-20,2026-05-20T19:32:17.199Z,pending,none,needs_research,unknown|18.3455|-68.8202,way,hotel,missingName; missingCity; missingWebsite; missingPhone
way/540477313,OpenStreetMap,osm,ODbL,https://www.openstreetmap.org/way/540477313,,,,Dominican Republic,18.3452209,-68.8203899,,,,osm-dominican-republic-expanded-2026-05-20,2026-05-20T19:32:17.199Z,pending,none,needs_research,unknown|18.3452|-68.8204,way,hotel,missingName; missingCity; missingWebsite; missingPhone
way/540477314,OpenStreetMap,osm,ODbL,https://www.openstreetmap.org/way/540477314,,,,Dominican Republic,18.345085,-68.8202646,,,,osm-dominican-republic-expanded-2026-05-20,2026-05-20T19:32:17.199Z,pending,none,needs_research,unknown|18.3451|-68.8203,way,hotel,missingName; missingCity; missingWebsite; missingPhone
way/540477319,OpenStreetMap,osm,ODbL,https://www.openstreetmap.org/way/540477319,,,,Dominican Republic,18.3435429,-68.8211915,,,,osm-dominican-republic-expanded-2026-05-20,2026-05-20T19:32:17.199Z,pending,none,needs_research,unknown|18.3435|-68.8212,way,hotel,missingName; missingCity; missingWebsite; missingPhone
way/540477320,OpenStreetMap,osm,ODbL,https://www.openstreetmap.org/way/540477320,Building 64,,,Dominican Republic,18.3433768,-68.8208618,,,,osm-dominican-republic-expanded-2026-05-20,2026-05-20T19:32:17.199Z,pending,none,needs_research,building 64|18.3434|-68.8209,way,hotel,missingCity; missingWebsite; missingPhone
way/540477321,OpenStreetMap,osm,ODbL,https://www.openstreetmap.org/way/540477321,,,,Dominican Republic,18.3434366,-68.8206144,,,,osm-dominican-republic-expanded-2026-05-20,2026-05-20T19:32:17.199Z,pending,none,needs_research,unknown|18.3434|-68.8206,way,hotel,missingName; missingCity; missingWebsite; missingPhone
way/545028233,OpenStreetMap,osm,ODbL,https://www.openstreetmap.org/way/545028233,Hotel Casa Hemingway,,,Dominican Republic,18.4300093,-69.3972418,,,Starfish Resort,osm-dominican-republic-expanded-2026-05-20,2026-05-20T19:32:17.199Z,pending,none,needs_research,hotel casa hemingway|18.43|-69.3972,way,hotel,missingCity; missingWebsite; missingPhone
way/552675343,OpenStreetMap,osm,ODbL,https://www.openstreetmap.org/way/552675343,Hostal Los Jensen,"Doctor Delgado, Santo Domingo",Santo Domingo,Dominican Republic,18.4677998,-69.8962719,,,,osm-dominican-republic-expanded-2026-05-20,2026-05-20T19:32:17.199Z,pending,none,needs_research,hostal los jensen|santo domingo|dominican republic,way,hotel,missingWebsite; missingPhone
way/557516096,OpenStreetMap,osm,ODbL,https://www.openstreetmap.org/way/557516096,Hotel Maguana,,,Dominican Republic,18.8068389,-71.2258823,,,,osm-dominican-republic-expanded-2026-05-20,2026-05-20T19:32:17.199Z,pending,none,needs_research,hotel maguana|18.8068|-71.2259,way,hostel,missingCity; missingWebsite; missingPhone
way/574588488,OpenStreetMap,osm,ODbL,https://www.openstreetmap.org/way/574588488,Hotel Frescor del Valle,"Lincoln, Hondo Valle, 73000",Hondo Valle,Dominican Republic,18.7137006,-71.6947903,,+1-829-344-6568,,osm-dominican-republic-expanded-2026-05-20,2026-05-20T19:32:17.199Z,pending,none,needs_research,hotel frescor del valle|hondo valle|dominican republic,way,motel,missingWebsite
way/590922480,OpenStreetMap,osm,ODbL,https://www.openstreetmap.org/way/590922480,,,,Dominican Republic,19.7485717,-70.411073,,,,osm-dominican-republic-expanded-2026-05-20,2026-05-20T19:32:17.199Z,pending,none,needs_research,unknown|19.7486|-70.4111,way,hotel,missingName; missingCity; missingWebsite; missingPhone
way/590934448,OpenStreetMap,osm,ODbL,https://www.openstreetmap.org/way/590934448,,,,Dominican Republic,19.7488559,-70.409848,,,,osm-dominican-republic-expanded-2026-05-20,2026-05-20T19:32:17.199Z,pending,none,needs_research,unknown|19.7489|-70.4098,way,hotel,missingName; missingCity; missingWebsite; missingPhone
way/597361865,OpenStreetMap,osm,ODbL,https://www.openstreetmap.org/way/597361865,Lopesan Costa Bávaro Resort & Spa,"Playa Bavaro, Punta Cana, 23301, DO",Punta Cana,DO,18.6706856,-68.4044305,https://www.lopesan.com/es/hoteles/republica-dominicana/punta-cana/playa-bavaro/ifa-villas-bavaro/,+1 809-200-2101,IFA,osm-dominican-republic-expanded-2026-05-20,2026-05-20T19:32:17.199Z,pending,none,needs_research,lopesan costa bavaro resort & spa|punta cana|do,way,hotel,
way/630842152,OpenStreetMap,osm,ODbL,https://www.openstreetmap.org/way/630842152,Hotal San Francisco de Asis,"Avenida Pasteur, Santo Domingo",Santo Domingo,Dominican Republic,18.4664482,-69.8988277,https://hostalsanfranciscodeasis.com/,(809) 685-0101,,osm-dominican-republic-expanded-2026-05-20,2026-05-20T19:32:17.199Z,pending,none,needs_research,hotal san francisco de asis|santo domingo|dominican republic,way,hotel,
way/652498669,OpenStreetMap,osm,ODbL,https://www.openstreetmap.org/way/652498669,Coop Marena Beach Resort,,,Dominican Republic,18.4246803,-69.4279667,,,Seguro de Maestros,osm-dominican-republic-expanded-2026-05-20,2026-05-20T19:32:17.199Z,pending,none,needs_research,coop marena beach resort|18.4247|-69.428,way,hotel,missingCity; missingWebsite; missingPhone
way/658281870,OpenStreetMap,osm,ODbL,https://www.openstreetmap.org/way/658281870,Hotel Víctor,,,Dominican Republic,18.4710519,-69.8344044,,,,osm-dominican-republic-expanded-2026-05-20,2026-05-20T19:32:17.199Z,pending,none,needs_research,hotel victor|18.4711|-69.8344,way,hotel,missingCity; missingWebsite; missingPhone
way/658950915,OpenStreetMap,osm,ODbL,https://www.openstreetmap.org/way/658950915,,,,Dominican Republic,18.6734305,-68.4147928,,,,osm-dominican-republic-expanded-2026-05-20,2026-05-20T19:32:17.199Z,pending,none,needs_research,unknown|18.6734|-68.4148,way,hotel,missingName; missingCity; missingWebsite; missingPhone
way/659053800,OpenStreetMap,osm,ODbL,https://www.openstreetmap.org/way/659053800,Viva Wyndham Tangerine,,,Dominican Republic,19.753724,-70.4157637,,,,osm-dominican-republic-expanded-2026-05-20,2026-05-20T19:32:17.199Z,pending,none,needs_research,viva wyndham tangerine|19.7537|-70.4158,way,hotel,missingCity; missingWebsite; missingPhone
way/663326875,OpenStreetMap,osm,ODbL,https://www.openstreetmap.org/way/663326875,Tio Pan,,,Dominican Republic,19.7799255,-70.6818258,,,,osm-dominican-republic-expanded-2026-05-20,2026-05-20T19:32:17.199Z,pending,none,needs_research,tio pan|19.7799|-70.6818,way,hotel,missingCity; missingWebsite; missingPhone
way/675403679,OpenStreetMap,osm,ODbL,https://www.openstreetmap.org/way/675403679,The Westin Punta Cana - Resort & Club,"Playa Blanca at Punta Cana Resort & Club, Punta Cana, 23300",Punta Cana,Dominican Republic,18.5384865,-68.356448,,,Westin,osm-dominican-republic-expanded-2026-05-20,2026-05-20T19:32:17.199Z,pending,none,needs_research,the westin punta cana - resort & club|punta cana|dominican republic,way,hotel,missingWebsite; missingPhone
way/677625141,OpenStreetMap,osm,ODbL,https://www.openstreetmap.org/way/677625141,Secrets Cap Cana Resort & Spa,,,Dominican Republic,18.4843873,-68.3942656,,,,osm-dominican-republic-expanded-2026-05-20,2026-05-20T19:32:17.199Z,pending,none,needs_research,secrets cap cana resort & spa|18.4844|-68.3943,way,hotel,missingCity; missingWebsite; missingPhone
way/681704327,OpenStreetMap,osm,ODbL,https://www.openstreetmap.org/way/681704327,,,,Dominican Republic,18.6858049,-68.42294,,,,osm-dominican-republic-expanded-2026-05-20,2026-05-20T19:32:17.199Z,pending,none,needs_research,unknown|18.6858|-68.4229,way,apartment,missingName; missingCity; missingWebsite; missingPhone
way/681704328,OpenStreetMap,osm,ODbL,https://www.openstreetmap.org/way/681704328,,,,Dominican Republic,18.6864145,-68.4234466,,,,osm-dominican-republic-expanded-2026-05-20,2026-05-20T19:32:17.199Z,pending,none,needs_research,unknown|18.6864|-68.4234,way,apartment,missingName; missingCity; missingWebsite; missingPhone
way/681704329,OpenStreetMap,osm,ODbL,https://www.openstreetmap.org/way/681704329,,,,Dominican Republic,18.6861153,-68.4235795,,,,osm-dominican-republic-expanded-2026-05-20,2026-05-20T19:32:17.199Z,pending,none,needs_research,unknown|18.6861|-68.4236,way,apartment,missingName; missingCity; missingWebsite; missingPhone
way/681704330,OpenStreetMap,osm,ODbL,https://www.openstreetmap.org/way/681704330,,,,Dominican Republic,18.6859738,-68.4234115,,,,osm-dominican-republic-expanded-2026-05-20,2026-05-20T19:32:17.199Z,pending,none,needs_research,unknown|18.686|-68.4234,way,apartment,missingName; missingCity; missingWebsite; missingPhone
way/681704331,OpenStreetMap,osm,ODbL,https://www.openstreetmap.org/way/681704331,,,,Dominican Republic,18.6858406,-68.4232545,,,,osm-dominican-republic-expanded-2026-05-20,2026-05-20T19:32:17.199Z,pending,none,needs_research,unknown|18.6858|-68.4233,way,apartment,missingName; missingCity; missingWebsite; missingPhone
way/681704332,OpenStreetMap,osm,ODbL,https://www.openstreetmap.org/way/681704332,,,,Dominican Republic,18.6862281,-68.4231214,,,,osm-dominican-republic-expanded-2026-05-20,2026-05-20T19:32:17.199Z,pending,none,needs_research,unknown|18.6862|-68.4231,way,apartment,missingName; missingCity; missingWebsite; missingPhone
way/681704333,OpenStreetMap,osm,ODbL,https://www.openstreetmap.org/way/681704333,,,,Dominican Republic,18.6860756,-68.4229666,,,,osm-dominican-republic-expanded-2026-05-20,2026-05-20T19:32:17.199Z,pending,none,needs_research,unknown|18.6861|-68.423,way,apartment,missingName; missingCity; missingWebsite; missingPhone
way/689263343,OpenStreetMap,osm,ODbL,https://www.openstreetmap.org/way/689263343,,,,Dominican Republic,18.607698,-68.4142125,,,,osm-dominican-republic-expanded-2026-05-20,2026-05-20T19:32:17.199Z,pending,none,needs_research,unknown|18.6077|-68.4142,way,hotel,missingName; missingCity; missingWebsite; missingPhone
way/702086952,OpenStreetMap,osm,ODbL,https://www.openstreetmap.org/way/702086952,,,,Dominican Republic,18.4266449,-69.4123681,,,,osm-dominican-republic-expanded-2026-05-20,2026-05-20T19:32:17.199Z,pending,none,needs_research,unknown|18.4266|-69.4124,way,hotel,missingName; missingCity; missingWebsite; missingPhone
way/702086977,OpenStreetMap,osm,ODbL,https://www.openstreetmap.org/way/702086977,,,,Dominican Republic,18.4285167,-69.4131211,,,,osm-dominican-republic-expanded-2026-05-20,2026-05-20T19:32:17.199Z,pending,none,needs_research,unknown|18.4285|-69.4131,way,hotel,missingName; missingCity; missingWebsite; missingPhone
way/702086978,OpenStreetMap,osm,ODbL,https://www.openstreetmap.org/way/702086978,,,,Dominican Republic,18.4278526,-69.4129798,,,,osm-dominican-republic-expanded-2026-05-20,2026-05-20T19:32:17.199Z,pending,none,needs_research,unknown|18.4279|-69.413,way,hotel,missingName; missingCity; missingWebsite; missingPhone
way/702089180,OpenStreetMap,osm,ODbL,https://www.openstreetmap.org/way/702089180,,,,Dominican Republic,18.4269401,-69.4113208,,,,osm-dominican-republic-expanded-2026-05-20,2026-05-20T19:32:17.199Z,pending,none,needs_research,unknown|18.4269|-69.4113,way,hotel,missingName; missingCity; missingWebsite; missingPhone
way/702089230,OpenStreetMap,osm,ODbL,https://www.openstreetmap.org/way/702089230,,,,Dominican Republic,18.4271713,-69.4116571,,,,osm-dominican-republic-expanded-2026-05-20,2026-05-20T19:32:17.199Z,pending,none,needs_research,unknown|18.4272|-69.4117,way,hotel,missingName; missingCity; missingWebsite; missingPhone
way/702089231,OpenStreetMap,osm,ODbL,https://www.openstreetmap.org/way/702089231,,,,Dominican Republic,18.4268835,-69.4117544,,,,osm-dominican-republic-expanded-2026-05-20,2026-05-20T19:32:17.199Z,pending,none,needs_research,unknown|18.4269|-69.4118,way,hotel,missingName; missingCity; missingWebsite; missingPhone
way/703236980,OpenStreetMap,osm,ODbL,https://www.openstreetmap.org/way/703236980,Casa de Huespedes Colonial,"103 Calle Espaillat, Santo Domingo, 11111",Santo Domingo,Dominican Republic,18.4689188,-69.8890421,,,,osm-dominican-republic-expanded-2026-05-20,2026-05-20T19:32:17.199Z,pending,none,needs_research,casa de huespedes colonial|santo domingo|dominican republic,way,hotel,missingWebsite; missingPhone
way/711650078,OpenStreetMap,osm,ODbL,https://www.openstreetmap.org/way/711650078,Nickelodeon Hotels & Resorts Punta Cana,"Carretera Uvero Alto, Punta Cana, 23002",Punta Cana,Dominican Republic,18.7983174,-68.5763452,https://www.karismahotels.com/nickelodeon-hotels-resorts/punta-cana,(844) 733-6425,,osm-dominican-republic-expanded-2026-05-20,2026-05-20T19:32:17.199Z,pending,none,needs_research,nickelodeon hotels & resorts punta cana|punta cana|dominican republic,way,hotel,
way/711650079,OpenStreetMap,osm,ODbL,https://www.openstreetmap.org/way/711650079,Nickelodeon Hotels & Resorts Punta Cana,"Carretera Uvero Alto, Punta Cana, 23002",Punta Cana,Dominican Republic,18.8016903,-68.5725192,https://www.karismahotels.com/nickelodeon-hotels-resorts/punta-cana,(844) 733-6425,,osm-dominican-republic-expanded-2026-05-20,2026-05-20T19:32:17.199Z,pending,none,needs_research,nickelodeon hotels & resorts punta cana|punta cana|dominican republic,way,hotel,
way/719001962,OpenStreetMap,osm,ODbL,https://www.openstreetmap.org/way/719001962,Hotel La Loma,,,Dominican Republic,18.9832757,-69.0534126,,,,osm-dominican-republic-expanded-2026-05-20,2026-05-20T19:32:17.199Z,pending,none,needs_research,hotel la loma|18.9833|-69.0534,way,hotel,missingCity; missingWebsite; missingPhone
way/725164689,OpenStreetMap,osm,ODbL,https://www.openstreetmap.org/way/725164689,Hotel Verano,,,Dominican Republic,19.2272739,-69.5676601,,,,osm-dominican-republic-expanded-2026-05-20,2026-05-20T19:32:17.199Z,pending,none,needs_research,hotel verano|19.2273|-69.5677,way,hotel,missingCity; missingWebsite; missingPhone
way/725185633,OpenStreetMap,osm,ODbL,https://www.openstreetmap.org/way/725185633,Hotel El Calvito,,,Dominican Republic,19.2243558,-69.5479629,,,,osm-dominican-republic-expanded-2026-05-20,2026-05-20T19:32:17.199Z,pending,none,needs_research,hotel el calvito|19.2244|-69.548,way,hotel,missingCity; missingWebsite; missingPhone
way/725532976,OpenStreetMap,osm,ODbL,https://www.openstreetmap.org/way/725532976,,,,Dominican Republic,19.2312113,-69.6128656,,,,osm-dominican-republic-expanded-2026-05-20,2026-05-20T19:32:17.199Z,pending,none,needs_research,unknown|19.2312|-69.6129,way,hotel,missingName; missingCity; missingWebsite; missingPhone
way/730848313,OpenStreetMap,osm,ODbL,https://www.openstreetmap.org/way/730848313,Hotel Solaz,,,Dominican Republic,19.3238487,-69.5305415,,+18092406661,,osm-dominican-republic-expanded-2026-05-20,2026-05-20T19:32:17.199Z,pending,none,needs_research,hotel solaz|19.3238|-69.5305,way,hotel,missingCity; missingWebsite
way/758630613,OpenStreetMap,osm,ODbL,https://www.openstreetmap.org/way/758630613,Casa de Campo Resort & Villas,22000,,Dominican Republic,18.4141438,-68.9355638,https://www.casadecampo.com.do/,+1 809-523-3333,,osm-dominican-republic-expanded-2026-05-20,2026-05-20T19:32:17.199Z,pending,none,needs_research,casa de campo resort & villas|18.4141|-68.9356,way,hotel,missingCity
way/759223343,OpenStreetMap,osm,ODbL,https://www.openstreetmap.org/way/759223343,Sunscapes Dominicus La Romana,,,Dominican Republic,18.3425426,-68.8160398,https://www.hyattinclusivecollection.com/en/resorts-hotels/sunscape/dominican-republic/dominicus-la-romana/,,Be Live Collection,osm-dominican-republic-expanded-2026-05-20,2026-05-20T19:32:17.199Z,pending,none,needs_research,sunscapes dominicus la romana|18.3425|-68.816,way,hotel,missingCity; missingPhone
way/760705299,OpenStreetMap,osm,ODbL,https://www.openstreetmap.org/way/760705299,Centro de Visitantes Edwin Gómez,Carretera La Ciénaga,,Dominican Republic,19.0672908,-70.858627,https://ecolodge.com.do/,809-472-4422,,osm-dominican-republic-expanded-2026-05-20,2026-05-20T19:32:17.199Z,pending,none,needs_research,centro de visitantes edwin gomez|19.0673|-70.8586,way,hostel,missingCity
way/763219336,OpenStreetMap,osm,ODbL,https://www.openstreetmap.org/way/763219336,Complejo Ecoturistico Sereno de la Montaña,"Calle Principal, Los Bueyes, Los Bueyes",Los Bueyes,Dominican Republic,19.6051309,-70.4261439,,+1 829-424-7070,,osm-dominican-republic-expanded-2026-05-20,2026-05-20T19:32:17.199Z,pending,none,needs_research,complejo ecoturistico sereno de la montana|los bueyes|dominican republic,way,hotel,missingWebsite
way/771794800,OpenStreetMap,osm,ODbL,https://www.openstreetmap.org/way/771794800,,,,Dominican Republic,18.9619905,-68.889389,,,,osm-dominican-republic-expanded-2026-05-20,2026-05-20T19:32:17.199Z,pending,none,needs_research,unknown|18.962|-68.8894,way,motel,missingName; missingCity; missingWebsite; missingPhone
way/771794801,OpenStreetMap,osm,ODbL,https://www.openstreetmap.org/way/771794801,,,,Dominican Republic,18.9622592,-68.8891716,,,,osm-dominican-republic-expanded-2026-05-20,2026-05-20T19:32:17.199Z,pending,none,needs_research,unknown|18.9623|-68.8892,way,motel,missingName; missingCity; missingWebsite; missingPhone
way/800556936,OpenStreetMap,osm,ODbL,https://www.openstreetmap.org/way/800556936,EDIFICIO PJ1,"Calle 1, Repaldo Rosa",Repaldo Rosa,Dominican Republic,18.4704338,-69.9862241,,,,osm-dominican-republic-expanded-2026-05-20,2026-05-20T19:32:17.199Z,pending,none,needs_research,edificio pj1|repaldo rosa|dominican republic,way,apartment,missingWebsite; missingPhone
way/808528117,OpenStreetMap,osm,ODbL,https://www.openstreetmap.org/way/808528117,Villa Lazy Heart Estate,,,Dominican Republic,19.6329725,-69.8953786,,,,osm-dominican-republic-expanded-2026-05-20,2026-05-20T19:32:17.199Z,pending,none,needs_research,villa lazy heart estate|19.633|-69.8954,way,hotel,missingCity; missingWebsite; missingPhone
way/832414902,OpenStreetMap,osm,ODbL,https://www.openstreetmap.org/way/832414902,Residencial Imperial III,,,Dominican Republic,19.4450891,-70.6756484,,,,osm-dominican-republic-expanded-2026-05-20,2026-05-20T19:32:17.199Z,pending,none,needs_research,residencial imperial iii|19.4451|-70.6756,way,hotel,missingCity; missingWebsite; missingPhone
way/832414903,OpenStreetMap,osm,ODbL,https://www.openstreetmap.org/way/832414903,Residencial Imperial III,,,Dominican Republic,19.4452001,-70.6756324,,,,osm-dominican-republic-expanded-2026-05-20,2026-05-20T19:32:17.199Z,pending,none,needs_research,residencial imperial iii|19.4452|-70.6756,way,hotel,missingCity; missingWebsite; missingPhone
way/832414904,OpenStreetMap,osm,ODbL,https://www.openstreetmap.org/way/832414904,Residencial Imperial III,,,Dominican Republic,19.4450315,-70.6754999,,,,osm-dominican-republic-expanded-2026-05-20,2026-05-20T19:32:17.199Z,pending,none,needs_research,residencial imperial iii|19.445|-70.6755,way,hotel,missingCity; missingWebsite; missingPhone
way/839743880,OpenStreetMap,osm,ODbL,https://www.openstreetmap.org/way/839743880,Hotel Daymond Blue,,,Dominican Republic,18.131939,-71.0689228,,,,osm-dominican-republic-expanded-2026-05-20,2026-05-20T19:32:17.199Z,pending,none,needs_research,hotel daymond blue|18.1319|-71.0689,way,hotel,missingCity; missingWebsite; missingPhone
way/864800927,OpenStreetMap,osm,ODbL,https://www.openstreetmap.org/way/864800927,Hotel Mira Cielo,,,Dominican Republic,18.5987351,-68.7158058,,,,osm-dominican-republic-expanded-2026-05-20,2026-05-20T19:32:17.199Z,pending,none,needs_research,hotel mira cielo|18.5987|-68.7158,way,hotel,missingCity; missingWebsite; missingPhone
way/864800928,OpenStreetMap,osm,ODbL,https://www.openstreetmap.org/way/864800928,Hotel Mira Cielo,,,Dominican Republic,18.5983334,-68.7158005,,,,osm-dominican-republic-expanded-2026-05-20,2026-05-20T19:32:17.199Z,pending,none,needs_research,hotel mira cielo|18.5983|-68.7158,way,hotel,missingCity; missingWebsite; missingPhone
way/865148595,OpenStreetMap,osm,ODbL,https://www.openstreetmap.org/way/865148595,Hotel el Nilo,,,Dominican Republic,18.6144662,-68.7147849,,,,osm-dominican-republic-expanded-2026-05-20,2026-05-20T19:32:17.199Z,pending,none,needs_research,hotel el nilo|18.6145|-68.7148,way,motel,missingCity; missingWebsite; missingPhone
way/866418766,OpenStreetMap,osm,ODbL,https://www.openstreetmap.org/way/866418766,,,,Dominican Republic,18.6115694,-68.7142903,,,,osm-dominican-republic-expanded-2026-05-20,2026-05-20T19:32:17.199Z,pending,none,needs_research,unknown|18.6116|-68.7143,way,motel,missingName; missingCity; missingWebsite; missingPhone
way/866681006,OpenStreetMap,osm,ODbL,https://www.openstreetmap.org/way/866681006,,,,Dominican Republic,18.6158995,-68.7138311,,,,osm-dominican-republic-expanded-2026-05-20,2026-05-20T19:32:17.199Z,pending,none,needs_research,unknown|18.6159|-68.7138,way,motel,missingName; missingCity; missingWebsite; missingPhone
way/867033378,OpenStreetMap,osm,ODbL,https://www.openstreetmap.org/way/867033378,Hotel Don Carlos,,,Dominican Republic,18.6170933,-68.7203187,,,,osm-dominican-republic-expanded-2026-05-20,2026-05-20T19:32:17.199Z,pending,none,needs_research,hotel don carlos|18.6171|-68.7203,way,hotel,missingCity; missingWebsite; missingPhone
way/871382739,OpenStreetMap,osm,ODbL,https://www.openstreetmap.org/way/871382739,,,,Dominican Republic,18.7285226,-68.4655225,,,,osm-dominican-republic-expanded-2026-05-20,2026-05-20T19:32:17.199Z,pending,none,needs_research,unknown|18.7285|-68.4655,way,hotel,missingName; missingCity; missingWebsite; missingPhone
way/922804087,OpenStreetMap,osm,ODbL,https://www.openstreetmap.org/way/922804087,Villa Mare,Calle Mare,,Dominican Republic,18.6850409,-68.4150527,,,,osm-dominican-republic-expanded-2026-05-20,2026-05-20T19:32:17.199Z,pending,none,needs_research,villa mare|18.685|-68.4151,way,hotel,missingCity; missingWebsite; missingPhone
way/924379382,OpenStreetMap,osm,ODbL,https://www.openstreetmap.org/way/924379382,Whala Bavaro,,,Dominican Republic,18.6853113,-68.4151314,,,,osm-dominican-republic-expanded-2026-05-20,2026-05-20T19:32:17.199Z,pending,none,needs_research,whala bavaro|18.6853|-68.4151,way,hotel,missingCity; missingWebsite; missingPhone
way/924721750,OpenStreetMap,osm,ODbL,https://www.openstreetmap.org/way/924721750,hm Bavaro Beach,23000 Calle Mare,,Dominican Republic,18.6857728,-68.4146721,,,,osm-dominican-republic-expanded-2026-05-20,2026-05-20T19:32:17.199Z,pending,none,needs_research,hm bavaro beach|18.6858|-68.4147,way,hotel,missingCity; missingWebsite; missingPhone
way/931167221,OpenStreetMap,osm,ODbL,https://www.openstreetmap.org/way/931167221,Residencial Palma Real,,,Dominican Republic,19.4003158,-70.6281274,,,,osm-dominican-republic-expanded-2026-05-20,2026-05-20T19:32:17.199Z,pending,none,needs_research,residencial palma real|19.4003|-70.6281,way,apartment,missingCity; missingWebsite; missingPhone
way/932606727,OpenStreetMap,osm,ODbL,https://www.openstreetmap.org/way/932606727,Rancho Wendy,,,Dominican Republic,18.8875977,-70.4611144,,,,osm-dominican-republic-expanded-2026-05-20,2026-05-20T19:32:17.199Z,pending,none,needs_research,rancho wendy|18.8876|-70.4611,way,hotel,missingCity; missingWebsite; missingPhone
way/958309455,OpenStreetMap,osm,ODbL,https://www.openstreetmap.org/way/958309455,,,,Dominican Republic,19.1175665,-70.6330336,,,,osm-dominican-republic-expanded-2026-05-20,2026-05-20T19:32:17.199Z,pending,none,needs_research,unknown|19.1176|-70.633,way,hotel,missingName; missingCity; missingWebsite; missingPhone
way/958309456,OpenStreetMap,osm,ODbL,https://www.openstreetmap.org/way/958309456,,,,Dominican Republic,19.1174276,-70.6332115,,,,osm-dominican-republic-expanded-2026-05-20,2026-05-20T19:32:17.199Z,pending,none,needs_research,unknown|19.1174|-70.6332,way,hotel,missingName; missingCity; missingWebsite; missingPhone
way/975017772,OpenStreetMap,osm,ODbL,https://www.openstreetmap.org/way/975017772,,,,Dominican Republic,19.2997696,-69.5811172,,,,osm-dominican-republic-expanded-2026-05-20,2026-05-20T19:32:17.199Z,pending,none,needs_research,unknown|19.2998|-69.5811,way,hotel,missingName; missingCity; missingWebsite; missingPhone
way/975017774,OpenStreetMap,osm,ODbL,https://www.openstreetmap.org/way/975017774,Viva Wyndham V Samana,,,Dominican Republic,19.2999122,-69.5805553,,,,osm-dominican-republic-expanded-2026-05-20,2026-05-20T19:32:17.199Z,pending,none,needs_research,viva wyndham v samana|19.2999|-69.5806,way,hotel,missingCity; missingWebsite; missingPhone
way/975017776,OpenStreetMap,osm,ODbL,https://www.openstreetmap.org/way/975017776,,,,Dominican Republic,19.2999971,-69.5803911,,,,osm-dominican-republic-expanded-2026-05-20,2026-05-20T19:32:17.199Z,pending,none,needs_research,unknown|19.3|-69.5804,way,hotel,missingName; missingCity; missingWebsite; missingPhone
way/975017789,OpenStreetMap,osm,ODbL,https://www.openstreetmap.org/way/975017789,,,,Dominican Republic,19.3000609,-69.5801694,,,,osm-dominican-republic-expanded-2026-05-20,2026-05-20T19:32:17.199Z,pending,none,needs_research,unknown|19.3001|-69.5802,way,hotel,missingName; missingCity; missingWebsite; missingPhone
way/975017796,OpenStreetMap,osm,ODbL,https://www.openstreetmap.org/way/975017796,,,,Dominican Republic,19.3004744,-69.5801042,,,,osm-dominican-republic-expanded-2026-05-20,2026-05-20T19:32:17.199Z,pending,none,needs_research,unknown|19.3005|-69.5801,way,hotel,missingName; missingCity; missingWebsite; missingPhone
way/975017797,OpenStreetMap,osm,ODbL,https://www.openstreetmap.org/way/975017797,,,,Dominican Republic,19.3008172,-69.5802006,,,,osm-dominican-republic-expanded-2026-05-20,2026-05-20T19:32:17.199Z,pending,none,needs_research,unknown|19.3008|-69.5802,way,hotel,missingName; missingCity; missingWebsite; missingPhone
way/975017798,OpenStreetMap,osm,ODbL,https://www.openstreetmap.org/way/975017798,,,,Dominican Republic,19.3011315,-69.5802819,,,,osm-dominican-republic-expanded-2026-05-20,2026-05-20T19:32:17.199Z,pending,none,needs_research,unknown|19.3011|-69.5803,way,hotel,missingName; missingCity; missingWebsite; missingPhone
way/984765914,OpenStreetMap,osm,ODbL,https://www.openstreetmap.org/way/984765914,El Pulpo,,,Dominican Republic,18.3708288,-68.8376552,https://bayahibehotelelpul.wixsite.com/hotelelpulpo,+1(809)8828880,,osm-dominican-republic-expanded-2026-05-20,2026-05-20T19:32:17.199Z,pending,none,needs_research,el pulpo|18.3708|-68.8377,way,hotel,missingCity
way/990444153,OpenStreetMap,osm,ODbL,https://www.openstreetmap.org/way/990444153,Luiggi Hostel,,,Dominican Republic,19.3029936,-69.559531,,,,osm-dominican-republic-expanded-2026-05-20,2026-05-20T19:32:17.199Z,pending,none,needs_research,luiggi hostel|19.303|-69.5595,way,hostel,missingCity; missingWebsite; missingPhone
way/994088768,OpenStreetMap,osm,ODbL,https://www.openstreetmap.org/way/994088768,,,,Dominican Republic,19.281079,-69.2028829,,,,osm-dominican-republic-expanded-2026-05-20,2026-05-20T19:32:17.199Z,pending,none,needs_research,unknown|19.2811|-69.2029,way,hotel,missingName; missingCity; missingWebsite; missingPhone
way/1006947117,OpenStreetMap,osm,ODbL,https://www.openstreetmap.org/way/1006947117,Hotel Art Villa Dominicana,,,Dominican Republic,18.6845175,-68.4203362,,,,osm-dominican-republic-expanded-2026-05-20,2026-05-20T19:32:17.199Z,pending,none,needs_research,hotel art villa dominicana|18.6845|-68.4203,way,hostel,missingCity; missingWebsite; missingPhone
way/1028688029,OpenStreetMap,osm,ODbL,https://www.openstreetmap.org/way/1028688029,Apartahotel Costa Love,,,Dominican Republic,18.5939717,-68.4208934,,,,osm-dominican-republic-expanded-2026-05-20,2026-05-20T19:32:17.199Z,pending,none,needs_research,apartahotel costa love|18.594|-68.4209,way,hotel,missingCity; missingWebsite; missingPhone
way/1040966966,OpenStreetMap,osm,ODbL,https://www.openstreetmap.org/way/1040966966,Hodelpa Garden Suites Golf & Convention Center,,,Dominican Republic,18.4364903,-69.4184983,https://www.hodelpa.com/en/garden-suites,+18096889999,,osm-dominican-republic-expanded-2026-05-20,2026-05-20T19:32:17.199Z,pending,none,needs_research,hodelpa garden suites golf & convention center|18.4365|-69.4185,way,hotel,missingCity
way/1042852813,OpenStreetMap,osm,ODbL,https://www.openstreetmap.org/way/1042852813,Whala Bayahibe 4*,Dominicus,Dominicus,Dominican Republic,18.3520412,-68.8346808,,,,osm-dominican-republic-expanded-2026-05-20,2026-05-20T19:32:17.199Z,pending,none,needs_research,whala bayahibe 4*|dominicus|dominican republic,way,hotel,missingWebsite; missingPhone
way/1059114266,OpenStreetMap,osm,ODbL,https://www.openstreetmap.org/way/1059114266,Be Live,,,Dominican Republic,18.3414101,-68.8181629,,,Be Live,osm-dominican-republic-expanded-2026-05-20,2026-05-20T19:32:17.199Z,pending,none,needs_research,be live|18.3414|-68.8182,way,hotel,missingCity; missingWebsite; missingPhone
way/1059409683,OpenStreetMap,osm,ODbL,https://www.openstreetmap.org/way/1059409683,Finca la Contenta - Apartments,"4 Calle Carmen, Jamao al Norte, 57000",Jamao al Norte,Dominican Republic,19.6149517,-70.4032137,https://fincalacontenta.com/,+1 (829) 649-9065,Finca la Contenta,osm-dominican-republic-expanded-2026-05-20,2026-05-20T19:32:17.199Z,pending,none,needs_research,finca la contenta - apartments|jamao al norte|dominican republic,way,apartment,
way/1059703258,OpenStreetMap,osm,ODbL,https://www.openstreetmap.org/way/1059703258,Be Live Collection,,,Dominican Republic,18.3412429,-68.8176089,,,Be Live Collection,osm-dominican-republic-expanded-2026-05-20,2026-05-20T19:32:17.199Z,pending,none,needs_research,be live collection|18.3412|-68.8176,way,hotel,missingCity; missingWebsite; missingPhone
way/1059703293,OpenStreetMap,osm,ODbL,https://www.openstreetmap.org/way/1059703293,Be Live Collection,,,Dominican Republic,18.3409229,-68.8181542,,,Be Live Collection,osm-dominican-republic-expanded-2026-05-20,2026-05-20T19:32:17.199Z,pending,none,needs_research,be live collection|18.3409|-68.8182,way,hotel,missingCity; missingWebsite; missingPhone
way/1059737733,OpenStreetMap,osm,ODbL,https://www.openstreetmap.org/way/1059737733,Be Live Collection,,,Dominican Republic,18.3419238,-68.8174944,,,Be Live Collection,osm-dominican-republic-expanded-2026-05-20,2026-05-20T19:32:17.199Z,pending,none,needs_research,be live collection|18.3419|-68.8175,way,hotel,missingCity; missingWebsite; missingPhone
way/1059869803,OpenStreetMap,osm,ODbL,https://www.openstreetmap.org/way/1059869803,Be Live Collection,,,Dominican Republic,18.340053,-68.8167963,,,Be Live Collection,osm-dominican-republic-expanded-2026-05-20,2026-05-20T19:32:17.199Z,pending,none,needs_research,be live collection|18.3401|-68.8168,way,hotel,missingCity; missingWebsite; missingPhone
way/1060027594,OpenStreetMap,osm,ODbL,https://www.openstreetmap.org/way/1060027594,Be Live,,,Dominican Republic,18.3409729,-68.8167012,,,Be Live,osm-dominican-republic-expanded-2026-05-20,2026-05-20T19:32:17.199Z,pending,none,needs_research,be live|18.341|-68.8167,way,hotel,missingCity; missingWebsite; missingPhone
way/1060027620,OpenStreetMap,osm,ODbL,https://www.openstreetmap.org/way/1060027620,Be Live,,,Dominican Republic,18.3404361,-68.8165513,,,Be Live,osm-dominican-republic-expanded-2026-05-20,2026-05-20T19:32:17.199Z,pending,none,needs_research,be live|18.3404|-68.8166,way,hotel,missingCity; missingWebsite; missingPhone
way/1060027624,OpenStreetMap,osm,ODbL,https://www.openstreetmap.org/way/1060027624,Be Live,,,Dominican Republic,18.3407261,-68.8163715,,,Be Live,osm-dominican-republic-expanded-2026-05-20,2026-05-20T19:32:17.199Z,pending,none,needs_research,be live|18.3407|-68.8164,way,hotel,missingCity; missingWebsite; missingPhone
way/1060027632,OpenStreetMap,osm,ODbL,https://www.openstreetmap.org/way/1060027632,Be Live,,,Dominican Republic,18.3410691,-68.8161597,,,Be Live,osm-dominican-republic-expanded-2026-05-20,2026-05-20T19:32:17.199Z,pending,none,needs_research,be live|18.3411|-68.8162,way,hotel,missingCity; missingWebsite; missingPhone
way/1060027633,OpenStreetMap,osm,ODbL,https://www.openstreetmap.org/way/1060027633,Be Live,,,Dominican Republic,18.3405789,-68.816933,,,Be Live,osm-dominican-republic-expanded-2026-05-20,2026-05-20T19:32:17.199Z,pending,none,needs_research,be live|18.3406|-68.8169,way,hotel,missingCity; missingWebsite; missingPhone
way/1069434427,OpenStreetMap,osm,ODbL,https://www.openstreetmap.org/way/1069434427,Villas Montelindo,,,Dominican Republic,18.915588,-70.7226031,,1 (809) 878-7817,,osm-dominican-republic-expanded-2026-05-20,2026-05-20T19:32:17.199Z,pending,none,needs_research,villas montelindo|18.9156|-70.7226,way,hotel,missingCity; missingWebsite
way/1100682889,OpenStreetMap,osm,ODbL,https://www.openstreetmap.org/way/1100682889,La Tia Hotel Restaurant,,,Dominican Republic,19.0647323,-69.3838555,,,,osm-dominican-republic-expanded-2026-05-20,2026-05-20T19:32:17.199Z,pending,none,needs_research,la tia hotel restaurant|19.0647|-69.3839,way,hotel,missingCity; missingWebsite; missingPhone
way/1100919981,OpenStreetMap,osm,ODbL,https://www.openstreetmap.org/way/1100919981,,,,Dominican Republic,19.0578452,-69.3887938,,,,osm-dominican-republic-expanded-2026-05-20,2026-05-20T19:32:17.199Z,pending,none,needs_research,unknown|19.0578|-69.3888,way,motel,missingName; missingCity; missingWebsite; missingPhone
way/1110291742,OpenStreetMap,osm,ODbL,https://www.openstreetmap.org/way/1110291742,Falette House,,,Dominican Republic,19.633663,-69.9026693,,,,osm-dominican-republic-expanded-2026-05-20,2026-05-20T19:32:17.199Z,pending,none,needs_research,falette house|19.6337|-69.9027,way,apartment,missingCity; missingWebsite; missingPhone
way/1134831880,OpenStreetMap,osm,ODbL,https://www.openstreetmap.org/way/1134831880,Villas CODEVI,Dajabon,Dajabon,Dominican Republic,19.5629376,-71.7174495,https://villascodevi.com.do/,+1-809-579-7368,,osm-dominican-republic-expanded-2026-05-20,2026-05-20T19:32:17.199Z,pending,none,needs_research,villas codevi|dajabon|dominican republic,way,hotel,
way/1140614121,OpenStreetMap,osm,ODbL,https://www.openstreetmap.org/way/1140614121,Hotel Rosan Ruiz,"Baní - Azua, 94000",,Dominican Republic,18.2798628,-70.3387376,,809-522-1461,,osm-dominican-republic-expanded-2026-05-20,2026-05-20T19:32:17.199Z,pending,none,needs_research,hotel rosan ruiz|18.2799|-70.3387,way,hotel,missingCity; missingWebsite
way/1140614122,OpenStreetMap,osm,ODbL,https://www.openstreetmap.org/way/1140614122,D Pravia Hotel,"Avenida Máximo Gómez, 94000",,Dominican Republic,18.2809559,-70.3292955,,809-522-1700,,osm-dominican-republic-expanded-2026-05-20,2026-05-20T19:32:17.199Z,pending,none,needs_research,d pravia hotel|18.281|-70.3293,way,hotel,missingCity; missingWebsite
way/1140614123,OpenStreetMap,osm,ODbL,https://www.openstreetmap.org/way/1140614123,Hotel El Centro,"28 Calle Francisco del Rosario Sánchez, 94000",,Dominican Republic,18.2799198,-70.3297423,,809-369-2394,,osm-dominican-republic-expanded-2026-05-20,2026-05-20T19:32:17.199Z,pending,none,needs_research,hotel el centro|18.2799|-70.3297,way,hotel,missingCity; missingWebsite
way/1140614124,OpenStreetMap,osm,ODbL,https://www.openstreetmap.org/way/1140614124,Hotel Hermanos Bernabel,"Calle Juan Pablo Duarte, 94000",,Dominican Republic,18.2847296,-70.3324268,,809-522-5276,,osm-dominican-republic-expanded-2026-05-20,2026-05-20T19:32:17.199Z,pending,none,needs_research,hotel hermanos bernabel|18.2847|-70.3324,way,hotel,missingCity; missingWebsite
way/1162100225,OpenStreetMap,osm,ODbL,https://www.openstreetmap.org/way/1162100225,Apartahotel La Olas,,,Dominican Republic,18.4243005,-69.4302687,,,,osm-dominican-republic-expanded-2026-05-20,2026-05-20T19:32:17.199Z,pending,none,needs_research,apartahotel la olas|18.4243|-69.4303,way,hotel,missingCity; missingWebsite; missingPhone
way/1177931404,OpenStreetMap,osm,ODbL,https://www.openstreetmap.org/way/1177931404,Finest Resort,,,Dominican Republic,18.8131435,-68.5841002,,,,osm-dominican-republic-expanded-2026-05-20,2026-05-20T19:32:17.199Z,pending,none,needs_research,finest resort|18.8131|-68.5841,way,hotel,missingCity; missingWebsite; missingPhone
way/1197566838,OpenStreetMap,osm,ODbL,https://www.openstreetmap.org/way/1197566838,Villa Scooby,,,Dominican Republic,19.3163146,-69.5338411,https://villascooby.com,,villascooby.com,osm-dominican-republic-expanded-2026-05-20,2026-05-20T19:32:17.199Z,pending,none,needs_research,villa scooby|19.3163|-69.5338,way,guest_house,missingCity; missingPhone
way/1215168596,OpenStreetMap,osm,ODbL,https://www.openstreetmap.org/way/1215168596,Villa Flor de Cabrera,,,Dominican Republic,19.629781,-69.8942519,,,,osm-dominican-republic-expanded-2026-05-20,2026-05-20T19:32:17.199Z,pending,none,needs_research,villa flor de cabrera|19.6298|-69.8943,way,hotel,missingCity; missingWebsite; missingPhone
way/1227930271,OpenStreetMap,osm,ODbL,https://www.openstreetmap.org/way/1227930271,Hotel Diosi,"Avenida Apolimar Perdomo, Neiba",Neiba,Dominican Republic,18.479628,-71.4165914,,,Hotel Diosi,osm-dominican-republic-expanded-2026-05-20,2026-05-20T19:32:17.199Z,pending,none,needs_research,hotel diosi|neiba|dominican republic,way,hotel,missingWebsite; missingPhone
way/1227930445,OpenStreetMap,osm,ODbL,https://www.openstreetmap.org/way/1227930445,Hotel Mi Descanso,"Avenida Apolimar Perdomo, Neiba",Neiba,Dominican Republic,18.4792037,-71.4181599,,,,osm-dominican-republic-expanded-2026-05-20,2026-05-20T19:32:17.199Z,pending,none,needs_research,hotel mi descanso|neiba|dominican republic,way,hotel,missingWebsite; missingPhone
way/1259829291,OpenStreetMap,osm,ODbL,https://www.openstreetmap.org/way/1259829291,,,,Dominican Republic,18.7232213,-68.4853908,,,,osm-dominican-republic-expanded-2026-05-20,2026-05-20T19:32:17.199Z,pending,none,needs_research,unknown|18.7232|-68.4854,way,hotel,missingName; missingCity; missingWebsite; missingPhone
way/1259829292,OpenStreetMap,osm,ODbL,https://www.openstreetmap.org/way/1259829292,,,,Dominican Republic,18.7232135,-68.4848813,,,,osm-dominican-republic-expanded-2026-05-20,2026-05-20T19:32:17.199Z,pending,none,needs_research,unknown|18.7232|-68.4849,way,hotel,missingName; missingCity; missingWebsite; missingPhone
way/1277675074,OpenStreetMap,osm,ODbL,https://www.openstreetmap.org/way/1277675074,,,,Dominican Republic,18.7293862,-68.4711545,,,,osm-dominican-republic-expanded-2026-05-20,2026-05-20T19:32:17.199Z,pending,none,needs_research,unknown|18.7294|-68.4712,way,hotel,missingName; missingCity; missingWebsite; missingPhone
way/1277678795,OpenStreetMap,osm,ODbL,https://www.openstreetmap.org/way/1277678795,,,,Dominican Republic,18.7322969,-68.4691101,,,,osm-dominican-republic-expanded-2026-05-20,2026-05-20T19:32:17.199Z,pending,none,needs_research,unknown|18.7323|-68.4691,way,hotel,missingName; missingCity; missingWebsite; missingPhone
way/1277678796,OpenStreetMap,osm,ODbL,https://www.openstreetmap.org/way/1277678796,,,,Dominican Republic,18.7329026,-68.4695958,,,,osm-dominican-republic-expanded-2026-05-20,2026-05-20T19:32:17.199Z,pending,none,needs_research,unknown|18.7329|-68.4696,way,hotel,missingName; missingCity; missingWebsite; missingPhone
way/1277678799,OpenStreetMap,osm,ODbL,https://www.openstreetmap.org/way/1277678799,,,,Dominican Republic,18.734516,-68.4676764,,,,osm-dominican-republic-expanded-2026-05-20,2026-05-20T19:32:17.199Z,pending,none,needs_research,unknown|18.7345|-68.4677,way,hotel,missingName; missingCity; missingWebsite; missingPhone
way/1335121325,OpenStreetMap,osm,ODbL,https://www.openstreetmap.org/way/1335121325,Ocean El Faro,"Avenida El Faro, Punta Cana, 23000",Punta Cana,Dominican Republic,18.7886179,-68.5657035,https://www.oceanhotels.com/,+1 917-920-6228,,osm-dominican-republic-expanded-2026-05-20,2026-05-20T19:32:17.199Z,pending,none,needs_research,ocean el faro|punta cana|dominican republic,way,hotel,
way/1344798573,OpenStreetMap,osm,ODbL,https://www.openstreetmap.org/way/1344798573,"The Ocean Club, a Luxury Collection Resort","5 Calle Bruno Philip, Sosúa, 57000",Sosúa,Dominican Republic,19.7692939,-70.516227,https://www.ocgdr.com/the-luxury-collection,+1809-571-3000,,osm-dominican-republic-expanded-2026-05-20,2026-05-20T19:32:17.199Z,pending,none,needs_research,"the ocean club, a luxury collection resort|sosua|dominican republic",way,hotel,
way/1359398349,OpenStreetMap,osm,ODbL,https://www.openstreetmap.org/way/1359398349,Royalton Chic Punta Cana,"Carretera Uvero Alto, Punta Cana, 23002",Punta Cana,Dominican Republic,18.8006407,-68.5713061,https://www.royaltonresorts.com/royalton-chic-punta-cana,+1 809-221-2121,,osm-dominican-republic-expanded-2026-05-20,2026-05-20T19:32:17.199Z,pending,none,needs_research,royalton chic punta cana|punta cana|dominican republic,way,hotel,
way/1359398359,OpenStreetMap,osm,ODbL,https://www.openstreetmap.org/way/1359398359,Live Aqua,"Carretera Uvero Alto, Punta Cana, 23002",Punta Cana,Dominican Republic,18.8046797,-68.5753247,,,,osm-dominican-republic-expanded-2026-05-20,2026-05-20T19:32:17.199Z,pending,none,needs_research,live aqua|punta cana|dominican republic,way,hotel,missingWebsite; missingPhone
way/1366658741,OpenStreetMap,osm,ODbL,https://www.openstreetmap.org/way/1366658741,,,,Dominican Republic,18.4682589,-69.8879796,,,,osm-dominican-republic-expanded-2026-05-20,2026-05-20T19:32:17.199Z,pending,none,needs_research,unknown|18.4683|-69.888,way,hotel,missingName; missingCity; missingWebsite; missingPhone
way/1375108124,OpenStreetMap,osm,ODbL,https://www.openstreetmap.org/way/1375108124,Courtyard Marriott,,,Dominican Republic,18.4685065,-69.9384251,,,Marriott,osm-dominican-republic-expanded-2026-05-20,2026-05-20T19:32:17.199Z,pending,none,needs_research,courtyard marriott|18.4685|-69.9384,way,hotel,missingCity; missingWebsite; missingPhone
way/1434055869,OpenStreetMap,osm,ODbL,https://www.openstreetmap.org/way/1434055869,,,,Dominican Republic,18.4629929,-69.9009557,,,,osm-dominican-republic-expanded-2026-05-20,2026-05-20T19:32:17.199Z,pending,none,needs_research,unknown|18.463|-69.901,way,hotel,missingName; missingCity; missingWebsite; missingPhone
way/1447273115,OpenStreetMap,osm,ODbL,https://www.openstreetmap.org/way/1447273115,,,,Dominican Republic,19.2956058,-69.5980816,,,,osm-dominican-republic-expanded-2026-05-20,2026-05-20T19:32:17.199Z,pending,none,needs_research,unknown|19.2956|-69.5981,way,hotel,missingName; missingCity; missingWebsite; missingPhone
way/1476067942,OpenStreetMap,osm,ODbL,https://www.openstreetmap.org/way/1476067942,Hotel Plaza Kávia,,,Dominican Republic,18.4723044,-69.8976794,,+18494984808,,osm-dominican-republic-expanded-2026-05-20,2026-05-20T19:32:17.199Z,pending,none,needs_research,hotel plaza kavia|18.4723|-69.8977,way,hotel,missingCity; missingWebsite
way/1486163951,OpenStreetMap,osm,ODbL,https://www.openstreetmap.org/way/1486163951,Hotel Anselmo,"Autopista Las Américas KM 36, Boca Chica",Boca Chica,Dominican Republic,18.4522065,-69.5993753,https://anselmohotelrd.com/,8099602807,,osm-dominican-republic-expanded-2026-05-20,2026-05-20T19:32:17.199Z,pending,none,needs_research,hotel anselmo|boca chica|dominican republic,way,hotel,
way/1499796372,OpenStreetMap,osm,ODbL,https://www.openstreetmap.org/way/1499796372,Hotel San Gabriel,,,Dominican Republic,18.9301964,-69.3758527,,,,osm-dominican-republic-expanded-2026-05-20,2026-05-20T19:32:17.199Z,pending,none,needs_research,hotel san gabriel|18.9302|-69.3759,way,hotel,missingCity; missingWebsite; missingPhone
way/1500058990,OpenStreetMap,osm,ODbL,https://www.openstreetmap.org/way/1500058990,El Guarua,,,Dominican Republic,18.963914,-69.37616,,,,osm-dominican-republic-expanded-2026-05-20,2026-05-20T19:32:17.199Z,pending,none,needs_research,el guarua|18.9639|-69.3762,way,motel,missingCity; missingWebsite; missingPhone
way/1504625054,OpenStreetMap,osm,ODbL,https://www.openstreetmap.org/way/1504625054,,,,Dominican Republic,19.041938,-69.3908566,,,,osm-dominican-republic-expanded-2026-05-20,2026-05-20T19:32:17.199Z,pending,none,needs_research,unknown|19.0419|-69.3909,way,hotel,missingName; missingCity; missingWebsite; missingPhone
way/1504626173,OpenStreetMap,osm,ODbL,https://www.openstreetmap.org/way/1504626173,,,,Dominican Republic,19.0503275,-69.3773859,,,,osm-dominican-republic-expanded-2026-05-20,2026-05-20T19:32:17.199Z,pending,none,needs_research,unknown|19.0503|-69.3774,way,motel,missingName; missingCity; missingWebsite; missingPhone
relation/1922795,OpenStreetMap,osm,ODbL,https://www.openstreetmap.org/relation/1922795,Hotel Riu Palace Bavaro,"Playa Arena Gorda, Punta Cana, 23000",Punta Cana,Dominican Republic,18.7181,-68.4539523,https://www.riu.com/en/hotel/dominican-republic/punta-cana/hotel-riu-palace-bavaro,+1 809-221-2290,RIU,osm-dominican-republic-expanded-2026-05-20,2026-05-20T19:32:17.199Z,pending,none,needs_research,hotel riu palace bavaro|punta cana|dominican republic,relation,hotel,
relation/3321845,OpenStreetMap,osm,ODbL,https://www.openstreetmap.org/relation/3321845,,3001 - 3099,,Dominican Republic,18.6688612,-68.4008302,,,,osm-dominican-republic-expanded-2026-05-20,2026-05-20T19:32:17.199Z,pending,none,needs_research,unknown|18.6689|-68.4008,relation,hotel,missingName; missingCity; missingWebsite; missingPhone
relation/3321846,OpenStreetMap,osm,ODbL,https://www.openstreetmap.org/relation/3321846,,2001 - 2099,,Dominican Republic,18.6689316,-68.4000094,,,,osm-dominican-republic-expanded-2026-05-20,2026-05-20T19:32:17.199Z,pending,none,needs_research,unknown|18.6689|-68.4,relation,hotel,missingName; missingCity; missingWebsite; missingPhone
relation/3321847,OpenStreetMap,osm,ODbL,https://www.openstreetmap.org/relation/3321847,,4001 - 4099,,Dominican Republic,18.6695192,-68.4006847,,,,osm-dominican-republic-expanded-2026-05-20,2026-05-20T19:32:17.199Z,pending,none,needs_research,unknown|18.6695|-68.4007,relation,hotel,missingName; missingCity; missingWebsite; missingPhone
relation/3321848,OpenStreetMap,osm,ODbL,https://www.openstreetmap.org/relation/3321848,,1001 - 1099,,Dominican Republic,18.6682985,-68.4001004,,,,osm-dominican-republic-expanded-2026-05-20,2026-05-20T19:32:17.199Z,pending,none,needs_research,unknown|18.6683|-68.4001,relation,hotel,missingName; missingCity; missingWebsite; missingPhone
relation/3321849,OpenStreetMap,osm,ODbL,https://www.openstreetmap.org/relation/3321849,,5001 - 5099,,Dominican Republic,18.6670317,-68.3991259,,,,osm-dominican-republic-expanded-2026-05-20,2026-05-20T19:32:17.199Z,pending,none,needs_research,unknown|18.667|-68.3991,relation,hotel,missingName; missingCity; missingWebsite; missingPhone
relation/3321850,OpenStreetMap,osm,ODbL,https://www.openstreetmap.org/relation/3321850,,6001 - 6099,,Dominican Republic,18.6670077,-68.3984076,,,,osm-dominican-republic-expanded-2026-05-20,2026-05-20T19:32:17.199Z,pending,none,needs_research,unknown|18.667|-68.3984,relation,hotel,missingName; missingCity; missingWebsite; missingPhone
relation/16403388,OpenStreetMap,osm,ODbL,https://www.openstreetmap.org/relation/16403388,Vista Sol Punta Cana,,,Dominican Republic,18.689952,-68.4207338,,,,osm-dominican-republic-expanded-2026-05-20,2026-05-20T19:32:17.199Z,pending,none,needs_research,vista sol punta cana|18.69|-68.4207,relation,hotel,missingCity; missingWebsite; missingPhone
