sourceRecordId,rawHotelName,rawCity,rawCountry,rawLatitude,rawLongitude,qualityTier,qualityScore,importBatchId
node/278454119,Rancho Suizo Hotel,,Costa Rica,9.9586786,-85.6736065,medium,55,osm-costa-rica-hotel-focused-choice-cala-2026-05-20
node/278908607,Hotel Manatus,,Costa Rica,10.5624805,-83.5162983,high,80,osm-costa-rica-hotel-focused-choice-cala-2026-05-20
node/355965229,Hidden Canopy Treehouse Lodge,Santa Elena,Costa Rica,10.3289916,-84.8176131,high,75,osm-costa-rica-hotel-focused-choice-cala-2026-05-20
node/360010114,Hotel Hacienda Guachipelín,Curubandé,Costa Rica,10.7520777,-85.3796525,high,75,osm-costa-rica-hotel-focused-choice-cala-2026-05-20
node/360248729,Finca Los Caballos,,Costa Rica,9.6695211,-85.0731536,medium,55,osm-costa-rica-hotel-focused-choice-cala-2026-05-20
node/360263642,Hotel Flying Crocodile Lodge,Sámara,Costa Rica,9.8847817,-85.56536,high,90,osm-costa-rica-hotel-focused-choice-cala-2026-05-20
node/365314376,Termales del Bosque,,Costa Rica,10.3633589,-84.3905543,medium,55,osm-costa-rica-hotel-focused-choice-cala-2026-05-20
node/367989605,Rinconcita Lodge,,Costa Rica,10.7328634,-85.3010278,medium,55,osm-costa-rica-hotel-focused-choice-cala-2026-05-20
node/378608054,Hotel La Cascada,,Costa Rica,9.6509225,-85.0695598,medium,55,osm-costa-rica-hotel-focused-choice-cala-2026-05-20
node/378731318,Dantica Lodge,,Costa Rica,9.5834903,-83.7980213,medium,65,osm-costa-rica-hotel-focused-choice-cala-2026-05-20
node/382113798,El Encanto B&B,,Costa Rica,9.7395042,-82.8454251,medium,55,osm-costa-rica-hotel-focused-choice-cala-2026-05-20
node/430957146,B&B Villa Pacandé,San Isidro,Costa Rica,10.0476452,-84.2093747,high,75,osm-costa-rica-hotel-focused-choice-cala-2026-05-20
node/431001121,Linda Vista del Norte,,Costa Rica,10.4274099,-84.7462487,medium,55,osm-costa-rica-hotel-focused-choice-cala-2026-05-20
node/431001715,Essence Arenal Travellers & Backpackers Resort,,Costa Rica,10.4211323,-84.7543482,medium,55,osm-costa-rica-hotel-focused-choice-cala-2026-05-20
node/440290838,Posada Andrea Cristina,,Costa Rica,10.4538335,-84.017913,medium,55,osm-costa-rica-hotel-focused-choice-cala-2026-05-20
node/440639690,Casa Marbella,,Costa Rica,10.5424029,-83.5036586,medium,55,osm-costa-rica-hotel-focused-choice-cala-2026-05-20
node/440649601,Cabinas La Ranita Roja,,Costa Rica,10.5386594,-83.5038845,medium,55,osm-costa-rica-hotel-focused-choice-cala-2026-05-20
node/440687355,Coco Loco Lodge,,Costa Rica,9.6531516,-82.7544408,medium,55,osm-costa-rica-hotel-focused-choice-cala-2026-05-20
node/440837782,Secret Garden,Cahuita,Costa Rica,9.7358162,-82.8403138,high,75,osm-costa-rica-hotel-focused-choice-cala-2026-05-20
node/440837786,Natural Park,,Costa Rica,9.7367156,-82.8391295,medium,55,osm-costa-rica-hotel-focused-choice-cala-2026-05-20
node/440845588,Bungalows Malú,Cahuita,Costa Rica,9.7438703,-82.8544634,high,75,osm-costa-rica-hotel-focused-choice-cala-2026-05-20
node/440849632,Bluspirit,Cahuita,Costa Rica,9.7397666,-82.8446444,high,90,osm-costa-rica-hotel-focused-choice-cala-2026-05-20
node/459837501,Arenal Springs Resort & Spa,La Fortuna,Costa Rica,10.5022962,-84.6831049,high,75,osm-costa-rica-hotel-focused-choice-cala-2026-05-20
node/475945403,Playa Negra Guesthouse,Cahuita,Costa Rica,9.7412838,-82.8502625,high,100,osm-costa-rica-hotel-focused-choice-cala-2026-05-20
node/566782925,Montezuma Pacific,,Costa Rica,9.6557873,-85.0679678,medium,55,osm-costa-rica-hotel-focused-choice-cala-2026-05-20
node/602660481,Blue Dream,Puerto Soley,Costa Rica,11.0236632,-85.6879782,high,100,osm-costa-rica-hotel-focused-choice-cala-2026-05-20
node/623418162,Adventure Inn Hotel,,Costa Rica,9.9735425,-84.1509498,high,70,osm-costa-rica-hotel-focused-choice-cala-2026-05-20
node/693740724,Mawamba Lodge,,Costa Rica,10.5512771,-83.5074723,medium,55,osm-costa-rica-hotel-focused-choice-cala-2026-05-20
node/697068186,Lumbres Arenal,La Fortuna,Costa Rica,10.4947081,-84.716067,high,100,osm-costa-rica-hotel-focused-choice-cala-2026-05-20
node/701330811,Hotel Miami,Limón,Costa Rica,9.991712,-83.0293556,high,75,osm-costa-rica-hotel-focused-choice-cala-2026-05-20
node/701330880,Hotel El Oriental,Limón,Costa Rica,9.9933354,-83.0289477,high,75,osm-costa-rica-hotel-focused-choice-cala-2026-05-20
node/701330885,Hotel El Nicaragüense,Limón,Costa Rica,9.9927875,-83.0267424,high,75,osm-costa-rica-hotel-focused-choice-cala-2026-05-20
node/765960490,Hotel y Mirador Pico Blanco,,Costa Rica,9.8980759,-84.1277761,medium,55,osm-costa-rica-hotel-focused-choice-cala-2026-05-20
node/772400579,B&B Posada Mimosa,Rincon de Salas Sur,Costa Rica,10.0257594,-84.3300676,high,75,osm-costa-rica-hotel-focused-choice-cala-2026-05-20
node/772628182,Sanchiri Lodge,,Costa Rica,9.8172725,-83.8658882,medium,55,osm-costa-rica-hotel-focused-choice-cala-2026-05-20
node/772650991,Tesoro Verde,,Costa Rica,8.6689411,-83.6844591,medium,55,osm-costa-rica-hotel-focused-choice-cala-2026-05-20
node/777348524,Arenal Montechiari,,Costa Rica,10.4780097,-84.6445833,high,80,osm-costa-rica-hotel-focused-choice-cala-2026-05-20
node/790503650,Hotel & Spa Cibeles,Santiago,Costa Rica,10.0078943,-84.1076266,high,75,osm-costa-rica-hotel-focused-choice-cala-2026-05-20
node/792224644,Hotel Los Héroes,Arenal,Costa Rica,10.4761056,-84.8305909,high,75,osm-costa-rica-hotel-focused-choice-cala-2026-05-20
node/794609099,La Foresta Nature Resort,Quepos,Costa Rica,9.4402158,-84.136093,high,90,osm-costa-rica-hotel-focused-choice-cala-2026-05-20
node/832255135,Orosi Lodge,Orosi,Costa Rica,9.79399,-83.8561641,high,100,osm-costa-rica-hotel-focused-choice-cala-2026-05-20
node/836037322,El Punto,Liberia,Costa Rica,10.6249149,-85.4435774,high,90,osm-costa-rica-hotel-focused-choice-cala-2026-05-20
node/837146650,Gilded Iguana Hotel,,Costa Rica,9.9481309,-85.6693982,medium,55,osm-costa-rica-hotel-focused-choice-cala-2026-05-20
node/840628673,Cabinas La Montaña,,Costa Rica,10.4611348,-84.2719981,medium,55,osm-costa-rica-hotel-focused-choice-cala-2026-05-20
node/840727004,Hacienda Pozo Azul,,Costa Rica,10.3860618,-84.1397408,high,80,osm-costa-rica-hotel-focused-choice-cala-2026-05-20
node/840865280,Hotel Centro Neotropico Sarapiqui,,Costa Rica,10.417107,-84.123118,high,70,osm-costa-rica-hotel-focused-choice-cala-2026-05-20
node/842114438,Hotel la Tranquilidad,Parrita,Costa Rica,9.4782081,-84.2667652,high,75,osm-costa-rica-hotel-focused-choice-cala-2026-05-20
node/875220992,Hotel Viña Verde La Colina,,Costa Rica,10.0710145,-84.4900625,medium,55,osm-costa-rica-hotel-focused-choice-cala-2026-05-20
node/875451951,Hotel San Isidro,,Costa Rica,9.357286,-83.6852363,medium,55,osm-costa-rica-hotel-focused-choice-cala-2026-05-20
node/875453269,Hotel Montecito,San Isidro de El General,Costa Rica,9.3674729,-83.6972849,high,75,osm-costa-rica-hotel-focused-choice-cala-2026-05-20
node/875558955,Hotel Villa Wetss,,Costa Rica,8.6063199,-83.127756,medium,55,osm-costa-rica-hotel-focused-choice-cala-2026-05-20
node/883971237,Hotel la Rivera,,Costa Rica,9.9838263,-84.1867089,medium,55,osm-costa-rica-hotel-focused-choice-cala-2026-05-20
node/907208603,Hotel Ceciliano,Quepos,Costa Rica,9.4294091,-84.1618019,high,75,osm-costa-rica-hotel-focused-choice-cala-2026-05-20
node/907416055,Villa La Costa,Puntarenas,Costa Rica,9.6070827,-84.6240381,high,75,osm-costa-rica-hotel-focused-choice-cala-2026-05-20
node/962570226,Colours Oasis Resort Hotel,Rohrmoser,Costa Rica,9.9476732,-84.130456,high,75,osm-costa-rica-hotel-focused-choice-cala-2026-05-20
node/970419734,Cabinas Iguana,Cahuita,Costa Rica,9.7408165,-82.8517018,high,100,osm-costa-rica-hotel-focused-choice-cala-2026-05-20
node/1022871163,Grandpas' Hotel,Cot,Costa Rica,9.8905751,-83.8782778,high,75,osm-costa-rica-hotel-focused-choice-cala-2026-05-20
node/1049798980,Tierra del Fuego,,Costa Rica,10.4418112,-85.7911745,medium,55,osm-costa-rica-hotel-focused-choice-cala-2026-05-20
node/1140976615,Monarch Resort,Sardinal,Costa Rica,10.5898944,-85.664413,high,75,osm-costa-rica-hotel-focused-choice-cala-2026-05-20
node/1140980130,Four Seasons Hotel,,Costa Rica,10.6117498,-85.6886117,medium,55,osm-costa-rica-hotel-focused-choice-cala-2026-05-20
node/1156198665,Hotel Los Alemanes,Carrillos,Costa Rica,10.0323531,-84.2681866,high,75,osm-costa-rica-hotel-focused-choice-cala-2026-05-20
node/1158049612,Hotel Rancho Oropéndola,,Costa Rica,9.9390749,-84.5299636,medium,55,osm-costa-rica-hotel-focused-choice-cala-2026-05-20
node/1176474318,Rancho Burica,,Costa Rica,8.3474041,-83.1259007,medium,55,osm-costa-rica-hotel-focused-choice-cala-2026-05-20
node/1186330979,Cabinas Cristina,,Costa Rica,9.7186069,-85.0187765,medium,55,osm-costa-rica-hotel-focused-choice-cala-2026-05-20
node/1186336382,Pacific Guesthouse,,Costa Rica,9.7829151,-85.2537286,medium,55,osm-costa-rica-hotel-focused-choice-cala-2026-05-20
node/1186399996,Vista Golfo,,Costa Rica,10.1312829,-84.7254554,medium,55,osm-costa-rica-hotel-focused-choice-cala-2026-05-20
node/1186415647,Cabinas Orchídea,,Costa Rica,10.1714227,-84.6677735,medium,55,osm-costa-rica-hotel-focused-choice-cala-2026-05-20
node/1187585081,Cabinas Mary,,Costa Rica,9.16696,-83.33177,medium,55,osm-costa-rica-hotel-focused-choice-cala-2026-05-20
node/1189460168,Hotel Punta Islita,,Costa Rica,9.8574926,-85.4016489,medium,55,osm-costa-rica-hotel-focused-choice-cala-2026-05-20
node/1189472004,Hotel De Campo,,Costa Rica,10.8961303,-84.78698,high,70,osm-costa-rica-hotel-focused-choice-cala-2026-05-20
node/1189472009,Albergue Cano Negro,,Costa Rica,10.8932533,-84.7854501,medium,55,osm-costa-rica-hotel-focused-choice-cala-2026-05-20
node/1189834268,Heliconia Lodge,Bijagua,Costa Rica,10.7134776,-85.0407418,high,75,osm-costa-rica-hotel-focused-choice-cala-2026-05-20
node/1189860496,Rio Celeste Lodge,,Costa Rica,10.7039836,-84.9772755,medium,55,osm-costa-rica-hotel-focused-choice-cala-2026-05-20
node/1212848013,Star Mountain Eco Resort Hotel,Puntarenas,Costa Rica,9.6073177,-85.1227383,high,75,osm-costa-rica-hotel-focused-choice-cala-2026-05-20
node/1212859608,Hotel La Hacienda,,Costa Rica,9.6149,-85.14309,medium,55,osm-costa-rica-hotel-focused-choice-cala-2026-05-20
node/1212860852,Hotel Pachamama,,Costa Rica,9.6158927,-85.1430779,medium,55,osm-costa-rica-hotel-focused-choice-cala-2026-05-20
node/1212862613,Hotel Vista de Olas,,Costa Rica,9.6156855,-85.1412019,medium,55,osm-costa-rica-hotel-focused-choice-cala-2026-05-20
node/1212864361,Villas Monarca,,Costa Rica,9.61817,-85.14443,medium,55,osm-costa-rica-hotel-focused-choice-cala-2026-05-20
node/1212913432,Apartotel Catalina,,Costa Rica,9.60112,-84.62043,medium,55,osm-costa-rica-hotel-focused-choice-cala-2026-05-20
node/1212919939,Hotel Doce Lunas,Jacó,Costa Rica,9.6121457,-84.6108546,high,75,osm-costa-rica-hotel-focused-choice-cala-2026-05-20
node/1215697627,Hotel Villa Zurqui,,Costa Rica,10.0292348,-84.0099692,medium,55,osm-costa-rica-hotel-focused-choice-cala-2026-05-20
node/1215727897,Hotel Lomas del Toro,Guápiles,Costa Rica,10.2036816,-83.8136941,high,75,osm-costa-rica-hotel-focused-choice-cala-2026-05-20
node/1215741490,Cabinas Don Quito,Pacuarito,Costa Rica,10.0968068,-83.4805982,high,75,osm-costa-rica-hotel-focused-choice-cala-2026-05-20
node/1215780388,Hotel El Tropico,,Costa Rica,10.36588,-83.7323,medium,55,osm-costa-rica-hotel-focused-choice-cala-2026-05-20
node/1215788541,Hotel Surá,Cariari,Costa Rica,10.3592507,-83.7340523,high,75,osm-costa-rica-hotel-focused-choice-cala-2026-05-20
node/1215790164,Hotel Vista al Tortuguero,,Costa Rica,10.3558235,-83.7365495,medium,65,osm-costa-rica-hotel-focused-choice-cala-2026-05-20
node/1216938661,Hotel Bellavista,,Costa Rica,11.0728265,-85.6357099,medium,55,osm-costa-rica-hotel-focused-choice-cala-2026-05-20
node/1218645182,Ginnana,,Costa Rica,9.8202681,-84.9351254,medium,55,osm-costa-rica-hotel-focused-choice-cala-2026-05-20
node/1226412253,Hotel Wilson,,Costa Rica,10.2134886,-83.7889594,medium,55,osm-costa-rica-hotel-focused-choice-cala-2026-05-20
node/1229674090,Hotel & Resort Daysita,Liberia,Costa Rica,10.634126,-85.433164,high,75,osm-costa-rica-hotel-focused-choice-cala-2026-05-20
node/1230251511,Hotel Casa Conde,,Costa Rica,10.5911989,-85.6492832,medium,55,osm-costa-rica-hotel-focused-choice-cala-2026-05-20
node/1230265369,Hotel Costa Blanca,,Costa Rica,10.5901783,-85.6755062,medium,55,osm-costa-rica-hotel-focused-choice-cala-2026-05-20
node/1231610689,Hotel Villas Costa Alegre,,Costa Rica,10.5356362,-85.6649151,medium,55,osm-costa-rica-hotel-focused-choice-cala-2026-05-20
node/1231897510,Hotel Villas del Sueño,,Costa Rica,10.5419398,-85.724064,medium,55,osm-costa-rica-hotel-focused-choice-cala-2026-05-20
node/1231897562,Hotel Villa Casa Blanca,,Costa Rica,10.5412152,-85.7216389,medium,55,osm-costa-rica-hotel-focused-choice-cala-2026-05-20
node/1231897573,Resort Ocotal Beach,,Costa Rica,10.5457969,-85.7252817,medium,55,osm-costa-rica-hotel-focused-choice-cala-2026-05-20
node/1231961506,Hotel Sugar Beach,,Costa Rica,10.4754206,-85.779433,medium,55,osm-costa-rica-hotel-focused-choice-cala-2026-05-20
node/1231963170,Hotel Villas Estival,,Costa Rica,10.4672636,-85.7766758,medium,55,osm-costa-rica-hotel-focused-choice-cala-2026-05-20
node/1231971759,Hotel Bahia Esmeralda,,Costa Rica,10.4591601,-85.7705569,medium,55,osm-costa-rica-hotel-focused-choice-cala-2026-05-20
node/1231972494,Ivy Hotel Costa Rica,,Costa Rica,10.4604782,-85.7652571,high,70,osm-costa-rica-hotel-focused-choice-cala-2026-05-20
node/1231973668,Villaggio Flor del Pacifico,,Costa Rica,10.4588335,-85.7664282,medium,55,osm-costa-rica-hotel-focused-choice-cala-2026-05-20
node/1231982898,Villas West Wind,,Costa Rica,10.4463292,-85.7723074,medium,55,osm-costa-rica-hotel-focused-choice-cala-2026-05-20
node/1231984955,Cabinas Cristina,,Costa Rica,10.44634,-85.76715,medium,55,osm-costa-rica-hotel-focused-choice-cala-2026-05-20
node/1239451526,Club Pez Gallo,,Costa Rica,9.9193078,-85.6282273,medium,55,osm-costa-rica-hotel-focused-choice-cala-2026-05-20
node/1240260606,Hotel Castillo Montereina,Sámara,Costa Rica,9.880726,-85.5679038,high,75,osm-costa-rica-hotel-focused-choice-cala-2026-05-20
node/1240260993,Villas Playa Buena Vista,Sámara,Costa Rica,9.88177,-85.56715,high,75,osm-costa-rica-hotel-focused-choice-cala-2026-05-20
node/1240265015,Hotel Samara Pacific Lodge,,Costa Rica,9.8808616,-85.5402037,medium,55,osm-costa-rica-hotel-focused-choice-cala-2026-05-20
node/1240271497,Hotel Pepitas,,Costa Rica,9.8829962,-85.5304381,medium,55,osm-costa-rica-hotel-focused-choice-cala-2026-05-20
node/1240406920,La Casa del Sol,,Costa Rica,9.8824184,-85.5250457,medium,55,osm-costa-rica-hotel-focused-choice-cala-2026-05-20
node/1240437204,Hotel Mirador de Sámara,Sámara,Costa Rica,9.8838608,-85.5256272,high,75,osm-costa-rica-hotel-focused-choice-cala-2026-05-20
node/1241604134,Las Brisas del Pacífico,Sámara,Costa Rica,9.8821133,-85.5211381,high,100,osm-costa-rica-hotel-focused-choice-cala-2026-05-20
node/1241608653,Cabinas Villa Kunterbunt,,Costa Rica,9.87555,-85.51146,medium,55,osm-costa-rica-hotel-focused-choice-cala-2026-05-20
node/1241632873,Hotel Hideaway,,Costa Rica,9.8686006,-85.5053048,medium,55,osm-costa-rica-hotel-focused-choice-cala-2026-05-20
node/1241635542,Hotel & Beach Club Carrillo,,Costa Rica,9.8657175,-85.4817218,medium,55,osm-costa-rica-hotel-focused-choice-cala-2026-05-20
node/1241637092,Apartamentos Turistas,,Costa Rica,9.8659612,-85.4805748,medium,55,osm-costa-rica-hotel-focused-choice-cala-2026-05-20
node/1241640494,Hotel Arena Blanca,,Costa Rica,9.8672928,-85.478429,medium,55,osm-costa-rica-hotel-focused-choice-cala-2026-05-20
node/1241640496,Cabinas La Selva,,Costa Rica,9.8672769,-85.4796736,medium,55,osm-costa-rica-hotel-focused-choice-cala-2026-05-20
node/1241640497,Casa Buena,,Costa Rica,9.8672346,-85.479062,medium,55,osm-costa-rica-hotel-focused-choice-cala-2026-05-20
node/1241642376,Cabinas “El Colibrí”,,Costa Rica,9.8654972,-85.4798783,medium,55,osm-costa-rica-hotel-focused-choice-cala-2026-05-20
node/1241642378,Hotel Puerto Carrillo,,Costa Rica,9.8651556,-85.4785248,medium,55,osm-costa-rica-hotel-focused-choice-cala-2026-05-20
node/1241658550,Casa de Playa Sol Nicoa,,Costa Rica,9.8647797,-85.4774313,medium,55,osm-costa-rica-hotel-focused-choice-cala-2026-05-20
node/1241687322,Cabinas Villas del Bosque,,Costa Rica,9.8786766,-85.4541443,medium,55,osm-costa-rica-hotel-focused-choice-cala-2026-05-20
node/1245015883,Cabinas Carolina,Los Chiles,Costa Rica,11.030857,-84.7125875,high,75,osm-costa-rica-hotel-focused-choice-cala-2026-05-20
node/1252737549,Hotel Makanas,,Costa Rica,9.65288,-85.17786,medium,55,osm-costa-rica-hotel-focused-choice-cala-2026-05-20
node/1252739414,Hotel Flor Blanca,,Costa Rica,9.65218,-85.17752,medium,55,osm-costa-rica-hotel-focused-choice-cala-2026-05-20
node/1252761423,Villas Red Palm,,Costa Rica,9.65149,-85.17675,medium,55,osm-costa-rica-hotel-focused-choice-cala-2026-05-20
node/1252763633,Cabinas Paraiso Azul,,Costa Rica,9.65034,-85.17643,medium,55,osm-costa-rica-hotel-focused-choice-cala-2026-05-20
node/1252766981,Milarepa,,Costa Rica,9.64995,-85.17656,medium,55,osm-costa-rica-hotel-focused-choice-cala-2026-05-20
node/1252773488,Casa Cecilia,,Costa Rica,9.6499073,-85.1752427,high,70,osm-costa-rica-hotel-focused-choice-cala-2026-05-20
node/1252978519,Raratonga,,Costa Rica,9.6447932,-85.1677368,medium,55,osm-costa-rica-hotel-focused-choice-cala-2026-05-20
node/1252983301,Meli Melo,Malpais,Costa Rica,9.641994,-85.165715,high,75,osm-costa-rica-hotel-focused-choice-cala-2026-05-20
node/1252986992,Point Break,,Costa Rica,9.6441211,-85.1678752,medium,55,osm-costa-rica-hotel-focused-choice-cala-2026-05-20
node/1253009174,Lodge&Villas Griss,,Costa Rica,9.64353,-85.16683,medium,55,osm-costa-rica-hotel-focused-choice-cala-2026-05-20
node/1254573786,Cabinas Jiménez,,Costa Rica,8.5406312,-83.3066581,medium,55,osm-costa-rica-hotel-focused-choice-cala-2026-05-20
node/1254576302,Cabinas Brisa del Mar,,Costa Rica,8.5400226,-83.3060093,medium,55,osm-costa-rica-hotel-focused-choice-cala-2026-05-20
node/1254584441,Cabinas Bosque del Mar,,Costa Rica,8.5377327,-83.3054628,medium,55,osm-costa-rica-hotel-focused-choice-cala-2026-05-20
node/1254677221,Cabinas Carolina,,Costa Rica,8.5372883,-83.3062239,medium,55,osm-costa-rica-hotel-focused-choice-cala-2026-05-20
node/1254677804,Apartotel Tierra Magica,,Costa Rica,8.5372463,-83.3053125,medium,55,osm-costa-rica-hotel-focused-choice-cala-2026-05-20
node/1254680131,Pension Quintero,,Costa Rica,8.5368529,-83.3066666,medium,55,osm-costa-rica-hotel-focused-choice-cala-2026-05-20
node/1254681216,Cabinas Oro Verde,,Costa Rica,8.5367676,-83.3057152,medium,55,osm-costa-rica-hotel-focused-choice-cala-2026-05-20
node/1254681973,Cabinas Marcelina,,Costa Rica,8.5362143,-83.3056129,medium,55,osm-costa-rica-hotel-focused-choice-cala-2026-05-20
node/1254691042,Hotel La Choza del Manglar,,Costa Rica,8.5351847,-83.3029839,medium,55,osm-costa-rica-hotel-focused-choice-cala-2026-05-20
node/1254735274,Iguana Lodge,,Costa Rica,8.5101584,-83.2918979,medium,55,osm-costa-rica-hotel-focused-choice-cala-2026-05-20
node/1254736809,Playa Preciosa Lodge,,Costa Rica,8.5115225,-83.2909798,medium,55,osm-costa-rica-hotel-focused-choice-cala-2026-05-20
node/1254741298,Cabinas Buena Esperanza,,Costa Rica,8.4074515,-83.2837853,medium,55,osm-costa-rica-hotel-focused-choice-cala-2026-05-20
node/1254742442,Lapa Rios Lodge,,Costa Rica,8.4003528,-83.2852958,medium,55,osm-costa-rica-hotel-focused-choice-cala-2026-05-20
node/1254742952,Hotel Casa Bambu,,Costa Rica,8.397816,-83.2863468,medium,55,osm-costa-rica-hotel-focused-choice-cala-2026-05-20
node/1254743103,Hotel el Tumbo de las Olas,,Costa Rica,8.3962805,-83.2818777,medium,55,osm-costa-rica-hotel-focused-choice-cala-2026-05-20
node/1254743104,"Encanta la Vida, Matapalo Lodge",,Costa Rica,8.3951914,-83.2821938,medium,55,osm-costa-rica-hotel-focused-choice-cala-2026-05-20
node/1255072051,Bosque del Cabo Lodge,,Costa Rica,8.3773963,-83.2925859,medium,55,osm-costa-rica-hotel-focused-choice-cala-2026-05-20
node/1255074926,El Remanso Lodge,,Costa Rica,8.3873271,-83.3065134,medium,55,osm-costa-rica-hotel-focused-choice-cala-2026-05-20
node/1255079180,Terrapin Lodge,,Costa Rica,8.4441006,-83.438808,medium,55,osm-costa-rica-hotel-focused-choice-cala-2026-05-20
node/1255079989,Cabinas Carate Jungle,,Costa Rica,8.4401899,-83.4507254,medium,55,osm-costa-rica-hotel-focused-choice-cala-2026-05-20
node/1255082561,Hotel Look Out Inn,,Costa Rica,8.4409088,-83.4518758,medium,55,osm-costa-rica-hotel-focused-choice-cala-2026-05-20
node/1255085584,Luna Lodge,,Costa Rica,8.4594629,-83.4615961,medium,55,osm-costa-rica-hotel-focused-choice-cala-2026-05-20
node/1255107676,Cabinas Golfo Dulce,,Costa Rica,8.7049074,-83.4869657,medium,55,osm-costa-rica-hotel-focused-choice-cala-2026-05-20
node/1255109015,Hotel Villas Corcovado,,Costa Rica,8.7073769,-83.4865895,medium,55,osm-costa-rica-hotel-focused-choice-cala-2026-05-20
node/1256871821,Villas Stephanie,,Costa Rica,9.9408687,-83.9961596,medium,55,osm-costa-rica-hotel-focused-choice-cala-2026-05-20
node/1257552303,Cabañas Cañas Castilla,,Costa Rica,11.1215824,-85.5943997,medium,55,osm-costa-rica-hotel-focused-choice-cala-2026-05-20
node/1257711421,Cabinas Buenavista,,Costa Rica,10.8969626,-85.0172742,medium,55,osm-costa-rica-hotel-focused-choice-cala-2026-05-20
node/1257712538,Hotel Rosita,,Costa Rica,10.8972566,-85.0155448,medium,55,osm-costa-rica-hotel-focused-choice-cala-2026-05-20
node/1257747867,Cabinas Maleku,Upala,Costa Rica,10.8991447,-85.0163558,high,75,osm-costa-rica-hotel-focused-choice-cala-2026-05-20
node/1257775778,Hotel La Primavera del Venado,Mogote,Costa Rica,10.7034617,-85.2261153,high,75,osm-costa-rica-hotel-focused-choice-cala-2026-05-20
node/1257781616,Cabinas Ledezma,Mogote,Costa Rica,10.7092597,-85.225473,high,75,osm-costa-rica-hotel-focused-choice-cala-2026-05-20
node/1257830051,Hotel Finca Daniel,,Costa Rica,10.1337264,-84.7232951,medium,55,osm-costa-rica-hotel-focused-choice-cala-2026-05-20
node/1275863643,Tiskita Lodge,,Costa Rica,8.3563919,-83.1341389,medium,55,osm-costa-rica-hotel-focused-choice-cala-2026-05-20
node/1278945379,Hotel Colinas del Norte,,Costa Rica,11.1105591,-85.6122717,medium,55,osm-costa-rica-hotel-focused-choice-cala-2026-05-20
node/1282433497,Apartotel Villas de Cariari,,Costa Rica,9.9742037,-84.1598179,high,80,osm-costa-rica-hotel-focused-choice-cala-2026-05-20
node/1286717917,Cabinas Sotavento,,Costa Rica,8.34917,-83.12778,medium,55,osm-costa-rica-hotel-focused-choice-cala-2026-05-20
node/1286718933,Cabinas Punta Banco,,Costa Rica,8.351693,-83.1307278,medium,55,osm-costa-rica-hotel-focused-choice-cala-2026-05-20
node/1286722370,Hotel Estrella de Mar,,Costa Rica,8.3647963,-83.1426816,medium,55,osm-costa-rica-hotel-focused-choice-cala-2026-05-20
node/1286724371,Hotel Pavones Kona Kai,,Costa Rica,8.3701339,-83.1432215,medium,55,osm-costa-rica-hotel-focused-choice-cala-2026-05-20
node/1286726649,Hotel La Ponderosa,,Costa Rica,8.3754989,-83.1435059,medium,55,osm-costa-rica-hotel-focused-choice-cala-2026-05-20
node/1286728404,Hotel Rancho Cannatella,,Costa Rica,8.3869,-83.14103,medium,55,osm-costa-rica-hotel-focused-choice-cala-2026-05-20
node/1286729254,Hotel Rivera Pavones,,Costa Rica,8.3928654,-83.1342183,medium,55,osm-costa-rica-hotel-focused-choice-cala-2026-05-20
node/1286730105,Cabinas Jazmin,,Costa Rica,8.39388,-83.1337207,medium,55,osm-costa-rica-hotel-focused-choice-cala-2026-05-20
node/1286730503,Hotel Mirador Las Olas,,Costa Rica,8.39401,-83.13391,medium,55,osm-costa-rica-hotel-focused-choice-cala-2026-05-20
node/1287536180,Cabinas Fabi,,Costa Rica,9.1720583,-83.337628,medium,55,osm-costa-rica-hotel-focused-choice-cala-2026-05-20
node/1295457344,Hotel Vista del Valle,,Costa Rica,10.0364282,-84.3695855,medium,55,osm-costa-rica-hotel-focused-choice-cala-2026-05-20
node/1296489756,Cabinas La Pesca,,Costa Rica,9.7961744,-83.9457393,medium,55,osm-costa-rica-hotel-focused-choice-cala-2026-05-20
node/1296492673,Cerro Alto Lodge,,Costa Rica,9.7425205,-83.9510244,medium,55,osm-costa-rica-hotel-focused-choice-cala-2026-05-20
node/1296844574,Cabinas Rebeca,,Costa Rica,10.8085448,-85.1812349,medium,55,osm-costa-rica-hotel-focused-choice-cala-2026-05-20
node/1298059703,Hotel Paradise Inn,San Antonio,Costa Rica,9.8890611,-84.1171622,high,75,osm-costa-rica-hotel-focused-choice-cala-2026-05-20
node/1326976627,Hotel La Isla Inn,,Costa Rica,9.651895,-82.7389236,medium,55,osm-costa-rica-hotel-focused-choice-cala-2026-05-20
node/1326976877,Hotel Cariblue,,Costa Rica,9.6504068,-82.7394595,high,80,osm-costa-rica-hotel-focused-choice-cala-2026-05-20
node/1326980422,Cabinas Rio Cocles,,Costa Rica,9.6487368,-82.735038,medium,55,osm-costa-rica-hotel-focused-choice-cala-2026-05-20
node/1326984444,Cabinas El Tesoro,,Costa Rica,9.6535176,-82.7409774,medium,55,osm-costa-rica-hotel-focused-choice-cala-2026-05-20
node/1328123925,Hotel Maritza,,Costa Rica,9.6569312,-82.7552227,medium,55,osm-costa-rica-hotel-focused-choice-cala-2026-05-20
node/1328125027,Backpacker Sunrise,,Costa Rica,9.6564823,-82.7547211,medium,55,osm-costa-rica-hotel-focused-choice-cala-2026-05-20
node/1330144029,Hacienda La Isla Lodge,,Costa Rica,10.2347683,-83.9111909,medium,55,osm-costa-rica-hotel-focused-choice-cala-2026-05-20
node/1330149235,Cabinas Pura Vida,,Costa Rica,10.2471694,-83.9179591,medium,55,osm-costa-rica-hotel-focused-choice-cala-2026-05-20
node/1330161882,Sun Sun Lodge,,Costa Rica,10.3238412,-83.9443657,medium,55,osm-costa-rica-hotel-focused-choice-cala-2026-05-20
node/1330167728,Cabinas Isabel,,Costa Rica,10.32045,-83.92823,medium,55,osm-costa-rica-hotel-focused-choice-cala-2026-05-20
node/1331720013,Rara Avis Reinforest Lodge,,Costa Rica,10.3412411,-83.9565515,medium,55,osm-costa-rica-hotel-focused-choice-cala-2026-05-20
node/1331858076,Hotel Heliconia Island,,Costa Rica,10.3936,-83.97076,medium,55,osm-costa-rica-hotel-focused-choice-cala-2026-05-20
node/1342749248,Hotel Colinas del Sol,,Costa Rica,9.9737383,-84.3724236,medium,55,osm-costa-rica-hotel-focused-choice-cala-2026-05-20
node/1349936750,Albergue Turistico & Hotel Las Cavernas,,Costa Rica,10.1712259,-85.3744645,medium,55,osm-costa-rica-hotel-focused-choice-cala-2026-05-20
node/1349937389,Hotel Parque Barra Honda,,Costa Rica,10.1656506,-85.378914,medium,55,osm-costa-rica-hotel-focused-choice-cala-2026-05-20
node/1353489488,Apartotel Vista Pacifico,,Costa Rica,9.6346685,-84.6316498,medium,55,osm-costa-rica-hotel-focused-choice-cala-2026-05-20
node/1353490491,Surf Camp Hotel Vista Guapa,,Costa Rica,9.6347529,-84.6313279,medium,55,osm-costa-rica-hotel-focused-choice-cala-2026-05-20
node/1353509307,Cadillac Rock,Jacó,Costa Rica,9.6184529,-84.6323003,high,75,osm-costa-rica-hotel-focused-choice-cala-2026-05-20
node/1355670811,Cabinas Romy,,Costa Rica,8.5328686,-82.8392738,medium,55,osm-costa-rica-hotel-focused-choice-cala-2026-05-20
node/1355671286,Cabinas Victoria,,Costa Rica,8.53224,-82.83952,medium,55,osm-costa-rica-hotel-focused-choice-cala-2026-05-20
node/1363224157,Hotel Poco a Poco,,Costa Rica,10.3152404,-84.8233827,high,80,osm-costa-rica-hotel-focused-choice-cala-2026-05-20
node/1363228152,Cabañas La Pradera,,Costa Rica,10.3138127,-84.8345189,medium,55,osm-costa-rica-hotel-focused-choice-cala-2026-05-20
node/1363228442,Cabinas Los Laureles Monteverde,,Costa Rica,10.306296,-84.8304432,medium,55,osm-costa-rica-hotel-focused-choice-cala-2026-05-20
node/1363728650,Casa Viva,,Costa Rica,9.6358087,-82.6972224,medium,55,osm-costa-rica-hotel-focused-choice-cala-2026-05-20
node/1373657755,Hotel Villas Hermosas,,Costa Rica,9.66406,-85.18829,medium,55,osm-costa-rica-hotel-focused-choice-cala-2026-05-20
node/1373663072,Ylang Ylang Lodge,Playa Manzanillo,Costa Rica,9.69922,-85.19903,high,75,osm-costa-rica-hotel-focused-choice-cala-2026-05-20
node/1374360001,Hotel Y Albergue Agroecoturistico El Silencio,,Costa Rica,9.4129975,-84.0293006,medium,55,osm-costa-rica-hotel-focused-choice-cala-2026-05-20
node/1374360671,Albergue Turistico Los Campesinos,,Costa Rica,9.456747,-84.0051448,medium,55,osm-costa-rica-hotel-focused-choice-cala-2026-05-20
node/1390204397,Tropico Latino Lodge,,Costa Rica,9.63231,-85.15554,medium,55,osm-costa-rica-hotel-focused-choice-cala-2026-05-20
node/1390207107,Hotel Costa Azul,,Costa Rica,9.6312912,-85.152112,medium,55,osm-costa-rica-hotel-focused-choice-cala-2026-05-20
node/1392854165,El Establo,Monte Verde,Costa Rica,10.3136392,-84.8158887,high,100,osm-costa-rica-hotel-focused-choice-cala-2026-05-20
node/1405888918,Kaya's Place,,Costa Rica,9.6537948,-82.7585358,medium,55,osm-costa-rica-hotel-focused-choice-cala-2026-05-20
node/1406463179,Hotel Cafetal Inn,,Costa Rica,10.0045223,-84.3750429,medium,55,osm-costa-rica-hotel-focused-choice-cala-2026-05-20
node/1414457882,Cabinas Pura Vida,San Antonio,Costa Rica,10.0017962,-84.2244007,high,75,osm-costa-rica-hotel-focused-choice-cala-2026-05-20
node/1416772315,Hotel Ataro,,Costa Rica,10.288493,-85.8492678,medium,55,osm-costa-rica-hotel-focused-choice-cala-2026-05-20
node/1416776253,Hotel Sueño del Mar,,Costa Rica,10.2919852,-85.8526227,medium,55,osm-costa-rica-hotel-focused-choice-cala-2026-05-20
node/1416810838,Arcoiris,,Costa Rica,10.2962129,-85.8392081,medium,55,osm-costa-rica-hotel-focused-choice-cala-2026-05-20
node/1416813389,Mahayana,Tamarindo,Costa Rica,10.2975074,-85.8385334,high,100,osm-costa-rica-hotel-focused-choice-cala-2026-05-20
node/1416838809,El Milagro,,Costa Rica,10.3042529,-85.8376618,medium,55,osm-costa-rica-hotel-focused-choice-cala-2026-05-20
node/1416839204,The Beach House,,Costa Rica,10.3064169,-85.8366699,medium,55,osm-costa-rica-hotel-focused-choice-cala-2026-05-20
node/1416839205,Cabinas Maleko,,Costa Rica,10.3070393,-85.8360401,medium,55,osm-costa-rica-hotel-focused-choice-cala-2026-05-20
node/1422610830,Hotel Hacienda Sueño Azul,,Costa Rica,10.3518498,-83.9719232,medium,55,osm-costa-rica-hotel-focused-choice-cala-2026-05-20
node/1426826988,Playa Grande Surf Camp,,Costa Rica,10.3173823,-85.8382676,medium,55,osm-costa-rica-hotel-focused-choice-cala-2026-05-20
node/1433890150,Cabinas El Rio,,Costa Rica,10.84849,-85.03943,medium,55,osm-costa-rica-hotel-focused-choice-cala-2026-05-20
node/1437886513,Hotel Central,Siquirres,Costa Rica,10.0974826,-83.5046498,high,75,osm-costa-rica-hotel-focused-choice-cala-2026-05-20
node/1437917680,Hotel Alcelma,Siquirres,Costa Rica,10.0972844,-83.5040311,high,75,osm-costa-rica-hotel-focused-choice-cala-2026-05-20
node/1438011964,Hogar Divina Misericordia,,Costa Rica,9.916948,-83.8093146,medium,55,osm-costa-rica-hotel-focused-choice-cala-2026-05-20
node/1439822690,Hotel Castillo,Siquirres,Costa Rica,10.0986598,-83.5042395,high,75,osm-costa-rica-hotel-focused-choice-cala-2026-05-20
node/1441483623,Hotel El Rio,,Costa Rica,9.9035406,-83.6828739,medium,55,osm-costa-rica-hotel-focused-choice-cala-2026-05-20
node/1441483626,Hotel Turrialba,,Costa Rica,9.9039457,-83.6854605,medium,55,osm-costa-rica-hotel-focused-choice-cala-2026-05-20
node/1445597384,Cabinas Los Almendros,,Costa Rica,9.6577184,-82.7549894,medium,55,osm-costa-rica-hotel-focused-choice-cala-2026-05-20
node/1449093106,Pachira Lodge,,Costa Rica,10.5488726,-83.5100679,medium,55,osm-costa-rica-hotel-focused-choice-cala-2026-05-20
node/1449102035,Lavas Tacotal,,Costa Rica,10.5015242,-84.7058114,medium,55,osm-costa-rica-hotel-focused-choice-cala-2026-05-20
node/1452088363,Villas Rio Mar,,Costa Rica,9.2634594,-83.860275,medium,55,osm-costa-rica-hotel-focused-choice-cala-2026-05-20
node/1459454192,Hotel Happy Land,,Costa Rica,10.0058837,-83.0719787,medium,55,osm-costa-rica-hotel-focused-choice-cala-2026-05-20
node/1459461781,Hotel Oasis del Caribe,,Costa Rica,10.0089524,-83.048893,medium,55,osm-costa-rica-hotel-focused-choice-cala-2026-05-20
node/1537554251,Cabinas Ostional,Cuajiniquil,Costa Rica,9.9965607,-85.7023355,high,75,osm-costa-rica-hotel-focused-choice-cala-2026-05-20
node/1538869706,Luna Llena,,Costa Rica,9.6562361,-85.0683197,medium,55,osm-costa-rica-hotel-focused-choice-cala-2026-05-20
node/1548702929,Turtle Beach Lodge Tortuguero,,Costa Rica,10.6252451,-83.5395758,high,70,osm-costa-rica-hotel-focused-choice-cala-2026-05-20
node/1567997842,Cabinas Canfinera,Arenal,Costa Rica,10.5447343,-84.8926203,high,75,osm-costa-rica-hotel-focused-choice-cala-2026-05-20
node/1569870678,Hotel Uran,,Costa Rica,9.4705559,-83.5850096,medium,55,osm-costa-rica-hotel-focused-choice-cala-2026-05-20
node/1617049618,Hotel Magdalena,,Costa Rica,9.4702682,-83.5844121,medium,55,osm-costa-rica-hotel-focused-choice-cala-2026-05-20
node/1617141222,Jordan's Jacuzzi Suites,,Costa Rica,9.6585688,-82.7506613,medium,55,osm-costa-rica-hotel-focused-choice-cala-2026-05-20
node/1619472915,Ola del Pacifico,,Costa Rica,9.3899613,-84.1473269,medium,55,osm-costa-rica-hotel-focused-choice-cala-2026-05-20
node/1619479145,Hotel Villa Prats,,Costa Rica,9.39099,-84.14587,medium,55,osm-costa-rica-hotel-focused-choice-cala-2026-05-20
node/1619481365,La Posada,,Costa Rica,9.3915017,-84.1458804,medium,55,osm-costa-rica-hotel-focused-choice-cala-2026-05-20
node/1619482225,Cabinas de ANEP,,Costa Rica,9.39144,-84.14605,medium,55,osm-costa-rica-hotel-focused-choice-cala-2026-05-20
node/1619493207,Hotel Vela Bar,,Costa Rica,9.39217,-84.14794,high,80,osm-costa-rica-hotel-focused-choice-cala-2026-05-20
node/1619494361,Costa Linda Backpackers,,Costa Rica,9.3921611,-84.1481855,high,80,osm-costa-rica-hotel-focused-choice-cala-2026-05-20
node/1619495130,Hotel Villa Bosque,,Costa Rica,9.3922516,-84.1474563,medium,55,osm-costa-rica-hotel-focused-choice-cala-2026-05-20
node/1619495507,Cabinas Espadilla,,Costa Rica,9.3918495,-84.1481466,medium,55,osm-costa-rica-hotel-focused-choice-cala-2026-05-20
node/1619498712,Cabinas Ramirez,,Costa Rica,9.3930615,-84.1508583,medium,55,osm-costa-rica-hotel-focused-choice-cala-2026-05-20
node/1619524927,Karahe,Playa Manuel Antonio,Costa Rica,9.3963041,-84.1539173,high,100,osm-costa-rica-hotel-focused-choice-cala-2026-05-20
node/1619593215,Casa Segunda Vida,,Costa Rica,9.4038239,-84.158291,medium,55,osm-costa-rica-hotel-focused-choice-cala-2026-05-20
node/1619630008,Loma del Mar Surf Club,,Costa Rica,9.58833,-84.58764,medium,55,osm-costa-rica-hotel-focused-choice-cala-2026-05-20
node/1619630649,Hotel Las Brisas Resort,Jacó,Costa Rica,9.5823882,-84.5931907,high,75,osm-costa-rica-hotel-focused-choice-cala-2026-05-20
node/1619640319,Cabinas Vista Hermosa,,Costa Rica,9.5753542,-84.6045045,medium,55,osm-costa-rica-hotel-focused-choice-cala-2026-05-20
node/1619640365,Cabinas Las Olas Playa Hermosa,,Costa Rica,9.5755578,-84.604789,medium,55,osm-costa-rica-hotel-focused-choice-cala-2026-05-20
node/1619640464,Cabinas Las Arenas,,Costa Rica,9.5759562,-84.6049555,medium,55,osm-costa-rica-hotel-focused-choice-cala-2026-05-20
node/1619640476,Hotel Outback Hermosa,,Costa Rica,9.5762676,-84.6052668,medium,55,osm-costa-rica-hotel-focused-choice-cala-2026-05-20
node/1619640601,Plaza Resort,,Costa Rica,9.5769523,-84.6067544,medium,55,osm-costa-rica-hotel-focused-choice-cala-2026-05-20
node/1619641017,Tortuga del Mar Lodge,,Costa Rica,9.5772086,-84.6073527,medium,55,osm-costa-rica-hotel-focused-choice-cala-2026-05-20
node/1619642131,Hotel Fuego del Sol,,Costa Rica,9.578191,-84.608853,medium,55,osm-costa-rica-hotel-focused-choice-cala-2026-05-20
node/1634640882,Cabinas Garro,,Costa Rica,9.9966114,-83.0388029,medium,55,osm-costa-rica-hotel-focused-choice-cala-2026-05-20
node/1642227784,Costa Coral,,Costa Rica,9.7197798,-85.0204268,medium,55,osm-costa-rica-hotel-focused-choice-cala-2026-05-20
node/1644290437,Eco-Hotel Arca de Noe,,Costa Rica,9.819637,-85.2991658,medium,55,osm-costa-rica-hotel-focused-choice-cala-2026-05-20
node/1644290450,Cabinas Rey,,Costa Rica,9.8023158,-85.2441974,medium,55,osm-costa-rica-hotel-focused-choice-cala-2026-05-20
node/1650639049,Hotel Los Sueños,Puerto Viejo,Costa Rica,9.6548104,-82.7550824,high,90,osm-costa-rica-hotel-focused-choice-cala-2026-05-20
node/1651821752,Bungalows CALALÚ,,Costa Rica,9.6579828,-82.7494002,medium,55,osm-costa-rica-hotel-focused-choice-cala-2026-05-20
node/1651825799,Cabinas & Caribbean House MOR,,Costa Rica,9.6562905,-82.7527317,medium,55,osm-costa-rica-hotel-focused-choice-cala-2026-05-20
node/1672105230,Las Mariposas,,Costa Rica,9.6446176,-82.7194702,high,70,osm-costa-rica-hotel-focused-choice-cala-2026-05-20
node/1681023399,Hotel Luisiana,,Costa Rica,9.9288163,-84.1886443,medium,55,osm-costa-rica-hotel-focused-choice-cala-2026-05-20
node/1713135578,Cabinas Karioli,,Costa Rica,10.1979087,-83.7817303,medium,55,osm-costa-rica-hotel-focused-choice-cala-2026-05-20
node/1718433790,Siloé Lodge,,Costa Rica,9.8698007,-83.6335995,high,70,osm-costa-rica-hotel-focused-choice-cala-2026-05-20
node/1718504337,Turrialtico Mountain Lodge,,Costa Rica,9.89435,-83.64003,medium,55,osm-costa-rica-hotel-focused-choice-cala-2026-05-20
node/1735933946,Hotel el Tunel,,Costa Rica,10.2147658,-83.7896327,medium,55,osm-costa-rica-hotel-focused-choice-cala-2026-05-20
node/1761891249,Posada Natura,,Costa Rica,9.4660628,-84.0578561,medium,55,osm-costa-rica-hotel-focused-choice-cala-2026-05-20
node/1775035099,Vista Los Volcanes,San Lorenzo,Costa Rica,10.0108013,-84.1484627,high,100,osm-costa-rica-hotel-focused-choice-cala-2026-05-20
node/1777353955,The Falls Resort at Manuel Antonio,,Costa Rica,9.4035163,-84.1529335,medium,55,osm-costa-rica-hotel-focused-choice-cala-2026-05-20
node/1790371658,Caribbean Secret,,Costa Rica,9.7345352,-82.8389535,high,70,osm-costa-rica-hotel-focused-choice-cala-2026-05-20
node/1804177125,Samara Palm Lodge,Sámara,Costa Rica,9.8829412,-85.5325601,high,75,osm-costa-rica-hotel-focused-choice-cala-2026-05-20
node/1804316402,Lodge Las Ranas,,Costa Rica,9.8854689,-85.540889,medium,55,osm-costa-rica-hotel-focused-choice-cala-2026-05-20
node/1804337754,Howler Cabinas,,Costa Rica,9.8837859,-85.5425564,medium,55,osm-costa-rica-hotel-focused-choice-cala-2026-05-20
node/1804337802,Casa de las Palmas,,Costa Rica,9.8853344,-85.5439351,medium,55,osm-costa-rica-hotel-focused-choice-cala-2026-05-20
node/1809856817,Casa Mariposa,,Costa Rica,9.4702856,-83.5848095,high,80,osm-costa-rica-hotel-focused-choice-cala-2026-05-20
node/1825260234,Dos Palmas La Garita,,Costa Rica,9.9877025,-84.3097805,medium,55,osm-costa-rica-hotel-focused-choice-cala-2026-05-20
node/1825271692,El Jardín,,Costa Rica,9.6552625,-85.0687735,medium,55,osm-costa-rica-hotel-focused-choice-cala-2026-05-20
node/1827064245,Laguna Lodge,,Costa Rica,10.5628727,-83.5134375,medium,55,osm-costa-rica-hotel-focused-choice-cala-2026-05-20
node/1827582074,Refugio del Sol,,Costa Rica,9.955869,-85.6724977,medium,55,osm-costa-rica-hotel-focused-choice-cala-2026-05-20
node/1858197650,Hotel Zima,,Costa Rica,9.3776533,-83.7026012,medium,55,osm-costa-rica-hotel-focused-choice-cala-2026-05-20
node/1858234919,Hotel Los Crestones,,Costa Rica,9.370637,-83.705014,medium,55,osm-costa-rica-hotel-focused-choice-cala-2026-05-20
node/1866856541,Pension Arenas,,Costa Rica,9.6537791,-85.0685663,medium,55,osm-costa-rica-hotel-focused-choice-cala-2026-05-20
node/1882568045,Laguna de Plata,,Costa Rica,10.0677394,-84.0926972,medium,55,osm-costa-rica-hotel-focused-choice-cala-2026-05-20
node/2023131941,Meli Melo,,Costa Rica,9.6416754,-85.1653574,medium,55,osm-costa-rica-hotel-focused-choice-cala-2026-05-20
node/2047432017,Arenas del Mar,,Costa Rica,9.3983422,-84.1606456,medium,55,osm-costa-rica-hotel-focused-choice-cala-2026-05-20
node/2047432018,Lost Iguana,,Costa Rica,10.4844674,-84.7554566,medium,55,osm-costa-rica-hotel-focused-choice-cala-2026-05-20
node/2098382351,Casa Rural Aroma de Campo,,Costa Rica,10.7298399,-85.3957951,high,80,osm-costa-rica-hotel-focused-choice-cala-2026-05-20
node/2099134556,All Rankins Eco Lodge,Tortuguero,Costa Rica,10.5651173,-83.5146068,high,100,osm-costa-rica-hotel-focused-choice-cala-2026-05-20
node/2101181184,Jaguar,Cahuita,Costa Rica,9.7428975,-82.8529793,high,100,osm-costa-rica-hotel-focused-choice-cala-2026-05-20
node/2107649538,Hemingway Inn,San José,Costa Rica,9.9376715,-84.074056,high,90,osm-costa-rica-hotel-focused-choice-cala-2026-05-20
node/2111682935,Tiquicia Lodge,,Costa Rica,10.1769659,-84.1581251,medium,55,osm-costa-rica-hotel-focused-choice-cala-2026-05-20
node/2118817130,Vista al Mar 'El Alemán',,Costa Rica,8.6929955,-83.6820885,high,70,osm-costa-rica-hotel-focused-choice-cala-2026-05-20
node/2118817200,Copa de Arbol,,Costa Rica,8.6933455,-83.6893787,medium,55,osm-costa-rica-hotel-focused-choice-cala-2026-05-20
node/2118817223,Corcovado Adventures,,Costa Rica,8.692867,-83.6924904,medium,55,osm-costa-rica-hotel-focused-choice-cala-2026-05-20
node/2118825474,Drake Bay Getaway,Drake bay,Costa Rica,8.6894168,-83.6703384,high,100,osm-costa-rica-hotel-focused-choice-cala-2026-05-20
node/2118833333,Hotel Pirate Cove,Bahía Drake,Costa Rica,8.6975852,-83.6537662,high,75,osm-costa-rica-hotel-focused-choice-cala-2026-05-20
node/2123735354,Arenal Oasis Eco Lodge,,Costa Rica,10.4609895,-84.6605911,medium,55,osm-costa-rica-hotel-focused-choice-cala-2026-05-20
node/2135513081,La Casona,,Costa Rica,9.9927226,-85.0673279,medium,55,osm-costa-rica-hotel-focused-choice-cala-2026-05-20
node/2155984246,Hotel Playa Garza,,Costa Rica,9.9106998,-85.6436389,medium,55,osm-costa-rica-hotel-focused-choice-cala-2026-05-20
node/2159791332,Vista Atenas Bed & Breakfast,,Costa Rica,9.9699197,-84.4051189,medium,55,osm-costa-rica-hotel-focused-choice-cala-2026-05-20
node/2209739960,Casa Botania,Linda Vista,Costa Rica,8.797197,-82.9553604,high,100,osm-costa-rica-hotel-focused-choice-cala-2026-05-20
node/2222930850,Apartamentos Atenas,,Costa Rica,9.9754507,-84.4095056,medium,55,osm-costa-rica-hotel-focused-choice-cala-2026-05-20
node/2240142613,Hotel Villas Arenas,Playa Hermosa,Costa Rica,10.5755125,-85.6744488,high,75,osm-costa-rica-hotel-focused-choice-cala-2026-05-20
node/2266566869,"Los Lagos - Hotel, Spa & Resort",,Costa Rica,10.4956766,-84.6874933,high,80,osm-costa-rica-hotel-focused-choice-cala-2026-05-20
node/2266582600,Totem Hotel Resort & Restaurant,,Costa Rica,9.6462422,-82.7322216,high,80,osm-costa-rica-hotel-focused-choice-cala-2026-05-20
node/2266582604,Apartotel Villas de Cariari,,Costa Rica,9.9732697,-84.1539935,medium,55,osm-costa-rica-hotel-focused-choice-cala-2026-05-20
node/2267861186,El Maragato,,Costa Rica,9.9341143,-84.077671,high,80,osm-costa-rica-hotel-focused-choice-cala-2026-05-20
node/2267880638,Hotel Selva Verde Lodge,,Costa Rica,10.4504922,-84.0693872,high,80,osm-costa-rica-hotel-focused-choice-cala-2026-05-20
node/2267889009,Flamingo Marina Resort,,Costa Rica,10.4403367,-85.7902525,high,80,osm-costa-rica-hotel-focused-choice-cala-2026-05-20
node/2267890565,Casa Camarona Lodge,,Costa Rica,9.6521348,-82.7517995,high,80,osm-costa-rica-hotel-focused-choice-cala-2026-05-20
node/2267893298,Hotel Villas del Caribe,,Costa Rica,9.6369565,-82.6972954,high,80,osm-costa-rica-hotel-focused-choice-cala-2026-05-20
node/2267916597,Rio Perlas Spa & Resort,,Costa Rica,9.7900443,-83.8508331,high,80,osm-costa-rica-hotel-focused-choice-cala-2026-05-20
node/2269493595,Hotel El Diamante,,Costa Rica,10.0141,-84.2002,medium,55,osm-costa-rica-hotel-focused-choice-cala-2026-05-20
node/2273044750,Hotel El Icaco,,Costa Rica,10.5394295,-83.5009948,medium,65,osm-costa-rica-hotel-focused-choice-cala-2026-05-20
node/2273132466,Cabañas Estación La Selva,,Costa Rica,10.4383459,-84.0076422,medium,55,osm-costa-rica-hotel-focused-choice-cala-2026-05-20
node/2315837340,Arenal Rossi,,Costa Rica,10.4681537,-84.6628824,medium,55,osm-costa-rica-hotel-focused-choice-cala-2026-05-20
node/2336701012,Jardines de Teresita,,Costa Rica,9.4093354,-84.1567901,medium,55,osm-costa-rica-hotel-focused-choice-cala-2026-05-20
node/2337123710,Finca Vibran Bed & Breakfast,,Costa Rica,10.1259559,-84.265823,high,70,osm-costa-rica-hotel-focused-choice-cala-2026-05-20
node/2340829219,Casa Zen,,Costa Rica,9.6353702,-85.1602061,medium,55,osm-costa-rica-hotel-focused-choice-cala-2026-05-20
node/2359433550,National Park Backpackers,,Costa Rica,9.3915571,-84.1460411,high,80,osm-costa-rica-hotel-focused-choice-cala-2026-05-20
node/2361936178,Hotel el Manzano,,Costa Rica,10.6239387,-84.5262183,medium,55,osm-costa-rica-hotel-focused-choice-cala-2026-05-20
node/2361936183,Cabinas y Balneario Santa Rosa,,Costa Rica,10.6215396,-84.5287973,medium,55,osm-costa-rica-hotel-focused-choice-cala-2026-05-20
node/2379099557,Casa Luna,,Costa Rica,10.4560923,-84.6559885,high,80,osm-costa-rica-hotel-focused-choice-cala-2026-05-20
node/2422285499,Cabinas El Ensueño,,Costa Rica,9.9710369,-84.7418363,medium,55,osm-costa-rica-hotel-focused-choice-cala-2026-05-20
node/2454766407,Hotel Javy,Liberia,Costa Rica,10.6415,-85.429,high,75,osm-costa-rica-hotel-focused-choice-cala-2026-05-20
node/2459649439,Don Goyo,Quesada,Costa Rica,10.3218721,-84.4315739,high,75,osm-costa-rica-hotel-focused-choice-cala-2026-05-20
node/2485106720,Hotel La Palapa Ecolodge Resort,,Costa Rica,9.3599821,-83.976586,high,80,osm-costa-rica-hotel-focused-choice-cala-2026-05-20
node/2513574582,Finca las Tilapias,,Costa Rica,10.1104703,-83.4914383,medium,55,osm-costa-rica-hotel-focused-choice-cala-2026-05-20
node/2514691006,El Baile de la Iguana Aparthotel,Manuel Antonio,Costa Rica,9.4096169,-84.1574269,high,100,osm-costa-rica-hotel-focused-choice-cala-2026-05-20
node/2515431648,Casa Pacifica,,Costa Rica,9.8687044,-85.5046307,medium,55,osm-costa-rica-hotel-focused-choice-cala-2026-05-20
node/2515864741,Suizo Loco Lodge,Cahuita,Costa Rica,9.7478346,-82.8615402,high,100,osm-costa-rica-hotel-focused-choice-cala-2026-05-20
node/2515864798,Hotel Caribbean Coconut,Cahuita,Costa Rica,9.7520404,-82.8637565,high,75,osm-costa-rica-hotel-focused-choice-cala-2026-05-20
node/2518621724,Canto de Ballena,,Costa Rica,9.1620709,-83.7454494,medium,55,osm-costa-rica-hotel-focused-choice-cala-2026-05-20
node/2525901764,Tenorio Lodge,,Costa Rica,10.7123709,-85.0716885,high,90,osm-costa-rica-hotel-focused-choice-cala-2026-05-20
node/2526046853,Celeste Mountain Lodge,,Costa Rica,10.7179139,-85.0250616,high,90,osm-costa-rica-hotel-focused-choice-cala-2026-05-20
node/2527262181,Rio Celeste Backpackers,,Costa Rica,10.7277425,-85.0636423,high,90,osm-costa-rica-hotel-focused-choice-cala-2026-05-20
node/2528233953,Plaza Royal Apartments,"Playa Santa Teresa, Cobano",Costa Rica,9.6356036,-85.1600125,high,100,osm-costa-rica-hotel-focused-choice-cala-2026-05-20
node/2529773533,Casacolores,,Costa Rica,9.6625741,-85.0758197,high,70,osm-costa-rica-hotel-focused-choice-cala-2026-05-20
node/2539344149,Cabinas Las Nubes,,Costa Rica,10.7312179,-85.0632865,medium,55,osm-costa-rica-hotel-focused-choice-cala-2026-05-20
node/2539344153,Cabinas Vista Miravalles,,Costa Rica,10.7296098,-85.0604076,medium,55,osm-costa-rica-hotel-focused-choice-cala-2026-05-20
node/2578994899,Rafiki Beach Camp,Savegre,Costa Rica,9.322419,-83.9668199,high,75,osm-costa-rica-hotel-focused-choice-cala-2026-05-20
node/2579003768,Dos Palmas,Savegre,Costa Rica,9.3220173,-83.9657588,high,75,osm-costa-rica-hotel-focused-choice-cala-2026-05-20
node/2581801474,Hotel Colonial,San José,Costa Rica,9.9314651,-84.07394,high,100,osm-costa-rica-hotel-focused-choice-cala-2026-05-20
node/2582764026,La Leona Eco-Lodge,,Costa Rica,8.4465565,-83.4791874,high,80,osm-costa-rica-hotel-focused-choice-cala-2026-05-20
node/2583887866,Cabinas Brigitte,Cahuita,Costa Rica,9.74156,-82.8515069,high,100,osm-costa-rica-hotel-focused-choice-cala-2026-05-20
node/2584379619,Sunshine,Cahuita,Costa Rica,9.7362209,-82.8398768,high,75,osm-costa-rica-hotel-focused-choice-cala-2026-05-20
node/2584569969,Cala Lodge,,Costa Rica,10.3117857,-84.8177097,medium,55,osm-costa-rica-hotel-focused-choice-cala-2026-05-20
node/2587345948,Cabinas Nany,,Costa Rica,10.4056673,-85.7954721,medium,55,osm-costa-rica-hotel-focused-choice-cala-2026-05-20
node/2594720151,Cabinas Nirvana,Cahuita,Costa Rica,9.740662,-82.8524033,high,90,osm-costa-rica-hotel-focused-choice-cala-2026-05-20
node/2597236340,Hotel La Sirena,,Costa Rica,9.5254596,-84.5063152,medium,55,osm-costa-rica-hotel-focused-choice-cala-2026-05-20
node/2597485130,Tirimbina Lodge,,Costa Rica,10.4167254,-84.1238281,medium,55,osm-costa-rica-hotel-focused-choice-cala-2026-05-20
node/2612652805,Bahia Azul,,Costa Rica,9.1580277,-83.7414385,medium,55,osm-costa-rica-hotel-focused-choice-cala-2026-05-20
node/2612671030,Cristal Ballena,Bahía Ballena,Costa Rica,9.1243297,-83.6975047,high,100,osm-costa-rica-hotel-focused-choice-cala-2026-05-20
node/2613450739,La Tropicale,,Costa Rica,9.866618,-85.4813138,medium,55,osm-costa-rica-hotel-focused-choice-cala-2026-05-20
node/2615662150,Punta Islita Villa- Casa Atardecer,,Costa Rica,9.8582627,-85.358135,high,90,osm-costa-rica-hotel-focused-choice-cala-2026-05-20
node/2622786698,Albergue El Socorro,,Costa Rica,10.268717,-84.1616346,high,70,osm-costa-rica-hotel-focused-choice-cala-2026-05-20
node/2641188265,Buena Vista Lodge and Adventure,Cañas Dulces,Costa Rica,10.797342,-85.4048902,high,100,osm-costa-rica-hotel-focused-choice-cala-2026-05-20
node/2641192478,Veragua River House,Sierpe,Costa Rica,8.8788037,-83.4706569,high,75,osm-costa-rica-hotel-focused-choice-cala-2026-05-20
node/2646016390,Hotel Casa Ramon,,Costa Rica,9.2076756,-83.8052,medium,55,osm-costa-rica-hotel-focused-choice-cala-2026-05-20
node/2657210996,Hotel La Boruca,,Costa Rica,10.0152147,-84.0150456,medium,55,osm-costa-rica-hotel-focused-choice-cala-2026-05-20
node/2657213671,El Escondite Zurqui Lodge,,Costa Rica,10.0103819,-84.0204595,medium,55,osm-costa-rica-hotel-focused-choice-cala-2026-05-20
node/2666411738,Las Tres Banderas,Manuel Antonio,Costa Rica,9.4148041,-84.1556063,high,75,osm-costa-rica-hotel-focused-choice-cala-2026-05-20
node/2671835749,Rara Avis Rainforest Lodge and Reserve,,Costa Rica,10.2814954,-84.0449662,medium,55,osm-costa-rica-hotel-focused-choice-cala-2026-05-20
node/2681280279,Casa Kitson House & Villa,,Costa Rica,9.9646309,-85.6767377,medium,55,osm-costa-rica-hotel-focused-choice-cala-2026-05-20
node/2681280295,Lagarta Lodge,,Costa Rica,9.9650482,-85.6762174,medium,55,osm-costa-rica-hotel-focused-choice-cala-2026-05-20
node/2685210178,Bruja Verde,,Costa Rica,10.2957768,-85.8375501,medium,55,osm-costa-rica-hotel-focused-choice-cala-2026-05-20
node/2715780265,Hostal 4You,,Costa Rica,9.951417,-85.6671957,high,90,osm-costa-rica-hotel-focused-choice-cala-2026-05-20
node/2715795380,Hotel Casa Verde,,Costa Rica,9.950629,-85.6694552,medium,55,osm-costa-rica-hotel-focused-choice-cala-2026-05-20
node/2715795384,Kaya Sol Surf Hotel,,Costa Rica,9.9486404,-85.6702643,medium,55,osm-costa-rica-hotel-focused-choice-cala-2026-05-20
node/2715795388,Living Hotel,,Costa Rica,9.9500529,-85.6700756,medium,55,osm-costa-rica-hotel-focused-choice-cala-2026-05-20
node/2715812920,Punta Mona,,Costa Rica,9.6237694,-82.6200122,high,70,osm-costa-rica-hotel-focused-choice-cala-2026-05-20
node/2715989833,Finca Köbö,,Costa Rica,8.6059257,-83.4440178,medium,55,osm-costa-rica-hotel-focused-choice-cala-2026-05-20
node/2741461258,Reserva Biológica Bosque Nuboso Monteverde,Monte Verde,Costa Rica,10.302472,-84.7953615,high,75,osm-costa-rica-hotel-focused-choice-cala-2026-05-20
node/2746772928,Hotel Bambu Beach,,Costa Rica,9.1530811,-83.7360361,medium,55,osm-costa-rica-hotel-focused-choice-cala-2026-05-20
node/2746772939,Cabinas Esmo,,Costa Rica,9.151636,-83.7347007,medium,55,osm-costa-rica-hotel-focused-choice-cala-2026-05-20
node/2782683618,Finca Exotica Eco Lodge,,Costa Rica,8.4412973,-83.4544561,medium,55,osm-costa-rica-hotel-focused-choice-cala-2026-05-20
node/2791677306,Jaco Lodge,,Costa Rica,9.609607,-84.6188673,medium,55,osm-costa-rica-hotel-focused-choice-cala-2026-05-20
node/2807625474,"Harry's, El Escondite",,Costa Rica,10.292904,-85.8394995,high,80,osm-costa-rica-hotel-focused-choice-cala-2026-05-20
node/2832329445,El Castillo,Ojochal,Costa Rica,9.069767,-83.6527825,high,90,osm-costa-rica-hotel-focused-choice-cala-2026-05-20
node/2832329446,Hotel Diquis Del Sur,,Costa Rica,9.0784745,-83.6459938,high,80,osm-costa-rica-hotel-focused-choice-cala-2026-05-20
node/2837668438,Hotel Blue Conga,Puerto Viejo de Talamanca,Costa Rica,9.6563914,-82.7454319,high,100,osm-costa-rica-hotel-focused-choice-cala-2026-05-20
node/2851273524,Hospedaje El Ceibo,,Costa Rica,8.5585002,-83.336035,medium,65,osm-costa-rica-hotel-focused-choice-cala-2026-05-20
node/2872974750,Hotel Fortuna Verde,Ciudad Neily,Costa Rica,8.6443343,-82.9647158,high,75,osm-costa-rica-hotel-focused-choice-cala-2026-05-20
node/2910147293,Cabinas Paisajes del Tortuguero,,Costa Rica,10.5431396,-83.5027049,medium,55,osm-costa-rica-hotel-focused-choice-cala-2026-05-20
node/2924055726,Cabinas Yamann,,Costa Rica,9.6315829,-82.6582339,medium,55,osm-costa-rica-hotel-focused-choice-cala-2026-05-20
node/2974426437,Danta Corcovado Lodge,,Costa Rica,8.6214885,-83.4771653,medium,55,osm-costa-rica-hotel-focused-choice-cala-2026-05-20
node/2989533198,Cabinas Don Carlos,,Costa Rica,10.550137,-85.698392,medium,55,osm-costa-rica-hotel-focused-choice-cala-2026-05-20
node/2989547651,Manakin Lodge,,Costa Rica,10.312694,-84.8165825,medium,55,osm-costa-rica-hotel-focused-choice-cala-2026-05-20
node/2995455560,B&B Don Diego,,Costa Rica,9.8828185,-85.5297538,medium,55,osm-costa-rica-hotel-focused-choice-cala-2026-05-20
node/3045771533,Eden Tica Lodge,,Costa Rica,9.1632424,-83.7223595,medium,55,osm-costa-rica-hotel-focused-choice-cala-2026-05-20
node/3094863187,Drake Bay Wilderness Resort,,Costa Rica,8.6951878,-83.6736824,high,80,osm-costa-rica-hotel-focused-choice-cala-2026-05-20
node/3171540043,La Posada,,Costa Rica,9.8668511,-85.4813868,medium,55,osm-costa-rica-hotel-focused-choice-cala-2026-05-20
node/3205496489,Hotel Maria Teresa,,Costa Rica,9.4331838,-84.1614876,medium,55,osm-costa-rica-hotel-focused-choice-cala-2026-05-20
node/3226733673,Ocean View Chalet Rentals,,Costa Rica,9.4087206,-84.1569996,medium,55,osm-costa-rica-hotel-focused-choice-cala-2026-05-20
node/3247914025,Casa chiquita,,Costa Rica,9.6367003,-82.7099847,medium,55,osm-costa-rica-hotel-focused-choice-cala-2026-05-20
node/3252200240,Habitaciones Rosita,,Costa Rica,9.1646975,-83.3332926,medium,65,osm-costa-rica-hotel-focused-choice-cala-2026-05-20
node/3263396744,Hotel Cañas,,Costa Rica,10.4272787,-85.092715,medium,55,osm-costa-rica-hotel-focused-choice-cala-2026-05-20
node/3268326244,Marea Brava Resort Hotel,,Costa Rica,9.5783407,-84.6092717,medium,55,osm-costa-rica-hotel-focused-choice-cala-2026-05-20
node/3268368303,Siempre Joven B&B,,Costa Rica,9.960352,-84.4411409,medium,55,osm-costa-rica-hotel-focused-choice-cala-2026-05-20
node/3286296249,Coral Hill Bungalows,,Costa Rica,9.741196,-82.8532781,high,90,osm-costa-rica-hotel-focused-choice-cala-2026-05-20
node/3301203361,Albergue Amapala,,Costa Rica,10.2637447,-84.8082909,medium,55,osm-costa-rica-hotel-focused-choice-cala-2026-05-20
node/3301252847,Finca Ardilla,,Costa Rica,9.6204604,-82.7352903,medium,55,osm-costa-rica-hotel-focused-choice-cala-2026-05-20
node/3340187588,Cabinas de Melvin,,Costa Rica,9.995742,-85.7017687,medium,55,osm-costa-rica-hotel-focused-choice-cala-2026-05-20
node/3372192275,Rana Roja Lodge,Pococi,Costa Rica,10.5429306,-83.5128896,high,100,osm-costa-rica-hotel-focused-choice-cala-2026-05-20
node/3380568448,Vista al Mar,,Costa Rica,10.5952849,-83.5260674,medium,55,osm-costa-rica-hotel-focused-choice-cala-2026-05-20
node/3380572341,Turtle Beach Lodge,,Costa Rica,10.6051585,-83.529588,medium,55,osm-costa-rica-hotel-focused-choice-cala-2026-05-20
node/3380572355,Balcon del Mar,,Costa Rica,10.5389344,-83.5006663,medium,55,osm-costa-rica-hotel-focused-choice-cala-2026-05-20
node/3380572780,Sunset Rooms,,Costa Rica,10.5439979,-83.503925,medium,55,osm-costa-rica-hotel-focused-choice-cala-2026-05-20
node/3380574865,Hotel Casablanca Tortuguero,,Costa Rica,10.5421062,-83.5029491,medium,55,osm-costa-rica-hotel-focused-choice-cala-2026-05-20
node/3403003721,Marfi Inn,,Costa Rica,9.7372582,-82.8415218,medium,55,osm-costa-rica-hotel-focused-choice-cala-2026-05-20
node/3404126910,Miriams Place,,Costa Rica,8.6902703,-83.6623158,medium,55,osm-costa-rica-hotel-focused-choice-cala-2026-05-20
node/3406965716,San Bada,Manuel Antonio,Costa Rica,9.3902086,-84.1457201,high,100,osm-costa-rica-hotel-focused-choice-cala-2026-05-20
node/3415411993,Pension La Provincia,Oriental,Costa Rica,9.8601564,-83.9183892,high,75,osm-costa-rica-hotel-focused-choice-cala-2026-05-20
node/3420599593,Avion 727,,Costa Rica,9.3985051,-84.1538152,medium,55,osm-costa-rica-hotel-focused-choice-cala-2026-05-20
node/3423893530,Hotel Marakabú,Upala,Costa Rica,10.8963838,-85.0163531,high,75,osm-costa-rica-hotel-focused-choice-cala-2026-05-20
node/3426004449,Villa Malinche,,Costa Rica,9.4197422,-84.1644468,medium,65,osm-costa-rica-hotel-focused-choice-cala-2026-05-20
node/3437766787,Aiyana Lodge,Puerto Viejo de Talamanca,Costa Rica,9.6564372,-82.7461056,high,75,osm-costa-rica-hotel-focused-choice-cala-2026-05-20
node/3452189320,Arenal Green,,Costa Rica,10.4574128,-84.651268,high,80,osm-costa-rica-hotel-focused-choice-cala-2026-05-20
node/3458278963,Hostal Urbano,,Costa Rica,9.9332392,-84.0528836,high,70,osm-costa-rica-hotel-focused-choice-cala-2026-05-20
node/3462544842,Jazzy's River House Vacation Rental,Dominical,CR,9.2557465,-83.8642372,high,100,osm-costa-rica-hotel-focused-choice-cala-2026-05-20
node/3475511118,Hotel La Garza,,Costa Rica,10.4232565,-84.4706512,medium,55,osm-costa-rica-hotel-focused-choice-cala-2026-05-20
node/3501236931,La Tigra Rainforest Lodge,,Costa Rica,10.309223,-84.5891752,high,90,osm-costa-rica-hotel-focused-choice-cala-2026-05-20
node/3504757831,Costa Rica Backpackers,San José,Costa Rica,9.9310321,-84.0685851,high,100,osm-costa-rica-hotel-focused-choice-cala-2026-05-20
node/3512657158,Tango Mar,,Costa Rica,9.6882307,-85.0177907,high,80,osm-costa-rica-hotel-focused-choice-cala-2026-05-20
node/3531776380,Casa Cielo Volcano View Retreat,,Costa Rica,10.5321523,-84.6631427,medium,55,osm-costa-rica-hotel-focused-choice-cala-2026-05-20
node/3531778139,The Springs Resort and Spa,,Costa Rica,10.5190961,-84.6882617,medium,55,osm-costa-rica-hotel-focused-choice-cala-2026-05-20
node/3531778320,Leaves and Lizards Arenal Volcano Retreat,,Costa Rica,10.5319835,-84.6615871,medium,60,osm-costa-rica-hotel-focused-choice-cala-2026-05-20
node/3563994244,Las Palmas,,Costa Rica,10.371928,-84.4401708,medium,55,osm-costa-rica-hotel-focused-choice-cala-2026-05-20
node/3604269962,Cabañas Vara Blanca,Varablanca,Costa Rica,10.157549,-84.1551696,high,75,osm-costa-rica-hotel-focused-choice-cala-2026-05-20
node/3604269964,Poas Volcano Lodge,,Costa Rica,10.162087,-84.1587797,medium,55,osm-costa-rica-hotel-focused-choice-cala-2026-05-20
node/3644735824,Villas de La Colina,,Costa Rica,9.9858389,-84.4108089,medium,55,osm-costa-rica-hotel-focused-choice-cala-2026-05-20
node/3653108349,La Cima del Cielo,San José,Costa Rica,9.9130535,-84.0855411,high,75,osm-costa-rica-hotel-focused-choice-cala-2026-05-20
node/3666664662,Casitas Tenorio,Bijagua de Upala,Costa Rica,10.7199815,-85.0422481,high,100,osm-costa-rica-hotel-focused-choice-cala-2026-05-20
node/3680274792,Condominio Crystal Sands,Tamarindo,Costa Rica,10.2928569,-85.8522985,high,75,osm-costa-rica-hotel-focused-choice-cala-2026-05-20
node/3692717472,Poco Cielo Resort,Jesús,Costa Rica,9.9757637,-84.4068959,high,75,osm-costa-rica-hotel-focused-choice-cala-2026-05-20
node/3692719273,Barons Resort,,Costa Rica,9.9684589,-84.4055176,medium,55,osm-costa-rica-hotel-focused-choice-cala-2026-05-20
node/3712804607,Hotel Heliconias,,Costa Rica,10.3733181,-84.5876059,high,85,osm-costa-rica-hotel-focused-choice-cala-2026-05-20
node/3731054277,Hostel del Mar,,Costa Rica,8.6055976,-83.135905,medium,55,osm-costa-rica-hotel-focused-choice-cala-2026-05-20
node/3768246393,La Corona de los Santos,,Costa Rica,9.7182327,-84.0247544,high,80,osm-costa-rica-hotel-focused-choice-cala-2026-05-20
node/3771002841,Villas Mastatal Eco Lodge,,Costa Rica,9.6821124,-84.3653917,high,70,osm-costa-rica-hotel-focused-choice-cala-2026-05-20
node/3783330471,Hostel Matilori,,Costa Rica,9.8826688,-85.5263669,medium,55,osm-costa-rica-hotel-focused-choice-cala-2026-05-20
node/3814064699,Hotel Casa Tago,Alajuela,Costa Rica,10.0161343,-84.2109206,high,75,osm-costa-rica-hotel-focused-choice-cala-2026-05-20
node/3816001009,Hotel M&M Garden House,Playas del Coco,Costa Rica,10.5520486,-85.6944015,high,75,osm-costa-rica-hotel-focused-choice-cala-2026-05-20
node/3816380470,Hotel Del Río,Liberia,CR,10.6286632,-85.4524765,high,75,osm-costa-rica-hotel-focused-choice-cala-2026-05-20
node/3818029179,Charly's Place,,Costa Rica,10.0185978,-84.2144735,medium,55,osm-costa-rica-hotel-focused-choice-cala-2026-05-20
node/3818029180,El Tucán,,Costa Rica,10.018611,-84.2144199,medium,55,osm-costa-rica-hotel-focused-choice-cala-2026-05-20
node/3818042919,Paradise,,Costa Rica,10.0189518,-84.2127045,medium,55,osm-costa-rica-hotel-focused-choice-cala-2026-05-20
node/3825605009,Hotel El Descanso,Paso Canoas,Costa Rica,8.5320381,-82.8413405,high,75,osm-costa-rica-hotel-focused-choice-cala-2026-05-20
node/3825605105,Cabinas Tania,,Costa Rica,8.5323247,-82.8411075,medium,55,osm-costa-rica-hotel-focused-choice-cala-2026-05-20
node/3825605111,Hotel Real Victoria,,Costa Rica,8.5321861,-82.8399056,medium,65,osm-costa-rica-hotel-focused-choice-cala-2026-05-20
node/3843531079,Cabinas Casa Luna,,Costa Rica,10.089412,-85.7656558,medium,55,osm-costa-rica-hotel-focused-choice-cala-2026-05-20
node/3859905363,Hotel Bolaños Bay,La Cruz,Costa Rica,11.0422374,-85.7233312,high,75,osm-costa-rica-hotel-focused-choice-cala-2026-05-20
node/3881929636,Hotel Luna Park,,Costa Rica,10.0664812,-83.3650603,medium,55,osm-costa-rica-hotel-focused-choice-cala-2026-05-20
node/3881955886,Cabinas Paraiso,,Costa Rica,9.9949064,-83.1614325,medium,55,osm-costa-rica-hotel-focused-choice-cala-2026-05-20
node/3882098172,Hotel Manatí,Limón,Costa Rica,9.9984615,-83.0845815,high,75,osm-costa-rica-hotel-focused-choice-cala-2026-05-20
node/3882190588,Hotel El Colibrí Rojo,Cahuita,Costa Rica,9.7156989,-82.8247809,high,100,osm-costa-rica-hotel-focused-choice-cala-2026-05-20
node/3882190589,Costa Azul Lodge,,Costa Rica,9.6991809,-82.8152487,medium,55,osm-costa-rica-hotel-focused-choice-cala-2026-05-20
node/3882197700,Hotel Puerto Vargas Lodge,,Costa Rica,9.6871084,-82.8117177,medium,55,osm-costa-rica-hotel-focused-choice-cala-2026-05-20
node/3882236337,Hotel Hawa,,Costa Rica,9.6473518,-82.7816296,medium,55,osm-costa-rica-hotel-focused-choice-cala-2026-05-20
node/3882236338,Kinawe Cabinas,,Costa Rica,9.648193,-82.7777331,medium,55,osm-costa-rica-hotel-focused-choice-cala-2026-05-20
node/3882236339,Cabinas WB,,Costa Rica,9.6536799,-82.7671737,medium,55,osm-costa-rica-hotel-focused-choice-cala-2026-05-20
node/3882282629,Sè Uà B&B Adventure House,,Costa Rica,9.6265024,-82.6686416,medium,55,osm-costa-rica-hotel-focused-choice-cala-2026-05-20
node/3882675597,Cabinas Del Rio,,Costa Rica,9.8449483,-83.8485541,medium,55,osm-costa-rica-hotel-focused-choice-cala-2026-05-20
node/3882675599,Cabinas,,Costa Rica,9.8452428,-83.8630989,medium,55,osm-costa-rica-hotel-focused-choice-cala-2026-05-20
node/3883331606,Hotel Tapantí,,Costa Rica,9.6787996,-83.8927713,medium,55,osm-costa-rica-hotel-focused-choice-cala-2026-05-20
node/3883331612,Cabinas Mirador De Quetzales,,Costa Rica,9.6435898,-83.849844,medium,55,osm-costa-rica-hotel-focused-choice-cala-2026-05-20
node/3883896000,Costa Pacífica Hotel,Parrita,Costa Rica,9.5314764,-84.498239,high,75,osm-costa-rica-hotel-focused-choice-cala-2026-05-20
node/3884008620,Hotel Rest Costa Del Sol,,Costa Rica,9.924228,-84.7094722,medium,55,osm-costa-rica-hotel-focused-choice-cala-2026-05-20
node/3886072753,Cabinas Angélica,Belén,Costa Rica,10.4329137,-85.5664896,high,75,osm-costa-rica-hotel-focused-choice-cala-2026-05-20
node/3886298198,Cabinas San Francisco,,Costa Rica,10.2684498,-85.741803,medium,55,osm-costa-rica-hotel-focused-choice-cala-2026-05-20
node/3899150058,Playa Naranjo Inn,Paquera,Costa Rica,9.9386469,-84.9706344,high,75,osm-costa-rica-hotel-focused-choice-cala-2026-05-20
node/3899882756,Oasi Apartments,Cahuita,Costa Rica,9.7344458,-82.8409482,high,100,osm-costa-rica-hotel-focused-choice-cala-2026-05-20
node/3908275610,1 pipe house,,Costa Rica,10.3135858,-85.8385092,medium,55,osm-costa-rica-hotel-focused-choice-cala-2026-05-20
node/3931443590,Cabinas Las Cuadras,,Costa Rica,9.80903,-83.95203,medium,55,osm-costa-rica-hotel-focused-choice-cala-2026-05-20
node/3933365559,La Carolina.,,Costa Rica,10.4108331,-85.7865497,medium,55,osm-costa-rica-hotel-focused-choice-cala-2026-05-20
node/3934220836,Centro Turistico Kapazuri,,Costa Rica,10.4436926,-85.1106611,medium,55,osm-costa-rica-hotel-focused-choice-cala-2026-05-20
node/3934285749,Hotel Laguna,,Costa Rica,10.4795432,-85.196404,medium,55,osm-costa-rica-hotel-focused-choice-cala-2026-05-20
node/3939481797,Cabinas Las Brisas,,Costa Rica,10.7192181,-85.2117971,medium,55,osm-costa-rica-hotel-focused-choice-cala-2026-05-20
node/3940613252,Tortuguero Natual B&B,,Costa Rica,10.5401447,-83.5020319,medium,55,osm-costa-rica-hotel-focused-choice-cala-2026-05-20
node/3940613254,Nest Hotel,,Costa Rica,9.9219055,-84.1290109,medium,55,osm-costa-rica-hotel-focused-choice-cala-2026-05-20
node/3944854855,Backpacker's Hostel,,Costa Rica,10.5494065,-85.6964958,medium,55,osm-costa-rica-hotel-focused-choice-cala-2026-05-20
node/3945051983,Hotel Chico,Alajuela,Costa Rica,10.0150655,-84.2178944,high,75,osm-costa-rica-hotel-focused-choice-cala-2026-05-20
node/3946802322,Rio Drake Farm,,Costa Rica,8.7184103,-83.6443617,medium,55,osm-costa-rica-hotel-focused-choice-cala-2026-05-20
node/3946849974,B&B Jardín García,,Costa Rica,10.0797095,-84.2882331,medium,55,osm-costa-rica-hotel-focused-choice-cala-2026-05-20
node/3979919304,La Villa Río Segundo,Río Segundo,Costa Rica,10.0036453,-84.1804445,high,75,osm-costa-rica-hotel-focused-choice-cala-2026-05-20
node/3980089674,Hotel Angels,,Costa Rica,9.9317317,-84.0680421,medium,55,osm-costa-rica-hotel-focused-choice-cala-2026-05-20
node/3982520157,A Palapa Hotel,Santa Cruz,Costa Rica,10.299171,-85.841884,high,100,osm-costa-rica-hotel-focused-choice-cala-2026-05-20
node/3982520158,Abril Hostel,San Jose,Costa Rica,9.9329927,-84.0655029,high,75,osm-costa-rica-hotel-focused-choice-cala-2026-05-20
node/3982520159,Adventure Inn,Heredia,Costa Rica,9.9736284,-84.1511539,high,100,osm-costa-rica-hotel-focused-choice-cala-2026-05-20
node/3982520161,Agua Dulce Beach Resort,Golfito,Costa Rica,8.5132114,-83.290857,high,100,osm-costa-rica-hotel-focused-choice-cala-2026-05-20
node/3982520162,Agua Inn,Tilaran,Costa Rica,10.5529157,-84.9032075,high,85,osm-costa-rica-hotel-focused-choice-cala-2026-05-20
node/3982520163,Agua Vista,Montezuma,Costa Rica,9.6552587,-85.0767692,high,100,osm-costa-rica-hotel-focused-choice-cala-2026-05-20
node/3982520165,Águila de Osa,Osa,Costa Rica,8.6940975,-83.6732019,high,100,osm-costa-rica-hotel-focused-choice-cala-2026-05-20
node/3982520166,Alameda Cariari Hotel,Belen,Costa Rica,9.9766873,-84.1603287,high,75,osm-costa-rica-hotel-focused-choice-cala-2026-05-20
node/3982520168,Albergue Costa Linda,Manuel Antonio,Costa Rica,9.392078,-84.1481779,high,85,osm-costa-rica-hotel-focused-choice-cala-2026-05-20
node/3982520169,Albergue Ecoturistico La Catarata,San Ramon,Costa Rica,10.4554257,-84.6608305,high,85,osm-costa-rica-hotel-focused-choice-cala-2026-05-20
node/3982520170,Albergue Heliconias,Upala,Costa Rica,10.938495,-85.007172,high,75,osm-costa-rica-hotel-focused-choice-cala-2026-05-20
node/3982520173,Albergue Pozo Verde,Alfaro Ruiz,Costa Rica,10.2569163,-84.3759909,high,75,osm-costa-rica-hotel-focused-choice-cala-2026-05-20
node/3982520174,Alby Lodge,Talamanca,Costa Rica,9.734938,-82.839599,high,85,osm-costa-rica-hotel-focused-choice-cala-2026-05-20
node/3982520175,Aldea Hostel,San Jose,Costa Rica,9.9345892,-84.0919785,high,100,osm-costa-rica-hotel-focused-choice-cala-2026-05-20
node/3982520177,Iguana Libre,Aguirre,Costa Rica,9.2931723,-83.8966583,high,90,osm-costa-rica-hotel-focused-choice-cala-2026-05-20
node/3982520187,America Hotel,San Jose,Costa Rica,9.9376943,-84.0803723,high,100,osm-costa-rica-hotel-focused-choice-cala-2026-05-20
node/3982520188,Anamaya Resort,Montezuma,Costa Rica,9.6513424,-85.0733777,high,100,osm-costa-rica-hotel-focused-choice-cala-2026-05-20
node/3982520189,Andaz Papagayo,Nacascolo,Costa Rica,10.6422019,-85.6594806,high,100,osm-costa-rica-hotel-focused-choice-cala-2026-05-20
node/3982520191,Anhinga Hotel & Spa,Pococi,Costa Rica,10.5508607,-83.5112572,high,75,osm-costa-rica-hotel-focused-choice-cala-2026-05-20
node/3982520193,Apart-hotel Roma,Heredia,Costa Rica,10.0027992,-84.1078077,high,100,osm-costa-rica-hotel-focused-choice-cala-2026-05-20
node/3982520194,Apartamento Angela,Talamanca,Costa Rica,9.7374196,-82.839046,high,75,osm-costa-rica-hotel-focused-choice-cala-2026-05-20
node/3982520195,Apartamentos Herrera Puerto Jimenez,Golfito,Costa Rica,8.5348333,-83.3045278,high,75,osm-costa-rica-hotel-focused-choice-cala-2026-05-20
node/3982520199,Apartotel Chocolate,Santa Cruz,Costa Rica,10.2961408,-85.8380673,high,100,osm-costa-rica-hotel-focused-choice-cala-2026-05-20
node/3982520204,Apartotel Montebello Beach,Tamarindo,Costa Rica,10.2990948,-85.8385897,high,75,osm-costa-rica-hotel-focused-choice-cala-2026-05-20
node/3982520205,Apartotel Obelisco,Belen,Costa Rica,9.9738331,-84.1628137,high,75,osm-costa-rica-hotel-focused-choice-cala-2026-05-20
node/3982520209,Ara Ambigua,Sarapiqui,Costa Rica,10.5819924,-84.0336088,high,75,osm-costa-rica-hotel-focused-choice-cala-2026-05-20
node/3982520210,Ara Macao Inn,San Jose,Costa Rica,9.9319848,-84.0673886,high,85,osm-costa-rica-hotel-focused-choice-cala-2026-05-20
node/3982520214,Arco Iris,Santa Cruz,Costa Rica,10.2957324,-85.8397277,high,100,osm-costa-rica-hotel-focused-choice-cala-2026-05-20
node/3982520215,Arcoiris Hotel,Nicoya,Costa Rica,9.9388379,-85.6547091,high,75,osm-costa-rica-hotel-focused-choice-cala-2026-05-20
node/3982520219,Arenal Bromelias,San Carlos,Costa Rica,10.509417,-84.640274,high,75,osm-costa-rica-hotel-focused-choice-cala-2026-05-20
node/3982520221,Arenal Country Inn,San Carlos,Costa Rica,10.514818,-84.647141,high,75,osm-costa-rica-hotel-focused-choice-cala-2026-05-20
node/3982520225,Arenal Lodge,San Carlos,Costa Rica,10.4939616,-84.7671775,high,100,osm-costa-rica-hotel-focused-choice-cala-2026-05-20
node/3982520228,Arenal Nayara Hotel And Gardens,San Carlos,Costa Rica,10.5031933,-84.6874109,high,100,osm-costa-rica-hotel-focused-choice-cala-2026-05-20
node/3982520230,Arenal Observatory Lodge,San Ramon,Costa Rica,10.4378203,-84.7101599,high,100,osm-costa-rica-hotel-focused-choice-cala-2026-05-20
node/3982520237,Arenal Vista Lodge,Tilaran,Costa Rica,10.4362999,-84.783278,high,100,osm-costa-rica-hotel-focused-choice-cala-2026-05-20
node/3982520239,Arenal Volcano Inn,San Carlos,Costa Rica,10.49555,-84.68777,high,90,osm-costa-rica-hotel-focused-choice-cala-2026-05-20
node/3982520240,Arenas De Osa Lodge,Golfito,Costa Rica,8.531342,-83.3081296,high,85,osm-costa-rica-hotel-focused-choice-cala-2026-05-20
node/3982520241,Arenas Del Mar,Manuel Antonio,Costa Rica,9.398708,-84.1616804,high,100,osm-costa-rica-hotel-focused-choice-cala-2026-05-20
node/3982520244,Atlantida Cahuita Logde,Cahuita,Costa Rica,9.7402473,-82.8493771,high,100,osm-costa-rica-hotel-focused-choice-cala-2026-05-20
node/3982520245,Atrapasuenos Hotel & Restaurant,Malpais,Costa Rica,9.632414,-85.155922,high,75,osm-costa-rica-hotel-focused-choice-cala-2026-05-20
node/3982520246,Aurora,Montezuma,Costa Rica,9.6553858,-85.0683795,high,85,osm-costa-rica-hotel-focused-choice-cala-2026-05-20
node/3982520249,Ave Del Paraiso,Montes de Oca,Costa Rica,9.9378261,-84.0539644,high,100,osm-costa-rica-hotel-focused-choice-cala-2026-05-20
node/3982520250,Azania Bungalow,Talamanca,Costa Rica,9.6497813,-82.7377092,high,100,osm-costa-rica-hotel-focused-choice-cala-2026-05-20
node/3982520251,Azania Bungalows,Puerto Viejo,Costa Rica,9.65031,-82.73703,high,75,osm-costa-rica-hotel-focused-choice-cala-2026-05-20
node/3982520252,Azul Ocean Club,Santa Cruz,Costa Rica,10.0541075,-85.7538486,high,100,osm-costa-rica-hotel-focused-choice-cala-2026-05-20
node/3982520254,B&b Entre Dos Aguas,Nicoya,Costa Rica,9.8845477,-85.527641,high,100,osm-costa-rica-hotel-focused-choice-cala-2026-05-20
node/3982520255,B&b La Casita,Nicoya,Costa Rica,10.1656536,-85.3797534,high,75,osm-costa-rica-hotel-focused-choice-cala-2026-05-20
node/3982520256,B&B Los Ángeles,Cartago,Costa Rica,9.86479,-83.913698,high,100,osm-costa-rica-hotel-focused-choice-cala-2026-05-20
node/3982520757,B&j Cabinas,Uvita,Costa Rica,9.1779083,-83.7424193,high,100,osm-costa-rica-hotel-focused-choice-cala-2026-05-20
node/3982520759,Backcountry.com,Santa Ana,Costa Rica,9.9537903,-84.1950602,high,75,osm-costa-rica-hotel-focused-choice-cala-2026-05-20
node/3982520762,Backpackers Getaway,Quepos,Costa Rica,9.430661,-84.1622939,high,75,osm-costa-rica-hotel-focused-choice-cala-2026-05-20
node/3982520763,Backyard Hotel,Garabito,Costa Rica,9.574894,-84.6038386,high,100,osm-costa-rica-hotel-focused-choice-cala-2026-05-20
node/3982520766,Hotel Bahía Del Sol,,Costa Rica,10.4472267,-85.7722319,high,80,osm-costa-rica-hotel-focused-choice-cala-2026-05-20
node/3982520767,Bahia Langosta Villas,Santa Cruz,Costa Rica,10.2878845,-85.8509062,high,100,osm-costa-rica-hotel-focused-choice-cala-2026-05-20
node/3982520769,Ecoglide Arenal Park,San Carlos,Costa Rica,10.4752742,-84.6769524,high,100,osm-costa-rica-hotel-focused-choice-cala-2026-05-20
node/3982520770,Bambu Beach Hostel,Uvita,Costa Rica,9.1521961,-83.7362441,high,100,osm-costa-rica-hotel-focused-choice-cala-2026-05-20
node/3982520771,Banana Tree,Manuel Antonio,Costa Rica,9.4014832,-84.1527486,high,75,osm-costa-rica-hotel-focused-choice-cala-2026-05-20
node/3982520772,Bananero La Colonia,Sarapiqui,Costa Rica,10.4574757,-83.9889365,high,75,osm-costa-rica-hotel-focused-choice-cala-2026-05-20
node/3982520775,Hotel Barceló Playa Tambor,Paquera,Costa Rica,9.7345956,-85.0168973,high,75,osm-costa-rica-hotel-focused-choice-cala-2026-05-20
node/3982520776,Beach Break Hotel,Malpais,Costa Rica,9.640526,-85.164346,high,90,osm-costa-rica-hotel-focused-choice-cala-2026-05-20
node/3982520777,Beach Hut,Puerto Viejo,Costa Rica,9.6577326,-82.752862,high,85,osm-costa-rica-hotel-focused-choice-cala-2026-05-20
node/3982520778,Beachfront Cabinas,Malpais,Costa Rica,9.65116,-85.175779,high,75,osm-costa-rica-hotel-focused-choice-cala-2026-05-20
node/3982520780,Beacon Escazu Boutique,Escazu,Costa Rica,9.9287572,-84.1412633,high,75,osm-costa-rica-hotel-focused-choice-cala-2026-05-20
node/3982520784,Bella Vista Ranch Lodge,Osa,Costa Rica,9.2315605,-83.8269397,high,100,osm-costa-rica-hotel-focused-choice-cala-2026-05-20
node/3982520786,Belle Fleur,Cahuita,Costa Rica,9.7367171,-82.8397185,high,100,osm-costa-rica-hotel-focused-choice-cala-2026-05-20
node/3982520790,Bermo Hotel,Perez Zeledon,Costa Rica,9.3850943,-83.7043955,high,75,osm-costa-rica-hotel-focused-choice-cala-2026-05-20
node/3982520791,Beso del Viento,Parrita,Costa Rica,9.4894667,-84.314603,high,75,osm-costa-rica-hotel-focused-choice-cala-2026-05-20
node/3982520801,Blue Palms,Jaco,Costa Rica,9.616903,-84.6245728,high,75,osm-costa-rica-hotel-focused-choice-cala-2026-05-20
node/3982520802,Blue Spirit Hotel,Nicoya,Costa Rica,9.9142166,-85.6520695,high,75,osm-costa-rica-hotel-focused-choice-cala-2026-05-20
node/3982520803,Blue Surf Sanctuary,Malpais,Costa Rica,9.6498973,-85.1744096,high,75,osm-costa-rica-hotel-focused-choice-cala-2026-05-20
node/3982520804,Bluejay Lodge,Malpais,Costa Rica,9.620312,-85.145477,high,75,osm-costa-rica-hotel-focused-choice-cala-2026-05-20
node/3982520806,Bodegas Santa Marta Pacuare Lodge,Siquirres,Costa Rica,10.09555,-83.4882833,high,75,osm-costa-rica-hotel-focused-choice-cala-2026-05-20
node/3982520807,Bolanos Bay,La Cruz,Costa Rica,11.04214,-85.723808,high,75,osm-costa-rica-hotel-focused-choice-cala-2026-05-20
node/3982520808,Borinquen Mountain Resort & Spa,Cañas Dulces,Costa Rica,10.8108705,-85.4115974,high,75,osm-costa-rica-hotel-focused-choice-cala-2026-05-20
node/3982520812,Bosque Del Tabina Cabinas,Perez Zeledon,Costa Rica,9.4710588,-83.6980946,high,75,osm-costa-rica-hotel-focused-choice-cala-2026-05-20
node/3982520814,Bosques Del Tolomuco,Perez Zeledon,Costa Rica,9.4811548,-83.6949916,high,85,osm-costa-rica-hotel-focused-choice-cala-2026-05-20
node/3982520823,Buena Vista Lodge,Liberia,Costa Rica,10.796492,-85.405052,high,75,osm-costa-rica-hotel-focused-choice-cala-2026-05-20
node/3982520826,Butterfly Bungalows,San Ramon,Costa Rica,10.4220472,-84.7526147,high,90,osm-costa-rica-hotel-focused-choice-cala-2026-05-20
node/3982520827,Caballo,Montezuma,Costa Rica,9.668635,-85.078102,high,75,osm-costa-rica-hotel-focused-choice-cala-2026-05-20
node/3982520828,Cabanas Bajo Volcan Turrialba,Turrialba,Costa Rica,9.9923983,-83.7068763,high,75,osm-costa-rica-hotel-focused-choice-cala-2026-05-20
node/3982520829,Cabanas Canas Castilla,La Cruz,Costa Rica,11.195119,-85.620004,high,75,osm-costa-rica-hotel-focused-choice-cala-2026-05-20
node/3982520833,Cabanas Los Cielos,Tilaran,Costa Rica,10.4764799,-84.9633988,high,75,osm-costa-rica-hotel-focused-choice-cala-2026-05-20
node/3982520836,Cabañas y Senderos Las Cataratas,San Gerardo de Dota,Costa Rica,9.5946159,-83.797974,high,75,osm-costa-rica-hotel-focused-choice-cala-2026-05-20
node/3982520840,Cabina Vista Al Golfo,Monteverde,Costa Rica,10.315795,-84.8263301,high,100,osm-costa-rica-hotel-focused-choice-cala-2026-05-20
node/3982520843,Locanda,Samara,Costa Rica,9.8818019,-85.5249368,high,100,osm-costa-rica-hotel-focused-choice-cala-2026-05-20
node/3982520844,Cabinas Agnnel,Nicoya,Costa Rica,9.9810323,-85.6532036,high,75,osm-costa-rica-hotel-focused-choice-cala-2026-05-20
node/3982520845,Cabinas Agua Luna,Golfito,Costa Rica,8.5407399,-83.3038846,high,85,osm-costa-rica-hotel-focused-choice-cala-2026-05-20
node/3982520847,Cabinas Algebra,Cahuita,Costa Rica,9.7497313,-82.8604428,high,100,osm-costa-rica-hotel-focused-choice-cala-2026-05-20
node/3982520848,Cabinas Alice,Jaco,Costa Rica,9.610806,-84.62648,high,85,osm-costa-rica-hotel-focused-choice-cala-2026-05-20
node/3982520849,Cabinas Ana,Nicoya,Costa Rica,9.9388801,-85.6504208,high,85,osm-costa-rica-hotel-focused-choice-cala-2026-05-20
node/3982520851,Cabinas Apartmento,Paquera,Costa Rica,9.813982,-84.9342732,high,75,osm-costa-rica-hotel-focused-choice-cala-2026-05-20
node/3982520853,Cabinas Aregalos,Tilaran,Costa Rica,10.5063595,-84.9544761,high,75,osm-costa-rica-hotel-focused-choice-cala-2026-05-20
node/3982520855,Cabinas Arricife,Talamanca,Costa Rica,9.7402359,-82.8416968,high,100,osm-costa-rica-hotel-focused-choice-cala-2026-05-20
node/3982520856,Cabinas Azules,Santa Cruz,Costa Rica,10.405637,-85.79666,high,100,osm-costa-rica-hotel-focused-choice-cala-2026-05-20
node/3982521359,Las Cataratas Lodge,San Gerardo de Dota,Costa Rica,9.5898789,-83.800562,high,85,osm-costa-rica-hotel-focused-choice-cala-2026-05-20
node/3982521360,Cabinas Brisas Al Mar,Colorado,Costa Rica,10.7713215,-83.5886681,high,75,osm-costa-rica-hotel-focused-choice-cala-2026-05-20
node/3982521361,Cabinas Brisas Del Mar,Carrillo,Costa Rica,10.5693581,-85.6782657,high,100,osm-costa-rica-hotel-focused-choice-cala-2026-05-20
node/3982521362,Cabinas Brisas Del Mar,Garabito,Costa Rica,9.5771589,-84.6057831,high,85,osm-costa-rica-hotel-focused-choice-cala-2026-05-20
node/3982521363,Cabinas Brisas Del Mar,Talamanca,Costa Rica,9.739475,-82.8400847,high,85,osm-costa-rica-hotel-focused-choice-cala-2026-05-20
node/3982521364,Cabinas Bucas,Manzanillo,Costa Rica,9.6308224,-82.6607488,high,75,osm-costa-rica-hotel-focused-choice-cala-2026-05-20
node/3982521367,Cabinas Carate,Golfito,Costa Rica,8.440452,-83.4478069,high,75,osm-costa-rica-hotel-focused-choice-cala-2026-05-20
node/3982521370,Cabinas Casa Canadiense,Puntarenas,Costa Rica,9.9721016,-84.7439826,high,85,osm-costa-rica-hotel-focused-choice-cala-2026-05-20
node/3982521371,Casa Paraiso,Samara,Costa Rica,9.8825537,-85.524739,high,90,osm-costa-rica-hotel-focused-choice-cala-2026-05-20
node/3982521373,Cabinas Cattipina,Santa Cruz,Costa Rica,10.0871238,-85.7627822,high,75,osm-costa-rica-hotel-focused-choice-cala-2026-05-20
node/3982521374,Cabinas Charleys,Malpais,Costa Rica,9.628884,-85.151577,high,75,osm-costa-rica-hotel-focused-choice-cala-2026-05-20
node/3982521376,Cabinas Coco Alegre,Playa del Coco,Costa Rica,10.549893,-85.6986316,high,75,osm-costa-rica-hotel-focused-choice-cala-2026-05-20
node/3982521377,Cabinas Coco Azul,Playa del Coco,Costa Rica,10.5494597,-85.6987348,high,85,osm-costa-rica-hotel-focused-choice-cala-2026-05-20
node/3982521379,Cabinas Corobicí,Cañas,Costa Rica,10.4261455,-85.0887359,high,85,osm-costa-rica-hotel-focused-choice-cala-2026-05-20
node/3982521381,Cabinas Coyote,Nandayure,Costa Rica,9.7990544,-85.2523578,high,75,osm-costa-rica-hotel-focused-choice-cala-2026-05-20
node/3982521382,Cabinas Cristina,Santa Cruz,Costa Rica,10.4466045,-85.7655257,high,100,osm-costa-rica-hotel-focused-choice-cala-2026-05-20
node/3982521385,Cabinas Deki,Limon,Costa Rica,9.9905509,-83.0551218,high,85,osm-costa-rica-hotel-focused-choice-cala-2026-05-20
node/3982521386,Cabinas Del Bosque,Malpais,Costa Rica,9.641378,-85.165017,high,75,osm-costa-rica-hotel-focused-choice-cala-2026-05-20
node/3982521387,Cabinas Delith,Carrillo,Costa Rica,10.581274,-85.663181,high,75,osm-costa-rica-hotel-focused-choice-cala-2026-05-20
node/3982521391,Cabinas El Chaman,Uvita,Costa Rica,9.1537903,-83.7314781,high,75,osm-costa-rica-hotel-focused-choice-cala-2026-05-20
node/3982521393,Cabinas El Coco,Carrillo,Costa Rica,10.5521633,-85.6967125,high,85,osm-costa-rica-hotel-focused-choice-cala-2026-05-20
node/3982521396,Cabinas El León,Tamarindo,Costa Rica,10.2297665,-85.8314835,high,85,osm-costa-rica-hotel-focused-choice-cala-2026-05-20
node/3982521399,Cabinas El Rio,Garabito,Costa Rica,9.6495647,-84.6539839,high,85,osm-costa-rica-hotel-focused-choice-cala-2026-05-20
node/3982521400,Cabinas El Sueño,Cóbano,Costa Rica,9.6880124,-85.1056954,high,100,osm-costa-rica-hotel-focused-choice-cala-2026-05-20
node/3982521401,Cabinas El Tesoro,Puerto Viejo,Costa Rica,9.6521579,-82.7400186,high,100,osm-costa-rica-hotel-focused-choice-cala-2026-05-20
node/3982521402,Cabinas El Tucan,Golfito,Costa Rica,8.6293151,-83.1571844,high,85,osm-costa-rica-hotel-focused-choice-cala-2026-05-20
node/3982521405,Cabinas Eylin,Golfito,Costa Rica,8.5329076,-83.3075421,high,85,osm-costa-rica-hotel-focused-choice-cala-2026-05-20
node/3982521407,Cabinas Fantasia Tropical,Canas,Costa Rica,10.4114007,-85.0848359,high,85,osm-costa-rica-hotel-focused-choice-cala-2026-05-20
node/3982521409,Cabinas Felix,Uvita,Costa Rica,9.155939,-83.7378779,high,100,osm-costa-rica-hotel-focused-choice-cala-2026-05-20
node/3982521411,Cabinas Golfo Dulce,Rincon,Costa Rica,8.6989912,-83.4845265,high,75,osm-costa-rica-hotel-focused-choice-cala-2026-05-20
node/3982521413,Cabinas Guacamayas,Nicoya,Costa Rica,9.995995,-85.701866,high,85,osm-costa-rica-hotel-focused-choice-cala-2026-05-20
node/3982521414,Cabinas Guana Art Shop,Puerto Viejo,Costa Rica,9.6555932,-82.7534924,high,75,osm-costa-rica-hotel-focused-choice-cala-2026-05-20
node/3982521415,Cabinas Heileen,Corredores,Costa Rica,8.6484245,-82.9443639,high,85,osm-costa-rica-hotel-focused-choice-cala-2026-05-20
node/3982521417,Cabinas,Santa Cruz,Costa Rica,10.301746,-85.840003,high,75,osm-costa-rica-hotel-focused-choice-cala-2026-05-20
node/3982521418,Cabinas Iguana,Golfito,Costa Rica,8.5387356,-83.3085604,high,75,osm-costa-rica-hotel-focused-choice-cala-2026-05-20
node/3982521419,Cabinas Iguana,Jaco,Costa Rica,9.615363,-84.626448,high,75,osm-costa-rica-hotel-focused-choice-cala-2026-05-20
node/3982521423,Cabinas Jivao,Playa del Coco,Costa Rica,10.5497117,-85.6985277,high,75,osm-costa-rica-hotel-focused-choice-cala-2026-05-20
node/3982521425,Cabinas La Gloria,Santa Cruz,Costa Rica,10.405117,-85.796645,high,85,osm-costa-rica-hotel-focused-choice-cala-2026-05-20
node/3982521429,Cabinas Las Olas,Tamarindo,Costa Rica,10.2317193,-85.8333928,high,100,osm-costa-rica-hotel-focused-choice-cala-2026-05-20
node/3982521431,Cabinas Las Olas,Puerto Viejo,Costa Rica,9.658485,-82.750892,high,75,osm-costa-rica-hotel-focused-choice-cala-2026-05-20
node/3982521432,Cabinas Las Orquideas,Jaco,Costa Rica,9.615162,-84.626701,high,75,osm-costa-rica-hotel-focused-choice-cala-2026-05-20
node/3982521433,Cabinas Linda Vista,Montezuma,Costa Rica,9.657734,-85.070892,high,100,osm-costa-rica-hotel-focused-choice-cala-2026-05-20
node/3982521436,Cabinas Los Almendros,San Rafael,Costa Rica,10.6684914,-84.8210234,high,75,osm-costa-rica-hotel-focused-choice-cala-2026-05-20
node/3982521440,Cabinas Los Guayabos,San Carlos,Costa Rica,10.498304,-84.7110466,high,75,osm-costa-rica-hotel-focused-choice-cala-2026-05-20
node/3982521441,Cabinas Los Laureles,Uvita,Costa Rica,9.1735631,-83.7361769,high,100,osm-costa-rica-hotel-focused-choice-cala-2026-05-20
node/3982521442,Cabinas Los,Jaco,Costa Rica,9.615259,-84.626558,high,75,osm-costa-rica-hotel-focused-choice-cala-2026-05-20
node/3982521445,New Caribean Point,Cahuita,Costa Rica,9.7376903,-82.8475171,high,85,osm-costa-rica-hotel-focused-choice-cala-2026-05-20
node/3982521447,Cabinas Manzanillo,Manzanillo,Costa Rica,9.6303493,-82.6611131,high,85,osm-costa-rica-hotel-focused-choice-cala-2026-05-20
node/3982521450,Cabinas Margarita,Paquera,Costa Rica,9.821231,-84.936453,high,85,osm-costa-rica-hotel-focused-choice-cala-2026-05-20
node/3982521452,Cabinas Marielos,Santa Cruz,Costa Rica,10.302655,-85.839881,high,100,osm-costa-rica-hotel-focused-choice-cala-2026-05-20
node/3982521455,Cabinas Maxis,Manzanillo,Costa Rica,9.631855,-82.657867,high,85,osm-costa-rica-hotel-focused-choice-cala-2026-05-20
node/3982521456,Cabinas Mar y Luna,Limon,Costa Rica,10.0028311,-83.074719,high,85,osm-costa-rica-hotel-focused-choice-cala-2026-05-20
node/3982522160,Cabinas Naomh,Paquera,Costa Rica,9.8220216,-84.941212,high,75,osm-costa-rica-hotel-focused-choice-cala-2026-05-20
node/3982522161,Cabinas Nassau,Jaco,Costa Rica,9.6167415,-84.6254035,high,75,osm-costa-rica-hotel-focused-choice-cala-2026-05-20
node/3982522163,Cabinas Ostocional,Cuajiniquil,Costa Rica,9.9971425,-85.7021185,high,85,osm-costa-rica-hotel-focused-choice-cala-2026-05-20
node/3982522165,Cabinas Pasa En La Colina,Malpais,Costa Rica,9.679652,-85.191647,high,75,osm-costa-rica-hotel-focused-choice-cala-2026-05-20
node/3982522167,Cabinas Piko Negro,Santa Cruz,Costa Rica,10.1989999,-85.8294809,high,85,osm-costa-rica-hotel-focused-choice-cala-2026-05-20
node/3982522169,Cabinas Piuri,Katira,Costa Rica,10.7116929,-84.9801273,high,75,osm-costa-rica-hotel-focused-choice-cala-2026-05-20
node/3982522170,Cabinas Playa Espadilla,Manuel Antonio,Costa Rica,9.391862,-84.1481936,high,100,osm-costa-rica-hotel-focused-choice-cala-2026-05-20
node/3982522171,Cabinas Playa Santa Teresa,Malpais,Costa Rica,9.6446511,-85.1678952,high,85,osm-costa-rica-hotel-focused-choice-cala-2026-05-20
node/3982522172,Cabinas Playa Las Manchas,Montezuma,Costa Rica,9.6449024,-85.0732442,high,85,osm-costa-rica-hotel-focused-choice-cala-2026-05-20
node/3982522180,Aptos. Playa Bonita,Limon,Costa Rica,10.0081256,-83.0622679,high,85,osm-costa-rica-hotel-focused-choice-cala-2026-05-20
node/3982522181,Cabinas Safari,Cahuita,Costa Rica,9.7384924,-82.8401981,high,85,osm-costa-rica-hotel-focused-choice-cala-2026-05-20
node/3982522184,Cabinas San Francisco,Nandayure,Costa Rica,9.8006824,-85.2496992,high,85,osm-costa-rica-hotel-focused-choice-cala-2026-05-20
node/3982522185,Cabinas Smith,Cahuita,Costa Rica,9.7388604,-82.8406255,high,85,osm-costa-rica-hotel-focused-choice-cala-2026-05-20
node/3982522186,Cabinas Smith,Cahuita,Costa Rica,9.7391762,-82.8414717,high,75,osm-costa-rica-hotel-focused-choice-cala-2026-05-20
node/3982522187,Cabinas Sofia,Osa,Costa Rica,8.8602521,-83.471527,high,75,osm-costa-rica-hotel-focused-choice-cala-2026-05-20
node/3982522188,Cabinas Sol Y Arena,Canas,Costa Rica,10.430866,-85.097448,high,75,osm-costa-rica-hotel-focused-choice-cala-2026-05-20
node/3982522191,Cabinas Sulakaska,Uvita,Costa Rica,9.1744776,-83.7389873,high,75,osm-costa-rica-hotel-focused-choice-cala-2026-05-20
node/3982522192,Cabinas Surf Paraiso,Malpais,Costa Rica,9.632199,-85.155029,high,85,osm-costa-rica-hotel-focused-choice-cala-2026-05-20
node/3982522193,Cabinas Surfside Annex,Talamanca,Costa Rica,9.7403569,-82.8407557,high,75,osm-costa-rica-hotel-focused-choice-cala-2026-05-20
node/3982522194,Surfside Cabins,Talamanca,Costa Rica,9.7392445,-82.8411313,high,75,osm-costa-rica-hotel-focused-choice-cala-2026-05-20
node/3982522195,Cabinas Tazmin,Malpais,Costa Rica,9.6974703,-85.0863138,high,75,osm-costa-rica-hotel-focused-choice-cala-2026-05-20
node/3982522196,Cabinas The Corner,Puerto Jiménez,Costa Rica,8.537479,-83.3067345,high,85,osm-costa-rica-hotel-focused-choice-cala-2026-05-20
node/3982522197,Cabinas Tia Rosita,Sarapiqui,Costa Rica,10.3951704,-84.1367138,high,75,osm-costa-rica-hotel-focused-choice-cala-2026-05-20
node/3982522198,Cabinas Tierra Bella,San Carlos,Costa Rica,10.4025979,-84.3402684,high,75,osm-costa-rica-hotel-focused-choice-cala-2026-05-20
node/3982522202,Hotel Posada Nena,Puerto Viejo,Costa Rica,9.6567029,-82.7513293,high,100,osm-costa-rica-hotel-focused-choice-cala-2026-05-20
node/3982522204,Cabinas Villa Calas,Sabanilla,Costa Rica,10.1593398,-84.1724926,high,85,osm-costa-rica-hotel-focused-choice-cala-2026-05-20
node/3982522207,Cabinas Wilson,Guapiles,Costa Rica,10.213035,-83.7869014,high,75,osm-costa-rica-hotel-focused-choice-cala-2026-05-20
node/3982522209,Cabinas,Santa Cruz,Costa Rica,10.2011997,-85.831312,high,75,osm-costa-rica-hotel-focused-choice-cala-2026-05-20
node/3982522210,Casa (hotel),Perez Zeledon,Costa Rica,9.3095397,-83.7781381,high,85,osm-costa-rica-hotel-focused-choice-cala-2026-05-20
node/3982522211,Heliconias,Cahuita,Costa Rica,9.631317,-82.6573414,high,75,osm-costa-rica-hotel-focused-choice-cala-2026-05-20
node/3982522214,Cabinas Bobo Ashanti,Cahuita,Costa Rica,9.7387104,-82.8404636,high,75,osm-costa-rica-hotel-focused-choice-cala-2026-05-20
node/3982522216,Cabinas y Mirador Quetzal,Poas,Costa Rica,10.1542397,-84.2245181,high,75,osm-costa-rica-hotel-focused-choice-cala-2026-05-20
node/3982522218,Cafe Playa Negra Hotel,Santa Cruz,Costa Rica,10.1991159,-85.8236345,high,100,osm-costa-rica-hotel-focused-choice-cala-2026-05-20
node/3982522220,Calacita Cabinas,Malpais,Costa Rica,9.630794,-85.153554,high,75,osm-costa-rica-hotel-focused-choice-cala-2026-05-20
node/3982522221,Calalu Cabinas,Puerto Viejo,Costa Rica,9.6570158,-82.7486276,high,75,osm-costa-rica-hotel-focused-choice-cala-2026-05-20
node/3982522223,Camarona Caribbean Lodge,Puerto Viejo,Costa Rica,9.6570239,-82.7457109,high,75,osm-costa-rica-hotel-focused-choice-cala-2026-05-20
node/3982522228,Cantarrana,Santa Cruz,Costa Rica,10.319188,-85.838539,high,75,osm-costa-rica-hotel-focused-choice-cala-2026-05-20
node/3982522229,Cariari,Belen,Costa Rica,9.9740265,-84.1549603,high,75,osm-costa-rica-hotel-focused-choice-cala-2026-05-20
node/3982522230,Caribbean Dream Cottages,Manzanillo,Costa Rica,9.6250601,-82.6654681,high,75,osm-costa-rica-hotel-focused-choice-cala-2026-05-20
node/3982522233,Carioca Inn,Belen,Costa Rica,9.9721254,-84.1697864,high,90,osm-costa-rica-hotel-focused-choice-cala-2026-05-20
node/3982522234,Carrillo Club Beach,Hojancha,Costa Rica,9.866517,-85.481849,high,100,osm-costa-rica-hotel-focused-choice-cala-2026-05-20
node/3982522235,Casa 69,San Jose,Costa Rica,9.9316803,-84.0676266,high,100,osm-costa-rica-hotel-focused-choice-cala-2026-05-20
node/3982522237,Casa Bambu Beach Resort,Golfito,Costa Rica,8.3977508,-83.2851108,high,100,osm-costa-rica-hotel-focused-choice-cala-2026-05-20
node/3982522239,Casa Bella,Santa Cruz,Costa Rica,10.4410544,-85.7928298,high,75,osm-costa-rica-hotel-focused-choice-cala-2026-05-20
node/3982522242,Casa Blanca,Escazu,Costa Rica,9.9203457,-84.1397708,high,75,osm-costa-rica-hotel-focused-choice-cala-2026-05-20
node/3982522243,Casa Blanca,Santa Ana,Costa Rica,9.9311264,-84.1819699,high,75,osm-costa-rica-hotel-focused-choice-cala-2026-05-20
node/3982522245,Casa Caletas Boutique Hotel,Nandayure,Costa Rica,9.7762202,-85.2602198,high,100,osm-costa-rica-hotel-focused-choice-cala-2026-05-20
node/3982522248,Casa Cambranes Lodge,San Jose,Costa Rica,9.930193,-84.0570305,high,100,osm-costa-rica-hotel-focused-choice-cala-2026-05-20
node/3982522251,Casa Chameleon,Malpais,Costa Rica,9.612661,-85.1393744,high,75,osm-costa-rica-hotel-focused-choice-cala-2026-05-20
node/3982522252,Casa Caoba Hotel,Sámara,Costa Rica,9.8822682,-85.5266088,high,100,osm-costa-rica-hotel-focused-choice-cala-2026-05-20
node/3982522253,Casa Conde Beachfront Hotel,Carrillo,Costa Rica,10.5872422,-85.6658726,high,75,osm-costa-rica-hotel-focused-choice-cala-2026-05-20
node/3982522256,Hotel y Apartamentos Casa Conde,Jardines de Cascajal,Costa Rica,9.9102247,-84.0718851,high,100,osm-costa-rica-hotel-focused-choice-cala-2026-05-20
node/3982522758,Casa Corcovado Jungle Lodge,Bahía Drake,Costa Rica,8.6311942,-83.7260884,high,100,osm-costa-rica-hotel-focused-choice-cala-2026-05-20
node/3982522759,Casa Corcovado Jungle Lodge,Osa,Costa Rica,8.7178565,-83.6468139,high,90,osm-costa-rica-hotel-focused-choice-cala-2026-05-20
node/3982522762,Casa De Las Tías,Escazu,Costa Rica,9.9277042,-84.1329571,high,100,osm-costa-rica-hotel-focused-choice-cala-2026-05-20
node/3982522764,Casa Del Sol,Malpais,Costa Rica,9.6357146,-85.1591767,high,85,osm-costa-rica-hotel-focused-choice-cala-2026-05-20
node/3982522765,Casa Delagua Hotel,Tilaran,Costa Rica,10.5530495,-84.9720543,high,75,osm-costa-rica-hotel-focused-choice-cala-2026-05-20
node/3982522766,Casa Dos Rios,Golfito,Costa Rica,8.4081966,-83.2829474,high,75,osm-costa-rica-hotel-focused-choice-cala-2026-05-20
node/3982522767,Casa Feliz,Quepos,Costa Rica,9.4228458,-84.1622843,high,85,osm-costa-rica-hotel-focused-choice-cala-2026-05-20
node/3982522768,Casa Haizea,Punta Uva,Costa Rica,9.633745,-82.6848563,high,85,osm-costa-rica-hotel-focused-choice-cala-2026-05-20
node/3982522769,Casa Kumbaya,Golfito,Costa Rica,8.4288538,-83.2750988,high,100,osm-costa-rica-hotel-focused-choice-cala-2026-05-20
node/3982522771,Casa Las Brisas,Santa Cruz,Costa Rica,10.441747,-85.793362,high,75,osm-costa-rica-hotel-focused-choice-cala-2026-05-20
node/3982522773,Casa Mar Lodge,Pococi,Costa Rica,10.7937786,-83.6028476,high,75,osm-costa-rica-hotel-focused-choice-cala-2026-05-20
node/3982522774,Casa Maya,Montezuma,Costa Rica,9.6563931,-85.0731893,high,90,osm-costa-rica-hotel-focused-choice-cala-2026-05-20
node/3982522775,Casa Mirage,Santa Cruz,Costa Rica,10.3382122,-85.8514717,high,90,osm-costa-rica-hotel-focused-choice-cala-2026-05-20
node/3982522777,Casa Mora B&b,Cartago,Costa Rica,9.8649834,-83.9130698,high,75,osm-costa-rica-hotel-focused-choice-cala-2026-05-20
node/3982522779,Casa Planet Harley,Talamanca,Costa Rica,9.6372342,-82.7336467,high,75,osm-costa-rica-hotel-focused-choice-cala-2026-05-20
node/3982522780,Casa Redonda,Santa Cruz,Costa Rica,10.440998,-85.791649,high,75,osm-costa-rica-hotel-focused-choice-cala-2026-05-20
node/3982522784,Casa Roland,San Jose,Costa Rica,9.948185,-84.132911,high,75,osm-costa-rica-hotel-focused-choice-cala-2026-05-20
node/3982522785,Casa Romantica,Nicoya,Costa Rica,9.9452497,-85.6687318,high,75,osm-costa-rica-hotel-focused-choice-cala-2026-05-20
node/3982522787,Casa Talamanca,Playa del Coco,Costa Rica,10.541811,-85.691383,high,75,osm-costa-rica-hotel-focused-choice-cala-2026-05-20
node/3982522788,Casa Turire,Turrialba,Costa Rica,9.8623008,-83.6453765,high,90,osm-costa-rica-hotel-focused-choice-cala-2026-05-20
node/3982522789,Hotel Casa Valeria,Samara,Costa Rica,9.8814717,-85.5254577,high,100,osm-costa-rica-hotel-focused-choice-cala-2026-05-20
node/3982522791,Casa Vida Verde,Golfito,Costa Rica,8.3872739,-83.2820852,high,75,osm-costa-rica-hotel-focused-choice-cala-2026-05-20
node/3982522792,Casa Zen,Malpais,Costa Rica,9.6351979,-85.1593668,high,75,osm-costa-rica-hotel-focused-choice-cala-2026-05-20
node/3982522793,Casa de Las Palmas,Nicoya,Costa Rica,9.8848197,-85.5442551,high,85,osm-costa-rica-hotel-focused-choice-cala-2026-05-20
node/3982522794,Casacolores,Montezuma,Costa Rica,9.661939,-85.0745158,high,85,osm-costa-rica-hotel-focused-choice-cala-2026-05-20
node/3982522795,Cascadas Farallas,Perez Zeledon,Costa Rica,9.2700241,-83.8171637,high,75,osm-costa-rica-hotel-focused-choice-cala-2026-05-20
node/3982522796,Cascajo's del Arenal,La Fortuna,Costa Rica,10.487747,-84.731792,high,75,osm-costa-rica-hotel-focused-choice-cala-2026-05-20
node/3982522797,Cashew Hill Jungle Lodge,Puerto Viejo,Costa Rica,9.6530722,-82.7535229,high,75,osm-costa-rica-hotel-focused-choice-cala-2026-05-20
node/3982522798,Casita Playa Macha,Quepos,Costa Rica,9.4210371,-84.1631273,high,75,osm-costa-rica-hotel-focused-choice-cala-2026-05-20
node/3982522799,Casitas De Dona Sonia,Oreamuno,Costa Rica,9.9582991,-83.846014,high,75,osm-costa-rica-hotel-focused-choice-cala-2026-05-20
node/3982522800,Casitas Tenorio,Upala,Costa Rica,10.7193121,-85.0411241,high,100,osm-costa-rica-hotel-focused-choice-cala-2026-05-20
node/3982522801,Casitas de Punta Uva,Punta Uva,Costa Rica,9.6349368,-82.6973978,high,85,osm-costa-rica-hotel-focused-choice-cala-2026-05-20
node/3982522802,Casona Rio Fortuna,San Carlos,Costa Rica,10.4636943,-84.5949127,high,75,osm-costa-rica-hotel-focused-choice-cala-2026-05-20
node/3982522803,Hotel Catalinas,Santa Cruz,Costa Rica,10.4687558,-85.7748138,high,75,osm-costa-rica-hotel-focused-choice-cala-2026-05-20
node/3982522804,Catarata Celeste Lodge,Upala,Costa Rica,10.7031575,-84.9734047,high,75,osm-costa-rica-hotel-focused-choice-cala-2026-05-20
node/3982522805,Catarata Ecolodge,San Ramon,Costa Rica,10.4541918,-84.661648,high,75,osm-costa-rica-hotel-focused-choice-cala-2026-05-20
node/3982522806,Cataratas Bijagua Lodge,Upala,Costa Rica,10.7277707,-85.0821825,high,75,osm-costa-rica-hotel-focused-choice-cala-2026-05-20
node/3982522809,Celeste Mountain Lodge,Upala,Costa Rica,10.7173635,-85.0228457,high,75,osm-costa-rica-hotel-focused-choice-cala-2026-05-20
node/3982522810,Central Backpackers,Quepos,Costa Rica,9.4277786,-84.158142,high,85,osm-costa-rica-hotel-focused-choice-cala-2026-05-20
node/3982522814,Cerro Alto Lodge,Turrialba,Costa Rica,9.9212801,-83.5872412,high,75,osm-costa-rica-hotel-focused-choice-cala-2026-05-20
node/3982522815,Cerro Chato Eco Lodge,LA FORTUNA Z-13,Costa Rica,10.4584744,-84.6607865,high,75,osm-costa-rica-hotel-focused-choice-cala-2026-05-20
node/3982522816,Cerro De Oro Lodge,Golfito,Costa Rica,8.5853218,-83.5043801,high,75,osm-costa-rica-hotel-focused-choice-cala-2026-05-20
node/3982522817,Cerro Lodge,Garabito,Costa Rica,9.8083127,-84.6113855,high,75,osm-costa-rica-hotel-focused-choice-cala-2026-05-20
node/3982522819,Chacarita Spa & Resort,Puntarenas,Costa Rica,9.9800211,-84.7775629,high,75,osm-costa-rica-hotel-focused-choice-cala-2026-05-20
node/3982522820,Chachagua Rainforest Hotel & Hacienda,Chachagua,Costa Rica,10.3897067,-84.6097707,high,100,osm-costa-rica-hotel-focused-choice-cala-2026-05-20
node/3982522821,Chalet & Cabinas Hibiscus,Cahuita,Costa Rica,9.7473566,-82.8582754,high,75,osm-costa-rica-hotel-focused-choice-cala-2026-05-20
node/3982522823,Chalet Nicholas,Tilaran,Costa Rica,10.5551702,-84.9048878,high,75,osm-costa-rica-hotel-focused-choice-cala-2026-05-20
node/3982522824,Chalet Orosi,Paraiso,Costa Rica,9.7828377,-83.8463825,high,75,osm-costa-rica-hotel-focused-choice-cala-2026-05-20
node/3982522827,Chilamate Rainforest Eco Retreat,Sarapiqui,Costa Rica,10.449683,-84.064466,high,75,osm-costa-rica-hotel-focused-choice-cala-2026-05-20
node/3982522828,Chimuri Beach Cottages,Puerto Viejo,Costa Rica,9.6563199,-82.7698681,high,75,osm-costa-rica-hotel-focused-choice-cala-2026-05-20
node/3982522831,Cielo Azul Resort,Tilaran,Costa Rica,10.4769484,-84.9642157,high,75,osm-costa-rica-hotel-focused-choice-cala-2026-05-20
node/3982522833,Ciudad Perdida Ecolodge,Talamanca,Costa Rica,9.7334403,-82.8417084,high,75,osm-costa-rica-hotel-focused-choice-cala-2026-05-20
node/3982522834,Hotel La Isla,Parrita,Costa Rica,9.4843817,-84.2880674,high,75,osm-costa-rica-hotel-focused-choice-cala-2026-05-20
node/3982522836,Classic Hotel,San Jose,Costa Rica,9.9364253,-84.0871858,high,85,osm-costa-rica-hotel-focused-choice-cala-2026-05-20
node/3982522837,Cloud Forest Lodge,Puntarenas;Santa Elena,Costa Rica,10.3242351,-84.8159506,high,100,osm-costa-rica-hotel-focused-choice-cala-2026-05-20
node/3982522838,Club Bielo,Jaco,Costa Rica,9.6071019,-84.6207422,high,75,osm-costa-rica-hotel-focused-choice-cala-2026-05-20
node/3982522839,Club Del Mar Resort,Jaco,Costa Rica,9.597008,-84.618629,high,75,osm-costa-rica-hotel-focused-choice-cala-2026-05-20
node/3982522841,Club de Bahía del Coco,Playa del Coco,Costa Rica,10.5425581,-85.7046658,high,100,osm-costa-rica-hotel-focused-choice-cala-2026-05-20
node/3982522842,Cm Hotel,Santa Cruz,Costa Rica,10.060222,-85.754248,high,75,osm-costa-rica-hotel-focused-choice-cala-2026-05-20
node/3982522843,Coco Beach Hotel and Casino,Playa del Coco,Costa Rica,10.549193,-85.695999,high,75,osm-costa-rica-hotel-focused-choice-cala-2026-05-20
node/3982522844,Hotel Coco,Playa del Coco,Costa Rica,10.549397,-85.69617,high,75,osm-costa-rica-hotel-focused-choice-cala-2026-05-20
node/3982522845,Coco Congo,Puerto Viejo,Costa Rica,9.653914,-82.762306,high,75,osm-costa-rica-hotel-focused-choice-cala-2026-05-20
node/3982522847,Cocomar Residences and Beachfront Hotel,Parrita,Costa Rica,9.4886594,-84.3096725,high,100,osm-costa-rica-hotel-focused-choice-cala-2026-05-20
node/3982522848,Coconut Grove Lodge,Osa,Costa Rica,9.2386223,-83.8467763,high,75,osm-costa-rica-hotel-focused-choice-cala-2026-05-20
node/3982522849,Coconut Grove,Osa,Costa Rica,9.2339444,-83.8419612,high,75,osm-costa-rica-hotel-focused-choice-cala-2026-05-20
node/3982522851,Cabinas Oasis del Coco,Carrillo,Costa Rica,10.5274985,-85.6583774,high,75,osm-costa-rica-hotel-focused-choice-cala-2026-05-20
node/3982522853,Colón Caribe,Valle La Estella,Costa Rica,9.854528,-82.9444263,high,75,osm-costa-rica-hotel-focused-choice-cala-2026-05-20
node/3982523060,Congo Lodge,Malpais,Costa Rica,9.657875,-85.121415,high,75,osm-costa-rica-hotel-focused-choice-cala-2026-05-20
node/3982523061,Congos Hostal,Carrillo,Costa Rica,10.5763383,-85.6765067,high,75,osm-costa-rica-hotel-focused-choice-cala-2026-05-20
node/3982523063,Hotel Contry,Santa Cruz,Costa Rica,10.0139846,-85.7133841,high,75,osm-costa-rica-hotel-focused-choice-cala-2026-05-20
node/3982523065,Copa de Arbol,Osa,Costa Rica,8.6933775,-83.6895659,high,100,osm-costa-rica-hotel-focused-choice-cala-2026-05-20
node/3982523066,Corcovado Adventures Tent Camp,Osa,Costa Rica,8.6777926,-83.7085767,high,75,osm-costa-rica-hotel-focused-choice-cala-2026-05-20
node/3982523067,Corcovado Lodge Tent Camp,Golfito,Costa Rica,8.4421655,-83.453725,high,75,osm-costa-rica-hotel-focused-choice-cala-2026-05-20
node/3982523068,Corteza Amarilla Art Lodge,Santa Ana,Costa Rica,9.9370425,-84.1842367,high,75,osm-costa-rica-hotel-focused-choice-cala-2026-05-20
node/3982523069,Corteza Amarillo Art Lodge & Spa,Mora,Costa Rica,9.935134,-84.2311245,high,75,osm-costa-rica-hotel-focused-choice-cala-2026-05-20
node/3982523073,Costa Paraiso Lodge,Osa,Costa Rica,9.2404005,-83.8490872,high,75,osm-costa-rica-hotel-focused-choice-cala-2026-05-20
node/3982523076,Costa Rica,San Jose,Costa Rica,9.9309927,-84.0827829,high,75,osm-costa-rica-hotel-focused-choice-cala-2026-05-20
node/3982523077,Costa Verde Inn,Escazu,Costa Rica,9.9181994,-84.1478924,high,100,osm-costa-rica-hotel-focused-choice-cala-2026-05-20
node/3982523086,In The Wind Hostel,San Pedro,Costa Rica,9.93093,-84.0537503,high,100,osm-costa-rica-hotel-focused-choice-cala-2026-05-20
node/3982523087,Cuartos Jibaru,Cahuita,Costa Rica,9.7386399,-82.8403774,high,75,osm-costa-rica-hotel-focused-choice-cala-2026-05-20
node/3982523088,Cuesta Arriba B&b,Malpais,Costa Rica,9.6460153,-85.1687022,high,75,osm-costa-rica-hotel-focused-choice-cala-2026-05-20
node/3982523092,Dantica Lodge,San Gerardo de Dota,Costa Rica,9.587273,-83.7997599,high,75,osm-costa-rica-hotel-focused-choice-cala-2026-05-20
node/3982523097,Del Norte,Ciudad Quesada,Costa Rica,10.32508,-84.4298236,high,75,osm-costa-rica-hotel-focused-choice-cala-2026-05-20
node/3982523099,Delphin Guest House,Manzanillo,Costa Rica,9.6348841,-82.6527823,high,75,osm-costa-rica-hotel-focused-choice-cala-2026-05-20
node/3982523105,Dolphin Cabins,Jaco,Costa Rica,9.616835,-84.624877,high,75,osm-costa-rica-hotel-focused-choice-cala-2026-05-20
node/3982523106,Rainbow Beach,,Costa Rica,9.2533872,-83.8666946,medium,55,osm-costa-rica-hotel-focused-choice-cala-2026-05-20
node/3982523107,Domus Kahuna,Santa Cruz,Costa Rica,10.2984759,-85.840322,high,90,osm-costa-rica-hotel-focused-choice-cala-2026-05-20
node/3982523108,Don Francisco Apartotel & Cafe,Escazu,Costa Rica,9.9377039,-84.1583696,high,75,osm-costa-rica-hotel-focused-choice-cala-2026-05-20
node/3982523109,Don Jon's,Malpais,Costa Rica,9.6410865,-85.1647645,high,100,osm-costa-rica-hotel-focused-choice-cala-2026-05-20
node/3982523111,Doral Hotel,San Jose,Costa Rica,9.932864,-84.0821631,high,85,osm-costa-rica-hotel-focused-choice-cala-2026-05-20
node/3982523116,Drake Bay Backpackers,Osa,Costa Rica,8.7131005,-83.6298104,high,100,osm-costa-rica-hotel-focused-choice-cala-2026-05-20
node/3982523117,Dreamy Content,Savegre,Costa Rica,9.322694,-83.9671682,high,75,osm-costa-rica-hotel-focused-choice-cala-2026-05-20
node/3982523120,E Muco Cabinas,Nandayure,Costa Rica,9.8030946,-85.244645,high,75,osm-costa-rica-hotel-focused-choice-cala-2026-05-20
node/3982523122,Eco Colonia Resort,San Ramon,Costa Rica,10.2325045,-84.5274047,high,75,osm-costa-rica-hotel-focused-choice-cala-2026-05-20
node/3982523123,Eco Manglares,Osa,Costa Rica,8.8783307,-83.4701158,high,75,osm-costa-rica-hotel-focused-choice-cala-2026-05-20
node/3982523127,El Ancla De Oro Bungalows,Malpais,Costa Rica,9.605184,-85.086235,high,75,osm-costa-rica-hotel-focused-choice-cala-2026-05-20
node/3982523129,El Aposento,Santo Domingo,Costa Rica,10.0209511,-84.0244904,high,75,osm-costa-rica-hotel-focused-choice-cala-2026-05-20
node/3982523131,El Bosque Hotel,Abangares,Costa Rica,10.3483798,-84.8662864,high,75,osm-costa-rica-hotel-focused-choice-cala-2026-05-20
node/3982523137,Hotel Nammbu,Hojancha,Costa Rica,9.8655198,-85.4820861,high,75,osm-costa-rica-hotel-focused-choice-cala-2026-05-20
node/3982523138,El Colibri Lodge,Manzanillo,Costa Rica,9.6329415,-82.6819081,high,75,osm-costa-rica-hotel-focused-choice-cala-2026-05-20
node/3982523140,El Encanto,Talamanca,Costa Rica,9.733802,-82.844045,high,75,osm-costa-rica-hotel-focused-choice-cala-2026-05-20
node/3982523143,El Mariposario Montezuma Gardens,Montezuma,Costa Rica,9.6499313,-85.07528,high,100,osm-costa-rica-hotel-focused-choice-cala-2026-05-20
node/3982523144,El Milagro,Santa Cruz,Costa Rica,10.3001079,-85.8400712,high,75,osm-costa-rica-hotel-focused-choice-cala-2026-05-20
node/3982523146,El Oasis Backpackers Hostel,Playa del Coco,Costa Rica,10.5491907,-85.6962707,high,75,osm-costa-rica-hotel-focused-choice-cala-2026-05-20
node/3982523149,El Panadero,Manzanillo,Costa Rica,9.6264957,-82.6694041,high,85,osm-costa-rica-hotel-focused-choice-cala-2026-05-20
node/3982523151,El Pequeño Gecko Verde Hotel,Sámara,Costa Rica,9.8780261,-85.5439155,high,75,osm-costa-rica-hotel-focused-choice-cala-2026-05-20
node/3982523357,El Sabanero Eco Lodge,Tamarindo,Costa Rica,10.2642266,-85.7660479,high,100,osm-costa-rica-hotel-focused-choice-cala-2026-05-20
node/3982523360,Hotel El Sueño Tropical,Puerto Carrillo,Costa Rica,9.8757886,-85.4584076,high,100,osm-costa-rica-hotel-focused-choice-cala-2026-05-20
node/3982523361,El Tucan Jungle Lodge,Talamanca,Costa Rica,9.6380968,-82.7371152,high,75,osm-costa-rica-hotel-focused-choice-cala-2026-05-20
node/3982523362,El Tucano Resort & Thermal Spa,San Carlos,Costa Rica,10.3657399,-84.381565,high,75,osm-costa-rica-hotel-focused-choice-cala-2026-05-20
node/3982523364,Encanta De Vida Lodge,Golfito,Costa Rica,8.3898807,-83.2823956,high,100,osm-costa-rica-hotel-focused-choice-cala-2026-05-20
node/3982523365,Encantada Ocean Cottages,Parrita,Costa Rica,9.5243594,-84.4521361,high,85,osm-costa-rica-hotel-focused-choice-cala-2026-05-20
node/3982523366,Equipadas Cabinas,Malpais,Costa Rica,9.63218,-85.155056,high,75,osm-costa-rica-hotel-focused-choice-cala-2026-05-20
node/3982523367,Erupciones Inn Bed and Breakfast,San Carlos,Costa Rica,10.4956068,-84.7121215,high,100,osm-costa-rica-hotel-focused-choice-cala-2026-05-20
node/3982523368,Escape Caribeño,Puerto Viejo,Costa Rica,9.6588858,-82.7488707,high,75,osm-costa-rica-hotel-focused-choice-cala-2026-05-20
node/3982523369,Esencia,Malpais,Costa Rica,9.6441171,-85.1674831,high,100,osm-costa-rica-hotel-focused-choice-cala-2026-05-20
node/3982523372,Esencia,Malpais,Costa Rica,9.650143,-85.1668,high,75,osm-costa-rica-hotel-focused-choice-cala-2026-05-20
node/3982523373,Espino Blanco Lodge,Turrialba,Costa Rica,9.9428439,-83.6931977,high,75,osm-costa-rica-hotel-focused-choice-cala-2026-05-20
node/3982523375,Esquinas Rainforest Lodge,Golfito,Costa Rica,8.698723,-83.2046394,high,75,osm-costa-rica-hotel-focused-choice-cala-2026-05-20
node/3982523376,Essence Arenal Boutique Hotel,San Ramon,Costa Rica,10.414755,-84.756614,high,90,osm-costa-rica-hotel-focused-choice-cala-2026-05-20
node/3982523377,Estela De Fuego,Santa Cruz,Costa Rica,10.441003,-85.791549,high,75,osm-costa-rica-hotel-focused-choice-cala-2026-05-20
node/3982523378,Estero Azul Lodge,Osa,Costa Rica,8.8687406,-83.4701546,high,75,osm-costa-rica-hotel-focused-choice-cala-2026-05-20
node/3982523379,Evergreen Lodge,Pococi,Costa Rica,10.550896,-83.516196,high,90,osm-costa-rica-hotel-focused-choice-cala-2026-05-20
node/3982523380,Evergreen/aerial/tram/rana Roja Lodge,Pococi,Costa Rica,10.5497461,-83.5156326,high,75,osm-costa-rica-hotel-focused-choice-cala-2026-05-20
node/3982523382,Paradise Flamingo Beach Hotel & Casino,Santa Cruz,Costa Rica,10.4419978,-85.7913124,high,75,osm-costa-rica-hotel-focused-choice-cala-2026-05-20
node/3982523383,Fidelito Ranch & Lodge,Tambor,Costa Rica,9.7172983,-85.0355307,high,75,osm-costa-rica-hotel-focused-choice-cala-2026-05-20
node/3982523384,Finca Bavaria,Uvita,Costa Rica,9.1360253,-83.7069007,high,75,osm-costa-rica-hotel-focused-choice-cala-2026-05-20
node/3982523387,Finca Luna Nueva Lodge,Chachagua,Costa Rica,10.3871105,-84.5979405,high,100,osm-costa-rica-hotel-focused-choice-cala-2026-05-20
node/3982523388,Finca Madre Selva,Dota,Costa Rica,9.6719201,-83.8681674,high,75,osm-costa-rica-hotel-focused-choice-cala-2026-05-20
node/3982523390,Finca Rosa Blanca,Santa Barbara,Costa Rica,10.0456574,-84.1506159,high,75,osm-costa-rica-hotel-focused-choice-cala-2026-05-20
node/3982523392,Flamingo Beach Resort,Santa Cruz,Costa Rica,10.4391101,-85.7918859,high,75,osm-costa-rica-hotel-focused-choice-cala-2026-05-20
node/3982523393,Flamingo Beach Resort,Santa Cruz,Costa Rica,10.439575,-85.791943,high,75,osm-costa-rica-hotel-focused-choice-cala-2026-05-20
node/3982523394,Flamingo Cove Condominiums,Santa Cruz,Costa Rica,10.4263062,-85.7896742,high,75,osm-costa-rica-hotel-focused-choice-cala-2026-05-20
node/3982523396,Fleur De Lys Hotel,San Jose,Costa Rica,9.9317646,-84.0727167,high,100,osm-costa-rica-hotel-focused-choice-cala-2026-05-20
node/3982523398,Florblanca Villas Resort,Malpais,Costa Rica,9.652808,-85.178392,high,75,osm-costa-rica-hotel-focused-choice-cala-2026-05-20
node/3982523401,Forest Reserve Lodge Ave Del Mar,Osa,Costa Rica,8.7219923,-83.4789825,high,75,osm-costa-rica-hotel-focused-choice-cala-2026-05-20
node/3982523402,Frandy's B&B,Carrillo,Costa Rica,10.573257,-85.6729121,high,75,osm-costa-rica-hotel-focused-choice-cala-2026-05-20
node/3982523405,Funky Monkey Hotel,Malpais,Costa Rica,9.638744,-85.1631477,high,75,osm-costa-rica-hotel-focused-choice-cala-2026-05-20
node/3982523410,Galiza Suites,Santa Ana,Costa Rica,9.9323669,-84.1873367,high,75,osm-costa-rica-hotel-focused-choice-cala-2026-05-20
node/3982523413,Gaudy's Backpacker,Sabana Norte,Costa Rica,9.9384988,-84.0954546,high,100,osm-costa-rica-hotel-focused-choice-cala-2026-05-20
node/3982523415,Gavilan Rio Sarapiquii River Lodge,Sarapiqui,Costa Rica,10.4552677,-84.0016865,high,75,osm-costa-rica-hotel-focused-choice-cala-2026-05-20
node/3982523416,Geckoes Lodge,Talamanca,Costa Rica,9.6352661,-82.7346106,high,100,osm-costa-rica-hotel-focused-choice-cala-2026-05-20
node/3982523421,Gillsplace,Santa Cruz,Costa Rica,10.295967,-85.8367772,high,75,osm-costa-rica-hotel-focused-choice-cala-2026-05-20
node/3982523422,Gingerbread Restaurant and Hotel,Arenal,Costa Rica,10.5336131,-84.8831508,high,100,osm-costa-rica-hotel-focused-choice-cala-2026-05-20
node/3982523424,Goddess Garden Resort,Cahuita,Costa Rica,9.7591924,-82.8712923,high,75,osm-costa-rica-hotel-focused-choice-cala-2026-05-20
node/3982523426,Golfo Dulce Lodge,Golfito,Costa Rica,8.6584137,-83.254445,high,90,osm-costa-rica-hotel-focused-choice-cala-2026-05-20
node/3982523436,Guanacaste Lodge,Santa Cruz,Costa Rica,10.4336,-85.781959,high,75,osm-costa-rica-hotel-focused-choice-cala-2026-05-20
node/3982523437,Guanacaste Lodge,Santa Cruz,Costa Rica,10.437339,-85.781107,high,75,osm-costa-rica-hotel-focused-choice-cala-2026-05-20
node/3982523438,Guaria de Osa EcoLodge,Osa,Costa Rica,8.6562734,-83.7122906,high,100,osm-costa-rica-hotel-focused-choice-cala-2026-05-20
node/3982523440,Guesthouse Prospero Y Kundy,Nandayure,Costa Rica,9.778986,-85.2552721,high,75,osm-costa-rica-hotel-focused-choice-cala-2026-05-20
node/3982523443,H And B Cabinas,Tambor,Costa Rica,9.7218699,-85.0283945,high,75,osm-costa-rica-hotel-focused-choice-cala-2026-05-20
node/3982523444,Hotel fuego Arenal,La Fortuna,Costa Rica,10.5026454,-84.7063473,high,75,osm-costa-rica-hotel-focused-choice-cala-2026-05-20
node/3982523446,Hacienda Barú,Savegre,Costa Rica,9.2700965,-83.8815694,high,75,osm-costa-rica-hotel-focused-choice-cala-2026-05-20
node/3982523447,Hacienda Barú,Savegre,Costa Rica,9.3039563,-83.8893659,high,75,osm-costa-rica-hotel-focused-choice-cala-2026-05-20
node/3982523448,Hacienda CoopeAgri,Uvita,Costa Rica,9.1483907,-83.7264777,high,100,osm-costa-rica-hotel-focused-choice-cala-2026-05-20
node/3982523449,Hacienda Del Mar Hot Res,Hojancha,Costa Rica,9.8661557,-85.4818135,high,75,osm-costa-rica-hotel-focused-choice-cala-2026-05-20
node/3982523450,Hacienda Encantada,San Ramon,Costa Rica,10.4207925,-84.7496286,high,75,osm-costa-rica-hotel-focused-choice-cala-2026-05-20
node/3982523456,Happy Jacana,Quepos,Costa Rica,9.4259018,-84.1547189,high,100,osm-costa-rica-hotel-focused-choice-cala-2026-05-20
node/3982523557,Harbor Reef Hotel,Nicoya,Costa Rica,9.9407667,-85.6647643,high,75,osm-costa-rica-hotel-focused-choice-cala-2026-05-20
node/3982523559,Hard Rock Resort & Casino,Jaco,Costa Rica,9.6038303,-84.621008,high,75,osm-costa-rica-hotel-focused-choice-cala-2026-05-20
node/3982523570,Hielo Cabano,Tambor,Costa Rica,9.70254,-85.0377228,high,75,osm-costa-rica-hotel-focused-choice-cala-2026-05-20
node/3982523576,Horizon Hotel,Malpais,Costa Rica,9.631762,-85.154123,high,75,osm-costa-rica-hotel-focused-choice-cala-2026-05-20
node/3982523577,Horizon Ocean View,Malpais,Costa Rica,9.632537,-85.1552521,high,75,osm-costa-rica-hotel-focused-choice-cala-2026-05-20
node/3982523578,Horizontes De Montezuma,Montezuma,Costa Rica,9.6660503,-85.0765964,high,75,osm-costa-rica-hotel-focused-choice-cala-2026-05-20
node/3982523580,Hospedaje La Casona,Liberia,Costa Rica,10.6274581,-85.43656,high,75,osm-costa-rica-hotel-focused-choice-cala-2026-05-20
node/3982523582,Hostal Alsoir,Liberia,Costa Rica,10.6344522,-85.4352091,high,75,osm-costa-rica-hotel-focused-choice-cala-2026-05-20
node/3982523583,Hostal Ciudad Blanca,Liberia,Costa Rica,10.6281859,-85.4356961,high,75,osm-costa-rica-hotel-focused-choice-cala-2026-05-20
node/3982523585,Hostal La Estacion,San Jose,Costa Rica,9.9364021,-84.0866791,high,85,osm-costa-rica-hotel-focused-choice-cala-2026-05-20
node/3982523587,Hostal Pangea,San José,Costa Rica,9.9371799,-84.0768134,high,100,osm-costa-rica-hotel-focused-choice-cala-2026-05-20
node/3982523591,Hostel Boutique Collage,San Jose,Costa Rica,9.9311323,-84.05927,high,85,osm-costa-rica-hotel-focused-choice-cala-2026-05-20
node/3982523594,Hostel Casa de Cafe,Orosi,Costa Rica,9.785839,-83.838469,high,75,osm-costa-rica-hotel-focused-choice-cala-2026-05-20
node/3982523595,Hostel Casa de Lis,Turrialba,Costa Rica,9.9033666,-83.6844504,high,100,osm-costa-rica-hotel-focused-choice-cala-2026-05-20
node/3982523596,Chopa Chupa,Malpais,Costa Rica,9.6349361,-85.1582164,high,75,osm-costa-rica-hotel-focused-choice-cala-2026-05-20
node/3982523599,Hostel Gallo Pinto,San Jose,Costa Rica,9.9368414,-84.0890953,high,85,osm-costa-rica-hotel-focused-choice-cala-2026-05-20
node/3982523600,Hostel Gran Imperial,San Jose,Costa Rica,9.9349698,-84.0825607,high,100,osm-costa-rica-hotel-focused-choice-cala-2026-05-20
node/3982523602,La Botella De Leche,Tamarindo,Costa Rica,10.2960929,-85.8388463,high,100,osm-costa-rica-hotel-focused-choice-cala-2026-05-20
node/3982523604,Hostel Lourdes,Curridabat,Costa Rica,9.9317082,-84.0420208,high,100,osm-costa-rica-hotel-focused-choice-cala-2026-05-20
node/3982523606,Hostel 5ta Avenida,Alajuela,Costa Rica,10.0186308,-84.2136477,high,75,osm-costa-rica-hotel-focused-choice-cala-2026-05-20
node/3982523607,Tamarindo Backpackers,Santa Cruz,Costa Rica,10.2945545,-85.8428588,high,100,osm-costa-rica-hotel-focused-choice-cala-2026-05-20
node/3982523610,Hotel 1492,San Jose,Costa Rica,9.9329795,-84.0649163,high,100,osm-costa-rica-hotel-focused-choice-cala-2026-05-20
node/3982523612,Hotel Acon,Limon,Costa Rica,9.9932691,-83.0276806,high,85,osm-costa-rica-hotel-focused-choice-cala-2026-05-20
node/3982523617,Hotel Alcazar,Turrialba,Costa Rica,9.9059984,-83.6827581,high,75,osm-costa-rica-hotel-focused-choice-cala-2026-05-20
node/3982523618,Alkamar,Tambor,Costa Rica,9.7209669,-85.0285563,high,75,osm-costa-rica-hotel-focused-choice-cala-2026-05-20
node/3982523619,Hotel Almendros & Corales,Manzanillo,Costa Rica,9.6314715,-82.6728697,high,75,osm-costa-rica-hotel-focused-choice-cala-2026-05-20
node/3982523620,Hotel Almost Paradise,Nicoya,Costa Rica,9.9533727,-85.6724217,high,75,osm-costa-rica-hotel-focused-choice-cala-2026-05-20
node/3982523624,Hotel Alturas Del Arenal,Arenal,Costa Rica,10.5584532,-84.924238,high,75,osm-costa-rica-hotel-focused-choice-cala-2026-05-20
node/3982523625,Hotel Alturas,Arenal,Costa Rica,10.5607498,-84.9301543,high,75,osm-costa-rica-hotel-focused-choice-cala-2026-05-20
node/3982523626,Hotel America,Heredia,Costa Rica,9.9973813,-84.1165368,high,75,osm-costa-rica-hotel-focused-choice-cala-2026-05-20
node/3982523627,Amor De Mar,Montezuma,Costa Rica,9.6504088,-85.0693485,high,100,osm-costa-rica-hotel-focused-choice-cala-2026-05-20
node/3982523628,Hotel Ara Ambigua,Sarapiqui,Costa Rica,10.4570084,-84.0256695,high,75,osm-costa-rica-hotel-focused-choice-cala-2026-05-20
node/3982523630,Hotel Arboleda,Perez Zeledon,Costa Rica,9.3708014,-83.7116904,high,75,osm-costa-rica-hotel-focused-choice-cala-2026-05-20
node/3982523631,Hotel Arca De Noe,Nandayure,Costa Rica,9.8183277,-85.3004121,high,75,osm-costa-rica-hotel-focused-choice-cala-2026-05-20
node/3982523633,Arenal Green,San Ramon,Costa Rica,10.4566098,-84.6572418,high,75,osm-costa-rica-hotel-focused-choice-cala-2026-05-20
node/3982523645,Bijagua,San Carlos,Costa Rica,10.4683858,-84.6627923,high,100,osm-costa-rica-hotel-focused-choice-cala-2026-05-20
node/3982523646,Hotel Blue Pelican,Nandayure,Costa Rica,9.8139227,-85.3119597,high,75,osm-costa-rica-hotel-focused-choice-cala-2026-05-20
node/3982523647,Hotel Alta Marea,Playa Hermosa,Costa Rica,10.5720123,-85.6734167,high,75,osm-costa-rica-hotel-focused-choice-cala-2026-05-20
node/3982523652,Hotel Bugabutik,Talamanca,Costa Rica,9.6313346,-82.7279752,high,75,osm-costa-rica-hotel-focused-choice-cala-2026-05-20
node/3982523655,Hotel Cabinas Claribel,Sarapiqui,Costa Rica,10.3967725,-84.1385377,high,75,osm-costa-rica-hotel-focused-choice-cala-2026-05-20
node/3982523759,Hotel Café de Paris,,Costa Rica,9.9453438,-85.6637444,high,80,osm-costa-rica-hotel-focused-choice-cala-2026-05-20
node/3982523760,Hotel California,Quepos,Costa Rica,9.4216522,-84.1570766,high,75,osm-costa-rica-hotel-focused-choice-cala-2026-05-20
node/3982523763,Hotel Campo Verde,San Carlos,Costa Rica,10.5011265,-84.7062474,high,100,osm-costa-rica-hotel-focused-choice-cala-2026-05-20
node/3982523765,Canciones Del Mar,Jaco,Costa Rica,9.6165176,-84.6331409,high,75,osm-costa-rica-hotel-focused-choice-cala-2026-05-20
node/3982523768,Hotel Capital,San Jose,Costa Rica,9.9362679,-84.0804243,high,100,osm-costa-rica-hotel-focused-choice-cala-2026-05-20
node/3982523769,Hotel Capitan Suizo,Santa Cruz,Costa Rica,10.2994972,-85.841733,high,75,osm-costa-rica-hotel-focused-choice-cala-2026-05-20
node/3982523773,Hotel Casa Alegre,Santa Ana,Costa Rica,9.934458,-84.185931,high,75,osm-costa-rica-hotel-focused-choice-cala-2026-05-20
node/3982523774,Hotel Casa Alfi,San Jose,Costa Rica,9.931469,-84.0777687,high,85,osm-costa-rica-hotel-focused-choice-cala-2026-05-20
node/3982523777,Hotel Casa Azul,Malpais,Costa Rica,9.628578,-85.151102,high,75,osm-costa-rica-hotel-focused-choice-cala-2026-05-20
node/3982523779,Casa Cecilia,Malpais,Costa Rica,9.6509229,-85.1751582,high,75,osm-costa-rica-hotel-focused-choice-cala-2026-05-20
node/3982523784,Hotel Casa Real,Liberia,Costa Rica,10.6292936,-85.4331945,high,75,osm-costa-rica-hotel-focused-choice-cala-2026-05-20
node/3982523785,Hotel Casa Tucan,Nicoya,Costa Rica,9.9424619,-85.66616,high,75,osm-costa-rica-hotel-focused-choice-cala-2026-05-20
node/3982523786,Hotel Casa Vieja,Liberia,Costa Rica,10.6274581,-85.4372593,high,75,osm-costa-rica-hotel-focused-choice-cala-2026-05-20
node/3982523788,Hotel Castillo,San Jose,Costa Rica,9.9376302,-84.0738216,high,100,osm-costa-rica-hotel-focused-choice-cala-2026-05-20
node/3982523790,Calala Beach Lodge,Malpais,Costa Rica,9.606815,-85.0842292,high,100,osm-costa-rica-hotel-focused-choice-cala-2026-05-20
node/3982523796,Hotel Cleos,Heredia,Costa Rica,9.9999719,-84.1182705,high,75,osm-costa-rica-hotel-focused-choice-cala-2026-05-20
node/3982523798,Hotel Coco Bay,Playa del Coco,Costa Rica,10.5493801,-85.6962262,high,75,osm-costa-rica-hotel-focused-choice-cala-2026-05-20
node/3982523799,Hotel Coco Dreams,Playa del Coco,Costa Rica,10.5482371,-85.6967435,high,75,osm-costa-rica-hotel-focused-choice-cala-2026-05-20
node/3982523800,Hotel Coco Palms,Playa del Coco,Costa Rica,10.545574,-85.705469,high,75,osm-costa-rica-hotel-focused-choice-cala-2026-05-20
node/3982523803,Hotel Cocori,San Jose,Costa Rica,9.9369309,-84.0850932,high,85,osm-costa-rica-hotel-focused-choice-cala-2026-05-20
node/3982523806,Hotel Conchal,Santa Cruz,Costa Rica,10.403938,-85.796553,high,75,osm-costa-rica-hotel-focused-choice-cala-2026-05-20
node/3982523807,Hotel Continental,Limon,Costa Rica,9.9948641,-83.0279542,high,75,osm-costa-rica-hotel-focused-choice-cala-2026-05-20
node/3982523810,Costa Coral,Montezuma,Costa Rica,9.6583152,-85.0684107,high,75,osm-costa-rica-hotel-focused-choice-cala-2026-05-20
node/3982523815,Hotel Daisyta,Liberia,Costa Rica,10.6355367,-85.432295,high,75,osm-costa-rica-hotel-focused-choice-cala-2026-05-20
node/3982523816,Hotel Danubio,San Jose,Costa Rica,9.9368306,-84.0864769,high,85,osm-costa-rica-hotel-focused-choice-cala-2026-05-20
node/3982523818,Hotel De La Cuesta,San Jose,Costa Rica,9.9342394,-84.0725805,high,100,osm-costa-rica-hotel-focused-choice-cala-2026-05-20
node/3982523820,Hotel Río Tempisque,Nicoya,Costa Rica,10.1669752,-85.4549608,high,75,osm-costa-rica-hotel-focused-choice-cala-2026-05-20
node/3982523821,Hotel de Montaña,Dota,Costa Rica,9.644927,-83.8479776,high,75,osm-costa-rica-hotel-focused-choice-cala-2026-05-20
node/3982523822,Hotel De Ramal,Nicoya,Costa Rica,9.960143,-85.6694266,high,75,osm-costa-rica-hotel-focused-choice-cala-2026-05-20
node/3982523831,Hotel La Palma del Arenal,La Fortuna,Costa Rica,10.50115,-84.7090515,high,75,osm-costa-rica-hotel-focused-choice-cala-2026-05-20
node/3982523832,Hotel Don Carlos,San Jose,Costa Rica,9.9373534,-84.0743488,high,100,osm-costa-rica-hotel-focused-choice-cala-2026-05-20
node/3982523836,Hotel Eco Lodge,Tilaran,Costa Rica,10.5573902,-84.9205248,high,75,osm-costa-rica-hotel-focused-choice-cala-2026-05-20
node/3982523839,Hotel El Chocho,Nicoya,Costa Rica,9.88143,-85.516571,high,75,osm-costa-rica-hotel-focused-choice-cala-2026-05-20
node/3982523840,Hotel El Cielo,Tilaran,Costa Rica,10.5671426,-84.936999,high,75,osm-costa-rica-hotel-focused-choice-cala-2026-05-20
node/3982523842,El Gran Escape,Quepos,Costa Rica,9.4311858,-84.1648294,high,75,osm-costa-rica-hotel-focused-choice-cala-2026-05-20
node/3982523844,Hotel El Maranon,Mora,Costa Rica,9.926952,-84.2318701,high,75,osm-costa-rica-hotel-focused-choice-cala-2026-05-20
node/3982523845,Hotel El Meteorito,Aguirre,Costa Rica,9.4447017,-84.1662118,high,75,osm-costa-rica-hotel-focused-choice-cala-2026-05-20
node/3982523848,Hotel El Mono Loco,Santa Cruz,Costa Rica,10.295332,-85.8443357,high,75,osm-costa-rica-hotel-focused-choice-cala-2026-05-20
node/3982523850,Hotel El Parqueo,Ciudad Quesada,Costa Rica,10.3278555,-84.4311701,high,75,osm-costa-rica-hotel-focused-choice-cala-2026-05-20
node/3982523851,Hotel El Portico,Santa Barbara,Costa Rica,10.1097654,-84.1446551,high,75,osm-costa-rica-hotel-focused-choice-cala-2026-05-20
node/3982523852,Hotel El Pueblo,Upala,Costa Rica,10.8993141,-85.017582,high,75,osm-costa-rica-hotel-focused-choice-cala-2026-05-20
node/3982523855,Hotel El Sueno,Santa Cruz,Costa Rica,10.0341129,-85.740026,high,75,osm-costa-rica-hotel-focused-choice-cala-2026-05-20
node/3982523856,El Tajalin,Montezuma,Costa Rica,9.6556075,-85.0681194,high,75,osm-costa-rica-hotel-focused-choice-cala-2026-05-20
node/3982523958,Hotel El Valle,Perez Zeledon,Costa Rica,9.3748126,-83.7039642,high,75,osm-costa-rica-hotel-focused-choice-cala-2026-05-20
node/3982523962,Hotel Esperanza,Hojancha,Costa Rica,9.8650848,-85.4796182,high,75,osm-costa-rica-hotel-focused-choice-cala-2026-05-20
node/3982523963,Flamboyant,Jaco,Costa Rica,9.6149431,-84.6279849,high,75,osm-costa-rica-hotel-focused-choice-cala-2026-05-20
node/3982523964,Hotel Flor Blanca,Malpais,Costa Rica,9.652241,-85.177238,high,75,osm-costa-rica-hotel-focused-choice-cala-2026-05-20
node/3982523968,Hotel Fung,Limon,Costa Rica,9.9916513,-83.0286133,high,75,osm-costa-rica-hotel-focused-choice-cala-2026-05-20
node/3982523971,Hotel Gaviotas,Sierpe,Costa Rica,8.8605796,-83.4711259,high,75,osm-costa-rica-hotel-focused-choice-cala-2026-05-20
node/3982523976,Hotel Gran Irazu,Potrero Cerrado,Costa Rica,9.9471616,-83.8640555,high,75,osm-costa-rica-hotel-focused-choice-cala-2026-05-20
node/3982523977,Hotel Green Day Inn,Alajuela,Costa Rica,10.0186036,-84.2112245,high,75,osm-costa-rica-hotel-focused-choice-cala-2026-05-20
node/3982523981,Hotel Guest House,Sabana Norte,Costa Rica,9.9400751,-84.0954096,high,100,osm-costa-rica-hotel-focused-choice-cala-2026-05-20
node/3982523982,Hotel Heredia,Heredia,Costa Rica,10.0012998,-84.119445,high,75,osm-costa-rica-hotel-focused-choice-cala-2026-05-20
node/3982523987,Hotel Interamericano,Turrialba,Costa Rica,9.904165,-83.682299,high,75,osm-costa-rica-hotel-focused-choice-cala-2026-05-20
node/3982523988,Hotel Irdama,Guapiles,Costa Rica,10.2139598,-83.7837662,high,75,osm-costa-rica-hotel-focused-choice-cala-2026-05-20
node/3982523989,Hotel Isolina Beach,Santa Cruz,Costa Rica,10.450348,-85.768964,high,75,osm-costa-rica-hotel-focused-choice-cala-2026-05-20
node/3982523990,Hotel Isolina,Santa Cruz,Costa Rica,10.4545358,-85.7708036,high,75,osm-costa-rica-hotel-focused-choice-cala-2026-05-20
node/3982523994,Hotel Jerusalem,Perez Zeledon,Costa Rica,9.37465,-83.705062,high,75,osm-costa-rica-hotel-focused-choice-cala-2026-05-20
node/3982523996,Hotel Kasha,Talamanca,Costa Rica,9.6416088,-82.7192014,high,75,osm-costa-rica-hotel-focused-choice-cala-2026-05-20
node/3982523998,Kelly Creek,Cahuita,Costa Rica,9.736124,-82.8391401,high,75,osm-costa-rica-hotel-focused-choice-cala-2026-05-20
node/3982523999,Hotel Kokomos,Carrillo,Costa Rica,10.564574,-85.68062,high,75,osm-costa-rica-hotel-focused-choice-cala-2026-05-20
node/3982524002,Hotel La Cameta,Jaco,Costa Rica,9.6146928,-84.6287246,high,75,osm-costa-rica-hotel-focused-choice-cala-2026-05-20
node/3982524004,La Colina,Manuel Antonio,Costa Rica,9.4132414,-84.1561423,high,100,osm-costa-rica-hotel-focused-choice-cala-2026-05-20
node/3982524006,Hotel La Dolce Vita,Parrita,Costa Rica,9.5266763,-84.5037731,high,75,osm-costa-rica-hotel-focused-choice-cala-2026-05-20
node/3982524011,Marino Lodge,Uvita,Costa Rica,9.1593901,-83.7425555,high,100,osm-costa-rica-hotel-focused-choice-cala-2026-05-20
node/3982524013,Hotel La Rana de Arenal,Arenal,Costa Rica,10.5608194,-84.9281968,high,75,osm-costa-rica-hotel-focused-choice-cala-2026-05-20
node/3982524014,Hotel La Rana De Arenal,Tilaran,Costa Rica,10.5555873,-84.9188746,high,75,osm-costa-rica-hotel-focused-choice-cala-2026-05-20
node/3982524024,Hotel Las Flores,Heredia,Costa Rica,9.9941955,-84.1222904,high,75,osm-costa-rica-hotel-focused-choice-cala-2026-05-20
node/3982524026,Hotel Las Gaviotas,Jaco,Costa Rica,9.614668,-84.627296,high,75,osm-costa-rica-hotel-focused-choice-cala-2026-05-20
node/3982524028,Hotel Las Palmas,Punta Uva,Costa Rica,9.6420108,-82.6851523,high,75,osm-costa-rica-hotel-focused-choice-cala-2026-05-20
node/3982524029,Hotel Las Palmeras,Nicoya,Costa Rica,9.8810131,-85.5384914,high,75,osm-costa-rica-hotel-focused-choice-cala-2026-05-20
node/3982524030,Hotel Las Tortugas,Santa Cruz,Costa Rica,10.3346273,-85.8482411,high,90,osm-costa-rica-hotel-focused-choice-cala-2026-05-20
node/3982524032,Hotel Lavasurf,Malpais,Costa Rica,9.629102,-85.151633,high,75,osm-costa-rica-hotel-focused-choice-cala-2026-05-20
node/3982524037,Hotel Lilly,Guapiles,Costa Rica,10.2140687,-83.7845636,high,75,osm-costa-rica-hotel-focused-choice-cala-2026-05-20
node/3982524045,Hotel Los Lagos,San Carlos,Costa Rica,10.488746,-84.6859577,high,75,osm-costa-rica-hotel-focused-choice-cala-2026-05-20
node/3982524050,Lu De Vida,Malpais,Costa Rica,9.633861,-85.157357,high,75,osm-costa-rica-hotel-focused-choice-cala-2026-05-20
node/3982524054,Luz De Mono,Montezuma,Costa Rica,9.6553436,-85.0669469,high,75,osm-costa-rica-hotel-focused-choice-cala-2026-05-20
node/3982524055,Hotel Luz De Papagayo,Playa del Coco,Costa Rica,10.5495259,-85.696671,high,75,osm-costa-rica-hotel-focused-choice-cala-2026-05-20
node/3982524258,Makanas,Malpais,Costa Rica,9.65297,-85.177688,high,75,osm-costa-rica-hotel-focused-choice-cala-2026-05-20
node/3982524260,Hotel Mangomar,Jaco,Costa Rica,9.613574,-84.628074,high,75,osm-costa-rica-hotel-focused-choice-cala-2026-05-20
node/3982524263,Villa Margarita,La Garita,Costa Rica,10.0041892,-84.272784,high,100,osm-costa-rica-hotel-focused-choice-cala-2026-05-20
node/3982524264,Hotel Mariposa,Puntarenas,Costa Rica,10.3010676,-84.8056982,high,75,osm-costa-rica-hotel-focused-choice-cala-2026-05-20
node/3982524272,Hotel Miami,Limon,Costa Rica,9.9919292,-83.0287521,high,85,osm-costa-rica-hotel-focused-choice-cala-2026-05-20
node/3982524273,Hotel Milarepa,Malpais,Costa Rica,9.649966,-85.176574,high,75,osm-costa-rica-hotel-focused-choice-cala-2026-05-20
node/3982524276,Hotel Miss Junie's,Pococi,Costa Rica,10.5446935,-83.5038154,high,75,osm-costa-rica-hotel-focused-choice-cala-2026-05-20
node/3982524277,Hotel Montana Linda,Paraiso,Costa Rica,9.7934369,-83.8555116,high,75,osm-costa-rica-hotel-focused-choice-cala-2026-05-20
node/3982524278,Hotel Montaña Valle Verde,Turrialba,Costa Rica,9.8970847,-83.6974487,high,75,osm-costa-rica-hotel-focused-choice-cala-2026-05-20
node/3982524288,Centro Turístico Los Cartagos,San Carlos,Costa Rica,10.431519,-84.311046,high,75,osm-costa-rica-hotel-focused-choice-cala-2026-05-20
node/3982524289,Hotel Ojala,Osa,Costa Rica,8.698254,-83.652458,high,100,osm-costa-rica-hotel-focused-choice-cala-2026-05-20
node/3982524290,Hotel Oleaje Sereno,,Costa Rica,8.8588963,-83.4727496,medium,55,osm-costa-rica-hotel-focused-choice-cala-2026-05-20
node/3982524291,Hotel Oso Perezoso,Osa,Costa Rica,9.071038,-83.645828,high,75,osm-costa-rica-hotel-focused-choice-cala-2026-05-20
node/3982524292,Oz,Jaco,Costa Rica,9.6124324,-84.6274341,high,75,osm-costa-rica-hotel-focused-choice-cala-2026-05-20
node/3982524294,Hotel Pacific Dyean,Uvita,Costa Rica,9.1501902,-83.7258268,high,75,osm-costa-rica-hotel-focused-choice-cala-2026-05-20
node/3982524297,Hotel Palace,Limon,Costa Rica,9.9928578,-83.0273193,high,85,osm-costa-rica-hotel-focused-choice-cala-2026-05-20
node/3982524304,Hotel Parque,Canas,Costa Rica,10.4258912,-85.0915619,high,75,osm-costa-rica-hotel-focused-choice-cala-2026-05-20
node/3982524305,Pasatiempo,Santa Cruz,Costa Rica,10.296655,-85.840324,high,75,osm-costa-rica-hotel-focused-choice-cala-2026-05-20
node/3982524306,Hotel Pelicano,Parrita,Costa Rica,9.523724,-84.450416,high,75,osm-costa-rica-hotel-focused-choice-cala-2026-05-20
node/3982524309,Hotel Perla Negra Beachfront,Puerto Viejo,Costa Rica,9.6575633,-82.7718941,high,100,osm-costa-rica-hotel-focused-choice-cala-2026-05-20
node/3982524310,Hotel Petit Victoria,San José,Costa Rica,9.9344184,-84.0920934,high,85,osm-costa-rica-hotel-focused-choice-cala-2026-05-20
node/3982524311,Hotel Petit,San Jose,Costa Rica,9.9344931,-84.0900966,high,85,osm-costa-rica-hotel-focused-choice-cala-2026-05-20
node/3982524314,Hotel Pitahaya,Sabana Norte,Costa Rica,9.9373496,-84.0943411,high,100,osm-costa-rica-hotel-focused-choice-cala-2026-05-20
node/3982524317,Hotel Playa Carmen,Malpais,Costa Rica,9.6269008,-85.1512391,high,75,osm-costa-rica-hotel-focused-choice-cala-2026-05-20
node/3982524318,Hotel Playa Carmen,Malpais,Costa Rica,9.6278916,-85.1506347,high,75,osm-costa-rica-hotel-focused-choice-cala-2026-05-20
node/3982524319,Hotel Playa Espadilla,Manuel Antonio,Costa Rica,9.3928647,-84.1468802,high,75,osm-costa-rica-hotel-focused-choice-cala-2026-05-20
node/3982524320,Hotel Playa Hermosa,Carrillo,Costa Rica,10.5734907,-85.6738153,high,100,osm-costa-rica-hotel-focused-choice-cala-2026-05-20
node/3982524321,Hotel Playa Samara,Samara,Costa Rica,9.8811665,-85.5287108,high,75,osm-costa-rica-hotel-focused-choice-cala-2026-05-20
node/3982524325,Hotel Plinio,Quepos,Costa Rica,9.4246996,-84.1594479,high,75,osm-costa-rica-hotel-focused-choice-cala-2026-05-20
node/3982524327,Hotel Portofino,Tamarindo,Costa Rica,10.2973381,-85.8409554,high,85,osm-costa-rica-hotel-focused-choice-cala-2026-05-20
node/3982524328,Hotel Posada Canal Grande,Santa Ana,Costa Rica,9.9305861,-84.2212398,high,75,osm-costa-rica-hotel-focused-choice-cala-2026-05-20
node/3982524332,Hotel Puerta Del Sol,Playa del Coco,Costa Rica,10.5507356,-85.6940321,high,75,osm-costa-rica-hotel-focused-choice-cala-2026-05-20
node/3982524334,Hotel Punta Cocles,Talamanca,Costa Rica,9.6378305,-82.7181137,high,75,osm-costa-rica-hotel-focused-choice-cala-2026-05-20
node/3982524335,Hotel Punta Cocles,Talamanca,Costa Rica,9.6424719,-82.721147,high,75,osm-costa-rica-hotel-focused-choice-cala-2026-05-20
node/3982524339,Hotel Quelitales,Paraiso,Costa Rica,9.826297,-83.791283,high,75,osm-costa-rica-hotel-focused-choice-cala-2026-05-20
node/3982524340,Hotel Rambles,Heredia,Costa Rica,9.9961054,-84.1221182,high,75,osm-costa-rica-hotel-focused-choice-cala-2026-05-20
node/3982524341,Hotel Rancho Coral,Parrita,Costa Rica,9.5278411,-84.5002482,high,75,osm-costa-rica-hotel-focused-choice-cala-2026-05-20
node/3982524342,Hotel Rancho Curubandé,Curubandé,Costa Rica,10.6633495,-85.465095,high,75,osm-costa-rica-hotel-focused-choice-cala-2026-05-20
node/3982524343,Hotel Rancho de la Playa,Samara,Costa Rica,9.882398,-85.5252132,high,75,osm-costa-rica-hotel-focused-choice-cala-2026-05-20
node/3982524345,Raratonga,Malpais,Costa Rica,9.644409,-85.167991,high,75,osm-costa-rica-hotel-focused-choice-cala-2026-05-20
node/3982524346,Rarotonga,Malpais,Costa Rica,9.6469313,-85.1694986,high,75,osm-costa-rica-hotel-focused-choice-cala-2026-05-20
node/3982524352,Hotel Reventazon,Paraiso,Costa Rica,9.793969,-83.854629,high,75,osm-costa-rica-hotel-focused-choice-cala-2026-05-20
node/3982524354,Rio Lindo,Dominical,Costa Rica,9.2571809,-83.8631155,high,100,osm-costa-rica-hotel-focused-choice-cala-2026-05-20
node/3982524465,Hotel Roca Verde,Bahía Ballena,Costa Rica,9.2470695,-83.8553505,high,75,osm-costa-rica-hotel-focused-choice-cala-2026-05-20
node/3982524466,Hotel Ronnys,Malpais,Costa Rica,9.6300496,-85.1526152,high,75,osm-costa-rica-hotel-focused-choice-cala-2026-05-20
node/3982524471,Hotel Samara Paraiso,Nicoya,Costa Rica,9.8800204,-85.539244,high,75,osm-costa-rica-hotel-focused-choice-cala-2026-05-20
node/3982524474,Hotel San Isidro & Club,Puntarenas,Costa Rica,9.9761935,-84.7580526,high,75,osm-costa-rica-hotel-focused-choice-cala-2026-05-20
node/3982524479,Hotel Savegre,Cartago,Costa Rica,9.8665518,-83.9163089,high,75,osm-costa-rica-hotel-focused-choice-cala-2026-05-20
node/3982524480,Hotel Selva Mar,Garabito,Costa Rica,9.700885,-84.660217,high,75,osm-costa-rica-hotel-focused-choice-cala-2026-05-20
node/3982524484,Hotel Sol Sámara,Sámara,Costa Rica,9.8735549,-85.5094786,high,75,osm-costa-rica-hotel-focused-choice-cala-2026-05-20
node/3982524489,Hotel Sueño Real,San Rafael,Costa Rica,10.6633357,-84.8202036,high,75,osm-costa-rica-hotel-focused-choice-cala-2026-05-20
node/3982524491,Hotel Sunset B&B,Puerto Carrillo,Costa Rica,9.8740634,-85.4879436,high,75,osm-costa-rica-hotel-focused-choice-cala-2026-05-20
node/3982524493,Hotel Tairona,Montes de Oca,Costa Rica,9.9354913,-84.0561369,high,75,osm-costa-rica-hotel-focused-choice-cala-2026-05-20
node/3982524495,Hotel Tapantí Media,Paraiso,Costa Rica,9.7859326,-83.8455281,high,100,osm-costa-rica-hotel-focused-choice-cala-2026-05-20
node/3982524497,Hotel Tapezco Inn,Escazu,Costa Rica,9.9190212,-84.1401387,high,75,osm-costa-rica-hotel-focused-choice-cala-2026-05-20
node/3982524502,Hotel Tilawa,Tilaran,Costa Rica,10.5208157,-84.9661783,high,75,osm-costa-rica-hotel-focused-choice-cala-2026-05-20
node/3982524506,Hotel Tres Ríos,Barú,Costa Rica,9.2907537,-83.8038297,high,75,osm-costa-rica-hotel-focused-choice-cala-2026-05-20
node/3982524507,Tropicana,Santa Cruz,Costa Rica,10.3004366,-85.8402392,high,75,osm-costa-rica-hotel-focused-choice-cala-2026-05-20
node/3982524508,Tropico Latino,Malpais,Costa Rica,9.632071,-85.155632,high,75,osm-costa-rica-hotel-focused-choice-cala-2026-05-20
node/3982524510,Hotel Universitario,San Jose,Costa Rica,9.9290889,-84.054776,high,75,osm-costa-rica-hotel-focused-choice-cala-2026-05-20
node/3982524513,Hotel Venecia,Nicoya,Costa Rica,10.1432253,-85.4536121,high,75,osm-costa-rica-hotel-focused-choice-cala-2026-05-20
node/3982524519,Hotel Villa Del Sol,Carrillo,Costa Rica,10.5589399,-85.6901657,high,100,osm-costa-rica-hotel-focused-choice-cala-2026-05-20
node/3982524522,Villa Grace,Malpais,Costa Rica,9.6863395,-85.1027334,high,75,osm-costa-rica-hotel-focused-choice-cala-2026-05-20
node/3982524527,Hotel Vista Del Cerro,Dominical,Costa Rica,9.2631232,-83.8612687,high,75,osm-costa-rica-hotel-focused-choice-cala-2026-05-20
node/3982524532,Hotel Yadi,Orotina,Costa Rica,9.913252,-84.519134,high,75,osm-costa-rica-hotel-focused-choice-cala-2026-05-20
node/3982524534,Hotel Yenny,Nicoya,Costa Rica,10.1424964,-85.4527481,high,75,osm-costa-rica-hotel-focused-choice-cala-2026-05-20
node/3982524535,Hotel Republik,Jaco,Costa Rica,9.6137266,-84.6279397,high,75,osm-costa-rica-hotel-focused-choice-cala-2026-05-20
node/3982524537,Hotel Zona Blue,San José,Costa Rica,9.9374913,-84.0758776,high,75,osm-costa-rica-hotel-focused-choice-cala-2026-05-20
node/3982524538,Hotel de Campo Cano Negro,Cano Negro,Costa Rica,10.8974506,-84.7880805,high,100,osm-costa-rica-hotel-focused-choice-cala-2026-05-20
node/3982524540,Howlers Cabinas,Nicoya,Costa Rica,9.8855986,-85.5454833,high,75,osm-costa-rica-hotel-focused-choice-cala-2026-05-20
node/3982524542,Iguana Inn,Carrillo,Costa Rica,10.5761387,-85.6760783,high,75,osm-costa-rica-hotel-focused-choice-cala-2026-05-20
node/3982524545,In & Basic Hostel Lounge,San Jose,Costa Rica,9.9301824,-84.0592525,high,100,osm-costa-rica-hotel-focused-choice-cala-2026-05-20
node/3982524547,Inn At Coyote Mountain,San Ramon,Costa Rica,10.1097982,-84.5403097,high,75,osm-costa-rica-hotel-focused-choice-cala-2026-05-20
node/3982524548,Internet Cafe Seekret Spot Hostel,Nicoya,Costa Rica,9.9547545,-85.6721221,high,75,osm-costa-rica-hotel-focused-choice-cala-2026-05-20
node/3982524549,Isolina,Santa Cruz,Costa Rica,10.450316,-85.769706,high,75,osm-costa-rica-hotel-focused-choice-cala-2026-05-20
node/3982524550,Italia Villas,Talamanca,Costa Rica,9.6380604,-82.7061664,high,75,osm-costa-rica-hotel-focused-choice-cala-2026-05-20
node/3982524857,Jardín Miraflores Lodge,Talamanca,Costa Rica,9.639525,-82.7132813,high,75,osm-costa-rica-hotel-focused-choice-cala-2026-05-20
node/3982524858,Jinetes de Osa,Osa,Costa Rica,8.6918499,-83.6719761,high,100,osm-costa-rica-hotel-focused-choice-cala-2026-05-20
node/3982524859,Jodokus Inn,Montezuma,Costa Rica,9.6477274,-85.0764336,high,100,osm-costa-rica-hotel-focused-choice-cala-2026-05-20
node/3982524861,Josipek Villas,San Ramon,Costa Rica,10.4153441,-84.6073827,high,75,osm-costa-rica-hotel-focused-choice-cala-2026-05-20
node/3982524862,Jualares Hotel,Alajuela,Costa Rica,10.1422243,-84.1948683,high,75,osm-costa-rica-hotel-focused-choice-cala-2026-05-20
node/3982524863,Jungle Dreamz,Manzanillo,Costa Rica,9.6260048,-82.660624,high,90,osm-costa-rica-hotel-focused-choice-cala-2026-05-20
node/3982524864,Jungle Lodge,Pococi,Costa Rica,10.5520755,-83.5118542,high,75,osm-costa-rica-hotel-focused-choice-cala-2026-05-20
node/3982524865,Kam Tu Hotel,Canas,Costa Rica,10.4308794,-85.0971139,high,75,osm-costa-rica-hotel-focused-choice-cala-2026-05-20
node/3982524866,Kangaroo Hotel,Jaco,Costa Rica,9.603296,-84.619728,high,75,osm-costa-rica-hotel-focused-choice-cala-2026-05-20
node/3982524873,Kiri Lodge,Orosi,Costa Rica,9.7737322,-83.7954583,high,75,osm-costa-rica-hotel-focused-choice-cala-2026-05-20
node/3982524878,Korrigan Lodge,Punta Uva,Costa Rica,9.6380409,-82.6884841,high,100,osm-costa-rica-hotel-focused-choice-cala-2026-05-20
node/3982524879,Krystalmax Hotel,Jaco,Costa Rica,9.615018,-84.626879,high,75,osm-costa-rica-hotel-focused-choice-cala-2026-05-20
node/3982524880,Hotel La Kukula Lodge,Talamanca,Costa Rica,9.6393668,-82.7092864,high,75,osm-costa-rica-hotel-focused-choice-cala-2026-05-20
node/3982524882,Kura Design Villas,Osa,Costa Rica,9.1973497,-83.7435615,high,75,osm-costa-rica-hotel-focused-choice-cala-2026-05-20
node/3982524883,L'acqua Viva,Nicoya,Costa Rica,9.9553576,-85.6665696,high,75,osm-costa-rica-hotel-focused-choice-cala-2026-05-20
node/3982524884,La Amistad Lodge,Coto Brus,Costa Rica,8.9245533,-82.7834829,high,75,osm-costa-rica-hotel-focused-choice-cala-2026-05-20
node/3982524885,La Anita Rainforest Ranch,Upala,Costa Rica,10.8617292,-85.2378554,high,75,osm-costa-rica-hotel-focused-choice-cala-2026-05-20
node/3982524886,La Baula Lodge,Pococi,Costa Rica,10.5492598,-83.5109028,high,75,osm-costa-rica-hotel-focused-choice-cala-2026-05-20
node/3982524887,La Brisas,Santa Cruz,Costa Rica,10.4583833,-85.7731378,high,75,osm-costa-rica-hotel-focused-choice-cala-2026-05-20
node/3982524888,La Cacatua Lodge,Uvita,Costa Rica,9.1725485,-83.7203088,high,75,osm-costa-rica-hotel-focused-choice-cala-2026-05-20
node/3982524889,La Cangreja Lodge,La Fortuna,Costa Rica,10.491094,-84.7263007,high,75,osm-costa-rica-hotel-focused-choice-cala-2026-05-20
node/3982524890,La Caracola,Talamanca,Costa Rica,9.6430773,-82.7234076,high,75,osm-costa-rica-hotel-focused-choice-cala-2026-05-20
node/3982524891,La Carolina Lodge,Upala,Costa Rica,10.7517559,-84.991875,high,100,osm-costa-rica-hotel-focused-choice-cala-2026-05-20
node/3982524892,La Carolina Lodge,Upala,Costa Rica,10.8090383,-85.0111512,high,75,osm-costa-rica-hotel-focused-choice-cala-2026-05-20
node/3982524896,La Casa De Las Revistas,Heredia,Costa Rica,9.996608,-84.1167786,high,75,osm-costa-rica-hotel-focused-choice-cala-2026-05-20
node/3982524899,La Casita del Maiz,Upala,Costa Rica,10.7232519,-85.0679247,high,75,osm-costa-rica-hotel-focused-choice-cala-2026-05-20
node/3982524901,La Casona De Quetzal,Alvarado,Costa Rica,9.9623554,-83.8185304,high,75,osm-costa-rica-hotel-focused-choice-cala-2026-05-20
node/3982524904,La Casona,Pococi,Costa Rica,10.5414635,-83.5026236,high,75,osm-costa-rica-hotel-focused-choice-cala-2026-05-20
node/3982524905,Hotel La Catalina,Santa Barbara,Costa Rica,10.0482771,-84.1470861,high,100,osm-costa-rica-hotel-focused-choice-cala-2026-05-20
node/3982524906,La Ceiba Tree Lodge,Tilaran,Costa Rica,10.5497124,-84.8990855,high,75,osm-costa-rica-hotel-focused-choice-cala-2026-05-20
node/3982524907,La Ceiba Tree Lodge,Tilaran,Costa Rica,10.5189208,-84.8609309,high,75,osm-costa-rica-hotel-focused-choice-cala-2026-05-20
node/3982524913,La Cosana,Liberia,Costa Rica,10.6298404,-85.4361573,high,75,osm-costa-rica-hotel-focused-choice-cala-2026-05-20
node/3982524917,La Cusinga Lodge,Osa,Costa Rica,9.253936,-83.727722,high,75,osm-costa-rica-hotel-focused-choice-cala-2026-05-20
node/3982524918,La Diosa Hotel,Cahuita,Costa Rica,9.7501358,-82.8603549,high,75,osm-costa-rica-hotel-focused-choice-cala-2026-05-20
node/3982524921,La Finisterra,Carrillo,Costa Rica,10.5718064,-85.6765437,high,75,osm-costa-rica-hotel-focused-choice-cala-2026-05-20
node/3982524922,La Fiore de Bahia,Uvita,Costa Rica,9.1587717,-83.7403751,high,100,osm-costa-rica-hotel-focused-choice-cala-2026-05-20
node/3982524926,La Guaria,Liberia,Costa Rica,10.631102,-85.4373192,high,75,osm-costa-rica-hotel-focused-choice-cala-2026-05-20
node/3982524928,La Leona Eco Lodge,Golfito,Costa Rica,8.4440044,-83.4619782,high,75,osm-costa-rica-hotel-focused-choice-cala-2026-05-20
node/3982524931,Hotel La Mansion Inn Arenal,,Costa Rica,10.4898806,-84.836376,medium,55,osm-costa-rica-hotel-focused-choice-cala-2026-05-20
node/3982524933,La Montana Milenas,Barva,Costa Rica,10.1154703,-84.1293853,high,75,osm-costa-rica-hotel-focused-choice-cala-2026-05-20
node/3982524936,La Paloma Lodge,Osa,Costa Rica,8.6933743,-83.682246,high,75,osm-costa-rica-hotel-focused-choice-cala-2026-05-20
node/3982524937,La Posada (Hacienda Pinilla),Santa Cruz,Costa Rica,10.2504367,-85.8442501,high,75,osm-costa-rica-hotel-focused-choice-cala-2026-05-20
node/3982524938,La Posada Del Tope,Liberia,Costa Rica,10.6281455,-85.4373416,high,75,osm-costa-rica-hotel-focused-choice-cala-2026-05-20
node/3982524943,La Primavera,Liberia,Costa Rica,10.6316587,-85.4350538,high,75,osm-costa-rica-hotel-focused-choice-cala-2026-05-20
node/3982524944,La Quinta De Sarapiqui,Sarapiqui,Costa Rica,10.4689071,-84.1122754,high,75,osm-costa-rica-hotel-focused-choice-cala-2026-05-20
node/3982524945,La Quinta de Sarapiqui,Sarapiqui,Costa Rica,10.45156,-84.121414,high,75,osm-costa-rica-hotel-focused-choice-cala-2026-05-20
node/3982524951,Lagarta Lodge,Nicoya,Costa Rica,9.9649907,-85.6766276,high,75,osm-costa-rica-hotel-focused-choice-cala-2026-05-20
node/3982524953,Laguna Mar Hotel,Nandayure,Costa Rica,9.8170636,-85.2972816,high,75,osm-costa-rica-hotel-focused-choice-cala-2026-05-20
node/3982524954,Laguna Vista Villas,Golfito,Costa Rica,8.4386966,-83.4350261,high,90,osm-costa-rica-hotel-focused-choice-cala-2026-05-20
node/3982525257,Lagunillas Lodge,Grecia,Costa Rica,10.1646689,-84.2684208,high,75,osm-costa-rica-hotel-focused-choice-cala-2026-05-20
node/3982525258,Lake Coter Ecolodge,Guatuso,Costa Rica,10.5735479,-84.9254573,high,75,osm-costa-rica-hotel-focused-choice-cala-2026-05-20
node/3982525259,Lands in Love Hotel,San Lorenzo,Costa Rica,10.2725525,-84.5240957,high,75,osm-costa-rica-hotel-focused-choice-cala-2026-05-20
node/3982525262,Las Aguas Jungle Lodge,Perez Zeledon,Costa Rica,9.3080997,-83.7755141,high,75,osm-costa-rica-hotel-focused-choice-cala-2026-05-20
node/3982525263,Las Ardillas,Santa Barbara,Costa Rica,10.1008317,-84.1427614,high,75,osm-costa-rica-hotel-focused-choice-cala-2026-05-20
node/3982525265,Las Caletas Lodge,Osa,Costa Rica,8.6827386,-83.7075761,high,75,osm-costa-rica-hotel-focused-choice-cala-2026-05-20
node/3982525266,Las Caletas Lodge,Osa,Costa Rica,8.6934593,-83.6878911,high,75,osm-costa-rica-hotel-focused-choice-cala-2026-05-20
node/3982525267,Las Casitas Doradas,Malpais,Costa Rica,9.6243315,-85.146802,high,75,osm-costa-rica-hotel-focused-choice-cala-2026-05-20
node/3982525269,Las Cuadras Hotel,El Guarco,Costa Rica,9.808935,-83.951957,high,75,osm-costa-rica-hotel-focused-choice-cala-2026-05-20
node/3982525270,Las Cumbres Inn,Escazu,Costa Rica,9.9207307,-84.1269694,high,75,osm-costa-rica-hotel-focused-choice-cala-2026-05-20
node/3982525271,Las Flores Hotel,Tilaran,Costa Rica,10.5576829,-84.9192139,high,75,osm-costa-rica-hotel-focused-choice-cala-2026-05-20
node/3982525272,Las Islas Lodge,Golfito,Costa Rica,8.5374881,-83.3204602,high,85,osm-costa-rica-hotel-focused-choice-cala-2026-05-20
node/3982525274,Las Laureles Hot Springs Hotel,San Carlos,Costa Rica,10.4889333,-84.6776111,high,75,osm-costa-rica-hotel-focused-choice-cala-2026-05-20
node/3982525275,Las Mariposas,Samara,Costa Rica,9.8817181,-85.5293683,high,75,osm-costa-rica-hotel-focused-choice-cala-2026-05-20
node/3982525279,Laura's House B&b,Playa del Coco,Costa Rica,10.5516684,-85.694373,high,75,osm-costa-rica-hotel-focused-choice-cala-2026-05-20
node/3982525283,Le Beach Club Hotel,Santa Cruz,Costa Rica,10.299512,-85.841536,high,75,osm-costa-rica-hotel-focused-choice-cala-2026-05-20
node/3982525284,Le Cameleon Boutique Hotel,Talamanca,Costa Rica,9.6441813,-82.7284542,high,75,osm-costa-rica-hotel-focused-choice-cala-2026-05-20
node/3982525286,Hotel y Restaurante Leyenda,Hojancha,Costa Rica,9.8744725,-85.4664324,high,100,osm-costa-rica-hotel-focused-choice-cala-2026-05-20
node/3982525290,Lodge Vista Del Mar,Nicoya,Costa Rica,9.956191,-85.666439,high,75,osm-costa-rica-hotel-focused-choice-cala-2026-05-20
node/3982525296,Los Continentes,Talamanca,Costa Rica,9.6428984,-82.7264451,high,100,osm-costa-rica-hotel-focused-choice-cala-2026-05-20
node/3982525297,Alojamiento Los Corralones,Sardinal,Costa Rica,10.5039937,-85.7044967,high,75,osm-costa-rica-hotel-focused-choice-cala-2026-05-20
node/3982525298,Los Delfines Golf & Country Club,Paquera,Costa Rica,9.7436297,-85.0139841,high,75,osm-costa-rica-hotel-focused-choice-cala-2026-05-20
node/3982525299,Los Geranios,Nicoya,Costa Rica,10.1321332,-85.3409718,high,75,osm-costa-rica-hotel-focused-choice-cala-2026-05-20
node/3982525300,Los Lagos Lodge,San Gerardo de Dota,Costa Rica,9.5658052,-83.8011646,high,75,osm-costa-rica-hotel-focused-choice-cala-2026-05-20
node/3982525302,Los Lagos,San Carlos,Costa Rica,10.4922,-84.686251,high,75,osm-costa-rica-hotel-focused-choice-cala-2026-05-20
node/3982525304,Los Nacites Cabanas,Santa Cruz,Costa Rica,10.199373,-85.814665,high,75,osm-costa-rica-hotel-focused-choice-cala-2026-05-20
node/3982525307,Hotel Lost Iguana Resort & Spa,La Fortuna,Costa Rica,10.4852014,-84.7559873,high,100,osm-costa-rica-hotel-focused-choice-cala-2026-05-20
node/3982525309,Lucky Bug Bed & Breakfast,Tilaran,Costa Rica,10.5565993,-84.908492,high,75,osm-costa-rica-hotel-focused-choice-cala-2026-05-20
node/3982525312,Luna Azul,Nandayure,Costa Rica,9.8440267,-85.3386947,high,75,osm-costa-rica-hotel-focused-choice-cala-2026-05-20
node/3982525313,Luna Lena,Santa Cruz,Costa Rica,10.2954808,-85.8422954,high,75,osm-costa-rica-hotel-focused-choice-cala-2026-05-20
node/3982525315,Luz De Luna Bungalows,Malpais,Costa Rica,9.6421471,-85.1659401,high,75,osm-costa-rica-hotel-focused-choice-cala-2026-05-20
node/3982525316,Luz en el Cielo,Montezuma,Costa Rica,9.6567134,-85.0684729,high,100,osm-costa-rica-hotel-focused-choice-cala-2026-05-20
node/3982525317,Magellan Inn,Cahuita,Costa Rica,9.7483266,-82.8604657,high,100,osm-costa-rica-hotel-focused-choice-cala-2026-05-20
node/3982525318,Magic Moon,Puerto Viejo,Costa Rica,9.6567721,-82.7705055,high,75,osm-costa-rica-hotel-focused-choice-cala-2026-05-20
node/3982525320,Makanas Cabinas,Malpais,Costa Rica,9.653997,-85.179107,high,75,osm-costa-rica-hotel-focused-choice-cala-2026-05-20
node/3982525323,Manala,Malpais,Costa Rica,9.6448605,-85.1680859,high,100,osm-costa-rica-hotel-focused-choice-cala-2026-05-20
node/3982525324,Mango Moon B&b,Manuel Antonio,Costa Rica,9.4042074,-84.1578621,high,75,osm-costa-rica-hotel-focused-choice-cala-2026-05-20
node/3982525328,Maquenque Eco-Lodge,Cutris,Costa Rica,10.6830566,-84.2052046,high,90,osm-costa-rica-hotel-focused-choice-cala-2026-05-20
node/3982525330,Maralyn Cabinas,Jaco,Costa Rica,9.613061,-84.628333,high,75,osm-costa-rica-hotel-focused-choice-cala-2026-05-20
node/3982525331,Marenco Beach & Rainforest Lodge,Osa,Costa Rica,8.6669112,-83.712079,high,75,osm-costa-rica-hotel-focused-choice-cala-2026-05-20
node/3982525333,Mariners Inn H & R,Santa Cruz,Costa Rica,10.439158,-85.789894,high,75,osm-costa-rica-hotel-focused-choice-cala-2026-05-20
node/3982525334,Mariposa Beachhomes,Malpais,Costa Rica,9.6472909,-85.1710736,high,75,osm-costa-rica-hotel-focused-choice-cala-2026-05-20
node/3982525335,Marlyn Hotel,San Jose,Costa Rica,9.9382419,-84.0803221,high,75,osm-costa-rica-hotel-focused-choice-cala-2026-05-20
node/3982525336,Marriott Los Suenos,Garabito,Costa Rica,9.6514877,-84.6530513,high,75,osm-costa-rica-hotel-focused-choice-cala-2026-05-20
node/3982525339,Mayra's Camping & Cabinas,Santa Cruz,Costa Rica,10.4410591,-85.7751768,high,75,osm-costa-rica-hotel-focused-choice-cala-2026-05-20
node/3982525341,Mediterriano Surf Camp,Tamarindo,Costa Rica,10.2387119,-85.8279432,high,100,osm-costa-rica-hotel-focused-choice-cala-2026-05-20
node/3982525347,Milkado,Malpais,Costa Rica,9.652186,-85.177,high,75,osm-costa-rica-hotel-focused-choice-cala-2026-05-20
node/3982525352,Mirador Lodge,Osa,Costa Rica,8.6945778,-83.6571054,high,100,osm-costa-rica-hotel-focused-choice-cala-2026-05-20
node/3982525354,Cabinas Miriam,San Gerardo de Dota,Costa Rica,9.586682,-83.798752,high,75,osm-costa-rica-hotel-focused-choice-cala-2026-05-20
node/3982525355,Miss Miriam's #1,Pococi,Costa Rica,10.5415455,-83.502555,high,75,osm-costa-rica-hotel-focused-choice-cala-2026-05-20
node/3982525356,SoulShine,Tamarindo,Costa Rica,10.2346166,-85.8333364,high,75,osm-costa-rica-hotel-focused-choice-cala-2026-05-20
node/3982525760,Mongo Congolodge,Santa Cruz,Costa Rica,10.2140319,-85.8327853,high,75,osm-costa-rica-hotel-focused-choice-cala-2026-05-20
node/3982525761,Mono Congo Lodge,Santa Cruz,Costa Rica,10.2025514,-85.8319503,high,75,osm-costa-rica-hotel-focused-choice-cala-2026-05-20
node/3982525762,Brunela Solders,Malpais,Costa Rica,9.633402,-85.156835,high,75,osm-costa-rica-hotel-focused-choice-cala-2026-05-20
node/3982525763,Montaña de Fuego Resort & Spa,La Fortuna,Costa Rica,10.5043523,-84.7043396,high,75,osm-costa-rica-hotel-focused-choice-cala-2026-05-20
node/3982525767,Monte Compana,Santa Barbara,Costa Rica,10.0512663,-84.1420794,high,100,osm-costa-rica-hotel-focused-choice-cala-2026-05-20
node/3982525769,Monte Sky,Paraiso,Costa Rica,9.7419903,-83.8314348,high,75,osm-costa-rica-hotel-focused-choice-cala-2026-05-20
node/3982525773,Montezuma Beach Chalet,Montezuma,Costa Rica,9.6578347,-85.0647428,high,85,osm-costa-rica-hotel-focused-choice-cala-2026-05-20
node/3982525774,Montezuma Beach Houses,Montezuma,Costa Rica,9.6554792,-85.0665967,high,90,osm-costa-rica-hotel-focused-choice-cala-2026-05-20
node/3982525777,Motel El Retiro,Desamparados,Costa Rica,9.9003584,-84.089878,high,85,osm-costa-rica-hotel-focused-choice-cala-2026-05-20
node/3982525781,Hotel Kokoro,La Fortuna,Costa Rica,10.5030244,-84.6911157,high,75,osm-costa-rica-hotel-focused-choice-cala-2026-05-20
node/3982525782,Mystic Hotel,Tilaran,Costa Rica,10.5477943,-84.9850365,high,75,osm-costa-rica-hotel-focused-choice-cala-2026-05-20
node/3982525784,Nacientes Palmichal,Acosta,Costa Rica,9.8401638,-84.2077597,high,75,osm-costa-rica-hotel-focused-choice-cala-2026-05-20
node/3982525786,Namuwoki Lodge,Talamanca,Costa Rica,9.6376526,-82.7131081,high,100,osm-costa-rica-hotel-focused-choice-cala-2026-05-20
node/3982525789,Natura Lodge Finca Los Caballos,Montezuma,Costa Rica,9.6714674,-85.081687,high,100,osm-costa-rica-hotel-focused-choice-cala-2026-05-20
node/3982525790,Natural Hostel,Sabana Norte,Costa Rica,9.9376642,-84.0953594,high,100,osm-costa-rica-hotel-focused-choice-cala-2026-05-20
node/3982525793,Nature's Beachfront Aparthotel,Manuel Antonio,Costa Rica,9.3963508,-84.1582627,high,75,osm-costa-rica-hotel-focused-choice-cala-2026-05-20
node/3982525794,Nautilis,Malpais,Costa Rica,9.641622,-85.165216,high,75,osm-costa-rica-hotel-focused-choice-cala-2026-05-20
node/3982525796,Necochea Inn,Osa,Costa Rica,9.2246124,-83.8285063,high,75,osm-costa-rica-hotel-focused-choice-cala-2026-05-20
node/3982525797,Nepenthe Bed and Breakfast,San Ramon,Costa Rica,10.4193624,-84.7448623,high,90,osm-costa-rica-hotel-focused-choice-cala-2026-05-20
node/3982525800,Nosara Beach House,Nicoya,Costa Rica,9.944876,-85.668327,high,75,osm-costa-rica-hotel-focused-choice-cala-2026-05-20
node/3982525801,Nosara Bed and Breakfast,Nicoya,Costa Rica,9.9629908,-85.6768858,high,75,osm-costa-rica-hotel-focused-choice-cala-2026-05-20
node/3982525803,Nosara Verde Beach House,Nicoya,Costa Rica,9.950442,-85.668823,high,75,osm-costa-rica-hotel-focused-choice-cala-2026-05-20
node/3982525804,Oasis Bungalows,Malpais,Costa Rica,9.625933,-85.147323,high,75,osm-costa-rica-hotel-focused-choice-cala-2026-05-20
node/3982525806,Barceló Grand Papagayo,Sardinal,Costa Rica,10.5890743,-85.6712699,high,100,osm-costa-rica-hotel-focused-choice-cala-2026-05-20
node/3982525809,Ocotal Beach Resort,Santa Cruz,Costa Rica,10.443654,-85.77271,high,75,osm-costa-rica-hotel-focused-choice-cala-2026-05-20
node/3982525810,Ojo Del Mar Ecolodge,Golfito,Costa Rica,8.4213136,-83.2788919,high,75,osm-costa-rica-hotel-focused-choice-cala-2026-05-20
node/3982525812,Orosi Valley Farm,Paraiso,Costa Rica,9.8139499,-83.8648563,high,75,osm-costa-rica-hotel-focused-choice-cala-2026-05-20
node/3982525813,Osa View Lodge,Osa,Costa Rica,8.7557378,-83.3683033,high,100,osm-costa-rica-hotel-focused-choice-cala-2026-05-20
node/3982525814,Osuocional Turtle Lodge,Nicoya,Costa Rica,9.9958764,-85.6999226,high,75,osm-costa-rica-hotel-focused-choice-cala-2026-05-20
node/3982525816,Otro Lado Lodge,Malpais,Costa Rica,9.6419152,-85.1654282,high,75,osm-costa-rica-hotel-focused-choice-cala-2026-05-20
node/3982525817,Out Of Bounds Boutique Hotel,Santa Ana,Costa Rica,9.933494,-84.1651972,high,75,osm-costa-rica-hotel-focused-choice-cala-2026-05-20
node/3982525821,Pachamama B&b,Talamanca,Costa Rica,9.6365259,-82.702859,high,75,osm-costa-rica-hotel-focused-choice-cala-2026-05-20
node/3982525822,Pachamama Jungle Lodge,Punta Uva,Costa Rica,9.6351145,-82.6934199,high,100,osm-costa-rica-hotel-focused-choice-cala-2026-05-20
node/3982525823,Pacific Beach Condos,Santa Cruz,Costa Rica,10.4427096,-85.7745447,high,75,osm-costa-rica-hotel-focused-choice-cala-2026-05-20
node/3982525824,Pacific Edge,Osa,Costa Rica,9.2236944,-83.8254226,high,75,osm-costa-rica-hotel-focused-choice-cala-2026-05-20
node/3982525825,Pacuare River Lodge,Siquirres,Costa Rica,9.9998192,-83.542443,high,100,osm-costa-rica-hotel-focused-choice-cala-2026-05-20
node/3982525827,Palm Heavens Hotel,La Cruz,Costa Rica,11.0432284,-85.7396169,high,75,osm-costa-rica-hotel-focused-choice-cala-2026-05-20
node/3982525828,Palmeral Dorima,Golfito,Costa Rica,8.69261,-83.0518785,high,75,osm-costa-rica-hotel-focused-choice-cala-2026-05-20
node/3982525831,Hotel Paradise Mountain Lodge,La Fortuna,Costa Rica,10.4443633,-84.6696559,high,75,osm-costa-rica-hotel-focused-choice-cala-2026-05-20
node/3982525835,Paraiso Azul Cabinas,Malpais,Costa Rica,9.6512,-85.175702,high,75,osm-costa-rica-hotel-focused-choice-cala-2026-05-20
node/3982525838,Paraíso del Sol Hotel,Jacó,Costa Rica,9.615711,-84.626156,high,75,osm-costa-rica-hotel-focused-choice-cala-2026-05-20
node/3982525843,Paseo La Estrella,Puntarenas,Costa Rica,10.3081045,-84.8122411,high,75,osm-costa-rica-hotel-focused-choice-cala-2026-05-20
node/3982525848,Pension El Tucán,Monteverde,Costa Rica,10.3168498,-84.8231497,high,75,osm-costa-rica-hotel-focused-choice-cala-2026-05-20
node/3982525850,Physis Caribbean Bed & Breakfast,Talamanca,Costa Rica,9.6432097,-82.7326822,high,100,osm-costa-rica-hotel-focused-choice-cala-2026-05-20
node/3982525853,Piscina Natural,Cahuita,Costa Rica,9.7463319,-82.8550144,high,75,osm-costa-rica-hotel-focused-choice-cala-2026-05-20
node/3982525854,Pizote Lodge,Puerto Viejo,Costa Rica,9.6518452,-82.7602863,high,75,osm-costa-rica-hotel-focused-choice-cala-2026-05-20
node/3982525856,Playa Chiquita Lodge,Talamanca,Costa Rica,9.6391334,-82.7100134,high,75,osm-costa-rica-hotel-focused-choice-cala-2026-05-20
node/3982526758,Sugar's Monkey,Santa Cruz,Costa Rica,10.333865,-85.845901,high,100,osm-costa-rica-hotel-focused-choice-cala-2026-05-20
node/3982526759,Playa Luna Hotel,Uvita,Costa Rica,9.154528,-83.730637,high,75,osm-costa-rica-hotel-focused-choice-cala-2026-05-20
node/3982526762,Playa Nicuesa Rainforest Lodge,Golfito,Costa Rica,8.6360565,-83.2170391,high,75,osm-costa-rica-hotel-focused-choice-cala-2026-05-20
node/3982526764,Playa Punta Uva Cabinas,Talamanca,Costa Rica,9.6389235,-82.7050963,high,75,osm-costa-rica-hotel-focused-choice-cala-2026-05-20
node/3982526765,Plaza Suites,Bahía Ballena,Costa Rica,9.2532752,-83.8599196,high,100,osm-costa-rica-hotel-focused-choice-cala-2026-05-20
node/3982526770,Poncho's Hotel,Nosara,Costa Rica,9.9587979,-85.6695883,high,75,osm-costa-rica-hotel-focused-choice-cala-2026-05-20
node/3982526771,Poor Man's Paradise,Osa,Costa Rica,8.6461368,-83.7145807,high,75,osm-costa-rica-hotel-focused-choice-cala-2026-05-20
node/3982526776,Rythmia Life Advancement Center,Hacienda Pinilla,Costa Rica,10.2440041,-85.8193878,high,90,osm-costa-rica-hotel-focused-choice-cala-2026-05-20
node/3982526778,Posada Don Tobias,San Jose,Costa Rica,9.9387459,-84.0837388,high,100,osm-costa-rica-hotel-focused-choice-cala-2026-05-20
node/3982526779,Posada El Encuentro,Curubandé,Costa Rica,10.6896594,-85.4496674,high,75,osm-costa-rica-hotel-focused-choice-cala-2026-05-20
node/3982526780,Posada El Quijote,Escazu,Costa Rica,9.9213361,-84.1270295,high,100,osm-costa-rica-hotel-focused-choice-cala-2026-05-20
node/3982526781,Posada La Amistad,Katira,Costa Rica,10.7186156,-84.9786682,high,75,osm-costa-rica-hotel-focused-choice-cala-2026-05-20
node/3982526783,Posada Mimosa,Grecia,Costa Rica,10.042198,-84.326333,high,75,osm-costa-rica-hotel-focused-choice-cala-2026-05-20
node/3982526785,Presidential Suites Flamingo,Santa Cruz,Costa Rica,10.440789,-85.791252,high,75,osm-costa-rica-hotel-focused-choice-cala-2026-05-20
node/3982526788,Puerto San Luis Hotel & Yacht Club,Tilaran,Costa Rica,10.5069687,-84.9391291,high,75,osm-costa-rica-hotel-focused-choice-cala-2026-05-20
node/3982526793,Pura Vida,Santa Cruz,Costa Rica,10.2959976,-85.8387063,high,75,osm-costa-rica-hotel-focused-choice-cala-2026-05-20
node/3982526799,Rafiki Safari Lodge,Aguirre,Costa Rica,9.4483041,-84.0246537,high,75,osm-costa-rica-hotel-focused-choice-cala-2026-05-20
node/3982526803,Rancho Armadillo,Carrillo,Costa Rica,10.5345716,-85.6877164,high,75,osm-costa-rica-hotel-focused-choice-cala-2026-05-20
node/3982526804,Rancho Corcovado,Osa,Costa Rica,8.691312,-83.6634833,high,90,osm-costa-rica-hotel-focused-choice-cala-2026-05-20
node/3982526806,Rancho Itauna,Malpais,Costa Rica,9.6364628,-85.161402,high,75,osm-costa-rica-hotel-focused-choice-cala-2026-05-20
node/3982526808,Rancho Margot,San Ramon,Costa Rica,10.4136632,-84.7655944,high,100,osm-costa-rica-hotel-focused-choice-cala-2026-05-20
node/3982526810,Rancho Tico Cabinas,Nicoya,Costa Rica,9.9807257,-85.6539192,high,75,osm-costa-rica-hotel-focused-choice-cala-2026-05-20
node/3982526813,Blue Zone Brewery,Nosara,Costa Rica,9.9585495,-85.6727124,high,75,osm-costa-rica-hotel-focused-choice-cala-2026-05-20
node/3982526814,Residencias Oceanica,Santa Cruz,Costa Rica,10.440176,-85.7918108,high,75,osm-costa-rica-hotel-focused-choice-cala-2026-05-20
node/3982526815,Rey Arenal,San Carlos,Costa Rica,10.468727,-84.664016,high,75,osm-costa-rica-hotel-focused-choice-cala-2026-05-20
node/3982526816,Rhodeside Cabinas,Nandayure,Costa Rica,9.8241047,-85.3206805,high,75,osm-costa-rica-hotel-focused-choice-cala-2026-05-20
node/3982526818,Rincon de la Vieja Lodge,Liberia,Costa Rica,10.7550098,-85.3511447,high,75,osm-costa-rica-hotel-focused-choice-cala-2026-05-20
node/3982526822,Rio Celeste Hideaway Hotel,Katira,Costa Rica,10.7083117,-84.979138,high,75,osm-costa-rica-hotel-focused-choice-cala-2026-05-20
node/3982526823,Silver King Lodge,Colorado,Costa Rica,10.7692263,-83.5893981,high,75,osm-costa-rica-hotel-focused-choice-cala-2026-05-20
node/3982526827,Rio Tico Safari Lodge,Osa,Costa Rica,9.0803107,-83.6191822,high,75,osm-costa-rica-hotel-focused-choice-cala-2026-05-20
node/3982526828,Rip Jack Inn,Santa Cruz,Costa Rica,10.333865,-85.846588,high,100,osm-costa-rica-hotel-focused-choice-cala-2026-05-20
node/3982526829,Ritz Hotel,San Jose,Costa Rica,9.9301145,-84.0792592,high,75,osm-costa-rica-hotel-focused-choice-cala-2026-05-20
node/3982526830,River Lodge,Tierras Morenas,Costa Rica,10.5598263,-84.9636934,high,75,osm-costa-rica-hotel-focused-choice-cala-2026-05-20
node/3982526831,Alojamiento River Run,Carrillo,Costa Rica,10.4999055,-85.7210031,high,75,osm-costa-rica-hotel-focused-choice-cala-2026-05-20
node/3982526833,Roca Negra Inn,San Carlos,Costa Rica,10.4696149,-84.6657617,high,75,osm-costa-rica-hotel-focused-choice-cala-2026-05-20
node/3982526835,Rocky Point Cabanas,Santa Cruz,Costa Rica,10.199323,-85.822629,high,75,osm-costa-rica-hotel-focused-choice-cala-2026-05-20
node/3982526838,Royal Garden Hotel,San Jose,Costa Rica,9.933869,-84.0792934,high,75,osm-costa-rica-hotel-focused-choice-cala-2026-05-20
node/3982526839,Ruby's Cabinas,Playa del Coco,Costa Rica,10.5513536,-85.6950212,high,75,osm-costa-rica-hotel-focused-choice-cala-2026-05-20
node/3982526843,Samara Inn Hotel,Samara,Costa Rica,9.8811161,-85.534855,high,75,osm-costa-rica-hotel-focused-choice-cala-2026-05-20
node/3982526848,Samasati Nature Retreat,Hone Creek,Costa Rica,9.6559144,-82.8062236,high,75,osm-costa-rica-hotel-focused-choice-cala-2026-05-20
node/3982526849,Samoa Lodge,Pococi,Costa Rica,10.557014,-83.5187455,high,75,osm-costa-rica-hotel-focused-choice-cala-2026-05-20
node/3982526851,Sanchiri Logde,Cartago,Costa Rica,9.8171864,-83.8662187,high,75,osm-costa-rica-hotel-focused-choice-cala-2026-05-20
node/3982526852,Sand Dollar,Santa Cruz,Costa Rica,10.2975307,-85.840496,high,75,osm-costa-rica-hotel-focused-choice-cala-2026-05-20
node/3982526853,Sano Banano,Montezuma,Costa Rica,9.6548079,-85.068384,high,75,osm-costa-rica-hotel-focused-choice-cala-2026-05-20
node/3982526856,Santa Teresa Surf Camp,Malpais,Costa Rica,9.646292,-85.1698501,high,75,osm-costa-rica-hotel-focused-choice-cala-2026-05-20
node/3982527458,Sarapiqui Rainforest Lodge,Sarapiqui,Costa Rica,10.418065,-84.124801,high,85,osm-costa-rica-hotel-focused-choice-cala-2026-05-20
node/3982527459,Savegre Mountain Lodge,Copey,Costa Rica,9.5509284,-83.8079379,high,85,osm-costa-rica-hotel-focused-choice-cala-2026-05-20
node/3982527462,Selva Bananito Lodge,Limon,Costa Rica,9.8674477,-83.00603,high,100,osm-costa-rica-hotel-focused-choice-cala-2026-05-20
node/3982527466,Siatami Logde,Talamanca,Costa Rica,9.731741,-82.842453,high,75,osm-costa-rica-hotel-focused-choice-cala-2026-05-20
node/3982527469,Silver King Lodge,Pococi,Costa Rica,10.7675546,-83.5902289,high,75,osm-costa-rica-hotel-focused-choice-cala-2026-05-20
node/3982527470,Sleep Gallery,Escazu,Costa Rica,9.9315348,-84.1318979,high,75,osm-costa-rica-hotel-focused-choice-cala-2026-05-20
node/3982527473,Sol Y Arena Bungalows,Montezuma,Costa Rica,9.627071,-85.078727,high,75,osm-costa-rica-hotel-focused-choice-cala-2026-05-20
node/3982527477,Sorpresa Lodge,Golfito,Costa Rica,8.7009145,-83.144081,high,75,osm-costa-rica-hotel-focused-choice-cala-2026-05-20
node/3982527478,Sortisomnis Hotel,Osa,Costa Rica,9.0222124,-83.5130651,high,100,osm-costa-rica-hotel-focused-choice-cala-2026-05-20
node/3982527479,Spring House Ecolodge,Santa Barbara,Costa Rica,10.1677266,-84.155571,high,75,osm-costa-rica-hotel-focused-choice-cala-2026-05-20
node/3982527488,Sueno Del Mar,Santa Cruz,Costa Rica,10.2912617,-85.8523895,high,75,osm-costa-rica-hotel-focused-choice-cala-2026-05-20
node/3982527489,Sueños del Bosque Lodge,Copey,Costa Rica,9.5483619,-83.8090901,high,85,osm-costa-rica-hotel-focused-choice-cala-2026-05-20
node/3982527490,Sueños de Manzanillo,Cahuita,Costa Rica,9.6322164,-82.6556099,high,75,osm-costa-rica-hotel-focused-choice-cala-2026-05-20
node/3982527493,Suital Lodge,Osa,Costa Rica,8.7399042,-83.4113211,high,90,osm-costa-rica-hotel-focused-choice-cala-2026-05-20
node/3982527495,Sun House B&b,Nicoya,Costa Rica,9.9381098,-85.6496589,high,75,osm-costa-rica-hotel-focused-choice-cala-2026-05-20
node/3982527498,Sunrise Backpackers Hostel,Puerto Viejo,Costa Rica,9.6563923,-82.7546815,high,75,osm-costa-rica-hotel-focused-choice-cala-2026-05-20
node/3982527499,Sunrise Tamarindo,Santa Cruz,Costa Rica,10.301786,-85.840171,high,75,osm-costa-rica-hotel-focused-choice-cala-2026-05-20
node/3982527501,Sunset House,Santa Cruz,Costa Rica,10.3037801,-85.8361287,high,75,osm-costa-rica-hotel-focused-choice-cala-2026-05-20
node/3982527503,Suria Lodge,Copey,Costa Rica,9.5466903,-83.8133537,high,90,osm-costa-rica-hotel-focused-choice-cala-2026-05-20
node/3982527510,Tamarindo Vista Best Western,Santa Cruz,Costa Rica,10.3006651,-85.8397881,high,75,osm-costa-rica-hotel-focused-choice-cala-2026-05-20
node/3982527512,Tambor Tropical,Tambor,Costa Rica,9.7201053,-85.0182133,high,75,osm-costa-rica-hotel-focused-choice-cala-2026-05-20
node/3982527519,Tejos Lodge,Paraiso,Costa Rica,9.7778868,-83.7784207,high,75,osm-costa-rica-hotel-focused-choice-cala-2026-05-20
node/3982527522,Tenorios Door,Upala,Costa Rica,10.7193679,-84.98949,high,75,osm-costa-rica-hotel-focused-choice-cala-2026-05-20
node/3982527524,Terrapin Lodge,Golfito,Costa Rica,8.4399961,-83.44181,high,75,osm-costa-rica-hotel-focused-choice-cala-2026-05-20
node/3982527526,Terrazas de Golf,Belen,Costa Rica,9.9771193,-84.1593473,high,100,osm-costa-rica-hotel-focused-choice-cala-2026-05-20
node/3982527528,Tete Lodge,Orosi,Costa Rica,9.7895298,-83.8501078,high,75,osm-costa-rica-hotel-focused-choice-cala-2026-05-20
node/3982527529,The Beach House Flamingo,Santa Cruz,Costa Rica,10.433179,-85.792346,high,75,osm-costa-rica-hotel-focused-choice-cala-2026-05-20
node/3982527533,The Look Out Inn,Golfito,Costa Rica,8.4406187,-83.4465889,high,100,osm-costa-rica-hotel-focused-choice-cala-2026-05-20
node/3982527535,The Mirador Ocean View Bed and Breakfast,Santa Cruz,Costa Rica,10.2992965,-85.8365357,high,100,osm-costa-rica-hotel-focused-choice-cala-2026-05-20
node/3982527536,The Ocean Hotel,Limon,Costa Rica,9.9900383,-83.0401656,high,85,osm-costa-rica-hotel-focused-choice-cala-2026-05-20
node/3982527537,The Palm House Inn,San Jose,Costa Rica,9.9320553,-84.0727146,high,100,osm-costa-rica-hotel-focused-choice-cala-2026-05-20
node/3982527538,The Palms,Golfito,Costa Rica,8.539746,-83.3058725,high,75,osm-costa-rica-hotel-focused-choice-cala-2026-05-20
node/3982527539,The Retreat,Malpais,Costa Rica,9.6536048,-85.1792765,high,75,osm-costa-rica-hotel-focused-choice-cala-2026-05-20
node/3982527541,The Secret Mansion,San Jose,Costa Rica,9.937943,-84.077295,high,100,osm-costa-rica-hotel-focused-choice-cala-2026-05-20
node/3982527544,The Surf House,Santa Cruz,Costa Rica,10.3071026,-85.8356803,high,75,osm-costa-rica-hotel-focused-choice-cala-2026-05-20
node/3982527545,Tierra de Suenos Lodge,Talamanca,Costa Rica,9.6380977,-82.7125281,high,85,osm-costa-rica-hotel-focused-choice-cala-2026-05-20
node/3982527546,Tiki Villas Rainforest Lodge,Osa,Costa Rica,9.2030832,-83.7825989,high,90,osm-costa-rica-hotel-focused-choice-cala-2026-05-20
node/3982527547,Hotel y Centro de Conferencias Tilajari,San Carlos,Costa Rica,10.4703443,-84.4681145,high,90,osm-costa-rica-hotel-focused-choice-cala-2026-05-20
node/3982527550,Tisikita Lodge,Golfito,Costa Rica,8.3694075,-83.1410791,high,75,osm-costa-rica-hotel-focused-choice-cala-2026-05-20
node/3982527551,Toro Blanco,Playa del Coco,Costa Rica,10.5502569,-85.6981703,high,75,osm-costa-rica-hotel-focused-choice-cala-2026-05-20
node/3982527553,Tortuguero Lodge & Gardens,Pococi,Costa Rica,10.571756,-83.5194806,high,75,osm-costa-rica-hotel-focused-choice-cala-2026-05-20
node/3982527554,Toucanet Lodge,Dota,Costa Rica,9.6494064,-83.9098825,high,75,osm-costa-rica-hotel-focused-choice-cala-2026-05-20
node/3982527555,Tranquilo Backpackers,Malpais,Costa Rica,9.6321881,-85.1545884,high,75,osm-costa-rica-hotel-focused-choice-cala-2026-05-20
node/3982527857,Tranquilos Backpackers,Malpais,Costa Rica,9.629285,-85.151869,high,75,osm-costa-rica-hotel-focused-choice-cala-2026-05-20
node/3982527858,Trapp Family Country Inn,Alajuela,Costa Rica,9.9955113,-84.2245879,high,75,osm-costa-rica-hotel-focused-choice-cala-2026-05-20
node/3982527859,Tree House Lodge,Talamanca,Costa Rica,9.6378865,-82.7078186,high,100,osm-costa-rica-hotel-focused-choice-cala-2026-05-20
node/3982527862,Treetops Bed & Breakfast,Santa Cruz,Costa Rica,10.0356305,-85.7423916,high,75,osm-costa-rica-hotel-focused-choice-cala-2026-05-20
node/3982527863,Tres Palmas,Golfito,Costa Rica,8.3872913,-83.2839928,high,75,osm-costa-rica-hotel-focused-choice-cala-2026-05-20
node/3982527864,El Trogón Lodge,San Gerardo de Dota,Costa Rica,9.5767986,-83.8001921,high,90,osm-costa-rica-hotel-focused-choice-cala-2026-05-20
node/3982527865,Tropica Latina Lodge Yoga,Malpais,Costa Rica,9.632312,-85.155513,high,75,osm-costa-rica-hotel-focused-choice-cala-2026-05-20
node/3982527868,Turrial Tico Lodge,Pavones,Costa Rica,9.9147743,-83.6219849,high,75,osm-costa-rica-hotel-focused-choice-cala-2026-05-20
node/3982527870,Turtle Beach Lodge,Pococi,Costa Rica,10.6149602,-83.5402436,high,75,osm-costa-rica-hotel-focused-choice-cala-2026-05-20
node/3982527872,Vagabondo Hotel,San Carlos,Costa Rica,10.4684804,-84.6648588,high,75,osm-costa-rica-hotel-focused-choice-cala-2026-05-20
node/3982527873,Vago's Place,Talamanca,Costa Rica,9.6374191,-82.7375214,high,75,osm-costa-rica-hotel-focused-choice-cala-2026-05-20
node/3982527874,Valle Escondido,San Lorenzo,Costa Rica,10.2709254,-84.5228763,high,75,osm-costa-rica-hotel-focused-choice-cala-2026-05-20
node/3982527877,View Point Resort Hotel,Cahuita,Costa Rica,9.6670386,-82.8021823,high,75,osm-costa-rica-hotel-focused-choice-cala-2026-05-20
node/3982527878,Vilas Casa Loma,Santa Cruz,Costa Rica,10.4351357,-85.7782554,high,75,osm-costa-rica-hotel-focused-choice-cala-2026-05-20
node/3982527879,Villa Alegre B&b,Santa Cruz,Costa Rica,10.2902332,-85.8516965,high,75,osm-costa-rica-hotel-focused-choice-cala-2026-05-20
node/3982527880,Villa Alpina,Tilaran,Costa Rica,10.5598283,-84.9599219,high,75,osm-costa-rica-hotel-focused-choice-cala-2026-05-20
node/3982527881,Villa Ambiente,Bahía Ballena,Costa Rica,9.2336975,-83.8389592,high,75,osm-costa-rica-hotel-focused-choice-cala-2026-05-20
node/3982527882,Villa Andaluca,Santa Cruz,Costa Rica,10.295226,-85.837832,high,75,osm-costa-rica-hotel-focused-choice-cala-2026-05-20
node/3982527883,Villa Arboleda,Santa Ana,Costa Rica,9.9297667,-84.1915432,high,75,osm-costa-rica-hotel-focused-choice-cala-2026-05-20
node/3982527884,Villa Baula,Santa Cruz,Costa Rica,10.312043,-85.837921,high,75,osm-costa-rica-hotel-focused-choice-cala-2026-05-20
node/3982527892,Villa Decary,Arenal,Costa Rica,10.5321855,-84.8804168,high,75,osm-costa-rica-hotel-focused-choice-cala-2026-05-20
node/3982527893,Villa del Suenño,Carrillo,Costa Rica,10.5711261,-85.6781346,high,75,osm-costa-rica-hotel-focused-choice-cala-2026-05-20
node/3982527894,Villa Devina Hotel,Santa Cruz,Costa Rica,10.200502,-85.8209085,high,75,osm-costa-rica-hotel-focused-choice-cala-2026-05-20
node/3982527895,Villa Escazú,Escazu,Costa Rica,9.9174315,-84.1455257,high,100,osm-costa-rica-hotel-focused-choice-cala-2026-05-20
node/3982527899,Villa Las Tecas,Nicoya,Costa Rica,9.9611388,-85.6751513,high,75,osm-costa-rica-hotel-focused-choice-cala-2026-05-20
node/3982527901,Villa Mango Bed and Breakfast,Nosara,Costa Rica,9.9625011,-85.6718024,high,75,osm-costa-rica-hotel-focused-choice-cala-2026-05-20
node/3982527902,Villa Olivia,Playa Grande,Costa Rica,10.3379618,-85.8512742,high,90,osm-costa-rica-hotel-focused-choice-cala-2026-05-20
node/3982527904,Villa Teca,Quepos,Costa Rica,9.4217711,-84.1626562,high,100,osm-costa-rica-hotel-focused-choice-cala-2026-05-20
node/3982527906,Villa Ventana B&b,Nicoya,Costa Rica,9.9528809,-85.6636127,high,75,osm-costa-rica-hotel-focused-choice-cala-2026-05-20
node/3982527907,Villa Verde,Puntarenas,Costa Rica,10.3004773,-84.8045609,high,75,osm-costa-rica-hotel-focused-choice-cala-2026-05-20
node/3982527911,Hotel Villas Cerca del Mar,Tamarindo,Costa Rica,10.2892081,-85.8516601,high,75,osm-costa-rica-hotel-focused-choice-cala-2026-05-20
node/3982527913,Villas De La Bahia,Tambor,Costa Rica,9.722772,-85.022102,high,75,osm-costa-rica-hotel-focused-choice-cala-2026-05-20
node/3982527917,Villas El Bosque,Osa,Costa Rica,9.0751648,-83.6562729,high,75,osm-costa-rica-hotel-focused-choice-cala-2026-05-20
node/3982527918,Villas Escaleras,Osa,Costa Rica,9.2247136,-83.8147362,high,75,osm-costa-rica-hotel-focused-choice-cala-2026-05-20
node/3982527921,Villas Las Palmas,Nicoya,Costa Rica,9.9570957,-85.673694,high,75,osm-costa-rica-hotel-focused-choice-cala-2026-05-20
node/3982527922,Villas Los Encinos,Curubande,Costa Rica,10.7233775,-85.4156755,high,85,osm-costa-rica-hotel-focused-choice-cala-2026-05-20
node/3982527924,Villas Monarca,Malpais,Costa Rica,9.618208,-85.144279,high,75,osm-costa-rica-hotel-focused-choice-cala-2026-05-20
node/3982527926,Villas Panchi,Santa Cruz,Costa Rica,10.42564,-85.783699,high,75,osm-costa-rica-hotel-focused-choice-cala-2026-05-20
node/3982527927,Villas Playa Hermosa,Carrillo,Costa Rica,10.5686768,-85.6773088,high,100,osm-costa-rica-hotel-focused-choice-cala-2026-05-20
node/3982527929,Villas Punto de Vista,Manuel Antonio,Costa Rica,9.3996209,-84.1596603,high,75,osm-costa-rica-hotel-focused-choice-cala-2026-05-20
node/3982527931,Villas Tranquilas,Aguirre,Costa Rica,9.4499166,-84.1575334,high,75,osm-costa-rica-hotel-focused-choice-cala-2026-05-20
node/3982527936,Villas del Papagayo,Carrillo,Costa Rica,10.590322,-85.650145,high,100,osm-costa-rica-hotel-focused-choice-cala-2026-05-20
node/3982527937,Villas del Sol,Nicoya,Costa Rica,9.9584861,-85.6749455,high,75,osm-costa-rica-hotel-focused-choice-cala-2026-05-20
node/3982527938,Vilma Villas,San Carlos,Costa Rica,10.468791,-84.66481,high,100,osm-costa-rica-hotel-focused-choice-cala-2026-05-20
node/3982527939,Vista Al Mar Lodge,Pococi,Costa Rica,10.6084586,-83.5359634,high,75,osm-costa-rica-hotel-focused-choice-cala-2026-05-20
node/3982527941,Vista Bahia Resort,Carrillo,Costa Rica,10.5871877,-85.6645933,high,75,osm-costa-rica-hotel-focused-choice-cala-2026-05-20
node/3982527942,Vista Canyon Inn,Ciudad Colon,Costa Rica,9.9341296,-84.2391651,high,100,osm-costa-rica-hotel-focused-choice-cala-2026-05-20
node/3982527947,Vista Las Islas Eco Reserva,Paquera,Costa Rica,9.8230287,-84.898302,high,75,osm-costa-rica-hotel-focused-choice-cala-2026-05-20
node/3982527949,Vista Valverde B&B,San Ramon,Costa Rica,10.0719952,-84.5012385,high,75,osm-costa-rica-hotel-focused-choice-cala-2026-05-20
node/3982527951,Volcano Brewing Company Hotel,Tilaran,Costa Rica,10.5223662,-84.9665884,high,100,osm-costa-rica-hotel-focused-choice-cala-2026-05-20
node/3982527954,Wagelia Turrialba,Turrialba,Costa Rica,9.9048246,-83.6856886,high,75,osm-costa-rica-hotel-focused-choice-cala-2026-05-20
node/3982527955,Walaba Hostel,Punta Uva,Costa Rica,9.636352,-82.6979267,high,85,osm-costa-rica-hotel-focused-choice-cala-2026-05-20
node/3982527956,Wavetrotter,Malpais,Costa Rica,9.637911,-85.16211,high,75,osm-costa-rica-hotel-focused-choice-cala-2026-05-20
node/3982528157,Lost Boyz,Malpais,Costa Rica,9.6384848,-85.1620344,high,75,osm-costa-rica-hotel-focused-choice-cala-2026-05-20
node/3982528159,Whales & Dolphins Ecolodge,Uvita,Costa Rica,9.1846787,-83.7461633,high,75,osm-costa-rica-hotel-focused-choice-cala-2026-05-20
node/3982528161,Wyndham San José Herradura,Belén,Costa Rica,9.9792342,-84.1608544,high,100,osm-costa-rica-hotel-focused-choice-cala-2026-05-20
node/3982528165,Ylang Ylang Beach Resort,Montezuma,Costa Rica,9.6593547,-85.0618415,high,100,osm-costa-rica-hotel-focused-choice-cala-2026-05-20
node/3982528171,Zula Hotel,Malpais,Costa Rica,9.632282,-85.155531,high,75,osm-costa-rica-hotel-focused-choice-cala-2026-05-20
node/3982528172,Zula Inn Aparthotel,Malpais,Costa Rica,9.6345893,-85.1578636,high,100,osm-costa-rica-hotel-focused-choice-cala-2026-05-20
node/3982532361,Cabinas Kalin,Orotina,Costa Rica,9.9126904,-84.5216879,high,75,osm-costa-rica-hotel-focused-choice-cala-2026-05-20
node/3982602565,Chayote Lodge,Naranjo,Costa Rica,10.1568844,-84.3721102,high,75,osm-costa-rica-hotel-focused-choice-cala-2026-05-20
node/3982634945,Hotel Oleaje Sereno,Sierpe,Costa Rica,8.8582761,-83.4733739,high,75,osm-costa-rica-hotel-focused-choice-cala-2026-05-20
node/3983183963,La Perla del Caribe,,Costa Rica,9.6529892,-82.7422068,medium,55,osm-costa-rica-hotel-focused-choice-cala-2026-05-20
node/3983214517,El Nido,,Costa Rica,9.6384635,-82.7115568,medium,55,osm-costa-rica-hotel-focused-choice-cala-2026-05-20
node/3983268701,Cabinas Tito,,Costa Rica,9.7391628,-82.8453726,medium,55,osm-costa-rica-hotel-focused-choice-cala-2026-05-20
node/3987140462,El Tucan Jungle Lodge,,Costa Rica,9.6401424,-82.7340345,medium,55,osm-costa-rica-hotel-focused-choice-cala-2026-05-20
node/3991447657,Casa Vikingo,,Costa Rica,9.6571842,-82.7754376,medium,55,osm-costa-rica-hotel-focused-choice-cala-2026-05-20
node/4000781516,The Beach Bungalows,,Costa Rica,10.2954692,-85.839687,medium,55,osm-costa-rica-hotel-focused-choice-cala-2026-05-20
node/4020062787,Villa Blanca Cloud Forest Spa,,Costa Rica,10.2138384,-84.4366575,medium,55,osm-costa-rica-hotel-focused-choice-cala-2026-05-20
node/4020158529,Terrazas de Ballena,,Costa Rica,9.1832005,-83.7310941,medium,55,osm-costa-rica-hotel-focused-choice-cala-2026-05-20
node/4020158531,Salon Delia,Bananito Sur,Costa Rica,9.8784137,-83.0098041,high,75,osm-costa-rica-hotel-focused-choice-cala-2026-05-20
node/4020208365,Tabulia Tree,,Costa Rica,9.4225247,-84.1584612,medium,55,osm-costa-rica-hotel-focused-choice-cala-2026-05-20
node/4020213395,Blue River Resort Hot Springs,Aguas Claras,Costa Rica,10.9010159,-85.3306613,high,75,osm-costa-rica-hotel-focused-choice-cala-2026-05-20
node/4020223438,Casitas Azul Plata,,Costa Rica,9.8550619,-85.3485334,medium,55,osm-costa-rica-hotel-focused-choice-cala-2026-05-20
node/4040526342,Selva Bananito Eco Lodge,Valle La Estrella,Costa Rica,9.8237132,-83.0628856,high,90,osm-costa-rica-hotel-focused-choice-cala-2026-05-20
node/4042933322,Pensión 69,,Costa Rica,9.9295385,-84.0738593,medium,55,osm-costa-rica-hotel-focused-choice-cala-2026-05-20
node/4042933747,Idem,,Costa Rica,9.9299204,-84.0740431,medium,55,osm-costa-rica-hotel-focused-choice-cala-2026-05-20
node/4059307698,Hotel Samara Beach,Sámara,Costa Rica,9.8823449,-85.5274689,high,90,osm-costa-rica-hotel-focused-choice-cala-2026-05-20
node/4066167953,Cabinas Casa Esmeralda,,Costa Rica,9.8827276,-85.5250081,high,70,osm-costa-rica-hotel-focused-choice-cala-2026-05-20
node/4085504858,El Manglar Hotel,,Costa Rica,10.3175349,-85.8382584,medium,55,osm-costa-rica-hotel-focused-choice-cala-2026-05-20
node/4097298890,Hotel Kenaki Lodge,Cahuita,Costa Rica,9.7583366,-82.869311,high,75,osm-costa-rica-hotel-focused-choice-cala-2026-05-20
node/4106662490,Hotel el Diamante,,Costa Rica,8.6485049,-82.9408965,medium,55,osm-costa-rica-hotel-focused-choice-cala-2026-05-20
node/4121513240,9 Degrees,,Costa Rica,9.6079052,-85.1353406,medium,55,osm-costa-rica-hotel-focused-choice-cala-2026-05-20
node/4134420990,Firefly Beach Houses,,Costa Rica,9.6590341,-85.0632672,medium,55,osm-costa-rica-hotel-focused-choice-cala-2026-05-20
node/4134475989,El Pargo Feliz,,Costa Rica,9.6551822,-85.0674519,medium,55,osm-costa-rica-hotel-focused-choice-cala-2026-05-20
node/4137545391,Hotel Cabezas,,Costa Rica,9.9784879,-84.8302672,medium,55,osm-costa-rica-hotel-focused-choice-cala-2026-05-20
node/4137545990,Cabinas Armonía Tropical,,Costa Rica,9.6571716,-85.0655059,medium,65,osm-costa-rica-hotel-focused-choice-cala-2026-05-20
node/4160324589,Cabinas Pura Vida,,Costa Rica,8.687161,-83.663595,medium,55,osm-costa-rica-hotel-focused-choice-cala-2026-05-20
node/4164209090,Alejandro Santander,,Costa Rica,9.9570952,-84.1205572,medium,55,osm-costa-rica-hotel-focused-choice-cala-2026-05-20
node/4166767157,Angelika´s Guest House,,Costa Rica,9.6434529,-82.7190681,medium,55,osm-costa-rica-hotel-focused-choice-cala-2026-05-20
node/4171725291,Casitas Sollevantes,,Costa Rica,9.65496,-85.072357,medium,55,osm-costa-rica-hotel-focused-choice-cala-2026-05-20
node/4205231593,Trip On Open House Hostel,,Costa Rica,9.9376982,-84.0603989,high,85,osm-costa-rica-hotel-focused-choice-cala-2026-05-20
node/4218355265,Caribbean Paradise Eco-Lodge,,Costa Rica,10.5627211,-83.5197726,medium,55,osm-costa-rica-hotel-focused-choice-cala-2026-05-20
node/4221711891,EcoLodge,,Costa Rica,9.6420136,-85.1639911,medium,60,osm-costa-rica-hotel-focused-choice-cala-2026-05-20
node/4229485911,Cocos Beach Club Hotel Punta Islita,Bejuco,Costa Rica,9.8540009,-85.4003612,high,85,osm-costa-rica-hotel-focused-choice-cala-2026-05-20
node/4231984191,Hakuna Matata Hostel,Cahuita,Costa Rica,9.736033,-82.8423912,high,75,osm-costa-rica-hotel-focused-choice-cala-2026-05-20
node/4231996090,Downtown,,Costa Rica,9.6549255,-85.0685764,medium,60,osm-costa-rica-hotel-focused-choice-cala-2026-05-20
node/4258117148,Costa Brava,,Costa Rica,9.455,-84.1834972,medium,55,osm-costa-rica-hotel-focused-choice-cala-2026-05-20
node/4280070083,Blue Butterfly,,Costa Rica,9.6556068,-82.751525,medium,55,osm-costa-rica-hotel-focused-choice-cala-2026-05-20
node/4282069355,Hotel Kekoldi,San José,Costa Rica,9.9375924,-84.0752068,high,75,osm-costa-rica-hotel-focused-choice-cala-2026-05-20
node/4290697390,Villa Nautilus,,Costa Rica,10.2955321,-85.8413032,medium,55,osm-costa-rica-hotel-focused-choice-cala-2026-05-20
node/4295516750,Cabinas Olé Caribe,Cahuita,Costa Rica,9.641022,-82.727066,high,75,osm-costa-rica-hotel-focused-choice-cala-2026-05-20
node/4306250893,Hotel Sura B&B,,Costa Rica,9.9394226,-84.0867126,medium,55,osm-costa-rica-hotel-focused-choice-cala-2026-05-20
node/4311824328,Cabinas Buenos Aires,,Costa Rica,10.3367578,-83.9548315,medium,55,osm-costa-rica-hotel-focused-choice-cala-2026-05-20
node/4339002792,balcon de mar,,Costa Rica,10.5390474,-83.5007208,medium,55,osm-costa-rica-hotel-focused-choice-cala-2026-05-20
node/4342856937,Hotel Wilson Upala,Upala,Costa Rica,10.8906627,-85.007476,high,100,osm-costa-rica-hotel-focused-choice-cala-2026-05-20
node/4342967276,Bungalows Aché,,Costa Rica,9.7351529,-82.8392818,high,85,osm-costa-rica-hotel-focused-choice-cala-2026-05-20
node/4344922690,La Casita,,Costa Rica,9.094021,-83.6471665,high,70,osm-costa-rica-hotel-focused-choice-cala-2026-05-20
node/4349255644,Iguana Verde,,Costa Rica,9.9127712,-84.5259233,medium,55,osm-costa-rica-hotel-focused-choice-cala-2026-05-20
node/4349283535,Costa Rica Retreat @ Ser La Luz,"San Francisco, San Isidro De Grecia",Costa Rica,10.1308902,-84.2677706,high,100,osm-costa-rica-hotel-focused-choice-cala-2026-05-20
node/4354544303,Pacuare,Pacuarito,Costa Rica,10.2064205,-83.2724696,high,75,osm-costa-rica-hotel-focused-choice-cala-2026-05-20
node/4354560996,Rio Parismina Lodge,,Costa Rica,10.3021922,-83.3540497,medium,55,osm-costa-rica-hotel-focused-choice-cala-2026-05-20
node/4363775592,Villas Alturas,,Costa Rica,9.2183812,-83.8229549,medium,55,osm-costa-rica-hotel-focused-choice-cala-2026-05-20
node/4365095458,Mimos,Manuel Antonio,Costa Rica,9.4210829,-84.1587986,high,75,osm-costa-rica-hotel-focused-choice-cala-2026-05-20
node/4365270419,Legacy Boutique Hotel,,Costa Rica,10.326172,-84.4251949,high,70,osm-costa-rica-hotel-focused-choice-cala-2026-05-20
node/4385016832,Blue Morpho House,,Costa Rica,9.4071987,-84.1565811,medium,55,osm-costa-rica-hotel-focused-choice-cala-2026-05-20
node/4397927087,Quinta Esencia B&B,,Costa Rica,10.4087307,-85.7931278,medium,55,osm-costa-rica-hotel-focused-choice-cala-2026-05-20
node/4401290093,Playa 506,,Costa Rica,9.6499184,-82.7363438,high,70,osm-costa-rica-hotel-focused-choice-cala-2026-05-20
node/4430890890,Hotel Arenal Place,,Costa Rica,10.5019599,-84.7080035,medium,55,osm-costa-rica-hotel-focused-choice-cala-2026-05-20
node/4433456849,Arenal VIsta Lodge,Peñas Blancas,Costa Rica,10.4299905,-84.7612579,high,90,osm-costa-rica-hotel-focused-choice-cala-2026-05-20
node/4433515811,Pueblo Antiguo Lodge y Spa,La Sierra,Costa Rica,10.2829291,-84.9288193,high,75,osm-costa-rica-hotel-focused-choice-cala-2026-05-20
node/4447619738,Santa Teresa Surf Vista Villas,"santa teresa, costa rica",Costa Rica,9.6514923,-85.1692595,high,75,osm-costa-rica-hotel-focused-choice-cala-2026-05-20
node/4449540490,finca los sitios,,Costa Rica,8.6390875,-83.0862152,medium,60,osm-costa-rica-hotel-focused-choice-cala-2026-05-20
node/4452515090,Cabinas El Oasis,,Costa Rica,8.9567454,-83.5249013,high,70,osm-costa-rica-hotel-focused-choice-cala-2026-05-20
node/4460449810,Departamento Doña Eliza,,Costa Rica,10.4763453,-84.6321589,medium,55,osm-costa-rica-hotel-focused-choice-cala-2026-05-20
node/4461046090,Finca Palo Alto,,Costa Rica,9.0292827,-83.0503793,high,70,osm-costa-rica-hotel-focused-choice-cala-2026-05-20
node/4484677094,Villas Jacquelina,,Costa Rica,9.4399238,-84.1610285,high,70,osm-costa-rica-hotel-focused-choice-cala-2026-05-20
node/4511332189,LA HACIENDA,,Costa Rica,11.0637741,-85.641609,high,70,osm-costa-rica-hotel-focused-choice-cala-2026-05-20
node/4514131160,Hospedaje Tapir,Cutris,Costa Rica,10.7826166,-84.1981181,high,75,osm-costa-rica-hotel-focused-choice-cala-2026-05-20
node/4514726589,El canto del Gavilán,,Costa Rica,9.8843636,-85.5363317,medium,55,osm-costa-rica-hotel-focused-choice-cala-2026-05-20
node/4529204867,Lapalapa Beach Front Hotel,Cocles,Costa Rica,9.6446765,-82.7282387,high,95,osm-costa-rica-hotel-focused-choice-cala-2026-05-20
node/4529845593,"""Kapú"" Rancho Almendros",,Costa Rica,8.3857823,-83.2815155,medium,55,osm-costa-rica-hotel-focused-choice-cala-2026-05-20
node/4541379968,Hotel los Krotos,,Costa Rica,10.8956371,-85.025435,medium,55,osm-costa-rica-hotel-focused-choice-cala-2026-05-20
node/4547997126,Looney Grapes,Punta Uva,Costa Rica,9.6349841,-82.6936524,high,85,osm-costa-rica-hotel-focused-choice-cala-2026-05-20
node/4547997129,Cabinas Selvin,,Costa Rica,9.6364068,-82.6996804,medium,55,osm-costa-rica-hotel-focused-choice-cala-2026-05-20
node/4549563961,Arboleda,,Costa Rica,9.3956617,-84.1562827,medium,55,osm-costa-rica-hotel-focused-choice-cala-2026-05-20
node/4556223091,Cabinas Indígenas,,Costa Rica,8.6898184,-83.6702606,high,70,osm-costa-rica-hotel-focused-choice-cala-2026-05-20
node/4556410298,TripOn 2,,Costa Rica,9.9208907,-84.1346676,high,95,osm-costa-rica-hotel-focused-choice-cala-2026-05-20
node/4565345864,Sonia's Cabinas,,Costa Rica,9.1361958,-83.3150557,high,70,osm-costa-rica-hotel-focused-choice-cala-2026-05-20
node/4565984210,Passion Fruit Lodge,,Costa Rica,9.749779,-82.8852838,high,70,osm-costa-rica-hotel-focused-choice-cala-2026-05-20
node/4566975390,Cabinas Cahuita,Cahuita,Costa Rica,9.7363917,-82.8410725,high,75,osm-costa-rica-hotel-focused-choice-cala-2026-05-20
node/4568935821,Cabinas Smith #2,Cahuita,Costa Rica,9.7385719,-82.8402829,high,75,osm-costa-rica-hotel-focused-choice-cala-2026-05-20
node/4573419990,The Wide mouth Frog,,Costa Rica,9.4301002,-84.1621098,medium,55,osm-costa-rica-hotel-focused-choice-cala-2026-05-20
node/4580205798,Humberto Grant's Airbnb,,Costa Rica,9.9274032,-84.0722527,medium,60,osm-costa-rica-hotel-focused-choice-cala-2026-05-20
node/4586245918,Casa AMCA,,Costa Rica,9.9108296,-84.0622639,medium,60,osm-costa-rica-hotel-focused-choice-cala-2026-05-20
node/4588016347,Pensión Doña Nuria,,Costa Rica,10.003033,-84.1172193,medium,55,osm-costa-rica-hotel-focused-choice-cala-2026-05-20
node/4597207799,Evan's Yurt,,Costa Rica,9.4649652,-83.6011103,medium,55,osm-costa-rica-hotel-focused-choice-cala-2026-05-20
node/4610504690,Pura vida mini hostel,,Costa Rica,9.6310089,-85.1516904,medium,55,osm-costa-rica-hotel-focused-choice-cala-2026-05-20
node/4634134824,Bella Vista Mar,Nosara,Costa Rica,9.9629397,-85.6720679,high,90,osm-costa-rica-hotel-focused-choice-cala-2026-05-20
node/4638103661,Hotel Pittier,,Costa Rica,8.820775,-82.9685616,medium,55,osm-costa-rica-hotel-focused-choice-cala-2026-05-20
node/4638103662,Cabinas Las Mirlas,,Costa Rica,8.8204128,-82.9689787,medium,55,osm-costa-rica-hotel-focused-choice-cala-2026-05-20
node/4639373692,Hotel Lodge Río Perdido,,Costa Rica,10.5941366,-85.2015883,high,85,osm-costa-rica-hotel-focused-choice-cala-2026-05-20
node/4640274365,Cabinas Millo,Pavón,Costa Rica,8.4432426,-83.0405744,high,75,osm-costa-rica-hotel-focused-choice-cala-2026-05-20
node/4646525290,Ocean's Edge,,Costa Rica,9.618441,-84.6230601,high,75,osm-costa-rica-hotel-focused-choice-cala-2026-05-20
node/4661433171,La Negra Surf Hotel & Soda,,Costa Rica,9.9446396,-85.6681643,high,80,osm-costa-rica-hotel-focused-choice-cala-2026-05-20
node/4666433289,Hotel marianela,,Costa Rica,10.1498731,-85.4504342,medium,55,osm-costa-rica-hotel-focused-choice-cala-2026-05-20
node/4670120290,Casa Playa Sol y Arena,,Costa Rica,9.9724921,-84.7457672,medium,55,osm-costa-rica-hotel-focused-choice-cala-2026-05-20
node/4685545489,Finca Cielo Verde de Allan y Nurieth,,Costa Rica,9.4560834,-83.59726,medium,55,osm-costa-rica-hotel-focused-choice-cala-2026-05-20
node/4685732789,Urbano Hostel Yoses,,Costa Rica,9.9309709,-84.0612246,high,70,osm-costa-rica-hotel-focused-choice-cala-2026-05-20
node/4699082189,Cabinas Bachelor,,Costa Rica,10.7050651,-85.2284134,medium,55,osm-costa-rica-hotel-focused-choice-cala-2026-05-20
node/4707347189,Cabinas Atlantis,,Costa Rica,10.6607173,-85.471087,medium,55,osm-costa-rica-hotel-focused-choice-cala-2026-05-20
node/4712227521,Casa Tortuga,,Costa Rica,10.5338433,-85.6933687,medium,55,osm-costa-rica-hotel-focused-choice-cala-2026-05-20
node/4712312391,Cabinas Guanacaste,,Costa Rica,10.4098358,-85.0848785,medium,55,osm-costa-rica-hotel-focused-choice-cala-2026-05-20
node/4712334789,Cabinas La fiesta del amor,,Costa Rica,9.8919504,-84.647442,medium,55,osm-costa-rica-hotel-focused-choice-cala-2026-05-20
node/4712389589,Hospedaje Meneca,,Costa Rica,10.1841403,-84.9433744,medium,55,osm-costa-rica-hotel-focused-choice-cala-2026-05-20
node/4718926392,La Purruja Lodge,,Costa Rica,8.6029367,-83.1096687,medium,55,osm-costa-rica-hotel-focused-choice-cala-2026-05-20
node/4719018489,Hotel Teffany,,Costa Rica,8.6430302,-83.0736293,medium,55,osm-costa-rica-hotel-focused-choice-cala-2026-05-20
node/4720818690,Cabinas Los Ángeles,Río Naranjo,Costa Rica,10.6819133,-85.091359,high,85,osm-costa-rica-hotel-focused-choice-cala-2026-05-20
node/4720871790,Sueño Celeste B&B,Bijagua,Costa Rica,10.7129456,-85.072566,high,100,osm-costa-rica-hotel-focused-choice-cala-2026-05-20
node/4721394191,Cabinas Momentos Mágicos,Canoas,Costa Rica,8.5956513,-82.8965034,high,75,osm-costa-rica-hotel-focused-choice-cala-2026-05-20
node/4721394192,Cabinas La Ranita,,Costa Rica,8.5552144,-82.8606557,medium,55,osm-costa-rica-hotel-focused-choice-cala-2026-05-20
node/4721394193,Cabinas Adelita,,Costa Rica,8.5404753,-82.8506809,medium,55,osm-costa-rica-hotel-focused-choice-cala-2026-05-20
node/4721402289,Cabinas Villaguirre,,Costa Rica,8.5590627,-82.8622779,medium,55,osm-costa-rica-hotel-focused-choice-cala-2026-05-20
node/4723362529,Gardenia Tamarindo,Tamarindo,Costa Rica,10.2968609,-85.8383986,high,85,osm-costa-rica-hotel-focused-choice-cala-2026-05-20
node/4728281516,Casa Alquimia Artes Bed & Breakfast,,Costa Rica,10.3090233,-84.8117377,high,80,osm-costa-rica-hotel-focused-choice-cala-2026-05-20
node/4737275660,Hotel Villa Hermosa,Liberia,Costa Rica,10.6417528,-85.4423881,high,95,osm-costa-rica-hotel-focused-choice-cala-2026-05-20
node/4738400721,Tino's,,Costa Rica,10.4805551,-84.5746704,medium,55,osm-costa-rica-hotel-focused-choice-cala-2026-05-20
node/4739401023,Piramys Life Hostel,,Costa Rica,9.2510276,-83.8625597,high,80,osm-costa-rica-hotel-focused-choice-cala-2026-05-20
node/4740824826,Sunset,,Costa Rica,10.2986506,-85.8397052,medium,55,osm-costa-rica-hotel-focused-choice-cala-2026-05-20
node/4742021726,Peter and the wolf,,Costa Rica,10.3647369,-84.1350112,medium,55,osm-costa-rica-hotel-focused-choice-cala-2026-05-20
node/4744222126,Ana house,,Costa Rica,9.99954,-84.1519917,medium,55,osm-costa-rica-hotel-focused-choice-cala-2026-05-20
node/4748940751,La Reventacion,,Costa Rica,9.7941278,-83.8548478,medium,65,osm-costa-rica-hotel-focused-choice-cala-2026-05-20
node/4748971090,Hospedaje Condega,,Costa Rica,10.6262538,-85.4382287,medium,55,osm-costa-rica-hotel-focused-choice-cala-2026-05-20
node/4749259679,Villa Tortuga,Nosara,Costa Rica,9.9471393,-85.6693784,high,75,osm-costa-rica-hotel-focused-choice-cala-2026-05-20
node/4749259681,Villas Canadiense,,Costa Rica,9.9445168,-85.6676982,high,70,osm-costa-rica-hotel-focused-choice-cala-2026-05-20
node/4749333622,Torre Azul,,Costa Rica,9.7376907,-82.8392091,medium,55,osm-costa-rica-hotel-focused-choice-cala-2026-05-20
node/4751480212,Agua Tibia Surf Camp,,Costa Rica,9.9372882,-85.6641584,medium,55,osm-costa-rica-hotel-focused-choice-cala-2026-05-20
node/4751480213,Mamma Rosa Aparthotel,,Costa Rica,9.9434581,-85.667534,medium,55,osm-costa-rica-hotel-focused-choice-cala-2026-05-20
node/4753750127,Kiban's Surf Hostel,,Costa Rica,9.8823096,-85.5278621,medium,55,osm-costa-rica-hotel-focused-choice-cala-2026-05-20
node/4753759551,Sunset Lodge,Bahía Drake,Costa Rica,8.6913345,-83.6614013,high,85,osm-costa-rica-hotel-focused-choice-cala-2026-05-20
node/4753834926,Casa Pura Vida,,Costa Rica,9.6808401,-85.0695623,high,85,osm-costa-rica-hotel-focused-choice-cala-2026-05-20
node/4757152939,Cabinas,,Costa Rica,9.5034046,-82.6141514,medium,55,osm-costa-rica-hotel-focused-choice-cala-2026-05-20
node/4760421521,Faro Escondido 5,,Costa Rica,9.6550552,-84.672255,medium,55,osm-costa-rica-hotel-focused-choice-cala-2026-05-20
node/4779809928,Hotel De Montana El Pelicano,,Costa Rica,9.4609465,-83.6041828,medium,55,osm-costa-rica-hotel-focused-choice-cala-2026-05-20
node/4781975202,Santuary Resort And Spa,Cuajiniquil,Costa Rica,10.0569632,-85.7535133,high,75,osm-costa-rica-hotel-focused-choice-cala-2026-05-20
node/4783783121,Casa Pura Vida,,Costa Rica,9.6751894,-85.0747876,high,85,osm-costa-rica-hotel-focused-choice-cala-2026-05-20
node/4787136735,Pura Vida Hostel,,Costa Rica,9.6545278,-85.0693748,medium,55,osm-costa-rica-hotel-focused-choice-cala-2026-05-20
node/4788462071,Alojamiento Hilda,Alajuela,Costa Rica,10.0158474,-84.210951,high,85,osm-costa-rica-hotel-focused-choice-cala-2026-05-20
node/4791578816,Jungle Green House,,Costa Rica,9.6350194,-82.7129835,medium,55,osm-costa-rica-hotel-focused-choice-cala-2026-05-20
node/4791625160,Hotel Las Fresas,,Costa Rica,10.1228086,-84.2104747,medium,55,osm-costa-rica-hotel-focused-choice-cala-2026-05-20
node/4791893813,Jennifer López,San Rafael,Costa Rica,10.6714497,-84.8217747,high,75,osm-costa-rica-hotel-focused-choice-cala-2026-05-20
node/4793986096,La Marejada Hotel,Santa Cruz,Costa Rica,10.3338668,-85.846301,high,100,osm-costa-rica-hotel-focused-choice-cala-2026-05-20
node/4799229721,La Villa Mar y Sol,,Costa Rica,9.418073,-84.1534079,high,75,osm-costa-rica-hotel-focused-choice-cala-2026-05-20
node/4810860821,Tami Lodge,,Costa Rica,9.5464874,-83.8591612,medium,55,osm-costa-rica-hotel-focused-choice-cala-2026-05-20
node/4812582721,Colores Del Pacifico,,Costa Rica,10.4352965,-85.7776649,high,80,osm-costa-rica-hotel-focused-choice-cala-2026-05-20
node/4812702317,Hotel Villa Florencia,Turrialba,Costa Rica,9.8736669,-83.659796,high,75,osm-costa-rica-hotel-focused-choice-cala-2026-05-20
node/4815559222,Casa,,Costa Rica,9.8698834,-83.9212226,medium,55,osm-costa-rica-hotel-focused-choice-cala-2026-05-20
node/4816873022,B&B Londres,Naranjito,Costa Rica,9.4633447,-84.0640631,high,75,osm-costa-rica-hotel-focused-choice-cala-2026-05-20
node/4816873023,Boutique Hotel Tangara Azul,,Costa Rica,9.0750025,-83.6541234,medium,55,osm-costa-rica-hotel-focused-choice-cala-2026-05-20
node/4833441392,Selina Hostel,,Costa Rica,10.2970615,-85.8421748,medium,55,osm-costa-rica-hotel-focused-choice-cala-2026-05-20
node/4835325010,La Dolce Vita,Sámara,Costa Rica,9.8806767,-85.5285195,high,75,osm-costa-rica-hotel-focused-choice-cala-2026-05-20
node/4837188408,Casitas Laz Divaz,Sámara,Costa Rica,9.8814933,-85.523443,high,75,osm-costa-rica-hotel-focused-choice-cala-2026-05-20
node/4838834426,Nosara beach Hostel,,Costa Rica,9.9374384,-85.6636754,medium,55,osm-costa-rica-hotel-focused-choice-cala-2026-05-20
node/4838851421,Tortuguero 7 BackPacker,,Costa Rica,10.5429759,-83.5031665,medium,65,osm-costa-rica-hotel-focused-choice-cala-2026-05-20
node/4840807930,Pacuare Lodge,Pacuarito,Costa Rica,10.0025717,-83.5342617,high,75,osm-costa-rica-hotel-focused-choice-cala-2026-05-20
node/4845977625,Selina,,Costa Rica,9.6105829,-84.6264706,high,85,osm-costa-rica-hotel-focused-choice-cala-2026-05-20
node/4846523227,Cabinas Jenny,,Costa Rica,9.7390955,-82.839626,medium,55,osm-costa-rica-hotel-focused-choice-cala-2026-05-20
node/4858346050,Hotel Paraíso del Cocodrilo,Sámara,Costa Rica,9.8836324,-85.5654841,high,75,osm-costa-rica-hotel-focused-choice-cala-2026-05-20
node/4862552798,Hotel y Villas Río Ora,Sámara,Costa Rica,9.9165756,-85.5257549,high,75,osm-costa-rica-hotel-focused-choice-cala-2026-05-20
node/4864763801,Hotel Casa Montaña y Playa,Sámara,Costa Rica,9.8782047,-85.5391312,high,75,osm-costa-rica-hotel-focused-choice-cala-2026-05-20
node/4866333122,Cabinas y Apartamentos Manuel,,Costa Rica,9.5259177,-84.5065191,medium,60,osm-costa-rica-hotel-focused-choice-cala-2026-05-20
node/4872856100,Cabinas El Sitio,Nosara,Costa Rica,9.9688159,-85.6428594,high,75,osm-costa-rica-hotel-focused-choice-cala-2026-05-20
node/4875027421,Cabanas Cecilia,,Costa Rica,9.6470166,-83.9688349,high,75,osm-costa-rica-hotel-focused-choice-cala-2026-05-20
node/4878779431,Hotel El Ramal,Nosara,Costa Rica,9.9577435,-85.6716508,high,75,osm-costa-rica-hotel-focused-choice-cala-2026-05-20
node/4878958654,Casas Kismet,Nosara,Costa Rica,9.9631962,-85.6725144,high,90,osm-costa-rica-hotel-focused-choice-cala-2026-05-20
node/4890105536,Villas Color Champagne,Nosara,Costa Rica,9.9396661,-85.6608672,high,75,osm-costa-rica-hotel-focused-choice-cala-2026-05-20
node/4890107246,Hotel Jungle Edge,Nosara,Costa Rica,9.9412963,-85.6555865,high,75,osm-costa-rica-hotel-focused-choice-cala-2026-05-20
node/4890143841,Hotel Estancia Nosara,Nosara,Costa Rica,9.9597802,-85.6647922,high,75,osm-costa-rica-hotel-focused-choice-cala-2026-05-20
node/4890780525,Hotel Rancho Huetar,,Costa Rica,10.456111,-84.407386,medium,55,osm-costa-rica-hotel-focused-choice-cala-2026-05-20
node/4893037622,Hostel Sunset,,Costa Rica,10.2988262,-85.8404269,medium,55,osm-costa-rica-hotel-focused-choice-cala-2026-05-20
node/4911761922,Cabinas Isabel,,Costa Rica,10.0263215,-85.2352733,medium,55,osm-costa-rica-hotel-focused-choice-cala-2026-05-20
node/4931220493,Vista Turrialba Lodge,Santa Cruz,Costa Rica,9.9482076,-83.7042277,high,75,osm-costa-rica-hotel-focused-choice-cala-2026-05-20
node/4935434725,rancho delicioso,,Costa Rica,9.6599652,-85.0990989,medium,55,osm-costa-rica-hotel-focused-choice-cala-2026-05-20
node/4943640225,Eso Santa Teresa,,Costa Rica,9.6411057,-85.1651717,medium,55,osm-costa-rica-hotel-focused-choice-cala-2026-05-20
node/4943779122,Costa Va De Villa,,Costa Rica,9.6438008,-85.1668923,high,70,osm-costa-rica-hotel-focused-choice-cala-2026-05-20
node/4944553129,Cabinas Fantasía,San Pedro,Costa Rica,10.120285,-84.326936,high,75,osm-costa-rica-hotel-focused-choice-cala-2026-05-20
node/4944682519,Cabinas Candilejas,Sarchí Norte,Costa Rica,10.1121473,-84.3388568,high,75,osm-costa-rica-hotel-focused-choice-cala-2026-05-20
node/4946026607,Entrada Hotel Selva Verde,,Costa Rica,10.4353804,-84.1195565,medium,55,osm-costa-rica-hotel-focused-choice-cala-2026-05-20
node/4978390221,Hostel and Backpackers,,Costa Rica,10.5398864,-83.5038634,medium,55,osm-costa-rica-hotel-focused-choice-cala-2026-05-20
node/4981331138,Miss Mirian #2,,Costa Rica,10.5404095,-83.5015813,medium,55,osm-costa-rica-hotel-focused-choice-cala-2026-05-20
node/4981633227,Cabinas Beyetty,,Costa Rica,10.5434028,-83.503689,medium,55,osm-costa-rica-hotel-focused-choice-cala-2026-05-20
node/4981682623,Hotel Riverview,,Costa Rica,10.5425492,-83.5036384,medium,55,osm-costa-rica-hotel-focused-choice-cala-2026-05-20
node/4983759776,Tropical Sands Dominical Eco Inn,,Costa Rica,9.2520443,-83.8623433,medium,65,osm-costa-rica-hotel-focused-choice-cala-2026-05-20
node/4983774892,Cool Vibes,,Costa Rica,9.251626,-83.8621609,high,80,osm-costa-rica-hotel-focused-choice-cala-2026-05-20
node/4983796346,Mavi Surf Hotel,,Costa Rica,9.2528296,-83.8613306,medium,65,osm-costa-rica-hotel-focused-choice-cala-2026-05-20
node/4985292534,Hotel Arenal Springs,Arenal,Costa Rica,10.5648668,-84.9313087,high,75,osm-costa-rica-hotel-focused-choice-cala-2026-05-20
node/4985328473,Hoel Red Sunset,Arenal,Costa Rica,10.5677195,-84.9189111,high,75,osm-costa-rica-hotel-focused-choice-cala-2026-05-20
node/4985774821,Patitos rental homes,,Costa Rica,9.9453791,-85.6633539,medium,55,osm-costa-rica-hotel-focused-choice-cala-2026-05-20
node/4985785821,Nosara Paradise Rentals,,Costa Rica,9.9450852,-85.6642934,medium,55,osm-costa-rica-hotel-focused-choice-cala-2026-05-20
node/4989023422,Casa Merlin Lodge,,Costa Rica,9.6387519,-82.7171333,high,70,osm-costa-rica-hotel-focused-choice-cala-2026-05-20
node/5000266011,Cabinas El Caracol,Tronadora,Costa Rica,10.5017444,-84.932056,high,75,osm-costa-rica-hotel-focused-choice-cala-2026-05-20
node/5000389430,Mirador San Gerardo,Tronadora,Costa Rica,10.3725807,-84.807518,high,75,osm-costa-rica-hotel-focused-choice-cala-2026-05-20
node/5000389431,Hotel Vista Verde Lodge,Tronadora,Costa Rica,10.3629689,-84.8042746,high,75,osm-costa-rica-hotel-focused-choice-cala-2026-05-20
node/5000614915,Hacienda Paraíso Lodge Solania,Líbano,Costa Rica,10.374876,-84.9901082,high,75,osm-costa-rica-hotel-focused-choice-cala-2026-05-20
node/5000726967,Villas Las Mercedes,Tilarán,Costa Rica,10.5047937,-84.9376513,high,75,osm-costa-rica-hotel-focused-choice-cala-2026-05-20
node/5006163021,Quisarrazal Rd,,Costa Rica,10.129624,-84.2690526,medium,60,osm-costa-rica-hotel-focused-choice-cala-2026-05-20
node/5010302626,Jasón House,,Costa Rica,10.0661462,-84.1107867,medium,55,osm-costa-rica-hotel-focused-choice-cala-2026-05-20
node/5023169321,Beta life eco hostel,,Costa Rica,9.6560326,-82.7543898,medium,60,osm-costa-rica-hotel-focused-choice-cala-2026-05-20
node/5033277638,Corcovado Wild Hostel,,Costa Rica,8.5315365,-83.3082008,medium,60,osm-costa-rica-hotel-focused-choice-cala-2026-05-20
node/5049848221,Hotel Nanku,,Costa Rica,10.6320944,-85.4445008,medium,55,osm-costa-rica-hotel-focused-choice-cala-2026-05-20
node/5054444693,Panacea de la Montana Yoga Retreat & Spa,Tamarindo,Costa Rica,10.3383319,-85.7848311,high,75,osm-costa-rica-hotel-focused-choice-cala-2026-05-20
node/5069266422,La Ruka Hostel,,Costa Rica,9.6578238,-82.7473249,medium,55,osm-costa-rica-hotel-focused-choice-cala-2026-05-20
node/5074706024,Carefree Ranch,,Costa Rica,10.3049033,-83.3506618,medium,65,osm-costa-rica-hotel-focused-choice-cala-2026-05-20
node/5077055323,Beachpackers,,Costa Rica,9.3956688,-84.1527996,medium,55,osm-costa-rica-hotel-focused-choice-cala-2026-05-20
node/5090892503,Hotel - Posada Luna del Llano,,Costa Rica,10.5296259,-85.2879976,medium,55,osm-costa-rica-hotel-focused-choice-cala-2026-05-20
node/5115599389,Villas Cabuyal,Nacascolo,Costa Rica,10.6816746,-85.6117111,high,75,osm-costa-rica-hotel-focused-choice-cala-2026-05-20
node/5135508622,Los Robles,,Costa Rica,9.9206177,-84.1345422,medium,55,osm-costa-rica-hotel-focused-choice-cala-2026-05-20
node/5155913669,Albergue Kániki,Sixaola,Costa Rica,9.5956046,-82.6050246,high,75,osm-costa-rica-hotel-focused-choice-cala-2026-05-20
node/5155913670,Joseph's Homestay,Sixaola,Costa Rica,9.5947453,-82.6064721,high,75,osm-costa-rica-hotel-focused-choice-cala-2026-05-20
node/5155913671,Cabinas El Rinconcito,Sixaola,Costa Rica,9.5946693,-82.6069157,high,75,osm-costa-rica-hotel-focused-choice-cala-2026-05-20
node/5155929498,Hostel Baulas,Sixaola,Costa Rica,9.5971255,-82.6063932,high,75,osm-costa-rica-hotel-focused-choice-cala-2026-05-20
node/5155929499,Albergue La Pura Vida,Sixaola,Costa Rica,9.5959692,-82.6053298,high,75,osm-costa-rica-hotel-focused-choice-cala-2026-05-20
node/5156125891,Bamboo House,Cahuita,Costa Rica,9.6317411,-82.6567738,high,75,osm-costa-rica-hotel-focused-choice-cala-2026-05-20
node/5156125892,Cabinas Something Different,Cahuita,Costa Rica,9.6309368,-82.6580125,high,75,osm-costa-rica-hotel-focused-choice-cala-2026-05-20
node/5156125895,Cabinas Bucus and tour,Cahuita,Costa Rica,9.6307222,-82.6587893,high,75,osm-costa-rica-hotel-focused-choice-cala-2026-05-20
node/5156315094,Inti Resorts,Cahuita,Costa Rica,9.7223736,-82.8951514,high,75,osm-costa-rica-hotel-focused-choice-cala-2026-05-20
node/5156475229,Casa Marcellino,Cahuita,Costa Rica,9.7391289,-82.8489608,high,75,osm-costa-rica-hotel-focused-choice-cala-2026-05-20
node/5156533289,Cahuita Inn,Cahuita,Costa Rica,9.7400065,-82.8422958,high,75,osm-costa-rica-hotel-focused-choice-cala-2026-05-20
node/5156600235,Hotel Casa Conley Del Mar,Cahuita,Costa Rica,9.6730538,-82.8075973,high,75,osm-costa-rica-hotel-focused-choice-cala-2026-05-20
node/5159543340,Finca La Puesta del Sol,Sierpe,Costa Rica,8.8176336,-83.502159,high,75,osm-costa-rica-hotel-focused-choice-cala-2026-05-20
node/5174098929,Hotel Laguna Azul,Limón,Costa Rica,9.9987195,-83.0842674,high,75,osm-costa-rica-hotel-focused-choice-cala-2026-05-20
node/5180618822,Caricako Hostel,,Costa Rica,9.632438,-82.6582304,high,80,osm-costa-rica-hotel-focused-choice-cala-2026-05-20
node/5187354677,Quinta Isla,Las Horquetas,Costa Rica,10.2317763,-83.9151603,high,75,osm-costa-rica-hotel-focused-choice-cala-2026-05-20
node/5189886161,Cabinas Coopevega,Cutris,Costa Rica,10.7216886,-84.3858091,high,75,osm-costa-rica-hotel-focused-choice-cala-2026-05-20
node/5201487654,Caño Negro Wet Lands Lodge,Caño Negro,Costa Rica,10.9027465,-84.7775295,high,75,osm-costa-rica-hotel-focused-choice-cala-2026-05-20
node/5201534092,Villas de Caño Negro,Caño Negro,Costa Rica,10.895334,-84.8059102,high,75,osm-costa-rica-hotel-focused-choice-cala-2026-05-20
node/5205074065,kayak Lodge,Quepos,Costa Rica,9.4851697,-84.2184488,high,75,osm-costa-rica-hotel-focused-choice-cala-2026-05-20
node/5209639363,Blue Banyan Inn,Naranjito,Costa Rica,9.4809615,-84.1410323,high,75,osm-costa-rica-hotel-focused-choice-cala-2026-05-20
node/5209880664,A Little Paradise,Naranjito,Costa Rica,9.4649244,-84.073448,high,75,osm-costa-rica-hotel-focused-choice-cala-2026-05-20
node/5213399823,Casa Aba Matapalo,Savegre,Costa Rica,9.3238092,-83.96609,high,75,osm-costa-rica-hotel-focused-choice-cala-2026-05-20
node/5215522139,Hotel Jungla del Jaguar,Bahía Drake,Costa Rica,8.6409151,-83.731802,high,75,osm-costa-rica-hotel-focused-choice-cala-2026-05-20
node/5229562222,Casa Maki,,Costa Rica,10.0117278,-84.2041544,medium,60,osm-costa-rica-hotel-focused-choice-cala-2026-05-20
node/5237309421,Hotel Los Olivos,,Costa Rica,8.5394211,-82.8399079,medium,65,osm-costa-rica-hotel-focused-choice-cala-2026-05-20
node/5247759622,Las Olas Beach Club,,Costa Rica,9.8801014,-85.5300077,high,80,osm-costa-rica-hotel-focused-choice-cala-2026-05-20
node/5260860856,Hotel Club Mi Amor,Mercedes,Costa Rica,10.1721849,-83.6118695,high,75,osm-costa-rica-hotel-focused-choice-cala-2026-05-20
node/5260865821,Cabinas Caribean Bambú,Mercedes,Costa Rica,10.1736094,-83.6110727,high,75,osm-costa-rica-hotel-focused-choice-cala-2026-05-20
node/5261276861,Villa Santiago,Río Jiménez,Costa Rica,10.2422183,-83.6296254,high,75,osm-costa-rica-hotel-focused-choice-cala-2026-05-20
node/5263904161,Osa Mountain Village Eco Resort,,Costa Rica,9.0252521,-83.5097435,medium,55,osm-costa-rica-hotel-focused-choice-cala-2026-05-20
node/5266623620,Hilton Garden Inn San José,San José,Costa Rica,9.9391281,-84.109578,high,100,osm-costa-rica-hotel-focused-choice-cala-2026-05-20
node/5276003925,Casa Río Blanco,,Costa Rica,10.2034467,-83.8395159,high,80,osm-costa-rica-hotel-focused-choice-cala-2026-05-20
node/5281072026,Fauna Luxury Hostel,,Costa Rica,9.9202837,-84.1421674,medium,55,osm-costa-rica-hotel-focused-choice-cala-2026-05-20
node/5294718321,del Paseo,,Costa Rica,9.9350155,-84.0911426,medium,55,osm-costa-rica-hotel-focused-choice-cala-2026-05-20
node/5302763222,Isla Violin Eco-Lodge,,Costa Rica,8.8093458,-83.6270992,high,85,osm-costa-rica-hotel-focused-choice-cala-2026-05-20
node/5311523525,roots family,,Costa Rica,9.6567273,-82.7528341,high,70,osm-costa-rica-hotel-focused-choice-cala-2026-05-20
node/5314009496,Cabinas Malakos,Puntarenas,Costa Rica,9.9767577,-84.8449205,high,85,osm-costa-rica-hotel-focused-choice-cala-2026-05-20
node/5315654392,Cabinas Westfalia,,Costa Rica,9.9418123,-83.0100534,medium,55,osm-costa-rica-hotel-focused-choice-cala-2026-05-20
node/5315654640,Cabinas las Olas,,Costa Rica,9.9422834,-83.0101624,medium,55,osm-costa-rica-hotel-focused-choice-cala-2026-05-20
node/5339817959,Heliconia Hall,Arenal,Costa Rica,10.5361495,-84.888204,high,85,osm-costa-rica-hotel-focused-choice-cala-2026-05-20
node/5348237021,Cabinas EmMa,,Costa Rica,9.7401485,-82.8505445,medium,55,osm-costa-rica-hotel-focused-choice-cala-2026-05-20
node/5349298521,Kali Modern Eco-Living,,Costa Rica,10.0606005,-85.7492852,high,85,osm-costa-rica-hotel-focused-choice-cala-2026-05-20
node/5352964594,Lajuela,,Costa Rica,10.0146858,-84.2094832,medium,65,osm-costa-rica-hotel-focused-choice-cala-2026-05-20
node/5354936821,Pipa Lodge,,Costa Rica,9.6465403,-82.7328508,medium,65,osm-costa-rica-hotel-focused-choice-cala-2026-05-20
node/5355038921,The Lazy Loft Beach Hostel,,Costa Rica,9.6584886,-82.7521221,medium,55,osm-costa-rica-hotel-focused-choice-cala-2026-05-20
node/5357204568,Mohágine Hotel y Finca,,Costa Rica,8.6886955,-83.6622798,medium,55,osm-costa-rica-hotel-focused-choice-cala-2026-05-20
node/5363032022,Santa Teresa,,Costa Rica,9.6483,-85.1710588,medium,55,osm-costa-rica-hotel-focused-choice-cala-2026-05-20
node/5378139477,Cabina y Finca Soan,,Costa Rica,10.3078512,-84.8766925,medium,55,osm-costa-rica-hotel-focused-choice-cala-2026-05-20
node/5395916622,Casa Flory,,Costa Rica,10.4064613,-85.7955221,medium,55,osm-costa-rica-hotel-focused-choice-cala-2026-05-20
node/5407177823,Osa de Rio,,Costa Rica,9.1761745,-83.7296279,high,80,osm-costa-rica-hotel-focused-choice-cala-2026-05-20
node/5411321921,Moctezuma,,Costa Rica,9.6546479,-85.067851,high,80,osm-costa-rica-hotel-focused-choice-cala-2026-05-20
node/5415669022,clear river,,Costa Rica,8.3955756,-83.1352103,medium,55,osm-costa-rica-hotel-focused-choice-cala-2026-05-20
node/5416227121,Mi casa,,Costa Rica,9.8710255,-84.3060537,high,70,osm-costa-rica-hotel-focused-choice-cala-2026-05-20
node/5420950723,Villa Malibú,,Costa Rica,10.4497615,-85.7717227,high,80,osm-costa-rica-hotel-focused-choice-cala-2026-05-20
node/5423546962,Nacientes lodge,,Costa Rica,10.7177247,-85.0684851,medium,55,osm-costa-rica-hotel-focused-choice-cala-2026-05-20
node/5423557111,Casa Hostel Mare Nostrvm,,Costa Rica,9.4205082,-84.1579877,medium,55,osm-costa-rica-hotel-focused-choice-cala-2026-05-20
node/5431786422,Hostel del Paseo,,Costa Rica,9.9350194,-84.091131,medium,55,osm-costa-rica-hotel-focused-choice-cala-2026-05-20
node/5435518599,El Salto Ecolodge,,Costa Rica,9.8341265,-83.841666,high,70,osm-costa-rica-hotel-focused-choice-cala-2026-05-20
node/5435526430,Luna Azul,,Costa Rica,10.0224121,-85.7189418,high,70,osm-costa-rica-hotel-focused-choice-cala-2026-05-20
node/5437206421,chez pierre,,Costa Rica,10.0143669,-84.2042823,medium,55,osm-costa-rica-hotel-focused-choice-cala-2026-05-20
node/5440372775,Beach House,,Costa Rica,8.5063361,-83.2929238,medium,55,osm-costa-rica-hotel-focused-choice-cala-2026-05-20
node/5446406322,Finca La Puebla,,Costa Rica,9.4096733,-83.6633958,medium,55,osm-costa-rica-hotel-focused-choice-cala-2026-05-20
node/5468507821,Mitamon,,Costa Rica,10.0087649,-84.2047981,medium,65,osm-costa-rica-hotel-focused-choice-cala-2026-05-20
node/5468510621,Rossy Ross,,Costa Rica,10.0052662,-84.2033091,high,70,osm-costa-rica-hotel-focused-choice-cala-2026-05-20
node/5482821421,Isha hostel,,Costa Rica,9.9311451,-84.0591937,medium,55,osm-costa-rica-hotel-focused-choice-cala-2026-05-20
node/5483800013,Your House,,Costa Rica,10.0050486,-84.1796232,high,80,osm-costa-rica-hotel-focused-choice-cala-2026-05-20
node/5492095721,Casa Kaiki,,Costa Rica,10.2345803,-85.8317283,medium,55,osm-costa-rica-hotel-focused-choice-cala-2026-05-20
node/5497080111,Cabinas Las Veraneras,,Costa Rica,9.832216,-83.7053968,medium,55,osm-costa-rica-hotel-focused-choice-cala-2026-05-20
node/5499924724,Stray Cat,,Costa Rica,9.9401964,-84.0872113,high,85,osm-costa-rica-hotel-focused-choice-cala-2026-05-20
node/5516905322,Jacaranda,,Costa Rica,9.6551805,-82.7523597,medium,55,osm-costa-rica-hotel-focused-choice-cala-2026-05-20
node/5526554823,Cabinas El Bosque,,Costa Rica,10.3831303,-84.1438919,medium,65,osm-costa-rica-hotel-focused-choice-cala-2026-05-20
node/5529550724,Maya Hostel,,Costa Rica,9.6392054,-82.732026,medium,55,osm-costa-rica-hotel-focused-choice-cala-2026-05-20
node/5536509222,Hostel Casa Mariposa,,Costa Rica,8.6888386,-83.6649998,medium,55,osm-costa-rica-hotel-focused-choice-cala-2026-05-20
node/5536783451,Hotel Villas Posada Del Sol,Esparza,Costa Rica,9.9839671,-84.6564696,high,85,osm-costa-rica-hotel-focused-choice-cala-2026-05-20
node/5541085024,Cabañas Rio Celeste,,Costa Rica,10.7300316,-84.8876547,medium,65,osm-costa-rica-hotel-focused-choice-cala-2026-05-20
node/5559241026,La Fortuna Casa de Campo (correct location),,Costa Rica,10.4545688,-84.5295712,medium,55,osm-costa-rica-hotel-focused-choice-cala-2026-05-20
node/5560284022,Ecovital Costa Rica Lodge,,Costa Rica,9.5858776,-84.5904646,high,80,osm-costa-rica-hotel-focused-choice-cala-2026-05-20
node/5570182321,Dururpe Tour,,Costa Rica,9.5384406,-82.9285459,high,75,osm-costa-rica-hotel-focused-choice-cala-2026-05-20
node/5573960628,Larry’s Airbnb,San José,Costa Rica,10.0105143,-84.0395343,high,75,osm-costa-rica-hotel-focused-choice-cala-2026-05-20
node/5593538220,Hotel Liberia Malinches,Liberia,Costa Rica,10.6291469,-85.4449376,high,85,osm-costa-rica-hotel-focused-choice-cala-2026-05-20
node/5597386821,EDWARD SEGURA,,Costa Rica,9.8356643,-84.3332529,medium,55,osm-costa-rica-hotel-focused-choice-cala-2026-05-20
node/5600672810,Hotel y Hostal Villa Tina,,Costa Rica,10.3329136,-84.447296,medium,55,osm-costa-rica-hotel-focused-choice-cala-2026-05-20
node/5620598821,Selina Puerto Viejo,Cahuita,Costa Rica,9.6566557,-82.7433858,high,100,osm-costa-rica-hotel-focused-choice-cala-2026-05-20
node/5620786718,Mauras Tropical Mini Hostel,,Costa Rica,9.8209827,-84.9366798,medium,65,osm-costa-rica-hotel-focused-choice-cala-2026-05-20
node/5625513821,Cabinas Dylan,Nosara,Costa Rica,9.9810379,-85.6527486,high,75,osm-costa-rica-hotel-focused-choice-cala-2026-05-20
node/5627840238,Cafeaventura Campamento & Hostel,"San Luis, Sabanilla. Alajuela. Costa Rica",Costa Rica,10.0938433,-84.2023117,high,85,osm-costa-rica-hotel-focused-choice-cala-2026-05-20
node/5648560621,Hotel Chorotega,,Costa Rica,10.140372,-85.4536083,medium,55,osm-costa-rica-hotel-focused-choice-cala-2026-05-20
node/5657494621,Villa Sueno,,Costa Rica,10.4536398,-85.7619873,medium,55,osm-costa-rica-hotel-focused-choice-cala-2026-05-20
node/5669854868,Palmer Guest,,Costa Rica,9.1644338,-83.739998,medium,55,osm-costa-rica-hotel-focused-choice-cala-2026-05-20
node/5669855925,Bodhi Surf Yoga,,Costa Rica,9.1637632,-83.7403641,medium,55,osm-costa-rica-hotel-focused-choice-cala-2026-05-20
node/5688069424,Aires del Sur,,Costa Rica,9.164609,-83.3328574,medium,65,osm-costa-rica-hotel-focused-choice-cala-2026-05-20
node/5689186426,Cabinas Caribbean Tour,Tortuguero,Costa Rica,10.5795624,-83.5249131,high,85,osm-costa-rica-hotel-focused-choice-cala-2026-05-20
node/5695374724,Hostal Marisol,,Costa Rica,9.884184,-85.5350584,high,85,osm-costa-rica-hotel-focused-choice-cala-2026-05-20
node/5724019021,Cabinas San Carlos,,Costa Rica,10.4719579,-84.457299,medium,55,osm-costa-rica-hotel-focused-choice-cala-2026-05-20
node/5724019221,Cabinas Descanso del Lago,,Costa Rica,10.4585361,-84.3933255,medium,55,osm-costa-rica-hotel-focused-choice-cala-2026-05-20
node/5730907702,Rovaira,,Costa Rica,10.210789,-83.6819873,medium,55,osm-costa-rica-hotel-focused-choice-cala-2026-05-20
node/5739425521,Casa Feliz,,Costa Rica,10.295125,-85.8377273,medium,55,osm-costa-rica-hotel-focused-choice-cala-2026-05-20
node/5739425522,Villa Andalucia,,Costa Rica,10.2950508,-85.8379777,medium,55,osm-costa-rica-hotel-focused-choice-cala-2026-05-20
node/5757716721,Hostal El Flaco,,Costa Rica,10.6322971,-85.4446189,high,70,osm-costa-rica-hotel-focused-choice-cala-2026-05-20
node/5759354214,One Love Hostel,,Costa Rica,9.6509528,-82.7623817,medium,55,osm-costa-rica-hotel-focused-choice-cala-2026-05-20
node/5770908628,Casa Chameleon,Guanacaste Province,Costa Rica,10.478935,-85.7847897,high,75,osm-costa-rica-hotel-focused-choice-cala-2026-05-20
node/5780512253,Cabinas Meriscar,,Costa Rica,10.5398683,-83.5023842,medium,55,osm-costa-rica-hotel-focused-choice-cala-2026-05-20
node/5785381856,Hotel La Villa,,Costa Rica,10.3647766,-84.4395195,high,80,osm-costa-rica-hotel-focused-choice-cala-2026-05-20
node/5796456253,Casa Andreas,,Costa Rica,10.3840033,-85.8357317,medium,65,osm-costa-rica-hotel-focused-choice-cala-2026-05-20
node/5796456353,Ballena Paraíso Lodge,,Costa Rica,9.1442718,-83.7236466,medium,55,osm-costa-rica-hotel-focused-choice-cala-2026-05-20
node/5796456453,Las Cotingas Lodge,,Costa Rica,8.6895111,-83.666211,medium,55,osm-costa-rica-hotel-focused-choice-cala-2026-05-20
node/5824587155,Kokua,,Costa Rica,9.6360315,-85.1585083,medium,55,osm-costa-rica-hotel-focused-choice-cala-2026-05-20
node/5849509825,Manoas,,Costa Rica,9.1745956,-83.7218013,high,80,osm-costa-rica-hotel-focused-choice-cala-2026-05-20
node/5854444385,Pio’s House,,Costa Rica,10.4081061,-85.7972446,medium,55,osm-costa-rica-hotel-focused-choice-cala-2026-05-20
node/5859608485,Cabanas el Bosque,,Costa Rica,9.9485798,-83.6946911,medium,65,osm-costa-rica-hotel-focused-choice-cala-2026-05-20
node/5859608585,Aquiares Coffe and Community Experience,,Costa Rica,9.945296,-83.72686,high,80,osm-costa-rica-hotel-focused-choice-cala-2026-05-20
node/5860374785,Palma de Oro,Bejuco,Costa Rica,9.8520879,-85.3801618,high,75,osm-costa-rica-hotel-focused-choice-cala-2026-05-20
node/5864637785,Costa Rica Airport Lodge El Cacique,,Costa Rica,10.000266,-84.1985996,medium,55,osm-costa-rica-hotel-focused-choice-cala-2026-05-20
node/5876151688,Hostel Cascada Verde,,Costa Rica,9.1788478,-83.7314805,medium,55,osm-costa-rica-hotel-focused-choice-cala-2026-05-20
node/5885491156,Casa Café del Mar,Manuel Antonio,Costa Rica,9.4164984,-84.155277,high,85,osm-costa-rica-hotel-focused-choice-cala-2026-05-20
node/5897412485,Beachwalk Casa Uno,,Costa Rica,10.2380494,-85.8344572,high,80,osm-costa-rica-hotel-focused-choice-cala-2026-05-20
node/5910552093,Rainforest Bed and Breakfast,Sabanilla,Costa Rica,10.1318185,-84.1922441,high,75,osm-costa-rica-hotel-focused-choice-cala-2026-05-20
node/5919742485,Real Chorotega,,Costa Rica,10.6268097,-85.4375125,medium,55,osm-costa-rica-hotel-focused-choice-cala-2026-05-20
node/5941035086,La Ensenada Lodge,Manzanillo,Costa Rica,10.1379709,-85.0410034,high,75,osm-costa-rica-hotel-focused-choice-cala-2026-05-20
node/5961436115,Vista Verde,,Costa Rica,9.6579171,-82.7487996,high,70,osm-costa-rica-hotel-focused-choice-cala-2026-05-20
node/5982150223,Hotel Villa Ilusión,San José,Costa Rica,10.0311069,-84.0166045,high,75,osm-costa-rica-hotel-focused-choice-cala-2026-05-20
node/5984164890,Los Amigos Jungle Hotel,,Costa Rica,10.5382313,-83.5016312,medium,55,osm-costa-rica-hotel-focused-choice-cala-2026-05-20
node/5993474690,Dalia’s hostello,,Costa Rica,10.1912405,-85.8000661,medium,60,osm-costa-rica-hotel-focused-choice-cala-2026-05-20
node/5993478187,Gustavo & Dalia,,Costa Rica,10.1912547,-85.8000452,medium,60,osm-costa-rica-hotel-focused-choice-cala-2026-05-20
node/6000325585,Cabañas La Montaña,,Costa Rica,10.3053404,-84.8349654,medium,55,osm-costa-rica-hotel-focused-choice-cala-2026-05-20
node/6016766964,Brasilito Lodge,Brasilito,Costa Rica,10.4061829,-85.7981227,high,100,osm-costa-rica-hotel-focused-choice-cala-2026-05-20
node/6035610486,Capriella,,Costa Rica,9.9451775,-84.6158367,high,70,osm-costa-rica-hotel-focused-choice-cala-2026-05-20
node/6058656955,Hotel Colinas Alta vista,,Costa Rica,9.8293954,-84.0845714,medium,55,osm-costa-rica-hotel-focused-choice-cala-2026-05-20
node/6061686412,Buena Suerte B&B,,Costa Rica,9.7363939,-82.8403123,medium,55,osm-costa-rica-hotel-focused-choice-cala-2026-05-20
node/6074666523,Cabinas Blanca Flor,Matambú,Costa Rica,10.0870949,-85.4188567,high,95,osm-costa-rica-hotel-focused-choice-cala-2026-05-20
node/6088963985,Hotel Lucy,,Costa Rica,9.6513246,-85.0685451,medium,55,osm-costa-rica-hotel-focused-choice-cala-2026-05-20
node/6090254902,Casa Cerise,,Costa Rica,9.6401688,-82.7154033,medium,55,osm-costa-rica-hotel-focused-choice-cala-2026-05-20
node/6112249782,Hospedaje Sol y Mar,La Cruz,Costa Rica,11.0197606,-85.7282788,high,75,osm-costa-rica-hotel-focused-choice-cala-2026-05-20
node/6116236586,Casa Coral,,Costa Rica,9.4333712,-84.1625749,medium,55,osm-costa-rica-hotel-focused-choice-cala-2026-05-20
node/6140990685,Finca La Tarde,,Costa Rica,8.5774011,-83.4857349,medium,55,osm-costa-rica-hotel-focused-choice-cala-2026-05-20
node/6140990785,Hostel 7,,Costa Rica,9.6331446,-85.1547658,medium,55,osm-costa-rica-hotel-focused-choice-cala-2026-05-20
node/6145923101,UTOPIA BEACH,Punta Uva,Costa Rica,9.6374092,-82.6885225,high,85,osm-costa-rica-hotel-focused-choice-cala-2026-05-20
node/6148507823,Villa El Escape,,Costa Rica,10.2963557,-85.8007121,high,70,osm-costa-rica-hotel-focused-choice-cala-2026-05-20
node/6167263360,Pranamar oceanfront Villas and Yoga Retreat,,Costa Rica,9.661817,-85.186028,medium,55,osm-costa-rica-hotel-focused-choice-cala-2026-05-20
node/6175117986,Home Naranjo,,Costa Rica,9.634586,-82.7278696,medium,60,osm-costa-rica-hotel-focused-choice-cala-2026-05-20
node/6175117987,Casa Naranjo,,Costa Rica,9.6345445,-82.7278628,medium,55,osm-costa-rica-hotel-focused-choice-cala-2026-05-20
node/6176613787,Casa Ceiba,,Costa Rica,9.2842837,-83.8009593,high,85,osm-costa-rica-hotel-focused-choice-cala-2026-05-20
node/6186374785,Cabinas San Gerardo,,Costa Rica,9.5878061,-83.7997377,medium,55,osm-costa-rica-hotel-focused-choice-cala-2026-05-20
node/6188377805,Vista Villas,Ojochal,Costa Rica,9.1022014,-83.6427554,high,75,osm-costa-rica-hotel-focused-choice-cala-2026-05-20
node/6199859996,Aracari Garden Hostel,,Costa Rica,10.5406791,-83.5024757,medium,55,osm-costa-rica-hotel-focused-choice-cala-2026-05-20
node/6208826828,Puerto Viejo Club & Casitas,,Costa Rica,9.6556132,-82.7731058,medium,55,osm-costa-rica-hotel-focused-choice-cala-2026-05-20
node/6223946082,Hotel Monte Escondido,Cutris,Costa Rica,10.5781954,-84.4506201,high,75,osm-costa-rica-hotel-focused-choice-cala-2026-05-20
node/6228674659,Melrost,Alajuela,Costa Rica,10.0033085,-84.2140714,high,85,osm-costa-rica-hotel-focused-choice-cala-2026-05-20
node/6234138817,EcoVida,Parrita,Costa Rica,9.5228984,-84.4358339,high,85,osm-costa-rica-hotel-focused-choice-cala-2026-05-20
node/6244970797,Hotel Dream House Escazú,,Costa Rica,9.9256003,-84.124825,high,80,osm-costa-rica-hotel-focused-choice-cala-2026-05-20
node/6254326085,El Faro 13,,Costa Rica,9.6560711,-82.7479054,medium,55,osm-costa-rica-hotel-focused-choice-cala-2026-05-20
node/6254330503,Hotel Lagunillas del Poás,,Costa Rica,10.1562208,-84.2336915,medium,55,osm-costa-rica-hotel-focused-choice-cala-2026-05-20
node/6254330504,Hotel Peña del Gallo,San Juan,Costa Rica,10.1419874,-84.2406399,high,75,osm-costa-rica-hotel-focused-choice-cala-2026-05-20
node/6256718085,Oasis - cabins,,Costa Rica,9.8824558,-85.5268554,medium,55,osm-costa-rica-hotel-focused-choice-cala-2026-05-20
node/6258886695,Corcovado Tropical,,Costa Rica,8.6441988,-83.4610451,medium,55,osm-costa-rica-hotel-focused-choice-cala-2026-05-20
node/6275672020,Cabinas Mavi,,Costa Rica,10.7416877,-84.9148066,medium,55,osm-costa-rica-hotel-focused-choice-cala-2026-05-20
node/6281679304,Karandi,,Costa Rica,9.1560517,-83.7395213,medium,55,osm-costa-rica-hotel-focused-choice-cala-2026-05-20
node/6286188692,Rio Celeste Tipuru Tinhiyi,,Costa Rica,10.7128497,-84.9450173,medium,65,osm-costa-rica-hotel-focused-choice-cala-2026-05-20
node/6287516477,Hotel Casanova,,Costa Rica,9.9369129,-84.0869217,medium,55,osm-costa-rica-hotel-focused-choice-cala-2026-05-20
node/6289110277,Hotel High Dreams,El Rosario,Costa Rica,10.0412138,-84.3871535,high,75,osm-costa-rica-hotel-focused-choice-cala-2026-05-20
node/6292236185,Casa Robles Backpackers Hostel,,Costa Rica,9.6192788,-84.6225074,medium,55,osm-costa-rica-hotel-focused-choice-cala-2026-05-20
node/6296908977,Hotel Guanacosta,,Costa Rica,10.4326368,-85.097634,medium,55,osm-costa-rica-hotel-focused-choice-cala-2026-05-20
node/6296910504,Apartamentos Massai,,Costa Rica,10.4330864,-85.781227,medium,55,osm-costa-rica-hotel-focused-choice-cala-2026-05-20
node/6313143685,Casa de Dn Raúl Picado,,Costa Rica,10.4381651,-83.8247484,medium,55,osm-costa-rica-hotel-focused-choice-cala-2026-05-20
node/6313585027,Hotel Cacao,,Costa Rica,10.7328475,-85.0600841,medium,55,osm-costa-rica-hotel-focused-choice-cala-2026-05-20
node/6318313185,Pachamama Alajuela,,Costa Rica,10.0235779,-84.2149878,medium,65,osm-costa-rica-hotel-focused-choice-cala-2026-05-20
node/6334116489,Hospedaje La Galerie,,Costa Rica,8.9659009,-83.5202032,medium,55,osm-costa-rica-hotel-focused-choice-cala-2026-05-20
node/6338082185,Hotel Laguna Arenal,,Costa Rica,10.4918651,-84.8328486,high,85,osm-costa-rica-hotel-focused-choice-cala-2026-05-20
node/6338091185,Hotel Laguna Arenal,,Costa Rica,10.4912481,-84.83324,high,85,osm-costa-rica-hotel-focused-choice-cala-2026-05-20
node/6352789575,Jacó VIP,Jacó,Costa Rica,9.6107385,-84.6191812,high,75,osm-costa-rica-hotel-focused-choice-cala-2026-05-20
node/6352855146,Vacacionando,Jacó,Costa Rica,9.6079857,-84.6109763,high,75,osm-costa-rica-hotel-focused-choice-cala-2026-05-20
node/6359513393,Airbnb,,Costa Rica,10.0191383,-84.2019639,high,95,osm-costa-rica-hotel-focused-choice-cala-2026-05-20
node/6365076276,Hotel Pochote,Jacó,Costa Rica,9.6221046,-84.6398697,high,75,osm-costa-rica-hotel-focused-choice-cala-2026-05-20
node/6371129034,Cabinas Antonio,Jacó,Costa Rica,9.6220158,-84.6375286,high,75,osm-costa-rica-hotel-focused-choice-cala-2026-05-20
node/6376541046,Hotel Green,,Costa Rica,9.6106611,-84.6148424,medium,55,osm-costa-rica-hotel-focused-choice-cala-2026-05-20
node/6378712008,Hotel Villa Creole,,Costa Rica,9.6191496,-84.6240805,medium,55,osm-costa-rica-hotel-focused-choice-cala-2026-05-20
node/6379786187,Cabinas Thomson,,Costa Rica,8.5376681,-83.307558,medium,55,osm-costa-rica-hotel-focused-choice-cala-2026-05-20
node/6379787085,Bolita,,Costa Rica,8.5279593,-83.4169893,medium,55,osm-costa-rica-hotel-focused-choice-cala-2026-05-20
node/6399714287,Shanti Lodge,,Costa Rica,10.0738532,-83.4317889,medium,55,osm-costa-rica-hotel-focused-choice-cala-2026-05-20
node/6401053685,Shanti Lodge,,Costa Rica,10.0739907,-83.431748,high,80,osm-costa-rica-hotel-focused-choice-cala-2026-05-20
node/6403558507,Casa Susan,,Costa Rica,9.6532332,-85.0689808,medium,55,osm-costa-rica-hotel-focused-choice-cala-2026-05-20
node/6414520762,Casa Blanca,Tamarindo,Costa Rica,10.3063196,-85.836777,high,100,osm-costa-rica-hotel-focused-choice-cala-2026-05-20
node/6416605385,Hostel Zakura,,Costa Rica,9.7380116,-82.8417155,medium,55,osm-costa-rica-hotel-focused-choice-cala-2026-05-20
node/6443654887,Tu y yo,,Costa Rica,9.8443964,-83.891679,medium,55,osm-costa-rica-hotel-focused-choice-cala-2026-05-20
node/6450137370,Truchero Las Lajas,,Costa Rica,9.3708418,-83.4916943,medium,55,osm-costa-rica-hotel-focused-choice-cala-2026-05-20
node/6452587393,Cabinas Don Senel,,Costa Rica,9.3460213,-83.5054462,medium,55,osm-costa-rica-hotel-focused-choice-cala-2026-05-20
node/6452587394,Cabinas Las Guacas,,Costa Rica,9.3442216,-83.5065512,medium,55,osm-costa-rica-hotel-focused-choice-cala-2026-05-20
node/6452587395,Cabinas Don Luis,,Costa Rica,9.3449415,-83.5060148,medium,55,osm-costa-rica-hotel-focused-choice-cala-2026-05-20
node/6452587396,Cabina El Rinconcito,,Costa Rica,9.3444016,-83.5058217,medium,55,osm-costa-rica-hotel-focused-choice-cala-2026-05-20
node/6452871376,La Chakra,,Costa Rica,9.3768068,-83.4958426,medium,55,osm-costa-rica-hotel-focused-choice-cala-2026-05-20
node/6469235367,Relax Hostel,,Costa Rica,9.9346208,-84.0971303,high,80,osm-costa-rica-hotel-focused-choice-cala-2026-05-20
node/6471702137,Hotel Buddha,,Costa Rica,10.0345236,-85.7400419,medium,55,osm-costa-rica-hotel-focused-choice-cala-2026-05-20
node/6474246649,Cocobolo Beach Resort,San Juanillo,CR,10.0319405,-85.7398219,high,100,osm-costa-rica-hotel-focused-choice-cala-2026-05-20
node/6474408957,Punta India,,Costa Rica,10.024129,-85.7133941,medium,55,osm-costa-rica-hotel-focused-choice-cala-2026-05-20
node/6481873819,Upe Hostel,,Costa Rica,9.9315338,-84.0677226,medium,60,osm-costa-rica-hotel-focused-choice-cala-2026-05-20
node/6483261085,Posada Rural Oasis,,Costa Rica,10.898013,-84.7966761,high,80,osm-costa-rica-hotel-focused-choice-cala-2026-05-20
node/6513598398,El Parque,,Costa Rica,9.6538974,-85.0684644,medium,55,osm-costa-rica-hotel-focused-choice-cala-2026-05-20
node/6514354209,Osa Tucan,,Costa Rica,8.6897062,-83.6640289,medium,65,osm-costa-rica-hotel-focused-choice-cala-2026-05-20
node/6538756787,Rancho Pacifico,,Costa Rica,9.1824399,-83.7259611,medium,55,osm-costa-rica-hotel-focused-choice-cala-2026-05-20
node/6543141612,Guest House Pura Vida,,Costa Rica,9.442794,-84.1560535,medium,55,osm-costa-rica-hotel-focused-choice-cala-2026-05-20
node/6564209785,Believe Surf Camp & Yoga,,Costa Rica,9.6449409,-85.1679255,medium,55,osm-costa-rica-hotel-focused-choice-cala-2026-05-20
node/6567719998,Hotel Villa Blanca,,Costa Rica,10.2023968,-84.4851649,medium,55,osm-costa-rica-hotel-focused-choice-cala-2026-05-20
node/6570375270,Cabinas Las Juntas,Ángeles,Costa Rica,10.1185872,-84.4778796,high,75,osm-costa-rica-hotel-focused-choice-cala-2026-05-20
node/6575692685,Hospedaje Doña Ana,,Costa Rica,9.4283664,-84.1589414,medium,55,osm-costa-rica-hotel-focused-choice-cala-2026-05-20
node/6587861385,Monte Campana Escazu,,Costa Rica,9.9141356,-84.127704,medium,55,osm-costa-rica-hotel-focused-choice-cala-2026-05-20
node/6606962885,Yejos B&B,,Costa Rica,8.5278662,-83.4057326,medium,55,osm-costa-rica-hotel-focused-choice-cala-2026-05-20
node/6624955533,Hotel Trianon,San José,Costa Rica,9.9320423,-84.0729316,high,75,osm-costa-rica-hotel-focused-choice-cala-2026-05-20
node/6639613485,Nomadas Paradise,,Costa Rica,9.4102347,-84.1516083,medium,55,osm-costa-rica-hotel-focused-choice-cala-2026-05-20
node/6645326585,Hostel Zona II,San José,Costa Rica,9.9377892,-84.0761527,high,75,osm-costa-rica-hotel-focused-choice-cala-2026-05-20
node/6652920463,Hostel Cabañas mis Ojos,,Costa Rica,9.467365,-83.5922328,medium,55,osm-costa-rica-hotel-focused-choice-cala-2026-05-20
node/6668766531,Casa Mayela,,Costa Rica,9.9271853,-84.0741796,medium,55,osm-costa-rica-hotel-focused-choice-cala-2026-05-20
node/6670547581,Hotel La Merced,,Costa Rica,9.9309894,-84.0843297,medium,55,osm-costa-rica-hotel-focused-choice-cala-2026-05-20
node/6737200861,La Tica y la Gata,,Costa Rica,9.6569866,-82.7470951,medium,55,osm-costa-rica-hotel-focused-choice-cala-2026-05-20
node/6772641458,Nativus Art Hostel,San José,Costa Rica,9.9385279,-84.0957338,high,100,osm-costa-rica-hotel-focused-choice-cala-2026-05-20
node/6804359203,Las Fuentes,,Costa Rica,9.2300389,-83.814408,medium,60,osm-costa-rica-hotel-focused-choice-cala-2026-05-20
node/6806744738,Las Fuentes,Bahía Ballena,Costa Rica,9.2299,-83.8177992,high,75,osm-costa-rica-hotel-focused-choice-cala-2026-05-20
node/6812597885,Hostal Casa Latina,,Costa Rica,9.9318616,-84.0414496,high,70,osm-costa-rica-hotel-focused-choice-cala-2026-05-20
node/6854431228,Familia Angulo,,Costa Rica,9.9956423,-85.7014186,medium,55,osm-costa-rica-hotel-focused-choice-cala-2026-05-20
node/6953016885,Aninga Hotel & Spa,,Costa Rica,10.5520795,-83.5118202,medium,55,osm-costa-rica-hotel-focused-choice-cala-2026-05-20
node/6960875385,Sarapiqui Rainforest Lodge,,Costa Rica,10.3590901,-84.1904238,medium,60,osm-costa-rica-hotel-focused-choice-cala-2026-05-20
node/6983781519,Lavas del Arenal,,Costa Rica,10.4412676,-84.6153481,medium,55,osm-costa-rica-hotel-focused-choice-cala-2026-05-20
node/6989816674,Mirador Prendas,,Costa Rica,10.3170182,-83.9930687,high,80,osm-costa-rica-hotel-focused-choice-cala-2026-05-20
node/6993967485,Toucanet Lodge,,Costa Rica,9.6409065,-83.9118206,medium,55,osm-costa-rica-hotel-focused-choice-cala-2026-05-20
node/7003228785,Cabinas Guarana,Puerto Viejo,Costa Rica,9.6556024,-82.7538449,high,100,osm-costa-rica-hotel-focused-choice-cala-2026-05-20
node/7003228885,Cabinas guarana,,Costa Rica,9.655749,-82.7540007,medium,55,osm-costa-rica-hotel-focused-choice-cala-2026-05-20
node/7003995015,Veragua River House,,Costa Rica,8.8693606,-83.4688144,medium,55,osm-costa-rica-hotel-focused-choice-cala-2026-05-20
node/7010008085,Casa del Toucan,,Costa Rica,9.3047618,-83.8983084,medium,55,osm-costa-rica-hotel-focused-choice-cala-2026-05-20
node/7028926631,Alojamiento Laberinto,,Costa Rica,10.4549682,-84.4107689,medium,60,osm-costa-rica-hotel-focused-choice-cala-2026-05-20
node/7040795848,El Mangroove Hotel,,Costa Rica,10.5885471,-85.6479335,high,90,osm-costa-rica-hotel-focused-choice-cala-2026-05-20
node/7045328585,Air,,Costa Rica,10.5051709,-84.9316341,medium,55,osm-costa-rica-hotel-focused-choice-cala-2026-05-20
node/7055693010,Hotel San José,,Costa Rica,9.9392106,-84.0869238,medium,55,osm-costa-rica-hotel-focused-choice-cala-2026-05-20
node/7096997286,Hostel Samara,,Costa Rica,9.8825562,-85.5278483,medium,55,osm-costa-rica-hotel-focused-choice-cala-2026-05-20
node/7110504886,Yubarta Lodge,,Costa Rica,9.1595321,-83.7434277,medium,55,osm-costa-rica-hotel-focused-choice-cala-2026-05-20
node/7123725886,Casa Tucan,,Costa Rica,8.6891522,-83.6657327,medium,55,osm-costa-rica-hotel-focused-choice-cala-2026-05-20
node/7126728659,Toucan House,,Costa Rica,10.5389115,-85.6994066,medium,55,osm-costa-rica-hotel-focused-choice-cala-2026-05-20
node/7126780692,Malayka,,Costa Rica,9.8466481,-85.3404677,medium,55,osm-costa-rica-hotel-focused-choice-cala-2026-05-20
node/7146483331,Vandará Hot Springs & Adventures,Cañas Dulces,Costa Rica,10.7725625,-85.4423726,high,100,osm-costa-rica-hotel-focused-choice-cala-2026-05-20
node/7162989277,Hotel Agroturismo Brisas del Lago,San Juan,Costa Rica,10.2199108,-84.9518113,high,75,osm-costa-rica-hotel-focused-choice-cala-2026-05-20
node/7184487354,Vista Naranja Ocean View House,Mal Pais - Playa Carmen,Costa Rica,9.6258473,-85.1444684,high,100,osm-costa-rica-hotel-focused-choice-cala-2026-05-20
node/7184487355,PERLA HOUSE,Mal Pais - Playa Carmen,Costa Rica,9.6245341,-85.1451905,high,85,osm-costa-rica-hotel-focused-choice-cala-2026-05-20
node/7194656885,Pagan Poetry Bed & Breakfast,,Costa Rica,10.162251,-84.498792,high,85,osm-costa-rica-hotel-focused-choice-cala-2026-05-20
node/7201149142,Cabinas Corozalito,,Costa Rica,9.8624278,-85.3661942,medium,55,osm-costa-rica-hotel-focused-choice-cala-2026-05-20
node/7201800985,Casa Carlota hotel,,Costa Rica,10.3128987,-85.806843,medium,55,osm-costa-rica-hotel-focused-choice-cala-2026-05-20
node/7221145497,Cabinas Las Huacas,San Vito,Costa Rica,8.8214491,-82.9738907,high,75,osm-costa-rica-hotel-focused-choice-cala-2026-05-20
node/7231034185,De la casa,,Costa Rica,10.4321953,-85.0904723,medium,55,osm-costa-rica-hotel-focused-choice-cala-2026-05-20
node/7270810885,Colores Hotel real location,,Costa Rica,9.631849,-82.6595157,medium,55,osm-costa-rica-hotel-focused-choice-cala-2026-05-20
node/7278506585,La Shamana Ecolodge,,Costa Rica,9.710736,-82.8318612,medium,55,osm-costa-rica-hotel-focused-choice-cala-2026-05-20
node/7285706124,La Mansión Inn,Catedral,Costa Rica,9.9293677,-84.0751428,high,75,osm-costa-rica-hotel-focused-choice-cala-2026-05-20
node/7298076227,tierra madre eco lodge,,Costa Rica,11.1325529,-85.4969738,high,70,osm-costa-rica-hotel-focused-choice-cala-2026-05-20
node/7366171001,In the shade,,Costa Rica,10.2974733,-85.839529,medium,55,osm-costa-rica-hotel-focused-choice-cala-2026-05-20
node/7496993176,Surf Samara,Samara,Costa Rica,9.8832492,-85.5412534,high,90,osm-costa-rica-hotel-focused-choice-cala-2026-05-20
node/7846735677,Finca Bellavista,,Costa Rica,8.7795833,-83.20721,high,70,osm-costa-rica-hotel-focused-choice-cala-2026-05-20
node/7929345885,Matapalo House,,Costa Rica,9.3487259,-83.9586816,medium,55,osm-costa-rica-hotel-focused-choice-cala-2026-05-20
node/7935869273,Aguas Termales Roca Caliente,,Costa Rica,9.2966186,-83.2967949,medium,55,osm-costa-rica-hotel-focused-choice-cala-2026-05-20
node/7961314576,Cabañas Don Freddy,,Costa Rica,9.3429226,-83.5037392,high,90,osm-costa-rica-hotel-focused-choice-cala-2026-05-20
node/8001800524,Paraíso del Quetzal Lodge,,Costa Rica,9.6442726,-83.8505209,medium,55,osm-costa-rica-hotel-focused-choice-cala-2026-05-20
node/8112984217,Rapture Surf Camp,,Costa Rica,10.2308674,-85.8307403,high,70,osm-costa-rica-hotel-focused-choice-cala-2026-05-20
node/8117123655,Casa Antigua de Leila,,Costa Rica,9.466373,-83.5953355,medium,65,osm-costa-rica-hotel-focused-choice-cala-2026-05-20
node/8192332019,Casa Aliki,Santa Teresa,Costa Rica,9.6451751,-85.168187,high,100,osm-costa-rica-hotel-focused-choice-cala-2026-05-20
node/8252161921,Hotel Terrazas del Caribe,Cahuita,Costa Rica,9.6487716,-82.7409611,high,75,osm-costa-rica-hotel-focused-choice-cala-2026-05-20
node/8252343912,Sonora Jungle Beach Retreat,,Costa Rica,9.6593927,-82.787194,medium,55,osm-costa-rica-hotel-focused-choice-cala-2026-05-20
node/8252423833,Cabinas Colibrí,Sixaola,Costa Rica,9.5884132,-82.6064769,high,75,osm-costa-rica-hotel-focused-choice-cala-2026-05-20
node/8253078067,Cabinas Sánchez,Sixaola,Costa Rica,9.5033892,-82.6167573,high,75,osm-costa-rica-hotel-focused-choice-cala-2026-05-20
node/8254834817,Zopilote,,Costa Rica,9.6681938,-85.1898681,medium,55,osm-costa-rica-hotel-focused-choice-cala-2026-05-20
node/8264431868,Finca Chilanga,San Mateo,Costa Rica,9.9767737,-84.5602122,high,75,osm-costa-rica-hotel-focused-choice-cala-2026-05-20
node/8282307417,Hotel Quelitales,,Costa Rica,9.827949,-83.7733525,high,80,osm-costa-rica-hotel-focused-choice-cala-2026-05-20
node/8321080029,La Cueva del Oso,,Costa Rica,9.927345,-84.0724678,medium,55,osm-costa-rica-hotel-focused-choice-cala-2026-05-20
node/8331257728,Zamora's Hotel,Tárcoles,Costa Rica,9.8386836,-84.672562,high,75,osm-costa-rica-hotel-focused-choice-cala-2026-05-20
node/8339552701,Les Arcades de L'horizon,Jacó,Costa Rica,9.5759572,-84.6033069,high,75,osm-costa-rica-hotel-focused-choice-cala-2026-05-20
node/8356044578,Hospedaje Cerro Pittier,,Costa Rica,9.0198446,-82.96586,medium,55,osm-costa-rica-hotel-focused-choice-cala-2026-05-20
node/8365065535,Cabinas Maldonado,Parrita,Costa Rica,9.6022253,-84.3553925,high,75,osm-costa-rica-hotel-focused-choice-cala-2026-05-20
node/8375530567,Amada Selva Mountain View Lodge,Quepos,Costa Rica,9.5480981,-84.1331328,high,75,osm-costa-rica-hotel-focused-choice-cala-2026-05-20
node/8375530568,Agua Pura,Quepos,Costa Rica,9.5350988,-84.1475867,high,75,osm-costa-rica-hotel-focused-choice-cala-2026-05-20
node/8378936977,Cabinas Cascada Azul,,Costa Rica,8.666408,-83.0445961,medium,55,osm-costa-rica-hotel-focused-choice-cala-2026-05-20
node/8388874587,Chinitas Lodge,,Costa Rica,10.577648,-83.5221548,high,80,osm-costa-rica-hotel-focused-choice-cala-2026-05-20
node/8388987917,Asotur-Agro,,Costa Rica,9.5952133,-82.6051886,high,80,osm-costa-rica-hotel-focused-choice-cala-2026-05-20
node/8390728630,Cabinas Vega,La Cuesta,Costa Rica,8.4856068,-82.854461,high,75,osm-costa-rica-hotel-focused-choice-cala-2026-05-20
node/8390838379,Hotel La Posada,Canoas,Costa Rica,8.521456,-82.8338988,high,75,osm-costa-rica-hotel-focused-choice-cala-2026-05-20
node/8400093388,Mano de Tigre,,Costa Rica,9.0177415,-83.1738103,high,80,osm-costa-rica-hotel-focused-choice-cala-2026-05-20
node/8400148877,Centro Etnoturistico el Descanso,,Costa Rica,9.0180421,-83.1742919,high,80,osm-costa-rica-hotel-focused-choice-cala-2026-05-20
node/8435176635,Villas Lomas del Caribe,Cahuita,Costa Rica,9.636715,-82.7234327,high,75,osm-costa-rica-hotel-focused-choice-cala-2026-05-20
node/8442566917,Harry's El Escondite,,Costa Rica,10.2944263,-85.8401877,high,70,osm-costa-rica-hotel-focused-choice-cala-2026-05-20
node/8530326042,Hotel Kinkara,San José,Costa Rica,9.3630393,-83.625413,high,100,osm-costa-rica-hotel-focused-choice-cala-2026-05-20
node/8539692784,La Visual,,Costa Rica,9.358593,-83.5136076,high,75,osm-costa-rica-hotel-focused-choice-cala-2026-05-20
node/8555084209,Campamento La Cumbre,Páramo,Costa Rica,9.5730183,-83.7999909,high,75,osm-costa-rica-hotel-focused-choice-cala-2026-05-20
node/8555111700,Hotel Suria,Copey,Costa Rica,9.5465898,-83.8143293,high,75,osm-costa-rica-hotel-focused-choice-cala-2026-05-20
node/8555111715,"Casa de Montaña ""Abuelito Abdon""",Copey,Costa Rica,9.5466085,-83.8126822,high,75,osm-costa-rica-hotel-focused-choice-cala-2026-05-20
node/8555111716,Lauraceas Lodge,Copey,Costa Rica,9.5493418,-83.8093899,high,75,osm-costa-rica-hotel-focused-choice-cala-2026-05-20
node/8555230017,Capital Hostel de Ciudad,,Costa Rica,9.929588,-84.1060472,high,85,osm-costa-rica-hotel-focused-choice-cala-2026-05-20
node/8591824817,Hotel Villas Del Roble,,Costa Rica,9.9698443,-84.7406723,medium,55,osm-costa-rica-hotel-focused-choice-cala-2026-05-20
node/8629793717,Villa La Granadilla,,Costa Rica,10.0283707,-85.7342869,medium,55,osm-costa-rica-hotel-focused-choice-cala-2026-05-20
node/8635785118,Monte Coyote,,Costa Rica,9.774475,-85.257184,medium,55,osm-costa-rica-hotel-focused-choice-cala-2026-05-20
node/8652902677,Macaw Lodge - Rainforest,,Costa Rica,9.7281895,-84.5184368,medium,55,osm-costa-rica-hotel-focused-choice-cala-2026-05-20
node/8653329862,Hotel El Paso,Paquera,Costa Rica,9.9365528,-84.9732649,high,75,osm-costa-rica-hotel-focused-choice-cala-2026-05-20
node/8653329863,Hotel Maquinay,,Costa Rica,9.9341297,-84.9808331,medium,55,osm-costa-rica-hotel-focused-choice-cala-2026-05-20
node/8653329864,La Perla del Golfo,Paquera,Costa Rica,9.9378011,-84.9715354,high,75,osm-costa-rica-hotel-focused-choice-cala-2026-05-20
node/8653329865,Casa Amarilla,Paquera,Costa Rica,9.9383617,-84.9731738,high,75,osm-costa-rica-hotel-focused-choice-cala-2026-05-20
node/8695263496,Ecolirios Boutique Hotel and Spa,Guácimo,Costa Rica,10.1242865,-83.6980939,high,75,osm-costa-rica-hotel-focused-choice-cala-2026-05-20
node/8699640687,Chilamate,,Costa Rica,9.6532291,-82.7654998,medium,55,osm-costa-rica-hotel-focused-choice-cala-2026-05-20
node/8719352850,Selina Manuel Antonio,,Costa Rica,9.4023793,-84.1528673,high,75,osm-costa-rica-hotel-focused-choice-cala-2026-05-20
node/8722741266,Lirio Lodge,Pacuarito,Costa Rica,10.2092349,-83.2746987,high,75,osm-costa-rica-hotel-focused-choice-cala-2026-05-20
node/8722741268,Casa Grande Eco Lodge at Pacuare Reserve,Matina,Costa Rica,10.1677276,-83.2345877,high,75,osm-costa-rica-hotel-focused-choice-cala-2026-05-20
node/8744179903,Albergue Isla Verde Lodge,La Colonia,Costa Rica,10.2867034,-83.8259086,high,75,osm-costa-rica-hotel-focused-choice-cala-2026-05-20
node/8750777117,Apartahotel Altos de la Sabana,,Costa Rica,9.9384973,-84.0952,high,80,osm-costa-rica-hotel-focused-choice-cala-2026-05-20
node/8826414217,Drift Away Lodge,27 de Abril,Costa Rica,10.2167475,-85.8325891,high,100,osm-costa-rica-hotel-focused-choice-cala-2026-05-20
node/8895194176,Selina Hostel Puerto Viejo,,Costa Rica,9.656102,-82.7421064,high,80,osm-costa-rica-hotel-focused-choice-cala-2026-05-20
node/8901769893,Hacienda Garcia,Jacó,Costa Rica,9.6184834,-84.6329346,high,100,osm-costa-rica-hotel-focused-choice-cala-2026-05-20
node/8920132976,Monteverde Maple Home,Monte Verde,Costa Rica,10.2990255,-84.809472,high,75,osm-costa-rica-hotel-focused-choice-cala-2026-05-20
node/8920254497,Estación de Campo San Luis,,Costa Rica,10.2766131,-84.7960132,medium,55,osm-costa-rica-hotel-focused-choice-cala-2026-05-20
node/8920254500,Reserva Biológica San Luis,Monte Verde,Costa Rica,10.2631438,-84.830853,high,75,osm-costa-rica-hotel-focused-choice-cala-2026-05-20
node/8920720736,Sunset Hill Monteverde,Monte Verde,Costa Rica,10.2996662,-84.834551,high,75,osm-costa-rica-hotel-focused-choice-cala-2026-05-20
node/9011030723,Isla Chiquita Glamping Hotel,,Costa Rica,9.8438297,-84.8886806,medium,55,osm-costa-rica-hotel-focused-choice-cala-2026-05-20
node/9094856294,Las Villas Del Guayabo,,Costa Rica,10.6892937,-85.2345202,medium,55,osm-costa-rica-hotel-focused-choice-cala-2026-05-20
node/9149389017,Casita de montaña cabuya,,Costa Rica,10.2853396,-84.8069395,medium,55,osm-costa-rica-hotel-focused-choice-cala-2026-05-20
node/9149920446,Hotel Casa Blanca,San Juan de Dios,Costa Rica,9.8804947,-84.0905346,high,75,osm-costa-rica-hotel-focused-choice-cala-2026-05-20
node/9170636981,Hotel San José,,Costa Rica,9.9339429,-84.0814713,medium,55,osm-costa-rica-hotel-focused-choice-cala-2026-05-20
node/9170649663,Hotel Generaleño,,Costa Rica,9.9338208,-84.0827539,medium,55,osm-costa-rica-hotel-focused-choice-cala-2026-05-20
node/9173413243,Bahia Marina Golfito Hotel,,Costa Rica,8.6370339,-83.168989,high,70,osm-costa-rica-hotel-focused-choice-cala-2026-05-20
node/9200462815,Reserva SelvaTica,Las Horquetas,Costa Rica,10.3036109,-84.0338081,high,75,osm-costa-rica-hotel-focused-choice-cala-2026-05-20
node/9225515548,Hotel Monte del Mago,Carrillos,Costa Rica,10.0334597,-84.2798654,high,75,osm-costa-rica-hotel-focused-choice-cala-2026-05-20
node/9241658417,Cabinas Maxi’s,,Costa Rica,9.6326302,-82.6577014,medium,55,osm-costa-rica-hotel-focused-choice-cala-2026-05-20
node/9246770619,Santa María Volcano Lodge,Aguas Claras,Costa Rica,10.8086365,-85.2395264,high,75,osm-costa-rica-hotel-focused-choice-cala-2026-05-20
node/9251479417,Elixir,,Costa Rica,10.2975907,-85.8386872,medium,55,osm-costa-rica-hotel-focused-choice-cala-2026-05-20
node/9269989077,GreenPoint Drake Bay,Bahia Drake,Costa Rica,8.6987318,-83.6386011,high,75,osm-costa-rica-hotel-focused-choice-cala-2026-05-20
node/9322551717,Gran America Padel Hotel,,Costa Rica,9.9891671,-84.3091283,medium,55,osm-costa-rica-hotel-focused-choice-cala-2026-05-20
node/9328574317,bodhi tree,,Costa Rica,9.9408503,-85.660374,medium,55,osm-costa-rica-hotel-focused-choice-cala-2026-05-20
node/9332983017,Mirador,,Costa Rica,8.6923508,-83.6614581,medium,55,osm-costa-rica-hotel-focused-choice-cala-2026-05-20
node/9346530700,Loma Real Hotel & Hot Springs,,Costa Rica,10.4797229,-84.6813566,high,70,osm-costa-rica-hotel-focused-choice-cala-2026-05-20
node/9349125610,El Tesoro de Sir Lodging and Tours,Bahia Drake,Costa Rica,8.6787499,-83.6598561,high,95,osm-costa-rica-hotel-focused-choice-cala-2026-05-20
node/9352334266,Somos,,Costa Rica,9.6439364,-85.1672633,high,70,osm-costa-rica-hotel-focused-choice-cala-2026-05-20
node/9352979107,Villa Montemeru,,Costa Rica,9.6103434,-85.1393943,medium,55,osm-costa-rica-hotel-focused-choice-cala-2026-05-20
node/9355937815,Eco Stay,,Costa Rica,9.9297345,-84.0659341,high,70,osm-costa-rica-hotel-focused-choice-cala-2026-05-20
node/9358242626,Caribbean View,,Costa Rica,10.5458459,-83.5040499,medium,55,osm-costa-rica-hotel-focused-choice-cala-2026-05-20
node/9366423717,Vacation Apartments,,Costa Rica,10.3110396,-85.8202671,medium,55,osm-costa-rica-hotel-focused-choice-cala-2026-05-20
node/9379273524,Arenal Glamping,,Costa Rica,10.479083,-84.6361516,medium,55,osm-costa-rica-hotel-focused-choice-cala-2026-05-20
node/9380579407,Congo Bongo,,Costa Rica,9.6307495,-82.6639564,high,80,osm-costa-rica-hotel-focused-choice-cala-2026-05-20
node/9380684827,Happy House,,Costa Rica,9.6316322,-82.6712634,high,80,osm-costa-rica-hotel-focused-choice-cala-2026-05-20
node/9382395066,Cabinas Kolibri,,Costa Rica,10.4673884,-84.6606621,medium,55,osm-costa-rica-hotel-focused-choice-cala-2026-05-20
node/9382437755,Burbi Lake Lodge,,Costa Rica,10.3586516,-84.8352873,medium,55,osm-costa-rica-hotel-focused-choice-cala-2026-05-20
node/9395244717,Golfito Maison D’hôtes,,Costa Rica,8.6416455,-83.1649934,medium,55,osm-costa-rica-hotel-focused-choice-cala-2026-05-20
node/9405078321,Casa Blanca Villas,,Costa Rica,9.0753717,-83.6537969,high,70,osm-costa-rica-hotel-focused-choice-cala-2026-05-20
node/9407956286,Chalet Santana,,Costa Rica,9.607104,-84.6214031,medium,65,osm-costa-rica-hotel-focused-choice-cala-2026-05-20
node/9407989571,Perico Azul,,Costa Rica,9.6076226,-84.621027,high,80,osm-costa-rica-hotel-focused-choice-cala-2026-05-20
node/9407993057,Beach Break Point,,Costa Rica,9.6070663,-84.6217988,medium,55,osm-costa-rica-hotel-focused-choice-cala-2026-05-20
node/9408003798,El California,,Costa Rica,9.6072013,-84.6210342,medium,55,osm-costa-rica-hotel-focused-choice-cala-2026-05-20
node/9408003945,Cabinas,,Costa Rica,9.6079189,-84.6216384,medium,65,osm-costa-rica-hotel-focused-choice-cala-2026-05-20
node/9408681517,Corcovado Jungle Hostel,,Costa Rica,8.6925627,-83.6936794,medium,55,osm-costa-rica-hotel-focused-choice-cala-2026-05-20
node/9413370317,Life for Life Sea Turtle Hostal,,Costa Rica,8.6628405,-83.7134797,medium,55,osm-costa-rica-hotel-focused-choice-cala-2026-05-20
node/9416822079,Tortilla Flats,,Costa Rica,9.2529317,-83.8660019,medium,55,osm-costa-rica-hotel-focused-choice-cala-2026-05-20
node/9416826359,Arena y Sol,,Costa Rica,9.2534516,-83.8643882,medium,65,osm-costa-rica-hotel-focused-choice-cala-2026-05-20
node/9416839221,Cabinas,,Costa Rica,9.2520881,-83.8647179,medium,55,osm-costa-rica-hotel-focused-choice-cala-2026-05-20
node/9416843461,Tribe Boutique Hotel,,Costa Rica,9.2534071,-83.8635994,high,80,osm-costa-rica-hotel-focused-choice-cala-2026-05-20
node/9419718860,Danyasa Yoga Retreat,,Costa Rica,9.2543412,-83.8642548,high,80,osm-costa-rica-hotel-focused-choice-cala-2026-05-20
node/9420785607,Domi Plaza,,Costa Rica,9.2551567,-83.8632903,medium,55,osm-costa-rica-hotel-focused-choice-cala-2026-05-20
node/9420819897,La Junta,,Costa Rica,9.2562658,-83.8637925,medium,65,osm-costa-rica-hotel-focused-choice-cala-2026-05-20
node/9423660858,Ballena Paradise,,Costa Rica,9.1599707,-83.7477654,high,80,osm-costa-rica-hotel-focused-choice-cala-2026-05-20
node/9423660859,Dolce Uvita,,Costa Rica,9.1576721,-83.7415855,medium,55,osm-costa-rica-hotel-focused-choice-cala-2026-05-20
node/9425806468,Paso de Ballenas,,Costa Rica,9.1721173,-83.7394887,medium,55,osm-costa-rica-hotel-focused-choice-cala-2026-05-20
node/9425811039,Ukinca,,Costa Rica,9.175233,-83.7437122,high,80,osm-costa-rica-hotel-focused-choice-cala-2026-05-20
node/9431511913,Cabinas Orange Green,,Costa Rica,9.6593823,-82.7492074,medium,65,osm-costa-rica-hotel-focused-choice-cala-2026-05-20
node/9435883979,Casa Pampa,,Costa Rica,9.6457135,-85.1686008,medium,55,osm-costa-rica-hotel-focused-choice-cala-2026-05-20
node/9435948650,Zeneidas,,Costa Rica,9.6430393,-85.1678757,medium,55,osm-costa-rica-hotel-focused-choice-cala-2026-05-20
node/9436030437,Santa Tere,,Costa Rica,9.6418464,-85.1654052,medium,65,osm-costa-rica-hotel-focused-choice-cala-2026-05-20
node/9437347214,Tuki Tuki Lodge,,Costa Rica,9.8828585,-85.5395385,medium,55,osm-costa-rica-hotel-focused-choice-cala-2026-05-20
node/9437795760,Principe del Pacifico,,Costa Rica,9.64328,-85.1666542,medium,55,osm-costa-rica-hotel-focused-choice-cala-2026-05-20
node/9445481153,Apartamentos Gecko,,Costa Rica,11.0218913,-85.7054111,medium,65,osm-costa-rica-hotel-focused-choice-cala-2026-05-20
node/9459275917,Finca Verde Lodge,,Costa Rica,10.7193415,-85.0563955,medium,55,osm-costa-rica-hotel-focused-choice-cala-2026-05-20
node/9483310263,Finca Las Hormigas,,Costa Rica,9.6136341,-82.7298334,high,80,osm-costa-rica-hotel-focused-choice-cala-2026-05-20
node/9488534617,Luminosa Montezuma Hostel,,Costa Rica,9.6488404,-85.0704259,medium,55,osm-costa-rica-hotel-focused-choice-cala-2026-05-20
node/9490531496,Albergue Urán,,Costa Rica,9.529591,-83.5500813,medium,55,osm-costa-rica-hotel-focused-choice-cala-2026-05-20
node/9512378617,Forest Lodge,,Costa Rica,9.1554666,-83.7268061,medium,55,osm-costa-rica-hotel-focused-choice-cala-2026-05-20
node/9552408872,Casa de restauración Cristiana Valle de Beraca,,Costa Rica,9.8173503,-83.455182,medium,65,osm-costa-rica-hotel-focused-choice-cala-2026-05-20
node/9595704070,Casa Kibi Kibi,,Costa Rica,9.9395274,-84.0339844,medium,55,osm-costa-rica-hotel-focused-choice-cala-2026-05-20
node/9656760522,Hotel Los Mangos,,Costa Rica,9.6518183,-85.0688179,medium,55,osm-costa-rica-hotel-focused-choice-cala-2026-05-20
node/9661314486,Hotel Fenix,,Costa Rica,9.8793381,-85.516564,medium,55,osm-costa-rica-hotel-focused-choice-cala-2026-05-20
node/9664629061,Samara Tree House Inn,Samara,Costa Rica,9.8813647,-85.5260255,high,75,osm-costa-rica-hotel-focused-choice-cala-2026-05-20
node/9673230317,Calle concerto Airbnb,,Costa Rica,9.2259745,-83.8109925,medium,60,osm-costa-rica-hotel-focused-choice-cala-2026-05-20
node/9705637087,Rio Chirripo,,Costa Rica,9.4602541,-83.6023905,medium,55,osm-costa-rica-hotel-focused-choice-cala-2026-05-20
node/9705637146,El Descanso,,Costa Rica,9.4647436,-83.5991521,medium,55,osm-costa-rica-hotel-focused-choice-cala-2026-05-20
node/9719487909,Villas Sandel,,Costa Rica,9.4279766,-84.159081,medium,55,osm-costa-rica-hotel-focused-choice-cala-2026-05-20
node/9767554743,Morazan Hills Villa,San José,Costa Rica,10.0027541,-84.401461,high,75,osm-costa-rica-hotel-focused-choice-cala-2026-05-20
node/9793987236,Cabinas la Sucursal,,Costa Rica,10.2932061,-85.5873537,medium,55,osm-costa-rica-hotel-focused-choice-cala-2026-05-20
node/9793987237,Hotel Paraje del Diria,,Costa Rica,10.296759,-85.5879384,medium,55,osm-costa-rica-hotel-focused-choice-cala-2026-05-20
node/9802440737,Sangregado Lodge,La Fortuna,Costa Rica,10.487761,-84.7548729,high,100,osm-costa-rica-hotel-focused-choice-cala-2026-05-20
node/9809296914,Cabinas Rosales,,Costa Rica,10.2863822,-85.5882026,medium,65,osm-costa-rica-hotel-focused-choice-cala-2026-05-20
node/9820756218,Hotel Quintas de la Región,,Costa Rica,10.2100159,-83.7756992,medium,55,osm-costa-rica-hotel-focused-choice-cala-2026-05-20
node/9820781717,Hotel Palmazul,,Costa Rica,9.3780925,-83.6914765,medium,65,osm-costa-rica-hotel-focused-choice-cala-2026-05-20
node/9820781817,Cabinas Yassy,,Costa Rica,8.6440005,-83.4617939,medium,65,osm-costa-rica-hotel-focused-choice-cala-2026-05-20
node/9841436751,Casa Victoria CR,San Isidor del General,Costa Rica,9.3736257,-83.7121824,high,100,osm-costa-rica-hotel-focused-choice-cala-2026-05-20
node/9851651721,Cabinas La Hacienda,Monterrey,Costa Rica,10.5167522,-84.7035399,high,75,osm-costa-rica-hotel-focused-choice-cala-2026-05-20
node/9856258928,Mountain Paradise Wellness & Spa,La Fortuna,Costa Rica,10.5058084,-84.6865191,high,75,osm-costa-rica-hotel-focused-choice-cala-2026-05-20
node/9856533101,Hotel Lomas del Volcán,La Fortuna,Costa Rica,10.4600263,-84.674192,high,75,osm-costa-rica-hotel-focused-choice-cala-2026-05-20
node/9869209621,Cabinas El Botecito,Florencia,Costa Rica,10.4833859,-84.4564517,high,75,osm-costa-rica-hotel-focused-choice-cala-2026-05-20
node/9895775232,Reserva Natural Monte Alto,,Costa Rica,10.0124543,-85.4031187,medium,65,osm-costa-rica-hotel-focused-choice-cala-2026-05-20
node/9900874783,Recepción de La Paz Peace Lodge,,Costa Rica,10.2030016,-84.1611591,medium,55,osm-costa-rica-hotel-focused-choice-cala-2026-05-20
node/9930118618,Hidden Paradise Lodge,,Costa Rica,8.671965,-83.6839133,medium,65,osm-costa-rica-hotel-focused-choice-cala-2026-05-20
node/9932910801,Hotel de Paso Cielo VIP,,Costa Rica,10.214053,-83.8045514,medium,55,osm-costa-rica-hotel-focused-choice-cala-2026-05-20
node/9970650411,Cabinas Liz,Veintisiete de Abril,Costa Rica,10.2446792,-85.7073045,high,100,osm-costa-rica-hotel-focused-choice-cala-2026-05-20
node/10019318671,Hotel y Canopy Valle del General,Páramo,Costa Rica,9.4623596,-83.7020649,high,75,osm-costa-rica-hotel-focused-choice-cala-2026-05-20
node/10109858970,Oxygen Jungle Villas,,Costa Rica,9.1918095,-83.7279734,high,80,osm-costa-rica-hotel-focused-choice-cala-2026-05-20
node/10132388517,El Mirador,,Costa Rica,8.6928912,-83.6608525,medium,55,osm-costa-rica-hotel-focused-choice-cala-2026-05-20
node/10155695597,Hotel Relax Natural Village,"Cocles, Talamanca",Costa Rica,9.643164,-82.7333523,high,100,osm-costa-rica-hotel-focused-choice-cala-2026-05-20
node/10254105338,Hotel Indalo,,Costa Rica,9.6563546,-82.750528,medium,55,osm-costa-rica-hotel-focused-choice-cala-2026-05-20
node/10254105339,Olinca Boutique Hotel,,Costa Rica,9.657691,-82.7501328,medium,55,osm-costa-rica-hotel-focused-choice-cala-2026-05-20
node/10264976722,Yuli Uvita,,Costa Rica,9.1587465,-83.7476062,medium,55,osm-costa-rica-hotel-focused-choice-cala-2026-05-20
node/10264983502,Las Mañanitas,Paquera,Costa Rica,9.9364061,-84.9783583,high,75,osm-costa-rica-hotel-focused-choice-cala-2026-05-20
node/10274549310,Iyok Ami,,Costa Rica,9.6401738,-83.842085,medium,55,osm-costa-rica-hotel-focused-choice-cala-2026-05-20
node/10281676810,Hotel Ticozuma,,Costa Rica,9.6693021,-85.0776908,medium,55,osm-costa-rica-hotel-focused-choice-cala-2026-05-20
node/10299386911,Hotel nuevo Johnson,,Costa Rica,9.9340253,-84.0825584,medium,55,osm-costa-rica-hotel-focused-choice-cala-2026-05-20
node/10304804809,Hotel Cultura Plaza,,Costa Rica,9.9342716,-84.076563,high,70,osm-costa-rica-hotel-focused-choice-cala-2026-05-20
node/10314790914,Hotel Presidente,,Costa Rica,9.9335898,-84.0753571,medium,55,osm-costa-rica-hotel-focused-choice-cala-2026-05-20
node/10396134449,Iyok Ami,,Costa Rica,9.6401599,-83.8420823,medium,55,osm-costa-rica-hotel-focused-choice-cala-2026-05-20
node/10538296209,Backpackers Puerto Viejo,,Costa Rica,9.657612,-82.7519744,medium,55,osm-costa-rica-hotel-focused-choice-cala-2026-05-20
node/10541840009,Hotel Sunshine Caribe,,Costa Rica,9.6526495,-82.7577571,high,70,osm-costa-rica-hotel-focused-choice-cala-2026-05-20
node/10542810071,Tropical Beach Hotel,Bahía Ballena,Costa Rica,9.1537403,-83.7376192,high,100,osm-costa-rica-hotel-focused-choice-cala-2026-05-20
node/10546175613,Iyok Ami,,Costa Rica,9.6401817,-83.8420892,medium,55,osm-costa-rica-hotel-focused-choice-cala-2026-05-20
node/10546176626,Anitas,,Costa Rica,10.0936588,-83.4836985,medium,55,osm-costa-rica-hotel-focused-choice-cala-2026-05-20
node/10557264388,Cabañas Don Gollo,,Costa Rica,10.0818428,-84.1272434,medium,65,osm-costa-rica-hotel-focused-choice-cala-2026-05-20
node/10562970371,Hummingbird house BnB,,Costa Rica,10.3166532,-84.82616,medium,55,osm-costa-rica-hotel-focused-choice-cala-2026-05-20
node/10571482543,Monte Sol,,Costa Rica,9.6577132,-82.7490971,medium,55,osm-costa-rica-hotel-focused-choice-cala-2026-05-20
node/10585473906,La Tribu - solo para mujeres,,Costa Rica,9.657644,-82.7516632,high,70,osm-costa-rica-hotel-focused-choice-cala-2026-05-20
node/10585948806,Casa Wolaba,,Costa Rica,9.6564853,-82.7518408,high,70,osm-costa-rica-hotel-focused-choice-cala-2026-05-20
node/10587286205,Shipwrecked Hostel,,Costa Rica,9.1642561,-83.7362201,high,85,osm-costa-rica-hotel-focused-choice-cala-2026-05-20
node/10592970853,Centro Cultural el Guayabo,,Costa Rica,10.3314804,-84.2543878,medium,65,osm-costa-rica-hotel-focused-choice-cala-2026-05-20
node/10603037505,Hotel Mirador las lapas,,Costa Rica,8.8666133,-83.470701,medium,55,osm-costa-rica-hotel-focused-choice-cala-2026-05-20
node/10673819092,Hotel Kintiri Glamping,Belén de Nosarita,Costa Rica,10.0003791,-85.4726015,high,75,osm-costa-rica-hotel-focused-choice-cala-2026-05-20
node/10692324105,W’s,,Costa Rica,9.9389095,-84.0822609,medium,55,osm-costa-rica-hotel-focused-choice-cala-2026-05-20
node/10698516498,La Pradera,,Costa Rica,10.4701136,-84.6663655,medium,55,osm-costa-rica-hotel-focused-choice-cala-2026-05-20
node/10712586724,Casitas La Playa,,Costa Rica,9.6579689,-82.7458301,medium,55,osm-costa-rica-hotel-focused-choice-cala-2026-05-20
node/10726831864,Arenal Descanso,La Fortuna,Costa Rica,10.4556907,-84.6406029,high,100,osm-costa-rica-hotel-focused-choice-cala-2026-05-20
node/10740140263,Casa Frangipani,,Costa Rica,9.6549104,-85.0726102,medium,55,osm-costa-rica-hotel-focused-choice-cala-2026-05-20
node/10740141210,Finca Paraíso Mountain Retreat,,Costa Rica,10.0917803,-84.140712,medium,55,osm-costa-rica-hotel-focused-choice-cala-2026-05-20
node/10740144483,Finca Piamonte Ecolodge,,Costa Rica,10.0794335,-84.1504304,medium,55,osm-costa-rica-hotel-focused-choice-cala-2026-05-20
node/10769172468,Villa Mills Hiking Lodge,,Costa Rica,9.551913,-83.6954043,medium,55,osm-costa-rica-hotel-focused-choice-cala-2026-05-20
node/10769285923,Hotel Guadalupe,,Costa Rica,10.4684977,-84.9668383,medium,55,osm-costa-rica-hotel-focused-choice-cala-2026-05-20
node/10784736077,Hostel La Tejona,,Costa Rica,10.4852511,-84.9568334,medium,55,osm-costa-rica-hotel-focused-choice-cala-2026-05-20
node/10784736084,Basecamp Arenal,,Costa Rica,10.5039745,-84.9417352,medium,55,osm-costa-rica-hotel-focused-choice-cala-2026-05-20
node/10791326127,Rancho Gocha,,Costa Rica,10.2371777,-83.6092944,medium,55,osm-costa-rica-hotel-focused-choice-cala-2026-05-20
node/10793566205,Hostal Esperanza,,Costa Rica,8.3942409,-83.1355647,medium,65,osm-costa-rica-hotel-focused-choice-cala-2026-05-20
node/10793966377,Corcovado Foundation Biohostel,Bahia Drake,Costa Rica,8.7129455,-83.6296397,high,100,osm-costa-rica-hotel-focused-choice-cala-2026-05-20
node/10800585885,Hotel Valle Verde,,Costa Rica,9.6541917,-83.9689383,medium,55,osm-costa-rica-hotel-focused-choice-cala-2026-05-20
node/10804489670,Los Sueños Resort,Herradura,Costa Rica,9.6518721,-84.664592,high,100,osm-costa-rica-hotel-focused-choice-cala-2026-05-20
node/10804827906,Casa Mariana,Alajuela,Costa Rica,10.02176,-84.2212938,high,85,osm-costa-rica-hotel-focused-choice-cala-2026-05-20
node/10824804817,La Rana de Cahuita,,Costa Rica,9.7490896,-82.885626,high,80,osm-costa-rica-hotel-focused-choice-cala-2026-05-20
node/10831804805,Casa Torre Eco-Lodge,,Costa Rica,10.5279051,-84.6957596,high,80,osm-costa-rica-hotel-focused-choice-cala-2026-05-20
node/10834231683,Hilton San José La Sabana,Mata Redonda,Costa Rica,9.938567,-84.1070773,high,100,osm-costa-rica-hotel-focused-choice-cala-2026-05-20
node/10869756608,Terminal Verde,,Costa Rica,9.948823,-84.3689759,medium,55,osm-costa-rica-hotel-focused-choice-cala-2026-05-20
node/10869763328,Casa Heliconius,,Costa Rica,9.9519418,-84.3721582,medium,55,osm-costa-rica-hotel-focused-choice-cala-2026-05-20
node/10869763329,Casa Verde,,Costa Rica,9.9640764,-84.3631167,medium,55,osm-costa-rica-hotel-focused-choice-cala-2026-05-20
node/10874904205,Eskalami Lodging,,Costa Rica,10.0111318,-84.2530702,high,85,osm-costa-rica-hotel-focused-choice-cala-2026-05-20
node/10878539030,Pensión Latín Divas VIP,,Costa Rica,9.9375538,-84.0748071,medium,55,osm-costa-rica-hotel-focused-choice-cala-2026-05-20
node/10879222435,Little Havana,San José,Costa Rica,9.9376255,-84.0761297,high,75,osm-costa-rica-hotel-focused-choice-cala-2026-05-20
node/10881997291,Exe San Jose Center,,Costa Rica,9.9347064,-84.0776776,medium,55,osm-costa-rica-hotel-focused-choice-cala-2026-05-20
node/10884049490,Hotel Paradise,San José,Costa Rica,9.9343936,-84.0744652,high,75,osm-costa-rica-hotel-focused-choice-cala-2026-05-20
node/10962897905,Cowboy Hotel,,Costa Rica,10.3151034,-84.8275616,high,70,osm-costa-rica-hotel-focused-choice-cala-2026-05-20
node/10962898005,Sura Hostel,,Costa Rica,9.9394158,-84.0868028,medium,60,osm-costa-rica-hotel-focused-choice-cala-2026-05-20
node/10977514007,Hacienda Paraíso Lodge,,Costa Rica,9.8425313,-83.8309544,medium,60,osm-costa-rica-hotel-focused-choice-cala-2026-05-20
node/10984019605,The Nomadic,,Costa Rica,9.9464856,-85.6662032,high,70,osm-costa-rica-hotel-focused-choice-cala-2026-05-20
node/11003065505,Rancho del Río,,Costa Rica,10.1913745,-84.8460034,medium,55,osm-costa-rica-hotel-focused-choice-cala-2026-05-20
node/11003065705,La Granja,,Costa Rica,10.1920599,-84.8440951,medium,55,osm-costa-rica-hotel-focused-choice-cala-2026-05-20
node/11020701409,Brisas Del Golfo Cabinas,,Costa Rica,10.1865393,-85.1072406,medium,65,osm-costa-rica-hotel-focused-choice-cala-2026-05-20
node/11026516389,La Quebrada Eco-Lodge,,Costa Rica,10.4633857,-85.7679782,high,80,osm-costa-rica-hotel-focused-choice-cala-2026-05-20
node/11038395327,Villas Lindo Horizonte,,Costa Rica,10.0913911,-84.2495357,medium,55,osm-costa-rica-hotel-focused-choice-cala-2026-05-20
node/11050519147,Casa de Playa Potrero,,Costa Rica,10.4526927,-85.7616159,high,75,osm-costa-rica-hotel-focused-choice-cala-2026-05-20
node/11066022119,Harmony: Mini Casa Rodante by Aptos Casa Caribe,Puerto Viejo,Costa Rica,9.6500053,-82.7613801,high,100,osm-costa-rica-hotel-focused-choice-cala-2026-05-20
node/11067801305,Hotel Las Orquideas,,Costa Rica,10.4550951,-84.6439184,medium,65,osm-costa-rica-hotel-focused-choice-cala-2026-05-20
node/11070192568,River Mountain Ranch,,Costa Rica,9.8990753,-83.6083468,high,80,osm-costa-rica-hotel-focused-choice-cala-2026-05-20
node/11075717906,Lodge Hacienda Pozo Azul - The Tents,,Costa Rica,10.3990951,-84.1274175,medium,55,osm-costa-rica-hotel-focused-choice-cala-2026-05-20
node/11079396405,La Baula Lodge,,Costa Rica,10.5518519,-83.511336,high,70,osm-costa-rica-hotel-focused-choice-cala-2026-05-20
node/11104807211,Cabañas Bambú,,Costa Rica,8.8057748,-82.9602154,medium,65,osm-costa-rica-hotel-focused-choice-cala-2026-05-20
node/11139732686,Cabinas El Río,La Virgen,Costa Rica,10.3826659,-84.1436296,high,75,osm-costa-rica-hotel-focused-choice-cala-2026-05-20
node/11165439058,Drake Bay Greenleaf Hotel,Agujitas de Bahá Drake,Costa Rica,8.6840165,-83.6715806,high,100,osm-costa-rica-hotel-focused-choice-cala-2026-05-20
node/11176371740,Brunka Lodge,,Costa Rica,8.9630677,-83.4555805,medium,55,osm-costa-rica-hotel-focused-choice-cala-2026-05-20
node/11176371743,Hostal el Nido del Viajero,,Costa Rica,9.4672206,-83.5944448,medium,55,osm-costa-rica-hotel-focused-choice-cala-2026-05-20
node/11183397648,Ditsowou - Lodge Bribri - Hospedaje Indigena,Bratsi,Costa Rica,9.5540011,-82.8947171,high,100,osm-costa-rica-hotel-focused-choice-cala-2026-05-20
node/11198931617,GreenHill Monteverde,,Costa Rica,10.3276032,-84.819716,medium,55,osm-costa-rica-hotel-focused-choice-cala-2026-05-20
node/11202879937,Casa de mami,,Costa Rica,9.6796448,-82.9910314,medium,55,osm-costa-rica-hotel-focused-choice-cala-2026-05-20
node/11230028637,Villa Bukë,,Costa Rica,9.6551613,-82.7720541,medium,55,osm-costa-rica-hotel-focused-choice-cala-2026-05-20
node/11234744437,Arenal Roca Lodge,,Costa Rica,10.5011511,-84.708365,medium,55,osm-costa-rica-hotel-focused-choice-cala-2026-05-20
node/11250688137,Hotel Boston,,Costa Rica,9.9307773,-84.0796883,medium,55,osm-costa-rica-hotel-focused-choice-cala-2026-05-20
node/11258947837,La Muñequita Lodge,Palmar,Costa Rica,8.9360882,-83.4756353,high,75,osm-costa-rica-hotel-focused-choice-cala-2026-05-20
node/11272988052,Chietón Morén,San José,Costa Rica,9.9291216,-84.0786907,high,75,osm-costa-rica-hotel-focused-choice-cala-2026-05-20
node/11300669870,Hospedaje 24h,,Costa Rica,10.3251656,-84.4298246,medium,55,osm-costa-rica-hotel-focused-choice-cala-2026-05-20
node/11314853212,El Tucán,,Costa Rica,8.6290015,-83.1572402,medium,55,osm-costa-rica-hotel-focused-choice-cala-2026-05-20
node/11323308758,Hotel Las Gaviotas,Golfito,Costa Rica,8.6120771,-83.1406333,high,75,osm-costa-rica-hotel-focused-choice-cala-2026-05-20
node/11338887271,Awa Beach Hotel,,Costa Rica,9.6374339,-82.6997685,high,70,osm-costa-rica-hotel-focused-choice-cala-2026-05-20
node/11359101969,SJO Oasis Hostel,,Costa Rica,9.9279806,-84.0801072,high,75,osm-costa-rica-hotel-focused-choice-cala-2026-05-20
node/11363577016,Casa Zafiro,Puntarenas,Costa Rica,9.6587945,-84.6570783,high,100,osm-costa-rica-hotel-focused-choice-cala-2026-05-20
node/11371669157,Tulín Azul,Tulín,Costa Rica,9.5959252,-84.4810724,high,100,osm-costa-rica-hotel-focused-choice-cala-2026-05-20
node/11373385869,Hotel Hoja de Oro Corcovado,,Costa Rica,8.5374992,-83.3052937,high,75,osm-costa-rica-hotel-focused-choice-cala-2026-05-20
node/11387809877,The Sweet Escape Cabinas,,Costa Rica,8.8676539,-83.4711383,medium,55,osm-costa-rica-hotel-focused-choice-cala-2026-05-20
node/11387809879,Hotel Cocodrilo,,Costa Rica,8.8684773,-83.4709755,medium,55,osm-costa-rica-hotel-focused-choice-cala-2026-05-20
node/11394129069,Casa Lima,,Costa Rica,9.9465211,-84.1268624,medium,55,osm-costa-rica-hotel-focused-choice-cala-2026-05-20
node/11414114670,Juan Santa María Around,,Costa Rica,9.9924886,-84.2064432,medium,55,osm-costa-rica-hotel-focused-choice-cala-2026-05-20
node/11416153990,Casa Bromelia,,Costa Rica,8.6489602,-83.713395,high,70,osm-costa-rica-hotel-focused-choice-cala-2026-05-20
node/11422693369,Sibu Lodge,,Costa Rica,10.3225998,-84.8237194,high,75,osm-costa-rica-hotel-focused-choice-cala-2026-05-20
node/11442636241,Cabinas Yireth,,Costa Rica,10.0876598,-85.1254459,medium,55,osm-costa-rica-hotel-focused-choice-cala-2026-05-20
node/11442636243,Cabinas Cawinga,,Costa Rica,10.0835521,-85.127728,medium,55,osm-costa-rica-hotel-focused-choice-cala-2026-05-20
node/11446622749,Hotel Puntarenas Beach,,Costa Rica,9.9754633,-84.8353112,medium,55,osm-costa-rica-hotel-focused-choice-cala-2026-05-20
node/11446622751,Hotel Aldea,,Costa Rica,9.9752442,-84.8354617,medium,55,osm-costa-rica-hotel-focused-choice-cala-2026-05-20
node/11446629074,Casa Lobo,,Costa Rica,9.9747827,-84.8427967,medium,55,osm-costa-rica-hotel-focused-choice-cala-2026-05-20
node/11455503423,Cabanas Don Dito,,Costa Rica,9.7989228,-83.7249311,medium,55,osm-costa-rica-hotel-focused-choice-cala-2026-05-20
node/11483567369,El Clan,,Costa Rica,9.6572598,-82.7522685,high,75,osm-costa-rica-hotel-focused-choice-cala-2026-05-20
node/11504799769,Hôtel La Castella,,Costa Rica,9.9297091,-84.082701,medium,55,osm-costa-rica-hotel-focused-choice-cala-2026-05-20
node/11520441510,Madre Terra,,Costa Rica,9.1729492,-83.734131,medium,65,osm-costa-rica-hotel-focused-choice-cala-2026-05-20
node/11532135569,Mora's Place B&B,,Costa Rica,10.3153119,-84.8262556,medium,55,osm-costa-rica-hotel-focused-choice-cala-2026-05-20
node/11563931568,Green Moon Lodge,,Costa Rica,9.6618148,-85.0750757,high,70,osm-costa-rica-hotel-focused-choice-cala-2026-05-20
node/11666331369,Casa Cafetal,,Costa Rica,10.0119047,-84.2048401,high,70,osm-costa-rica-hotel-focused-choice-cala-2026-05-20
node/11670154753,Hotel Boutique Casa del Rio,,Costa Rica,10.4595527,-84.639501,medium,55,osm-costa-rica-hotel-focused-choice-cala-2026-05-20
node/11670199291,Koora Hotel,,Costa Rica,10.3189279,-84.816805,medium,55,osm-costa-rica-hotel-focused-choice-cala-2026-05-20
node/11670323770,Casa Leon,,Costa Rica,9.9313668,-84.0722308,medium,55,osm-costa-rica-hotel-focused-choice-cala-2026-05-20
node/11692937769,Celeste Mountain Lodge,,Costa Rica,10.7178925,-85.0249237,medium,55,osm-costa-rica-hotel-focused-choice-cala-2026-05-20
node/11753799610,Poor Mans Paradise,,Costa Rica,8.6572592,-83.7116483,high,70,osm-costa-rica-hotel-focused-choice-cala-2026-05-20
node/11762653469,Cabanas del lago,,Costa Rica,10.4504111,-84.630135,medium,55,osm-costa-rica-hotel-focused-choice-cala-2026-05-20
node/11824401339,Rancho Naturalista,Tayutic,Costa Rica,9.8319487,-83.5639286,high,75,osm-costa-rica-hotel-focused-choice-cala-2026-05-20
node/11826524579,Hotel Pelican,,Costa Rica,10.5427424,-83.5032955,medium,55,osm-costa-rica-hotel-focused-choice-cala-2026-05-20
node/11831440969,Hotel Acapulco,,Costa Rica,10.0054736,-83.0383478,medium,55,osm-costa-rica-hotel-focused-choice-cala-2026-05-20
node/11833933369,Hotel Flor de Bromelia,,Costa Rica,10.3196487,-84.8195695,high,70,osm-costa-rica-hotel-focused-choice-cala-2026-05-20
node/11842767879,Tabù,,Costa Rica,9.655556,-82.7529141,medium,55,osm-costa-rica-hotel-focused-choice-cala-2026-05-20
node/11844779271,Cabañas,,Costa Rica,9.6055717,-85.0897944,medium,55,osm-costa-rica-hotel-focused-choice-cala-2026-05-20
node/11845709569,Saranda,,Costa Rica,9.6552424,-82.7690251,medium,55,osm-costa-rica-hotel-focused-choice-cala-2026-05-20
node/11860853242,Malibu,,Costa Rica,10.4519797,-84.0612421,medium,55,osm-costa-rica-hotel-focused-choice-cala-2026-05-20
node/11872648952,Argdivan,,Costa Rica,10.4681499,-84.644522,medium,55,osm-costa-rica-hotel-focused-choice-cala-2026-05-20
node/11875285169,Hotel Belmar,,Costa Rica,10.3126637,-84.8108317,medium,55,osm-costa-rica-hotel-focused-choice-cala-2026-05-20
node/11891643704,Birds Of Paradise,,Costa Rica,9.1551199,-83.7376548,medium,55,osm-costa-rica-hotel-focused-choice-cala-2026-05-20
node/11891643708,Casa Ara Macao,,Costa Rica,9.15763,-83.7410542,medium,55,osm-costa-rica-hotel-focused-choice-cala-2026-05-20
node/11891643712,Cabinas Chirincoca,,Costa Rica,9.1556438,-83.7474331,medium,55,osm-costa-rica-hotel-focused-choice-cala-2026-05-20
node/11891643713,Cabinas Semilla,,Costa Rica,9.1555121,-83.7475565,medium,55,osm-costa-rica-hotel-focused-choice-cala-2026-05-20
node/11892592122,Ceiba Lodge,,Costa Rica,8.6879248,-83.6639874,medium,55,osm-costa-rica-hotel-focused-choice-cala-2026-05-20
node/11897954668,Katy’s Place,,Costa Rica,8.6578491,-83.7103339,medium,55,osm-costa-rica-hotel-focused-choice-cala-2026-05-20
node/11902804359,Hostel Allegra,,Costa Rica,8.6893954,-83.6635575,medium,55,osm-costa-rica-hotel-focused-choice-cala-2026-05-20
node/11902804365,Cabinas Murillo,,Costa Rica,8.689788,-83.6647627,medium,55,osm-costa-rica-hotel-focused-choice-cala-2026-05-20
node/11907098370,"Villas Paraiso, Coco 60",,Costa Rica,9.6193449,-84.6323079,high,75,osm-costa-rica-hotel-focused-choice-cala-2026-05-20
node/11917618538,Aguila de Osa Inn,,Costa Rica,8.693849,-83.6734667,medium,55,osm-costa-rica-hotel-focused-choice-cala-2026-05-20
node/11917651073,La Paloma Lodge,,Costa Rica,8.6959771,-83.6760494,medium,55,osm-costa-rica-hotel-focused-choice-cala-2026-05-20
node/12054107426,Cabinas la Loma,,Costa Rica,9.989119,-85.0750015,medium,55,osm-costa-rica-hotel-focused-choice-cala-2026-05-20
node/12054107427,coquitos camping,,Costa Rica,9.9820357,-85.0426739,medium,55,osm-costa-rica-hotel-focused-choice-cala-2026-05-20
node/12054134813,Cabaña juan Carlos Blanco,,Costa Rica,9.9831941,-85.062917,medium,55,osm-costa-rica-hotel-focused-choice-cala-2026-05-20
node/12054140252,Finamar Cabinas,,Costa Rica,9.9934652,-85.0697891,medium,55,osm-costa-rica-hotel-focused-choice-cala-2026-05-20
node/12063995671,Donguis,,Costa Rica,9.6967262,-84.0540857,medium,55,osm-costa-rica-hotel-focused-choice-cala-2026-05-20
node/12093732529,Beach Walk,Tamarindo,Costa Rica,10.2382423,-85.8350743,high,85,osm-costa-rica-hotel-focused-choice-cala-2026-05-20
node/12102806954,Zona De Piratas,,Costa Rica,9.990479,-85.0621728,high,80,osm-costa-rica-hotel-focused-choice-cala-2026-05-20
node/12146218292,Quinta Vista De Amor,,Costa Rica,9.6610193,-83.9013981,high,70,osm-costa-rica-hotel-focused-choice-cala-2026-05-20
node/12193164503,Cabinas Jiménez,,Costa Rica,8.5322028,-82.8405283,medium,55,osm-costa-rica-hotel-focused-choice-cala-2026-05-20
node/12298199427,Noah's Forest by Tifakara,,Costa Rica,10.4802034,-84.6363064,high,80,osm-costa-rica-hotel-focused-choice-cala-2026-05-20
node/12324927512,Hotel Vista de Golf,,Costa Rica,9.9729037,-84.1542899,medium,55,osm-costa-rica-hotel-focused-choice-cala-2026-05-20
node/12327530039,Río Agujitas Eco-farm and Hostel,,Costa Rica,8.6771256,-83.664026,medium,55,osm-costa-rica-hotel-focused-choice-cala-2026-05-20
node/12334609801,Hona Beach Hotel,,Costa Rica,9.2530069,-83.8661246,medium,60,osm-costa-rica-hotel-focused-choice-cala-2026-05-20
node/12377536374,Hotel Wilson,,Costa Rica,10.6301317,-85.4350048,medium,55,osm-costa-rica-hotel-focused-choice-cala-2026-05-20
node/12380797701,Perla de la Playa,,Costa Rica,10.3019839,-85.8403503,medium,55,osm-costa-rica-hotel-focused-choice-cala-2026-05-20
node/12398915768,Hotel Mandacaru,,Costa Rica,9.6587397,-82.7505555,medium,55,osm-costa-rica-hotel-focused-choice-cala-2026-05-20
node/12399001427,Hacienda Caño Negro,Caño Negro,Costa Rica,10.9556764,-84.7473076,high,75,osm-costa-rica-hotel-focused-choice-cala-2026-05-20
node/12399596913,Lizard King Resort,,Costa Rica,9.6588229,-82.750128,high,80,osm-costa-rica-hotel-focused-choice-cala-2026-05-20
node/12407644402,Luminosa Uvita Hostel,,Costa Rica,9.1650371,-83.7445217,medium,60,osm-costa-rica-hotel-focused-choice-cala-2026-05-20
node/12412613401,Hostel Passifloras,,Costa Rica,9.4325298,-84.163077,medium,55,osm-costa-rica-hotel-focused-choice-cala-2026-05-20
node/12420408501,Zulu Surf Hotel,,Costa Rica,10.2992638,-85.8411862,high,85,osm-costa-rica-hotel-focused-choice-cala-2026-05-20
node/12420415001,Woodstock Hostel,,Costa Rica,9.8811215,-85.5366848,high,70,osm-costa-rica-hotel-focused-choice-cala-2026-05-20
node/12434247151,Dreamsea Surf Camp,,Costa Rica,10.2969532,-85.8239289,high,80,osm-costa-rica-hotel-focused-choice-cala-2026-05-20
node/12434247159,Peace & Lodge,,Costa Rica,9.8960654,-85.4680804,high,80,osm-costa-rica-hotel-focused-choice-cala-2026-05-20
node/12434400814,ICO Living Hostel,,Costa Rica,9.6419375,-85.1644675,high,80,osm-costa-rica-hotel-focused-choice-cala-2026-05-20
node/12434675137,Casa Colibrí,,Costa Rica,9.7823076,-83.8458961,high,80,osm-costa-rica-hotel-focused-choice-cala-2026-05-20
node/12441164413,Earthwalking Village,,Costa Rica,9.2729176,-83.8175942,high,80,osm-costa-rica-hotel-focused-choice-cala-2026-05-20
node/12441164419,Eco Maste,,Costa Rica,9.288314,-83.7746299,high,80,osm-costa-rica-hotel-focused-choice-cala-2026-05-20
node/12441164430,Casa Ker Lumar,,Costa Rica,9.1924767,-83.77129,high,80,osm-costa-rica-hotel-focused-choice-cala-2026-05-20
node/12441164436,El Paso,,Costa Rica,8.3810653,-83.1424085,medium,65,osm-costa-rica-hotel-focused-choice-cala-2026-05-20
node/12442373311,Hotel Aguas Claras,,Costa Rica,9.6428901,-82.720446,high,80,osm-costa-rica-hotel-focused-choice-cala-2026-05-20
node/12442590165,Flor de Bambú Experience,,Costa Rica,9.1763612,-83.7308261,medium,65,osm-costa-rica-hotel-focused-choice-cala-2026-05-20
node/12473590401,OASIS de las Palmes,,Costa Rica,9.0831672,-83.6487465,medium,60,osm-costa-rica-hotel-focused-choice-cala-2026-05-20
node/12484288447,Dreamsea Surf House Avellana,,Costa Rica,10.2367966,-85.8292313,high,70,osm-costa-rica-hotel-focused-choice-cala-2026-05-20
node/12486905624,Avellanas Surf Hostel,,Costa Rica,10.2320186,-85.8320514,high,70,osm-costa-rica-hotel-focused-choice-cala-2026-05-20
node/12486910458,Pazifico Villas,,Costa Rica,10.2308312,-85.8321802,medium,55,osm-costa-rica-hotel-focused-choice-cala-2026-05-20
node/12511347440,ONDA,Santa Cruz,Costa Rica,10.3372708,-85.8463581,high,90,osm-costa-rica-hotel-focused-choice-cala-2026-05-20
node/12525089801,Irazú Hotel & Studio,,Costa Rica,9.9486554,-84.1092683,medium,55,osm-costa-rica-hotel-focused-choice-cala-2026-05-20
node/12530193382,Cabinas Tropicales,,Costa Rica,8.5372904,-83.3025732,medium,55,osm-costa-rica-hotel-focused-choice-cala-2026-05-20
node/12534603801,Quetzal Valley Cabins,,Costa Rica,9.5831794,-83.7980106,high,85,osm-costa-rica-hotel-focused-choice-cala-2026-05-20
node/12539380685,Pochote Lodge,,Costa Rica,10.7443494,-85.2882611,high,70,osm-costa-rica-hotel-focused-choice-cala-2026-05-20
node/12543114210,Tiquisia Lodge,,Costa Rica,10.7203962,-85.4066471,medium,55,osm-costa-rica-hotel-focused-choice-cala-2026-05-20
node/12559554585,Curriol Hotel,,Costa Rica,10.4452198,-85.7662237,high,80,osm-costa-rica-hotel-focused-choice-cala-2026-05-20
node/12564013001,Fauna Lodge,,Costa Rica,8.6723998,-83.6935331,high,70,osm-costa-rica-hotel-focused-choice-cala-2026-05-20
node/12565758816,Bonga House,,Costa Rica,10.2985494,-85.8393255,medium,55,osm-costa-rica-hotel-focused-choice-cala-2026-05-20
node/12565768640,El Moro Tamarindo,,Costa Rica,10.2965751,-85.8369307,high,80,osm-costa-rica-hotel-focused-choice-cala-2026-05-20
node/12591179489,Conchal Hotel,,Costa Rica,10.4041598,-85.7963251,medium,55,osm-costa-rica-hotel-focused-choice-cala-2026-05-20
node/12596617612,Cabinas Lupita,,Costa Rica,10.4685109,-84.6438374,high,75,osm-costa-rica-hotel-focused-choice-cala-2026-05-20
node/12613182146,Tico Tico Villas,,Costa Rica,9.4206047,-84.1591592,high,80,osm-costa-rica-hotel-focused-choice-cala-2026-05-20
node/12629363203,Ladera Hotel,,Costa Rica,9.9447679,-83.7044015,medium,55,osm-costa-rica-hotel-focused-choice-cala-2026-05-20
node/12636112665,Cabinas Miriam,,Costa Rica,9.5849158,-83.7982092,medium,55,osm-costa-rica-hotel-focused-choice-cala-2026-05-20
node/12694845431,Quinta Esencia Fraijanes,Fraijanes,Costa Rica,10.1377856,-84.1856557,high,100,osm-costa-rica-hotel-focused-choice-cala-2026-05-20
node/12703648576,Mango Mono,,Costa Rica,10.446314,-85.7669649,high,70,osm-costa-rica-hotel-focused-choice-cala-2026-05-20
node/12706122741,Junglo Resort and Spa,,Costa Rica,10.4351815,-84.6357657,high,90,osm-costa-rica-hotel-focused-choice-cala-2026-05-20
node/12737999001,Posada en el campo,,Costa Rica,10.448344,-84.6108221,high,85,osm-costa-rica-hotel-focused-choice-cala-2026-05-20
node/12753546201,Villas Santa Maria - Arenal,,Costa Rica,10.5390335,-84.9080659,medium,60,osm-costa-rica-hotel-focused-choice-cala-2026-05-20
node/12758473155,Aventura Uno Apartments,,Costa Rica,9.1573967,-83.7421606,medium,55,osm-costa-rica-hotel-focused-choice-cala-2026-05-20
node/12773195574,Airport Costa Rica B&B,,Costa Rica,10.0055264,-84.1862731,medium,55,osm-costa-rica-hotel-focused-choice-cala-2026-05-20
node/12793468857,Surf Ranch Hotel,Tamarindo,Costa Rica,10.3035399,-85.8384654,high,90,osm-costa-rica-hotel-focused-choice-cala-2026-05-20
node/12796242201,Casa Santa Lucia,,Costa Rica,10.3163995,-84.8190478,high,75,osm-costa-rica-hotel-focused-choice-cala-2026-05-20
node/12796593769,Hotel Cerere,,Costa Rica,10.0015604,-83.0280293,medium,55,osm-costa-rica-hotel-focused-choice-cala-2026-05-20
node/12824118402,Tuanis Guesthouse,,Costa Rica,10.5387571,-83.504275,medium,55,osm-costa-rica-hotel-focused-choice-cala-2026-05-20
node/12844022901,Kunken Lodge Boutique Hotel,,Costa Rica,8.7227754,-83.4793291,medium,55,osm-costa-rica-hotel-focused-choice-cala-2026-05-20
node/12950468952,Casa Mangrove,,Costa Rica,10.4627799,-85.7733885,medium,55,osm-costa-rica-hotel-focused-choice-cala-2026-05-20
node/13025740249,Cabinas Atardecer,Lepanto,Costa Rica,9.9920681,-85.0685645,high,100,osm-costa-rica-hotel-focused-choice-cala-2026-05-20
node/13025740250,Cabinas summer,,Costa Rica,9.9918944,-85.0680722,medium,65,osm-costa-rica-hotel-focused-choice-cala-2026-05-20
node/13025740251,Cabinas Lunas de Abril,,Costa Rica,9.9924734,-85.0682338,medium,65,osm-costa-rica-hotel-focused-choice-cala-2026-05-20
node/13025740252,Villas Amanecer,,Costa Rica,9.991769,-85.0674109,high,75,osm-costa-rica-hotel-focused-choice-cala-2026-05-20
node/13025740253,Cabinas Catalinas,Lepanto,Costa Rica,9.9923951,-85.0667113,high,85,osm-costa-rica-hotel-focused-choice-cala-2026-05-20
node/13025740254,Cabinas Gaviotas,,Costa Rica,9.9924275,-85.0659143,medium,55,osm-costa-rica-hotel-focused-choice-cala-2026-05-20
node/13032559228,Cabinas La Tia Yoyita,Lepanto,Costa Rica,9.9915875,-85.0697235,high,100,osm-costa-rica-hotel-focused-choice-cala-2026-05-20
node/13040157735,Villas Octogoña,,Costa Rica,9.0795857,-83.6460105,medium,65,osm-costa-rica-hotel-focused-choice-cala-2026-05-20
node/13040157785,Mandala Ojochal,,Costa Rica,9.0806703,-83.6451361,high,70,osm-costa-rica-hotel-focused-choice-cala-2026-05-20
node/13044379722,cabinas el guayacan,La Fortuna,Costa Rica,10.7174927,-85.1962448,high,85,osm-costa-rica-hotel-focused-choice-cala-2026-05-20
node/13049143501,El Chante,,Costa Rica,10.4670574,-84.6441437,medium,55,osm-costa-rica-hotel-focused-choice-cala-2026-05-20
node/13064982501,Ballena Rey,,Costa Rica,9.1654575,-83.7405557,medium,60,osm-costa-rica-hotel-focused-choice-cala-2026-05-20
node/13064982701,Peace of Paradise,,Costa Rica,9.4081538,-84.1574073,medium,60,osm-costa-rica-hotel-focused-choice-cala-2026-05-20
node/13076275202,Tierra Mágica Bed & Breakfast / Art Studio,,Costa Rica,9.918605,-84.1342036,high,85,osm-costa-rica-hotel-focused-choice-cala-2026-05-20
node/13076293101,Casa Lila,,Costa Rica,9.4076183,-84.1575961,medium,55,osm-costa-rica-hotel-focused-choice-cala-2026-05-20
node/13120466575,Hotel Huacas,,Costa Rica,10.3579021,-85.7794381,medium,55,osm-costa-rica-hotel-focused-choice-cala-2026-05-20
node/13125033065,Casa Rico,Cóbano,Costa Rica,9.6563238,-85.0936723,high,100,osm-costa-rica-hotel-focused-choice-cala-2026-05-20
node/13247967545,Hyatt Place San José Cariari,Ulloa,Costa Rica,9.9819596,-84.1587352,high,85,osm-costa-rica-hotel-focused-choice-cala-2026-05-20
node/13292185701,Cacahua Paradise Lodge,,Costa Rica,10.7175269,-84.9214649,medium,65,osm-costa-rica-hotel-focused-choice-cala-2026-05-20
node/13312786248,Cabinas Roca Mar,,Costa Rica,10.0080908,-83.0638319,medium,55,osm-costa-rica-hotel-focused-choice-cala-2026-05-20
node/13319232102,Pension Playa Samara,,Costa Rica,9.882461,-85.5252418,high,80,osm-costa-rica-hotel-focused-choice-cala-2026-05-20
node/13332808943,Botanika Curio Collection by Hilton,Puerto Jiménez,Costa Rica,8.5355497,-83.2991141,high,85,osm-costa-rica-hotel-focused-choice-cala-2026-05-20
node/13332808944,Crocodile Bay Resort,Puerto Jiménez,Costa Rica,8.5367197,-83.2984979,high,75,osm-costa-rica-hotel-focused-choice-cala-2026-05-20
node/13348877074,Hotel Pacific Paradise Resort,Quepos,Costa Rica,9.4416831,-84.1485562,high,75,osm-costa-rica-hotel-focused-choice-cala-2026-05-20
node/13348889240,Casa WOW,,Costa Rica,9.4402196,-84.1590547,medium,55,osm-costa-rica-hotel-focused-choice-cala-2026-05-20
node/13358045132,Tierra de Sueños Lodge,Talamanca,Costa Rica,9.6379847,-82.7105711,high,100,osm-costa-rica-hotel-focused-choice-cala-2026-05-20
node/13380309637,Arancibia Lodge,Arancibia,Costa Rica,10.2537782,-84.6921332,high,75,osm-costa-rica-hotel-focused-choice-cala-2026-05-20
node/13381905301,Casa Mamré,,Costa Rica,9.7400396,-82.8429796,medium,55,osm-costa-rica-hotel-focused-choice-cala-2026-05-20
node/13382056901,Hotel Luz de Luna Bahia Ballena,,Costa Rica,9.166319,-83.738788,medium,65,osm-costa-rica-hotel-focused-choice-cala-2026-05-20
node/13382112602,Sun Paradise Garden La Penca,Lepanto,Costa Rica,9.9625585,-85.0683387,high,75,osm-costa-rica-hotel-focused-choice-cala-2026-05-20
node/13394261614,Hotel Cascada Rio Celeste,,Costa Rica,10.7194598,-84.9927524,medium,55,osm-costa-rica-hotel-focused-choice-cala-2026-05-20
node/13409773052,Casa Black Chaini,Puerto Viejo,Costa Rica,9.6543169,-82.7450134,high,100,osm-costa-rica-hotel-focused-choice-cala-2026-05-20
node/13416411301,Casa de Walter Delgado,,Costa Rica,9.8756266,-84.0700299,medium,55,osm-costa-rica-hotel-focused-choice-cala-2026-05-20
node/13424156402,Tía Miriam,,Costa Rica,9.9730828,-84.0314931,medium,60,osm-costa-rica-hotel-focused-choice-cala-2026-05-20
node/13426387176,Hotel Jacamar,,Costa Rica,8.6880286,-83.6643501,medium,55,osm-costa-rica-hotel-focused-choice-cala-2026-05-20
node/13461123901,Hotel Catarata Río Celeste,,Costa Rica,10.7081634,-84.9785694,high,70,osm-costa-rica-hotel-focused-choice-cala-2026-05-20
node/13461124001,Hotel catarata Rio céleste,,Costa Rica,10.7089046,-84.9785719,high,70,osm-costa-rica-hotel-focused-choice-cala-2026-05-20
node/13461160001,Casa Vista de Luna,,Costa Rica,10.483591,-84.6605109,high,70,osm-costa-rica-hotel-focused-choice-cala-2026-05-20
node/13461170301,Forest Garden Lodge,,Costa Rica,10.3032198,-84.8087733,high,70,osm-costa-rica-hotel-focused-choice-cala-2026-05-20
node/13461193201,Casa Emma Quepos,,Costa Rica,9.41675,-84.1575875,high,70,osm-costa-rica-hotel-focused-choice-cala-2026-05-20
node/13461199301,Hotel Boutique Casona del Cafetal and Lakeside Restaurant,,Costa Rica,9.8271266,-83.8102984,high,85,osm-costa-rica-hotel-focused-choice-cala-2026-05-20
node/13461211402,La Diosa Nature Lodge,,Costa Rica,9.7505628,-82.8598728,high,70,osm-costa-rica-hotel-focused-choice-cala-2026-05-20
node/13461219901,Hotel Suerre,,Costa Rica,10.2168683,-83.7821266,high,70,osm-costa-rica-hotel-focused-choice-cala-2026-05-20
node/13502972401,Villas Ela,,Costa Rica,9.1559343,-83.7420567,high,70,osm-costa-rica-hotel-focused-choice-cala-2026-05-20
node/13502979601,El Faro Beach Hotel,,Costa Rica,9.3924713,-84.1457864,high,85,osm-costa-rica-hotel-focused-choice-cala-2026-05-20
node/13502983601,Alexander B&B,,Costa Rica,10.0037826,-84.2152904,high,85,osm-costa-rica-hotel-focused-choice-cala-2026-05-20
node/13520785901,Hotel Majestad,,Costa Rica,9.9379347,-84.0769769,high,70,osm-costa-rica-hotel-focused-choice-cala-2026-05-20
node/13606912710,Santarena Hotel at Las Catalinas,,Costa Rica,10.4822141,-85.7865223,medium,55,osm-costa-rica-hotel-focused-choice-cala-2026-05-20
node/13606912714,Tamarindo Village Hotel,,Costa Rica,10.2944293,-85.8399005,medium,55,osm-costa-rica-hotel-focused-choice-cala-2026-05-20
node/13625801201,Casa Carmen,,Costa Rica,10.0035846,-84.2027856,medium,55,osm-costa-rica-hotel-focused-choice-cala-2026-05-20
node/13628966001,Carey Lodging,,Costa Rica,10.538569,-83.5017425,medium,55,osm-costa-rica-hotel-focused-choice-cala-2026-05-20
node/13646987803,Rohrmoser La Favorita,,Costa Rica,9.9519211,-84.1275569,medium,60,osm-costa-rica-hotel-focused-choice-cala-2026-05-20
node/13667853218,Bahia Selvatica Lodge,,Costa Rica,9.1524525,-83.7318639,high,80,osm-costa-rica-hotel-focused-choice-cala-2026-05-20
node/13695545798,hotel Yadran,Puntarenas,Costa Rica,9.9754936,-84.8491731,high,100,osm-costa-rica-hotel-focused-choice-cala-2026-05-20
node/13702249501,Sukia Hostel,,Costa Rica,8.6841741,-83.6623434,medium,55,osm-costa-rica-hotel-focused-choice-cala-2026-05-20
node/13702379212,Otoya 1907,,Costa Rica,9.9363749,-84.0726106,high,80,osm-costa-rica-hotel-focused-choice-cala-2026-05-20
node/13801078001,Domo Hotel Boutique,,Costa Rica,9.9574515,-85.6718297,high,70,osm-costa-rica-hotel-focused-choice-cala-2026-05-20
node/13819580901,Pangea Lodge,,Costa Rica,9.631295,-82.658442,medium,55,osm-costa-rica-hotel-focused-choice-cala-2026-05-20
node/13838652136,Hotel Margarita,Drake Bay,Costa Rica,8.6879694,-83.665381,high,75,osm-costa-rica-hotel-focused-choice-cala-2026-05-20
way/31142821,Hotel Pueblo Real,,Costa Rica,9.4601916,-84.1971346,medium,55,osm-costa-rica-hotel-focused-choice-cala-2026-05-20
way/31431179,Delta Hotels by Marriott San Jose Aurola,San José,Costa Rica,9.9362425,-84.0757077,high,95,osm-costa-rica-hotel-focused-choice-cala-2026-05-20
way/31824212,Four Points by Sheraton,Pozos,Costa Rica,9.9454284,-84.1902886,high,85,osm-costa-rica-hotel-focused-choice-cala-2026-05-20
way/64326079,Motel El Dorado,,Costa Rica,9.9840867,-84.1622542,medium,60,osm-costa-rica-hotel-focused-choice-cala-2026-05-20
way/64624196,Real InterContinental,San Rafael,Costa Rica,9.9459014,-84.1537484,high,85,osm-costa-rica-hotel-focused-choice-cala-2026-05-20
way/70515202,Motel La Fuente,Curridabat,Costa Rica,9.9086325,-84.0476801,high,75,osm-costa-rica-hotel-focused-choice-cala-2026-05-20
way/78135587,Hotel del Rey,San José,Costa Rica,9.9346861,-84.0745844,high,75,osm-costa-rica-hotel-focused-choice-cala-2026-05-20
way/90265782,Hotel Fiesta Resort & Club Vacacional,El Roble,Costa Rica,9.968954,-84.739661,high,75,osm-costa-rica-hotel-focused-choice-cala-2026-05-20
way/90455559,"The Westin Reserva Conchal, an All-Inclusive Golf Resort & Spa",Cabo Velas,Costa Rica,10.4009388,-85.8048467,high,75,osm-costa-rica-hotel-focused-choice-cala-2026-05-20
way/90493934,Flamingo Beach Resort,,Costa Rica,10.4385828,-85.7923099,high,80,osm-costa-rica-hotel-focused-choice-cala-2026-05-20
way/91528475,Hampton Inn & Suites,Río Segundo,Costa Rica,10.0022515,-84.1951977,high,100,osm-costa-rica-hotel-focused-choice-cala-2026-05-20
way/91528477,Holiday Inn Express,Río Segundo,Costa Rica,10.0010426,-84.1951755,high,100,osm-costa-rica-hotel-focused-choice-cala-2026-05-20
way/95353871,Motel Cascada Azul,Curridabat,Costa Rica,9.9143749,-84.0511321,high,75,osm-costa-rica-hotel-focused-choice-cala-2026-05-20
way/97250913,Recepcion Costa Verde,,Costa Rica,9.398727,-84.1541605,medium,55,osm-costa-rica-hotel-focused-choice-cala-2026-05-20
way/98363431,Hilton Garden Inn,Liberia,Costa Rica,10.5921199,-85.5313051,high,85,osm-costa-rica-hotel-focused-choice-cala-2026-05-20
way/98392552,Hotel El Velero,Playa Hermosa,Costa Rica,10.5776318,-85.6766867,high,75,osm-costa-rica-hotel-focused-choice-cala-2026-05-20
way/98392894,Hotel Playa Hermosa,Playa Hermosa,Costa Rica,10.5717177,-85.6805999,high,75,osm-costa-rica-hotel-focused-choice-cala-2026-05-20
way/98392896,Hotel Villas del Sueño,Playa Hermosa,Costa Rica,10.5706004,-85.6800413,high,75,osm-costa-rica-hotel-focused-choice-cala-2026-05-20
way/98568895,Hotel Coco Bay,,Costa Rica,10.5495983,-85.6960769,medium,55,osm-costa-rica-hotel-focused-choice-cala-2026-05-20
way/98568899,Hotel Coco Palms,,Costa Rica,10.5505262,-85.6986357,medium,55,osm-costa-rica-hotel-focused-choice-cala-2026-05-20
way/98617902,Grand Papagayo Resort Hotel,,Costa Rica,10.5885232,-85.6700244,medium,55,osm-costa-rica-hotel-focused-choice-cala-2026-05-20
way/98625001,Marina Suites,Nacascolo,Costa Rica,10.6429891,-85.6534812,high,75,osm-costa-rica-hotel-focused-choice-cala-2026-05-20
way/100350587,Hotel Ama Tierra,,Costa Rica,9.905404,-84.4267373,medium,55,osm-costa-rica-hotel-focused-choice-cala-2026-05-20
way/100583561,Club de Playa Iguanita,Nacascolo,Costa Rica,10.6327687,-85.6311913,high,75,osm-costa-rica-hotel-focused-choice-cala-2026-05-20
way/102252599,Hotel Rio Perlas,,Costa Rica,9.7996321,-83.8869027,medium,55,osm-costa-rica-hotel-focused-choice-cala-2026-05-20
way/102252801,Tapanti Media Lodge,,Costa Rica,9.7868021,-83.8496734,medium,55,osm-costa-rica-hotel-focused-choice-cala-2026-05-20
way/105822912,Hotel Oasis del Pacífico,Paquera,Costa Rica,9.9372646,-84.9660403,high,75,osm-costa-rica-hotel-focused-choice-cala-2026-05-20
way/105884674,Hotel Paradiso,,Costa Rica,9.900166,-84.9338228,medium,55,osm-costa-rica-hotel-focused-choice-cala-2026-05-20
way/106706079,Hotel Las Espuelas,,Costa Rica,10.6112808,-85.432833,medium,55,osm-costa-rica-hotel-focused-choice-cala-2026-05-20
way/106817025,Hotel El Sitio,Liberia,Costa Rica,10.6247478,-85.4460877,high,85,osm-costa-rica-hotel-focused-choice-cala-2026-05-20
way/106952235,Hotel Santa Ana,Liberia,Costa Rica,10.6120018,-85.4945504,high,75,osm-costa-rica-hotel-focused-choice-cala-2026-05-20
way/106995097,Hotel Secrets Papagayo,Sardinal,Costa Rica,10.6025094,-85.6452726,high,100,osm-costa-rica-hotel-focused-choice-cala-2026-05-20
way/107656642,Cuna del Angel,,Costa Rica,9.2082671,-83.8062132,medium,55,osm-costa-rica-hotel-focused-choice-cala-2026-05-20
way/107936608,Hotel El Villaggio,Nosara,Costa Rica,9.9068518,-85.6529251,high,75,osm-costa-rica-hotel-focused-choice-cala-2026-05-20
way/108217361,Flamingo Marina Resort,,Costa Rica,10.4412237,-85.7902112,medium,55,osm-costa-rica-hotel-focused-choice-cala-2026-05-20
way/112441415,Hotel La Pampa,,Costa Rica,10.2621039,-85.5864813,medium,55,osm-costa-rica-hotel-focused-choice-cala-2026-05-20
way/112441417,Hotel La Estancia,Santa Cruz,Costa Rica,10.2627059,-85.5873534,high,75,osm-costa-rica-hotel-focused-choice-cala-2026-05-20
way/112995374,Hotel Bosque del Mar,Playa Hermosa,Costa Rica,10.5711116,-85.6815275,high,75,osm-costa-rica-hotel-focused-choice-cala-2026-05-20
way/112999129,Hotel Condovac La Costa,Sardinal,Costa Rica,10.5802349,-85.6722014,high,75,osm-costa-rica-hotel-focused-choice-cala-2026-05-20
way/113598492,Hotel Barceló Occidental Tamarindo,Tamarindo,Costa Rica,10.2866292,-85.8503937,high,75,osm-costa-rica-hotel-focused-choice-cala-2026-05-20
way/120255352,Rainforest Adventure Center Expeditions (RACE),Copey,Costa Rica,9.463577,-83.9440312,high,75,osm-costa-rica-hotel-focused-choice-cala-2026-05-20
way/128150944,Hotel El Mono Loco,Tamarindo,Costa Rica,10.2953129,-85.8443053,high,75,osm-costa-rica-hotel-focused-choice-cala-2026-05-20
way/128156771,Tamarindo Diriá,Tamarindo,Costa Rica,10.3006457,-85.8409554,high,100,osm-costa-rica-hotel-focused-choice-cala-2026-05-20
way/130927572,Hotel La Arboleda,,Costa Rica,9.6587862,-84.0225403,medium,55,osm-costa-rica-hotel-focused-choice-cala-2026-05-20
way/130927573,La Mansión Rosada,,Costa Rica,9.6594074,-84.0198452,medium,55,osm-costa-rica-hotel-focused-choice-cala-2026-05-20
way/138131755,Hotel Samoa del Sur,Golfito,Costa Rica,8.6291746,-83.158737,high,75,osm-costa-rica-hotel-focused-choice-cala-2026-05-20
way/138572671,Hotel Sierra,,Costa Rica,8.6498821,-83.1788289,medium,55,osm-costa-rica-hotel-focused-choice-cala-2026-05-20
way/138578690,Hotel Golfito Bay,Golfito,Costa Rica,8.6355973,-83.1633998,high,75,osm-costa-rica-hotel-focused-choice-cala-2026-05-20
way/155512706,Jade Mar,Bahía Drake,Costa Rica,8.6896042,-83.6640003,high,100,osm-costa-rica-hotel-focused-choice-cala-2026-05-20
way/156358215,Finca Maresia,,Costa Rica,8.6814718,-83.6719448,high,70,osm-costa-rica-hotel-focused-choice-cala-2026-05-20
way/194526002,Caño Negro Natural Lodge,Caño Negro,Costa Rica,10.8937895,-84.787759,high,75,osm-costa-rica-hotel-focused-choice-cala-2026-05-20
way/198169377,Marriott Residence Inn,San Rafael,Costa Rica,9.9381172,-84.1426276,high,85,osm-costa-rica-hotel-focused-choice-cala-2026-05-20
way/200070618,Alojamiento Siempreverde,,Costa Rica,10.0670741,-84.2087882,medium,55,osm-costa-rica-hotel-focused-choice-cala-2026-05-20
way/201418224,Hotel Valladolid,Heredia,Costa Rica,10.0019628,-84.1131455,high,75,osm-costa-rica-hotel-focused-choice-cala-2026-05-20
way/202389494,The Grateful Hotel,,Costa Rica,10.3187834,-85.8353622,medium,55,osm-costa-rica-hotel-focused-choice-cala-2026-05-20
way/205800960,PEXS - Papagayo Exclusive Busines,Nacascolo,Costa Rica,10.6423996,-85.6535298,high,75,osm-costa-rica-hotel-focused-choice-cala-2026-05-20
way/206222631,Hotel Riu Guanacaste,Playa Matapalo - Sardinal,Costa Rica,10.5288153,-85.7472706,high,100,osm-costa-rica-hotel-focused-choice-cala-2026-05-20
way/208252577,Hotel Bougainvillea,,Costa Rica,9.9811027,-84.0791713,medium,55,osm-costa-rica-hotel-focused-choice-cala-2026-05-20
way/215165719,Hotel Iguana Azul,,Costa Rica,10.1769841,-85.8167223,medium,55,osm-costa-rica-hotel-focused-choice-cala-2026-05-20
way/215325473,Hotel La Estancia del Este,Santa Cruz,Costa Rica,10.2631645,-85.5835043,high,75,osm-costa-rica-hotel-focused-choice-cala-2026-05-20
way/215717792,Plumita Pacifica,,Costa Rica,10.1652158,-85.8108117,medium,55,osm-costa-rica-hotel-focused-choice-cala-2026-05-20
way/220657557,"Montara Hotel, Tapestry Collection by Hilton",Ángeles,Costa Rica,10.0601629,-84.0831915,high,100,osm-costa-rica-hotel-focused-choice-cala-2026-05-20
way/221566288,Hotel Balmoral,San José,Costa Rica,9.9339178,-84.0753613,high,75,osm-costa-rica-hotel-focused-choice-cala-2026-05-20
way/224136108,Jardín Del Eden,Tamarindo,Costa Rica,10.3003415,-85.8391364,high,100,osm-costa-rica-hotel-focused-choice-cala-2026-05-20
way/224139053,Villa Roca,,Costa Rica,9.4035128,-84.1540694,medium,55,osm-costa-rica-hotel-focused-choice-cala-2026-05-20
way/224139055,Hotel Si Como No,,Costa Rica,9.4037688,-84.1548591,high,70,osm-costa-rica-hotel-focused-choice-cala-2026-05-20
way/224139449,Rincón del Valle Hotel & Suites,San José,Costa Rica,9.9325856,-84.108245,high,100,osm-costa-rica-hotel-focused-choice-cala-2026-05-20
way/229721723,Hotel Los Almendros,,Costa Rica,9.3918611,-84.1466628,medium,55,osm-costa-rica-hotel-focused-choice-cala-2026-05-20
way/229721729,Tico Lodge Manuel Antonio,,Costa Rica,9.3917731,-84.1465104,medium,55,osm-costa-rica-hotel-focused-choice-cala-2026-05-20
way/229721736,Inn On The Park,,Costa Rica,9.3917548,-84.1463274,medium,55,osm-costa-rica-hotel-focused-choice-cala-2026-05-20
way/229721742,El Faro Beach,Manuel Antonio,Costa Rica,9.3912013,-84.1458973,high,75,osm-costa-rica-hotel-focused-choice-cala-2026-05-20
way/229723350,Manuel Antonio,,Costa Rica,9.3897924,-84.1469971,medium,55,osm-costa-rica-hotel-focused-choice-cala-2026-05-20
way/230621156,Hotel El Royal Corin,,Costa Rica,10.4850185,-84.6805664,high,70,osm-costa-rica-hotel-focused-choice-cala-2026-05-20
way/240729592,Hotel Sheraton San José,San Rafael,Costa Rica,9.9472396,-84.1562641,high,75,osm-costa-rica-hotel-focused-choice-cala-2026-05-20
way/245672570,Villa Bonita,Playa Santa teresa,Costa Rica,9.6326375,-85.1579597,high,85,osm-costa-rica-hotel-focused-choice-cala-2026-05-20
way/245672571,Santa Teresa Bungalows,Playa Santa teresa,Costa Rica,9.6329956,-85.1578218,high,100,osm-costa-rica-hotel-focused-choice-cala-2026-05-20
way/247737048,Hotel Marina Puerto Azul,Puntarenas,Costa Rica,9.9815515,-84.7977645,high,75,osm-costa-rica-hotel-focused-choice-cala-2026-05-20
way/257957358,Palma Real Hotel y Casino,Mata Redonda,Costa Rica,9.9409667,-84.101613,high,85,osm-costa-rica-hotel-focused-choice-cala-2026-05-20
way/257964237,Hotel Morazán,San José,Costa Rica,9.934637,-84.0752851,high,75,osm-costa-rica-hotel-focused-choice-cala-2026-05-20
way/263052333,Aloft,Pozos,Costa Rica,9.9569384,-84.1952299,high,85,osm-costa-rica-hotel-focused-choice-cala-2026-05-20
way/263053098,Studio Hotel,,Costa Rica,9.9349681,-84.1879837,medium,55,osm-costa-rica-hotel-focused-choice-cala-2026-05-20
way/266010652,Martina's Place,Bahía Drake,Costa Rica,8.6899401,-83.6644753,high,75,osm-costa-rica-hotel-focused-choice-cala-2026-05-20
way/267594037,Holiday Inn Express,Pozos,Costa Rica,9.9523944,-84.1948015,high,85,osm-costa-rica-hotel-focused-choice-cala-2026-05-20
way/267921111,Arenal Waterfall Lodge Green Lagoon Wellbeing Resort,La Fortuna,Costa Rica,10.4442,-84.6698845,high,100,osm-costa-rica-hotel-focused-choice-cala-2026-05-20
way/277501857,Hotel Riu Palace Costa Rica,Playa Matapalo - Sardinal,Costa Rica,10.528033,-85.7493253,high,100,osm-costa-rica-hotel-focused-choice-cala-2026-05-20
way/281739176,Casa Chameleon,,Costa Rica,9.6126953,-85.1393958,medium,55,osm-costa-rica-hotel-focused-choice-cala-2026-05-20
way/295236628,Pension Orosi View,,Costa Rica,9.8295434,-83.8539792,high,70,osm-costa-rica-hotel-focused-choice-cala-2026-05-20
way/295244601,Arenal Volcano Lodge,,Costa Rica,10.4940296,-84.7674365,high,70,osm-costa-rica-hotel-focused-choice-cala-2026-05-20
way/295246289,Cañón de la Vieja Lodge,Curubandé,Costa Rica,10.6781288,-85.4561647,high,100,osm-costa-rica-hotel-focused-choice-cala-2026-05-20
way/301657406,Hotel Cocal,,Costa Rica,9.6127744,-84.6280035,medium,55,osm-costa-rica-hotel-focused-choice-cala-2026-05-20
way/302004690,Hotel Rancho Los Sueños,Jacó,Costa Rica,9.6504086,-84.6527893,high,75,osm-costa-rica-hotel-focused-choice-cala-2026-05-20
way/305504260,Cabinas del Rio,Guápiles,Costa Rica,10.2175758,-83.78725,high,90,osm-costa-rica-hotel-focused-choice-cala-2026-05-20
way/307992863,Hotel La Fortuna,,Costa Rica,10.4707872,-84.6433574,high,80,osm-costa-rica-hotel-focused-choice-cala-2026-05-20
way/310717216,City Express,Ulloa,Costa Rica,9.9798548,-84.1589006,high,85,osm-costa-rica-hotel-focused-choice-cala-2026-05-20
way/319761472,Hotel Boyeros,Liberia,Costa Rica,10.6258884,-85.4424325,high,75,osm-costa-rica-hotel-focused-choice-cala-2026-05-20
way/320573546,Hotel Alma del Pacífico,Parrita,Costa Rica,9.5247781,-84.4532356,high,75,osm-costa-rica-hotel-focused-choice-cala-2026-05-20
way/320577129,Sunset del Mar Beach Resort,Esterillos Este,Costa Rica,9.5264887,-84.4589657,high,85,osm-costa-rica-hotel-focused-choice-cala-2026-05-20
way/321212741,Casa Dulce,,Costa Rica,9.6039739,-84.6218822,medium,55,osm-costa-rica-hotel-focused-choice-cala-2026-05-20
way/322719348,Southland Guanamar Beach & Sportfishing Resort,Puerto Carrillo,Costa Rica,9.8638684,-85.4816345,high,85,osm-costa-rica-hotel-focused-choice-cala-2026-05-20
way/323328516,Nine,,Costa Rica,9.6013734,-84.6204493,medium,55,osm-costa-rica-hotel-focused-choice-cala-2026-05-20
way/323331662,La Casa de Mafalda,,Costa Rica,9.6031172,-84.6214695,medium,55,osm-costa-rica-hotel-focused-choice-cala-2026-05-20
way/323331665,Hotel Kangaroo,,Costa Rica,9.6030554,-84.6201421,medium,55,osm-costa-rica-hotel-focused-choice-cala-2026-05-20
way/323331666,Sonidos del Mar,,Costa Rica,9.6034548,-84.620796,medium,55,osm-costa-rica-hotel-focused-choice-cala-2026-05-20
way/323348538,Villa del Mar,,Costa Rica,9.6060774,-84.6218414,medium,55,osm-costa-rica-hotel-focused-choice-cala-2026-05-20
way/323348540,Hotel Kangaroo,,Costa Rica,9.6042154,-84.6210969,medium,55,osm-costa-rica-hotel-focused-choice-cala-2026-05-20
way/323348541,Hotel Arenal Pacífico,,Costa Rica,9.6040378,-84.620809,medium,55,osm-costa-rica-hotel-focused-choice-cala-2026-05-20
way/323348548,South Beach Hotel,,Costa Rica,9.6042814,-84.6207886,medium,55,osm-costa-rica-hotel-focused-choice-cala-2026-05-20
way/323348561,Villa del Montine,,Costa Rica,9.6034313,-84.6215051,medium,55,osm-costa-rica-hotel-focused-choice-cala-2026-05-20
way/323348566,Casa Playa del Rey,,Costa Rica,9.6032989,-84.6216276,medium,55,osm-costa-rica-hotel-focused-choice-cala-2026-05-20
way/323475626,Paraiso Escondido,,Costa Rica,9.6087322,-84.6202157,medium,55,osm-costa-rica-hotel-focused-choice-cala-2026-05-20
way/323557377,Room2Board,,Costa Rica,9.6071042,-84.6238687,high,80,osm-costa-rica-hotel-focused-choice-cala-2026-05-20
way/323559073,Hotel Bahía Azul,Jacó,Costa Rica,9.6075613,-84.6244334,high,75,osm-costa-rica-hotel-focused-choice-cala-2026-05-20
way/323657400,Apartotel Girasol,,Costa Rica,9.6096628,-84.6255726,medium,55,osm-costa-rica-hotel-focused-choice-cala-2026-05-20
way/323657401,Hotel Tuanis,,Costa Rica,9.6095697,-84.6251534,medium,55,osm-costa-rica-hotel-focused-choice-cala-2026-05-20
way/323661148,Tuanis Aparthotel,,Costa Rica,9.6100155,-84.6251606,high,70,osm-costa-rica-hotel-focused-choice-cala-2026-05-20
way/323661156,Hostel Manga,,Costa Rica,9.6108869,-84.6258684,medium,55,osm-costa-rica-hotel-focused-choice-cala-2026-05-20
way/323689365,Hotel Palma Azul,,Costa Rica,9.6177625,-84.6236421,medium,55,osm-costa-rica-hotel-focused-choice-cala-2026-05-20
way/323689384,Blue Palms,,Costa Rica,9.6173893,-84.6240638,medium,55,osm-costa-rica-hotel-focused-choice-cala-2026-05-20
way/323689392,Hotel Océano,,Costa Rica,9.6179535,-84.623361,medium,55,osm-costa-rica-hotel-focused-choice-cala-2026-05-20
way/323698475,Casino Cocal,,Costa Rica,9.6123826,-84.6282192,medium,55,osm-costa-rica-hotel-focused-choice-cala-2026-05-20
way/323698477,Casino Cocal,,Costa Rica,9.6125315,-84.6282463,medium,55,osm-costa-rica-hotel-focused-choice-cala-2026-05-20
way/323698486,Sportsman Hotel,,Costa Rica,9.612674,-84.6269918,medium,55,osm-costa-rica-hotel-focused-choice-cala-2026-05-20
way/323698493,Casa Sirena,,Costa Rica,9.6122442,-84.6278535,medium,55,osm-costa-rica-hotel-focused-choice-cala-2026-05-20
way/323708710,Jacó Inn,Jaco,Costa Rica,9.6155595,-84.6285333,high,100,osm-costa-rica-hotel-focused-choice-cala-2026-05-20
way/323708743,Hotel Buddha House,Jacó,Costa Rica,9.6150788,-84.628484,high,75,osm-costa-rica-hotel-focused-choice-cala-2026-05-20
way/323715510,Cabinas Mar del Plata,Jacó,Costa Rica,9.6151861,-84.6299496,high,75,osm-costa-rica-hotel-focused-choice-cala-2026-05-20
way/323715512,Posada Jaco,Jacó,Costa Rica,9.6155859,-84.6299692,high,75,osm-costa-rica-hotel-focused-choice-cala-2026-05-20
way/323715543,Balcon del Mar,,Costa Rica,9.6145788,-84.6306573,medium,55,osm-costa-rica-hotel-focused-choice-cala-2026-05-20
way/323715545,Hotel Poseidon,Jacó,Costa Rica,9.6148277,-84.6291605,high,75,osm-costa-rica-hotel-focused-choice-cala-2026-05-20
way/323715557,Calu,Jaco,Costa Rica,9.6147742,-84.6295447,high,75,osm-costa-rica-hotel-focused-choice-cala-2026-05-20
way/324613273,Hotel Monte campana,,Costa Rica,9.6179682,-84.6305641,medium,55,osm-costa-rica-hotel-focused-choice-cala-2026-05-20
way/325070827,Hotel Mónaco,Jacó,Costa Rica,9.617298,-84.6297965,high,90,osm-costa-rica-hotel-focused-choice-cala-2026-05-20
way/325070868,La Perlita,,Costa Rica,9.617587,-84.6287519,high,70,osm-costa-rica-hotel-focused-choice-cala-2026-05-20
way/325070872,Hotel Mar De Luz,Jaco,Costa Rica,9.6170533,-84.6290667,high,100,osm-costa-rica-hotel-focused-choice-cala-2026-05-20
way/325115055,Bird of Paradise Hotel,Jaco,Costa Rica,9.617439,-84.6317565,high,100,osm-costa-rica-hotel-focused-choice-cala-2026-05-20
way/325115056,Solmarena,,Costa Rica,9.6177346,-84.6327362,medium,55,osm-costa-rica-hotel-focused-choice-cala-2026-05-20
way/326148642,Hotel Vacation Villas,,Costa Rica,9.6339975,-84.6282476,medium,55,osm-costa-rica-hotel-focused-choice-cala-2026-05-20
way/331603788,Cabinas Yucca,Puerto Viejo,Costa Rica,9.6591388,-82.7500768,high,75,osm-costa-rica-hotel-focused-choice-cala-2026-05-20
way/331603801,Exotic Boutique Hotel,Puerto Viejo,Costa Rica,9.6586843,-82.7496408,high,75,osm-costa-rica-hotel-focused-choice-cala-2026-05-20
way/332486132,Cabinas Santa Rita,La Cruz,Costa Rica,11.0708436,-85.6328156,high,75,osm-costa-rica-hotel-focused-choice-cala-2026-05-20
way/332706961,Cabinas Grant,Puerto Viejo,Costa Rica,9.6560044,-82.7549463,high,75,osm-costa-rica-hotel-focused-choice-cala-2026-05-20
way/332706995,Hotel Tamara,,Costa Rica,9.6572011,-82.7507448,medium,55,osm-costa-rica-hotel-focused-choice-cala-2026-05-20
way/333635527,La Mariposa,,Costa Rica,9.4045944,-84.1579105,high,80,osm-costa-rica-hotel-focused-choice-cala-2026-05-20
way/333635528,Los Altos Beach Resort & Spa,Manuel Antonio,Costa Rica,9.4051848,-84.1577879,high,75,osm-costa-rica-hotel-focused-choice-cala-2026-05-20
way/343290121,Apartotel Los Yoses,San Pedro,Costa Rica,9.9321225,-84.0573837,high,75,osm-costa-rica-hotel-focused-choice-cala-2026-05-20
way/350240943,Hotel Conquistador,Quesada,Costa Rica,10.3169803,-84.4283023,high,85,osm-costa-rica-hotel-focused-choice-cala-2026-05-20
way/351552989,Fer-Ger,,Costa Rica,10.5275119,-84.4806038,medium,55,osm-costa-rica-hotel-focused-choice-cala-2026-05-20
way/358715759,Hotel Villa Las Palmas,Orotina,Costa Rica,9.911878,-84.5182564,high,75,osm-costa-rica-hotel-focused-choice-cala-2026-05-20
way/359451226,El Gran Ceibo,Golfito,Costa Rica,8.6109019,-83.139574,high,75,osm-costa-rica-hotel-focused-choice-cala-2026-05-20
way/363084994,Muelle La Pavona,Cariari,Costa Rica,10.5451824,-83.5963144,high,75,osm-costa-rica-hotel-focused-choice-cala-2026-05-20
way/369031068,Hotel Andrea,Ciudad Neily,Costa Rica,8.6482297,-82.9425757,high,75,osm-costa-rica-hotel-focused-choice-cala-2026-05-20
way/369032160,Hotel Wilson 2,Ciudad Neily,Costa Rica,8.6458947,-82.9433811,high,75,osm-costa-rica-hotel-focused-choice-cala-2026-05-20
way/369032161,Hotel Wilson 1,Ciudad Neily,Costa Rica,8.6460546,-82.9429758,high,75,osm-costa-rica-hotel-focused-choice-cala-2026-05-20
way/369032162,Hotel Ciudad Neily,Ciudad Neily,Costa Rica,8.6525786,-82.9453729,high,75,osm-costa-rica-hotel-focused-choice-cala-2026-05-20
way/369727469,Premium Hostel Casa Colón,San José,Costa Rica,9.9353397,-84.0899323,high,85,osm-costa-rica-hotel-focused-choice-cala-2026-05-20
way/370950471,Hotel Playa Westfalia,,Costa Rica,9.9374306,-83.0064385,medium,55,osm-costa-rica-hotel-focused-choice-cala-2026-05-20
way/371514126,Tryp Sabana,San José,Costa Rica,9.9367131,-84.0964753,high,85,osm-costa-rica-hotel-focused-choice-cala-2026-05-20
way/371517713,Hotel MUSOC,San José,Costa Rica,9.9361165,-84.0856797,high,75,osm-costa-rica-hotel-focused-choice-cala-2026-05-20
way/371529416,Hotel Paseo Las Damas,San José,Costa Rica,9.9352302,-84.0741982,high,75,osm-costa-rica-hotel-focused-choice-cala-2026-05-20
way/371530853,Gran Hotel Costa Rica,San José,Costa Rica,9.9336557,-84.0776273,high,100,osm-costa-rica-hotel-focused-choice-cala-2026-05-20
way/371535100,Hotel Quinta Avenida,San José,Costa Rica,9.9381421,-84.0874199,high,75,osm-costa-rica-hotel-focused-choice-cala-2026-05-20
way/374042811,La Rosa de América,La Garita,Costa Rica,10.0076533,-84.2608329,high,75,osm-costa-rica-hotel-focused-choice-cala-2026-05-20
way/377991159,La Guaria Inn,Alajuela,Costa Rica,10.0154683,-84.2121187,high,75,osm-costa-rica-hotel-focused-choice-cala-2026-05-20
way/378014714,Pacific Azure,Mal Pais,Costa Rica,9.6017284,-85.1392664,high,90,osm-costa-rica-hotel-focused-choice-cala-2026-05-20
way/378164525,La Auxiliadora,San José,Costa Rica,9.9331524,-84.0972724,high,75,osm-costa-rica-hotel-focused-choice-cala-2026-05-20
way/378204794,Rosa del Paseo,San José,Costa Rica,9.9349864,-84.0924557,high,75,osm-costa-rica-hotel-focused-choice-cala-2026-05-20
way/378204800,Ambassador,San José,Costa Rica,9.9349914,-84.0915424,high,75,osm-costa-rica-hotel-focused-choice-cala-2026-05-20
way/378231175,Indigo Yoga Resort,,Costa Rica,9.6104319,-85.1418606,medium,55,osm-costa-rica-hotel-focused-choice-cala-2026-05-20
way/378231927,Playa Selva Hotel,,Costa Rica,9.6091286,-85.1414241,medium,55,osm-costa-rica-hotel-focused-choice-cala-2026-05-20
way/378231929,Moana Lodge,,Costa Rica,9.614112,-85.1421317,medium,55,osm-costa-rica-hotel-focused-choice-cala-2026-05-20
way/378232207,Bluejay Lodge,,Costa Rica,9.6208117,-85.1452108,medium,55,osm-costa-rica-hotel-focused-choice-cala-2026-05-20
way/378232210,Mal Pais Surf Camp & Resort,,Costa Rica,9.6254554,-85.146424,medium,55,osm-costa-rica-hotel-focused-choice-cala-2026-05-20
way/378232979,La Amistad,,Costa Rica,10.4707978,-84.6467599,medium,65,osm-costa-rica-hotel-focused-choice-cala-2026-05-20
way/378233022,Torre Arenal,,Costa Rica,10.4707962,-84.6468636,medium,55,osm-costa-rica-hotel-focused-choice-cala-2026-05-20
way/378234055,The Place Hotel,,Costa Rica,9.6268115,-85.1480439,medium,55,osm-costa-rica-hotel-focused-choice-cala-2026-05-20
way/378234058,Ritmo Tropical Hotel,,Costa Rica,9.6273629,-85.1486759,medium,55,osm-costa-rica-hotel-focused-choice-cala-2026-05-20
way/378236263,Frank's Place Hotel,,Costa Rica,9.6284675,-85.1501489,medium,55,osm-costa-rica-hotel-focused-choice-cala-2026-05-20
way/378346236,Hotel Posada El Museo,San José,Costa Rica,9.9318844,-84.0709495,high,75,osm-costa-rica-hotel-focused-choice-cala-2026-05-20
way/378373836,Hotel Bristol,San José,Costa Rica,9.9331135,-84.0686887,high,75,osm-costa-rica-hotel-focused-choice-cala-2026-05-20
way/378374482,Hotel La California,San José,Costa Rica,9.9333561,-84.0695473,high,85,osm-costa-rica-hotel-focused-choice-cala-2026-05-20
way/378375530,Bella Vista,San José,Costa Rica,9.9328719,-84.0695959,high,85,osm-costa-rica-hotel-focused-choice-cala-2026-05-20
way/378378640,Hotel Avenida Central,San José,Costa Rica,9.9333249,-84.0735071,high,75,osm-costa-rica-hotel-focused-choice-cala-2026-05-20
way/378383622,Hotel Asia,San José,Costa Rica,9.9341364,-84.0740381,high,75,osm-costa-rica-hotel-focused-choice-cala-2026-05-20
way/378497005,Casa Yoses,,Costa Rica,9.9311068,-84.0594511,medium,60,osm-costa-rica-hotel-focused-choice-cala-2026-05-20
way/378497007,Bekuo Hostel,San Pedro,Costa Rica,9.9309842,-84.060401,high,75,osm-costa-rica-hotel-focused-choice-cala-2026-05-20
way/378503418,Costa Rica Guesthouse,San José,Costa Rica,9.9307608,-84.0680934,high,75,osm-costa-rica-hotel-focused-choice-cala-2026-05-20
way/378523042,Hotel Milvia,,Costa Rica,9.931166,-84.0437297,medium,60,osm-costa-rica-hotel-focused-choice-cala-2026-05-20
way/378782799,Pato Loco Inn,,Costa Rica,10.5433653,-85.6929424,medium,55,osm-costa-rica-hotel-focused-choice-cala-2026-05-20
way/378782803,Hotel Flor de Itabo,,Costa Rica,10.5412254,-85.6908346,medium,55,osm-costa-rica-hotel-focused-choice-cala-2026-05-20
way/378796368,Savannah,,Costa Rica,10.5489606,-85.693842,medium,55,osm-costa-rica-hotel-focused-choice-cala-2026-05-20
way/378801810,Ladera,,Costa Rica,10.5370408,-85.6686203,medium,55,osm-costa-rica-hotel-focused-choice-cala-2026-05-20
way/378801813,Los Ranchito's,,Costa Rica,10.5357692,-85.6650007,medium,55,osm-costa-rica-hotel-focused-choice-cala-2026-05-20
way/378801818,Hotel Villas Nacazcol,,Costa Rica,10.5339427,-85.6629085,high,80,osm-costa-rica-hotel-focused-choice-cala-2026-05-20
way/378818332,Cabinas Don Elias,,Costa Rica,10.4041366,-85.5890436,medium,55,osm-costa-rica-hotel-focused-choice-cala-2026-05-20
way/378818333,Cabinas Don Elias,,Costa Rica,10.403983,-85.5891513,medium,55,osm-costa-rica-hotel-focused-choice-cala-2026-05-20
way/379236169,Gran Hotel Ronald,Canoas,Costa Rica,8.5327256,-82.840204,high,75,osm-costa-rica-hotel-focused-choice-cala-2026-05-20
way/379236179,Hotel Los Higuerones,,Costa Rica,8.52827,-82.8391281,medium,55,osm-costa-rica-hotel-focused-choice-cala-2026-05-20
way/379385502,Hotel Villa Tournón,Tournon,Costa Rica,9.9409223,-84.0757454,high,75,osm-costa-rica-hotel-focused-choice-cala-2026-05-20
way/379393798,La Boya,,Costa Rica,10.3620138,-85.7795403,medium,55,osm-costa-rica-hotel-focused-choice-cala-2026-05-20
way/379393808,Seis Playas,,Costa Rica,10.3470707,-85.7858296,medium,55,osm-costa-rica-hotel-focused-choice-cala-2026-05-20
way/379394879,Cabinas Casa Madera,,Costa Rica,10.3079688,-85.8058449,medium,55,osm-costa-rica-hotel-focused-choice-cala-2026-05-20
way/379402171,Tamarindo Paradise Resort & Spa,Tamarindo,Costa Rica,10.3088174,-85.8145248,high,75,osm-costa-rica-hotel-focused-choice-cala-2026-05-20
way/379416904,Tamarindo Inn,Tamarindo,Costa Rica,10.3089267,-85.8293283,high,75,osm-costa-rica-hotel-focused-choice-cala-2026-05-20
way/379416907,Casa Mangle,Tamarindo,Costa Rica,10.3099287,-85.8304079,high,75,osm-costa-rica-hotel-focused-choice-cala-2026-05-20
way/379449762,Hotel Avenida 8,San José,Costa Rica,9.930305,-84.0768251,high,75,osm-costa-rica-hotel-focused-choice-cala-2026-05-20
way/379451071,Hotel del Este,San José,Costa Rica,9.9305915,-84.0776016,high,75,osm-costa-rica-hotel-focused-choice-cala-2026-05-20
way/379458350,Hotel Berlin,San José,Costa Rica,9.9307603,-84.0795895,high,75,osm-costa-rica-hotel-focused-choice-cala-2026-05-20
way/379458461,Hotel Boston,San José,Costa Rica,9.9307459,-84.0796826,high,75,osm-costa-rica-hotel-focused-choice-cala-2026-05-20
way/379459264,Hotel San Diego,San José,Costa Rica,9.9305935,-84.08047,high,85,osm-costa-rica-hotel-focused-choice-cala-2026-05-20
way/379467799,Hotel Medellin,San José,Costa Rica,9.9307734,-84.0838144,high,85,osm-costa-rica-hotel-focused-choice-cala-2026-05-20
way/379471568,Hotel Llano del Mar,Tamarindo,Costa Rica,10.3092604,-85.8241839,high,75,osm-costa-rica-hotel-focused-choice-cala-2026-05-20
way/379471570,Hotel El Baquiano,Tamarindo,Costa Rica,10.309427,-85.8262764,high,75,osm-costa-rica-hotel-focused-choice-cala-2026-05-20
way/379473974,Mango Condos,,Costa Rica,10.2962636,-85.842953,high,80,osm-costa-rica-hotel-focused-choice-cala-2026-05-20
way/379473977,Capitán Suizo,,Costa Rica,10.2935011,-85.8480294,medium,55,osm-costa-rica-hotel-focused-choice-cala-2026-05-20
way/379474581,Tsunami,,Costa Rica,10.305636,-85.8363772,medium,55,osm-costa-rica-hotel-focused-choice-cala-2026-05-20
way/379474582,Pueblo Dorado Hotel,,Costa Rica,10.3054967,-85.8365773,medium,55,osm-costa-rica-hotel-focused-choice-cala-2026-05-20
way/379474584,La Laguna del Cocodrilo Hotel,Santa Cruz,Costa Rica,10.3055249,-85.8373091,high,75,osm-costa-rica-hotel-focused-choice-cala-2026-05-20
way/379474587,Best Western Tamarindo,Tamarindo,Costa Rica,10.3044252,-85.837127,high,100,osm-costa-rica-hotel-focused-choice-cala-2026-05-20
way/379474594,Cabinas Rodamar,,Costa Rica,10.3034581,-85.8381847,medium,55,osm-costa-rica-hotel-focused-choice-cala-2026-05-20
way/379474844,Cala Luna Boutique Hotel & Villas,Tamarindo,Costa Rica,10.2915342,-85.8513946,high,75,osm-costa-rica-hotel-focused-choice-cala-2026-05-20
way/379477591,Cabinas Marielos,,Costa Rica,10.3021618,-85.8390764,medium,55,osm-costa-rica-hotel-focused-choice-cala-2026-05-20
way/379477599,Blue Trailz,Tamarindo,Costa Rica,10.3017189,-85.8400524,high,100,osm-costa-rica-hotel-focused-choice-cala-2026-05-20
way/379477613,Atalaida,,Costa Rica,10.2999213,-85.8413584,medium,55,osm-costa-rica-hotel-focused-choice-cala-2026-05-20
way/379478288,Mar Rey Hotel,Tamarindo,Costa Rica,10.29904,-85.8415626,high,85,osm-costa-rica-hotel-focused-choice-cala-2026-05-20
way/379537395,Hotel Guarumo,San José,Costa Rica,9.9411471,-84.0781767,high,75,osm-costa-rica-hotel-focused-choice-cala-2026-05-20
way/379541675,Hotel Momentos,San José,Costa Rica,9.9375414,-84.0778078,high,75,osm-costa-rica-hotel-focused-choice-cala-2026-05-20
way/379543864,Hotel Otoya,San José,Costa Rica,9.936326,-84.077882,high,75,osm-costa-rica-hotel-focused-choice-cala-2026-05-20
way/379544466,Hotel Soñador,San José,Costa Rica,9.9362179,-84.0778686,high,75,osm-costa-rica-hotel-focused-choice-cala-2026-05-20
way/379558850,Hotel Metropolitano,San José,Costa Rica,9.932072,-84.0782993,high,75,osm-costa-rica-hotel-focused-choice-cala-2026-05-20
way/379625625,Hotel Caribbean,San José,Costa Rica,9.939454,-84.0789367,high,75,osm-costa-rica-hotel-focused-choice-cala-2026-05-20
way/379625833,Portofino,Tamarindo,Costa Rica,10.2973008,-85.8410801,high,75,osm-costa-rica-hotel-focused-choice-cala-2026-05-20
way/379625840,Hotel Mamiri,,Costa Rica,10.2962723,-85.8397396,medium,55,osm-costa-rica-hotel-focused-choice-cala-2026-05-20
way/379625842,Pura Vida,,Costa Rica,10.2960489,-85.8388007,medium,55,osm-costa-rica-hotel-focused-choice-cala-2026-05-20
way/379625847,Chocolate,,Costa Rica,10.2958023,-85.8378864,medium,55,osm-costa-rica-hotel-focused-choice-cala-2026-05-20
way/379679307,Hotel & Villas Huetares,Sardinal,Costa Rica,10.575504,-85.6750376,high,75,osm-costa-rica-hotel-focused-choice-cala-2026-05-20
way/379679310,Hotel ManGaby,Sardinal,Costa Rica,10.5763786,-85.6749594,high,75,osm-costa-rica-hotel-focused-choice-cala-2026-05-20
way/379679314,Villa Acacai,Playa Hermosa,Costa Rica,10.5762846,-85.6753085,high,100,osm-costa-rica-hotel-focused-choice-cala-2026-05-20
way/379680083,Cabinas La Casona,Playa Hermosa,Costa Rica,10.5772497,-85.6761833,high,75,osm-costa-rica-hotel-focused-choice-cala-2026-05-20
way/379680086,Roberto's La Gaviota Tropical,Playa Hermosa,Costa Rica,10.5778544,-85.6765978,high,75,osm-costa-rica-hotel-focused-choice-cala-2026-05-20
way/379680087,Sol y Suenos,Playa Hermosa,Costa Rica,10.578356,-85.6752541,high,75,osm-costa-rica-hotel-focused-choice-cala-2026-05-20
way/379780982,M&M Beach House,Playa del Coco,Costa Rica,10.5509648,-85.6989635,high,100,osm-costa-rica-hotel-focused-choice-cala-2026-05-20
way/379796750,Dio Wak,,Costa Rica,9.2530924,-83.86474,medium,55,osm-costa-rica-hotel-focused-choice-cala-2026-05-20
way/379809889,El Mago Fuerte,,Costa Rica,9.1723427,-83.7393317,medium,55,osm-costa-rica-hotel-focused-choice-cala-2026-05-20
way/379813081,Laura's House,,Costa Rica,10.5516529,-85.6942072,medium,55,osm-costa-rica-hotel-focused-choice-cala-2026-05-20
way/379813082,Cabina's Chale,Sardinal,Costa Rica,10.553588,-85.6927601,high,75,osm-costa-rica-hotel-focused-choice-cala-2026-05-20
way/379813251,Cabinas Bahia Uvita,,Costa Rica,9.1579866,-83.7471551,medium,55,osm-costa-rica-hotel-focused-choice-cala-2026-05-20
way/379815690,Pacifico Beach Club,Sardinal,Costa Rica,10.5588532,-85.6909576,high,75,osm-costa-rica-hotel-focused-choice-cala-2026-05-20
way/379815692,Café de Playa,Sardinal,Costa Rica,10.5580772,-85.6915537,high,75,osm-costa-rica-hotel-focused-choice-cala-2026-05-20
way/379815695,Colono Beach,,Costa Rica,10.5485892,-85.6974407,medium,55,osm-costa-rica-hotel-focused-choice-cala-2026-05-20
way/379816668,Cabinas Gato,,Costa Rica,9.1616818,-83.7354526,medium,65,osm-costa-rica-hotel-focused-choice-cala-2026-05-20
way/379842204,Cabinas Sueños de María,Bahía Ballena,Costa Rica,9.1663151,-83.7404432,high,75,osm-costa-rica-hotel-focused-choice-cala-2026-05-20
way/379955801,Hotel Los Angeles,,Costa Rica,10.6322268,-85.4401189,medium,55,osm-costa-rica-hotel-focused-choice-cala-2026-05-20
way/379966382,Hotel El Tempisque,Liberia,Costa Rica,10.6313294,-85.4406531,high,75,osm-costa-rica-hotel-focused-choice-cala-2026-05-20
way/379968398,Hospedaje CatalinaSS,Liberia,Costa Rica,10.6322999,-85.4426065,high,100,osm-costa-rica-hotel-focused-choice-cala-2026-05-20
way/379983221,Cabinas JJJ,Liberia,Costa Rica,10.632659,-85.443328,high,75,osm-costa-rica-hotel-focused-choice-cala-2026-05-20
way/379983222,Hostel Pura Vida,Liberia,Costa Rica,10.6323089,-85.4442872,high,75,osm-costa-rica-hotel-focused-choice-cala-2026-05-20
way/379983223,Hospedaje Dodero,Liberia,Costa Rica,10.6319881,-85.4448603,high,75,osm-costa-rica-hotel-focused-choice-cala-2026-05-20
way/380005148,Hotel Rincón del LLano,Liberia,Costa Rica,10.5796379,-85.5749802,high,75,osm-costa-rica-hotel-focused-choice-cala-2026-05-20
way/380106644,Holiday Inn,San Rafael,Costa Rica,9.9407285,-84.1452023,high,85,osm-costa-rica-hotel-focused-choice-cala-2026-05-20
way/380106651,Wyndham Garden,Escazú,Costa Rica,9.9365856,-84.1306791,high,85,osm-costa-rica-hotel-focused-choice-cala-2026-05-20
way/380123128,Witch's Rock Surf Camp,Tamarindo,Costa Rica,10.30386,-85.8389161,high,75,osm-costa-rica-hotel-focused-choice-cala-2026-05-20
way/380127172,Condominio Balcones del Pacífico,Tamarindo,Costa Rica,10.298892,-85.839398,high,75,osm-costa-rica-hotel-focused-choice-cala-2026-05-20
way/380127176,Luamey Boutique Hotel,Tamarindo,Costa Rica,10.2985096,-85.8392652,high,75,osm-costa-rica-hotel-focused-choice-cala-2026-05-20
way/380127179,Sand Dollar,,Costa Rica,10.2982849,-85.8400649,medium,55,osm-costa-rica-hotel-focused-choice-cala-2026-05-20
way/380138867,Hostel Coral Reef,,Costa Rica,10.2987171,-85.8415596,medium,55,osm-costa-rica-hotel-focused-choice-cala-2026-05-20
way/380158921,Las Brisas,Puntarenas,Costa Rica,9.9749572,-84.8475342,high,75,osm-costa-rica-hotel-focused-choice-cala-2026-05-20
way/380159555,Alamar,Puntarenas,Costa Rica,9.9749666,-84.8472039,high,75,osm-costa-rica-hotel-focused-choice-cala-2026-05-20
way/380164963,Tioga,Puntarenas,Costa Rica,9.9749629,-84.8399579,high,75,osm-costa-rica-hotel-focused-choice-cala-2026-05-20
way/380167125,La Paloma Lodge,,Costa Rica,9.9716353,-85.6591093,medium,55,osm-costa-rica-hotel-focused-choice-cala-2026-05-20
way/380167135,Rancho Dkique Cabinas,Nosara,Costa Rica,9.9752183,-85.6674318,high,75,osm-costa-rica-hotel-focused-choice-cala-2026-05-20
way/380171600,Hotel Latino,San José,Costa Rica,9.935112,-84.0785426,high,75,osm-costa-rica-hotel-focused-choice-cala-2026-05-20
way/380174168,Hotel Oasis,San José,Costa Rica,9.9349696,-84.081091,high,75,osm-costa-rica-hotel-focused-choice-cala-2026-05-20
way/380263714,Hostel Gran Imperial,San José,Costa Rica,9.9349617,-84.0827017,high,100,osm-costa-rica-hotel-focused-choice-cala-2026-05-20
way/380264721,Hotel Malto,San José,Costa Rica,9.9354106,-84.0828154,high,75,osm-costa-rica-hotel-focused-choice-cala-2026-05-20
way/380270255,El Campeón,San José,Costa Rica,9.9353934,-84.0836047,high,75,osm-costa-rica-hotel-focused-choice-cala-2026-05-20
way/380674263,Rancho León,,Costa Rica,9.4633383,-84.1828898,medium,55,osm-costa-rica-hotel-focused-choice-cala-2026-05-20
way/380674265,El Prisma Hospedaje,,Costa Rica,9.4467022,-84.1668604,medium,55,osm-costa-rica-hotel-focused-choice-cala-2026-05-20
way/380678377,Hotel Ave del Paraiso,San Pedro,Costa Rica,9.9379988,-84.0536712,high,75,osm-costa-rica-hotel-focused-choice-cala-2026-05-20
way/380681668,Pura Vida Mini Hostel,,Costa Rica,9.4265566,-84.1583134,medium,55,osm-costa-rica-hotel-focused-choice-cala-2026-05-20
way/380685307,Villa Mymosa,,Costa Rica,9.4217998,-84.1583908,medium,55,osm-costa-rica-hotel-focused-choice-cala-2026-05-20
way/380685308,Hotel Plaza Yara,,Costa Rica,9.4163363,-84.1572441,medium,55,osm-costa-rica-hotel-focused-choice-cala-2026-05-20
way/380820580,Courtyard Escazú Marriott,San Rafael,Costa Rica,9.9432191,-84.1458032,high,85,osm-costa-rica-hotel-focused-choice-cala-2026-05-20
way/380828904,La Galeria,Nosara,Costa Rica,9.9396231,-85.6533999,high,75,osm-costa-rica-hotel-focused-choice-cala-2026-05-20
way/380845118,Hotel Guanacaste,Liberia,Costa Rica,10.6283231,-85.4433422,high,75,osm-costa-rica-hotel-focused-choice-cala-2026-05-20
way/380848718,Hotel La Riviera,Liberia,Costa Rica,10.6326259,-85.4351332,high,75,osm-costa-rica-hotel-focused-choice-cala-2026-05-20
way/380850107,Hotel y Residencias Las Palmeras,,Costa Rica,9.8809173,-85.5355628,medium,55,osm-costa-rica-hotel-focused-choice-cala-2026-05-20
way/380850114,La Aldea Hostel,Sámara,Costa Rica,9.8825934,-85.5297597,high,75,osm-costa-rica-hotel-focused-choice-cala-2026-05-20
way/380850120,Cabinas Arena,,Costa Rica,9.8824732,-85.5278694,medium,55,osm-costa-rica-hotel-focused-choice-cala-2026-05-20
way/380861815,La Siesta,Liberia,Costa Rica,10.6266355,-85.4384837,high,75,osm-costa-rica-hotel-focused-choice-cala-2026-05-20
way/380875496,Hotal La Primavera,Liberia,Costa Rica,10.6289234,-85.4379167,high,75,osm-costa-rica-hotel-focused-choice-cala-2026-05-20
way/380891367,Sevilla,San José,Costa Rica,9.9314392,-84.0844839,high,75,osm-costa-rica-hotel-focused-choice-cala-2026-05-20
way/380891369,Casa Colonial,San José,Costa Rica,9.9317865,-84.0844718,high,75,osm-costa-rica-hotel-focused-choice-cala-2026-05-20
way/380893281,Hotel Jenny,Nicoya,CR,10.1416213,-85.4525474,high,75,osm-costa-rica-hotel-focused-choice-cala-2026-05-20
way/380895258,Hotel Las Tinajas,Nicoya,Costa Rica,10.1445478,-85.4516626,high,75,osm-costa-rica-hotel-focused-choice-cala-2026-05-20
way/381007129,Hotel Giada,,Costa Rica,9.8830583,-85.5273514,medium,65,osm-costa-rica-hotel-focused-choice-cala-2026-05-20
way/381011528,Hotel Principal,San José,Costa Rica,9.9362568,-84.0834848,high,75,osm-costa-rica-hotel-focused-choice-cala-2026-05-20
way/381013131,Tico Adventure Lodge,,Costa Rica,9.8829524,-85.5254178,medium,55,osm-costa-rica-hotel-focused-choice-cala-2026-05-20
way/381013132,Casa Tortuga,,Costa Rica,9.8829368,-85.5250463,medium,55,osm-costa-rica-hotel-focused-choice-cala-2026-05-20
way/381022894,Hotel Las Tres B,San José,Costa Rica,9.931236,-84.0836349,high,75,osm-costa-rica-hotel-focused-choice-cala-2026-05-20
way/381022906,Hotel Diamante,San José,Costa Rica,9.9308075,-84.0832824,high,75,osm-costa-rica-hotel-focused-choice-cala-2026-05-20
way/381023059,Hotel Fenix,,Costa Rica,9.879337,-85.5165741,high,80,osm-costa-rica-hotel-focused-choice-cala-2026-05-20
way/381065609,Cabinas y Pizzeria,,Costa Rica,10.1990377,-85.8296358,medium,55,osm-costa-rica-hotel-focused-choice-cala-2026-05-20
way/381110112,Marbella Surf Inn,,Costa Rica,10.0832106,-85.7658843,medium,55,osm-costa-rica-hotel-focused-choice-cala-2026-05-20
way/381110115,Hotel Restaurante Playa San Juanillo,,Costa Rica,10.034262,-85.7398127,medium,55,osm-costa-rica-hotel-focused-choice-cala-2026-05-20
way/381122678,Jungle Beach,,Costa Rica,9.3951787,-84.1515568,medium,55,osm-costa-rica-hotel-focused-choice-cala-2026-05-20
way/381122689,Villas Nicolas,,Costa Rica,9.4041443,-84.1557422,medium,55,osm-costa-rica-hotel-focused-choice-cala-2026-05-20
way/381122696,Ecotica,,Costa Rica,9.4051863,-84.1561415,medium,55,osm-costa-rica-hotel-focused-choice-cala-2026-05-20
way/381122710,Casa Buena Vista,,Costa Rica,9.4021804,-84.1599439,medium,55,osm-costa-rica-hotel-focused-choice-cala-2026-05-20
way/381122713,Makanda,,Costa Rica,9.4021714,-84.1614485,medium,55,osm-costa-rica-hotel-focused-choice-cala-2026-05-20
way/381142269,Villa Manuel Antonio,,Costa Rica,9.4048146,-84.1575383,medium,55,osm-costa-rica-hotel-focused-choice-cala-2026-05-20
way/381142274,Hotel Divisamar,,Costa Rica,9.4061412,-84.1569555,high,70,osm-costa-rica-hotel-focused-choice-cala-2026-05-20
way/381142284,Villa Lirio,,Costa Rica,9.410694,-84.1545751,medium,65,osm-costa-rica-hotel-focused-choice-cala-2026-05-20
way/381142285,Paradise Inn,,Costa Rica,9.4114159,-84.1548471,high,80,osm-costa-rica-hotel-focused-choice-cala-2026-05-20
way/381143855,Colibri,,Costa Rica,9.4179812,-84.1575864,medium,55,osm-costa-rica-hotel-focused-choice-cala-2026-05-20
way/381143856,Plaza Yara,,Costa Rica,9.4195002,-84.1581286,medium,55,osm-costa-rica-hotel-focused-choice-cala-2026-05-20
way/381159270,Hotel Amalias Inn,La Cruz,Costa Rica,11.0714173,-85.6338298,high,75,osm-costa-rica-hotel-focused-choice-cala-2026-05-20
way/381159292,Hotel La Mirada,La Cruz,Costa Rica,11.0723364,-85.6308384,high,100,osm-costa-rica-hotel-focused-choice-cala-2026-05-20
way/381159305,Hostel Mirador Punta Descartes,La Cruz,Costa Rica,11.0716929,-85.6339704,high,75,osm-costa-rica-hotel-focused-choice-cala-2026-05-20
way/381159330,Hotel Casa del Viento,La Cruz,Costa Rica,11.0729244,-85.6357093,high,75,osm-costa-rica-hotel-focused-choice-cala-2026-05-20
way/381352915,Rest El. Presidente,,Costa Rica,10.1551357,-85.4497751,medium,60,osm-costa-rica-hotel-focused-choice-cala-2026-05-20
way/381384092,Hotel Curime,Nicoya,Costa Rica,10.1386506,-85.4462744,high,75,osm-costa-rica-hotel-focused-choice-cala-2026-05-20
way/381553116,Pacifico Colonial,Manuel Antonio,Costa Rica,9.4084425,-84.1583101,high,75,osm-costa-rica-hotel-focused-choice-cala-2026-05-20
way/381553129,San Bada,,Costa Rica,9.3912893,-84.145468,medium,55,osm-costa-rica-hotel-focused-choice-cala-2026-05-20
way/381870095,Santas Elena Lodge,,Costa Rica,10.9473858,-85.693318,medium,55,osm-costa-rica-hotel-focused-choice-cala-2026-05-20
way/383568908,Nandel Beach Resort,,Costa Rica,11.029913,-85.7177145,high,80,osm-costa-rica-hotel-focused-choice-cala-2026-05-20
way/388336861,Hotel Solo Bueno,,Costa Rica,9.9299575,-84.0801381,medium,60,osm-costa-rica-hotel-focused-choice-cala-2026-05-20
way/388505666,Hotel El Sol,,Costa Rica,9.9416153,-84.0651506,medium,60,osm-costa-rica-hotel-focused-choice-cala-2026-05-20
way/389570274,Apartotel Oro,San Antonio de Belén,Costa Rica,9.9790551,-84.1836903,high,85,osm-costa-rica-hotel-focused-choice-cala-2026-05-20
way/389579141,Country Inn y Suites Belén por Radisson,Heredia,Costa Rica,9.9752352,-84.153611,high,95,osm-costa-rica-hotel-focused-choice-cala-2026-05-20
way/389603008,Hotel Oriente,,Costa Rica,9.9321211,-84.0832591,medium,55,osm-costa-rica-hotel-focused-choice-cala-2026-05-20
way/389613227,Casa Batsu BnB,Monteverde,Costa Rica,10.3070571,-84.8306345,high,100,osm-costa-rica-hotel-focused-choice-cala-2026-05-20
way/389613229,Playa Hermosa Inn,Playa Hermosa,Costa Rica,10.5751485,-85.6780187,high,75,osm-costa-rica-hotel-focused-choice-cala-2026-05-20
way/389623892,Hotel Las Orquídeas,,Costa Rica,10.3132459,-84.8273342,medium,55,osm-costa-rica-hotel-focused-choice-cala-2026-05-20
way/389623896,Rainbow Valley Lodge,,Costa Rica,10.3097573,-84.8288812,medium,55,osm-costa-rica-hotel-focused-choice-cala-2026-05-20
way/389623899,Casa Tranquilo,,Costa Rica,10.3160816,-84.8257654,medium,55,osm-costa-rica-hotel-focused-choice-cala-2026-05-20
way/389623901,Hostel Monteverde Backpackers,,Costa Rica,10.3171441,-84.8254009,medium,55,osm-costa-rica-hotel-focused-choice-cala-2026-05-20
way/389625102,Villas Playa Hermosa,Playa Hermosa,Costa Rica,10.5687883,-85.6771753,high,75,osm-costa-rica-hotel-focused-choice-cala-2026-05-20
way/389740180,Hotel El Sueño B&B,,Costa Rica,10.3171238,-84.8238906,medium,60,osm-costa-rica-hotel-focused-choice-cala-2026-05-20
way/389740182,Sloth Backpackers,Santa Elena Monteverde,Costa Rica,10.3170032,-84.8237505,high,100,osm-costa-rica-hotel-focused-choice-cala-2026-05-20
way/389740190,Ficus,,Costa Rica,10.315808,-84.8208206,medium,55,osm-costa-rica-hotel-focused-choice-cala-2026-05-20
way/389740194,Hospedaje Rainy Day,,Costa Rica,10.3153676,-84.8185496,medium,55,osm-costa-rica-hotel-focused-choice-cala-2026-05-20
way/389749215,Hotel & Villas Nacazcol Conference Center,,Costa Rica,10.5337251,-85.6632316,high,80,osm-costa-rica-hotel-focused-choice-cala-2026-05-20
way/389754234,Crowne Plaza San José,Mata Redonda,Costa Rica,9.9395861,-84.0991196,high,85,osm-costa-rica-hotel-focused-choice-cala-2026-05-20
way/389760887,Suites Cristina,Mata Redonda,Costa Rica,9.9412645,-84.1015632,high,75,osm-costa-rica-hotel-focused-choice-cala-2026-05-20
way/389767825,Savegre Inn,,Costa Rica,10.3155731,-84.8258816,medium,55,osm-costa-rica-hotel-focused-choice-cala-2026-05-20
way/389810853,Hotel Bell Bird,,Costa Rica,10.3112803,-84.8137643,medium,55,osm-costa-rica-hotel-focused-choice-cala-2026-05-20
way/389810858,Hospedaje El Amanacer,,Costa Rica,10.3145354,-84.8278627,medium,55,osm-costa-rica-hotel-focused-choice-cala-2026-05-20
way/389810860,Villa Lodge Cabanas,,Costa Rica,10.3145889,-84.8289721,medium,55,osm-costa-rica-hotel-focused-choice-cala-2026-05-20
way/389810862,Cabañas Valle Campanas,,Costa Rica,10.3132075,-84.8328984,medium,55,osm-costa-rica-hotel-focused-choice-cala-2026-05-20
way/389810865,Camino Verde,,Costa Rica,10.3153489,-84.8266981,high,80,osm-costa-rica-hotel-focused-choice-cala-2026-05-20
way/389810867,Cabinas Vista al Golfo,,Costa Rica,10.3155782,-84.8265052,medium,55,osm-costa-rica-hotel-focused-choice-cala-2026-05-20
way/389810868,Nuestra Kasa,,Costa Rica,10.3160269,-84.8262065,medium,55,osm-costa-rica-hotel-focused-choice-cala-2026-05-20
way/389810869,Mi Casa Tica,,Costa Rica,10.3170274,-84.8257145,medium,55,osm-costa-rica-hotel-focused-choice-cala-2026-05-20
way/389948966,Hotel Camino Verde,,Costa Rica,10.3177665,-84.8243806,medium,55,osm-costa-rica-hotel-focused-choice-cala-2026-05-20
way/389948979,Pensión Santa Elena,,Costa Rica,10.3176959,-84.8235173,medium,55,osm-costa-rica-hotel-focused-choice-cala-2026-05-20
way/389948982,Hostel Backpackers Pura Vida,,Costa Rica,10.3178798,-84.8241546,medium,55,osm-costa-rica-hotel-focused-choice-cala-2026-05-20
way/389985959,Rustic Lodge,,Costa Rica,10.3225189,-84.8236213,medium,55,osm-costa-rica-hotel-focused-choice-cala-2026-05-20
way/389985961,Cipreses,,Costa Rica,10.3222027,-84.8237328,medium,55,osm-costa-rica-hotel-focused-choice-cala-2026-05-20
way/389985987,Hospedaje El Encanto,,Costa Rica,10.2819866,-84.9549578,medium,55,osm-costa-rica-hotel-focused-choice-cala-2026-05-20
way/389986651,Hotel y Restaurante El Guarco,,Costa Rica,9.8451911,-83.9494586,high,85,osm-costa-rica-hotel-focused-choice-cala-2026-05-20
way/390132459,Cabinas Las Cuadras,,Costa Rica,9.8092702,-83.9517646,medium,60,osm-costa-rica-hotel-focused-choice-cala-2026-05-20
way/390256850,Hotel Cañas,,Costa Rica,10.427412,-85.0923038,medium,55,osm-costa-rica-hotel-focused-choice-cala-2026-05-20
way/390256869,Hotel Kam Tu,Cañas,Costa Rica,10.4308232,-85.0970418,high,75,osm-costa-rica-hotel-focused-choice-cala-2026-05-20
way/390281111,Cañas Brava Inn Hotel,,Costa Rica,10.4272022,-85.0941949,medium,55,osm-costa-rica-hotel-focused-choice-cala-2026-05-20
way/390306199,Centro Turístico Yoko,,Costa Rica,10.7137611,-85.198403,medium,55,osm-costa-rica-hotel-focused-choice-cala-2026-05-20
way/390311522,Hotel Costa Rica,San José,Costa Rica,9.9323229,-84.0689919,high,75,osm-costa-rica-hotel-focused-choice-cala-2026-05-20
way/390316928,Cabinas La Arena,Liberia,Costa Rica,10.5975163,-85.423972,high,75,osm-costa-rica-hotel-focused-choice-cala-2026-05-20
way/390334967,Hotel Palmazul,,Costa Rica,9.4988727,-83.7021889,medium,60,osm-costa-rica-hotel-focused-choice-cala-2026-05-20
way/390344871,Hostel Backpackers,Alajuela,Costa Rica,10.0139628,-84.214439,high,75,osm-costa-rica-hotel-focused-choice-cala-2026-05-20
way/390851650,Hotel La Guaria,Liberia,Costa Rica,10.6302567,-85.4355906,high,75,osm-costa-rica-hotel-focused-choice-cala-2026-05-20
way/390861653,Hotel Wilson (Anexo),Liberia,Costa Rica,10.629796,-85.4337661,high,75,osm-costa-rica-hotel-focused-choice-cala-2026-05-20
way/390867972,Lucky's Casino and Hotel,,Costa Rica,9.3765881,-83.704617,medium,55,osm-costa-rica-hotel-focused-choice-cala-2026-05-20
way/391066054,Hotel B&B Puerta del Sol,,Costa Rica,9.9751913,-84.1529929,medium,55,osm-costa-rica-hotel-focused-choice-cala-2026-05-20
way/391099126,Hotel Coto,San José,Costa Rica,9.9290316,-84.0870935,high,75,osm-costa-rica-hotel-focused-choice-cala-2026-05-20
way/391109575,Hotel Casa Talamanca,,Costa Rica,10.5416507,-85.6913213,medium,55,osm-costa-rica-hotel-focused-choice-cala-2026-05-20
way/391111049,KC Hotels & Resorts,San José,Costa Rica,9.9297871,-84.1027633,high,75,osm-costa-rica-hotel-focused-choice-cala-2026-05-20
way/391229785,Alta Hotel,Santa Ana,Costa Rica,9.9334153,-84.1674792,high,100,osm-costa-rica-hotel-focused-choice-cala-2026-05-20
way/391246785,Studio Hotel,Santa Ana,Costa Rica,9.9347591,-84.1884151,high,75,osm-costa-rica-hotel-focused-choice-cala-2026-05-20
way/391261211,Hotel Cochal,,Costa Rica,10.404016,-85.7963377,medium,55,osm-costa-rica-hotel-focused-choice-cala-2026-05-20
way/391261213,CabinasLa Gloria,Brasilito,Costa Rica,10.4049325,-85.7959919,high,75,osm-costa-rica-hotel-focused-choice-cala-2026-05-20
way/391280777,Hotel Villa Ferlito,,Costa Rica,10.4261174,-85.7829668,medium,65,osm-costa-rica-hotel-focused-choice-cala-2026-05-20
way/391290394,Hotel Guanacaste Lodge,Flamingo,Costa Rica,10.4333815,-85.7818618,high,85,osm-costa-rica-hotel-focused-choice-cala-2026-05-20
way/391295562,Hotel M&M Garden House,,Costa Rica,10.5520168,-85.6944259,medium,55,osm-costa-rica-hotel-focused-choice-cala-2026-05-20
way/391300915,Cabinas Sol y Mar,Sardinal,Costa Rica,10.5435002,-85.6930014,high,75,osm-costa-rica-hotel-focused-choice-cala-2026-05-20
way/391300920,Hotel Savannah,,Costa Rica,10.5485881,-85.6954778,medium,55,osm-costa-rica-hotel-focused-choice-cala-2026-05-20
way/391302386,Hotel del Aseradero,Liberia,Costa Rica,10.6278908,-85.4456567,high,85,osm-costa-rica-hotel-focused-choice-cala-2026-05-20
way/391302565,Monteverde Country Lodge,,Costa Rica,10.3128277,-84.8194007,high,70,osm-costa-rica-hotel-focused-choice-cala-2026-05-20
way/391415227,Mariner Inn,Flamingo,Costa Rica,10.4392499,-85.7900104,high,75,osm-costa-rica-hotel-focused-choice-cala-2026-05-20
way/391437019,Hotel El Dorado,San José,Costa Rica,9.9382288,-84.0879562,high,75,osm-costa-rica-hotel-focused-choice-cala-2026-05-20
way/391445748,Cabinas Don Ellas,La Villita,Costa Rica,10.4036086,-85.5888576,high,85,osm-costa-rica-hotel-focused-choice-cala-2026-05-20
way/391445772,Hotel Caribe,San José,Costa Rica,9.9375948,-84.0798504,high,75,osm-costa-rica-hotel-focused-choice-cala-2026-05-20
way/391455449,Hotel Plaza Real,Uruca,Costa Rica,9.9481635,-84.1051457,high,75,osm-costa-rica-hotel-focused-choice-cala-2026-05-20
way/391632271,Hotel Cacts,San José,Costa Rica,9.9378661,-84.0918286,high,75,osm-costa-rica-hotel-focused-choice-cala-2026-05-20
way/391648002,Hotel Elvis La Posada,San José,Costa Rica,9.9372465,-84.0883261,high,75,osm-costa-rica-hotel-focused-choice-cala-2026-05-20
way/391656150,Hotel Los Crestones,San Isidro de El General,Costa Rica,9.3685897,-83.7057396,high,75,osm-costa-rica-hotel-focused-choice-cala-2026-05-20
way/391656167,Aparthotel Puerta del Sol,,Costa Rica,9.3687683,-83.7121601,medium,55,osm-costa-rica-hotel-focused-choice-cala-2026-05-20
way/391680461,Hotel Chirripó,San Isidro de El General,Costa Rica,9.3732429,-83.7031669,high,75,osm-costa-rica-hotel-focused-choice-cala-2026-05-20
way/391695262,Hotel Zagrafiti,Heredia,Costa Rica,9.9961988,-84.121629,high,75,osm-costa-rica-hotel-focused-choice-cala-2026-05-20
way/391791401,Hotel Casa Antigua,Río Segundo,Costa Rica,10.0018872,-84.1896628,high,75,osm-costa-rica-hotel-focused-choice-cala-2026-05-20
way/392169695,Langosta Beach Club,,Costa Rica,10.2951207,-85.8461361,medium,55,osm-costa-rica-hotel-focused-choice-cala-2026-05-20
way/392169696,Hotel Casa Cook,,Costa Rica,10.2947535,-85.8467179,medium,55,osm-costa-rica-hotel-focused-choice-cala-2026-05-20
way/392317034,Pura Vida Mini Hostal,Tamarindo,Costa Rica,10.2958579,-85.841835,high,75,osm-costa-rica-hotel-focused-choice-cala-2026-05-20
way/392320450,Hotel Flores,,Costa Rica,10.2964486,-85.8400218,medium,55,osm-costa-rica-hotel-focused-choice-cala-2026-05-20
way/392320452,Hotel Nahua,,Costa Rica,10.2965377,-85.8402816,medium,55,osm-costa-rica-hotel-focused-choice-cala-2026-05-20
way/392328158,Villas Macondo,Tamarindo,Costa Rica,10.2987362,-85.8398335,high,75,osm-costa-rica-hotel-focused-choice-cala-2026-05-20
way/392476188,Hotel Dos Palmas,Río Segundo,Costa Rica,10.0021334,-84.1906695,high,100,osm-costa-rica-hotel-focused-choice-cala-2026-05-20
way/392480151,Hotel Los Ríos,Guácimo,Costa Rica,10.2053869,-83.6819409,high,75,osm-costa-rica-hotel-focused-choice-cala-2026-05-20
way/392481980,Hotel Berlor,"Río Segundo, Alajuela",Costa Rica,10.0038617,-84.1835228,high,75,osm-costa-rica-hotel-focused-choice-cala-2026-05-20
way/392821248,Hotel Villa Dolce,,Costa Rica,9.9970118,-84.2660668,medium,55,osm-costa-rica-hotel-focused-choice-cala-2026-05-20
way/392829877,Los Angeles Lodge,,Costa Rica,9.8647475,-83.9134148,medium,55,osm-costa-rica-hotel-focused-choice-cala-2026-05-20
way/392864333,Casa de Liz,Turrialba,Costa Rica,9.9033417,-83.6844506,high,75,osm-costa-rica-hotel-focused-choice-cala-2026-05-20
way/392955620,Cala,Alajuela,Costa Rica,10.014921,-84.2140265,high,85,osm-costa-rica-hotel-focused-choice-cala-2026-05-20
way/393501647,Hotel Wagelia,Turrialba,Costa Rica,9.905191,-83.6857578,high,75,osm-costa-rica-hotel-focused-choice-cala-2026-05-20
way/393501674,Hotel Kardey,Turrialba,Costa Rica,9.9040462,-83.6857509,high,85,osm-costa-rica-hotel-focused-choice-cala-2026-05-20
way/393714025,La Puerta de Alcalá,Santa Cruz,Costa Rica,10.2636311,-85.585143,high,75,osm-costa-rica-hotel-focused-choice-cala-2026-05-20
way/393745629,Hotel Catedral,Alajuela,Costa Rica,10.017361,-84.212686,high,75,osm-costa-rica-hotel-focused-choice-cala-2026-05-20
way/393820657,Hotel El Marino,Santa Cruz,Costa Rica,10.2640796,-85.5850418,high,75,osm-costa-rica-hotel-focused-choice-cala-2026-05-20
way/393829453,Hotel San Isidro,San Isidro de El General,Costa Rica,9.3574559,-83.6850062,high,75,osm-costa-rica-hotel-focused-choice-cala-2026-05-20
way/394120995,Hotel Pacuare,Siquirres,Costa Rica,10.0905076,-83.5022144,high,75,osm-costa-rica-hotel-focused-choice-cala-2026-05-20
way/394158550,Hotel El Regalo,Nicoya,Costa Rica,10.1705605,-85.4579721,high,75,osm-costa-rica-hotel-focused-choice-cala-2026-05-20
way/394161822,Hotel Doña Marta,,Costa Rica,10.1679243,-85.4544374,medium,55,osm-costa-rica-hotel-focused-choice-cala-2026-05-20
way/394430590,Cabinas Guaycan Real,Nicoya,Costa Rica,10.1438167,-85.4326005,high,75,osm-costa-rica-hotel-focused-choice-cala-2026-05-20
way/394430598,Hotel Nacaome,,Costa Rica,10.1154146,-85.3655784,medium,55,osm-costa-rica-hotel-focused-choice-cala-2026-05-20
way/394481799,Hotel Villa Bekuo,,Costa Rica,9.3858334,-83.7040078,medium,55,osm-costa-rica-hotel-focused-choice-cala-2026-05-20
way/394483833,Hotel Venezia,San José,Costa Rica,9.9386526,-84.0793418,high,85,osm-costa-rica-hotel-focused-choice-cala-2026-05-20
way/394483838,Hotel Central Santiago Trejos,San José,Costa Rica,9.9361235,-84.0816135,high,85,osm-costa-rica-hotel-focused-choice-cala-2026-05-20
way/394490286,Hotel Novo,San José,Costa Rica,9.9351706,-84.0846346,high,75,osm-costa-rica-hotel-focused-choice-cala-2026-05-20
way/394495715,Cabinas Rancho Grande,,Costa Rica,10.0232168,-84.2503896,medium,55,osm-costa-rica-hotel-focused-choice-cala-2026-05-20
way/394668208,Hotel NG,Limón,Costa Rica,9.9948368,-83.0299476,high,75,osm-costa-rica-hotel-focused-choice-cala-2026-05-20
way/394670878,Hotel Tete,Limón,Costa Rica,9.9927451,-83.0293633,high,75,osm-costa-rica-hotel-focused-choice-cala-2026-05-20
way/394691036,Hotel Casa Las Orquídeas,San José,Costa Rica,9.9321226,-84.0623741,high,100,osm-costa-rica-hotel-focused-choice-cala-2026-05-20
way/394716959,Cabinas Calipso,Cahuita,Costa Rica,9.7368598,-82.8400276,high,75,osm-costa-rica-hotel-focused-choice-cala-2026-05-20
way/394716961,Cabinas Sol Y Mar,Cahuita,Costa Rica,9.7366079,-82.8396029,high,75,osm-costa-rica-hotel-focused-choice-cala-2026-05-20
way/394724506,Spencer Seaside Lodging,,Costa Rica,9.7383913,-82.8394409,medium,65,osm-costa-rica-hotel-focused-choice-cala-2026-05-20
way/394724517,Cabinas Las Palmas,Cahuita,Costa Rica,9.7381556,-82.8400426,high,85,osm-costa-rica-hotel-focused-choice-cala-2026-05-20
way/394725107,Hotel Colon,,Costa Rica,9.9357673,-84.0807808,medium,60,osm-costa-rica-hotel-focused-choice-cala-2026-05-20
way/394725109,Nuevo Hotel Central,,Costa Rica,9.9360419,-84.0813038,medium,60,osm-costa-rica-hotel-focused-choice-cala-2026-05-20
way/394731924,La Casa de las Flores,Cahuita,Costa Rica,9.7373082,-82.8411889,high,75,osm-costa-rica-hotel-focused-choice-cala-2026-05-20
way/394733612,Hotel Aeropuerto,San Antonio,Costa Rica,9.9949775,-84.2417311,high,75,osm-costa-rica-hotel-focused-choice-cala-2026-05-20
way/394740930,The Lion Fish,Puerto Viejo,Costa Rica,9.6563765,-82.7546382,high,85,osm-costa-rica-hotel-focused-choice-cala-2026-05-20
way/395354586,Killer Monchis Cabinas,Orotina,Costa Rica,9.9093528,-84.5200975,high,75,osm-costa-rica-hotel-focused-choice-cala-2026-05-20
way/395419509,Hotel San Francisco,Cartago,Costa Rica,9.8669578,-83.9217986,high,75,osm-costa-rica-hotel-focused-choice-cala-2026-05-20
way/395423817,Cabinas Lika,,Costa Rica,9.6547989,-82.7546442,medium,65,osm-costa-rica-hotel-focused-choice-cala-2026-05-20
way/395431944,Casa Verde Lodge,Puerto Viejo,Costa Rica,9.6572412,-82.7523235,high,85,osm-costa-rica-hotel-focused-choice-cala-2026-05-20
way/395436760,Hotel Pura Vida,Puerto Viejo,Costa Rica,9.6553388,-82.7533013,high,100,osm-costa-rica-hotel-focused-choice-cala-2026-05-20
way/395445006,Cabinas Jacaranda,Puerto Viejo,Costa Rica,9.6558089,-82.7531563,high,100,osm-costa-rica-hotel-focused-choice-cala-2026-05-20
way/395449604,Hotel Puerto Viejo,,Costa Rica,9.6571503,-82.7534541,medium,55,osm-costa-rica-hotel-focused-choice-cala-2026-05-20
way/395456535,Hotel Porto Bello,Puntarenas,Costa Rica,9.9815672,-84.7986256,high,75,osm-costa-rica-hotel-focused-choice-cala-2026-05-20
way/395458621,Coconut Grove Cabinas,Puerto Viejo,Costa Rica,9.6587087,-82.7493311,high,75,osm-costa-rica-hotel-focused-choice-cala-2026-05-20
way/395458623,Cabinas Kiré,Puerto Viejo,Costa Rica,9.6584299,-82.74827,high,75,osm-costa-rica-hotel-focused-choice-cala-2026-05-20
way/395458625,Rocking J's,Puerto Viejo,Costa Rica,9.6580667,-82.7460948,high,75,osm-costa-rica-hotel-focused-choice-cala-2026-05-20
way/395458629,Cabinas Garibaldi,,Costa Rica,9.650329,-82.7372505,medium,55,osm-costa-rica-hotel-focused-choice-cala-2026-05-20
way/395458630,Sol del Caribe,,Costa Rica,9.6505666,-82.7372912,medium,55,osm-costa-rica-hotel-focused-choice-cala-2026-05-20
way/395461254,Hotel Cayuga,Puntarenas,Costa Rica,9.9781542,-84.8294133,high,75,osm-costa-rica-hotel-focused-choice-cala-2026-05-20
way/395622099,Hostel El Turista,Puntarenas,Costa Rica,9.9770581,-84.83089,high,75,osm-costa-rica-hotel-focused-choice-cala-2026-05-20
way/395649748,Hotel Chorotega,,Costa Rica,9.9791107,-84.8329969,medium,55,osm-costa-rica-hotel-focused-choice-cala-2026-05-20
way/395664618,Cabinas Fabiola,Puntarenas,Costa Rica,9.9805717,-84.8116741,high,100,osm-costa-rica-hotel-focused-choice-cala-2026-05-20
way/395664619,Hotel La Roca del Mar,Puntarenas,Costa Rica,9.9802846,-84.813098,high,75,osm-costa-rica-hotel-focused-choice-cala-2026-05-20
way/395674729,Hotel Gypsi Condominiums,,Costa Rica,9.623486,-84.6370588,medium,55,osm-costa-rica-hotel-focused-choice-cala-2026-05-20
way/395686485,Hotel Sol y Arena,Puntarenas,Costa Rica,9.9770032,-84.8305196,high,75,osm-costa-rica-hotel-focused-choice-cala-2026-05-20
way/395686486,Hotel El Turista,Puntarenas,Costa Rica,9.9768637,-84.8308363,high,75,osm-costa-rica-hotel-focused-choice-cala-2026-05-20
way/395686491,Antiguas Cabinas Yaluz,Puntarenas,Costa Rica,9.9765442,-84.8379656,high,75,osm-costa-rica-hotel-focused-choice-cala-2026-05-20
way/395689631,Hotel Don Robert,Puntarenas,Costa Rica,9.9784175,-84.8342181,high,75,osm-costa-rica-hotel-focused-choice-cala-2026-05-20
way/395692981,Hotel Sol y Mar,Puntarenas,Costa Rica,9.9794403,-84.8312812,high,75,osm-costa-rica-hotel-focused-choice-cala-2026-05-20
way/395692993,Los Horcones,Quepos,Costa Rica,9.4364289,-84.1639571,high,75,osm-costa-rica-hotel-focused-choice-cala-2026-05-20
way/395693001,Hotel Wilson,Parrita,Costa Rica,9.5205342,-84.3297237,high,75,osm-costa-rica-hotel-focused-choice-cala-2026-05-20
way/395862810,Hotel La Uvita,Limón,Costa Rica,10.0101121,-83.0509351,high,75,osm-costa-rica-hotel-focused-choice-cala-2026-05-20
way/395862811,Hotel Maribu Caribe,Limon,Costa Rica,10.0106972,-83.0495926,high,100,osm-costa-rica-hotel-focused-choice-cala-2026-05-20
way/395871123,Cabinas Caldera,Esparza,Costa Rica,9.931804,-84.7195035,high,85,osm-costa-rica-hotel-focused-choice-cala-2026-05-20
way/395871126,Cabinas El Romance,Puntarenas,Costa Rica,9.9715841,-84.7380352,high,75,osm-costa-rica-hotel-focused-choice-cala-2026-05-20
way/395879927,Surf Inn Hermosa,Jacó,Costa Rica,9.5755087,-84.6047102,high,75,osm-costa-rica-hotel-focused-choice-cala-2026-05-20
way/395879930,Terraza Surf Hotel,,Costa Rica,9.5801293,-84.6120929,medium,60,osm-costa-rica-hotel-focused-choice-cala-2026-05-20
way/395885239,Costa Rica Yacht Club,Puntarenas,Costa Rica,9.9811976,-84.7961827,high,75,osm-costa-rica-hotel-focused-choice-cala-2026-05-20
way/395885240,Hotel Villa Caletas,,Costa Rica,9.683341,-84.6604076,high,80,osm-costa-rica-hotel-focused-choice-cala-2026-05-20
way/395887637,Nativa Resort,,Costa Rica,9.7731605,-84.623356,medium,55,osm-costa-rica-hotel-focused-choice-cala-2026-05-20
way/395887640,La Foresta,,Costa Rica,9.8389049,-84.5901576,medium,60,osm-costa-rica-hotel-focused-choice-cala-2026-05-20
way/395891127,Cabañas Oasis,,Costa Rica,9.9630044,-84.7366266,medium,55,osm-costa-rica-hotel-focused-choice-cala-2026-05-20
way/395891129,Villas Palmas Del Mar,,Costa Rica,9.9777446,-84.7575277,medium,55,osm-costa-rica-hotel-focused-choice-cala-2026-05-20
way/395900156,Casa Aura,Cartago,Costa Rica,9.8676873,-83.9208953,high,75,osm-costa-rica-hotel-focused-choice-cala-2026-05-20
way/395900167,Hotel Dinastia,Cartago,Costa Rica,9.8669588,-83.9215369,high,75,osm-costa-rica-hotel-focused-choice-cala-2026-05-20
way/395901183,Albergue Suiza,,Costa Rica,9.3216913,-83.9620117,medium,55,osm-costa-rica-hotel-focused-choice-cala-2026-05-20
way/395901185,Guava Lodge,Savegre,Costa Rica,9.3201395,-83.9581591,high,75,osm-costa-rica-hotel-focused-choice-cala-2026-05-20
way/395904017,Cabinas El Cisne,Quepos,Costa Rica,9.4312636,-84.1602585,high,85,osm-costa-rica-hotel-focused-choice-cala-2026-05-20
way/395904018,Villa Romantica,Quepos,Costa Rica,9.4277568,-84.1587844,high,75,osm-costa-rica-hotel-focused-choice-cala-2026-05-20
way/395908085,Vista Serena,,Costa Rica,9.4125557,-84.1558099,medium,55,osm-costa-rica-hotel-focused-choice-cala-2026-05-20
way/395908086,Backpacker's Manuel Antonio,,Costa Rica,9.4105012,-84.1553177,medium,55,osm-costa-rica-hotel-focused-choice-cala-2026-05-20
way/395908087,Villa Pelicano,,Costa Rica,9.4094493,-84.15836,medium,55,osm-costa-rica-hotel-focused-choice-cala-2026-05-20
way/395908095,Arboleda,,Costa Rica,9.3985586,-84.1552578,medium,55,osm-costa-rica-hotel-focused-choice-cala-2026-05-20
way/395908096,Villas de La Selva,,Costa Rica,9.3976692,-84.1551166,medium,55,osm-costa-rica-hotel-focused-choice-cala-2026-05-20
way/395908098,Coco Beach,,Costa Rica,9.3944814,-84.1515293,medium,55,osm-costa-rica-hotel-focused-choice-cala-2026-05-20
way/395908100,Casitas Eclipse,,Costa Rica,9.4019133,-84.152664,medium,55,osm-costa-rica-hotel-focused-choice-cala-2026-05-20
way/395908102,Mango Moon,,Costa Rica,9.4044023,-84.1596465,medium,55,osm-costa-rica-hotel-focused-choice-cala-2026-05-20
way/395908103,Tortuga Landing,,Costa Rica,9.4015207,-84.1625052,medium,55,osm-costa-rica-hotel-focused-choice-cala-2026-05-20
way/395908104,La Mansion Inn,Manuel Antonio,CR,9.4012033,-84.1631493,high,90,osm-costa-rica-hotel-focused-choice-cala-2026-05-20
way/395908105,Hotel Issimo Suites,,Costa Rica,9.4010878,-84.1638855,medium,55,osm-costa-rica-hotel-focused-choice-cala-2026-05-20
way/395908106,Parador Nature Resort & Spa,Manuel Antonio,Costa Rica,9.3975697,-84.169198,high,100,osm-costa-rica-hotel-focused-choice-cala-2026-05-20
way/395908107,Hotel Casa Elsa,,Costa Rica,9.4028642,-84.1596331,medium,55,osm-costa-rica-hotel-focused-choice-cala-2026-05-20
way/395909939,Flor Blanca,Quepos,Costa Rica,9.4095903,-84.156413,high,75,osm-costa-rica-hotel-focused-choice-cala-2026-05-20
way/395909944,Gaia Collection Hotels,Quepos,Costa Rica,9.4176462,-84.1569104,high,100,osm-costa-rica-hotel-focused-choice-cala-2026-05-20
way/395909945,Coyaba Tropical,Quepos,Costa Rica,9.4190794,-84.1575414,high,75,osm-costa-rica-hotel-focused-choice-cala-2026-05-20
way/395910494,Cabinas Sanchez,Quepos,Costa Rica,9.4300122,-84.1624671,high,75,osm-costa-rica-hotel-focused-choice-cala-2026-05-20
way/395911493,Bar Azul,,Costa Rica,9.2535337,-83.8655591,medium,55,osm-costa-rica-hotel-focused-choice-cala-2026-05-20
way/395912846,Cabinas Alicia,Quepos,Costa Rica,9.4302841,-84.1611183,high,75,osm-costa-rica-hotel-focused-choice-cala-2026-05-20
way/395912847,Hotel Y Cabinas La Macha,Quepos,Costa Rica,9.430372,-84.1611147,high,75,osm-costa-rica-hotel-focused-choice-cala-2026-05-20
way/396048088,Hotel Mar Y Luna,Quepos,Costa Rica,9.4310081,-84.1642318,high,75,osm-costa-rica-hotel-focused-choice-cala-2026-05-20
way/396058493,Serenity,Quepos,Costa Rica,9.4312423,-84.1644077,high,75,osm-costa-rica-hotel-focused-choice-cala-2026-05-20
way/396071898,La Choza de Alahoe Hotel,Perez Zeledon,Costa Rica,9.2895206,-83.7912159,high,75,osm-costa-rica-hotel-focused-choice-cala-2026-05-20
way/396071906,Natuga Hotel And Bistro Restaurant,,Costa Rica,9.2718784,-83.8184974,medium,55,osm-costa-rica-hotel-focused-choice-cala-2026-05-20
way/396084905,Hotel Angelus,,Costa Rica,9.3608596,-83.7140036,medium,55,osm-costa-rica-hotel-focused-choice-cala-2026-05-20
way/396088106,Wide Mouth Frog,Quepos,Costa Rica,9.430486,-84.1615674,high,90,osm-costa-rica-hotel-focused-choice-cala-2026-05-20
way/396088116,Malinche,Quepos,Costa Rica,9.4307539,-84.1643873,high,75,osm-costa-rica-hotel-focused-choice-cala-2026-05-20
way/398212310,Villas Eco Arenal,,Costa Rica,10.4836589,-84.632937,medium,55,osm-costa-rica-hotel-focused-choice-cala-2026-05-20
way/399276314,Casa Bella Rita Bed & Breakfast,Brasil,Costa Rica,9.9355311,-84.2372089,high,100,osm-costa-rica-hotel-focused-choice-cala-2026-05-20
way/399279836,Buena Vista Luxury Villas,Manuel Antonio,Costa Rica,9.4079804,-84.1583807,high,75,osm-costa-rica-hotel-focused-choice-cala-2026-05-20
way/399279837,Tulemar Bungalows & Villas,Manuel Antonio,Costa Rica,9.4076856,-84.1579958,high,75,osm-costa-rica-hotel-focused-choice-cala-2026-05-20
way/399291883,Vista del Cerro,,Costa Rica,10.4688441,-84.6627984,medium,55,osm-costa-rica-hotel-focused-choice-cala-2026-05-20
way/399292484,Magestic Lodge,,Costa Rica,10.4708356,-84.6452253,medium,55,osm-costa-rica-hotel-focused-choice-cala-2026-05-20
way/400055733,Arenal Tropical Garden,,Costa Rica,10.4253875,-84.7357128,high,80,osm-costa-rica-hotel-focused-choice-cala-2026-05-20
way/401645316,Hotel Tramonto,Jacó,Costa Rica,9.5667121,-84.5913919,high,100,osm-costa-rica-hotel-focused-choice-cala-2026-05-20
way/402199998,Cabinas Laura,Puerto Viejo,Costa Rica,10.4576619,-84.0067847,high,75,osm-costa-rica-hotel-focused-choice-cala-2026-05-20
way/402200071,Cabinas Roye,,Costa Rica,10.4578014,-84.005884,medium,55,osm-costa-rica-hotel-focused-choice-cala-2026-05-20
way/402224835,Cabinas Claribel,,Costa Rica,10.4019006,-84.1332993,medium,55,osm-costa-rica-hotel-focused-choice-cala-2026-05-20
way/402553566,Motel Sol y Luna,,Costa Rica,9.9045213,-84.0492165,medium,55,osm-costa-rica-hotel-focused-choice-cala-2026-05-20
way/405705952,Hotel Arco Iris,,Costa Rica,10.3182036,-84.8228005,medium,55,osm-costa-rica-hotel-focused-choice-cala-2026-05-20
way/405705954,Hotel El Quetzal,,Costa Rica,10.3176695,-84.8229503,medium,55,osm-costa-rica-hotel-focused-choice-cala-2026-05-20
way/405705955,Pensión Colibrí,,Costa Rica,10.3175853,-84.8233719,medium,55,osm-costa-rica-hotel-focused-choice-cala-2026-05-20
way/405706282,Hostel Casa de Hamacas,,Costa Rica,10.3188958,-84.8235881,medium,55,osm-costa-rica-hotel-focused-choice-cala-2026-05-20
way/407476272,Vista Drake Lodge,Bahía Drake,Costa Rica,8.6898817,-83.6671884,high,100,osm-costa-rica-hotel-focused-choice-cala-2026-05-20
way/407523452,Casita & Tours Happy Feet,,Costa Rica,8.6894467,-83.6625256,medium,55,osm-costa-rica-hotel-focused-choice-cala-2026-05-20
way/407705195,Tacacorí Eco Lodge,Alajuela,Costa Rica,10.0597504,-84.2086536,high,90,osm-costa-rica-hotel-focused-choice-cala-2026-05-20
way/425034962,Courtyard,Río Segundo,Costa Rica,10.0034142,-84.2070796,high,100,osm-costa-rica-hotel-focused-choice-cala-2026-05-20
way/427712197,Hotel La Tablita,,Costa Rica,10.5526352,-84.6473573,medium,55,osm-costa-rica-hotel-focused-choice-cala-2026-05-20
way/429086368,Hotel Mango Valley,Grecia,Costa Rica,10.1336769,-84.2739209,high,85,osm-costa-rica-hotel-focused-choice-cala-2026-05-20
way/432301048,Hotel Alajuela,Alajuela,Costa Rica,10.017978,-84.2142688,high,75,osm-costa-rica-hotel-focused-choice-cala-2026-05-20
way/440689868,Hotel Valeria,San José,Costa Rica,9.9359892,-84.0865175,high,75,osm-costa-rica-hotel-focused-choice-cala-2026-05-20
way/442120390,Casa Richard,,Costa Rica,9.9769555,-84.8431217,high,70,osm-costa-rica-hotel-focused-choice-cala-2026-05-20
way/443113077,Selva Color,,Costa Rica,9.7210937,-84.621841,medium,55,osm-costa-rica-hotel-focused-choice-cala-2026-05-20
way/445990709,Hospedaje Guanasol,Liberia,Costa Rica,10.5763831,-85.4030747,high,75,osm-costa-rica-hotel-focused-choice-cala-2026-05-20
way/446040349,Hotel Las Monas Lodge,Jacó,Costa Rica,9.6487924,-84.6255747,high,75,osm-costa-rica-hotel-focused-choice-cala-2026-05-20
way/446751100,Hotel Auténtico,San José,Costa Rica,9.9391895,-84.0964464,high,75,osm-costa-rica-hotel-focused-choice-cala-2026-05-20
way/449470393,Hotel Pumilio,Jacó,Costa Rica,9.6520626,-84.6215064,high,75,osm-costa-rica-hotel-focused-choice-cala-2026-05-20
way/456089876,Apartamentos María,Alajuela,Costa Rica,10.0226967,-84.2138207,high,75,osm-costa-rica-hotel-focused-choice-cala-2026-05-20
way/456209171,Oski Lodge,,Costa Rica,10.8919096,-85.3238619,medium,55,osm-costa-rica-hotel-focused-choice-cala-2026-05-20
way/456209190,Hotel Las Bromelias,,Costa Rica,10.8848095,-85.3219424,medium,55,osm-costa-rica-hotel-focused-choice-cala-2026-05-20
way/458846009,Hotel Aranjuez,San José,Costa Rica,9.9388297,-84.0682614,high,100,osm-costa-rica-hotel-focused-choice-cala-2026-05-20
way/458848836,Guayabo Lodge,Turrialba,Costa Rica,9.9625091,-83.7374935,high,75,osm-costa-rica-hotel-focused-choice-cala-2026-05-20
way/458862618,Villas del Caribe Beach,Cahuita,Costa Rica,9.6437337,-82.7223067,high,75,osm-costa-rica-hotel-focused-choice-cala-2026-05-20
way/458862713,Caribe Town Resort,,Costa Rica,9.6429913,-82.7284175,high,80,osm-costa-rica-hotel-focused-choice-cala-2026-05-20
way/458862724,Shawandha Lodge,Talamanca,Costa Rica,9.6374854,-82.7097376,high,75,osm-costa-rica-hotel-focused-choice-cala-2026-05-20
way/458966881,Pedacito de Cielo,Pital,Costa Rica,10.7007632,-84.190809,high,90,osm-costa-rica-hotel-focused-choice-cala-2026-05-20
way/458966884,Laguna del Lagarto Ecolodge,San Carlos,Costa Rica,10.6862206,-84.180797,high,75,osm-costa-rica-hotel-focused-choice-cala-2026-05-20
way/459337549,Hotel Magic Mountain,San Carlos,Costa Rica,10.4683288,-84.6657813,high,100,osm-costa-rica-hotel-focused-choice-cala-2026-05-20
way/461625771,Hotel Los Jardines,,Costa Rica,9.961855,-84.3180819,medium,55,osm-costa-rica-hotel-focused-choice-cala-2026-05-20
way/463371486,Hotel Brisas Arenal,,Costa Rica,10.4552521,-84.6679099,medium,55,osm-costa-rica-hotel-focused-choice-cala-2026-05-20
way/463747423,Hotel Cabañas de Teca,Curubandé,Costa Rica,10.6729489,-85.4797677,high,75,osm-costa-rica-hotel-focused-choice-cala-2026-05-20
way/463965228,Lodge & Campground El Sol Verde,Curubandé,Costa Rica,10.7181968,-85.4084978,high,75,osm-costa-rica-hotel-focused-choice-cala-2026-05-20
way/466455476,Hotel La Plazuela,Liberia,Costa Rica,10.5266402,-85.5775664,high,75,osm-costa-rica-hotel-focused-choice-cala-2026-05-20
way/468161555,Hotel El Paraje,La Cruz,Costa Rica,11.0561786,-85.6281782,high,75,osm-costa-rica-hotel-focused-choice-cala-2026-05-20
way/471991613,Harmony Hotel,,Costa Rica,9.9430427,-85.6666651,medium,55,osm-costa-rica-hotel-focused-choice-cala-2026-05-20
way/476714434,Turrialba Lodge,,Costa Rica,10.0015729,-83.7901008,medium,55,osm-costa-rica-hotel-focused-choice-cala-2026-05-20
way/479116054,Hotel Playa Negra,Veintisiete de Abril,Costa Rica,10.1955101,-85.8292773,high,100,osm-costa-rica-hotel-focused-choice-cala-2026-05-20
way/480310681,San Gerardo Station,,Costa Rica,10.3637378,-84.789997,high,85,osm-costa-rica-hotel-focused-choice-cala-2026-05-20
way/481279336,Diria Tropicana Poolview,Tamarindo,Costa Rica,10.3010109,-85.8396387,high,75,osm-costa-rica-hotel-focused-choice-cala-2026-05-20
way/482538930,Hotel Grand Tara And Events,San Antonio,Costa Rica,9.894585,-84.136728,high,75,osm-costa-rica-hotel-focused-choice-cala-2026-05-20
way/483087451,Hotel Playas De Nosara,,Costa Rica,9.9500008,-85.6742239,high,70,osm-costa-rica-hotel-focused-choice-cala-2026-05-20
way/486620559,Hotel Villa Toscana,Atenas,Costa Rica,9.9810922,-84.3866844,high,75,osm-costa-rica-hotel-focused-choice-cala-2026-05-20
way/486686164,Ana´s Place,Atenas,Costa Rica,9.9772877,-84.3774428,high,75,osm-costa-rica-hotel-focused-choice-cala-2026-05-20
way/490608036,The Retreat Costa Rica - Wellness Resort & Spa,Jesús,Costa Rica,9.9669467,-84.441364,high,75,osm-costa-rica-hotel-focused-choice-cala-2026-05-20
way/493747657,Casa del Río/Residencia Wengrovich,,Costa Rica,9.9758433,-84.4231757,medium,55,osm-costa-rica-hotel-focused-choice-cala-2026-05-20
way/496733098,Chillout Hostel Escalante,San Pedro,Costa Rica,9.93718,-84.0608441,high,100,osm-costa-rica-hotel-focused-choice-cala-2026-05-20
way/500512351,Hotel Banana Azul,Puerto Viejo de Talamanca,Costa Rica,9.6585684,-82.7735177,high,100,osm-costa-rica-hotel-focused-choice-cala-2026-05-20
way/500976743,Natural Puerto Viejo,,Costa Rica,9.658111,-82.7730921,medium,55,osm-costa-rica-hotel-focused-choice-cala-2026-05-20
way/501535678,Hotel y Cabinas El Gran Impala,Guaycará,Costa Rica,8.6788373,-83.0678051,high,75,osm-costa-rica-hotel-focused-choice-cala-2026-05-20
way/501547127,La Fortuna Suites,La Fortuna,Costa Rica,10.4719642,-84.6480891,high,90,osm-costa-rica-hotel-focused-choice-cala-2026-05-20
way/501547129,Los Cactus,,Costa Rica,10.4724047,-84.6481911,medium,55,osm-costa-rica-hotel-focused-choice-cala-2026-05-20
way/502124309,Monteverde Ecolodge,,Costa Rica,10.3170532,-84.8191536,high,80,osm-costa-rica-hotel-focused-choice-cala-2026-05-20
way/502124314,Hotel El Viandante,Monteverde,Costa Rica,10.3168428,-84.8182724,high,100,osm-costa-rica-hotel-focused-choice-cala-2026-05-20
way/502443244,Hotel Chantel,,Costa Rica,10.5338096,-85.6962563,medium,55,osm-costa-rica-hotel-focused-choice-cala-2026-05-20
way/502802302,Hotel Casa del Mar,Sámara,Costa Rica,9.8815812,-85.5265624,high,75,osm-costa-rica-hotel-focused-choice-cala-2026-05-20
way/503077931,Villas Kalimba,Samara,Costa Rica,9.8818817,-85.5255068,high,90,osm-costa-rica-hotel-focused-choice-cala-2026-05-20
way/503134551,Funky Monkey Lodge,Malpais,Costa Rica,9.6417574,-85.1632735,high,75,osm-costa-rica-hotel-focused-choice-cala-2026-05-20
way/503304309,Cabinas Plaza,Quesada,Costa Rica,10.3236984,-84.4342429,high,75,osm-costa-rica-hotel-focused-choice-cala-2026-05-20
way/503466351,Verde Mar,,Costa Rica,9.3938253,-84.1513844,medium,55,osm-costa-rica-hotel-focused-choice-cala-2026-05-20
way/504022954,Villas Espavel,,Costa Rica,9.8841218,-85.5327489,high,70,osm-costa-rica-hotel-focused-choice-cala-2026-05-20
way/512387493,Hotel Healthy Day,Grecia,Costa Rica,10.0775117,-84.3156133,high,75,osm-costa-rica-hotel-focused-choice-cala-2026-05-20
way/512416070,Hacienda Moravia de Chirripó,Chirripó,Costa Rica,9.8286944,-83.4399514,high,75,osm-costa-rica-hotel-focused-choice-cala-2026-05-20
way/513488714,Hotel y Cabinas el Oasis,Guápiles,Costa Rica,10.2249285,-83.8028932,high,75,osm-costa-rica-hotel-focused-choice-cala-2026-05-20
way/513497491,Hotel y Casino Suerre,Guápiles,Costa Rica,10.2176034,-83.7818612,high,75,osm-costa-rica-hotel-focused-choice-cala-2026-05-20
way/514587305,Hotel Esplendor,Tamarindo,Costa Rica,10.3008363,-85.8344558,high,75,osm-costa-rica-hotel-focused-choice-cala-2026-05-20
way/516245301,Hotel Barceló Occidental Tamarindo,Tamarindo,Costa Rica,10.2866173,-85.8493218,high,85,osm-costa-rica-hotel-focused-choice-cala-2026-05-20
way/522953925,Hostel Kinkajou,,Costa Rica,9.6563482,-82.7516461,medium,55,osm-costa-rica-hotel-focused-choice-cala-2026-05-20
way/530741471,Cabinas Tortuguero,Pococi,Costa Rica,10.5394558,-83.5037971,high,100,osm-costa-rica-hotel-focused-choice-cala-2026-05-20
way/530741495,Casa Birireca,,Costa Rica,10.5430112,-83.5034766,medium,55,osm-costa-rica-hotel-focused-choice-cala-2026-05-20
way/532873610,Villas Salinas Dos Azul,La Cruz,Costa Rica,11.011237,-85.6759917,high,75,osm-costa-rica-hotel-focused-choice-cala-2026-05-20
way/536754088,Casa Tabacón,Puerto Jiménez,Costa Rica,8.5788231,-83.4077331,high,75,osm-costa-rica-hotel-focused-choice-cala-2026-05-20
way/539256713,Ocean View Lodge,Cahuita,Costa Rica,9.739808,-82.844869,high,75,osm-costa-rica-hotel-focused-choice-cala-2026-05-20
way/539519018,Hotel El Bramadero,Liberia,Costa Rica,10.6275587,-85.4434612,high,85,osm-costa-rica-hotel-focused-choice-cala-2026-05-20
way/542625292,3 Bamboo Lodge,Cahuita,Costa Rica,9.7494229,-82.8837381,high,85,osm-costa-rica-hotel-focused-choice-cala-2026-05-20
way/544630809,Yellow Tree Hotel,La Fortuna,Costa Rica,10.4553638,-84.6672231,high,100,osm-costa-rica-hotel-focused-choice-cala-2026-05-20
way/552245522,Hotel Tatanka,,Costa Rica,10.1641227,-85.8081284,medium,55,osm-costa-rica-hotel-focused-choice-cala-2026-05-20
way/552245531,Junquillal Eco Resort,,Costa Rica,10.1609466,-85.8076308,high,90,osm-costa-rica-hotel-focused-choice-cala-2026-05-20
way/552249070,Guacamaya Lodge,,Costa Rica,10.1653457,-85.807013,high,70,osm-costa-rica-hotel-focused-choice-cala-2026-05-20
way/553076646,Hostal Don Quichotte,,Costa Rica,10.5390591,-83.5016773,medium,55,osm-costa-rica-hotel-focused-choice-cala-2026-05-20
way/561151230,Habitaciones,,Costa Rica,10.3476083,-85.3497948,medium,55,osm-costa-rica-hotel-focused-choice-cala-2026-05-20
way/562025312,Hostel More,San José,Costa Rica,9.9229703,-84.0754257,high,75,osm-costa-rica-hotel-focused-choice-cala-2026-05-20
way/562871870,Villa Paraíso Montezuma,Cóbano,Costa Rica,9.6488913,-85.0726178,high,75,osm-costa-rica-hotel-focused-choice-cala-2026-05-20
way/563459709,Hostel Santa Elena,,Costa Rica,10.3177728,-84.8228907,medium,55,osm-costa-rica-hotel-focused-choice-cala-2026-05-20
way/570501516,Estación Biológica de Monteverde,,Costa Rica,10.3185802,-84.8081476,medium,55,osm-costa-rica-hotel-focused-choice-cala-2026-05-20
way/572761080,Pensión Miraflores,Guadalupe,Costa Rica,9.9410395,-84.0572425,high,75,osm-costa-rica-hotel-focused-choice-cala-2026-05-20
way/583795602,Hotel Chalet El Tirol,Ángeles,Costa Rica,10.0754202,-84.0884014,high,75,osm-costa-rica-hotel-focused-choice-cala-2026-05-20
way/588770178,Cabinas La Potra,,Costa Rica,9.6247382,-82.8459371,medium,55,osm-costa-rica-hotel-focused-choice-cala-2026-05-20
way/594413945,Hotel Brunca,San Isidro de El General,Costa Rica,9.3816606,-83.6900039,high,75,osm-costa-rica-hotel-focused-choice-cala-2026-05-20
way/597128921,Hotel Casa Botanica de Aranjuez,San José,Costa Rica,9.9392584,-84.0680363,high,85,osm-costa-rica-hotel-focused-choice-cala-2026-05-20
way/599109156,D'Raya Vida,San José,Costa Rica,9.9398598,-84.0695428,high,75,osm-costa-rica-hotel-focused-choice-cala-2026-05-20
way/620205170,Hotel Arenas,,Costa Rica,9.701414,-84.6588901,medium,55,osm-costa-rica-hotel-focused-choice-cala-2026-05-20
way/621456730,Albergue ASOMOBI,,Costa Rica,9.0341957,-83.0418213,medium,55,osm-costa-rica-hotel-focused-choice-cala-2026-05-20
way/621842420,Cabinas La Loma,Desamparados,Costa Rica,10.0170983,-84.1838523,high,75,osm-costa-rica-hotel-focused-choice-cala-2026-05-20
way/625818658,Hotel Villas Colibrí,San José,Costa Rica,10.0050195,-84.2374963,high,75,osm-costa-rica-hotel-focused-choice-cala-2026-05-20
way/627461730,Hotel El Rodeo Country Inn,San Rafael,Costa Rica,9.9768228,-84.2002874,high,75,osm-costa-rica-hotel-focused-choice-cala-2026-05-20
way/634174852,Cocomar Beachfront Hotel,,Costa Rica,9.4872868,-84.3012785,high,70,osm-costa-rica-hotel-focused-choice-cala-2026-05-20
way/643017398,La Amistad Inn,San José,Costa Rica,9.9380338,-84.0711041,high,75,osm-costa-rica-hotel-focused-choice-cala-2026-05-20
way/643017400,Hotel Vesubio,San José,Costa Rica,9.9381318,-84.0714561,high,75,osm-costa-rica-hotel-focused-choice-cala-2026-05-20
way/654773233,Casa María,Desamparados,Costa Rica,10.0053923,-84.1876472,high,75,osm-costa-rica-hotel-focused-choice-cala-2026-05-20
way/659788739,Talamanca Reserve,San Gerardo De Rivas,Costa Rica,9.46785,-83.5914428,high,100,osm-costa-rica-hotel-focused-choice-cala-2026-05-20
way/659808065,Nómadas Backpackers,San José,Costa Rica,9.9406771,-84.1099052,high,75,osm-costa-rica-hotel-focused-choice-cala-2026-05-20
way/664248150,Cabinas Jaribú,,Costa Rica,11.0330876,-84.7157754,medium,55,osm-costa-rica-hotel-focused-choice-cala-2026-05-20
way/664248166,Hotel Wilson,Los Chiles,Costa Rica,11.030292,-84.7180227,high,75,osm-costa-rica-hotel-focused-choice-cala-2026-05-20
way/664261640,Cabinas Felicia,,Costa Rica,11.0338652,-84.7169928,medium,55,osm-costa-rica-hotel-focused-choice-cala-2026-05-20
way/670036817,Hotel Cabinas Carolina,,Costa Rica,11.0301829,-84.7152609,medium,55,osm-costa-rica-hotel-focused-choice-cala-2026-05-20
way/670735585,Ballena Roja,Uvita,Costa Rica,9.1528523,-83.7318266,high,100,osm-costa-rica-hotel-focused-choice-cala-2026-05-20
way/675725319,Lake Arenal Hotel & Brewery,,Costa Rica,10.5224638,-84.9669547,medium,55,osm-costa-rica-hotel-focused-choice-cala-2026-05-20
way/678034685,Jaco Laguna Resort,Jacó,Costa Rica,9.5991764,-84.6192546,high,75,osm-costa-rica-hotel-focused-choice-cala-2026-05-20
way/678457635,Bamboo Boutique Hotel,,Costa Rica,9.61058,-84.620463,medium,55,osm-costa-rica-hotel-focused-choice-cala-2026-05-20
way/678732112,Hotel y Casino Croc´s,Jacó,Costa Rica,9.6229063,-84.6404615,high,75,osm-costa-rica-hotel-focused-choice-cala-2026-05-20
way/680438794,El Jardín,Jacó,Costa Rica,9.6207139,-84.6378911,high,75,osm-costa-rica-hotel-focused-choice-cala-2026-05-20
way/680439568,Clarita's,Jacó,Costa Rica,9.6210309,-84.6380492,high,75,osm-costa-rica-hotel-focused-choice-cala-2026-05-20
way/680439569,Hotel Clarita´s,Jacó,Costa Rica,9.620851,-84.6382658,high,75,osm-costa-rica-hotel-focused-choice-cala-2026-05-20
way/680442538,Hotel Mirasol,,Costa Rica,9.6217713,-84.6375695,medium,55,osm-costa-rica-hotel-focused-choice-cala-2026-05-20
way/680933052,Hotel Lyme,,Costa Rica,9.6106939,-84.6141024,medium,55,osm-costa-rica-hotel-focused-choice-cala-2026-05-20
way/681003981,Cabinas Melissa,,Costa Rica,11.034056,-84.7156749,medium,55,osm-costa-rica-hotel-focused-choice-cala-2026-05-20
way/681180771,El Greco,,Costa Rica,10.5314444,-85.2575476,medium,55,osm-costa-rica-hotel-focused-choice-cala-2026-05-20
way/681201343,Casita Colibri - Cloud Bridge Reserve,,Costa Rica,9.4721573,-83.5779591,medium,65,osm-costa-rica-hotel-focused-choice-cala-2026-05-20
way/682901195,Casa de la Montana,,Costa Rica,10.3112902,-84.819451,medium,55,osm-costa-rica-hotel-focused-choice-cala-2026-05-20
way/690082908,El Sitio,,Costa Rica,9.5727223,-83.6853014,medium,65,osm-costa-rica-hotel-focused-choice-cala-2026-05-20
way/702859411,Cabinas Orozco,,Costa Rica,10.3439138,-84.2163044,medium,55,osm-costa-rica-hotel-focused-choice-cala-2026-05-20
way/704142469,Treetop Camping and Forest Reserve,,Costa Rica,8.6004534,-83.0823285,medium,55,osm-costa-rica-hotel-focused-choice-cala-2026-05-20
way/704142470,Treetop Camping and Forest Reserve,,Costa Rica,8.600482,-83.0825039,medium,55,osm-costa-rica-hotel-focused-choice-cala-2026-05-20
way/704145525,Camp Bonito,,Costa Rica,8.6850274,-83.2282147,medium,55,osm-costa-rica-hotel-focused-choice-cala-2026-05-20
way/704145526,Camp Bonito,,Costa Rica,8.6846453,-83.2281194,medium,55,osm-costa-rica-hotel-focused-choice-cala-2026-05-20
way/709277882,Motel Las Orquídeas,Dulce Nombre,Costa Rica,9.8411541,-83.8902684,high,75,osm-costa-rica-hotel-focused-choice-cala-2026-05-20
way/710586477,Hotel de Paso Mi Sueño,Desamparados,Costa Rica,10.0207921,-84.1764109,high,75,osm-costa-rica-hotel-focused-choice-cala-2026-05-20
way/717671398,Casa Marisol,,Costa Rica,9.425946,-84.1618477,medium,55,osm-costa-rica-hotel-focused-choice-cala-2026-05-20
way/721188514,Hotel Upala,Upala,Costa Rica,10.8987333,-85.0169587,high,75,osm-costa-rica-hotel-focused-choice-cala-2026-05-20
way/721995675,Nativus Art Hostel,,Costa Rica,9.9384818,-84.0957391,medium,65,osm-costa-rica-hotel-focused-choice-cala-2026-05-20
way/725309570,Hotel Playa Bejuco,,Costa Rica,9.5194966,-84.4349948,medium,55,osm-costa-rica-hotel-focused-choice-cala-2026-05-20
way/725309572,Hotel Casa Bejuco,,Costa Rica,9.5194313,-84.4370665,medium,55,osm-costa-rica-hotel-focused-choice-cala-2026-05-20
way/725423593,Hotel Delfin Playa Bejuco,,Costa Rica,9.5165157,-84.4302295,medium,55,osm-costa-rica-hotel-focused-choice-cala-2026-05-20
way/726555737,Vista Verde,Mogote,Costa Rica,10.7211494,-85.2039146,high,75,osm-costa-rica-hotel-focused-choice-cala-2026-05-20
way/735339428,Rancho Amalia,,Costa Rica,10.1715996,-84.3785257,medium,55,osm-costa-rica-hotel-focused-choice-cala-2026-05-20
way/749848556,Casa Robles,Monterrey,Costa Rica,10.542008,-84.7155516,high,75,osm-costa-rica-hotel-focused-choice-cala-2026-05-20
way/766679950,Villas Bungalows Ballena,,Costa Rica,9.1573422,-83.7474349,high,80,osm-costa-rica-hotel-focused-choice-cala-2026-05-20
way/767701876,Fairfield,Río Segundo,Costa Rica,10.00352,-84.2076885,high,100,osm-costa-rica-hotel-focused-choice-cala-2026-05-20
way/770080568,Cristal Ballena,,Costa Rica,9.1240235,-83.6979119,medium,55,osm-costa-rica-hotel-focused-choice-cala-2026-05-20
way/771544810,Hôtel Lodge Rio Perdido,,Costa Rica,10.5927479,-85.2015799,medium,55,osm-costa-rica-hotel-focused-choice-cala-2026-05-20
way/771975830,Ballena Dorada,,Costa Rica,9.1135114,-83.6908015,medium,55,osm-costa-rica-hotel-focused-choice-cala-2026-05-20
way/772402704,Alma de Ojochal,,Costa Rica,9.0684226,-83.6488182,high,80,osm-costa-rica-hotel-focused-choice-cala-2026-05-20
way/772402753,Hotel Oso Perezoso,,Costa Rica,9.0711673,-83.6460017,medium,55,osm-costa-rica-hotel-focused-choice-cala-2026-05-20
way/772402766,Casa Tusca del Mar,,Costa Rica,9.0737144,-83.6512025,medium,55,osm-costa-rica-hotel-focused-choice-cala-2026-05-20
way/772402774,Casa Bavaria,,Costa Rica,9.0745488,-83.6550928,medium,65,osm-costa-rica-hotel-focused-choice-cala-2026-05-20
way/772402779,Ô Soluna,,Costa Rica,9.077115,-83.6530611,medium,65,osm-costa-rica-hotel-focused-choice-cala-2026-05-20
way/772406212,Hacienda de los Suenos,,Costa Rica,9.0773796,-83.6444416,medium,55,osm-costa-rica-hotel-focused-choice-cala-2026-05-20
way/772412947,Yabá Chiguí Lodge,,Costa Rica,9.0759327,-83.6437254,high,70,osm-costa-rica-hotel-focused-choice-cala-2026-05-20
way/775086618,Hotel El Mono Feliz,,Costa Rica,9.0896842,-83.6478009,high,90,osm-costa-rica-hotel-focused-choice-cala-2026-05-20
way/775128659,The Lookout,,Costa Rica,9.0817617,-83.6607992,high,70,osm-costa-rica-hotel-focused-choice-cala-2026-05-20
way/775128683,Villas Gaía,,Costa Rica,9.0777792,-83.6593331,medium,55,osm-costa-rica-hotel-focused-choice-cala-2026-05-20
way/775128700,Cabinas Terra Mar,,Costa Rica,9.0682686,-83.6528539,medium,55,osm-costa-rica-hotel-focused-choice-cala-2026-05-20
way/777354687,Hotel Resort & Spa Crista Ballena,,Costa Rica,9.1152579,-83.6882648,medium,55,osm-costa-rica-hotel-focused-choice-cala-2026-05-20
way/777354697,Mar Y Selva Ecolodge3,,Costa Rica,9.1193483,-83.6853571,medium,55,osm-costa-rica-hotel-focused-choice-cala-2026-05-20
way/777354700,La Joya de Ballena,,Costa Rica,9.1196867,-83.6855301,medium,55,osm-costa-rica-hotel-focused-choice-cala-2026-05-20
way/777354701,La Experiencia CR,,Costa Rica,9.1140611,-83.6883767,medium,55,osm-costa-rica-hotel-focused-choice-cala-2026-05-20
way/777354709,Balcony of the Pacific,,Costa Rica,9.1173564,-83.6952157,medium,55,osm-costa-rica-hotel-focused-choice-cala-2026-05-20
way/777354741,El Ballenato de Bahia,,Costa Rica,9.1252893,-83.70983,medium,55,osm-costa-rica-hotel-focused-choice-cala-2026-05-20
way/777354748,La Cusinga Lodge,,Costa Rica,9.1352252,-83.7206805,medium,55,osm-costa-rica-hotel-focused-choice-cala-2026-05-20
way/777359375,Casa Linda Vista,,Costa Rica,9.1478828,-83.7262313,medium,55,osm-costa-rica-hotel-focused-choice-cala-2026-05-20
way/777359376,Pacific Dream,,Costa Rica,9.1470913,-83.7263593,medium,55,osm-costa-rica-hotel-focused-choice-cala-2026-05-20
way/777359393,Cabaña Tavo Pacheco,,Costa Rica,9.1500632,-83.7238462,medium,55,osm-costa-rica-hotel-focused-choice-cala-2026-05-20
way/778482239,Playa Luna,,Costa Rica,9.1534863,-83.7309567,medium,55,osm-costa-rica-hotel-focused-choice-cala-2026-05-20
way/778482249,Hotel Nido del Halcón,,Costa Rica,9.1535795,-83.7315434,medium,55,osm-costa-rica-hotel-focused-choice-cala-2026-05-20
way/778482251,Hotel Nido del Halcón,,Costa Rica,9.153357,-83.7316724,medium,55,osm-costa-rica-hotel-focused-choice-cala-2026-05-20
way/778482253,Uvita Pirates Hostel,,Costa Rica,9.1530048,-83.7318343,high,80,osm-costa-rica-hotel-focused-choice-cala-2026-05-20
way/778482260,La Casa De La Luz,,Costa Rica,9.1523149,-83.7326926,medium,55,osm-costa-rica-hotel-focused-choice-cala-2026-05-20
way/778482265,Villas María Luisa,,Costa Rica,9.1516421,-83.7327292,medium,55,osm-costa-rica-hotel-focused-choice-cala-2026-05-20
way/778482271,Cabinas ESMO,,Costa Rica,9.1516615,-83.7345543,medium,55,osm-costa-rica-hotel-focused-choice-cala-2026-05-20
way/778482277,Flutterby House,,Costa Rica,9.1537588,-83.738375,high,80,osm-costa-rica-hotel-focused-choice-cala-2026-05-20
way/778482298,Cabinas D'Val,,Costa Rica,9.1558703,-83.7381113,medium,55,osm-costa-rica-hotel-focused-choice-cala-2026-05-20
way/778482303,Cabinas Con Fernando,,Costa Rica,9.1570201,-83.7401389,medium,55,osm-costa-rica-hotel-focused-choice-cala-2026-05-20
way/778921148,Mango Mike's cabinas,,Costa Rica,9.1576217,-83.7418318,high,70,osm-costa-rica-hotel-focused-choice-cala-2026-05-20
way/778921176,Cabinas María Jesus,,Costa Rica,9.1576383,-83.7443095,medium,55,osm-costa-rica-hotel-focused-choice-cala-2026-05-20
way/778922436,The Buddha by Ballena,,Costa Rica,9.1728087,-83.7439658,high,70,osm-costa-rica-hotel-focused-choice-cala-2026-05-20
way/804639632,Palacios Arenal,,Costa Rica,10.4687107,-84.6509453,medium,55,osm-costa-rica-hotel-focused-choice-cala-2026-05-20
way/804639643,Pura Vida,La Fortuna,Costa Rica,10.4689999,-84.6504789,high,75,osm-costa-rica-hotel-focused-choice-cala-2026-05-20
way/804715016,Arrival lobby reception,,Costa Rica,10.5030826,-84.6869523,medium,55,osm-costa-rica-hotel-focused-choice-cala-2026-05-20
way/804721031,Arenal Manoa,La Fortuna,Costa Rica,10.5005621,-84.680526,high,100,osm-costa-rica-hotel-focused-choice-cala-2026-05-20
way/818793280,Spanish by the River - Turrialba,Turrialba,Costa Rica,9.9013477,-83.6978953,high,75,osm-costa-rica-hotel-focused-choice-cala-2026-05-20
way/819301407,Altos de Colonia,,Costa Rica,9.1490182,-83.7163404,medium,55,osm-costa-rica-hotel-focused-choice-cala-2026-05-20
way/828585536,Casa Tropical,,Costa Rica,9.5351531,-84.5036386,medium,55,osm-costa-rica-hotel-focused-choice-cala-2026-05-20
way/828585537,Casa Yola,,Costa Rica,9.534534,-84.5037975,medium,55,osm-costa-rica-hotel-focused-choice-cala-2026-05-20
way/829337926,Luminosa Dominical,dominical,Costa Rica,9.2684846,-83.8587502,high,75,osm-costa-rica-hotel-focused-choice-cala-2026-05-20
way/829337935,Bamboo River House Hotel,,Costa Rica,9.265095,-83.85916,high,80,osm-costa-rica-hotel-focused-choice-cala-2026-05-20
way/832755809,Cabinas Sauces de la India,,Costa Rica,9.3343162,-83.9599316,medium,55,osm-costa-rica-hotel-focused-choice-cala-2026-05-20
way/833708675,Shana Hotel and Residence,,Costa Rica,9.4002488,-84.1651261,medium,55,osm-costa-rica-hotel-focused-choice-cala-2026-05-20
way/833728140,Hotel Los Ángeles,Parrita,Costa Rica,9.5291275,-84.3478722,high,75,osm-costa-rica-hotel-focused-choice-cala-2026-05-20
way/834393971,Prana Rainforest Retreat and Spa,Quepos,Costa Rica,9.4044836,-84.1486598,high,75,osm-costa-rica-hotel-focused-choice-cala-2026-05-20
way/856780017,Hotel Arrecifes,San José,Costa Rica,9.9266163,-84.073076,high,75,osm-costa-rica-hotel-focused-choice-cala-2026-05-20
way/858360500,Sonidos del Mar,,Costa Rica,9.5252032,-84.5075715,medium,55,osm-costa-rica-hotel-focused-choice-cala-2026-05-20
way/858365028,Hotel La Escapadita,Parrita,Costa Rica,9.5295219,-84.4813089,high,75,osm-costa-rica-hotel-focused-choice-cala-2026-05-20
way/858365051,Casa La Estancia,,Costa Rica,9.5297484,-84.4746326,medium,55,osm-costa-rica-hotel-focused-choice-cala-2026-05-20
way/864971038,Casa Roland & Marina Resort,Golfito,Costa Rica,8.6454454,-83.1740376,high,75,osm-costa-rica-hotel-focused-choice-cala-2026-05-20
way/865003180,Hotel y Restaurante Corcovado,Golfito,Costa Rica,8.6473717,-83.1763973,high,75,osm-costa-rica-hotel-focused-choice-cala-2026-05-20
way/865003193,Hotel Golfo Azul,Golfito,Costa Rica,8.647733,-83.1760633,high,75,osm-costa-rica-hotel-focused-choice-cala-2026-05-20
way/865003254,Cabinas Koktsur,Golfito,Costa Rica,8.6446431,-83.1741422,high,75,osm-costa-rica-hotel-focused-choice-cala-2026-05-20
way/874904351,Casa Amarilla,Parrita,Costa Rica,9.5296159,-84.4773277,high,75,osm-costa-rica-hotel-focused-choice-cala-2026-05-20
way/874904365,Villa Claudia,Parrita,Costa Rica,9.5308639,-84.4800651,high,75,osm-costa-rica-hotel-focused-choice-cala-2026-05-20
way/874904366,Casona Pura Vida,Parrita,Costa Rica,9.5307427,-84.4808882,high,75,osm-costa-rica-hotel-focused-choice-cala-2026-05-20
way/877395785,Restaurante y Cabinas El Almendro,,Costa Rica,8.3689472,-83.1446158,high,80,osm-costa-rica-hotel-focused-choice-cala-2026-05-20
way/886590675,W Costa Rica - Reserva Conchal,,Costa Rica,10.3980513,-85.8104221,medium,65,osm-costa-rica-hotel-focused-choice-cala-2026-05-20
way/888767922,Casa Colibrí,,Costa Rica,9.9677847,-84.3976418,medium,55,osm-costa-rica-hotel-focused-choice-cala-2026-05-20
way/894420322,Guiones,,Costa Rica,9.9472045,-85.6659095,medium,55,osm-costa-rica-hotel-focused-choice-cala-2026-05-20
way/896756626,Hotel & Club Punta Leona,Tárcoles,Costa Rica,9.7039476,-84.6609016,high,75,osm-costa-rica-hotel-focused-choice-cala-2026-05-20
way/897212596,Hotel Hermosa Bungalows,Jacó,Costa Rica,9.569808,-84.5952926,high,75,osm-costa-rica-hotel-focused-choice-cala-2026-05-20
way/899609484,Villa Miriam,Parrita,Costa Rica,9.5307148,-84.4811892,high,75,osm-costa-rica-hotel-focused-choice-cala-2026-05-20
way/899952689,Hotel Grosseto Palma Real,Parrita,Costa Rica,9.5321665,-84.3928099,high,75,osm-costa-rica-hotel-focused-choice-cala-2026-05-20
way/900136833,Hotel Playa Bonita,,Costa Rica,10.0089344,-83.0632682,medium,55,osm-costa-rica-hotel-focused-choice-cala-2026-05-20
way/901620254,The Hot Springs Lodge Costa Rica,Quepos,Costa Rica,9.5478197,-84.1296786,high,75,osm-costa-rica-hotel-focused-choice-cala-2026-05-20
way/901838065,Villa Tekla,,Costa Rica,9.4112167,-84.1526566,medium,65,osm-costa-rica-hotel-focused-choice-cala-2026-05-20
way/902690942,Corcovado Beach Lodge,Puerto Jiménez,Costa Rica,8.5392401,-83.2997391,high,75,osm-costa-rica-hotel-focused-choice-cala-2026-05-20
way/906113178,Lodge Punta Marenco,,Costa Rica,8.6868149,-83.7061456,high,80,osm-costa-rica-hotel-focused-choice-cala-2026-05-20
way/908202327,Hotel 360,,Costa Rica,9.0680901,-83.6414568,high,70,osm-costa-rica-hotel-focused-choice-cala-2026-05-20
way/908475567,Saltish Hotels & Villas,,Costa Rica,9.1630143,-83.7449964,medium,55,osm-costa-rica-hotel-focused-choice-cala-2026-05-20
way/908958891,Alma Tropical,,Costa Rica,9.1672039,-83.7338465,medium,65,osm-costa-rica-hotel-focused-choice-cala-2026-05-20
way/909102197,Cüasràn Luxury Villas,,Costa Rica,9.163853,-83.7456892,medium,55,osm-costa-rica-hotel-focused-choice-cala-2026-05-20
way/914510262,Hotel Buena Vista,San Isidro,Costa Rica,10.0582443,-84.1993147,high,75,osm-costa-rica-hotel-focused-choice-cala-2026-05-20
way/914781658,Hotel El Valle,,Costa Rica,9.3743256,-83.7041068,medium,55,osm-costa-rica-hotel-focused-choice-cala-2026-05-20
way/915093798,Rancho Portilla,Cajón,Costa Rica,9.2559141,-83.5669318,high,75,osm-costa-rica-hotel-focused-choice-cala-2026-05-20
way/915289895,Hotel El Churrasco,,Costa Rica,10.1629802,-84.1989901,medium,55,osm-costa-rica-hotel-focused-choice-cala-2026-05-20
way/916048764,Hotel Don Roberto,,Costa Rica,9.3679118,-83.7124414,medium,55,osm-costa-rica-hotel-focused-choice-cala-2026-05-20
way/916054131,Hotel Iguazú,,Costa Rica,9.375189,-83.703189,medium,55,osm-costa-rica-hotel-focused-choice-cala-2026-05-20
way/916063478,Best Western Kamuk,Quepos,Costa Rica,9.4306798,-84.1648458,high,100,osm-costa-rica-hotel-focused-choice-cala-2026-05-20
way/916858612,Stolas,San Pedro,Costa Rica,9.9311707,-84.0607024,high,90,osm-costa-rica-hotel-focused-choice-cala-2026-05-20
way/921778444,Chubascos,,Costa Rica,10.133526,-84.1913942,medium,55,osm-costa-rica-hotel-focused-choice-cala-2026-05-20
way/923995447,PZ Country Club Hotel & Spa,San Isisdro de El General,Costa Rica,9.3706568,-83.7100887,high,75,osm-costa-rica-hotel-focused-choice-cala-2026-05-20
way/933555324,Macaw Lodge - Rainforest,,Costa Rica,9.7285287,-84.518647,medium,55,osm-costa-rica-hotel-focused-choice-cala-2026-05-20
way/937863035,Villas Vista Arenal,,Costa Rica,10.4693594,-84.6540853,medium,55,osm-costa-rica-hotel-focused-choice-cala-2026-05-20
way/938226742,Casa Marta,,Costa Rica,10.0589157,-84.4374234,medium,55,osm-costa-rica-hotel-focused-choice-cala-2026-05-20
way/939407924,Viajero La Fortuna,,Costa Rica,10.4703503,-84.6435518,medium,55,osm-costa-rica-hotel-focused-choice-cala-2026-05-20
way/940590422,Oasis del Pacífico,,Costa Rica,9.9757122,-84.834096,medium,55,osm-costa-rica-hotel-focused-choice-cala-2026-05-20
way/940590425,Aldea Puntarenas,,Costa Rica,9.9757832,-84.8348325,medium,55,osm-costa-rica-hotel-focused-choice-cala-2026-05-20
way/940603773,El Mástil,,Costa Rica,9.9749068,-84.84436,medium,55,osm-costa-rica-hotel-focused-choice-cala-2026-05-20
way/940605577,Alamar,,Costa Rica,9.9758906,-84.8419935,medium,55,osm-costa-rica-hotel-focused-choice-cala-2026-05-20
way/941062038,Hotel La Central,,Costa Rica,10.3230689,-84.431717,medium,55,osm-costa-rica-hotel-focused-choice-cala-2026-05-20
way/941928644,Cristal,,Costa Rica,10.3241916,-84.4317423,medium,55,osm-costa-rica-hotel-focused-choice-cala-2026-05-20
way/944104475,Cabinas Pérez,,Costa Rica,8.6766575,-83.0654129,medium,55,osm-costa-rica-hotel-focused-choice-cala-2026-05-20
way/944104483,Wilson,,Costa Rica,8.6792654,-83.0705267,medium,55,osm-costa-rica-hotel-focused-choice-cala-2026-05-20
way/944104493,Cabinas Vicky,,Costa Rica,8.6782675,-83.0665997,medium,55,osm-costa-rica-hotel-focused-choice-cala-2026-05-20
way/944104520,Golfito,,Costa Rica,8.6276971,-83.1566764,medium,55,osm-costa-rica-hotel-focused-choice-cala-2026-05-20
way/949843587,Hotel Xandari,San Isidro,Costa Rica,10.0571878,-84.2115798,high,75,osm-costa-rica-hotel-focused-choice-cala-2026-05-20
way/954050110,Cabinas Ruma,,Costa Rica,10.4658569,-84.4595667,medium,55,osm-costa-rica-hotel-focused-choice-cala-2026-05-20
way/955383020,Hotel Homewood Suites by Hilton Cariari San José,La Asunción,Costa Rica,9.9767711,-84.1560336,high,85,osm-costa-rica-hotel-focused-choice-cala-2026-05-20
way/962328005,Finca Tres Equis - Farm and Forest,Tres Equis,Costa Rica,9.9613354,-83.5688583,high,75,osm-costa-rica-hotel-focused-choice-cala-2026-05-20
way/966034104,Hotel Robledal,,Costa Rica,9.9838867,-84.2498639,medium,55,osm-costa-rica-hotel-focused-choice-cala-2026-05-20
way/966034110,Brilla Sol,,Costa Rica,9.9875292,-84.2372206,medium,55,osm-costa-rica-hotel-focused-choice-cala-2026-05-20
way/970128937,Hotel Cipresal,,Costa Rica,10.0828837,-84.1241808,medium,55,osm-costa-rica-hotel-focused-choice-cala-2026-05-20
way/971508697,Cabaña Toro,Toro Amarillo,Costa Rica,10.2160358,-84.298886,high,75,osm-costa-rica-hotel-focused-choice-cala-2026-05-20
way/971508701,Villa Nelly,,Costa Rica,10.2170623,-84.2963785,medium,55,osm-costa-rica-hotel-focused-choice-cala-2026-05-20
way/971508705,Tu Spot CR Bajos del Toro,,Costa Rica,10.2164308,-84.2958093,medium,55,osm-costa-rica-hotel-focused-choice-cala-2026-05-20
way/971508710,SelvaTica del Toro,,Costa Rica,10.2118696,-84.3028014,medium,55,osm-costa-rica-hotel-focused-choice-cala-2026-05-20
way/971531410,Toro River Lodge,,Costa Rica,10.2125999,-84.3072898,medium,55,osm-costa-rica-hotel-focused-choice-cala-2026-05-20
way/972418480,Hotel Zarcero,,Costa Rica,10.186828,-84.3911433,medium,55,osm-costa-rica-hotel-focused-choice-cala-2026-05-20
way/974225211,Hotel Pura Vida,,Costa Rica,10.0307653,-84.2257338,medium,55,osm-costa-rica-hotel-focused-choice-cala-2026-05-20
way/989003584,Cabinas La Guacamaya,,Costa Rica,10.4711936,-84.6424262,medium,55,osm-costa-rica-hotel-focused-choice-cala-2026-05-20
way/989020790,La Fortuna Downtown Hotel,,Costa Rica,10.4710546,-84.6456136,medium,55,osm-costa-rica-hotel-focused-choice-cala-2026-05-20
way/990642114,Hotel Villa Colón,,Costa Rica,9.9132585,-84.2463592,medium,55,osm-costa-rica-hotel-focused-choice-cala-2026-05-20
way/991019950,Cabinas Violeta,,Costa Rica,9.1724757,-83.3375358,medium,55,osm-costa-rica-hotel-focused-choice-cala-2026-05-20
way/991746389,Hotel Vista Linda Montana,,Costa Rica,10.0283921,-84.2399512,medium,55,osm-costa-rica-hotel-focused-choice-cala-2026-05-20
way/991825169,Hotel Tucán,,Costa Rica,9.1725246,-83.7381404,medium,55,osm-costa-rica-hotel-focused-choice-cala-2026-05-20
way/992575711,Gran Hotel Centroamericano,,Costa Rica,9.9337978,-84.0822349,medium,55,osm-costa-rica-hotel-focused-choice-cala-2026-05-20
way/992577849,Hotel Talamanca,,Costa Rica,9.9334515,-84.0830579,medium,55,osm-costa-rica-hotel-focused-choice-cala-2026-05-20
way/992581109,Hotel Avenida Central,,Costa Rica,9.9339291,-84.080336,medium,65,osm-costa-rica-hotel-focused-choice-cala-2026-05-20
way/993798759,Hotel Martino y Spa,,Costa Rica,10.0099323,-84.2742493,medium,55,osm-costa-rica-hotel-focused-choice-cala-2026-05-20
way/996508146,Arbol Verde,,Costa Rica,9.0897111,-83.6422178,medium,55,osm-costa-rica-hotel-focused-choice-cala-2026-05-20
way/997603644,Finca Luna Nuevo Lodge,,Costa Rica,10.387819,-84.5975153,medium,55,osm-costa-rica-hotel-focused-choice-cala-2026-05-20
way/1002454261,Villa Hostel,,Costa Rica,10.1003286,-84.4681038,medium,55,osm-costa-rica-hotel-focused-choice-cala-2026-05-20
way/1004092318,Villas Palma Costa,Palmira,Costa Rica,10.5457172,-85.5932073,high,75,osm-costa-rica-hotel-focused-choice-cala-2026-05-20
way/1004807487,Hotel Aeromundo,,Costa Rica,10.0730494,-84.3098063,medium,55,osm-costa-rica-hotel-focused-choice-cala-2026-05-20
way/1008166248,Pensión Alajuela,,Costa Rica,10.0201811,-84.2148167,medium,55,osm-costa-rica-hotel-focused-choice-cala-2026-05-20
way/1008166250,La Casa Azul,,Costa Rica,10.0189545,-84.2121644,medium,55,osm-costa-rica-hotel-focused-choice-cala-2026-05-20
way/1009773588,Hotel Paraíso Tropical,,Costa Rica,10.0239027,-84.2182731,medium,55,osm-costa-rica-hotel-focused-choice-cala-2026-05-20
way/1010006409,Hotel Cortez Azul,,Costa Rica,10.0185305,-84.2154093,medium,55,osm-costa-rica-hotel-focused-choice-cala-2026-05-20
way/1010006410,Hotel Pacandé,,Costa Rica,10.0185711,-84.2153569,medium,65,osm-costa-rica-hotel-focused-choice-cala-2026-05-20
way/1010006411,Hotel Trotamundos,,Costa Rica,10.0185907,-84.2152884,medium,55,osm-costa-rica-hotel-focused-choice-cala-2026-05-20
way/1010061335,Hotel y Restaurante Los Gallitos,Sarapiquí,Costa Rica,10.3129237,-84.1826687,high,100,osm-costa-rica-hotel-focused-choice-cala-2026-05-20
way/1010061346,Epic Adventure Costa Rica,,Costa Rica,10.3239674,-84.1782277,medium,55,osm-costa-rica-hotel-focused-choice-cala-2026-05-20
way/1010091105,Hotel y Bar Casa Amarilla,,Costa Rica,8.9606735,-83.4554675,medium,55,osm-costa-rica-hotel-focused-choice-cala-2026-05-20
way/1010091121,Hospedaje Romary,,Costa Rica,8.9614852,-83.4573879,medium,55,osm-costa-rica-hotel-focused-choice-cala-2026-05-20
way/1010091123,Cabinas Hong Kong,,Costa Rica,8.9629291,-83.4576131,medium,55,osm-costa-rica-hotel-focused-choice-cala-2026-05-20
way/1010091124,Hotel Tico Alemán,,Costa Rica,8.9629173,-83.4572026,medium,55,osm-costa-rica-hotel-focused-choice-cala-2026-05-20
way/1010091126,Hotel El Teca,,Costa Rica,8.9637119,-83.4570508,medium,55,osm-costa-rica-hotel-focused-choice-cala-2026-05-20
way/1010091127,Cabinas La Cruz,,Costa Rica,8.9637471,-83.4564967,medium,55,osm-costa-rica-hotel-focused-choice-cala-2026-05-20
way/1010091128,Cabinas Figurín,,Costa Rica,8.9605209,-83.4528223,medium,65,osm-costa-rica-hotel-focused-choice-cala-2026-05-20
way/1010102720,Cabinas Río Palmar,,Costa Rica,8.961543,-83.460364,medium,55,osm-costa-rica-hotel-focused-choice-cala-2026-05-20
way/1011154242,Cabinas Mora,,Costa Rica,10.0854574,-84.7306362,medium,55,osm-costa-rica-hotel-focused-choice-cala-2026-05-20
way/1011154252,Cabinas Katia,,Costa Rica,10.0934099,-84.7310431,medium,55,osm-costa-rica-hotel-focused-choice-cala-2026-05-20
way/1013535715,Hotel Wilson,Santa Cruz,Costa Rica,10.2691114,-85.5715773,high,75,osm-costa-rica-hotel-focused-choice-cala-2026-05-20
way/1015351829,Hotel Montaña Linda,,Costa Rica,9.7952982,-83.8566943,medium,65,osm-costa-rica-hotel-focused-choice-cala-2026-05-20
way/1015351843,Hotel Paraíso Carlisa,,Costa Rica,9.5198859,-84.3285697,medium,55,osm-costa-rica-hotel-focused-choice-cala-2026-05-20
way/1017187109,Le Priss,,Costa Rica,9.4311286,-84.1596632,medium,55,osm-costa-rica-hotel-focused-choice-cala-2026-05-20
way/1020173563,Casa San Jerónimo,,Costa Rica,9.3410176,-83.5042763,medium,55,osm-costa-rica-hotel-focused-choice-cala-2026-05-20
way/1023113003,Copacabana,,Costa Rica,9.6171316,-84.633403,medium,55,osm-costa-rica-hotel-focused-choice-cala-2026-05-20
way/1023826762,Coconut's House,,Costa Rica,10.0099837,-84.2329814,medium,55,osm-costa-rica-hotel-focused-choice-cala-2026-05-20
way/1024889031,Albergue Fikamuk,,Costa Rica,9.1199979,-83.0674412,medium,55,osm-costa-rica-hotel-focused-choice-cala-2026-05-20
way/1025720392,Cabinas Mirey,,Costa Rica,9.975524,-84.8384684,medium,55,osm-costa-rica-hotel-focused-choice-cala-2026-05-20
way/1025720393,Ruiselares,,Costa Rica,9.9757011,-84.8385016,medium,55,osm-costa-rica-hotel-focused-choice-cala-2026-05-20
way/1025991929,Hotel La Princesa,,Costa Rica,9.4078247,-83.7119388,medium,55,osm-costa-rica-hotel-focused-choice-cala-2026-05-20
way/1026498962,Hotel Refugio de Montaña,,Costa Rica,10.1081431,-84.2382274,medium,55,osm-costa-rica-hotel-focused-choice-cala-2026-05-20
way/1026902555,Gran Hotel,,Costa Rica,10.0864355,-84.4730972,medium,55,osm-costa-rica-hotel-focused-choice-cala-2026-05-20
way/1026918673,Cabinas Doña Alicia,,Costa Rica,10.4687199,-84.6434933,medium,55,osm-costa-rica-hotel-focused-choice-cala-2026-05-20
way/1026918674,Hostel Ralopz,,Costa Rica,10.4681659,-84.6434699,medium,55,osm-costa-rica-hotel-focused-choice-cala-2026-05-20
way/1026918679,Backpackers La Fortuna,,Costa Rica,10.4708077,-84.6469537,medium,55,osm-costa-rica-hotel-focused-choice-cala-2026-05-20
way/1026918682,Hotel Regina,,Costa Rica,10.4705359,-84.6483482,medium,55,osm-costa-rica-hotel-focused-choice-cala-2026-05-20
way/1026918684,Gringo Pete 2,,Costa Rica,10.4695642,-84.6472677,medium,55,osm-costa-rica-hotel-focused-choice-cala-2026-05-20
way/1026918685,Cabinas Las Palmas,,Costa Rica,10.469994,-84.6465473,medium,55,osm-costa-rica-hotel-focused-choice-cala-2026-05-20
way/1026918689,Hostel Arenal,,Costa Rica,10.4707636,-84.6458937,medium,55,osm-costa-rica-hotel-focused-choice-cala-2026-05-20
way/1026918698,Hotel Macua,,Costa Rica,10.4716077,-84.6412819,medium,55,osm-costa-rica-hotel-focused-choice-cala-2026-05-20
way/1026918702,Apartamentos Pocho,,Costa Rica,10.4710554,-84.641166,medium,55,osm-costa-rica-hotel-focused-choice-cala-2026-05-20
way/1026918703,Gringo Pete 1,,Costa Rica,10.4713407,-84.6411942,medium,55,osm-costa-rica-hotel-focused-choice-cala-2026-05-20
way/1026918704,Hotel Las Orquídeas,,Costa Rica,10.4713882,-84.6401479,medium,55,osm-costa-rica-hotel-focused-choice-cala-2026-05-20
way/1027231372,Villa Fortuna,,Costa Rica,10.4710201,-84.6352969,medium,55,osm-costa-rica-hotel-focused-choice-cala-2026-05-20
way/1027231417,Hotel Jardines del Arenal,,Costa Rica,10.4760983,-84.6161029,medium,55,osm-costa-rica-hotel-focused-choice-cala-2026-05-20
way/1027231423,Mochileros Arenal,,Costa Rica,10.4701786,-84.650178,medium,55,osm-costa-rica-hotel-focused-choice-cala-2026-05-20
way/1027231439,Las Tinajas,,Costa Rica,10.473068,-84.6445175,medium,55,osm-costa-rica-hotel-focused-choice-cala-2026-05-20
way/1027231440,Hotel San Bosco,,Costa Rica,10.4730361,-84.6442593,medium,55,osm-costa-rica-hotel-focused-choice-cala-2026-05-20
way/1027231443,Hotel Rabfer,,Costa Rica,10.4737004,-84.6452317,medium,55,osm-costa-rica-hotel-focused-choice-cala-2026-05-20
way/1027231444,Hostel El Buen Lugar,,Costa Rica,10.4739971,-84.6455738,medium,55,osm-costa-rica-hotel-focused-choice-cala-2026-05-20
way/1027235903,Hostel Indio Durmiente,,Costa Rica,10.4721573,-84.6462307,medium,55,osm-costa-rica-hotel-focused-choice-cala-2026-05-20
way/1027235907,Eco Hostel,,Costa Rica,10.4727828,-84.646462,medium,55,osm-costa-rica-hotel-focused-choice-cala-2026-05-20
way/1027242804,Hostel Las Colinas,,Costa Rica,10.4709596,-84.6442373,medium,55,osm-costa-rica-hotel-focused-choice-cala-2026-05-20
way/1027242807,Hostel Santa Fe,,Costa Rica,10.4709368,-84.6436793,medium,55,osm-costa-rica-hotel-focused-choice-cala-2026-05-20
way/1027242814,Hotel Arenal Jireh,,Costa Rica,10.4708645,-84.646589,medium,55,osm-costa-rica-hotel-focused-choice-cala-2026-05-20
way/1027242819,Hotel La Posada,,Costa Rica,10.4715237,-84.6423315,medium,55,osm-costa-rica-hotel-focused-choice-cala-2026-05-20
way/1027242820,Cuartos La Fortuna,,Costa Rica,10.4718262,-84.6406,medium,55,osm-costa-rica-hotel-focused-choice-cala-2026-05-20
way/1027581691,Hotel La Choza,,Costa Rica,10.4717512,-84.6484601,high,80,osm-costa-rica-hotel-focused-choice-cala-2026-05-20
way/1027581700,Cabinas Río Danta,,Costa Rica,10.4776505,-84.6439285,medium,55,osm-costa-rica-hotel-focused-choice-cala-2026-05-20
way/1027581703,Hotel Secreto de La Fortuna,,Costa Rica,10.4740748,-84.6439123,medium,55,osm-costa-rica-hotel-focused-choice-cala-2026-05-20
way/1027581704,Casa Holística Arenal,,Costa Rica,10.474089,-84.6437634,medium,55,osm-costa-rica-hotel-focused-choice-cala-2026-05-20
way/1028449981,Hotel Monte Real,,Costa Rica,10.4704704,-84.6426195,medium,55,osm-costa-rica-hotel-focused-choice-cala-2026-05-20
way/1029470770,Hotel Arenal Carmela,,Costa Rica,10.465381,-84.6428998,medium,55,osm-costa-rica-hotel-focused-choice-cala-2026-05-20
way/1029473677,Hotel Colores del Arenal,,Costa Rica,10.4727336,-84.636187,medium,55,osm-costa-rica-hotel-focused-choice-cala-2026-05-20
way/1030572512,Hotel y Aguas Termales Baldí,,Costa Rica,10.4825587,-84.682034,medium,55,osm-costa-rica-hotel-focused-choice-cala-2026-05-20
way/1030572524,Hotel y Termales Palmera Real,,Costa Rica,10.4778446,-84.6738503,medium,55,osm-costa-rica-hotel-focused-choice-cala-2026-05-20
way/1030572525,Hotel Los Laureles,,Costa Rica,10.4884774,-84.6777919,medium,55,osm-costa-rica-hotel-focused-choice-cala-2026-05-20
way/1030572606,Hotel El Silencio del Campo,,Costa Rica,10.48571,-84.6808261,medium,55,osm-costa-rica-hotel-focused-choice-cala-2026-05-20
way/1030576420,Miradas del Arenal,La Fortuna,Costa Rica,10.5023619,-84.6923328,high,75,osm-costa-rica-hotel-focused-choice-cala-2026-05-20
way/1030590045,Cabinas Catalina,,Costa Rica,10.546157,-84.89233,medium,55,osm-costa-rica-hotel-focused-choice-cala-2026-05-20
way/1030590048,Hotel Aurora,,Costa Rica,10.5445361,-84.8960803,medium,55,osm-costa-rica-hotel-focused-choice-cala-2026-05-20
way/1030590062,Cabinas La Carreta,,Costa Rica,10.4068251,-84.5985529,medium,55,osm-costa-rica-hotel-focused-choice-cala-2026-05-20
way/1030590066,Sueños del Volcán,,Costa Rica,10.4059434,-84.597172,medium,55,osm-costa-rica-hotel-focused-choice-cala-2026-05-20
way/1031060327,Cabinas Bosques de Fraijanes,,Costa Rica,10.124685,-84.1897367,medium,55,osm-costa-rica-hotel-focused-choice-cala-2026-05-20
way/1031508529,Hotel Casas del Árbol,,Costa Rica,10.3776661,-84.5281231,medium,55,osm-costa-rica-hotel-focused-choice-cala-2026-05-20
way/1031552437,Cabinas Mercé,,Costa Rica,10.4231153,-84.467292,medium,55,osm-costa-rica-hotel-focused-choice-cala-2026-05-20
way/1031896798,La Casa de Iván,,Costa Rica,10.4531006,-84.6394981,medium,55,osm-costa-rica-hotel-focused-choice-cala-2026-05-20
way/1031896814,Hotel El Gran Impala 2,,Costa Rica,8.6396442,-82.9505384,medium,55,osm-costa-rica-hotel-focused-choice-cala-2026-05-20
way/1032738335,Hotel Mary Bar,,Costa Rica,10.4696631,-84.9673052,medium,55,osm-costa-rica-hotel-focused-choice-cala-2026-05-20
way/1032738337,Hotel Naralit,,Costa Rica,10.4694253,-84.9669616,medium,55,osm-costa-rica-hotel-focused-choice-cala-2026-05-20
way/1032738338,Alojamiento Guadalupe,,Costa Rica,10.4688299,-84.9669224,medium,55,osm-costa-rica-hotel-focused-choice-cala-2026-05-20
way/1032738339,Cabañas El Sueño,,Costa Rica,10.4715081,-84.9686525,medium,55,osm-costa-rica-hotel-focused-choice-cala-2026-05-20
way/1032738343,Hostel Dharma,,Costa Rica,10.4701953,-84.9704388,medium,55,osm-costa-rica-hotel-focused-choice-cala-2026-05-20
way/1032738344,Hotel Tilarán,,Costa Rica,10.4703867,-84.9687241,medium,55,osm-costa-rica-hotel-focused-choice-cala-2026-05-20
way/1036009767,Tuanis Hotel,,Costa Rica,9.6101119,-84.6252394,medium,55,osm-costa-rica-hotel-focused-choice-cala-2026-05-20
way/1036440073,HotelMonteverde Cloudforest,,Costa Rica,10.3154296,-84.8181874,medium,55,osm-costa-rica-hotel-focused-choice-cala-2026-05-20
way/1036440074,Hospedaje Marie,,Costa Rica,10.3159051,-84.8202553,medium,55,osm-costa-rica-hotel-focused-choice-cala-2026-05-20
way/1036440077,Cabinas El Pueblo,,Costa Rica,10.3170966,-84.8256413,medium,55,osm-costa-rica-hotel-focused-choice-cala-2026-05-20
way/1036440078,Donde Nina,,Costa Rica,10.3152877,-84.8262084,medium,55,osm-costa-rica-hotel-focused-choice-cala-2026-05-20
way/1036440079,Donde Mora,,Costa Rica,10.3153705,-84.8261727,medium,55,osm-costa-rica-hotel-focused-choice-cala-2026-05-20
way/1036440080,Cabinas Monteverde,,Costa Rica,10.3150367,-84.8268675,medium,55,osm-costa-rica-hotel-focused-choice-cala-2026-05-20
way/1036440082,Hotel Claro de Luna,,Costa Rica,10.3163612,-84.8271505,medium,55,osm-costa-rica-hotel-focused-choice-cala-2026-05-20
way/1036440086,Cabinas Sol y Luna,,Costa Rica,10.3153743,-84.8275433,medium,55,osm-costa-rica-hotel-focused-choice-cala-2026-05-20
way/1036440087,Cabinas Linda Vista,,Costa Rica,10.3156214,-84.8277067,medium,55,osm-costa-rica-hotel-focused-choice-cala-2026-05-20
way/1036440088,Hospedaje La Pradera,,Costa Rica,10.315539,-84.827326,medium,55,osm-costa-rica-hotel-focused-choice-cala-2026-05-20
way/1036440089,Hostel Cattleya,,Costa Rica,10.3143569,-84.8283688,medium,55,osm-costa-rica-hotel-focused-choice-cala-2026-05-20
way/1036440090,Hostel La Suerte,,Costa Rica,10.3144062,-84.8286361,medium,55,osm-costa-rica-hotel-focused-choice-cala-2026-05-20
way/1036440092,Hostel Monte Fresco,,Costa Rica,10.3169846,-84.8338112,medium,55,osm-costa-rica-hotel-focused-choice-cala-2026-05-20
way/1036440093,Chillout House,,Costa Rica,10.3157659,-84.8330988,medium,55,osm-costa-rica-hotel-focused-choice-cala-2026-05-20
way/1036440095,Hakuna Matata,,Costa Rica,10.3142132,-84.8317127,medium,55,osm-costa-rica-hotel-focused-choice-cala-2026-05-20
way/1036440097,The Green Tree Lodge,,Costa Rica,10.3188122,-84.8352989,high,70,osm-costa-rica-hotel-focused-choice-cala-2026-05-20
way/1036440102,Freddy's Place,,Costa Rica,10.3221322,-84.822861,medium,55,osm-costa-rica-hotel-focused-choice-cala-2026-05-20
way/1036440109,Hospedaje Roca Verde,,Costa Rica,10.3248876,-84.8246438,medium,55,osm-costa-rica-hotel-focused-choice-cala-2026-05-20
way/1036440110,Hotel El Atardecer,,Costa Rica,10.3268885,-84.8233128,medium,55,osm-costa-rica-hotel-focused-choice-cala-2026-05-20
way/1036440112,La Casa de la Naturaleza,,Costa Rica,10.3273754,-84.8222392,medium,65,osm-costa-rica-hotel-focused-choice-cala-2026-05-20
way/1036440114,Cabinas Capulín,,Costa Rica,10.3258944,-84.8199906,medium,55,osm-costa-rica-hotel-focused-choice-cala-2026-05-20
way/1036440116,Outbox Inn,,Costa Rica,10.3181288,-84.8241324,medium,55,osm-costa-rica-hotel-focused-choice-cala-2026-05-20
way/1036442336,Hotel Holístico Monteverde,,Costa Rica,10.326046,-84.8265437,medium,60,osm-costa-rica-hotel-focused-choice-cala-2026-05-20
way/1036442338,Casa Campo Verde,,Costa Rica,10.3268888,-84.8266825,medium,55,osm-costa-rica-hotel-focused-choice-cala-2026-05-20
way/1036442339,Casa Rayo de Luna,,Costa Rica,10.3272346,-84.8262031,medium,55,osm-costa-rica-hotel-focused-choice-cala-2026-05-20
way/1036442340,Hospedaje Don Taco,,Costa Rica,10.320874,-84.8231217,medium,55,osm-costa-rica-hotel-focused-choice-cala-2026-05-20
way/1036442341,Mar Inn,,Costa Rica,10.3205944,-84.8232154,medium,55,osm-costa-rica-hotel-focused-choice-cala-2026-05-20
way/1036442342,Forest Dreams Cottage,,Costa Rica,10.3207563,-84.8228634,medium,55,osm-costa-rica-hotel-focused-choice-cala-2026-05-20
way/1036703465,Pension Santa Elena,,Costa Rica,10.3175619,-84.8235966,high,70,osm-costa-rica-hotel-focused-choice-cala-2026-05-20
way/1036703471,Hospedaje Papaya Verde,,Costa Rica,10.3153626,-84.8273789,medium,55,osm-costa-rica-hotel-focused-choice-cala-2026-05-20
way/1036703473,Hotel Monteverde,,Costa Rica,10.313287,-84.823521,medium,55,osm-costa-rica-hotel-focused-choice-cala-2026-05-20
way/1036703474,Hotel Campestre Monteverde,,Costa Rica,10.3132775,-84.8192497,medium,55,osm-costa-rica-hotel-focused-choice-cala-2026-05-20
way/1036703475,Hostel Globi,,Costa Rica,10.3133379,-84.8171462,medium,55,osm-costa-rica-hotel-focused-choice-cala-2026-05-20
way/1036703478,Hotel Historias,,Costa Rica,10.3144108,-84.8172866,medium,55,osm-costa-rica-hotel-focused-choice-cala-2026-05-20
way/1036703483,Hotel Heliconia,,Costa Rica,10.3146725,-84.8141737,medium,55,osm-costa-rica-hotel-focused-choice-cala-2026-05-20
way/1036703485,Hotel Santa Fe,,Costa Rica,10.3158323,-84.8192061,medium,55,osm-costa-rica-hotel-focused-choice-cala-2026-05-20
way/1036703490,Hotel Jardines de Monteverde,,Costa Rica,10.3143363,-84.8191743,medium,55,osm-costa-rica-hotel-focused-choice-cala-2026-05-20
way/1036703494,Hostel Monteverde,,Costa Rica,10.3180185,-84.8243427,medium,55,osm-costa-rica-hotel-focused-choice-cala-2026-05-20
way/1036703498,Hotel Sapo Dorado,,Costa Rica,10.3170906,-84.8176993,medium,55,osm-costa-rica-hotel-focused-choice-cala-2026-05-20
way/1036703499,Hotel Jaguarundi,,Costa Rica,10.3163117,-84.8221378,medium,55,osm-costa-rica-hotel-focused-choice-cala-2026-05-20
way/1036703507,Cabinas El Pueblo,,Costa Rica,10.3174349,-84.8249926,medium,55,osm-costa-rica-hotel-focused-choice-cala-2026-05-20
way/1036703508,Cabinas Tinas Casitas,,Costa Rica,10.3175132,-84.8249333,medium,55,osm-costa-rica-hotel-focused-choice-cala-2026-05-20
way/1036703513,Hospedaje El Banco,,Costa Rica,10.3179944,-84.8237994,medium,55,osm-costa-rica-hotel-focused-choice-cala-2026-05-20
way/1036703515,Cabinas Vista al Golfo,,Costa Rica,10.316135,-84.8265072,medium,55,osm-costa-rica-hotel-focused-choice-cala-2026-05-20
way/1036703516,Hotel El Atardecer,,Costa Rica,10.3158088,-84.827061,medium,55,osm-costa-rica-hotel-focused-choice-cala-2026-05-20
way/1036703979,Hostel Coati,,Costa Rica,10.3170175,-84.8236129,medium,55,osm-costa-rica-hotel-focused-choice-cala-2026-05-20
way/1036703980,Hotel Casa Madonna,,Costa Rica,10.3158952,-84.8251426,medium,55,osm-costa-rica-hotel-focused-choice-cala-2026-05-20
way/1037030459,Cabinas Eddy,,Costa Rica,10.3164681,-84.8257674,medium,55,osm-costa-rica-hotel-focused-choice-cala-2026-05-20
way/1038143403,Casa en la Cima del Árbol,,Costa Rica,10.3094507,-84.8113941,medium,55,osm-costa-rica-hotel-focused-choice-cala-2026-05-20
way/1038143407,Hotel Bromelias,,Costa Rica,10.3069565,-84.8116115,medium,55,osm-costa-rica-hotel-focused-choice-cala-2026-05-20
way/1038147546,Hotel La Colina,,Costa Rica,10.3029754,-84.8094829,medium,55,osm-costa-rica-hotel-focused-choice-cala-2026-05-20
way/1038396971,Casa SinwaTours,,Costa Rica,10.325164,-84.8304394,medium,65,osm-costa-rica-hotel-focused-choice-cala-2026-05-20
way/1038396973,Casa Copalchi,,Costa Rica,10.3238094,-84.8323783,medium,55,osm-costa-rica-hotel-focused-choice-cala-2026-05-20
way/1038396975,Apartamento Gamai,,Costa Rica,10.3259825,-84.8327024,medium,65,osm-costa-rica-hotel-focused-choice-cala-2026-05-20
way/1038396985,Casa de Evan,,Costa Rica,10.3293607,-84.8415246,medium,55,osm-costa-rica-hotel-focused-choice-cala-2026-05-20
way/1038396999,Albergue Sofi,,Costa Rica,10.3248852,-84.8430644,medium,55,osm-costa-rica-hotel-focused-choice-cala-2026-05-20
way/1038397002,Hospedaje Belcruz,,Costa Rica,10.3299375,-84.8448428,medium,55,osm-costa-rica-hotel-focused-choice-cala-2026-05-20
way/1038397004,Hotel Bosque Verde,,Costa Rica,10.334788,-84.8403378,medium,55,osm-costa-rica-hotel-focused-choice-cala-2026-05-20
way/1040091014,Monteverde Inn,,Costa Rica,10.309299,-84.8187536,medium,55,osm-costa-rica-hotel-focused-choice-cala-2026-05-20
way/1040091015,Hotel Sueños del Bosque,,Costa Rica,10.3121178,-84.8159515,medium,55,osm-costa-rica-hotel-focused-choice-cala-2026-05-20
way/1040091017,Hotel Belmar,,Costa Rica,10.3130717,-84.8114444,medium,55,osm-costa-rica-hotel-focused-choice-cala-2026-05-20
way/1040094294,Hospedaje Casa Maya,,Costa Rica,10.3267577,-84.8273066,medium,55,osm-costa-rica-hotel-focused-choice-cala-2026-05-20
way/1040094295,Cabinas Paris Comfort,,Costa Rica,10.3249098,-84.8291474,medium,55,osm-costa-rica-hotel-focused-choice-cala-2026-05-20
way/1040414278,Hotel Diriá,,Costa Rica,10.2668599,-85.587822,medium,55,osm-costa-rica-hotel-focused-choice-cala-2026-05-20
way/1041313899,Casa Boho,La Fortuna,Costa Rica,10.545963,-84.7183414,high,100,osm-costa-rica-hotel-focused-choice-cala-2026-05-20
way/1046373821,Retiro y Spa Pura Vida,,Costa Rica,10.057346,-84.1862446,medium,55,osm-costa-rica-hotel-focused-choice-cala-2026-05-20
way/1047364752,Berna Tica,,Costa Rica,10.0126224,-84.2937052,medium,55,osm-costa-rica-hotel-focused-choice-cala-2026-05-20
way/1050623005,Sunshine Sanctuary,,Costa Rica,9.6508457,-85.0723179,medium,55,osm-costa-rica-hotel-focused-choice-cala-2026-05-20
way/1051976996,Casa de Huéspedes de Margarita,,Costa Rica,10.0081566,-84.1952074,medium,55,osm-costa-rica-hotel-focused-choice-cala-2026-05-20
way/1052516426,Oasis,,Costa Rica,8.8230306,-82.9708779,medium,55,osm-costa-rica-hotel-focused-choice-cala-2026-05-20
way/1054137958,Hummingbird Nest,,Costa Rica,10.4271002,-84.7505715,medium,55,osm-costa-rica-hotel-focused-choice-cala-2026-05-20
way/1054137962,Cabinas Los Tucanes,,Costa Rica,10.4249465,-84.7517476,medium,55,osm-costa-rica-hotel-focused-choice-cala-2026-05-20
way/1054313102,Cabinas Las Manzanas,,Costa Rica,9.6447452,-83.9140085,medium,55,osm-costa-rica-hotel-focused-choice-cala-2026-05-20
way/1054320301,Cabinas La Tigra,,Costa Rica,10.3396928,-84.5808314,medium,55,osm-costa-rica-hotel-focused-choice-cala-2026-05-20
way/1054540720,Hotel Rudy's,,Costa Rica,9.3719905,-83.7001977,medium,55,osm-costa-rica-hotel-focused-choice-cala-2026-05-20
way/1054540727,Hotel Escalima,,Costa Rica,10.0164708,-84.2181626,medium,55,osm-costa-rica-hotel-focused-choice-cala-2026-05-20
way/1056216399,Hostel Casa Chirripó,,Costa Rica,9.4639862,-83.6005971,medium,55,osm-costa-rica-hotel-focused-choice-cala-2026-05-20
way/1056268729,Hotel Roca Dura,,Costa Rica,9.4657622,-83.5961742,medium,55,osm-costa-rica-hotel-focused-choice-cala-2026-05-20
way/1057735759,Whale Tail Hotel,,Costa Rica,9.1745982,-83.735084,high,80,osm-costa-rica-hotel-focused-choice-cala-2026-05-20
way/1061526802,Azura Hotel,Sámara,Costa Rica,9.8720135,-85.5075637,high,100,osm-costa-rica-hotel-focused-choice-cala-2026-05-20
way/1063099983,Arenal Backpackers Resort,,Costa Rica,10.471058,-84.6482381,medium,55,osm-costa-rica-hotel-focused-choice-cala-2026-05-20
way/1063752120,Hotel Rino,,Costa Rica,8.8208256,-82.9714618,medium,55,osm-costa-rica-hotel-focused-choice-cala-2026-05-20
way/1066596318,Motel Tu y Yo,,Costa Rica,10.3004807,-85.5870814,medium,55,osm-costa-rica-hotel-focused-choice-cala-2026-05-20
way/1070004058,Cabañas Linda Vista,,Costa Rica,10.0548926,-84.2036253,medium,55,osm-costa-rica-hotel-focused-choice-cala-2026-05-20
way/1070004062,Alojamiento Alta Vista,,Costa Rica,10.0544023,-84.2049405,medium,55,osm-costa-rica-hotel-focused-choice-cala-2026-05-20
way/1073648805,Hotel Tortuga,,Costa Rica,9.0852225,-83.6628948,medium,55,osm-costa-rica-hotel-focused-choice-cala-2026-05-20
way/1077376899,Casa Aleatoria,San José,Costa Rica,9.9272623,-84.0681667,high,75,osm-costa-rica-hotel-focused-choice-cala-2026-05-20
way/1077379715,Cabinas Gadky,,Costa Rica,9.5268538,-84.4368663,medium,55,osm-costa-rica-hotel-focused-choice-cala-2026-05-20
way/1078313409,Etno Turismo Bë kicha,,Costa Rica,9.7214708,-83.1022294,high,75,osm-costa-rica-hotel-focused-choice-cala-2026-05-20
way/1079073183,Hotel Fonda Vela,,Costa Rica,10.2997421,-84.8061138,medium,55,osm-costa-rica-hotel-focused-choice-cala-2026-05-20
way/1079151266,Trapp Family Lodge,Monteverde,Costa Rica,10.3009694,-84.8016894,high,90,osm-costa-rica-hotel-focused-choice-cala-2026-05-20
way/1080397604,Hotel Iguazú,,Costa Rica,9.3786295,-83.706813,medium,55,osm-costa-rica-hotel-focused-choice-cala-2026-05-20
way/1082218583,Quinta Celeste,,Costa Rica,9.9748259,-84.3098335,medium,55,osm-costa-rica-hotel-focused-choice-cala-2026-05-20
way/1082624834,Cabinas Los Gemelos,,Costa Rica,10.015166,-84.1961634,medium,55,osm-costa-rica-hotel-focused-choice-cala-2026-05-20
way/1082742964,Tabacón Grand Spa Thermal Resort,,Costa Rica,10.4878345,-84.7224316,medium,55,osm-costa-rica-hotel-focused-choice-cala-2026-05-20
way/1089401317,Hotel Heliconia,,Costa Rica,10.314092,-84.815007,medium,55,osm-costa-rica-hotel-focused-choice-cala-2026-05-20
way/1089401318,Hotel Heliconia,,Costa Rica,10.3141138,-84.8148621,medium,55,osm-costa-rica-hotel-focused-choice-cala-2026-05-20
way/1089401319,Hotel Heliconia,,Costa Rica,10.3142189,-84.814711,medium,55,osm-costa-rica-hotel-focused-choice-cala-2026-05-20
way/1089401320,Hotel Heliconia,,Costa Rica,10.314171,-84.8154058,medium,55,osm-costa-rica-hotel-focused-choice-cala-2026-05-20
way/1089403273,Hotel Belvedere,,Costa Rica,9.8840851,-85.5260148,high,70,osm-costa-rica-hotel-focused-choice-cala-2026-05-20
way/1090348243,Hotel Cielo Azul,Nicoya,Costa Rica,10.1751017,-85.4596109,high,75,osm-costa-rica-hotel-focused-choice-cala-2026-05-20
way/1094897012,Hotel El Castillo Divertido,,Costa Rica,10.1672757,-85.8094187,medium,55,osm-costa-rica-hotel-focused-choice-cala-2026-05-20
way/1094897057,Hotel Hibiscus,,Costa Rica,10.1624669,-85.8080529,high,80,osm-costa-rica-hotel-focused-choice-cala-2026-05-20
way/1094897076,Mundo Milo Eco Lodge,,Costa Rica,10.167685,-85.8089581,medium,55,osm-costa-rica-hotel-focused-choice-cala-2026-05-20
way/1097598086,Rafiki Safari Lodge,,Costa Rica,9.4471524,-83.9898146,medium,55,osm-costa-rica-hotel-focused-choice-cala-2026-05-20
way/1104685910,Vueltas Lodge,,Costa Rica,9.6330983,-83.853771,medium,55,osm-costa-rica-hotel-focused-choice-cala-2026-05-20
way/1112122939,Lop Inn,,Costa Rica,9.9766602,-84.1601426,high,70,osm-costa-rica-hotel-focused-choice-cala-2026-05-20
way/1112763729,Posada Nena,,Costa Rica,9.9355474,-84.181988,high,70,osm-costa-rica-hotel-focused-choice-cala-2026-05-20
way/1119720839,The Beach Break Yaxa Nosara,,Costa Rica,9.9457339,-85.6680887,high,80,osm-costa-rica-hotel-focused-choice-cala-2026-05-20
way/1121093071,Hostel Kalunai,,Costa Rica,9.6556749,-82.7505888,medium,55,osm-costa-rica-hotel-focused-choice-cala-2026-05-20
way/1121093072,Roca Mar Apart Hotel,,Costa Rica,9.6557888,-82.750748,medium,55,osm-costa-rica-hotel-focused-choice-cala-2026-05-20
way/1121093073,Umami Hotel Garden Spa,,Costa Rica,9.6560364,-82.7509773,high,70,osm-costa-rica-hotel-focused-choice-cala-2026-05-20
way/1124904076,Hostel Casa del Parque,San José,Costa Rica,9.9345709,-84.0695888,high,75,osm-costa-rica-hotel-focused-choice-cala-2026-05-20
way/1126403366,Hotel Zamora Estate,,Costa Rica,9.9348641,-84.1786066,medium,55,osm-costa-rica-hotel-focused-choice-cala-2026-05-20
way/1128333523,Cabañas Linda Vista,,Costa Rica,9.8854039,-84.1123907,medium,55,osm-costa-rica-hotel-focused-choice-cala-2026-05-20
way/1131206276,Hotel de Paso Flamingo,,Costa Rica,9.9705879,-84.1984402,medium,55,osm-costa-rica-hotel-focused-choice-cala-2026-05-20
way/1152996659,Hotel del Sur Country Club,Daniel Flores,Costa Rica,9.3399269,-83.6701859,high,75,osm-costa-rica-hotel-focused-choice-cala-2026-05-20
way/1155645705,Hotel Midey,,Costa Rica,9.9758605,-84.8379312,medium,55,osm-costa-rica-hotel-focused-choice-cala-2026-05-20
way/1157745784,Hotel El Sesteo,Mata Redonda,Costa Rica,9.9295271,-84.0990007,high,75,osm-costa-rica-hotel-focused-choice-cala-2026-05-20
way/1157993402,Hotel del Río,San Isidro de El General,Costa Rica,9.3722489,-83.6994498,high,85,osm-costa-rica-hotel-focused-choice-cala-2026-05-20
way/1159085558,Cabinas del Poás,,Costa Rica,10.0272088,-84.2509137,medium,55,osm-costa-rica-hotel-focused-choice-cala-2026-05-20
way/1160794007,Vista del Pacifico,,Costa Rica,9.4278375,-84.1543919,medium,65,osm-costa-rica-hotel-focused-choice-cala-2026-05-20
way/1164510331,Hampton Inn,Liberia,Costa Rica,10.5932075,-85.5345006,high,85,osm-costa-rica-hotel-focused-choice-cala-2026-05-20
way/1164557240,KasaVerde,Mata Redonda,Costa Rica,9.940548,-84.1012707,high,75,osm-costa-rica-hotel-focused-choice-cala-2026-05-20
way/1165435159,Hotel Parque del Lago,San José,Costa Rica,9.9349998,-84.0974924,high,75,osm-costa-rica-hotel-focused-choice-cala-2026-05-20
way/1165919439,Hotel Casino Club Colinial,San José,Costa Rica,9.9347597,-84.0742282,high,75,osm-costa-rica-hotel-focused-choice-cala-2026-05-20
way/1165981147,Hotel Le Berberac,San José,Costa Rica,9.9310748,-84.062527,high,75,osm-costa-rica-hotel-focused-choice-cala-2026-05-20
way/1167195609,Hostel Finca Escalante,San José,Costa Rica,9.9355509,-84.062745,high,75,osm-costa-rica-hotel-focused-choice-cala-2026-05-20
way/1169448413,Hotel Rincón de San José,San José,Costa Rica,9.93703,-84.0719773,high,100,osm-costa-rica-hotel-focused-choice-cala-2026-05-20
way/1169513810,Sportsmens Lodge,San José,Costa Rica,9.9378119,-84.0726647,high,75,osm-costa-rica-hotel-focused-choice-cala-2026-05-20
way/1169523558,Hotel Casino Taormina,San José,Costa Rica,9.9388607,-84.0760097,high,90,osm-costa-rica-hotel-focused-choice-cala-2026-05-20
way/1169726789,Hotel Inca Real,San José,Costa Rica,9.9388846,-84.0767772,high,75,osm-costa-rica-hotel-focused-choice-cala-2026-05-20
way/1169747800,Hotel Dunn Inn,San José,Costa Rica,9.9383953,-84.0757007,high,75,osm-costa-rica-hotel-focused-choice-cala-2026-05-20
way/1169778295,Hotel City One,San José,Costa Rica,9.9383623,-84.0794204,high,75,osm-costa-rica-hotel-focused-choice-cala-2026-05-20
way/1170043602,Hostel Van Gogh,San José,Costa Rica,9.9371632,-84.0747985,high,75,osm-costa-rica-hotel-focused-choice-cala-2026-05-20
way/1170439261,Hotel Santo Tomás,San José,Costa Rica,9.936787,-84.0763908,high,75,osm-costa-rica-hotel-focused-choice-cala-2026-05-20
way/1170981839,Hotel Diana,San José,Costa Rica,9.9352397,-84.076109,high,75,osm-costa-rica-hotel-focused-choice-cala-2026-05-20
way/1173716157,Hostal El Chante,San José,Costa Rica,9.9306744,-84.072384,high,75,osm-costa-rica-hotel-focused-choice-cala-2026-05-20
way/1173719965,Casa Ridgway,San José,Costa Rica,9.9303903,-84.0722988,high,75,osm-costa-rica-hotel-focused-choice-cala-2026-05-20
way/1176369668,B&B Jardin de los Monos,"Playa Matapalo, Savegre",Costa Rica,9.3242117,-83.9668016,high,90,osm-costa-rica-hotel-focused-choice-cala-2026-05-20
way/1184374341,Hotel Alajuela,,Costa Rica,10.0156598,-84.2142472,medium,55,osm-costa-rica-hotel-focused-choice-cala-2026-05-20
way/1184379004,Hotel 1915,,Costa Rica,10.0191276,-84.2149157,medium,55,osm-costa-rica-hotel-focused-choice-cala-2026-05-20
way/1186005771,Hotel Tabasco,,Costa Rica,10.447104,-85.7705965,medium,55,osm-costa-rica-hotel-focused-choice-cala-2026-05-20
way/1187372739,Hotel Park,Limón,Costa Rica,9.9938393,-83.0267226,high,75,osm-costa-rica-hotel-focused-choice-cala-2026-05-20
way/1188801173,Villa Celeste Katira,,Costa Rica,10.7246837,-84.9144088,medium,55,osm-costa-rica-hotel-focused-choice-cala-2026-05-20
way/1188806832,Hotel Sueño Real,Katira,Costa Rica,10.7329869,-84.9019747,high,75,osm-costa-rica-hotel-focused-choice-cala-2026-05-20
way/1191517555,Hotel El Coco,,Costa Rica,10.0045208,-84.1820623,medium,55,osm-costa-rica-hotel-focused-choice-cala-2026-05-20
way/1191517556,Casa Real,,Costa Rica,10.0054105,-84.1814811,medium,55,osm-costa-rica-hotel-focused-choice-cala-2026-05-20
way/1193172341,Hotel Montaña Monteverde,,Costa Rica,10.3116557,-84.816217,medium,55,osm-costa-rica-hotel-focused-choice-cala-2026-05-20
way/1196478601,Hotel Tucán,,Costa Rica,10.0109543,-84.2197366,medium,55,osm-costa-rica-hotel-focused-choice-cala-2026-05-20
way/1201115291,Cabinas Típicas,Puerto Viejo,Costa Rica,10.4509974,-84.0124838,high,75,osm-costa-rica-hotel-focused-choice-cala-2026-05-20
way/1208816526,El Establo Mountain Hotel,,Costa Rica,10.3173144,-84.8129679,medium,55,osm-costa-rica-hotel-focused-choice-cala-2026-05-20
way/1208816527,Los Pinos - Cabañas & Jardines,,Costa Rica,10.3119019,-84.8147759,medium,55,osm-costa-rica-hotel-focused-choice-cala-2026-05-20
way/1212412277,Holiday Inn San José,San José,Costa Rica,9.9483412,-84.1093847,high,85,osm-costa-rica-hotel-focused-choice-cala-2026-05-20
way/1216163436,Hilton Garden Inn,Alajuela,Costa Rica,10.0045673,-84.210503,high,100,osm-costa-rica-hotel-focused-choice-cala-2026-05-20
way/1217923032,Pensión Casa Rosa,San José,Costa Rica,9.9271706,-84.0748181,high,75,osm-costa-rica-hotel-focused-choice-cala-2026-05-20
way/1218133882,Pensión Relax,San José,Costa Rica,9.9299048,-84.0743169,high,75,osm-costa-rica-hotel-focused-choice-cala-2026-05-20
way/1218307633,Hotel Solo Bueno,San José,Costa Rica,9.9279016,-84.0761533,high,75,osm-costa-rica-hotel-focused-choice-cala-2026-05-20
way/1219809594,Hostel 1110,San José,Costa Rica,9.9276006,-84.0740787,high,75,osm-costa-rica-hotel-focused-choice-cala-2026-05-20
way/1219840782,Pensión Hatsuy,San José,Costa Rica,9.9286474,-84.0735261,high,75,osm-costa-rica-hotel-focused-choice-cala-2026-05-20
way/1219877703,Hostel Shakti,San José,Costa Rica,9.9300541,-84.0734045,high,75,osm-costa-rica-hotel-focused-choice-cala-2026-05-20
way/1226254257,Tulín Azul,,Costa Rica,9.5959123,-84.4810705,high,85,osm-costa-rica-hotel-focused-choice-cala-2026-05-20
way/1230227503,Loft Selva Negra,,Costa Rica,10.3378491,-84.2207782,medium,55,osm-costa-rica-hotel-focused-choice-cala-2026-05-20
way/1230232326,Hotel Torre Fuerte,,Costa Rica,10.3554636,-84.2736559,medium,65,osm-costa-rica-hotel-focused-choice-cala-2026-05-20
way/1230524757,Finca 360,,Costa Rica,10.3136079,-84.2808896,medium,55,osm-costa-rica-hotel-focused-choice-cala-2026-05-20
way/1233186846,Hotel Isla de Chira,,Costa Rica,10.0955181,-85.1869123,medium,55,osm-costa-rica-hotel-focused-choice-cala-2026-05-20
way/1233214633,Cabinas Magic Gulf,,Costa Rica,10.1097895,-85.1716575,medium,55,osm-costa-rica-hotel-focused-choice-cala-2026-05-20
way/1233561239,Cabinas Genesis,,Costa Rica,9.9751191,-84.8378603,medium,55,osm-costa-rica-hotel-focused-choice-cala-2026-05-20
way/1239790402,Zephyr Palace,,Costa Rica,9.6826275,-84.6611138,high,80,osm-costa-rica-hotel-focused-choice-cala-2026-05-20
way/1239790414,Casa Pagsuko,,Costa Rica,9.6852055,-84.657314,medium,55,osm-costa-rica-hotel-focused-choice-cala-2026-05-20
way/1239792574,Villa Lapas,,Costa Rica,9.7705956,-84.6256694,medium,55,osm-costa-rica-hotel-focused-choice-cala-2026-05-20
way/1251065183,Cabinas Felo,,Costa Rica,10.3754514,-84.3455103,medium,55,osm-costa-rica-hotel-focused-choice-cala-2026-05-20
way/1264349404,Hotel Las Orquideas,,Costa Rica,9.6362689,-84.030008,medium,55,osm-costa-rica-hotel-focused-choice-cala-2026-05-20
way/1277656934,Cabinas La Rana Roja,,Costa Rica,9.1578854,-83.7446052,medium,55,osm-costa-rica-hotel-focused-choice-cala-2026-05-20
way/1279784650,Hotel La Rosa de Sharon,,Costa Rica,10.355466,-84.2740304,medium,55,osm-costa-rica-hotel-focused-choice-cala-2026-05-20
way/1279796497,House of the Macaws,Tárcoles,Costa Rica,9.7608945,-84.626996,high,90,osm-costa-rica-hotel-focused-choice-cala-2026-05-20
way/1280023476,Hospedaje Orquídeas,,Costa Rica,10.3554612,-84.2730629,medium,65,osm-costa-rica-hotel-focused-choice-cala-2026-05-20
way/1280748655,Hotel El Tecal,,Costa Rica,9.1541731,-83.7325475,medium,65,osm-costa-rica-hotel-focused-choice-cala-2026-05-20
way/1282080317,Kinkajoungalows,,Costa Rica,8.6555354,-83.7113822,medium,55,osm-costa-rica-hotel-focused-choice-cala-2026-05-20
way/1286018779,Kuakuari,,Costa Rica,9.6455605,-84.2474073,high,70,osm-costa-rica-hotel-focused-choice-cala-2026-05-20
way/1286728832,Hotel Recreo Verde,,Costa Rica,10.3211368,-84.243812,medium,55,osm-costa-rica-hotel-focused-choice-cala-2026-05-20
way/1287543403,Hospedaje Doña koko,,Costa Rica,9.9972594,-83.0440552,medium,65,osm-costa-rica-hotel-focused-choice-cala-2026-05-20
way/1291607621,Bahia Club,,Costa Rica,9.8720895,-84.9273223,medium,55,osm-costa-rica-hotel-focused-choice-cala-2026-05-20
way/1292465817,Hotel Liberia,Liberia,Costa Rica,10.6288453,-85.4376066,high,75,osm-costa-rica-hotel-focused-choice-cala-2026-05-20
way/1304124290,Hotel Villas Playa Sámara,,Costa Rica,9.873142,-85.5083136,high,80,osm-costa-rica-hotel-focused-choice-cala-2026-05-20
way/1304766848,Pacuare Mountain Lodge,,Costa Rica,9.9397693,-83.5496387,medium,55,osm-costa-rica-hotel-focused-choice-cala-2026-05-20
way/1317792096,Eco Vida,,Costa Rica,9.5216039,-84.4333251,medium,55,osm-costa-rica-hotel-focused-choice-cala-2026-05-20
way/1335247657,Hyatt Place San Jose Pinares,,Costa Rica,9.9103966,-84.017528,medium,65,osm-costa-rica-hotel-focused-choice-cala-2026-05-20
way/1352924169,Hotel Villa Los Candiles,,Costa Rica,9.9388206,-84.1816871,medium,55,osm-costa-rica-hotel-focused-choice-cala-2026-05-20
way/1359710518,Cabinas Luz de Luna,San Jerónimo,Costa Rica,10.1055936,-84.3648543,high,75,osm-costa-rica-hotel-focused-choice-cala-2026-05-20
way/1361622224,Hotel Amavi,,Costa Rica,9.6036197,-84.6205257,medium,55,osm-costa-rica-hotel-focused-choice-cala-2026-05-20
way/1363267118,Hotel El Encuentro,,Costa Rica,10.1564032,-84.2124781,medium,55,osm-costa-rica-hotel-focused-choice-cala-2026-05-20
way/1365033233,Playa Cativo Lodge,Golfito,Costa Rica,8.6727201,-83.3055904,high,75,osm-costa-rica-hotel-focused-choice-cala-2026-05-20
way/1365402969,Volcano Lodge,La Fortuna,Costa Rica,10.4987016,-84.6870548,high,100,osm-costa-rica-hotel-focused-choice-cala-2026-05-20
way/1376401059,Casa Alexa,,Costa Rica,10.3518327,-84.2711786,medium,55,osm-costa-rica-hotel-focused-choice-cala-2026-05-20
way/1389630015,Four Points de Sheraton,Alajuela,Costa Rica,10.0126598,-84.2112623,high,85,osm-costa-rica-hotel-focused-choice-cala-2026-05-20
way/1415935559,Parismina Gamefish Lodge,,Costa Rica,10.3067489,-83.3512008,medium,65,osm-costa-rica-hotel-focused-choice-cala-2026-05-20
way/1423051456,Estación Biológica Cuericí,,Costa Rica,9.5551043,-83.6680596,medium,55,osm-costa-rica-hotel-focused-choice-cala-2026-05-20
way/1426125732,Casa de Montaña Familia Hidalgo,,Costa Rica,10.3376826,-84.2536669,medium,55,osm-costa-rica-hotel-focused-choice-cala-2026-05-20
way/1427708815,Casa Rico,Cóbano,Costa Rica,9.6565886,-85.0938141,high,100,osm-costa-rica-hotel-focused-choice-cala-2026-05-20
way/1442501175,Hotel Loma Verde,,Costa Rica,10.366621,-84.4382882,medium,55,osm-costa-rica-hotel-focused-choice-cala-2026-05-20
way/1446809153,Cabinas Piculino,,Costa Rica,9.6259873,-82.8531716,medium,55,osm-costa-rica-hotel-focused-choice-cala-2026-05-20
way/1447517378,Hotel Wilson,,Costa Rica,8.6463434,-82.9426742,medium,55,osm-costa-rica-hotel-focused-choice-cala-2026-05-20
way/1447557013,Hotel Musuco,,Costa Rica,8.6447289,-82.9436955,medium,55,osm-costa-rica-hotel-focused-choice-cala-2026-05-20
way/1448290734,Hospedaje Lawson,,Costa Rica,10.0766914,-83.2914516,medium,55,osm-costa-rica-hotel-focused-choice-cala-2026-05-20
way/1450434037,Aparthotel del Caribe,,Costa Rica,9.9994915,-83.0858549,medium,55,osm-costa-rica-hotel-focused-choice-cala-2026-05-20
way/1455706917,La Posada,,Costa Rica,10.0908382,-84.4687382,medium,55,osm-costa-rica-hotel-focused-choice-cala-2026-05-20
way/1457067787,Cabinas El Paraíso,,Costa Rica,10.3465756,-84.2614652,medium,55,osm-costa-rica-hotel-focused-choice-cala-2026-05-20
way/1462503351,Hotel Pibi Boreal,,Costa Rica,10.0339747,-84.1869292,medium,55,osm-costa-rica-hotel-focused-choice-cala-2026-05-20
way/1462884374,Residence Inn by Marriott San Jose Alajuela El Coyol,San José,Costa Rica,9.9847721,-84.2671357,high,85,osm-costa-rica-hotel-focused-choice-cala-2026-05-20
way/1466156520,Hotel San Ramón,,Costa Rica,10.0878668,-84.4731311,medium,55,osm-costa-rica-hotel-focused-choice-cala-2026-05-20
way/1467894961,Hotel Alice y Juancito,,Costa Rica,10.017675,-84.210623,medium,55,osm-costa-rica-hotel-focused-choice-cala-2026-05-20
way/1471880464,Hotel Bambú,,Costa Rica,10.0185254,-84.2089586,medium,55,osm-costa-rica-hotel-focused-choice-cala-2026-05-20
way/1472100761,Restaurante y Chalets Hortensias,,Costa Rica,10.1576792,-84.1507912,medium,55,osm-costa-rica-hotel-focused-choice-cala-2026-05-20
way/1476893535,Nosara Hideaway & Mountain View Cabins,,Costa Rica,9.9815712,-85.5346009,medium,55,osm-costa-rica-hotel-focused-choice-cala-2026-05-20
way/1482360467,MOXY Hotels,Río Segundo,Costa Rica,9.9990492,-84.2045351,high,85,osm-costa-rica-hotel-focused-choice-cala-2026-05-20
way/1483129822,La Casa del Suizo,,Costa Rica,10.0138879,-84.193713,medium,55,osm-costa-rica-hotel-focused-choice-cala-2026-05-20
way/1483981880,Ocotal Bed & Breakfast,,Costa Rica,10.5432686,-85.7177638,medium,55,osm-costa-rica-hotel-focused-choice-cala-2026-05-20
way/1486508627,Casa Lima,San José,Costa Rica,9.9451307,-84.1254386,high,100,osm-costa-rica-hotel-focused-choice-cala-2026-05-20
way/1490947897,Casa Colibrí,,Costa Rica,9.3957176,-83.6957055,medium,55,osm-costa-rica-hotel-focused-choice-cala-2026-05-20
way/1491678651,Casa Orop{endolas,,Costa Rica,10.296542,-84.202039,medium,55,osm-costa-rica-hotel-focused-choice-cala-2026-05-20
way/1491678666,Laguna Hule Lodging,,Costa Rica,10.2951837,-84.2031467,medium,55,osm-costa-rica-hotel-focused-choice-cala-2026-05-20
way/1491678667,Alojamiento y Mirador Bosque Alegre,,Costa Rica,10.295536,-84.2031025,medium,55,osm-costa-rica-hotel-focused-choice-cala-2026-05-20
way/1491678684,Alojamiento Casamaar,,Costa Rica,10.2949881,-84.2033344,medium,55,osm-costa-rica-hotel-focused-choice-cala-2026-05-20
way/1500117907,Hotel El Cerro Nicoya,,Costa Rica,10.110191,-85.3530207,medium,65,osm-costa-rica-hotel-focused-choice-cala-2026-05-20
way/1507996311,Les Voiles Blanches,,Costa Rica,10.2815884,-85.7853884,medium,65,osm-costa-rica-hotel-focused-choice-cala-2026-05-20
way/1508003510,Casa Rincón Azul,,Costa Rica,10.3496342,-84.2764084,medium,55,osm-costa-rica-hotel-focused-choice-cala-2026-05-20
way/1509968478,D Sabana Hotel,San José,Costa Rica,9.9322635,-84.0923822,high,85,osm-costa-rica-hotel-focused-choice-cala-2026-05-20
way/1509968974,Amaya's Hostel,,Costa Rica,10.3060875,-83.3497977,high,80,osm-costa-rica-hotel-focused-choice-cala-2026-05-20
way/1509986547,Green Gold Eco-Lodge,,Costa Rica,10.282595,-83.3307296,high,90,osm-costa-rica-hotel-focused-choice-cala-2026-05-20
way/1510006468,Turrialba Vista,,Costa Rica,9.8844183,-83.6279378,high,90,osm-costa-rica-hotel-focused-choice-cala-2026-05-20
way/1511167659,Doña Helen Guest House,San José,Costa Rica,9.9315646,-84.0907882,high,75,osm-costa-rica-hotel-focused-choice-cala-2026-05-20
way/1512249046,Hotel El Descanso,San José,Costa Rica,9.9338528,-84.0892188,high,75,osm-costa-rica-hotel-focused-choice-cala-2026-05-20
way/1512292396,Casa Nova,San José,Costa Rica,9.9336467,-84.0902631,high,75,osm-costa-rica-hotel-focused-choice-cala-2026-05-20
relation/3281324,Hotel Kioro Arenal,,Costa Rica,10.4912738,-84.7107521,medium,55,osm-costa-rica-hotel-focused-choice-cala-2026-05-20
relation/3333108,Tenorio Lodge,,Costa Rica,10.7125209,-85.0716222,medium,65,osm-costa-rica-hotel-focused-choice-cala-2026-05-20
relation/4553437,Los Suenos Marriott Ocean & Golf Resort,Jacó,Costa Rica,9.6530921,-84.6598335,high,85,osm-costa-rica-hotel-focused-choice-cala-2026-05-20
relation/5940595,De Haan Hotel,Jaco,Costa Rica,9.614812,-84.6293089,high,75,osm-costa-rica-hotel-focused-choice-cala-2026-05-20
relation/7557830,Pagalu Hostel,Puerto Viejo,Costa Rica,9.6549062,-82.7544012,high,75,osm-costa-rica-hotel-focused-choice-cala-2026-05-20
relation/10098545,Hotel Tortuguero Beach,Colorado,Costa Rica,10.5422653,-83.5026804,high,75,osm-costa-rica-hotel-focused-choice-cala-2026-05-20
relation/11163326,Planet Hollywood Hotel,Nacascolo,Costa Rica,10.6443973,-85.6483078,high,75,osm-costa-rica-hotel-focused-choice-cala-2026-05-20
relation/12261586,Hotel Tranquility Beach,Puerto Jiménez,Costa Rica,8.5095852,-83.3084292,high,75,osm-costa-rica-hotel-focused-choice-cala-2026-05-20
relation/12433032,Cabinas Altamira,,Costa Rica,9.3655321,-83.7123183,medium,55,osm-costa-rica-hotel-focused-choice-cala-2026-05-20
relation/12590828,Villa Jalapa,Bejuco,Costa Rica,9.8591216,-85.3999414,high,75,osm-costa-rica-hotel-focused-choice-cala-2026-05-20
relation/12725881,Hotel Sirena,,Costa Rica,8.6471227,-83.1727717,medium,60,osm-costa-rica-hotel-focused-choice-cala-2026-05-20
relation/12756253,Cabinas Los Genízaros,,Costa Rica,10.2560754,-85.0149222,medium,55,osm-costa-rica-hotel-focused-choice-cala-2026-05-20
relation/12817128,Hotel Villas San Ignacio,,Costa Rica,10.0258994,-84.2517048,medium,55,osm-costa-rica-hotel-focused-choice-cala-2026-05-20
relation/12859160,DoubleTree by Hilton San José,,Costa Rica,9.9760448,-84.1569741,medium,55,osm-costa-rica-hotel-focused-choice-cala-2026-05-20
relation/13070418,Bosque de Paz,,Costa Rica,10.2043017,-84.3171126,medium,55,osm-costa-rica-hotel-focused-choice-cala-2026-05-20
relation/13070419,Hotel El Silencio,,Costa Rica,10.2034957,-84.3051947,medium,55,osm-costa-rica-hotel-focused-choice-cala-2026-05-20
relation/13070420,Hotel Alto Palomo,,Costa Rica,10.1648157,-84.3162723,medium,55,osm-costa-rica-hotel-focused-choice-cala-2026-05-20
relation/13070421,Bajos del Toro Rooms,,Costa Rica,10.2111471,-84.3037848,medium,55,osm-costa-rica-hotel-focused-choice-cala-2026-05-20
relation/13527226,Wansemol Eco Lodge,,Costa Rica,10.343929,-84.1702443,high,70,osm-costa-rica-hotel-focused-choice-cala-2026-05-20
relation/13594039,Cabinas El Sueño,,Costa Rica,9.5241004,-84.3460054,medium,55,osm-costa-rica-hotel-focused-choice-cala-2026-05-20
relation/13699361,Cabinas La Sirenita,,Costa Rica,10.0247096,-84.2494638,medium,55,osm-costa-rica-hotel-focused-choice-cala-2026-05-20
relation/13699628,Cabinas VaccionalesDaystar,,Costa Rica,9.6168399,-84.6312611,medium,55,osm-costa-rica-hotel-focused-choice-cala-2026-05-20
relation/13699631,Cabinas El Encanto,,Costa Rica,9.6178807,-84.6234871,medium,55,osm-costa-rica-hotel-focused-choice-cala-2026-05-20
relation/13712406,Hotel La Punta,Puntarenas,Costa Rica,9.9768142,-84.8494625,high,75,osm-costa-rica-hotel-focused-choice-cala-2026-05-20
relation/13753815,Hotel Sierra Arenal,,Costa Rica,10.4704823,-84.6497539,medium,55,osm-costa-rica-hotel-focused-choice-cala-2026-05-20
relation/13757941,Cuartos del Arenal,,Costa Rica,10.4752327,-84.6444246,medium,55,osm-costa-rica-hotel-focused-choice-cala-2026-05-20
relation/13777364,Hotel Arenal Country,,Costa Rica,10.4640934,-84.6413422,medium,55,osm-costa-rica-hotel-focused-choice-cala-2026-05-20
relation/13777380,Hotel Tangara,,Costa Rica,10.4688615,-84.633071,medium,55,osm-costa-rica-hotel-focused-choice-cala-2026-05-20
relation/13794735,Hotel Sueño Dorado,,Costa Rica,10.4858614,-84.6818129,medium,55,osm-costa-rica-hotel-focused-choice-cala-2026-05-20
relation/13794741,Hotel Arenal Paraíso,La Fortuna,Costa Rica,10.5028342,-84.6956457,high,100,osm-costa-rica-hotel-focused-choice-cala-2026-05-20
relation/13794742,Miradas del Arenal,,Costa Rica,10.5031939,-84.6923689,medium,55,osm-costa-rica-hotel-focused-choice-cala-2026-05-20
relation/13805235,Hotel Iguana Azul,,Costa Rica,10.4683121,-84.456296,medium,55,osm-costa-rica-hotel-focused-choice-cala-2026-05-20
relation/13905941,Casitas Jeruti,,Costa Rica,10.3286338,-84.842713,medium,55,osm-costa-rica-hotel-focused-choice-cala-2026-05-20
relation/13922112,Elida Lodge,,Costa Rica,10.3063339,-84.8133179,high,70,osm-costa-rica-hotel-focused-choice-cala-2026-05-20
relation/14046107,Hotel Mango,Río Segundo,Costa Rica,10.00119,-84.1940192,high,75,osm-costa-rica-hotel-focused-choice-cala-2026-05-20
relation/14061524,Hotel Amapola,,Costa Rica,9.6100985,-84.6199108,medium,55,osm-costa-rica-hotel-focused-choice-cala-2026-05-20
relation/14061526,Roblemar,Jacó,Costa Rica,9.6174333,-84.6321063,high,75,osm-costa-rica-hotel-focused-choice-cala-2026-05-20
relation/14061527,Villas Estrella de Mar,,Costa Rica,9.6159516,-84.6284921,medium,55,osm-costa-rica-hotel-focused-choice-cala-2026-05-20
relation/14068348,Hotel Tabacón,La Fortuna,Costa Rica,10.4911725,-84.721964,high,75,osm-costa-rica-hotel-focused-choice-cala-2026-05-20
relation/14068350,Cabañitas El Castillo Dorado,,Costa Rica,10.426859,-84.7512496,medium,55,osm-costa-rica-hotel-focused-choice-cala-2026-05-20
relation/14338348,AC Hotel de Marriott,La Ribera,Costa Rica,9.9933118,-84.1741415,high,85,osm-costa-rica-hotel-focused-choice-cala-2026-05-20
relation/14351035,Hotel No Frills World Class Fishing,,Costa Rica,11.0170168,-84.7021089,medium,55,osm-costa-rica-hotel-focused-choice-cala-2026-05-20
relation/14372738,Peace Lodge,,Costa Rica,10.2032348,-84.16131,medium,55,osm-costa-rica-hotel-focused-choice-cala-2026-05-20
relation/14433137,Hotel Carara Ocean View,,Costa Rica,9.7626441,-84.6049505,medium,55,osm-costa-rica-hotel-focused-choice-cala-2026-05-20
relation/14607502,Resort JW Marriot Santa Cruz,,Costa Rica,10.2458158,-85.8459837,medium,55,osm-costa-rica-hotel-focused-choice-cala-2026-05-20
relation/14995615,Cahuita Lodge,,Costa Rica,9.7392391,-82.8438652,medium,55,osm-costa-rica-hotel-focused-choice-cala-2026-05-20
relation/15273609,Hotel Marriott Hacienda Belén,La Asunción,Costa Rica,9.9873144,-84.1736262,high,95,osm-costa-rica-hotel-focused-choice-cala-2026-05-20
relation/15652786,La Sabana Hotel Suites y Apartamentos,Mata Redonda,Costa Rica,9.9397071,-84.100804,high,75,osm-costa-rica-hotel-focused-choice-cala-2026-05-20
relation/15656231,Hotel Radisson San José,San Francisco,Costa Rica,9.9437537,-84.0769955,high,100,osm-costa-rica-hotel-focused-choice-cala-2026-05-20
relation/15671200,Asclepios Wellness & Spa,,Costa Rica,10.0328478,-84.2511011,medium,55,osm-costa-rica-hotel-focused-choice-cala-2026-05-20
relation/15772225,La Cusinga Lodge,,Costa Rica,9.1357924,-83.7201796,medium,55,osm-costa-rica-hotel-focused-choice-cala-2026-05-20
relation/15819665,Selina San José,San José,Costa Rica,9.9370612,-84.0723477,high,100,osm-costa-rica-hotel-focused-choice-cala-2026-05-20
relation/15970258,Motel La Princesa,Río Segundo,Costa Rica,10.0081708,-84.1742089,high,75,osm-costa-rica-hotel-focused-choice-cala-2026-05-20
relation/16235450,Hotel El Bambú,Puerto Viejo,Costa Rica,10.455582,-84.0093784,high,75,osm-costa-rica-hotel-focused-choice-cala-2026-05-20
relation/16410779,Barceló San José,San José,Costa Rica,9.9455058,-84.1049306,high,85,osm-costa-rica-hotel-focused-choice-cala-2026-05-20
relation/16417294,Sirena Biological Station,,Costa Rica,8.4801273,-83.5892371,medium,55,osm-costa-rica-hotel-focused-choice-cala-2026-05-20
relation/16809101,Sueño de Luna,,Costa Rica,10.3749313,-84.3335076,medium,55,osm-costa-rica-hotel-focused-choice-cala-2026-05-20
relation/16864115,Hotel Las Hamacas,Puntarenas,Costa Rica,9.9753811,-84.8345968,high,75,osm-costa-rica-hotel-focused-choice-cala-2026-05-20
relation/18007767,Azura Hotel Area,Sámara,Costa Rica,9.8720135,-85.5075637,high,100,osm-costa-rica-hotel-focused-choice-cala-2026-05-20
relation/19649843,Hotel El Palenque,,Costa Rica,9.6697827,-84.0254791,medium,55,osm-costa-rica-hotel-focused-choice-cala-2026-05-20
relation/19936556,Cabinas Arrullos del Río,,Costa Rica,10.3720813,-84.2960774,medium,55,osm-costa-rica-hotel-focused-choice-cala-2026-05-20
relation/20207076,Hotel AC,,Costa Rica,9.9374705,-84.1426461,medium,65,osm-costa-rica-hotel-focused-choice-cala-2026-05-20
relation/20641970,Hotel Grano de Oro,San José,Costa Rica,9.9339012,-84.0931352,high,75,osm-costa-rica-hotel-focused-choice-cala-2026-05-20
