sourceRecordId,rawHotelName,rawCity,resolvedCity,rawWebsite,resolvedWebsite,qualityScore,route,reason,matchedBrand,censusRecommendedAction,wikidataQid,wikidataCity,wikidataWebsite,wikidataMatchConfidence,wikidataMatchScore,plan_tier,plan_next
node/9829772,Bohio Cabarete,,,,,55,independent_unaffiliated_candidate,no_active_brand_signal,,likely_new_candidate,Q56611904,,,none,10,hard_case_no_website_no_city,webhound_candidate_after_wikidata
node/270997923,Breezes,,,,,55,route_known_chain_not_active,known_chain_name,Breezes (SuperClubs),likely_new_candidate,,,,,,excluded_not_independent,route_to_branded_or_steward
node/287032841,Dreams Palm Beach Resort,,,,,55,route_known_chain_not_active,known_chain_name,Dreams (Hyatt Inclusive Collection),likely_new_candidate,,,,,,excluded_not_independent,route_to_branded_or_steward
node/302771731,Natura Park Beach Eco Resort & Spa,Punta Cana,Punta Cana,https://www.blaunaturapark.com/en/,https://www.blaunaturapark.com/en/,100,route_known_chain_not_active,osm_brand_tag_known_chain,Blau Hotels,likely_new_candidate,Q6038750,Punta Cana,,medium,55,excluded_not_independent,route_to_branded_or_steward
node/302771860,Catalonia Punta Cana,,,,,65,route_known_chain_not_active,known_chain_name,Catalonia,likely_new_candidate,,,,,,excluded_not_independent,route_to_branded_or_steward
node/302771929,Be Live Grand Bavaro,,,,,55,route_known_chain_not_active,known_chain_name,Be Live,likely_new_candidate,,,,,,excluded_not_independent,route_to_branded_or_steward
node/302800763,Wyndham Alltra Punta Cana,,,,,55,route_known_chain_not_active,known_chain_name,Wyndham,likely_existing,Q111414787,,,none,20,excluded_not_independent,route_to_branded_or_steward
node/314357718,Paraiso Caño Hondo,,,https://www.paraisocanohondo.com/home.aspx,https://www.paraisocanohondo.com/home.aspx,80,independent_unaffiliated_candidate,no_active_brand_signal,,likely_new_candidate,Q112020319,,,low,45,enrich_city_then_promote,city_from_wikidata_or_geocode_steward
node/314446408,Hamaca,,,,,55,independent_unaffiliated_candidate,no_active_brand_signal,,likely_new_candidate,Q111414755,,,high,75,wikidata_matched_needs_website,official_site_lookup_or_webhound_hard_case
node/340092385,Natura Cabañas,,,,,55,independent_unaffiliated_candidate,no_active_brand_signal,,likely_existing,,,,,,hard_case_no_website_no_city,webhound_candidate_after_wikidata
node/349121944,Camp David Ranch,Santiago,Santiago,https://www.campdavidranch.com/,https://www.campdavidranch.com/,100,independent_unaffiliated_candidate,no_active_brand_signal,,likely_existing,Q111884818,,,medium,65,reconcile_legacy_census,link_not_insert
node/349126361,Cabaña Touristicá,,,,,55,independent_unaffiliated_candidate,no_active_brand_signal,,likely_new_candidate,,,,,,hard_case_no_website_no_city,webhound_candidate_after_wikidata
node/349129742,Hotel RIU Mambo,Maimón,Maimón,http://www.riu.com/de/clubhotel-riu-mambo-puerto-plata-dominikanische-republik.html,http://www.riu.com/de/clubhotel-riu-mambo-puerto-plata-dominikanische-republik.html,100,route_known_chain_not_active,known_chain_domain,RIU,likely_new_candidate,,,,,,excluded_not_independent,route_to_branded_or_steward
node/349134300,Hotel Llave Del Mar,,,,,55,independent_unaffiliated_candidate,no_active_brand_signal,,likely_new_candidate,,,,,,hard_case_no_website_no_city,webhound_candidate_after_wikidata
node/349174881,Hotel Ambar,,,,,55,independent_unaffiliated_candidate,no_active_brand_signal,,likely_new_candidate,,,,,,hard_case_no_website_no_city,webhound_candidate_after_wikidata
node/353014054,Hotel Monterrey,Santiago,Santiago,,,75,independent_unaffiliated_candidate,no_active_brand_signal,,likely_new_candidate,,,,,,needs_research,manual_or_secondary_source
node/354626498,Hotel Sun Village,,,,,55,independent_unaffiliated_candidate,no_active_brand_signal,,likely_new_candidate,Q111884791,,,none,20,hard_case_no_website_no_city,webhound_candidate_after_wikidata
node/354627440,Hotel RIU Merengue,Maimón,Maimón,http://www.riu.com/de/clubhotel-riu-merengue-puerto-plata-dominikanische-republik.html,http://www.riu.com/de/clubhotel-riu-merengue-puerto-plata-dominikanische-republik.html,100,route_known_chain_not_active,known_chain_domain,RIU,likely_new_candidate,Q111414766,,,low,45,excluded_not_independent,route_to_branded_or_steward
node/354627549,Hotel RIU Bachata,Maimón,Maimón,http://www.riu.com/de/clubhotel-riu-bachata-puerto-plata-dominikanische-republik.html,http://www.riu.com/de/clubhotel-riu-bachata-puerto-plata-dominikanische-republik.html,100,route_known_chain_not_active,known_chain_domain,RIU,likely_new_candidate,,,,,,excluded_not_independent,route_to_branded_or_steward
node/370189077,Hostal del Cibao,Santiago,Santiago,,,75,independent_unaffiliated_candidate,no_active_brand_signal,,likely_new_candidate,,,,,,needs_research,manual_or_secondary_source
node/373851323,Hotel Europa,Sosua,Sosua,http://www.hotelplazaeuropa.com,http://www.hotelplazaeuropa.com,100,independent_unaffiliated_candidate,no_active_brand_signal,,needs_research,Q111884782,Sosúa,,none,25,promote_plan_l1_ready,dry_run_census_insert_affiliation_independent
node/374309471,Hotel Luperón,Ciudad Marina,Ciudad Marina,,,85,independent_unaffiliated_candidate,no_active_brand_signal,,likely_new_candidate,,,,,,needs_research,manual_or_secondary_source
node/431025349,Barceló Bávaro Palace Deluxe,,,http://www.barcelobavarocaribe.com/,http://www.barcelobavarocaribe.com/,70,route_known_chain_not_active,known_chain_domain,Barceló,needs_research,Q19873054,,,high,77,excluded_not_independent,route_to_branded_or_steward
node/587971075,Sosua by the sea Boutique Beach Resort,,,,,55,independent_unaffiliated_candidate,no_active_brand_signal,,likely_existing,Q111884778,,,low,32,hard_case_no_website_no_city,webhound_candidate_after_wikidata
node/593861352,Hotel Casa Cayena Club,,Sosúa,,,55,independent_unaffiliated_candidate,no_active_brand_signal,,likely_existing,Q112020288,Sosúa,,low,45,hard_case_no_website_no_city,webhound_candidate_after_wikidata
node/593861356,Hotel El Rancho Sosua,,,,,55,independent_unaffiliated_candidate,no_active_brand_signal,,needs_research,Q111884775,,,high,90,wikidata_matched_needs_website,official_site_lookup_or_webhound_hard_case
node/593861357,Hotel Sea Breeze,,,,,55,independent_unaffiliated_candidate,no_active_brand_signal,,needs_research,Q112020289,,,high,75,wikidata_matched_needs_website,official_site_lookup_or_webhound_hard_case
node/593865998,Hotel Central,,,,,55,independent_unaffiliated_candidate,no_active_brand_signal,,likely_new_candidate,,,,,,hard_case_no_website_no_city,webhound_candidate_after_wikidata
node/596663088,Hotel Crowne Plaza,Santo Domingo,Santo Domingo,,,85,route_branded_active_setup,name_alias_match,Crowne Plaza,likely_new_candidate,Q111414842,Santo Domingo,,none,25,excluded_not_independent,route_to_branded_or_steward
node/596733948,Hotel Dorado,,,,,55,independent_unaffiliated_candidate,no_active_brand_signal,,likely_new_candidate,,,,,,hard_case_no_website_no_city,webhound_candidate_after_wikidata
node/596733953,Hotel Colonial Delux,,,,,55,independent_unaffiliated_candidate,no_active_brand_signal,,likely_new_candidate,,,,,,hard_case_no_website_no_city,webhound_candidate_after_wikidata
node/596733956,Hotel Colonial,,,,,55,independent_unaffiliated_candidate,no_active_brand_signal,,likely_new_candidate,,,,,,hard_case_no_website_no_city,webhound_candidate_after_wikidata
node/597453526,Hostal Nicolas De Ovando,,,,,55,independent_unaffiliated_candidate,no_active_brand_signal,,needs_research,Q111414846,,,medium,60,wikidata_matched_needs_website,official_site_lookup_or_webhound_hard_case
node/597456591,Hodelpa Novus Plaza,,Santo Domingo,,,55,route_known_chain_not_active,known_chain_name,Hodelpa,likely_existing,Q111884828,Santo Domingo,,high,90,excluded_not_independent,route_to_branded_or_steward
node/635204441,Club Med,,,,,65,route_known_chain_not_active,known_chain_name,Club Med,likely_existing,,,,,,excluded_not_independent,route_to_branded_or_steward
node/711144134,Ecocampo La Sangría,,,,,55,independent_unaffiliated_candidate,no_active_brand_signal,,likely_new_candidate,Q112020337,,,low,45,hard_case_no_website_no_city,webhound_candidate_after_wikidata
node/735974664,Tierra Plana Hostal,,,,,55,independent_unaffiliated_candidate,no_active_brand_signal,,likely_new_candidate,,,,,,hard_case_no_website_no_city,webhound_candidate_after_wikidata
node/862661684,Hotel La Mansion,,,,,55,independent_unaffiliated_candidate,no_active_brand_signal,,needs_research,,,,,,hard_case_no_website_no_city,webhound_candidate_after_wikidata
node/928315117,Apartahotel Drake,,,,,55,independent_unaffiliated_candidate,no_active_brand_signal,,likely_new_candidate,,,,,,hard_case_no_website_no_city,webhound_candidate_after_wikidata
node/988991741,Costa Las Ballenas,,,,,55,independent_unaffiliated_candidate,no_active_brand_signal,,likely_new_candidate,Q112020313,,,low,32,hard_case_no_website_no_city,webhound_candidate_after_wikidata
node/989009324,Acaya,,,,,55,independent_unaffiliated_candidate,no_active_brand_signal,,likely_new_candidate,Q112020315,,,none,20,hard_case_no_website_no_city,webhound_candidate_after_wikidata
node/1069945606,Hotel Atarazana,,,http://www.hotel-atarazana.com,http://www.hotel-atarazana.com,85,independent_unaffiliated_candidate,no_active_brand_signal,,likely_new_candidate,Q112020385,,,low,45,enrich_city_then_promote,city_from_wikidata_or_geocode_steward
node/1188149592,Hotel Pinar Dorado,,,,,55,independent_unaffiliated_candidate,no_active_brand_signal,,likely_existing,,,,,,hard_case_no_website_no_city,webhound_candidate_after_wikidata
node/1207422127,Be Live Grand Marien Hotel,,,,,55,route_known_chain_not_active,known_chain_name,Be Live,likely_new_candidate,Q111414753,,,low,32,excluded_not_independent,route_to_branded_or_steward
node/1234382123,Emotion By Hodelpa.,,,,,55,route_known_chain_not_active,known_chain_name,Hodelpa,likely_new_candidate,Q111414751,,,low,45,excluded_not_independent,route_to_branded_or_steward
node/1238948840,hotel arcardo,,,,,55,independent_unaffiliated_candidate,no_active_brand_signal,,likely_new_candidate,,,,,,hard_case_no_website_no_city,webhound_candidate_after_wikidata
node/1238959353,"ALJIBE CAFE, Cocktail",,,,,55,independent_unaffiliated_candidate,no_active_brand_signal,,likely_new_candidate,,,,,,hard_case_no_website_no_city,webhound_candidate_after_wikidata
node/1249539089,Hotel Salinas,,,,,65,independent_unaffiliated_candidate,no_active_brand_signal,,likely_new_candidate,,,,,,hard_case_no_website_no_city,webhound_candidate_after_wikidata
node/1249982946,Ocean resort,,,,,55,independent_unaffiliated_candidate,no_active_brand_signal,,likely_new_candidate,,,,,,hard_case_no_website_no_city,webhound_candidate_after_wikidata
node/1259953316,Hotel Playazul,,,,,55,independent_unaffiliated_candidate,no_active_brand_signal,,likely_new_candidate,,,,,,hard_case_no_website_no_city,webhound_candidate_after_wikidata
node/1259992880,Hotel Casablanca,,,http://www.hotelcasablanca.com.do/de-ch/,http://www.hotelcasablanca.com.do/de-ch/,80,independent_unaffiliated_candidate,no_active_brand_signal,,likely_new_candidate,,,,,,enrich_city_then_promote,city_from_wikidata_or_geocode_steward
node/1259992888,Hotel Quemaito,,,,,55,independent_unaffiliated_candidate,no_active_brand_signal,,likely_new_candidate,Q111884790,,,medium,60,wikidata_matched_needs_website,official_site_lookup_or_webhound_hard_case
node/1391142503,terra linda,,,,,55,independent_unaffiliated_candidate,no_active_brand_signal,,likely_new_candidate,Q111884774,,,high,75,wikidata_matched_needs_website,official_site_lookup_or_webhound_hard_case
node/1391142506,Casa Valeria,,,,,55,independent_unaffiliated_candidate,no_active_brand_signal,,likely_new_candidate,,,,,,hard_case_no_website_no_city,webhound_candidate_after_wikidata
node/1391142519,Hotel Orchidee,,,http://www.hotelorchidee.ch,http://www.hotelorchidee.ch,70,independent_unaffiliated_candidate,no_active_brand_signal,,likely_new_candidate,,,,,,enrich_city_then_promote,city_from_wikidata_or_geocode_steward
node/1391142522,New Garden,,,,,55,independent_unaffiliated_candidate,no_active_brand_signal,,likely_new_candidate,Q111884776,,,high,75,wikidata_matched_needs_website,official_site_lookup_or_webhound_hard_case
node/1405141122,Lifestyle Holidays Vacation Club,,,,,55,independent_unaffiliated_candidate,no_active_brand_signal,,likely_new_candidate,,,,,,hard_case_no_website_no_city,webhound_candidate_after_wikidata
node/1414756925,Aventura,La Canela,La Canela,,,75,independent_unaffiliated_candidate,no_active_brand_signal,,likely_new_candidate,Q111884806,,,low,40,needs_research,manual_or_secondary_source
node/1454279355,Aladino,,,,,55,independent_unaffiliated_candidate,no_active_brand_signal,,likely_new_candidate,,,,,,hard_case_no_website_no_city,webhound_candidate_after_wikidata
node/1600567851,Hotel,,,,,55,independent_unaffiliated_candidate,no_active_brand_signal,,likely_existing,Q111414782,,,low,40,hard_case_no_website_no_city,webhound_candidate_after_wikidata
node/1635256169,Coconut Palms Resort,,,,,55,independent_unaffiliated_candidate,no_active_brand_signal,,likely_new_candidate,Q112020293,,,low,32,hard_case_no_website_no_city,webhound_candidate_after_wikidata
node/1643715292,Eva Luna,,,,,55,independent_unaffiliated_candidate,no_active_brand_signal,,likely_new_candidate,,,,,,hard_case_no_website_no_city,webhound_candidate_after_wikidata
node/1650284822,Hotel Palapa,,,https://www.palapabeachclub.com/,https://www.palapabeachclub.com/,70,independent_unaffiliated_candidate,no_active_brand_signal,,likely_new_candidate,Q111122869,,,low,45,enrich_city_then_promote,city_from_wikidata_or_geocode_steward
node/1653013577,Secrets Royal Beach Punta Cana,Punta Cana,Punta Cana,https://www.hyatt.com/en-US/hotel/dominican-republic/secrets-royal-beach/serpc,https://www.hyatt.com/en-US/hotel/dominican-republic/secrets-royal-beach/serpc,100,route_known_chain_not_active,known_chain_domain,Hyatt,possible_duplicate_review,Q7065415,Punta Cana,http://nowresorts.com/larimar/,low,47,excluded_not_independent,route_to_branded_or_steward
node/1739578195,Hotel Las Caobas,,,,,55,independent_unaffiliated_candidate,no_active_brand_signal,,likely_new_candidate,Q112020283,,,high,90,wikidata_matched_needs_website,official_site_lookup_or_webhound_hard_case
node/1745039683,Aparta Hotel Plaza del Sol,,Santo Domingo,,,55,independent_unaffiliated_candidate,no_active_brand_signal,,likely_new_candidate,Q112020373,Santo Domingo,,high,90,wikidata_matched_needs_website,official_site_lookup_or_webhound_hard_case
node/1825887426,Sivory Punta Cana,,,,,55,independent_unaffiliated_candidate,no_active_brand_signal,,likely_existing,,,,,,hard_case_no_website_no_city,webhound_candidate_after_wikidata
node/1837180673,Hotel Dilenia,,,,,55,independent_unaffiliated_candidate,no_active_brand_signal,,likely_new_candidate,,,,,,hard_case_no_website_no_city,webhound_candidate_after_wikidata
node/1837180781,Hotel Colinas del Valle,,,,,55,independent_unaffiliated_candidate,no_active_brand_signal,,likely_new_candidate,,,,,,hard_case_no_website_no_city,webhound_candidate_after_wikidata
node/1837226525,Hote Mi Casa,,,,,55,independent_unaffiliated_candidate,no_active_brand_signal,,likely_new_candidate,,,,,,hard_case_no_website_no_city,webhound_candidate_after_wikidata
node/1846307890,Hotel Vista del Valle,,,,,55,independent_unaffiliated_candidate,no_active_brand_signal,,likely_new_candidate,,,,,,hard_case_no_website_no_city,webhound_candidate_after_wikidata
node/1853487108,AltoCerro,,,,,55,independent_unaffiliated_candidate,no_active_brand_signal,,likely_new_candidate,,,,,,hard_case_no_website_no_city,webhound_candidate_after_wikidata
node/1857882814,Rancho Wendy,,,,,55,independent_unaffiliated_candidate,no_active_brand_signal,,likely_new_candidate,,,,,,hard_case_no_website_no_city,webhound_candidate_after_wikidata
node/1869448927,Rancho Guaraguao,,,,,55,independent_unaffiliated_candidate,no_active_brand_signal,,likely_new_candidate,,,,,,hard_case_no_website_no_city,webhound_candidate_after_wikidata
node/1869448950,Rancho Guaraguao,,,,,55,independent_unaffiliated_candidate,no_active_brand_signal,,likely_new_candidate,,,,,,hard_case_no_website_no_city,webhound_candidate_after_wikidata
node/1882822690,Hostal Condo Parque,,,,,55,independent_unaffiliated_candidate,no_active_brand_signal,,likely_new_candidate,,,,,,hard_case_no_website_no_city,webhound_candidate_after_wikidata
node/1888636757,Las Canas,,,,,55,independent_unaffiliated_candidate,no_active_brand_signal,,likely_new_candidate,,,,,,hard_case_no_website_no_city,webhound_candidate_after_wikidata
node/1923936533,Habitaciones Don Pedro,,,,,55,independent_unaffiliated_candidate,no_active_brand_signal,,likely_new_candidate,,,,,,hard_case_no_website_no_city,webhound_candidate_after_wikidata
node/1923964921,Fior Di Loto,,,,,55,independent_unaffiliated_candidate,no_active_brand_signal,,likely_new_candidate,,,,,,hard_case_no_website_no_city,webhound_candidate_after_wikidata
node/1982167840,Hotel Piedra Marron,,,,,55,independent_unaffiliated_candidate,no_active_brand_signal,,likely_new_candidate,,,,,,hard_case_no_website_no_city,webhound_candidate_after_wikidata
node/2020735712,Hotel Gran Jimenoa,,Jarabacoa,,,55,independent_unaffiliated_candidate,no_active_brand_signal,,likely_existing,Q111884764,Jarabacoa,,high,90,wikidata_matched_needs_website,official_site_lookup_or_webhound_hard_case
node/2088794004,Casa Cosón,,,,,55,independent_unaffiliated_candidate,no_active_brand_signal,,likely_new_candidate,,,,,,hard_case_no_website_no_city,webhound_candidate_after_wikidata
node/2099118549,Hotel Coco Plaza,,,,,55,independent_unaffiliated_candidate,no_active_brand_signal,,likely_new_candidate,Q112020320,,,high,90,wikidata_matched_needs_website,official_site_lookup_or_webhound_hard_case
node/2100292687,Hotel Rancho La Cueva,,,,,55,independent_unaffiliated_candidate,no_active_brand_signal,,likely_new_candidate,,,,,,hard_case_no_website_no_city,webhound_candidate_after_wikidata
node/2101999280,Hotel San Ramon,Azua,Azua,,,85,independent_unaffiliated_candidate,no_active_brand_signal,,likely_new_candidate,,,,,,needs_research,manual_or_secondary_source
node/2106184527,Hard Rock Hotel & Casino Punta Cana - All inclusive,Punta Cana,Punta Cana,https://hotel.hardrock.com/punta-cana,https://hotel.hardrock.com/punta-cana,100,route_known_chain_not_active,known_chain_name,Hard Rock Hotels,likely_existing,Q111414792,,,high,90,excluded_not_independent,route_to_branded_or_steward
node/2106239024,Hostal Kevin,,,,,55,independent_unaffiliated_candidate,no_active_brand_signal,,likely_new_candidate,Q112020304,,,none,20,hard_case_no_website_no_city,webhound_candidate_after_wikidata
node/2110576737,Casa de Campo,,La Romana,,http://www.casadecampo.com.do/,55,independent_unaffiliated_candidate,no_active_brand_signal,,needs_research,Q2033262,La Romana,http://www.casadecampo.com.do/,low,40,enrich_city_then_promote,city_from_wikidata_or_geocode_steward
node/2172701438,Casa Bonita,,,https://www.slh.com/,https://www.slh.com/,70,route_branded_official_domain,official_brand_domain,,likely_new_candidate,Q111884800,,,medium,62,excluded_not_independent,route_to_branded_or_steward
node/2175061135,Hotel San Jose,,,,,55,independent_unaffiliated_candidate,no_active_brand_signal,,likely_new_candidate,,,,,,hard_case_no_website_no_city,webhound_candidate_after_wikidata
node/2175099044,Hotel Santa Clara,,,,,55,independent_unaffiliated_candidate,no_active_brand_signal,,likely_new_candidate,,,,,,hard_case_no_website_no_city,webhound_candidate_after_wikidata
node/2175099050,Master Hotel La Ceiba,,,,,55,independent_unaffiliated_candidate,no_active_brand_signal,,likely_new_candidate,,,,,,hard_case_no_website_no_city,webhound_candidate_after_wikidata
node/2178758745,Cacique Hotel,,,,,70,independent_unaffiliated_candidate,no_active_brand_signal,,likely_new_candidate,,,,,,hard_case_no_website_no_city,webhound_candidate_after_wikidata
node/2223972849,Centro de Servicios Comunitarios,Santo Domingo Oeste,Santo Domingo Oeste,,,75,independent_unaffiliated_candidate,no_active_brand_signal,,likely_new_candidate,,,,,,needs_research,manual_or_secondary_source
node/2262714721,Dreams Royal Beach Punta Cana,Punta Cana,Punta Cana,https://www.dreamsresorts.com/en/resorts-hotels/dreams/,https://www.dreamsresorts.com/en/resorts-hotels/dreams/,100,route_known_chain_not_active,known_chain_domain,Dreams (Hyatt Inclusive Collection),possible_duplicate_review,Q111414819,,,high,77,excluded_not_independent,route_to_branded_or_steward
node/2290696239,Principe Bahia Cayo Levantado,,,,,55,independent_unaffiliated_candidate,no_active_brand_signal,,likely_new_candidate,,,,,,hard_case_no_website_no_city,webhound_candidate_after_wikidata
node/2333150150,Caliente Caribe,Cabrera,Cabrera,,,75,independent_unaffiliated_candidate,no_active_brand_signal,,likely_new_candidate,,,,,,needs_research,manual_or_secondary_source
node/2340839097,Consejo Nacional para la Niñez y la Adolescencia,,,,,55,independent_unaffiliated_candidate,no_active_brand_signal,,likely_new_candidate,,,,,,hard_case_no_website_no_city,webhound_candidate_after_wikidata
node/2365189081,Hotel Brisas del Yaque,,,,,60,independent_unaffiliated_candidate,no_active_brand_signal,,likely_new_candidate,,,,,,hard_case_no_website_no_city,webhound_candidate_after_wikidata
node/2377448089,Aurora del Sol Hotel y Casino,Santo Domingo Este,Santo Domingo Este,,,75,independent_unaffiliated_candidate,no_active_brand_signal,,likely_new_candidate,,,,,,needs_research,manual_or_secondary_source
node/2554070792,Independencia,,,,,70,independent_unaffiliated_candidate,no_active_brand_signal,,likely_new_candidate,,,,,,hard_case_no_website_no_city,webhound_candidate_after_wikidata
node/2590998150,Cabana Elke,,,,,55,independent_unaffiliated_candidate,no_active_brand_signal,,likely_new_candidate,,,,,,hard_case_no_website_no_city,webhound_candidate_after_wikidata
node/2613933314,Los Gringos,,,,,55,independent_unaffiliated_candidate,no_active_brand_signal,,likely_new_candidate,Q112020285,,,low,45,hard_case_no_website_no_city,webhound_candidate_after_wikidata
node/2613949124,Four Points by Sheraton,Punta Cana,Punta Cana,,,95,route_branded_active_setup,name_alias_match,Four Points by Sheraton,likely_existing,Q111414828,,,medium,62,excluded_not_independent,route_to_branded_or_steward
node/2720148366,New Parisian,,,,,55,independent_unaffiliated_candidate,no_active_brand_signal,,likely_new_candidate,,,,,,hard_case_no_website_no_city,webhound_candidate_after_wikidata
node/2724424280,Cabaña Anwis,SAN FRANCISCO DE MACORIS,SAN FRANCISCO DE MACORIS,,,75,independent_unaffiliated_candidate,no_active_brand_signal,,likely_new_candidate,,,,,,needs_research,manual_or_secondary_source
node/2724999922,Hotel Libano,,,,,55,independent_unaffiliated_candidate,no_active_brand_signal,,likely_new_candidate,,,,,,hard_case_no_website_no_city,webhound_candidate_after_wikidata
node/2778735252,Sheraton,,,,,65,route_branded_active_setup,osm_brand_tag,Sheraton,likely_existing,Q111414844,,,medium,62,excluded_not_independent,route_to_branded_or_steward
node/2836668830,Las Olas Luxury Villas,,,https://www.dominicana.life/,https://www.dominicana.life/,70,independent_unaffiliated_candidate,no_active_brand_signal,,likely_new_candidate,,,,,,enrich_city_then_promote,city_from_wikidata_or_geocode_steward
node/2866813906,Sensimar Punta Cana Villas & Suites,,,,,65,route_known_chain_not_active,osm_brand_tag_known_chain,RIU,likely_new_candidate,,,,,,excluded_not_independent,route_to_branded_or_steward
node/2955259538,Hotel Villa Colonial,Santo Domingo,Santo Domingo,,,75,independent_unaffiliated_candidate,no_active_brand_signal,,likely_new_candidate,Q111884825,,,high,90,wikidata_matched_needs_website,official_site_lookup_or_webhound_hard_case
node/2966028861,Hotel Alegria,,,,,55,independent_unaffiliated_candidate,no_active_brand_signal,,likely_new_candidate,Q111884771,,,high,90,wikidata_matched_needs_website,official_site_lookup_or_webhound_hard_case
node/2998189889,Hotel Occidental Allegro Playa Dorada,,,,,55,route_known_chain_not_active,known_chain_name,Occidental,needs_research,,,,,,excluded_not_independent,route_to_branded_or_steward
node/2998191668,Barceló Puerto Plata,,,,,55,route_known_chain_not_active,known_chain_name,Barceló,needs_research,,,,,,excluded_not_independent,route_to_branded_or_steward
node/2998191669,Hotel Gran Ventana,,,,,55,independent_unaffiliated_candidate,no_active_brand_signal,,likely_new_candidate,,,,,,hard_case_no_website_no_city,webhound_candidate_after_wikidata
node/2998196506,Sunshade Puerto Plata All Inclusive,,,,,55,independent_unaffiliated_candidate,no_active_brand_signal,,likely_new_candidate,Q111414750,,,medium,60,wikidata_matched_needs_website,official_site_lookup_or_webhound_hard_case
node/2998208193,Celuisma Playa Dorada Beach Hotel,,,,,55,independent_unaffiliated_candidate,no_active_brand_signal,,likely_new_candidate,Q111414747,,,low,32,hard_case_no_website_no_city,webhound_candidate_after_wikidata
node/3015649822,Occidental Caribe (former Barcelo Punta Cana),,,,,65,route_known_chain_not_active,known_chain_name,Barceló,likely_existing,Q111414794,,,none,20,excluded_not_independent,route_to_branded_or_steward
node/3051207800,Castillo Romano,,,,,55,independent_unaffiliated_candidate,no_active_brand_signal,,likely_new_candidate,Q112020322,,,high,77,wikidata_matched_needs_website,official_site_lookup_or_webhound_hard_case
node/3066001703,312 by Estancia,,,,,55,independent_unaffiliated_candidate,no_active_brand_signal,,likely_new_candidate,,,,,,hard_case_no_website_no_city,webhound_candidate_after_wikidata
node/3073004437,Hotel Del Valle,,,,,55,independent_unaffiliated_candidate,no_active_brand_signal,,likely_new_candidate,,,,,,hard_case_no_website_no_city,webhound_candidate_after_wikidata
node/3076134847,Ultravioleta Boutique Residences,,,,,55,independent_unaffiliated_candidate,no_active_brand_signal,,likely_new_candidate,Q111884772,,,high,77,wikidata_matched_needs_website,official_site_lookup_or_webhound_hard_case
node/3125134748,Hotel Restaurante El Barcon,,,,,55,independent_unaffiliated_candidate,no_active_brand_signal,,likely_new_candidate,,,,,,hard_case_no_website_no_city,webhound_candidate_after_wikidata
node/3145200062,Royalton hotel punta cana,,,,,55,independent_unaffiliated_candidate,no_active_brand_signal,,likely_new_candidate,,,,,,hard_case_no_website_no_city,webhound_candidate_after_wikidata
node/3145204521,Occidental Caribe (former Barcelo Punta Cana),Bavaro,Bavaro,,,85,route_known_chain_not_active,known_chain_name,Barceló,likely_existing,,,,,,excluded_not_independent,route_to_branded_or_steward
node/3145252104,Grand Bahia Principe Punta Cana,,,,,55,route_known_chain_not_active,known_chain_name,Bahía Príncipe,likely_existing,Q111414799,,,medium,65,excluded_not_independent,route_to_branded_or_steward
node/3145261362,Riu Palace Punta Cana,Punta Cana,Punta Cana,,,85,route_known_chain_not_active,known_chain_name,RIU,likely_existing,Q111414800,Punta Cana,,low,35,excluded_not_independent,route_to_branded_or_steward
node/3154070396,Excellence Punta Cana,Punta Cana,Punta Cana,https://www.excellenceresorts.com/resorts/excellence-punta-cana/destination/,https://www.excellenceresorts.com/resorts/excellence-punta-cana/destination/,100,route_known_chain_not_active,known_chain_domain,Excellence Resorts,likely_existing,,,,,,excluded_not_independent,route_to_branded_or_steward
node/3154071208,Zoetry Agua,,,,,55,independent_unaffiliated_candidate,no_active_brand_signal,,likely_existing,Q111414785,,,medium,62,wikidata_matched_needs_website,official_site_lookup_or_webhound_hard_case
node/3154209897,TIPICAS CASETAS HOTEL,,,,,55,independent_unaffiliated_candidate,no_active_brand_signal,,likely_new_candidate,Q111414786,,,low,45,hard_case_no_website_no_city,webhound_candidate_after_wikidata
node/3158269100,Hotel Plaza Coral,,,http://hotel.plazacoral.net,http://hotel.plazacoral.net,80,independent_unaffiliated_candidate,no_active_brand_signal,,likely_new_candidate,Q112020370,,,high,90,enrich_city_then_promote,city_from_wikidata_or_geocode_steward
node/3159460065,Sanctuary Cap Cana,,,,,55,independent_unaffiliated_candidate,no_active_brand_signal,,likely_existing,,,,,,hard_case_no_website_no_city,webhound_candidate_after_wikidata
node/3161538019,Real Intercontinental,"Santo Domingo , Rep Dominicana","Santo Domingo , Rep Dominicana",,,75,route_known_chain_not_active,known_chain_name,InterContinental,needs_research,Q111414835,,,low,45,excluded_not_independent,route_to_branded_or_steward
node/3198643977,Villa Serena Hotel,,,,,55,independent_unaffiliated_candidate,no_active_brand_signal,,likely_existing,,,,,,hard_case_no_website_no_city,webhound_candidate_after_wikidata
node/3216771022,Radisson Hotel Santo Domingo,Santo Domingo,Santo Domingo,https://www.radisson.com/santo-domingo-hotel-do-10124/domsddr,https://www.radisson.com/santo-domingo-hotel-do-10124/domsddr,100,route_branded_active_setup,osm_brand_tag,Radisson by Choice,likely_existing,Q111414836,,,high,90,excluded_not_independent,route_to_branded_or_steward
node/3228673796,Hostel Punta Cana,,,,,55,independent_unaffiliated_candidate,no_active_brand_signal,,likely_new_candidate,Q111111824,,,medium,55,wikidata_matched_needs_website,official_site_lookup_or_webhound_hard_case
node/3287789561,Breathless Resort,Playas,Playas,,,85,route_known_chain_not_active,known_chain_name,Breathless (Hyatt Inclusive Collection),likely_new_candidate,,,,,,excluded_not_independent,route_to_branded_or_steward
node/3331904445,Centro Ecoturistico Nalga de Maco,,,https://es-es.facebook.com/media/set/?set=a.341349045923308.79631.155184987873049&type=3,https://es-es.facebook.com/media/set/?set=a.341349045923308.79631.155184987873049&type=3,70,independent_unaffiliated_candidate,no_active_brand_signal,,likely_new_candidate,,,,,,enrich_city_then_promote,city_from_wikidata_or_geocode_steward
node/3348737439,casa heuspedes,,,,,65,independent_unaffiliated_candidate,no_active_brand_signal,,likely_new_candidate,,,,,,hard_case_no_website_no_city,webhound_candidate_after_wikidata
node/3354152914,Bungalows of Las Galeras,Las Galeras,Las Galeras,http://bungalowsoflasgaleras.com,http://bungalowsoflasgaleras.com,100,independent_unaffiliated_candidate,no_active_brand_signal,,likely_new_candidate,,,,,,promote_plan_l1_ready,dry_run_census_insert_affiliation_independent
node/3381376286,Costa Caribe,,,,,55,independent_unaffiliated_candidate,no_active_brand_signal,,likely_existing,,,,,,hard_case_no_website_no_city,webhound_candidate_after_wikidata
node/3391618918,La Hacienda,,,http://www.lahaciendahostel.com/,http://www.lahaciendahostel.com/,80,independent_unaffiliated_candidate,no_active_brand_signal,,likely_new_candidate,Q111884809,,,none,20,enrich_city_then_promote,city_from_wikidata_or_geocode_steward
node/3391618919,Aparta hotel Mi Casa,,,,,55,independent_unaffiliated_candidate,no_active_brand_signal,,likely_new_candidate,,,,,,hard_case_no_website_no_city,webhound_candidate_after_wikidata
node/3391618928,Hotel Central,,,,,70,independent_unaffiliated_candidate,no_active_brand_signal,,likely_new_candidate,,,,,,hard_case_no_website_no_city,webhound_candidate_after_wikidata
node/3391619482,Hotel Docia,,,https://facebook.com/profile.php?id=208183975884379,https://facebook.com/profile.php?id=208183975884379,70,independent_unaffiliated_candidate,no_active_brand_signal,,likely_new_candidate,,,,,,enrich_city_then_promote,city_from_wikidata_or_geocode_steward
node/3396264728,KMA Hotel,,,,,55,independent_unaffiliated_candidate,no_active_brand_signal,,likely_new_candidate,,,,,,hard_case_no_website_no_city,webhound_candidate_after_wikidata
node/3412619503,Armada,,,,,55,independent_unaffiliated_candidate,no_active_brand_signal,,likely_new_candidate,,,,,,hard_case_no_website_no_city,webhound_candidate_after_wikidata
node/3415002993,Sans Souci Appartments,,,http://sanssoucicabarete.com/,http://sanssoucicabarete.com/,70,independent_unaffiliated_candidate,no_active_brand_signal,,likely_new_candidate,,,,,,enrich_city_then_promote,city_from_wikidata_or_geocode_steward
node/3425607182,Monte Placido,,,https://www.monteplacido.com/,https://www.monteplacido.com/,70,independent_unaffiliated_candidate,no_active_brand_signal,,likely_new_candidate,,,,,,enrich_city_then_promote,city_from_wikidata_or_geocode_steward
node/3448846954,Villa Las Palmas,Las Galeras,Las Galeras,,,75,independent_unaffiliated_candidate,no_active_brand_signal,,likely_new_candidate,,,,,,needs_research,manual_or_secondary_source
node/3469337532,Jarabacua River Club & Resort,,Jarabacoa,http://riverclubjarabacoa.com/,http://riverclubjarabacoa.com/,80,independent_unaffiliated_candidate,no_active_brand_signal,,likely_new_candidate,Q111884762,Jarabacoa,,low,45,promote_plan_l1_ready,dry_run_census_insert_affiliation_independent
node/3471324300,Hotelito Oasi Italiana,,,,,55,independent_unaffiliated_candidate,no_active_brand_signal,,likely_new_candidate,,,,,,hard_case_no_website_no_city,webhound_candidate_after_wikidata
node/3499180062,Residence - 4 bedrooms/baths,,,,,55,independent_unaffiliated_candidate,no_active_brand_signal,,likely_new_candidate,,,,,,hard_case_no_website_no_city,webhound_candidate_after_wikidata
node/3501119758,Viva Dominicus Palace by Wyndham,,,https://vivaresortsbywyndham.com/viva-dominicus-palace/,https://vivaresortsbywyndham.com/viva-dominicus-palace/,70,route_known_chain_not_active,known_chain_name,Wyndham,likely_existing,,,,,,excluded_not_independent,route_to_branded_or_steward
node/3507207294,"Playa Turquesa Ocean Club, Apartaments, Condos",,,,,55,independent_unaffiliated_candidate,no_active_brand_signal,,likely_new_candidate,,,,,,hard_case_no_website_no_city,webhound_candidate_after_wikidata
node/3507207295,"Stanza Mare, Apartaments, Condos",,,,,55,independent_unaffiliated_candidate,no_active_brand_signal,,likely_new_candidate,,,,,,hard_case_no_website_no_city,webhound_candidate_after_wikidata
node/3523794277,Bella Vista,Santo domingo,Santo domingo,www.hotelbellavista.net,www.hotelbellavista.net,100,independent_unaffiliated_candidate,no_active_brand_signal,,likely_new_candidate,Q112020371,Santo Domingo,,high,90,promote_plan_l1_ready,dry_run_census_insert_affiliation_independent
node/3562603793,Villas San Francisco,,,,,55,independent_unaffiliated_candidate,no_active_brand_signal,,likely_new_candidate,,,,,,hard_case_no_website_no_city,webhound_candidate_after_wikidata
node/3571267812,Cabaña Girasoles,Duarte,Duarte,,,75,independent_unaffiliated_candidate,no_active_brand_signal,,likely_new_candidate,,,,,,needs_research,manual_or_secondary_source
node/3589029764,Cabañas Perla,,,,,55,independent_unaffiliated_candidate,no_active_brand_signal,,likely_new_candidate,,,,,,hard_case_no_website_no_city,webhound_candidate_after_wikidata
node/3613770891,Hotel Rossy,,,,,55,independent_unaffiliated_candidate,no_active_brand_signal,,likely_new_candidate,,,,,,hard_case_no_website_no_city,webhound_candidate_after_wikidata
node/3677079525,Hotel Jacaranda,,,,,55,independent_unaffiliated_candidate,no_active_brand_signal,,likely_new_candidate,,,,,,hard_case_no_website_no_city,webhound_candidate_after_wikidata
node/3679038778,Hotel La Casacada,,,,,55,independent_unaffiliated_candidate,no_active_brand_signal,,likely_new_candidate,,,,,,hard_case_no_website_no_city,webhound_candidate_after_wikidata
node/3681551947,Embassy Suites by Hilton,,Santo Domingo,,,55,route_branded_active_setup,name_alias_match,Hilton Hotels & Resorts,likely_existing,Q111414837,Santo Domingo,,high,75,excluded_not_independent,route_to_branded_or_steward
node/3682839239,Hotel Arco Iris,,,,,55,independent_unaffiliated_candidate,no_active_brand_signal,,likely_new_candidate,,,,,,hard_case_no_website_no_city,webhound_candidate_after_wikidata
node/3682839259,Hotel Banjer,,,,,55,independent_unaffiliated_candidate,no_active_brand_signal,,likely_new_candidate,,,,,,hard_case_no_website_no_city,webhound_candidate_after_wikidata
node/3684480772,Villa Mariposas,,,,,55,independent_unaffiliated_candidate,no_active_brand_signal,,likely_new_candidate,Q112020318,,,low,32,hard_case_no_website_no_city,webhound_candidate_after_wikidata
node/3685285263,Aparta Hotel Lomar,,,,,55,independent_unaffiliated_candidate,no_active_brand_signal,,likely_new_candidate,,,,,,hard_case_no_website_no_city,webhound_candidate_after_wikidata
node/3685591775,Puerto Plata Beach Resort,,,,,55,independent_unaffiliated_candidate,no_active_brand_signal,,likely_existing,,,,,,hard_case_no_website_no_city,webhound_candidate_after_wikidata
node/3754705960,Bayahibe Guest House,,,,,55,independent_unaffiliated_candidate,no_active_brand_signal,,likely_new_candidate,Q111414781,,,low,45,hard_case_no_website_no_city,webhound_candidate_after_wikidata
node/3758021425,Casa Rural el Paraiso de Saona,,,,,55,independent_unaffiliated_candidate,no_active_brand_signal,,likely_new_candidate,Q112020355,,,high,77,wikidata_matched_needs_website,official_site_lookup_or_webhound_hard_case
node/3800719312,La Mami River Beach Carribean House,,,,,55,independent_unaffiliated_candidate,no_active_brand_signal,,likely_new_candidate,,,,,,hard_case_no_website_no_city,webhound_candidate_after_wikidata
node/3800724133,Vista Sur,,,,,55,independent_unaffiliated_candidate,no_active_brand_signal,,likely_new_candidate,,,,,,hard_case_no_website_no_city,webhound_candidate_after_wikidata
node/3823328338,Hotel Juan José,,,,,55,independent_unaffiliated_candidate,no_active_brand_signal,,likely_new_candidate,,,,,,hard_case_no_website_no_city,webhound_candidate_after_wikidata
node/3831572259,Chaykovsky Boutique h,,,,,80,steward_possible_branded,osm_brand_tag_not_in_active_dictionary,Chaykovsky Boutique h,likely_new_candidate,,,,,,excluded_not_independent,route_to_branded_or_steward
node/3977902978,Hotel,,,,,55,independent_unaffiliated_candidate,no_active_brand_signal,,likely_new_candidate,,,,,,hard_case_no_website_no_city,webhound_candidate_after_wikidata
node/4023347101,Excellence El Carmen,Punta Cana,Punta Cana,https://www.excellenceresorts.com/resorts/excellence-el-carmen/,https://www.excellenceresorts.com/resorts/excellence-el-carmen/,100,route_known_chain_not_active,known_chain_domain,Excellence Resorts,likely_existing,,,,,,excluded_not_independent,route_to_branded_or_steward
node/4037102403,Kasablanka,,,,,65,steward_possible_branded,osm_brand_tag_not_in_active_dictionary,LAS AHU ENAS,likely_new_candidate,,,,,,excluded_not_independent,route_to_branded_or_steward
node/4089100900,Hotel Belta Mar,Santo Domingo,Santo Domingo,,,75,independent_unaffiliated_candidate,no_active_brand_signal,,likely_new_candidate,,,,,,needs_research,manual_or_secondary_source
node/4090479282,Motel Ximara,André,André,,,75,independent_unaffiliated_candidate,no_active_brand_signal,,likely_new_candidate,,,,,,needs_research,manual_or_secondary_source
node/4105320791,Dan y Manty's Hostel and Guesthouse,,,lasterrenashostels.com,lasterrenashostels.com,85,independent_unaffiliated_candidate,no_active_brand_signal,,likely_new_candidate,,,,,,enrich_city_then_promote,city_from_wikidata_or_geocode_steward
node/4105363389,Dan and Manty's Guesthouse and Hostel,,,lasterrenashostels.com,lasterrenashostels.com,85,independent_unaffiliated_candidate,no_active_brand_signal,,likely_new_candidate,Q111122868,,,high,75,enrich_city_then_promote,city_from_wikidata_or_geocode_steward
node/4114901553,GAVA hostel,Bavaro - Punta Cana,Bavaro - Punta Cana,,,75,independent_unaffiliated_candidate,no_active_brand_signal,,likely_new_candidate,Q111111825,,,medium,65,wikidata_matched_needs_website,official_site_lookup_or_webhound_hard_case
node/4122705989,Residence Paradise Hotel,,,,,70,independent_unaffiliated_candidate,no_active_brand_signal,,likely_new_candidate,,,,,,hard_case_no_website_no_city,webhound_candidate_after_wikidata
node/4124230260,Hotel Espinal,,,,,55,independent_unaffiliated_candidate,no_active_brand_signal,,likely_new_candidate,,,,,,hard_case_no_website_no_city,webhound_candidate_after_wikidata
node/4131250990,hotel el príncipe,,,,,55,independent_unaffiliated_candidate,no_active_brand_signal,,likely_new_candidate,,,,,,hard_case_no_website_no_city,webhound_candidate_after_wikidata
node/4162401789,Residencial Costa Azul,,,,,60,independent_unaffiliated_candidate,no_active_brand_signal,,likely_new_candidate,,,,,,hard_case_no_website_no_city,webhound_candidate_after_wikidata
node/4178501205,Hostal Don Gregor,,,,,60,independent_unaffiliated_candidate,no_active_brand_signal,,likely_new_candidate,Q111414754,,,low,45,hard_case_no_website_no_city,webhound_candidate_after_wikidata
node/4202607890,Villa Taina,,,,,70,independent_unaffiliated_candidate,no_active_brand_signal,,likely_existing,,,,,,hard_case_no_website_no_city,webhound_candidate_after_wikidata
node/4207688396,Hotel Century Plaza,,,,,55,independent_unaffiliated_candidate,no_active_brand_signal,,likely_existing,Q112020335,,,high,90,wikidata_matched_needs_website,official_site_lookup_or_webhound_hard_case
node/4214843120,El Pelicano Apart-Hotel,Las Galeras,Las Galeras,https://www.elpelicanosamana.com/,https://www.elpelicanosamana.com/,100,independent_unaffiliated_candidate,no_active_brand_signal,,likely_new_candidate,,,,,,promote_plan_l1_ready,dry_run_census_insert_affiliation_independent
node/4214864111,Las Galeras Village,Las Galeras,Las Galeras,https://www.lasgalerasvillage.com/,https://www.lasgalerasvillage.com/,100,steward_possible_branded,osm_brand_tag_not_in_active_dictionary,Sergio Boschetti,likely_new_candidate,,,,,,excluded_not_independent,route_to_branded_or_steward
node/4239744248,Cofresi Palm,,,,,55,independent_unaffiliated_candidate,no_active_brand_signal,,likely_existing,Q111414761,,,high,75,wikidata_matched_needs_website,official_site_lookup_or_webhound_hard_case
node/4246303893,Cabaña Rubí,Duarte,Duarte,,,75,independent_unaffiliated_candidate,no_active_brand_signal,,likely_new_candidate,,,,,,needs_research,manual_or_secondary_source
node/4268870091,Melia Caribe Tropical,,,,,60,route_known_chain_not_active,known_chain_name,Meliá,likely_new_candidate,,,,,,excluded_not_independent,route_to_branded_or_steward
node/4291376989,La Castilla,,,http://lacastillacolonial.com,http://lacastillacolonial.com,70,independent_unaffiliated_candidate,no_active_brand_signal,,likely_new_candidate,Q111884829,,,low,45,enrich_city_then_promote,city_from_wikidata_or_geocode_steward
node/4317234196,Casa Sanchez Boutique Hotel,,,,,60,independent_unaffiliated_candidate,no_active_brand_signal,,likely_new_candidate,,,,,,hard_case_no_website_no_city,webhound_candidate_after_wikidata
node/4331249886,Sonido del Yaque,,,,,55,independent_unaffiliated_candidate,no_active_brand_signal,,likely_new_candidate,,,,,,hard_case_no_website_no_city,webhound_candidate_after_wikidata
node/4367302200,Marianela,,,,,55,independent_unaffiliated_candidate,no_active_brand_signal,,likely_new_candidate,,,,,,hard_case_no_website_no_city,webhound_candidate_after_wikidata
node/4368198266,Tubagua Plantation Eco Lodge,,,https://www.tubagua.com/,https://www.tubagua.com/,80,independent_unaffiliated_candidate,no_active_brand_signal,,likely_new_candidate,,,,,,enrich_city_then_promote,city_from_wikidata_or_geocode_steward
node/4379236990,Res. Las Canas,,,,,60,independent_unaffiliated_candidate,no_active_brand_signal,,likely_new_candidate,,,,,,hard_case_no_website_no_city,webhound_candidate_after_wikidata
node/4408964472,Paramount Hotel 40,,,,,55,independent_unaffiliated_candidate,no_active_brand_signal,,likely_new_candidate,,,,,,hard_case_no_website_no_city,webhound_candidate_after_wikidata
node/4413183691,El Gran Nelson,,,,,60,independent_unaffiliated_candidate,no_active_brand_signal,,likely_new_candidate,,,,,,hard_case_no_website_no_city,webhound_candidate_after_wikidata
node/4414072089,Boca Chica Beach,,,,,60,independent_unaffiliated_candidate,no_active_brand_signal,,needs_research,,,,,,hard_case_no_website_no_city,webhound_candidate_after_wikidata
node/4414414490,Hotel Novus Caoba,,,,,70,independent_unaffiliated_candidate,no_active_brand_signal,,likely_new_candidate,,,,,,hard_case_no_website_no_city,webhound_candidate_after_wikidata
node/4418061395,Boca Chica Beach,,,,,55,independent_unaffiliated_candidate,no_active_brand_signal,,needs_research,,,,,,hard_case_no_website_no_city,webhound_candidate_after_wikidata
node/4419741355,Villa Ibiscus,,,https://www.cariway.com/,https://www.cariway.com/,85,route_known_chain_not_active,known_chain_name,ibis,likely_new_candidate,,,,,,excluded_not_independent,route_to_branded_or_steward
node/4425294491,sea & garden realty,,,,,55,independent_unaffiliated_candidate,no_active_brand_signal,,likely_new_candidate,,,,,,hard_case_no_website_no_city,webhound_candidate_after_wikidata
node/4425298692,hotel magic tropical,,,,,70,independent_unaffiliated_candidate,no_active_brand_signal,,likely_new_candidate,,,,,,hard_case_no_website_no_city,webhound_candidate_after_wikidata
node/4429212789,Tahiti Apartahotel,,,,,60,independent_unaffiliated_candidate,no_active_brand_signal,,likely_new_candidate,,,,,,hard_case_no_website_no_city,webhound_candidate_after_wikidata
node/4438429730,Villa Ixora,,,https://www.cariway.com/,https://www.cariway.com/,85,independent_unaffiliated_candidate,no_active_brand_signal,,likely_new_candidate,,,,,,enrich_city_then_promote,city_from_wikidata_or_geocode_steward
node/4438479511,Villa Flamboyan,,,https://www.cariway.com/,https://www.cariway.com/,85,independent_unaffiliated_candidate,no_active_brand_signal,,likely_new_candidate,,,,,,enrich_city_then_promote,city_from_wikidata_or_geocode_steward
node/4438479996,Jasmine La Playita,,,https://www.cariway.com/,https://www.cariway.com/,85,independent_unaffiliated_candidate,no_active_brand_signal,,likely_new_candidate,,,,,,enrich_city_then_promote,city_from_wikidata_or_geocode_steward
node/4438901904,Aparta Hotel Losta Linda,,,,,60,independent_unaffiliated_candidate,no_active_brand_signal,,likely_new_candidate,,,,,,hard_case_no_website_no_city,webhound_candidate_after_wikidata
node/4439105995,CARIBE TROPICAL & PRINCESS,,,,,55,independent_unaffiliated_candidate,no_active_brand_signal,,needs_research,Q111414808,,,none,20,hard_case_no_website_no_city,webhound_candidate_after_wikidata
node/4449225891,Mi Frontera,,,,,55,independent_unaffiliated_candidate,no_active_brand_signal,,likely_new_candidate,,,,,,hard_case_no_website_no_city,webhound_candidate_after_wikidata
node/4455315990,Hotel Valle Nuevo,,,,,60,independent_unaffiliated_candidate,no_active_brand_signal,,likely_new_candidate,,,,,,hard_case_no_website_no_city,webhound_candidate_after_wikidata
node/4463815191,El Viajante,,,,,55,independent_unaffiliated_candidate,no_active_brand_signal,,likely_new_candidate,,,,,,hard_case_no_website_no_city,webhound_candidate_after_wikidata
node/4476137645,Chronos Aparta Hotel,,,,,55,independent_unaffiliated_candidate,no_active_brand_signal,,likely_new_candidate,,,,,,hard_case_no_website_no_city,webhound_candidate_after_wikidata
node/4478889890,hotel,,,,,55,independent_unaffiliated_candidate,no_active_brand_signal,,likely_new_candidate,,,,,,hard_case_no_website_no_city,webhound_candidate_after_wikidata
node/4481983591,Casa de Evans,,,,,60,independent_unaffiliated_candidate,no_active_brand_signal,,likely_new_candidate,,,,,,hard_case_no_website_no_city,webhound_candidate_after_wikidata
node/4483195390,kapi,,,,,55,independent_unaffiliated_candidate,no_active_brand_signal,,likely_new_candidate,,,,,,hard_case_no_website_no_city,webhound_candidate_after_wikidata
node/4494584099,La Estancia Golf Resort,,,,,55,independent_unaffiliated_candidate,no_active_brand_signal,,likely_new_candidate,,,,,,hard_case_no_website_no_city,webhound_candidate_after_wikidata
node/4511839291,Yonu,,,,,55,independent_unaffiliated_candidate,no_active_brand_signal,,likely_new_candidate,Q112020357,,,medium,62,wikidata_matched_needs_website,official_site_lookup_or_webhound_hard_case
node/4543399590,Mi casa,,,,,55,independent_unaffiliated_candidate,no_active_brand_signal,,likely_new_candidate,,,,,,hard_case_no_website_no_city,webhound_candidate_after_wikidata
node/4557149392,14 de junio,,,,,55,independent_unaffiliated_candidate,no_active_brand_signal,,likely_new_candidate,,,,,,hard_case_no_website_no_city,webhound_candidate_after_wikidata
node/4559226076,Centro Educativo Albergue Divino Niño Jesús,,,,,55,independent_unaffiliated_candidate,no_active_brand_signal,,likely_new_candidate,,,,,,hard_case_no_website_no_city,webhound_candidate_after_wikidata
node/4573520294,El Mundo del Amor,,,,,55,independent_unaffiliated_candidate,no_active_brand_signal,,likely_new_candidate,,,,,,hard_case_no_website_no_city,webhound_candidate_after_wikidata
node/4574256090,Res. Kamila,,,,,60,independent_unaffiliated_candidate,no_active_brand_signal,,likely_new_candidate,,,,,,hard_case_no_website_no_city,webhound_candidate_after_wikidata
node/4574256989,Res. Porto Bello,,,,,60,independent_unaffiliated_candidate,no_active_brand_signal,,likely_new_candidate,,,,,,hard_case_no_website_no_city,webhound_candidate_after_wikidata
node/4576227595,fata morgana,,,http://fatamorganalasterrenas.com,http://fatamorganalasterrenas.com,90,steward_possible_branded,osm_brand_tag_not_in_active_dictionary,Edit de jong,likely_new_candidate,Q112020316,,,high,90,excluded_not_independent,route_to_branded_or_steward
node/4580475290,Las Galeras Island Hostel,,,http://tropicalislandbb.com/LasGalerasIslandHostel.htm,http://tropicalislandbb.com/LasGalerasIslandHostel.htm,90,steward_possible_branded,osm_brand_tag_not_in_active_dictionary,Jose Miguel,likely_new_candidate,Q112020338,,,none,20,excluded_not_independent,route_to_branded_or_steward
node/4581697230,Kite Boarding School Cabarete,,,,,60,independent_unaffiliated_candidate,no_active_brand_signal,,likely_new_candidate,,,,,,hard_case_no_website_no_city,webhound_candidate_after_wikidata
node/4590930889,Defensa civil,,,,,55,independent_unaffiliated_candidate,no_active_brand_signal,,likely_new_candidate,,,,,,hard_case_no_website_no_city,webhound_candidate_after_wikidata
node/4595203289,Apartamento,,,,,55,independent_unaffiliated_candidate,no_active_brand_signal,,likely_new_candidate,,,,,,hard_case_no_website_no_city,webhound_candidate_after_wikidata
node/4599759989,Chino Restaurant & Hotel,,,,,55,independent_unaffiliated_candidate,no_active_brand_signal,,likely_new_candidate,,,,,,hard_case_no_website_no_city,webhound_candidate_after_wikidata
node/4602678989,Villa Alegría,,,,,60,independent_unaffiliated_candidate,no_active_brand_signal,,likely_new_candidate,,,,,,hard_case_no_website_no_city,webhound_candidate_after_wikidata
node/4610643992,Hotel Kaoba,,,,,55,independent_unaffiliated_candidate,no_active_brand_signal,,likely_existing,Q111884768,,,high,90,wikidata_matched_needs_website,official_site_lookup_or_webhound_hard_case
node/4638810890,La Isabela,,,,,60,independent_unaffiliated_candidate,no_active_brand_signal,,likely_new_candidate,,,,,,hard_case_no_website_no_city,webhound_candidate_after_wikidata
node/4660748798,Grand Bahia Principe Bavaro,,,,,55,route_known_chain_not_active,known_chain_name,Bahía Príncipe,likely_existing,Q111414797,,,high,90,excluded_not_independent,route_to_branded_or_steward
node/4660748808,Grand Bahia Principe Aquamarine,,,,,55,route_known_chain_not_active,known_chain_name,Bahía Príncipe,needs_research,Q111414798,,,high,90,excluded_not_independent,route_to_branded_or_steward
node/4665843493,Maunaloa Hotel y casino,,,,,55,independent_unaffiliated_candidate,no_active_brand_signal,,needs_research,,,,,,hard_case_no_website_no_city,webhound_candidate_after_wikidata
node/4674062489,hotel Navarro,,,,,55,independent_unaffiliated_candidate,no_active_brand_signal,,likely_new_candidate,,,,,,hard_case_no_website_no_city,webhound_candidate_after_wikidata
node/4687866270,Villa Diana,,,https://www.cariway.com/,https://www.cariway.com/,80,independent_unaffiliated_candidate,no_active_brand_signal,,likely_new_candidate,,,,,,enrich_city_then_promote,city_from_wikidata_or_geocode_steward
node/4687868978,Villa Maxime,,,https://www.cariway.com/,https://www.cariway.com/,85,independent_unaffiliated_candidate,no_active_brand_signal,,likely_new_candidate,,,,,,enrich_city_then_promote,city_from_wikidata_or_geocode_steward
node/4694290991,Aunt's House,,,,,55,independent_unaffiliated_candidate,no_active_brand_signal,,likely_new_candidate,,,,,,hard_case_no_website_no_city,webhound_candidate_after_wikidata
node/4696009189,Miyoue's House,,,,,55,independent_unaffiliated_candidate,no_active_brand_signal,,likely_new_candidate,,,,,,hard_case_no_website_no_city,webhound_candidate_after_wikidata
node/4698253090,El Caribeño,,,,,55,independent_unaffiliated_candidate,no_active_brand_signal,,likely_existing,,,,,,hard_case_no_website_no_city,webhound_candidate_after_wikidata
node/4699506992,La casa,,,,,70,independent_unaffiliated_candidate,no_active_brand_signal,,likely_new_candidate,,,,,,hard_case_no_website_no_city,webhound_candidate_after_wikidata
node/4702442791,El Caribeño,,,,,55,independent_unaffiliated_candidate,no_active_brand_signal,,likely_existing,,,,,,hard_case_no_website_no_city,webhound_candidate_after_wikidata
node/4712643689,Moricete House,,,,,60,independent_unaffiliated_candidate,no_active_brand_signal,,likely_new_candidate,,,,,,hard_case_no_website_no_city,webhound_candidate_after_wikidata
node/4713495592,Casa edwardp,,,,,70,independent_unaffiliated_candidate,no_active_brand_signal,,likely_new_candidate,,,,,,hard_case_no_website_no_city,webhound_candidate_after_wikidata
node/4713682901,Brisas de la Montaña,,,,,60,independent_unaffiliated_candidate,no_active_brand_signal,,likely_new_candidate,,,,,,hard_case_no_website_no_city,webhound_candidate_after_wikidata
node/4713827691,Hotel Brisas del Yaque,,,,,60,independent_unaffiliated_candidate,no_active_brand_signal,,likely_new_candidate,,,,,,hard_case_no_website_no_city,webhound_candidate_after_wikidata
node/4715193291,Francis house,,,,,55,independent_unaffiliated_candidate,no_active_brand_signal,,likely_new_candidate,,,,,,hard_case_no_website_no_city,webhound_candidate_after_wikidata
node/4719222390,Glamourus Salon de eventos,,,,,55,independent_unaffiliated_candidate,no_active_brand_signal,,likely_new_candidate,,,,,,hard_case_no_website_no_city,webhound_candidate_after_wikidata
node/4719780492,Dany's House,,,,,55,independent_unaffiliated_candidate,no_active_brand_signal,,likely_new_candidate,,,,,,hard_case_no_website_no_city,webhound_candidate_after_wikidata
node/4719836692,Hantz 's House,,,,,55,independent_unaffiliated_candidate,no_active_brand_signal,,likely_new_candidate,,,,,,hard_case_no_website_no_city,webhound_candidate_after_wikidata
node/4721514190,tolentino PN,,,,,55,independent_unaffiliated_candidate,no_active_brand_signal,,likely_new_candidate,,,,,,hard_case_no_website_no_city,webhound_candidate_after_wikidata
node/4724610560,Villa Caribeña,,,https://www.cariway.com/,https://www.cariway.com/,80,independent_unaffiliated_candidate,no_active_brand_signal,,likely_new_candidate,,,,,,enrich_city_then_promote,city_from_wikidata_or_geocode_steward
node/4725033690,Esmeralda,,Santo Domingo,,,55,independent_unaffiliated_candidate,no_active_brand_signal,,likely_new_candidate,Q112020375,Santo Domingo,,medium,62,wikidata_matched_needs_website,official_site_lookup_or_webhound_hard_case
node/4728384589,Cabañas Turísticas Dominicantica Spanish,,,,,60,independent_unaffiliated_candidate,no_active_brand_signal,,likely_new_candidate,,,,,,hard_case_no_website_no_city,webhound_candidate_after_wikidata
node/4734649323,Punta Rucia Lodge,,,,,70,independent_unaffiliated_candidate,no_active_brand_signal,,likely_new_candidate,Q111884805,,,high,90,wikidata_matched_needs_website,official_site_lookup_or_webhound_hard_case
node/4737380481,Hotel Puerto Plaza,,,,,55,independent_unaffiliated_candidate,no_active_brand_signal,,likely_new_candidate,Q112020321,,,low,45,hard_case_no_website_no_city,webhound_candidate_after_wikidata
node/4739029122,Sol Azul,,,,,55,independent_unaffiliated_candidate,no_active_brand_signal,,likely_new_candidate,Q112020346,,,medium,55,wikidata_matched_needs_website,official_site_lookup_or_webhound_hard_case
node/4740698628,Hotel sol de verano,,,,,55,independent_unaffiliated_candidate,no_active_brand_signal,,likely_new_candidate,,,,,,hard_case_no_website_no_city,webhound_candidate_after_wikidata
node/4742281821,Barrio los quemao bonao,,,,,60,independent_unaffiliated_candidate,no_active_brand_signal,,likely_new_candidate,,,,,,hard_case_no_website_no_city,webhound_candidate_after_wikidata
node/4744188329,La cueva,,,,,55,independent_unaffiliated_candidate,no_active_brand_signal,,likely_new_candidate,,,,,,hard_case_no_website_no_city,webhound_candidate_after_wikidata
node/4744190221,Estancia Principe,,,,,60,independent_unaffiliated_candidate,no_active_brand_signal,,likely_new_candidate,,,,,,hard_case_no_website_no_city,webhound_candidate_after_wikidata
node/4744190223,Laguna Park Hostel,,,,,55,independent_unaffiliated_candidate,no_active_brand_signal,,likely_new_candidate,Q111120312,,,high,75,wikidata_matched_needs_website,official_site_lookup_or_webhound_hard_case
node/4744190224,La iguana,,,,,55,independent_unaffiliated_candidate,no_active_brand_signal,,likely_new_candidate,,,,,,hard_case_no_website_no_city,webhound_candidate_after_wikidata
node/4753601222,Palmetto Hotel,,Santiago de los Caballeros,,,70,independent_unaffiliated_candidate,no_active_brand_signal,,likely_new_candidate,Q112020336,Santiago de los Caballeros,,high,90,wikidata_matched_needs_website,official_site_lookup_or_webhound_hard_case
node/4756073823,Solazul,,,http://www.elsolazul.com,http://www.elsolazul.com,80,independent_unaffiliated_candidate,no_active_brand_signal,,likely_new_candidate,,,,,,enrich_city_then_promote,city_from_wikidata_or_geocode_steward
node/4756935032,Sassoue 's House,,,,,55,independent_unaffiliated_candidate,no_active_brand_signal,,likely_new_candidate,,,,,,hard_case_no_website_no_city,webhound_candidate_after_wikidata
node/4768918344,Llave Del Mar Hotel,,,,,55,independent_unaffiliated_candidate,no_active_brand_signal,,likely_new_candidate,,,,,,hard_case_no_website_no_city,webhound_candidate_after_wikidata
node/4777950921,Maria 's House,,,,,55,independent_unaffiliated_candidate,no_active_brand_signal,,likely_new_candidate,,,,,,hard_case_no_website_no_city,webhound_candidate_after_wikidata
node/4785388022,Sol Azul,,,http://www.elsolazul.com,http://www.elsolazul.com,70,independent_unaffiliated_candidate,no_active_brand_signal,,likely_new_candidate,,,,,,enrich_city_then_promote,city_from_wikidata_or_geocode_steward
node/4787082928,Maria ' s House,,,,,55,independent_unaffiliated_candidate,no_active_brand_signal,,likely_new_candidate,,,,,,hard_case_no_website_no_city,webhound_candidate_after_wikidata
node/4787293524,Villa Baya,,,,,55,independent_unaffiliated_candidate,no_active_brand_signal,,likely_new_candidate,,,,,,hard_case_no_website_no_city,webhound_candidate_after_wikidata
node/4788290621,Todo blanco,,,,,55,independent_unaffiliated_candidate,no_active_brand_signal,,likely_new_candidate,,,,,,hard_case_no_website_no_city,webhound_candidate_after_wikidata
node/4790764821,Casa bella caribe,,,,,55,independent_unaffiliated_candidate,no_active_brand_signal,,likely_new_candidate,,,,,,hard_case_no_website_no_city,webhound_candidate_after_wikidata
node/4793271688,White Sands Aparta Hotel,,,,,55,independent_unaffiliated_candidate,no_active_brand_signal,,likely_new_candidate,Q111111826,,,low,45,hard_case_no_website_no_city,webhound_candidate_after_wikidata
node/4794193227,Don Olivo,,,,,55,independent_unaffiliated_candidate,no_active_brand_signal,,likely_new_candidate,,,,,,hard_case_no_website_no_city,webhound_candidate_after_wikidata
node/4819701721,Home,,,,,55,independent_unaffiliated_candidate,no_active_brand_signal,,likely_new_candidate,Q111884819,,,low,40,hard_case_no_website_no_city,webhound_candidate_after_wikidata
node/4840627721,Eco hotel Centro Verde,,,,,55,independent_unaffiliated_candidate,no_active_brand_signal,,likely_new_candidate,,,,,,hard_case_no_website_no_city,webhound_candidate_after_wikidata
node/4844011423,White Sands B&B,,,,,80,steward_possible_branded,osm_brand_tag_not_in_active_dictionary,Lance & Marianna,likely_new_candidate,,,,,,excluded_not_independent,route_to_branded_or_steward
node/4850900022,Bayahibe Guest House,,,,,55,independent_unaffiliated_candidate,no_active_brand_signal,,likely_new_candidate,,,,,,hard_case_no_website_no_city,webhound_candidate_after_wikidata
node/4856382922,Cutty's House,,,,,55,independent_unaffiliated_candidate,no_active_brand_signal,,likely_new_candidate,,,,,,hard_case_no_website_no_city,webhound_candidate_after_wikidata
node/4864427224,Casa de minda,,,,,60,independent_unaffiliated_candidate,no_active_brand_signal,,likely_new_candidate,,,,,,hard_case_no_website_no_city,webhound_candidate_after_wikidata
node/4867339721,hotel central,,,,,55,independent_unaffiliated_candidate,no_active_brand_signal,,likely_new_candidate,,,,,,hard_case_no_website_no_city,webhound_candidate_after_wikidata
node/4880615522,Angee,,,,,55,independent_unaffiliated_candidate,no_active_brand_signal,,likely_new_candidate,,,,,,hard_case_no_website_no_city,webhound_candidate_after_wikidata
node/4882910121,Primaveral,,,,,55,independent_unaffiliated_candidate,no_active_brand_signal,,likely_new_candidate,,,,,,hard_case_no_website_no_city,webhound_candidate_after_wikidata
node/4889719121,La Casa Amarilla,,,http://www.la-casa-amarilla.com,http://www.la-casa-amarilla.com,75,independent_unaffiliated_candidate,no_active_brand_signal,,likely_new_candidate,Q112020327,,,low,32,enrich_city_then_promote,city_from_wikidata_or_geocode_steward
node/4896032821,Blas 33,,,,,70,independent_unaffiliated_candidate,no_active_brand_signal,,likely_new_candidate,,,,,,hard_case_no_website_no_city,webhound_candidate_after_wikidata
node/4901757124,Asilo de Ancianos,,,,,55,independent_unaffiliated_candidate,no_active_brand_signal,,likely_new_candidate,,,,,,hard_case_no_website_no_city,webhound_candidate_after_wikidata
node/4901959222,Hotel Riu República,,,https://www.riu.com/,https://www.riu.com/,85,route_known_chain_not_active,known_chain_domain,RIU,likely_existing,,,,,,excluded_not_independent,route_to_branded_or_steward
node/4906431721,Hostal Casa 51,,,http://www.casa51guesthouse.com,http://www.casa51guesthouse.com,95,steward_possible_branded,osm_brand_tag_not_in_active_dictionary,Bless Diaz,likely_new_candidate,,,,,,excluded_not_independent,route_to_branded_or_steward
node/4918991365,Paradisus Punta cana,,,,,55,independent_unaffiliated_candidate,no_active_brand_signal,,likely_new_candidate,Q111414820,,,low,32,hard_case_no_website_no_city,webhound_candidate_after_wikidata
node/4938248923,Finca Yajaira,,,,,55,independent_unaffiliated_candidate,no_active_brand_signal,,likely_new_candidate,,,,,,hard_case_no_website_no_city,webhound_candidate_after_wikidata
node/4938256423,Finca tío rico,,,,,55,independent_unaffiliated_candidate,no_active_brand_signal,,likely_new_candidate,,,,,,hard_case_no_website_no_city,webhound_candidate_after_wikidata
node/4943248421,Seminario Nuestra Señora Las Mercedes,,,,,60,independent_unaffiliated_candidate,no_active_brand_signal,,likely_new_candidate,,,,,,hard_case_no_website_no_city,webhound_candidate_after_wikidata
node/4944858821,Club havana house renta de habitacion por noche,,,,,65,independent_unaffiliated_candidate,no_active_brand_signal,,likely_new_candidate,Q111111829,,,none,20,hard_case_no_website_no_city,webhound_candidate_after_wikidata
node/4946633123,casa Mari karina,,,,,55,independent_unaffiliated_candidate,no_active_brand_signal,,likely_new_candidate,,,,,,hard_case_no_website_no_city,webhound_candidate_after_wikidata
node/4947065426,Sharon Palm beach,,,,,55,independent_unaffiliated_candidate,no_active_brand_signal,,likely_new_candidate,,,,,,hard_case_no_website_no_city,webhound_candidate_after_wikidata
node/4950101005,Grand Palladium Bavaro Suites Resort & Spa,,,,,55,independent_unaffiliated_candidate,no_active_brand_signal,,needs_research,Q111414813,,,low,40,hard_case_no_website_no_city,webhound_candidate_after_wikidata
node/4967005421,Hotel Al Mare,,,https://www.booking.com/hotel/do/al-mare-barahona.es.html,https://www.booking.com/hotel/do/al-mare-barahona.es.html,85,independent_unaffiliated_candidate,no_active_brand_signal,,likely_new_candidate,,,,,,enrich_city_then_promote,city_from_wikidata_or_geocode_steward
node/4978572049,Hôtel Atabey,,,,,60,independent_unaffiliated_candidate,no_active_brand_signal,,likely_new_candidate,,,,,,hard_case_no_website_no_city,webhound_candidate_after_wikidata
node/4978573527,Hotel Brenda,,,,,55,independent_unaffiliated_candidate,no_active_brand_signal,,likely_new_candidate,,,,,,hard_case_no_website_no_city,webhound_candidate_after_wikidata
node/5002266421,hotel guacamayos,,,,,60,independent_unaffiliated_candidate,no_active_brand_signal,,likely_new_candidate,,,,,,hard_case_no_website_no_city,webhound_candidate_after_wikidata
node/5002268121,Rancho Guacamayos,BONAO,BONAO,,,75,independent_unaffiliated_candidate,no_active_brand_signal,,likely_new_candidate,,,,,,needs_research,manual_or_secondary_source
node/5007285024,Casa lisbeth,,,,,60,independent_unaffiliated_candidate,no_active_brand_signal,,likely_new_candidate,,,,,,hard_case_no_website_no_city,webhound_candidate_after_wikidata
node/5017189124,Mena House,,,,,55,independent_unaffiliated_candidate,no_active_brand_signal,,likely_new_candidate,,,,,,hard_case_no_website_no_city,webhound_candidate_after_wikidata
node/5025787021,Hotel Esmeralda,,,,,55,independent_unaffiliated_candidate,no_active_brand_signal,,likely_new_candidate,,,,,,hard_case_no_website_no_city,webhound_candidate_after_wikidata
node/5029505780,Santo Domingo Bed & Breakfast,Santo Domingo,Santo Domingo,http://santodomingobb.com/,http://santodomingobb.com/,100,independent_unaffiliated_candidate,no_active_brand_signal,,likely_new_candidate,Q112020380,Santo Domingo,,low,47,promote_plan_l1_ready,dry_run_census_insert_affiliation_independent
node/5037222221,Los Corales Village RECEPTION,,,https://www.loscoralesvillage.com,https://www.loscoralesvillage.com,90,steward_possible_branded,osm_brand_tag_not_in_active_dictionary,Los Corales Village - Grupo Dos,likely_new_candidate,,,,,,excluded_not_independent,route_to_branded_or_steward
node/5037222222,Hotel Tropicana Deluxe,Punta Cana,Punta Cana,tropicana-deluxe-do.book.direct,tropicana-deluxe-do.book.direct,100,independent_unaffiliated_candidate,no_active_brand_signal,,likely_new_candidate,Q111111827,,,high,90,promote_plan_l1_ready,dry_run_census_insert_affiliation_independent
node/5047214658,HOTEL METROPOLITANO,,,,,60,independent_unaffiliated_candidate,no_active_brand_signal,,likely_new_candidate,,,,,,hard_case_no_website_no_city,webhound_candidate_after_wikidata
node/5047235080,Hotel Marién,,,,,60,independent_unaffiliated_candidate,no_active_brand_signal,,likely_new_candidate,,,,,,hard_case_no_website_no_city,webhound_candidate_after_wikidata
node/5047235081,HOTEL DON CHUCHO,,,,,60,independent_unaffiliated_candidate,no_active_brand_signal,,likely_new_candidate,,,,,,hard_case_no_website_no_city,webhound_candidate_after_wikidata
node/5047243323,HOTEL LA PLAZA,,,,,60,independent_unaffiliated_candidate,no_active_brand_signal,,likely_new_candidate,,,,,,hard_case_no_website_no_city,webhound_candidate_after_wikidata
node/5060398041,Plaza Lusitania,,,https://www.cariway.com/,https://www.cariway.com/,85,independent_unaffiliated_candidate,no_active_brand_signal,,likely_new_candidate,,,,,,enrich_city_then_promote,city_from_wikidata_or_geocode_steward
node/5082013621,Mxnc,,,,,60,independent_unaffiliated_candidate,no_active_brand_signal,,likely_new_candidate,,,,,,hard_case_no_website_no_city,webhound_candidate_after_wikidata
node/5103798423,El Señorial,,,,,70,independent_unaffiliated_candidate,no_active_brand_signal,,likely_new_candidate,Q112020383,,,high,75,wikidata_matched_needs_website,official_site_lookup_or_webhound_hard_case
node/5113439323,Hotel Carmen,,,,,70,independent_unaffiliated_candidate,no_active_brand_signal,,likely_new_candidate,,,,,,hard_case_no_website_no_city,webhound_candidate_after_wikidata
node/5133859195,Hotel Mercedes,,,,,55,independent_unaffiliated_candidate,no_active_brand_signal,,likely_new_candidate,,,,,,hard_case_no_website_no_city,webhound_candidate_after_wikidata
node/5169979322,Casa dylan,,,,,55,independent_unaffiliated_candidate,no_active_brand_signal,,likely_new_candidate,,,,,,hard_case_no_website_no_city,webhound_candidate_after_wikidata
node/5169980221,Casa jazmin tía,,,,,55,independent_unaffiliated_candidate,no_active_brand_signal,,likely_new_candidate,,,,,,hard_case_no_website_no_city,webhound_candidate_after_wikidata
node/5180976697,Plaza Lusitania,,,https://www.cariway.com/,https://www.cariway.com/,80,independent_unaffiliated_candidate,no_active_brand_signal,,likely_new_candidate,,,,,,enrich_city_then_promote,city_from_wikidata_or_geocode_steward
node/5181801658,Amhsa Marina Grand Paradise Playa Dorada,,,,,55,route_known_chain_not_active,known_chain_name,Amhsa Marina Hotels,likely_new_candidate,,,,,,excluded_not_independent,route_to_branded_or_steward
node/5207508821,Villa los Gorgones,,,,,80,steward_possible_branded,osm_brand_tag_not_in_active_dictionary,Hans De Schryver,likely_new_candidate,,,,,,excluded_not_independent,route_to_branded_or_steward
node/5210894623,Capi festival,,,,,55,independent_unaffiliated_candidate,no_active_brand_signal,,likely_new_candidate,,,,,,hard_case_no_website_no_city,webhound_candidate_after_wikidata
node/5213115020,Hotel Bohío,,,,,55,independent_unaffiliated_candidate,no_active_brand_signal,,likely_new_candidate,,,,,,hard_case_no_website_no_city,webhound_candidate_after_wikidata
node/5217259622,Cadaques Weare,,,,,55,independent_unaffiliated_candidate,no_active_brand_signal,,likely_new_candidate,,,,,,hard_case_no_website_no_city,webhound_candidate_after_wikidata
node/5249076522,Casa Cayuco,,,http://www.praderinmo.com,http://www.praderinmo.com,95,steward_possible_branded,osm_brand_tag_not_in_active_dictionary,Elodie Prader,likely_new_candidate,,,,,,excluded_not_independent,route_to_branded_or_steward
node/5250624222,"Calle 7, #4",,,,,70,independent_unaffiliated_candidate,no_active_brand_signal,,likely_new_candidate,,,,,,hard_case_no_website_no_city,webhound_candidate_after_wikidata
node/5261898622,Casa de vilca (el toro),,,,,55,independent_unaffiliated_candidate,no_active_brand_signal,,likely_new_candidate,,,,,,hard_case_no_website_no_city,webhound_candidate_after_wikidata
node/5277775422,Casa de mami,,,,,55,independent_unaffiliated_candidate,no_active_brand_signal,,likely_new_candidate,,,,,,hard_case_no_website_no_city,webhound_candidate_after_wikidata
node/5280875644,Hostal Rural Backpackers,Polo,Polo,https://web.facebook.com/hostalpolo/,https://web.facebook.com/hostalpolo/,100,steward_possible_branded,osm_brand_tag_not_in_active_dictionary,Vicente Sempere,likely_new_candidate,,,,,,excluded_not_independent,route_to_branded_or_steward
node/5324749024,casa de raque,,,,,55,independent_unaffiliated_candidate,no_active_brand_signal,,likely_new_candidate,,,,,,hard_case_no_website_no_city,webhound_candidate_after_wikidata
node/5326175222,Hostal Plaza Yu,,,,,55,independent_unaffiliated_candidate,no_active_brand_signal,,likely_new_candidate,,,,,,hard_case_no_website_no_city,webhound_candidate_after_wikidata
node/5326175226,Rancho Platón,,,,,55,independent_unaffiliated_candidate,no_active_brand_signal,,likely_new_candidate,,,,,,hard_case_no_website_no_city,webhound_candidate_after_wikidata
node/5329844221,Hostel laguna park,,,,,55,independent_unaffiliated_candidate,no_active_brand_signal,,likely_new_candidate,,,,,,hard_case_no_website_no_city,webhound_candidate_after_wikidata
node/5332349322,korona hotel,,,,,55,independent_unaffiliated_candidate,no_active_brand_signal,,likely_new_candidate,,,,,,hard_case_no_website_no_city,webhound_candidate_after_wikidata
node/5335310822,Parador El Cachimbo de Mama,,,,,55,independent_unaffiliated_candidate,no_active_brand_signal,,likely_new_candidate,,,,,,hard_case_no_website_no_city,webhound_candidate_after_wikidata
node/5340908321,sunset,,,,,55,independent_unaffiliated_candidate,no_active_brand_signal,,likely_new_candidate,,,,,,hard_case_no_website_no_city,webhound_candidate_after_wikidata
node/5343543031,AHNVEE Resorts Spa,,,https://ahnveeresort.com/,https://ahnveeresort.com/,75,independent_unaffiliated_candidate,no_active_brand_signal,,likely_new_candidate,Q111884779,,,low,45,enrich_city_then_promote,city_from_wikidata_or_geocode_steward
node/5354918621,Rancho Platón,,,,,55,independent_unaffiliated_candidate,no_active_brand_signal,,likely_new_candidate,Q112020329,,,none,20,hard_case_no_website_no_city,webhound_candidate_after_wikidata
node/5399147196,Hotel Zapata,,,,,60,independent_unaffiliated_candidate,no_active_brand_signal,,likely_new_candidate,Q111884786,,,medium,65,wikidata_matched_needs_website,official_site_lookup_or_webhound_hard_case
node/5405414236,Casa Ruso,,,,,55,independent_unaffiliated_candidate,no_active_brand_signal,,likely_new_candidate,Q112020328,,,low,45,hard_case_no_website_no_city,webhound_candidate_after_wikidata
node/5411042221,Villa Alexandra,,,http://juandolio.ru,http://juandolio.ru,75,independent_unaffiliated_candidate,no_active_brand_signal,,likely_new_candidate,Q111884801,,,none,20,enrich_city_then_promote,city_from_wikidata_or_geocode_steward
node/5434970048,El Morro Eco Adventure Hotel,,,https://www.elmorro.com.do/,https://www.elmorro.com.do/,70,independent_unaffiliated_candidate,no_active_brand_signal,,likely_new_candidate,,,,,,enrich_city_then_promote,city_from_wikidata_or_geocode_steward
node/5435064148,Hotel La Saladilla Beach Club,,,http://www.hotellasaladilla.com/,http://www.hotellasaladilla.com/,70,independent_unaffiliated_candidate,no_active_brand_signal,,likely_new_candidate,Q112020299,,,high,90,enrich_city_then_promote,city_from_wikidata_or_geocode_steward
node/5435135971,Hotel Casa Hemingway,,,,,55,independent_unaffiliated_candidate,no_active_brand_signal,,likely_existing,,,,,,hard_case_no_website_no_city,webhound_candidate_after_wikidata
node/5513968241,The Reserve at Paradisus Palma Real,,,,,55,independent_unaffiliated_candidate,no_active_brand_signal,,likely_new_candidate,,,,,,hard_case_no_website_no_city,webhound_candidate_after_wikidata
node/5565305910,El Beaterio Guest House,,,,,60,independent_unaffiliated_candidate,no_active_brand_signal,,likely_existing,,,,,,hard_case_no_website_no_city,webhound_candidate_after_wikidata
node/5595144823,Swell Surf Camp,,,https://swellsurfcamp.com/,https://swellsurfcamp.com/,75,independent_unaffiliated_candidate,no_active_brand_signal,,likely_new_candidate,Q111884769,,,low,32,enrich_city_then_promote,city_from_wikidata_or_geocode_steward
node/5614046221,Casa,,,,,55,independent_unaffiliated_candidate,no_active_brand_signal,,likely_new_candidate,Q111118062,,,low,40,hard_case_no_website_no_city,webhound_candidate_after_wikidata
node/5648139622,Hostal Mendez,,,,,70,independent_unaffiliated_candidate,no_active_brand_signal,,likely_new_candidate,,,,,,hard_case_no_website_no_city,webhound_candidate_after_wikidata
node/5688089045,"Lopesan Costa Bávaro Resort, Spa & Casino",Punta Cana,Punta Cana,https://www.lopesan.com/es/hoteles/republica-dominicana/punta-cana/playa-bavaro/costa-bavaro/,https://www.lopesan.com/es/hoteles/republica-dominicana/punta-cana/playa-bavaro/costa-bavaro/,100,route_known_chain_not_active,known_chain_domain,Lopesan,likely_existing,,,,,,excluded_not_independent,route_to_branded_or_steward
node/5848180986,San Martin,,,,,55,independent_unaffiliated_candidate,no_active_brand_signal,,likely_new_candidate,,,,,,hard_case_no_website_no_city,webhound_candidate_after_wikidata
node/5867352185,San Martin,,,,,55,independent_unaffiliated_candidate,no_active_brand_signal,,likely_new_candidate,,,,,,hard_case_no_website_no_city,webhound_candidate_after_wikidata
node/5916285505,Hotel La Fuente,,,,,55,independent_unaffiliated_candidate,no_active_brand_signal,,likely_new_candidate,Q112020277,,,low,45,hard_case_no_website_no_city,webhound_candidate_after_wikidata
node/5916667511,Hotel WC,,,,,55,independent_unaffiliated_candidate,no_active_brand_signal,,likely_new_candidate,,,,,,hard_case_no_website_no_city,webhound_candidate_after_wikidata
node/5930313289,Hotel Mi Cabaña,,,,,55,independent_unaffiliated_candidate,no_active_brand_signal,,likely_new_candidate,,,,,,hard_case_no_website_no_city,webhound_candidate_after_wikidata
node/5935898328,Resort Bahía de los Dioses,,,,,55,independent_unaffiliated_candidate,no_active_brand_signal,,likely_new_candidate,,,,,,hard_case_no_website_no_city,webhound_candidate_after_wikidata
node/5936807188,Hotel Cotubanamá,,Samaná,,,55,independent_unaffiliated_candidate,no_active_brand_signal,,likely_new_candidate,Q112020330,Samaná,,high,75,wikidata_matched_needs_website,official_site_lookup_or_webhound_hard_case
node/5936880385,Hotel El Paraíso,,,,,55,independent_unaffiliated_candidate,no_active_brand_signal,,likely_new_candidate,,,,,,hard_case_no_website_no_city,webhound_candidate_after_wikidata
node/5936880386,Hotel Mildania,,,,,55,independent_unaffiliated_candidate,no_active_brand_signal,,likely_new_candidate,,,,,,hard_case_no_website_no_city,webhound_candidate_after_wikidata
node/5984420795,casa mama Adrian,,,,,55,independent_unaffiliated_candidate,no_active_brand_signal,,likely_new_candidate,,,,,,hard_case_no_website_no_city,webhound_candidate_after_wikidata
node/5984422591,hotel El toro,,,,,55,independent_unaffiliated_candidate,no_active_brand_signal,,likely_new_candidate,,,,,,hard_case_no_website_no_city,webhound_candidate_after_wikidata
node/5985277192,dormitorio hato mayor,,,,,55,independent_unaffiliated_candidate,no_active_brand_signal,,likely_new_candidate,,,,,,hard_case_no_website_no_city,webhound_candidate_after_wikidata
node/6008398122,Habana,,,,,55,independent_unaffiliated_candidate,no_active_brand_signal,,likely_new_candidate,,,,,,hard_case_no_website_no_city,webhound_candidate_after_wikidata
node/6017605988,Altos de virella,,,,,55,independent_unaffiliated_candidate,no_active_brand_signal,,likely_new_candidate,,,,,,hard_case_no_website_no_city,webhound_candidate_after_wikidata
node/6020419629,The Circle by Meliá,,,https://twitter.com/CirclebyMelia,https://twitter.com/CirclebyMelia,70,route_known_chain_not_active,known_chain_name,Meliá,likely_new_candidate,Q112020360,,,none,20,excluded_not_independent,route_to_branded_or_steward
node/6022237072,Hotel Galsi,Puerto Plata,Puerto Plata,,,85,independent_unaffiliated_candidate,no_active_brand_signal,,likely_new_candidate,Q112020298,,,medium,60,wikidata_matched_needs_website,official_site_lookup_or_webhound_hard_case
node/6032173384,Hotel Leidy,,,,,55,independent_unaffiliated_candidate,no_active_brand_signal,,likely_new_candidate,,,,,,hard_case_no_website_no_city,webhound_candidate_after_wikidata
node/6032173891,Hotel Angelito,,,,,55,independent_unaffiliated_candidate,no_active_brand_signal,,likely_new_candidate,,,,,,hard_case_no_website_no_city,webhound_candidate_after_wikidata
node/6044023488,Hotel Las Colinas,,,,,65,independent_unaffiliated_candidate,no_active_brand_signal,,likely_new_candidate,,,,,,hard_case_no_website_no_city,webhound_candidate_after_wikidata
node/6186383052,Casa Gio Las Terrenas,Las Terrenas,Las Terrenas,,,85,steward_possible_branded,osm_brand_tag_not_in_active_dictionary,Affitta camere,likely_new_candidate,Q112020324,Las Terrenas,,none,25,excluded_not_independent,route_to_branded_or_steward
node/6223357785,Black Beards Resort,,,,,60,independent_unaffiliated_candidate,no_active_brand_signal,,likely_new_candidate,,,,,,hard_case_no_website_no_city,webhound_candidate_after_wikidata
node/6235248905,Villa Lotus,,,,,55,independent_unaffiliated_candidate,no_active_brand_signal,,likely_new_candidate,,,,,,hard_case_no_website_no_city,webhound_candidate_after_wikidata
node/6250137987,Cabañas Manhattan,,,,,60,independent_unaffiliated_candidate,no_active_brand_signal,,likely_new_candidate,,,,,,hard_case_no_website_no_city,webhound_candidate_after_wikidata
node/6253504396,Hostel Quintonido,,,,,55,independent_unaffiliated_candidate,no_active_brand_signal,,likely_new_candidate,,,,,,hard_case_no_website_no_city,webhound_candidate_after_wikidata
node/6259007985,Hotel Jimaní,,,,,55,independent_unaffiliated_candidate,no_active_brand_signal,,likely_new_candidate,,,,,,hard_case_no_website_no_city,webhound_candidate_after_wikidata
node/6281684685,Casa grande,,,,,55,independent_unaffiliated_candidate,no_active_brand_signal,,likely_new_candidate,,,,,,hard_case_no_website_no_city,webhound_candidate_after_wikidata
node/6294161985,Tia de Lisa,,,,,55,independent_unaffiliated_candidate,no_active_brand_signal,,likely_new_candidate,,,,,,hard_case_no_website_no_city,webhound_candidate_after_wikidata
node/6313032685,Hotel Taíno Fronterizo,,,,,55,independent_unaffiliated_candidate,no_active_brand_signal,,likely_new_candidate,,,,,,hard_case_no_website_no_city,webhound_candidate_after_wikidata
node/6314999313,Catalonia Bavaro Royal,,,,,65,route_known_chain_not_active,known_chain_name,Catalonia,likely_existing,,,,,,excluded_not_independent,route_to_branded_or_steward
node/6402906489,casa de esperanza,,,,,55,independent_unaffiliated_candidate,no_active_brand_signal,,likely_new_candidate,,,,,,hard_case_no_website_no_city,webhound_candidate_after_wikidata
node/6425797885,Виталий Олесик,,,,,55,independent_unaffiliated_candidate,no_active_brand_signal,,likely_new_candidate,,,,,,hard_case_no_website_no_city,webhound_candidate_after_wikidata
node/6429388223,HOTEL BRISOL,,,,,55,independent_unaffiliated_candidate,no_active_brand_signal,,likely_new_candidate,,,,,,hard_case_no_website_no_city,webhound_candidate_after_wikidata
node/6448141485,Lopesa,,,,,60,independent_unaffiliated_candidate,no_active_brand_signal,,likely_existing,,,,,,hard_case_no_website_no_city,webhound_candidate_after_wikidata
node/6467016348,Complejo Turístico Hora Azul,,,,,55,independent_unaffiliated_candidate,no_active_brand_signal,,likely_new_candidate,,,,,,hard_case_no_website_no_city,webhound_candidate_after_wikidata
node/6468314516,Hotel Emotions by Hodelpa,,,,,55,route_known_chain_not_active,known_chain_name,Hodelpa,likely_new_candidate,,,,,,excluded_not_independent,route_to_branded_or_steward
node/6476870837,Hotel Nueva York,,,,,55,independent_unaffiliated_candidate,no_active_brand_signal,,likely_new_candidate,,,,,,hard_case_no_website_no_city,webhound_candidate_after_wikidata
node/6482988314,Hotel Perla del Sur,,,,,55,independent_unaffiliated_candidate,no_active_brand_signal,,likely_new_candidate,,,,,,hard_case_no_website_no_city,webhound_candidate_after_wikidata
node/6508652186,Cabañas Kiss,,,,,70,independent_unaffiliated_candidate,no_active_brand_signal,,likely_new_candidate,,,,,,hard_case_no_website_no_city,webhound_candidate_after_wikidata
node/6514622885,El Conde,,,,,55,independent_unaffiliated_candidate,no_active_brand_signal,,likely_new_candidate,,,,,,hard_case_no_website_no_city,webhound_candidate_after_wikidata
node/6514622986,EL Conde,,,,,55,independent_unaffiliated_candidate,no_active_brand_signal,,likely_new_candidate,,,,,,hard_case_no_website_no_city,webhound_candidate_after_wikidata
node/6561542253,Cabrera Chalet,Cabrera,Cabrera,https://www.cabrera-chalet.com,https://www.cabrera-chalet.com,100,steward_possible_branded,osm_brand_tag_not_in_active_dictionary,Boutique Hotel,likely_new_candidate,,,,,,excluded_not_independent,route_to_branded_or_steward
node/6566452585,Casa,,,,,55,independent_unaffiliated_candidate,no_active_brand_signal,,likely_new_candidate,,,,,,hard_case_no_website_no_city,webhound_candidate_after_wikidata
node/6592115592,Punta Rucia,,,,,60,independent_unaffiliated_candidate,no_active_brand_signal,,likely_new_candidate,Q112020333,,,none,20,hard_case_no_website_no_city,webhound_candidate_after_wikidata
node/6592115593,Hotel Sand Bay Oceanfront,,,,,60,independent_unaffiliated_candidate,no_active_brand_signal,,likely_new_candidate,,,,,,hard_case_no_website_no_city,webhound_candidate_after_wikidata
node/6604034360,Casa de Huespedes Colonial,Santo Domingo,Santo Domingo,,,75,independent_unaffiliated_candidate,no_active_brand_signal,,likely_new_candidate,,,,,,needs_research,manual_or_secondary_source
node/6604081464,Share Melvi Apartment,Punta Cana,Punta Cana,,,85,route_known_chain_not_active,osm_brand_tag_known_chain,Barceló,likely_new_candidate,,,,,,excluded_not_independent,route_to_branded_or_steward
node/6615239085,MT hotel,,,,,55,independent_unaffiliated_candidate,no_active_brand_signal,,likely_new_candidate,,,,,,hard_case_no_website_no_city,webhound_candidate_after_wikidata
node/6709861386,Jaraba,,,,,55,independent_unaffiliated_candidate,no_active_brand_signal,,possible_duplicate_review,,,,,,hard_case_no_website_no_city,webhound_candidate_after_wikidata
node/6778035756,"7""S""",,,,,55,independent_unaffiliated_candidate,no_active_brand_signal,,likely_new_candidate,,,,,,hard_case_no_website_no_city,webhound_candidate_after_wikidata
node/6803118224,Hotel Patria,,,,,65,independent_unaffiliated_candidate,no_active_brand_signal,,likely_new_candidate,,,,,,hard_case_no_website_no_city,webhound_candidate_after_wikidata
node/6803118225,Hotel Gri Gri,,,,,65,independent_unaffiliated_candidate,no_active_brand_signal,,likely_new_candidate,,,,,,hard_case_no_website_no_city,webhound_candidate_after_wikidata
node/6803329397,Hotel Balcones De La Bahia,,,,,65,independent_unaffiliated_candidate,no_active_brand_signal,,likely_new_candidate,,,,,,hard_case_no_website_no_city,webhound_candidate_after_wikidata
node/6847561182,Mira Cielo,,,,,55,independent_unaffiliated_candidate,no_active_brand_signal,,likely_new_candidate,,,,,,hard_case_no_website_no_city,webhound_candidate_after_wikidata
node/6908171775,Casa Ana,,,,,55,independent_unaffiliated_candidate,no_active_brand_signal,,likely_new_candidate,,,,,,hard_case_no_website_no_city,webhound_candidate_after_wikidata
node/6939934185,Mosquito Hotel,,,,,55,independent_unaffiliated_candidate,no_active_brand_signal,,likely_new_candidate,,,,,,hard_case_no_website_no_city,webhound_candidate_after_wikidata
node/6996449236,Hotel Coco,,,,,55,independent_unaffiliated_candidate,no_active_brand_signal,,likely_new_candidate,Q111884780,,,high,77,wikidata_matched_needs_website,official_site_lookup_or_webhound_hard_case
node/7098867211,Louisa Apart Hotel,,,http://www.louisahotel.com,http://www.louisahotel.com,80,independent_unaffiliated_candidate,no_active_brand_signal,,needs_research,,,,,,enrich_city_then_promote,city_from_wikidata_or_geocode_steward
node/7104816985,Hostal juana,,,,,55,independent_unaffiliated_candidate,no_active_brand_signal,,likely_new_candidate,,,,,,hard_case_no_website_no_city,webhound_candidate_after_wikidata
node/7137367776,Hotel Green Palace,Moca,Moca,,,85,independent_unaffiliated_candidate,no_active_brand_signal,,likely_new_candidate,,,,,,needs_research,manual_or_secondary_source
node/7243009922,Casa PorqueNo,,,,,55,independent_unaffiliated_candidate,no_active_brand_signal,,likely_new_candidate,,,,,,hard_case_no_website_no_city,webhound_candidate_after_wikidata
node/7243015034,La Isleta,,,,,55,independent_unaffiliated_candidate,no_active_brand_signal,,likely_new_candidate,Q111884807,,,high,75,wikidata_matched_needs_website,official_site_lookup_or_webhound_hard_case
node/7243015035,Arena Oceanview Hotel & La Terraza Restaurant,Las Galeres,Las Galeres,https://arenahotelboutique.com,https://arenahotelboutique.com,100,steward_possible_branded,osm_brand_tag_not_in_active_dictionary,Private,likely_new_candidate,,,,,,excluded_not_independent,route_to_branded_or_steward
node/7243024423,La Ballena Backpackers,,,,,55,independent_unaffiliated_candidate,no_active_brand_signal,,likely_new_candidate,Q111124503,,,low,32,hard_case_no_website_no_city,webhound_candidate_after_wikidata
node/7243024569,Chalet Tropical,,,,,55,independent_unaffiliated_candidate,no_active_brand_signal,,likely_new_candidate,Q111414774,,,high,75,wikidata_matched_needs_website,official_site_lookup_or_webhound_hard_case
node/7243040458,Il Triangolo,,,,,55,independent_unaffiliated_candidate,no_active_brand_signal,,likely_new_candidate,Q112020339,,,low,45,hard_case_no_website_no_city,webhound_candidate_after_wikidata
node/7243041990,Hotel Playita,,,,,55,independent_unaffiliated_candidate,no_active_brand_signal,,likely_new_candidate,,,,,,hard_case_no_website_no_city,webhound_candidate_after_wikidata
node/7243042685,Hotel GriGri,,,,,55,independent_unaffiliated_candidate,no_active_brand_signal,,likely_new_candidate,,,,,,hard_case_no_website_no_city,webhound_candidate_after_wikidata
node/7274607989,Las Galeras Hotel,,,https://las-galeras.com/,https://las-galeras.com/,75,independent_unaffiliated_candidate,no_active_brand_signal,,needs_research,Q112020341,,,high,90,enrich_city_then_promote,city_from_wikidata_or_geocode_steward
node/7353668140,La Dolce Vita,,,,,55,independent_unaffiliated_candidate,no_active_brand_signal,,likely_new_candidate,,,,,,hard_case_no_website_no_city,webhound_candidate_after_wikidata
node/7353680458,Residencial Miralar,,,,,55,independent_unaffiliated_candidate,no_active_brand_signal,,likely_new_candidate,Q111884793,,,low,45,hard_case_no_website_no_city,webhound_candidate_after_wikidata
node/7353712778,Hotel Atlantis,,,,,55,independent_unaffiliated_candidate,no_active_brand_signal,,likely_new_candidate,Q111884788,,,high,90,wikidata_matched_needs_website,official_site_lookup_or_webhound_hard_case
node/7353715793,Las Cayenas,,,,,55,independent_unaffiliated_candidate,no_active_brand_signal,,likely_new_candidate,,,,,,hard_case_no_website_no_city,webhound_candidate_after_wikidata
node/7353716226,CostArena,,,,,55,independent_unaffiliated_candidate,no_active_brand_signal,,likely_new_candidate,Q111884796,,,medium,62,wikidata_matched_needs_website,official_site_lookup_or_webhound_hard_case
node/7353717218,Residencial Corte del Mar,,,,,55,independent_unaffiliated_candidate,no_active_brand_signal,,likely_new_candidate,,,,,,hard_case_no_website_no_city,webhound_candidate_after_wikidata
node/7353717750,Don Cesar,,,,,55,independent_unaffiliated_candidate,no_active_brand_signal,,likely_new_candidate,,,,,,hard_case_no_website_no_city,webhound_candidate_after_wikidata
node/7353719286,Palmeraie,,,,,55,independent_unaffiliated_candidate,no_active_brand_signal,,likely_new_candidate,,,,,,hard_case_no_website_no_city,webhound_candidate_after_wikidata
node/7353721699,Josefina,,,,,55,independent_unaffiliated_candidate,no_active_brand_signal,,likely_new_candidate,,,,,,hard_case_no_website_no_city,webhound_candidate_after_wikidata
node/7353722254,Aligio Apart-Hotel,,,,,55,independent_unaffiliated_candidate,no_active_brand_signal,,likely_new_candidate,,,,,,hard_case_no_website_no_city,webhound_candidate_after_wikidata
node/7477488347,villa pajon,constanza,constanza,,,75,independent_unaffiliated_candidate,no_active_brand_signal,,likely_new_candidate,,,,,,needs_research,manual_or_secondary_source
node/7555156150,Sunrise Villa,,,,,55,independent_unaffiliated_candidate,no_active_brand_signal,,likely_new_candidate,,,,,,hard_case_no_website_no_city,webhound_candidate_after_wikidata
node/7560527285,Castillo del Mar,,,,,55,independent_unaffiliated_candidate,no_active_brand_signal,,likely_new_candidate,,,,,,hard_case_no_website_no_city,webhound_candidate_after_wikidata
node/7741588385,Green Coast hotel,,,https://www.booking.com/hotel/do/bravo-mare.html?aid=1595464,https://www.booking.com/hotel/do/bravo-mare.html?aid=1595464,70,independent_unaffiliated_candidate,no_active_brand_signal,,likely_new_candidate,Q112020359,,,high,90,enrich_city_then_promote,city_from_wikidata_or_geocode_steward
node/7949317139,Villa Querida,,,https://dominicana.life/,https://dominicana.life/,70,independent_unaffiliated_candidate,no_active_brand_signal,,likely_new_candidate,,,,,,enrich_city_then_promote,city_from_wikidata_or_geocode_steward
node/8026710897,Hyatt Zilara Cap Cana,,,,,65,route_known_chain_not_active,known_chain_name,Hyatt Zilara,likely_existing,,,,,,excluded_not_independent,route_to_branded_or_steward
node/8078244124,Hotel Patria,,,,,55,independent_unaffiliated_candidate,no_active_brand_signal,,likely_new_candidate,,,,,,hard_case_no_website_no_city,webhound_candidate_after_wikidata
node/8078244168,Hotel Brisas del Este,,,,,55,independent_unaffiliated_candidate,no_active_brand_signal,,likely_new_candidate,,,,,,hard_case_no_website_no_city,webhound_candidate_after_wikidata
node/8078244181,Dormitorio San Miguel,,,,,55,independent_unaffiliated_candidate,no_active_brand_signal,,likely_new_candidate,,,,,,hard_case_no_website_no_city,webhound_candidate_after_wikidata
node/8105435331,Casa Larimar,,,,,60,independent_unaffiliated_candidate,no_active_brand_signal,,likely_new_candidate,,,,,,hard_case_no_website_no_city,webhound_candidate_after_wikidata
node/8116547995,Majestic Mirage Punta Cana - All-Suite Resort,Punta Cana,Punta Cana,https://www.majestic-resorts.com/punta-cana/resorts/majestic-mirage-punta-cana-all-suite-resort,https://www.majestic-resorts.com/punta-cana/resorts/majestic-mirage-punta-cana-all-suite-resort,100,route_known_chain_not_active,known_chain_name,Majestic Resorts,likely_existing,Q135266155,Punta Cana,https://www.majestic-resorts.com/punta-cana/resorts/majestic-mirage-punta-cana-all-suite-resort,high,130,excluded_not_independent,route_to_branded_or_steward
node/8262599417,Casa Amelia,,,,,55,route_known_chain_not_active,known_chain_name,Meliá,likely_new_candidate,,,,,,excluded_not_independent,route_to_branded_or_steward
node/8291988618,villa bebé,,,,,55,independent_unaffiliated_candidate,no_active_brand_signal,,likely_new_candidate,,,,,,hard_case_no_website_no_city,webhound_candidate_after_wikidata
node/8327794617,hotel Maison Gautreaux,,,,,55,independent_unaffiliated_candidate,no_active_brand_signal,,likely_existing,Q112020381,,,high,77,wikidata_matched_needs_website,official_site_lookup_or_webhound_hard_case
node/8327794618,playa la poza de bojolo,,,,,55,independent_unaffiliated_candidate,no_active_brand_signal,,likely_new_candidate,,,,,,hard_case_no_website_no_city,webhound_candidate_after_wikidata
node/8379439887,Hotel Casa Robinson,,,,,55,independent_unaffiliated_candidate,no_active_brand_signal,,likely_new_candidate,,,,,,hard_case_no_website_no_city,webhound_candidate_after_wikidata
node/8412574318,Hotel New Ark,,,,,55,independent_unaffiliated_candidate,no_active_brand_signal,,likely_new_candidate,,,,,,hard_case_no_website_no_city,webhound_candidate_after_wikidata
node/8439135417,Hotel El Maca,,,,,55,independent_unaffiliated_candidate,no_active_brand_signal,,likely_new_candidate,,,,,,hard_case_no_website_no_city,webhound_candidate_after_wikidata
node/8439138417,Hotel Natalie,,,,,55,independent_unaffiliated_candidate,no_active_brand_signal,,likely_new_candidate,,,,,,hard_case_no_website_no_city,webhound_candidate_after_wikidata
node/8451322921,Hotel Doña Sol,,,,,55,independent_unaffiliated_candidate,no_active_brand_signal,,likely_new_candidate,,,,,,hard_case_no_website_no_city,webhound_candidate_after_wikidata
node/8542028917,Miguel Francisco Guerrero,,,,,60,independent_unaffiliated_candidate,no_active_brand_signal,,likely_new_candidate,,,,,,hard_case_no_website_no_city,webhound_candidate_after_wikidata
node/8568212422,Bellevue Dominican Bay,,,,,55,independent_unaffiliated_candidate,no_active_brand_signal,,likely_existing,,,,,,hard_case_no_website_no_city,webhound_candidate_after_wikidata
node/8710203019,Aparta Hotel La Bahia,,,,,55,independent_unaffiliated_candidate,no_active_brand_signal,,likely_new_candidate,,,,,,hard_case_no_website_no_city,webhound_candidate_after_wikidata
node/8777942017,King Hotel,,,,,55,independent_unaffiliated_candidate,no_active_brand_signal,,likely_new_candidate,,,,,,hard_case_no_website_no_city,webhound_candidate_after_wikidata
node/8796382545,Casa Jardín Montesacro,Polo,Polo,,,85,independent_unaffiliated_candidate,no_active_brand_signal,,likely_new_candidate,,,,,,needs_research,manual_or_secondary_source
node/8796411064,Altos de La Caobita Ecolodge,Barrera,Barrera,,,85,independent_unaffiliated_candidate,no_active_brand_signal,,likely_new_candidate,,,,,,needs_research,manual_or_secondary_source
node/8817747617,Mi Vista Mountain Resort,,,,,55,independent_unaffiliated_candidate,no_active_brand_signal,,likely_new_candidate,,,,,,hard_case_no_website_no_city,webhound_candidate_after_wikidata
node/8818855013,Diamond Hotel Cabarete,,,,,55,independent_unaffiliated_candidate,no_active_brand_signal,,likely_new_candidate,,,,,,hard_case_no_website_no_city,webhound_candidate_after_wikidata
node/8870231217,Alojamiento,,,,,55,independent_unaffiliated_candidate,no_active_brand_signal,,likely_new_candidate,,,,,,hard_case_no_website_no_city,webhound_candidate_after_wikidata
node/8881479779,Hotel Caserma,,,,,55,independent_unaffiliated_candidate,no_active_brand_signal,,likely_new_candidate,,,,,,hard_case_no_website_no_city,webhound_candidate_after_wikidata
node/8928125790,Hotel Riviera Campo Verde,,,,,55,independent_unaffiliated_candidate,no_active_brand_signal,,likely_new_candidate,,,,,,hard_case_no_website_no_city,webhound_candidate_after_wikidata
node/8999961404,Aparta Hotel Caribe Paraíso,,,,,55,independent_unaffiliated_candidate,no_active_brand_signal,,likely_new_candidate,,,,,,hard_case_no_website_no_city,webhound_candidate_after_wikidata
node/9027266036,Altea Palace,,,https://alteapalace.com,https://alteapalace.com,80,independent_unaffiliated_candidate,no_active_brand_signal,,likely_new_candidate,,,,,,enrich_city_then_promote,city_from_wikidata_or_geocode_steward
node/9028309788,Hotel Loro Tuerto,,,,,55,independent_unaffiliated_candidate,no_active_brand_signal,,likely_new_candidate,Q112020297,,,high,90,wikidata_matched_needs_website,official_site_lookup_or_webhound_hard_case
node/9028346259,La Rancheta,,,,,55,independent_unaffiliated_candidate,no_active_brand_signal,,likely_new_candidate,Q112020343,,,none,20,hard_case_no_website_no_city,webhound_candidate_after_wikidata
node/9051047481,Surfbreak Cabarete,,,https://www.surfbreakcabarete.com/,https://www.surfbreakcabarete.com/,90,steward_possible_branded,osm_brand_tag_not_in_active_dictionary,Romario,likely_new_candidate,,,,,,excluded_not_independent,route_to_branded_or_steward
node/9054291383,Class Colonial,,,,,70,independent_unaffiliated_candidate,no_active_brand_signal,,likely_new_candidate,,,,,,hard_case_no_website_no_city,webhound_candidate_after_wikidata
node/9143633569,La Serenissima,,,,,55,independent_unaffiliated_candidate,no_active_brand_signal,,likely_new_candidate,,,,,,hard_case_no_website_no_city,webhound_candidate_after_wikidata
node/9165301517,Unique Exotic Hotel,,,,,60,independent_unaffiliated_candidate,no_active_brand_signal,,likely_new_candidate,Q112020332,,,low,45,hard_case_no_website_no_city,webhound_candidate_after_wikidata
node/9167682913,Hotel Naragua,,,,,65,route_known_chain_not_active,osm_brand_tag_known_chain,RIU,likely_new_candidate,Q111414829,,,none,20,excluded_not_independent,route_to_branded_or_steward
node/9184126458,Hostel La Junglita,,,,,55,independent_unaffiliated_candidate,no_active_brand_signal,,likely_new_candidate,,,,,,hard_case_no_website_no_city,webhound_candidate_after_wikidata
node/9184126460,La Orilla Las Galeras,,,,,55,independent_unaffiliated_candidate,no_active_brand_signal,,likely_new_candidate,,,,,,hard_case_no_website_no_city,webhound_candidate_after_wikidata
node/9284022017,Hotel Boutique Santiago Apostol,,,http://hotelboutique-santiagoapostol.com,http://hotelboutique-santiagoapostol.com,85,independent_unaffiliated_candidate,no_active_brand_signal,,likely_new_candidate,,,,,,enrich_city_then_promote,city_from_wikidata_or_geocode_steward
node/9296353657,"Radisson Blu Resort & Residence, Punta Cana",Punta Cana,Punta Cana,https://www.radissonhotelsamericas.com/en-us/hotels/radisson-blu-resort-punta-cana,https://www.radissonhotelsamericas.com/en-us/hotels/radisson-blu-resort-punta-cana,100,route_branded_active_setup,osm_brand_tag,Radisson Blu by Choice,likely_new_candidate,,,,,,excluded_not_independent,route_to_branded_or_steward
node/9296353739,AC Hotel by Marriott Punta Cana,Punta Cana,Punta Cana,https://www.marriott.com/hotels/travel/PUJAC-ac-hotel-punta-cana/,https://www.marriott.com/hotels/travel/PUJAC-ac-hotel-punta-cana/,100,route_branded_official_domain,official_brand_domain,,likely_existing,,,,,,excluded_not_independent,route_to_branded_or_steward
node/9320997860,Oasi Encantada Beach Resort,,,https://hotel-oasi-encantada.negocio.site/,https://hotel-oasi-encantada.negocio.site/,80,independent_unaffiliated_candidate,no_active_brand_signal,,likely_new_candidate,,,,,,enrich_city_then_promote,city_from_wikidata_or_geocode_steward
node/9330856129,Hotel Savas Salinas,,,https://sava.do/,https://sava.do/,85,independent_unaffiliated_candidate,no_active_brand_signal,,likely_new_candidate,Q111115326,,,none,20,enrich_city_then_promote,city_from_wikidata_or_geocode_steward
node/9381445917,Ocean El Faro,,,,,55,independent_unaffiliated_candidate,no_active_brand_signal,,likely_existing,Q111414790,,,medium,50,wikidata_matched_needs_website,official_site_lookup_or_webhound_hard_case
node/9470231876,Gasque,,,,,55,independent_unaffiliated_candidate,no_active_brand_signal,,likely_new_candidate,,,,,,hard_case_no_website_no_city,webhound_candidate_after_wikidata
node/9483852883,Hotel Caribani,,,,,70,independent_unaffiliated_candidate,no_active_brand_signal,,likely_new_candidate,,,,,,hard_case_no_website_no_city,webhound_candidate_after_wikidata
node/9490531017,Hotel park,,,,,55,independent_unaffiliated_candidate,no_active_brand_signal,,likely_new_candidate,,,,,,hard_case_no_website_no_city,webhound_candidate_after_wikidata
node/9525549270,Bamboojam Villa,,,bamboojamvilla.com,bamboojamvilla.com,70,independent_unaffiliated_candidate,no_active_brand_signal,,likely_new_candidate,,,,,,enrich_city_then_promote,city_from_wikidata_or_geocode_steward
node/9566324244,Las Puertas Del Paraiso,,,,,55,independent_unaffiliated_candidate,no_active_brand_signal,,likely_new_candidate,Q111884767,,,high,90,wikidata_matched_needs_website,official_site_lookup_or_webhound_hard_case
node/9631615727,Terramar,,,,,55,independent_unaffiliated_candidate,no_active_brand_signal,,likely_new_candidate,,,,,,hard_case_no_website_no_city,webhound_candidate_after_wikidata
node/9668071343,El Encuentro Surf Lodge,,,https://elencuentrosurflodge.com/,https://elencuentrosurflodge.com/,70,independent_unaffiliated_candidate,no_active_brand_signal,,likely_new_candidate,Q112020295,,,high,90,enrich_city_then_promote,city_from_wikidata_or_geocode_steward
node/9671944817,Heidy’s Guesthouse,,,,,60,independent_unaffiliated_candidate,no_active_brand_signal,,likely_new_candidate,,,,,,hard_case_no_website_no_city,webhound_candidate_after_wikidata
node/9856719770,Hotel Villa La Plantacion,Las Galeras,Las Galeras,https://villalaplantacion.com,https://villalaplantacion.com,100,independent_unaffiliated_candidate,no_active_brand_signal,,likely_new_candidate,Q111884808,,,high,75,promote_plan_l1_ready,dry_run_census_insert_affiliation_independent
node/10093756817,Casa de Bethania,,,,,55,independent_unaffiliated_candidate,no_active_brand_signal,,likely_new_candidate,,,,,,hard_case_no_website_no_city,webhound_candidate_after_wikidata
node/10095525617,Catalina Tropical Lodge,,,,,55,independent_unaffiliated_candidate,no_active_brand_signal,,likely_new_candidate,,,,,,hard_case_no_website_no_city,webhound_candidate_after_wikidata
node/10176619116,Hacienda La Promesa,,,,,55,independent_unaffiliated_candidate,no_active_brand_signal,,likely_new_candidate,,,,,,hard_case_no_website_no_city,webhound_candidate_after_wikidata
node/10208337426,The water melon house,,,,,55,independent_unaffiliated_candidate,no_active_brand_signal,,likely_new_candidate,,,,,,hard_case_no_website_no_city,webhound_candidate_after_wikidata
node/10262424309,Villa Paula,,,,,60,independent_unaffiliated_candidate,no_active_brand_signal,,likely_new_candidate,,,,,,hard_case_no_website_no_city,webhound_candidate_after_wikidata
node/10596455107,Hotel Glamour,,,,,70,independent_unaffiliated_candidate,no_active_brand_signal,,likely_new_candidate,,,,,,hard_case_no_website_no_city,webhound_candidate_after_wikidata
node/10681170892,Triton Hotel Boutique & Restaurant,,,,,60,independent_unaffiliated_candidate,no_active_brand_signal,,likely_new_candidate,,,,,,hard_case_no_website_no_city,webhound_candidate_after_wikidata
node/10681194938,La Cueva del Che,,,,,60,independent_unaffiliated_candidate,no_active_brand_signal,,likely_new_candidate,,,,,,hard_case_no_website_no_city,webhound_candidate_after_wikidata
node/10702912612,Villas Mana Las Terrenas,,,,,55,independent_unaffiliated_candidate,no_active_brand_signal,,likely_new_candidate,,,,,,hard_case_no_website_no_city,webhound_candidate_after_wikidata
node/10716313546,Palms Lounge,,,,,55,independent_unaffiliated_candidate,no_active_brand_signal,,likely_new_candidate,,,,,,hard_case_no_website_no_city,webhound_candidate_after_wikidata
node/10823294756,Domescape Glamping Miches,,,https://www.facebook.com/domescapeglamping,https://www.facebook.com/domescapeglamping,80,steward_possible_branded,osm_brand_tag_not_in_active_dictionary,Domescape,likely_new_candidate,,,,,,excluded_not_independent,route_to_branded_or_steward
node/10880951451,Hermosa Suites,,,,,55,independent_unaffiliated_candidate,no_active_brand_signal,,likely_new_candidate,,,,,,hard_case_no_website_no_city,webhound_candidate_after_wikidata
node/11035653720,Hotel Casa Coco,Boca Chica,Boca Chica,https://hotelcasacoco.com,https://hotelcasacoco.com,90,independent_unaffiliated_candidate,no_active_brand_signal,,likely_new_candidate,Q112020305,Boca Chica,,high,105,promote_plan_l1_ready,dry_run_census_insert_affiliation_independent
node/11035653721,Bicicletas Boca Chica,,,,,55,independent_unaffiliated_candidate,no_active_brand_signal,,needs_research,,,,,,hard_case_no_website_no_city,webhound_candidate_after_wikidata
node/11057172205,Casa Papa Loco,,,,,55,independent_unaffiliated_candidate,no_active_brand_signal,,likely_new_candidate,Q112020368,,,low,32,hard_case_no_website_no_city,webhound_candidate_after_wikidata
node/11102602341,Villa Mamanita,villa altagracia,villa altagracia,https://instagram.com/villamamanita?utm_source=qr&igshid=MzNlNGNkZWQ4Mg%3D%3D,https://instagram.com/villamamanita?utm_source=qr&igshid=MzNlNGNkZWQ4Mg%3D%3D,100,steward_possible_branded,osm_brand_tag_not_in_active_dictionary,Villa Mamanita,likely_new_candidate,,,,,,excluded_not_independent,route_to_branded_or_steward
node/11106056290,Villa Scooby,,,https://villascooby.com,https://villascooby.com,70,independent_unaffiliated_candidate,no_active_brand_signal,,likely_new_candidate,,,,,,enrich_city_then_promote,city_from_wikidata_or_geocode_steward
node/11158547600,Los Corales Beach Village Suites,,,https://www.loscoralesvillage.com,https://www.loscoralesvillage.com,90,steward_possible_branded,osm_brand_tag_not_in_active_dictionary,Los Corales Village - Grupo Dos,likely_new_candidate,Q111884817,,,medium,62,excluded_not_independent,route_to_branded_or_steward
node/11158547601,Las Terrazas Condo Apartment,,,https://www.loscoralesvillage.com,https://www.loscoralesvillage.com,90,steward_possible_branded,osm_brand_tag_not_in_active_dictionary,Los Corales Village - Grupo Dos,likely_new_candidate,,,,,,excluded_not_independent,route_to_branded_or_steward
node/11158547602,Flor del Mar Condo Apartment,,,https://www.loscoralesvillage.com,https://www.loscoralesvillage.com,90,steward_possible_branded,osm_brand_tag_not_in_active_dictionary,Los Corales Village - Grupo Dos,likely_new_candidate,Q112020362,,,low,45,excluded_not_independent,route_to_branded_or_steward
node/11158547603,La Piazzetta PREMIUM Suites,,,https://www.loscoralesvillage.com,https://www.loscoralesvillage.com,90,steward_possible_branded,osm_brand_tag_not_in_active_dictionary,Los Corales Village - Grupo Dos,likely_new_candidate,,,,,,excluded_not_independent,route_to_branded_or_steward
node/11196218131,hotel fundacipe,,,,,55,independent_unaffiliated_candidate,no_active_brand_signal,,likely_new_candidate,,,,,,hard_case_no_website_no_city,webhound_candidate_after_wikidata
node/11216277399,"Marriott Miches Beach, An All-Inclusive Resort",,,,,65,route_known_chain_not_active,known_chain_name,Marriott,likely_existing,,,,,,excluded_not_independent,route_to_branded_or_steward
node/11258546274,Villa Castellamonte,,,,,55,independent_unaffiliated_candidate,no_active_brand_signal,,likely_new_candidate,,,,,,hard_case_no_website_no_city,webhound_candidate_after_wikidata
node/11628073769,Melia caribe beach resort,,,,,55,route_known_chain_not_active,known_chain_name,Meliá,likely_existing,Q111414821,,,medium,50,excluded_not_independent,route_to_branded_or_steward
node/11700822269,Pofirio rojas,,,,,65,independent_unaffiliated_candidate,no_active_brand_signal,,likely_new_candidate,,,,,,hard_case_no_website_no_city,webhound_candidate_after_wikidata
node/11701328169,Claudio Polanco,,,,,65,independent_unaffiliated_candidate,no_active_brand_signal,,likely_new_candidate,,,,,,hard_case_no_website_no_city,webhound_candidate_after_wikidata
node/11701333069,Claudio Polanco,,,,,65,independent_unaffiliated_candidate,no_active_brand_signal,,likely_new_candidate,,,,,,hard_case_no_website_no_city,webhound_candidate_after_wikidata
node/11724531571,Francisco Villar,,,,,65,independent_unaffiliated_candidate,no_active_brand_signal,,likely_new_candidate,,,,,,hard_case_no_website_no_city,webhound_candidate_after_wikidata
node/11724680769,Mario María Toribio,,,,,55,independent_unaffiliated_candidate,no_active_brand_signal,,likely_new_candidate,,,,,,hard_case_no_website_no_city,webhound_candidate_after_wikidata
node/11724857670,Roberto Robinson,,,,,55,independent_unaffiliated_candidate,no_active_brand_signal,,likely_new_candidate,,,,,,hard_case_no_website_no_city,webhound_candidate_after_wikidata
node/11724900469,José Alejandro Payan,,,,,55,independent_unaffiliated_candidate,no_active_brand_signal,,likely_new_candidate,,,,,,hard_case_no_website_no_city,webhound_candidate_after_wikidata
node/11725161869,Rafael Severino,,,,,55,independent_unaffiliated_candidate,no_active_brand_signal,,likely_new_candidate,,,,,,hard_case_no_website_no_city,webhound_candidate_after_wikidata
node/11725181469,Ana Mercedes Joaquín,,,,,55,independent_unaffiliated_candidate,no_active_brand_signal,,likely_new_candidate,,,,,,hard_case_no_website_no_city,webhound_candidate_after_wikidata
node/11732267879,"Hotel Santiago, Curio Collection by Hilton",Santiago de los Caballeros,Santiago de los Caballeros,https://www.hilton.com/en/hotels/stisaqq-hotel-santiago/?SEO_id=GMB-AMER-QQ-STISAQQ&y_source=1_OTgxMzcxNjUtNzE1LWxvY2F0aW9uLndlYnNpdGU%3D,https://www.hilton.com/en/hotels/stisaqq-hotel-santiago/?SEO_id=GMB-AMER-QQ-STISAQQ&y_source=1_OTgxMzcxNjUtNzE1LWxvY2F0aW9uLndlYnNpdGU%3D,100,route_branded_active_setup,osm_brand_tag,Hilton Hotels & Resorts,likely_existing,,,,,,excluded_not_independent,route_to_branded_or_steward
node/11766192870,Nelson Yunior Meléndez,,,,,55,independent_unaffiliated_candidate,no_active_brand_signal,,likely_new_candidate,,,,,,hard_case_no_website_no_city,webhound_candidate_after_wikidata
node/11766386269,César Javier de la Cruz,,,,,55,independent_unaffiliated_candidate,no_active_brand_signal,,likely_new_candidate,,,,,,hard_case_no_website_no_city,webhound_candidate_after_wikidata
node/11826535303,Gato Colonial,,,,,55,independent_unaffiliated_candidate,no_active_brand_signal,,likely_new_candidate,,,,,,hard_case_no_website_no_city,webhound_candidate_after_wikidata
node/11831271471,Watermelon House,,,,,55,independent_unaffiliated_candidate,no_active_brand_signal,,likely_new_candidate,,,,,,hard_case_no_website_no_city,webhound_candidate_after_wikidata
node/11844917769,Ramón,,,,,55,independent_unaffiliated_candidate,no_active_brand_signal,,likely_new_candidate,,,,,,hard_case_no_website_no_city,webhound_candidate_after_wikidata
node/11847656972,Sola de Alexander en Hipódromo,,,,,55,independent_unaffiliated_candidate,no_active_brand_signal,,likely_new_candidate,,,,,,hard_case_no_website_no_city,webhound_candidate_after_wikidata
node/11874240474,Hotel Garrido,Higuey,Higuey,,,75,independent_unaffiliated_candidate,no_active_brand_signal,,likely_new_candidate,,,,,,needs_research,manual_or_secondary_source
node/12038454403,madame aparta hotel,Pedernales,Pedernales,,,85,independent_unaffiliated_candidate,no_active_brand_signal,,likely_new_candidate,,,,,,needs_research,manual_or_secondary_source
node/12044776625,Hotel Óleo Méndez,,,,,55,independent_unaffiliated_candidate,no_active_brand_signal,,likely_new_candidate,,,,,,hard_case_no_website_no_city,webhound_candidate_after_wikidata
node/12044776626,hotel adelaida,,,,,55,independent_unaffiliated_candidate,no_active_brand_signal,,likely_new_candidate,,,,,,hard_case_no_website_no_city,webhound_candidate_after_wikidata
node/12044785937,hotel Isla beata,,,,,55,independent_unaffiliated_candidate,no_active_brand_signal,,likely_new_candidate,Q112020348,,,low,32,hard_case_no_website_no_city,webhound_candidate_after_wikidata
node/12044986428,restauran,,,,,55,independent_unaffiliated_candidate,no_active_brand_signal,,likely_new_candidate,,,,,,hard_case_no_website_no_city,webhound_candidate_after_wikidata
node/12536259200,Cabarete Morning Breeze,,,,,65,independent_unaffiliated_candidate,no_active_brand_signal,,likely_new_candidate,,,,,,hard_case_no_website_no_city,webhound_candidate_after_wikidata
node/12542637990,Hotel Teresa,,,,,55,independent_unaffiliated_candidate,no_active_brand_signal,,likely_new_candidate,,,,,,hard_case_no_website_no_city,webhound_candidate_after_wikidata
node/12546573956,Riviera Punta Cana,,,,,55,independent_unaffiliated_candidate,no_active_brand_signal,,needs_research,Q112020361,,,high,75,wikidata_matched_needs_website,official_site_lookup_or_webhound_hard_case
node/12546573958,Honky Tonky Punta Cana,,,,,55,independent_unaffiliated_candidate,no_active_brand_signal,,likely_new_candidate,,,,,,hard_case_no_website_no_city,webhound_candidate_after_wikidata
node/12546573960,Noé Hotel,,,,,55,independent_unaffiliated_candidate,no_active_brand_signal,,likely_new_candidate,,,,,,hard_case_no_website_no_city,webhound_candidate_after_wikidata
node/12659951042,Rig Hotel Boutique,,,,,55,independent_unaffiliated_candidate,no_active_brand_signal,,needs_research,Q111884826,,,high,75,wikidata_matched_needs_website,official_site_lookup_or_webhound_hard_case
node/12798112370,Hotel & Apartments Buchen,Samaná,Samaná,https://gosamana-dominicanrepublic.com/buchen-apartments-samana-town.html,https://gosamana-dominicanrepublic.com/buchen-apartments-samana-town.html,100,independent_unaffiliated_candidate,no_active_brand_signal,,likely_new_candidate,,,,,,promote_plan_l1_ready,dry_run_census_insert_affiliation_independent
node/12818363772,Holiday Inn Santo Domingo,,,,,65,route_known_chain_not_active,known_chain_name,Holiday Inn,likely_existing,,,,,,excluded_not_independent,route_to_branded_or_steward
node/12849541339,Hotel Faranda Single 1,,,https://www.farandahotels.com/hotel/faranda-single-1-punta-cana,https://www.farandahotels.com/hotel/faranda-single-1-punta-cana,70,independent_unaffiliated_candidate,no_active_brand_signal,,likely_new_candidate,,,,,,enrich_city_then_promote,city_from_wikidata_or_geocode_steward
node/12914358579,Leysi's Garden,Samana,Samana,https://www.instagram.com/leisysgarden/?hl=es,https://www.instagram.com/leisysgarden/?hl=es,100,independent_unaffiliated_candidate,no_active_brand_signal,,likely_new_candidate,,,,,,promote_plan_l1_ready,dry_run_census_insert_affiliation_independent
node/12919682928,Hotel el Escondite,Samana,Samana,,,85,independent_unaffiliated_candidate,no_active_brand_signal,,likely_new_candidate,Q111122870,,,low,32,needs_research,manual_or_secondary_source
node/12947207545,hotel villasol Pedernales,Pedernales,Pedernales,,,85,independent_unaffiliated_candidate,no_active_brand_signal,,likely_new_candidate,,,,,,needs_research,manual_or_secondary_source
node/12947286799,HOTEL MADRID,Pedernales,Pedernales,,,85,independent_unaffiliated_candidate,no_active_brand_signal,,likely_new_candidate,,,,,,needs_research,manual_or_secondary_source
node/12947329313,La casa de mamita,,,,,55,independent_unaffiliated_candidate,no_active_brand_signal,,likely_new_candidate,,,,,,hard_case_no_website_no_city,webhound_candidate_after_wikidata
node/12947329314,Hotel Casa Oasis,,,,,65,independent_unaffiliated_candidate,no_active_brand_signal,,likely_new_candidate,,,,,,hard_case_no_website_no_city,webhound_candidate_after_wikidata
node/12952042987,Hotel Decameron (CERRADO),,,,,55,independent_unaffiliated_candidate,no_active_brand_signal,,likely_new_candidate,,,,,,hard_case_no_website_no_city,webhound_candidate_after_wikidata
node/12961247392,Hilton Garden Inn La Romana,,,,,65,route_branded_active_setup,osm_brand_tag,Hilton Garden Inn,likely_existing,,,,,,excluded_not_independent,route_to_branded_or_steward
node/12998607201,Impressive Punta Cana - All Inclusive,,,,,60,independent_unaffiliated_candidate,no_active_brand_signal,,likely_new_candidate,Q111414817,,,high,75,wikidata_matched_needs_website,official_site_lookup_or_webhound_hard_case
node/12998788201,Hotel Bocaino,,,,,60,independent_unaffiliated_candidate,no_active_brand_signal,,likely_new_candidate,,,,,,hard_case_no_website_no_city,webhound_candidate_after_wikidata
node/13050362262,Hostal Shivas,"El Valle, Samana","El Valle, Samana",https://www.instagram.com/ganeshvillage/,https://www.instagram.com/ganeshvillage/,100,independent_unaffiliated_candidate,no_active_brand_signal,,likely_new_candidate,,,,,,promote_plan_l1_ready,dry_run_census_insert_affiliation_independent
node/13081433749,Viva Dominicus Beach by Wyndham,,,https://vivaresortsbywyndham.com/viva-dominicus-beach/,https://vivaresortsbywyndham.com/viva-dominicus-beach/,70,route_known_chain_not_active,known_chain_name,Wyndham,likely_existing,,,,,,excluded_not_independent,route_to_branded_or_steward
node/13154430213,Motel El Triangulo,,,,,55,independent_unaffiliated_candidate,no_active_brand_signal,,likely_new_candidate,,,,,,hard_case_no_website_no_city,webhound_candidate_after_wikidata
node/13154430322,Antiguo Hotel El 3,,,,,55,independent_unaffiliated_candidate,no_active_brand_signal,,likely_new_candidate,,,,,,hard_case_no_website_no_city,webhound_candidate_after_wikidata
node/13165874914,Casa Barbara Las Terrenas,Las Terrenas,Las Terrenas,https://www.casabarbara.net,https://www.casabarbara.net,100,independent_unaffiliated_candidate,no_active_brand_signal,,likely_new_candidate,Q111884797,Las Terrenas,,low,35,promote_plan_l1_ready,dry_run_census_insert_affiliation_independent
node/13231723317,Hotel karymi,,,,,55,independent_unaffiliated_candidate,no_active_brand_signal,,likely_new_candidate,,,,,,hard_case_no_website_no_city,webhound_candidate_after_wikidata
node/13231723318,Hostal y Restaurant Doña Cuca Jordan,,,,,55,independent_unaffiliated_candidate,no_active_brand_signal,,likely_new_candidate,,,,,,hard_case_no_website_no_city,webhound_candidate_after_wikidata
node/13231723319,hostal rincónsito cibaeño,,,,,55,independent_unaffiliated_candidate,no_active_brand_signal,,likely_new_candidate,,,,,,hard_case_no_website_no_city,webhound_candidate_after_wikidata
node/13231723320,hotel la flor de ale,,,,,55,independent_unaffiliated_candidate,no_active_brand_signal,,likely_new_candidate,,,,,,hard_case_no_website_no_city,webhound_candidate_after_wikidata
node/13231723321,hotel zoila antonio,,,,,55,independent_unaffiliated_candidate,no_active_brand_signal,,likely_new_candidate,,,,,,hard_case_no_website_no_city,webhound_candidate_after_wikidata
node/13278847933,"Villas Maranata, Las Terrenas",,,,,55,independent_unaffiliated_candidate,no_active_brand_signal,,likely_new_candidate,,,,,,hard_case_no_website_no_city,webhound_candidate_after_wikidata
node/13278847939,Hotel Playa Coson,,,,,55,independent_unaffiliated_candidate,no_active_brand_signal,,likely_new_candidate,,,,,,hard_case_no_website_no_city,webhound_candidate_after_wikidata
node/13311173931,The Hub by Acunmedya,,,,,55,independent_unaffiliated_candidate,no_active_brand_signal,,likely_new_candidate,,,,,,hard_case_no_website_no_city,webhound_candidate_after_wikidata
node/13322473574,hotel undanda,,,,,55,independent_unaffiliated_candidate,no_active_brand_signal,,likely_new_candidate,,,,,,hard_case_no_website_no_city,webhound_candidate_after_wikidata
node/13322473576,hotel Ruber,,,,,55,independent_unaffiliated_candidate,no_active_brand_signal,,likely_new_candidate,,,,,,hard_case_no_website_no_city,webhound_candidate_after_wikidata
node/13322963399,sfm hotel,,,,,55,independent_unaffiliated_candidate,no_active_brand_signal,,likely_new_candidate,,,,,,hard_case_no_website_no_city,webhound_candidate_after_wikidata
node/13323009901,hotel pegui,,,,,55,independent_unaffiliated_candidate,no_active_brand_signal,,likely_new_candidate,,,,,,hard_case_no_website_no_city,webhound_candidate_after_wikidata
node/13424222116,Cabañas La Uni,,,,,55,independent_unaffiliated_candidate,no_active_brand_signal,,likely_new_candidate,,,,,,hard_case_no_website_no_city,webhound_candidate_after_wikidata
node/13424222118,Cabañas Yes,,,,,55,independent_unaffiliated_candidate,no_active_brand_signal,,likely_new_candidate,,,,,,hard_case_no_website_no_city,webhound_candidate_after_wikidata
node/13503259301,Punta Cana Ecolodge Costa Arrecife Lavacama,,,https://www.cabareteecolodgebeach.com/,https://www.cabareteecolodgebeach.com/,80,independent_unaffiliated_candidate,no_active_brand_signal,,likely_new_candidate,,,,,,enrich_city_then_promote,city_from_wikidata_or_geocode_steward
node/13591844893,PF Hotel,puerto plata,puerto plata,,,75,independent_unaffiliated_candidate,no_active_brand_signal,,likely_new_candidate,,,,,,needs_research,manual_or_secondary_source
node/13801667501,Hotel Restaurante Abys Nefertiti,,,,,70,independent_unaffiliated_candidate,no_active_brand_signal,,likely_new_candidate,,,,,,hard_case_no_website_no_city,webhound_candidate_after_wikidata
node/13801667502,Onyx Luxury,,,https://onyxluxuryrd.com/,https://onyxluxuryrd.com/,85,independent_unaffiliated_candidate,no_active_brand_signal,,likely_new_candidate,,,,,,enrich_city_then_promote,city_from_wikidata_or_geocode_steward
node/13894884201,Cabañas Las Americas,,,,,55,independent_unaffiliated_candidate,no_active_brand_signal,,likely_new_candidate,,,,,,hard_case_no_website_no_city,webhound_candidate_after_wikidata
node/13894884301,Cabañas Son,,,,,55,independent_unaffiliated_candidate,no_active_brand_signal,,likely_new_candidate,,,,,,hard_case_no_website_no_city,webhound_candidate_after_wikidata
way/27956819,Iberostar Waves Punta Cana,Punta Cana,Punta Cana,https://www.iberostar.com/en/hotels/punta-cana/iberostar-waves-punta-cana/,https://www.iberostar.com/en/hotels/punta-cana/iberostar-waves-punta-cana/,100,route_known_chain_not_active,known_chain_domain,Iberostar,likely_existing,Q135551961,Punta Cana,https://www.iberostar.com/en/hotels/punta-cana/iberostar-waves-punta-cana/,high,117,excluded_not_independent,route_to_branded_or_steward
way/27956853,Iberostar Waves Dominicana,Punta Cana,Punta Cana,https://www.iberostar.com/en/hotels/punta-cana/iberostar-dominicana/,https://www.iberostar.com/en/hotels/punta-cana/iberostar-dominicana/,100,route_known_chain_not_active,known_chain_domain,Iberostar,likely_existing,Q135645881,Punta Cana,https://www.iberostar.com/en/hotels/punta-cana/iberostar-waves-dominicana/,high,117,excluded_not_independent,route_to_branded_or_steward
way/27957139,Hotel Riu Palace Macao,Punta Cana,Punta Cana,https://www.riu.com/en/hotel/dominican-republic/punta-cana/hotel-riu-palace-macao/,https://www.riu.com/en/hotel/dominican-republic/punta-cana/hotel-riu-palace-macao/,100,route_known_chain_not_active,known_chain_domain,RIU,likely_existing,Q136556100,Punta Cana,https://www.riu.com/en/hotel/dominican-republic/punta-cana/hotel-riu-palace-macao,high,130,excluded_not_independent,route_to_branded_or_steward
way/31854366,Cabaña Turística Poseidon,Santiago,Santiago,,,75,independent_unaffiliated_candidate,no_active_brand_signal,,likely_new_candidate,,,,,,needs_research,manual_or_secondary_source
way/31854755,Gran Hotel Cibao,Santiago,Santiago,,,75,independent_unaffiliated_candidate,no_active_brand_signal,,likely_new_candidate,,,,,,needs_research,manual_or_secondary_source
way/31854875,Cabaña Touristica,Santiago,Santiago,,,75,independent_unaffiliated_candidate,no_active_brand_signal,,likely_new_candidate,,,,,,needs_research,manual_or_secondary_source
way/31855485,Cabaña Touristica Ethics,,,,,55,independent_unaffiliated_candidate,no_active_brand_signal,,likely_new_candidate,,,,,,hard_case_no_website_no_city,webhound_candidate_after_wikidata
way/31856075,Cabaña Turística Palmar,,,,,55,independent_unaffiliated_candidate,no_active_brand_signal,,likely_new_candidate,,,,,,hard_case_no_website_no_city,webhound_candidate_after_wikidata
way/31856119,Cabaña Turística Bora Bora,,,,,55,independent_unaffiliated_candidate,no_active_brand_signal,,likely_new_candidate,,,,,,hard_case_no_website_no_city,webhound_candidate_after_wikidata
way/31858860,Cabaña Turistica,,,,,55,independent_unaffiliated_candidate,no_active_brand_signal,,likely_new_candidate,,,,,,hard_case_no_website_no_city,webhound_candidate_after_wikidata
way/31865735,Centro Español,,,,,55,independent_unaffiliated_candidate,no_active_brand_signal,,likely_new_candidate,,,,,,hard_case_no_website_no_city,webhound_candidate_after_wikidata
way/31874599,Cabaña Turística Eclipse,,,,,55,independent_unaffiliated_candidate,no_active_brand_signal,,likely_new_candidate,,,,,,hard_case_no_website_no_city,webhound_candidate_after_wikidata
way/31874725,Cabaña Turística Helios,,,,,55,independent_unaffiliated_candidate,no_active_brand_signal,,likely_new_candidate,,,,,,hard_case_no_website_no_city,webhound_candidate_after_wikidata
way/31874957,Cabaña Turística Bora Bora,,,,,55,independent_unaffiliated_candidate,no_active_brand_signal,,likely_new_candidate,,,,,,hard_case_no_website_no_city,webhound_candidate_after_wikidata
way/31895158,Zeus Aparta Hotel,,,,,55,independent_unaffiliated_candidate,no_active_brand_signal,,likely_new_candidate,,,,,,hard_case_no_website_no_city,webhound_candidate_after_wikidata
way/33120922,Hotel Occidental Allegro Playa Dorada,,,,,55,route_known_chain_not_active,known_chain_name,Occidental,needs_research,,,,,,excluded_not_independent,route_to_branded_or_steward
way/33143969,Hotel Luperón,,,,,55,independent_unaffiliated_candidate,no_active_brand_signal,,likely_new_candidate,,,,,,hard_case_no_website_no_city,webhound_candidate_after_wikidata
way/34879211,Barcelo Punta Cana Hotel,,,,,55,route_known_chain_not_active,known_chain_name,Barceló,likely_new_candidate,,,,,,excluded_not_independent,route_to_branded_or_steward
way/53581002,Hotel Riu Bambu,Punta Cana,Punta Cana,https://www.riu.com/en/hotel/dominican-republic/punta-cana/hotel-riu-bambu,https://www.riu.com/en/hotel/dominican-republic/punta-cana/hotel-riu-bambu,100,route_known_chain_not_active,known_chain_domain,RIU,likely_existing,Q111414804,Punta Cana,https://www.riu.com/en/hotel/dominican-republic/punta-cana/hotel-riu-bambu,high,105,excluded_not_independent,route_to_branded_or_steward
way/93553072,Hotel Dominican Fiesta,,,,,65,steward_possible_branded,osm_brand_tag_not_in_active_dictionary,Fiesta,likely_existing,Q111414833,,,medium,62,excluded_not_independent,route_to_branded_or_steward
way/100550993,Paradius Punta Cana Hotel,,,,,55,independent_unaffiliated_candidate,no_active_brand_signal,,likely_new_candidate,,,,,,hard_case_no_website_no_city,webhound_candidate_after_wikidata
way/104646167,Barceló Bávaro Beach – Adults only,,,https://www.barcelo.com/en-us/barcelo-bavaro-beach/?utm_source=google&utm_medium=organic&utm_campaign=my_business&utm_content=7389,https://www.barcelo.com/en-us/barcelo-bavaro-beach/?utm_source=google&utm_medium=organic&utm_campaign=my_business&utm_content=7389,80,route_known_chain_not_active,known_chain_domain,Barceló,likely_existing,Q111414823,,,low,35,excluded_not_independent,route_to_branded_or_steward
way/110955858,Iberostar Selection Bavaro Suites,Punta Cana,Punta Cana,https://www.iberostar.com/en/hotels/punta-cana/iberostar-selection-bavaro-suites/,https://www.iberostar.com/en/hotels/punta-cana/iberostar-selection-bavaro-suites/,100,route_known_chain_not_active,known_chain_domain,Iberostar,likely_existing,Q135652587,Punta Cana,https://www.iberostar.com/en/hotels/punta-cana/iberostar-selection-bavaro-suites/,high,130,excluded_not_independent,route_to_branded_or_steward
way/110962847,Iberostar Selection Coral Bávaro,Punta Cana,Punta Cana,https://www.iberostar.com/en/hotels/punta-cana/iberostar-selection-coral-bavaro/,https://www.iberostar.com/en/hotels/punta-cana/iberostar-selection-coral-bavaro/,100,route_known_chain_not_active,known_chain_domain,Iberostar,likely_existing,Q135652670,Punta Cana,https://www.iberostar.com/en/hotels/punta-cana/iberostar-selection-coral-bavaro/,high,117,excluded_not_independent,route_to_branded_or_steward
way/127931752,Aventura,La Canela,La Canela,,,75,independent_unaffiliated_candidate,no_active_brand_signal,,likely_new_candidate,,,,,,needs_research,manual_or_secondary_source
way/136390467,Iberostar Waves Costa Dorada,Marapica,Marapica,https://www.iberostar.com/en/hotels/puerto-plata/iberostar-waves-costa-dorada/,https://www.iberostar.com/en/hotels/puerto-plata/iberostar-waves-costa-dorada/,100,route_known_chain_not_active,known_chain_domain,Iberostar,likely_existing,Q135973434,Puerto Plata,https://www.iberostar.com/en/hotels/puerto-plata/iberostar-waves-costa-dorada/,high,110,excluded_not_independent,route_to_branded_or_steward
way/142306645,Hotel Riu Naiboa,Punta Cana,Punta Cana,https://www.riu.com/en/hotel/dominican-republic/punta-cana/hotel-riu-naiboa/,https://www.riu.com/en/hotel/dominican-republic/punta-cana/hotel-riu-naiboa/,100,route_known_chain_not_active,known_chain_domain,RIU,likely_existing,Q111414805,Punta Cana,,high,92,excluded_not_independent,route_to_branded_or_steward
way/142306646,Hotel Riu Palace Punta Cana,Punta Cana,Punta Cana,https://www.riu.com/en/hotel/dominican-republic/punta-cana/hotel-riu-palace-punta-cana/,https://www.riu.com/en/hotel/dominican-republic/punta-cana/hotel-riu-palace-punta-cana/,100,route_known_chain_not_active,known_chain_domain,RIU,likely_existing,Q111414801,Punta Cana,https://www.riu.com/en/hotel/dominican-republic/punta-cana/hotel-riu-palace-punta-cana,high,117,excluded_not_independent,route_to_branded_or_steward
way/151713273,Alisei,,,https://www.aliseihotelspa.com/,https://www.aliseihotelspa.com/,80,independent_unaffiliated_candidate,no_active_brand_signal,,likely_existing,Q111414764,,,high,75,reconcile_legacy_census,link_not_insert
way/151713281,Lomita Maravilla,,,http://www.lomitamaravilla.com,http://www.lomitamaravilla.com,70,independent_unaffiliated_candidate,no_active_brand_signal,,likely_new_candidate,,,,,,enrich_city_then_promote,city_from_wikidata_or_geocode_steward
way/151743389,La Residencia del Paseo,,,,,55,independent_unaffiliated_candidate,no_active_brand_signal,,likely_new_candidate,,,,,,hard_case_no_website_no_city,webhound_candidate_after_wikidata
way/153864150,Hotel Barceló Santo Domingo,,,https://www.barcelo.com/en-us/barcelo-hotels/hotels/dominican-republic/santo-domingo/barcelo-santo-domingo,https://www.barcelo.com/en-us/barcelo-hotels/hotels/dominican-republic/santo-domingo/barcelo-santo-domingo,80,route_known_chain_not_active,known_chain_domain,Barceló,likely_existing,Q111414841,,,high,75,excluded_not_independent,route_to_branded_or_steward
way/164232205,Hodelpa Centro Plaza Hotel,Santiago de los Caballeros,Santiago de los Caballeros,,,85,route_known_chain_not_active,known_chain_name,Hodelpa,likely_existing,Q111414772,,,medium,62,excluded_not_independent,route_to_branded_or_steward
way/167127064,el cabaret,,,,,55,independent_unaffiliated_candidate,no_active_brand_signal,,likely_new_candidate,,,,,,hard_case_no_website_no_city,webhound_candidate_after_wikidata
way/173202187,Rancho Guaraguao,,,,,55,independent_unaffiliated_candidate,no_active_brand_signal,,likely_new_candidate,,,,,,hard_case_no_website_no_city,webhound_candidate_after_wikidata
way/174466662,Courtyard by Marriott Santo Domingo,Santo Domingo,Santo Domingo,https://www.marriott.com/hotels/travel/sdqcy-courtyard-santo-domingo/,https://www.marriott.com/hotels/travel/sdqcy-courtyard-santo-domingo/,100,route_branded_active_setup,name_alias_match,Courtyard by Marriott,likely_existing,,,,,,excluded_not_independent,route_to_branded_or_steward
way/174695425,Hotel Alto Cerro,,,,,55,independent_unaffiliated_candidate,no_active_brand_signal,,likely_new_candidate,,,,,,hard_case_no_website_no_city,webhound_candidate_after_wikidata
way/175357851,Gran Bahia Principe Cayacoa,,,,,55,route_known_chain_not_active,known_chain_name,Bahía Príncipe,likely_new_candidate,,,,,,excluded_not_independent,route_to_branded_or_steward
way/176411662,Mi Cabana Resort,,,,,55,independent_unaffiliated_candidate,no_active_brand_signal,,likely_new_candidate,,,,,,hard_case_no_website_no_city,webhound_candidate_after_wikidata
way/177332376,Crowne Plaza,Santo Domingo,Santo Domingo,,,85,route_branded_active_setup,name_alias_match,Crowne Plaza,likely_existing,Q111414843,,,high,75,excluded_not_independent,route_to_branded_or_steward
way/177332379,Renaissance Hotel,Santo Domingo,Santo Domingo,,,85,route_known_chain_not_active,known_chain_name,Renaissance Hotels,likely_new_candidate,,,,,,excluded_not_independent,route_to_branded_or_steward
way/198177958,Hotel Residence Playa Colibrí,,,https://www.tripadvisor.com/Hotel_Review-g259440-d489768-Reviews-Hotel_Residence_Playa_Colibri-Las_Terrenas_Samana_Province_Dominican_Republic.html,https://www.tripadvisor.com/Hotel_Review-g259440-d489768-Reviews-Hotel_Residence_Playa_Colibri-Las_Terrenas_Samana_Province_Dominican_Republic.html,70,independent_unaffiliated_candidate,no_active_brand_signal,,likely_existing,Q111884794,,,high,90,reconcile_legacy_census,link_not_insert
way/198178374,Apartamentos Caribey,,,,,55,independent_unaffiliated_candidate,no_active_brand_signal,,likely_new_candidate,,,,,,hard_case_no_website_no_city,webhound_candidate_after_wikidata
way/198178378,Hotel Albachiara,,,,,55,independent_unaffiliated_candidate,no_active_brand_signal,,likely_new_candidate,,,,,,hard_case_no_website_no_city,webhound_candidate_after_wikidata
way/198787989,Sublime Samana Hotel & Residences,,,,,55,independent_unaffiliated_candidate,no_active_brand_signal,,likely_existing,,,,,,hard_case_no_website_no_city,webhound_candidate_after_wikidata
way/199921835,Gran Bahia Principe El Portillo,,,https://www.bahia-principe.com/en/resorts-in-dominican-republic/resort-el-portillo/,https://www.bahia-principe.com/en/resorts-in-dominican-republic/resort-el-portillo/,70,route_known_chain_not_active,known_chain_domain,Bahía Príncipe,needs_research,Q111414770,,,medium,60,excluded_not_independent,route_to_branded_or_steward
way/199921836,Hotel Palococo,,,,,55,independent_unaffiliated_candidate,no_active_brand_signal,,likely_new_candidate,Q111884792,,,high,90,wikidata_matched_needs_website,official_site_lookup_or_webhound_hard_case
way/200927855,Cabañas Okey,,,,,55,independent_unaffiliated_candidate,no_active_brand_signal,,likely_new_candidate,,,,,,hard_case_no_website_no_city,webhound_candidate_after_wikidata
way/200927856,Cabañas Si o No,,,,,55,independent_unaffiliated_candidate,no_active_brand_signal,,likely_new_candidate,,,,,,hard_case_no_website_no_city,webhound_candidate_after_wikidata
way/200928828,Cabañas Costa Azul,,,,,55,independent_unaffiliated_candidate,no_active_brand_signal,,likely_new_candidate,,,,,,hard_case_no_website_no_city,webhound_candidate_after_wikidata
way/200930776,Cabañas Príncipe,,,,,55,independent_unaffiliated_candidate,no_active_brand_signal,,likely_new_candidate,,,,,,hard_case_no_website_no_city,webhound_candidate_after_wikidata
way/200931206,Cabañas Madrid,,,,,55,independent_unaffiliated_candidate,no_active_brand_signal,,likely_new_candidate,,,,,,hard_case_no_website_no_city,webhound_candidate_after_wikidata
way/200931207,Cabañas Bayadesa,,,,,55,independent_unaffiliated_candidate,no_active_brand_signal,,likely_new_candidate,,,,,,hard_case_no_website_no_city,webhound_candidate_after_wikidata
way/200933443,Cabañas Tía Tania,,,,,55,independent_unaffiliated_candidate,no_active_brand_signal,,likely_new_candidate,,,,,,hard_case_no_website_no_city,webhound_candidate_after_wikidata
way/200933444,Cabañas Hey,,,,,55,independent_unaffiliated_candidate,no_active_brand_signal,,likely_new_candidate,,,,,,hard_case_no_website_no_city,webhound_candidate_after_wikidata
way/200933445,Cabañas Preve,,,,,55,independent_unaffiliated_candidate,no_active_brand_signal,,likely_new_candidate,,,,,,hard_case_no_website_no_city,webhound_candidate_after_wikidata
way/201100083,Cabañas Chévere,,,,,55,independent_unaffiliated_candidate,no_active_brand_signal,,likely_new_candidate,,,,,,hard_case_no_website_no_city,webhound_candidate_after_wikidata
way/204089278,Casa Marina Beach & Reef,,,,,65,route_known_chain_not_active,osm_brand_tag_known_chain,Amhsa Marina Hotels,needs_research,Q111414746,,,medium,62,excluded_not_independent,route_to_branded_or_steward
way/206776565,Millenium,,,,,55,independent_unaffiliated_candidate,no_active_brand_signal,,likely_new_candidate,,,,,,hard_case_no_website_no_city,webhound_candidate_after_wikidata
way/207310964,Hotel San Jose,,,,,55,independent_unaffiliated_candidate,no_active_brand_signal,,likely_new_candidate,,,,,,hard_case_no_website_no_city,webhound_candidate_after_wikidata
way/213867957,Ciudad de Oro,,,,,55,independent_unaffiliated_candidate,no_active_brand_signal,,likely_new_candidate,,,,,,hard_case_no_website_no_city,webhound_candidate_after_wikidata
way/213870000,Cabañas Populares,,,,,55,independent_unaffiliated_candidate,no_active_brand_signal,,likely_new_candidate,,,,,,hard_case_no_website_no_city,webhound_candidate_after_wikidata
way/213871070,Cabañas Primavera,Santo Domingo Oeste,Santo Domingo Oeste,,,75,independent_unaffiliated_candidate,no_active_brand_signal,,likely_new_candidate,,,,,,needs_research,manual_or_secondary_source
way/213871593,Florida,,Santo Domingo,,,55,independent_unaffiliated_candidate,no_active_brand_signal,,likely_new_candidate,Q112020372,Santo Domingo,,low,40,hard_case_no_website_no_city,webhound_candidate_after_wikidata
way/214222991,Cabaña Nuevo Mundo,,,,,55,independent_unaffiliated_candidate,no_active_brand_signal,,likely_new_candidate,,,,,,hard_case_no_website_no_city,webhound_candidate_after_wikidata
way/221554173,Hotel Salida del Sol,,,,,55,independent_unaffiliated_candidate,no_active_brand_signal,,likely_new_candidate,,,,,,hard_case_no_website_no_city,webhound_candidate_after_wikidata
way/225437792,Grand Hotel,,,,,65,independent_unaffiliated_candidate,no_active_brand_signal,,likely_new_candidate,,,,,,hard_case_no_website_no_city,webhound_candidate_after_wikidata
way/228619815,Hotel Tropicana,,,,,60,independent_unaffiliated_candidate,no_active_brand_signal,,likely_new_candidate,,,,,,hard_case_no_website_no_city,webhound_candidate_after_wikidata
way/228692072,Hotel Aloha Sol,Santiago,Santiago,,,75,independent_unaffiliated_candidate,no_active_brand_signal,,likely_existing,,,,,,reconcile_legacy_census,link_not_insert
way/228747277,Hotel Villa España,,,,,55,independent_unaffiliated_candidate,no_active_brand_signal,,likely_new_candidate,,,,,,hard_case_no_website_no_city,webhound_candidate_after_wikidata
way/232029893,Cabañas Miramar,,,,,55,independent_unaffiliated_candidate,no_active_brand_signal,,likely_new_candidate,,,,,,hard_case_no_website_no_city,webhound_candidate_after_wikidata
way/233060472,Sivory Punta Cana,,,,,55,independent_unaffiliated_candidate,no_active_brand_signal,,likely_existing,,,,,,hard_case_no_website_no_city,webhound_candidate_after_wikidata
way/233446403,Hodelpa Gran Almirante,,,,,70,route_known_chain_not_active,known_chain_name,Hodelpa,needs_research,Q111414822,,,high,90,excluded_not_independent,route_to_branded_or_steward
way/233515118,Hotel Platino,Santiago,Santiago,,,75,independent_unaffiliated_candidate,no_active_brand_signal,,likely_existing,Q111884803,,,medium,60,wikidata_matched_needs_website,official_site_lookup_or_webhound_hard_case
way/236000172,Luxury Bahia Principe Samana,,,,,55,route_known_chain_not_active,known_chain_name,Bahía Príncipe,needs_research,,,,,,excluded_not_independent,route_to_branded_or_steward
way/245917690,Cabañas Monte Lola,,,,,65,steward_possible_branded,osm_brand_tag_not_in_active_dictionary,Cesar Ureña,likely_new_candidate,,,,,,excluded_not_independent,route_to_branded_or_steward
way/248236165,Cabañas La Paz,,,,,55,independent_unaffiliated_candidate,no_active_brand_signal,,likely_new_candidate,,,,,,hard_case_no_website_no_city,webhound_candidate_after_wikidata
way/249685175,Villa Pajon Ecolodge,,,,,55,independent_unaffiliated_candidate,no_active_brand_signal,,likely_new_candidate,,,,,,hard_case_no_website_no_city,webhound_candidate_after_wikidata
way/251860535,Quality Inn,,,,,65,route_branded_active_setup,osm_brand_tag,Quality Inn,likely_new_candidate,Q111884766,,,low,45,excluded_not_independent,route_to_branded_or_steward
way/252828092,Vista Sol Punta Cana,,,,,55,independent_unaffiliated_candidate,no_active_brand_signal,,likely_existing,Q111414815,,,low,32,hard_case_no_website_no_city,webhound_candidate_after_wikidata
way/252975393,Green Coast,Bávaro,Bávaro,,,85,independent_unaffiliated_candidate,no_active_brand_signal,,likely_new_candidate,,,,,,needs_research,manual_or_secondary_source
way/252975412,nh Hotels,,,,,55,independent_unaffiliated_candidate,no_active_brand_signal,,likely_new_candidate,Q111111828,,,low,32,hard_case_no_website_no_city,webhound_candidate_after_wikidata
way/253121969,El Eden,,,,,55,independent_unaffiliated_candidate,no_active_brand_signal,,likely_new_candidate,Q112020354,,,low,45,hard_case_no_website_no_city,webhound_candidate_after_wikidata
way/253123206,Catalonia Royal La Romana,,,https://www.cataloniahotels.com/en/hotel/catalonia-royal-la-romana-adults-only,https://www.cataloniahotels.com/en/hotel/catalonia-royal-la-romana-adults-only,80,route_known_chain_not_active,known_chain_domain,Catalonia,likely_existing,,,,,,excluded_not_independent,route_to_branded_or_steward
way/253123207,Cadaques Caribe,,,,,55,independent_unaffiliated_candidate,no_active_brand_signal,,likely_existing,,,,,,hard_case_no_website_no_city,webhound_candidate_after_wikidata
way/253125050,Hilton La Romana,,,,,65,route_branded_active_setup,osm_brand_tag,Hilton Hotels & Resorts,possible_duplicate_review,Q111414777,,,high,75,excluded_not_independent,route_to_branded_or_steward
way/255788067,Hard Rock Hotel,,,,,65,route_known_chain_not_active,known_chain_name,Hard Rock Hotels,likely_existing,,,,,,excluded_not_independent,route_to_branded_or_steward
way/255806141,Barceló Dominican Beach,,,http://www.barcelodominicanbeach.com/,http://www.barcelodominicanbeach.com/,70,route_known_chain_not_active,known_chain_name,Barceló,likely_new_candidate,,,,,,excluded_not_independent,route_to_branded_or_steward
way/272974124,Melia Santo Domingo Hotel,Santo Domingo,Santo Domingo,,,85,route_known_chain_not_active,known_chain_name,Meliá,needs_research,,,,,,excluded_not_independent,route_to_branded_or_steward
way/273377518,Bahia Blanca,,,,,55,independent_unaffiliated_candidate,no_active_brand_signal,,likely_new_candidate,,,,,,hard_case_no_website_no_city,webhound_candidate_after_wikidata
way/279441521,Albatros Cabarete Apartahotel,,,,,55,independent_unaffiliated_candidate,no_active_brand_signal,,likely_new_candidate,,,,,,hard_case_no_website_no_city,webhound_candidate_after_wikidata
way/279441553,Kaoba Hotel,Cabarete,Cabarete,,,75,independent_unaffiliated_candidate,no_active_brand_signal,,likely_existing,Q139380449,Cabarete,,none,25,reconcile_legacy_census,link_not_insert
way/284214289,Piergiorgio Palace Hotel,,,,,55,independent_unaffiliated_candidate,no_active_brand_signal,,likely_new_candidate,Q111884773,,,high,90,wikidata_matched_needs_website,official_site_lookup_or_webhound_hard_case
way/307232015,The Hummingbird,,,http://www.hummingbird-cabarete.com/,http://www.hummingbird-cabarete.com/,70,independent_unaffiliated_candidate,no_active_brand_signal,,likely_new_candidate,,,,,,enrich_city_then_promote,city_from_wikidata_or_geocode_steward
way/309203833,JOIA Bávaro by Iberostar,Punta Cana,Punta Cana,https://www.iberostar.com/en/hotels/punta-cana/joia-bavaro-by-iberostar/,https://www.iberostar.com/en/hotels/punta-cana/joia-bavaro-by-iberostar/,100,route_known_chain_not_active,known_chain_domain,Iberostar,likely_existing,Q135526771,Punta Cana,https://www.iberostar.com/en/hotels/punta-cana/joia-bavaro-by-iberostar/,high,117,excluded_not_independent,route_to_branded_or_steward
way/309203834,Ocean Blue & Sand,,,,,55,independent_unaffiliated_candidate,no_active_brand_signal,,likely_existing,,,,,,hard_case_no_website_no_city,webhound_candidate_after_wikidata
way/309221481,VIK Hotel Arena Blanca,,,,,55,independent_unaffiliated_candidate,no_active_brand_signal,,likely_new_candidate,,,,,,hard_case_no_website_no_city,webhound_candidate_after_wikidata
way/309228608,Majestic Colonial Hotel,Punta Cana,Punta Cana,https://www.majestic-resorts.com/punta-cana/resorts/majestic-colonial-punta-cana,https://www.majestic-resorts.com/punta-cana/resorts/majestic-colonial-punta-cana,100,route_known_chain_not_active,known_chain_name,Majestic Resorts,likely_new_candidate,,,,,,excluded_not_independent,route_to_branded_or_steward
way/309228614,Majestic Elegance Punta Cana,Punta Cana,Punta Cana,https://www.majestic-resorts.com/punta-cana/resorts/majestic-elegance-punta-cana,https://www.majestic-resorts.com/punta-cana/resorts/majestic-elegance-punta-cana,100,route_known_chain_not_active,known_chain_name,Majestic Resorts,likely_existing,Q111414795,Punta Cana,https://www.majestic-resorts.com/punta-cana/resorts/majestic-elegance-punta-cana,high,130,excluded_not_independent,route_to_branded_or_steward
way/309243773,Punta Cana Princess All suites Hotel,,,,,55,independent_unaffiliated_candidate,no_active_brand_signal,,likely_new_candidate,Q111414810,,,low,32,hard_case_no_website_no_city,webhound_candidate_after_wikidata
way/309243774,Tropical Princess Hotel,,,,,55,independent_unaffiliated_candidate,no_active_brand_signal,,likely_new_candidate,,,,,,hard_case_no_website_no_city,webhound_candidate_after_wikidata
way/309246410,Paradius Punta cana Hotel,,,,,55,independent_unaffiliated_candidate,no_active_brand_signal,,likely_new_candidate,,,,,,hard_case_no_website_no_city,webhound_candidate_after_wikidata
way/309247729,Paradius Punta Cana Hotel,,,,,55,independent_unaffiliated_candidate,no_active_brand_signal,,likely_new_candidate,,,,,,hard_case_no_website_no_city,webhound_candidate_after_wikidata
way/309248313,Bavaro Princess Hotel All suites Spa and Casino,,,https://www.princess-hotels.com/en/hotels-punta-cana-hotel-bavaro-princess-all-suites-resort-spa-casino-5-stars.html,https://www.princess-hotels.com/en/hotels-punta-cana-hotel-bavaro-princess-all-suites-resort-spa-casino-5-stars.html,80,independent_unaffiliated_candidate,no_active_brand_signal,,likely_new_candidate,,,,,,enrich_city_then_promote,city_from_wikidata_or_geocode_steward
way/309366606,Grand Palladium Punta Cana Resort & Spa,,,https://www.palladiumhotelgroup.com/en/punta-cana/grand-palladium-punta-cana-resort-spa/,https://www.palladiumhotelgroup.com/en/punta-cana/grand-palladium-punta-cana-resort-spa/,70,independent_unaffiliated_candidate,no_active_brand_signal,,likely_existing,Q111414814,,,medium,62,reconcile_legacy_census,link_not_insert
way/309367983,Grand Palladium palace resort hotel,,,,,55,independent_unaffiliated_candidate,no_active_brand_signal,,needs_research,,,,,,hard_case_no_website_no_city,webhound_candidate_after_wikidata
way/309368486,TRS Turquesa Hotel,,,,,55,independent_unaffiliated_candidate,no_active_brand_signal,,likely_existing,Q111884815,,,low,32,hard_case_no_website_no_city,webhound_candidate_after_wikidata
way/310072877,Dreams Resort Hotel,,,,,55,route_known_chain_not_active,known_chain_name,Dreams (Hyatt Inclusive Collection),likely_new_candidate,,,,,,excluded_not_independent,route_to_branded_or_steward
way/310074838,TIPICAS CASETAS HOTEL,,,,,55,independent_unaffiliated_candidate,no_active_brand_signal,,likely_new_candidate,,,,,,hard_case_no_website_no_city,webhound_candidate_after_wikidata
way/310075723,Grand Sirenis Punta Cana Resort,,,https://sirenishotels.com,https://sirenishotels.com,80,route_known_chain_not_active,known_chain_domain,Sirenis Hotels & Resorts,needs_research,,,,,,excluded_not_independent,route_to_branded_or_steward
way/310076079,Excellence Punta Cana Hotel,,,,,55,route_known_chain_not_active,known_chain_name,Excellence Resorts,needs_research,,,,,,excluded_not_independent,route_to_branded_or_steward
way/310436420,Grand Palladium Bavaro Hotel,,,,,55,independent_unaffiliated_candidate,no_active_brand_signal,,needs_research,,,,,,hard_case_no_website_no_city,webhound_candidate_after_wikidata
way/310436422,Occidental Grand Punta Cana Hotel,,,,,75,route_known_chain_not_active,known_chain_name,Occidental,needs_research,,,,,,excluded_not_independent,route_to_branded_or_steward
way/310694392,Real Intercontinental Hotel,"Santo Domingo , Rep Dominicana","Santo Domingo , Rep Dominicana",,,75,route_known_chain_not_active,known_chain_name,InterContinental,likely_new_candidate,,,,,,excluded_not_independent,route_to_branded_or_steward
way/312016532,Hotel Olimpo,,,,,55,independent_unaffiliated_candidate,no_active_brand_signal,,likely_new_candidate,Q112020350,,,high,90,wikidata_matched_needs_website,official_site_lookup_or_webhound_hard_case
way/312016739,Hotel Frano,,,,,55,independent_unaffiliated_candidate,no_active_brand_signal,,likely_new_candidate,,,,,,hard_case_no_website_no_city,webhound_candidate_after_wikidata
way/312593390,Hodelpa Garden Court Hotel,,,https://www.hodelpa.com/,https://www.hodelpa.com/,90,route_known_chain_not_active,known_chain_name,Hodelpa,likely_existing,Q111414743,,,high,75,excluded_not_independent,route_to_branded_or_steward
way/313829668,Grand Paradise Samana,,,,,55,independent_unaffiliated_candidate,no_active_brand_signal,,likely_new_candidate,Q111414775,,,high,75,wikidata_matched_needs_website,official_site_lookup_or_webhound_hard_case
way/315997821,Hotel Montemar,Azua,Azua,,,85,independent_unaffiliated_candidate,no_active_brand_signal,,likely_new_candidate,,,,,,needs_research,manual_or_secondary_source
way/316385782,Hotel La Atac,,,,,60,independent_unaffiliated_candidate,no_active_brand_signal,,likely_new_candidate,,,,,,hard_case_no_website_no_city,webhound_candidate_after_wikidata
way/320381815,Blue JackTar,,,https://www.bluejacktar.com/es/,https://www.bluejacktar.com/es/,80,independent_unaffiliated_candidate,no_active_brand_signal,,likely_new_candidate,,,,,,enrich_city_then_promote,city_from_wikidata_or_geocode_steward
way/323830323,Iberostar Hacienda Dominicus,Higüey,Higüey,https://www.iberostar.com/en/hotels/bayahibe/iberostar-selection-hacienda-dominicus/,https://www.iberostar.com/en/hotels/bayahibe/iberostar-selection-hacienda-dominicus/,100,route_known_chain_not_active,known_chain_domain,Iberostar,likely_existing,Q135669692,La Altagracia,https://www.iberostar.com/en/hotels/bayahibe/iberostar-selection-hacienda-dominicus/,high,95,excluded_not_independent,route_to_branded_or_steward
way/325724382,El Cabito,,,,,55,independent_unaffiliated_candidate,no_active_brand_signal,,likely_new_candidate,,,,,,hard_case_no_website_no_city,webhound_candidate_after_wikidata
way/328364682,Cabañas Campo Amor,,,,,55,independent_unaffiliated_candidate,no_active_brand_signal,,likely_new_candidate,,,,,,hard_case_no_website_no_city,webhound_candidate_after_wikidata
way/333932122,Hotel Diamante Azul,,,,,60,independent_unaffiliated_candidate,no_active_brand_signal,,likely_new_candidate,,,,,,hard_case_no_website_no_city,webhound_candidate_after_wikidata
way/334173540,Bellevue Dominican Bay,,,,,55,independent_unaffiliated_candidate,no_active_brand_signal,,likely_existing,,,,,,hard_case_no_website_no_city,webhound_candidate_after_wikidata
way/335856652,Hotel Breathless Punta Cana,,,,,55,route_known_chain_not_active,known_chain_name,Breathless (Hyatt Inclusive Collection),needs_research,,,,,,excluded_not_independent,route_to_branded_or_steward
way/335856784,Dreams Punta Cana Resort & Spa,Punta Cana,Punta Cana,,,75,route_known_chain_not_active,known_chain_name,Dreams (Hyatt Inclusive Collection),needs_research,Q111414789,La Altagracia,,high,85,excluded_not_independent,route_to_branded_or_steward
way/336698722,Aparta Hotel Turey,,,,,70,independent_unaffiliated_candidate,no_active_brand_signal,,likely_new_candidate,,,,,,hard_case_no_website_no_city,webhound_candidate_after_wikidata
way/339752040,Hotel Caribe,,Santa Cruz de Barahona,,,55,independent_unaffiliated_candidate,no_active_brand_signal,,likely_new_candidate,Q112020296,Santa Cruz de Barahona,,high,90,wikidata_matched_needs_website,official_site_lookup_or_webhound_hard_case
way/341067667,Hostal Doña Chava,,,http://www.donachava.com/,http://www.donachava.com/,70,independent_unaffiliated_candidate,no_active_brand_signal,,likely_new_candidate,Q111884810,,,high,90,enrich_city_then_promote,city_from_wikidata_or_geocode_steward
way/342557503,Cabañas Ciudad Corazón,,,,,55,independent_unaffiliated_candidate,no_active_brand_signal,,likely_new_candidate,,,,,,hard_case_no_website_no_city,webhound_candidate_after_wikidata
way/342786288,Bahía Príncipe Playa Nueva La Romana,,,,,55,route_known_chain_not_active,known_chain_name,Bahía Príncipe,needs_research,,,,,,excluded_not_independent,route_to_branded_or_steward
way/344008918,Hotel La Cita,,,,,55,independent_unaffiliated_candidate,no_active_brand_signal,,likely_new_candidate,,,,,,hard_case_no_website_no_city,webhound_candidate_after_wikidata
way/344009786,Aurora del Sol,Santo Domingo Este,Santo Domingo Este,,,75,independent_unaffiliated_candidate,no_active_brand_signal,,likely_new_candidate,,,,,,needs_research,manual_or_secondary_source
way/344193447,Hotel Súper,,,,,55,independent_unaffiliated_candidate,no_active_brand_signal,,likely_new_candidate,,,,,,hard_case_no_website_no_city,webhound_candidate_after_wikidata
way/359598125,JW Marriott Santo Domingo,Santo Domingo,Santo Domingo,https://www.marriott.com/hotels/travel/sdqjw-jw-marriott-hotel-santo-domingo/,https://www.marriott.com/hotels/travel/sdqjw-jw-marriott-hotel-santo-domingo/,100,route_branded_active_setup,name_alias_match,JW Marriott,likely_existing,Q111414832,Santo Domingo,,high,90,excluded_not_independent,route_to_branded_or_steward
way/361426122,Alto Caño Hondo,,,https://www.paraisocanohondo.com/alojamiento/altos-cano-hondo.aspx,https://www.paraisocanohondo.com/alojamiento/altos-cano-hondo.aspx,80,independent_unaffiliated_candidate,no_active_brand_signal,,likely_new_candidate,,,,,,enrich_city_then_promote,city_from_wikidata_or_geocode_steward
way/363761504,Casa del Mar Lodge Barahona,,,http://www.casadelmarlodgebarahona.com/,http://www.casadelmarlodgebarahona.com/,80,independent_unaffiliated_candidate,no_active_brand_signal,,likely_new_candidate,Q111884799,,,medium,62,enrich_city_then_promote,city_from_wikidata_or_geocode_steward
way/365721803,Hotel Baramar,,,,,55,independent_unaffiliated_candidate,no_active_brand_signal,,likely_new_candidate,,,,,,hard_case_no_website_no_city,webhound_candidate_after_wikidata
way/365721961,Gran Hotel Barahona,,,,,55,independent_unaffiliated_candidate,no_active_brand_signal,,likely_new_candidate,,,,,,hard_case_no_website_no_city,webhound_candidate_after_wikidata
way/373914205,Hotel El Crucero,,,,,55,independent_unaffiliated_candidate,no_active_brand_signal,,likely_new_candidate,,,,,,hard_case_no_website_no_city,webhound_candidate_after_wikidata
way/378375761,Holiday Inn,Santo Domingo,Santo Domingo,,,85,route_known_chain_not_active,known_chain_name,Holiday Inn,likely_existing,Q111414834,Santo Domingo,,high,90,excluded_not_independent,route_to_branded_or_steward
way/379027094,Hotel BQ;Vent W&P Santo Domingo,Santo Domingo,Santo Domingo,https://workandpleasurehotels.com/,https://workandpleasurehotels.com/,90,independent_unaffiliated_candidate,no_active_brand_signal,,needs_research,Q111414838,,,high,75,promote_plan_l1_ready,dry_run_census_insert_affiliation_independent
way/389775943,Hotel 8,,,,,60,independent_unaffiliated_candidate,no_active_brand_signal,,needs_research,,,,,,hard_case_no_website_no_city,webhound_candidate_after_wikidata
way/404174344,Westin,,,,,65,route_branded_active_setup,osm_brand_tag,Westin,needs_research,Q111884822,,,low,45,excluded_not_independent,route_to_branded_or_steward
way/404430604,Hotel Acuarium,Santo Domingo,Santo Domingo,,,75,route_known_chain_not_active,known_chain_name,RIU,likely_new_candidate,Q111884765,,,low,45,excluded_not_independent,route_to_branded_or_steward
way/406632312,Hotel Las Mercedes,,,,,60,independent_unaffiliated_candidate,no_active_brand_signal,,likely_new_candidate,,,,,,hard_case_no_website_no_city,webhound_candidate_after_wikidata
way/406641455,Hotel Discovery,,,,,55,independent_unaffiliated_candidate,no_active_brand_signal,,likely_existing,Q111884823,,,high,90,wikidata_matched_needs_website,official_site_lookup_or_webhound_hard_case
way/406647744,Hotel Odette Colonial,,,,,55,independent_unaffiliated_candidate,no_active_brand_signal,,likely_new_candidate,,,,,,hard_case_no_website_no_city,webhound_candidate_after_wikidata
way/406649855,Quinta Dominica,,,,,60,independent_unaffiliated_candidate,no_active_brand_signal,,likely_new_candidate,,,,,,hard_case_no_website_no_city,webhound_candidate_after_wikidata
way/406649862,Hodelpa Caribe Colonial,,,,,60,route_known_chain_not_active,known_chain_name,Hodelpa,likely_existing,Q111121543,,,low,45,excluded_not_independent,route_to_branded_or_steward
way/406664905,Hotel Palacio,Santo Domingo,Santo Domingo,https://www.hotel-palacio.com/,https://www.hotel-palacio.com/,100,independent_unaffiliated_candidate,no_active_brand_signal,,likely_existing,Q111414845,,,high,75,reconcile_legacy_census,link_not_insert
way/406678369,Doña Elvira,,,,,60,independent_unaffiliated_candidate,no_active_brand_signal,,likely_existing,Q111884831,,,medium,50,wikidata_matched_needs_website,official_site_lookup_or_webhound_hard_case
way/406786247,Paseo Colonial,,,,,60,independent_unaffiliated_candidate,no_active_brand_signal,,likely_new_candidate,,,,,,hard_case_no_website_no_city,webhound_candidate_after_wikidata
way/406786249,Island Life Backpackers Hostel,,,,,70,independent_unaffiliated_candidate,no_active_brand_signal,,likely_new_candidate,Q111121540,,,high,75,wikidata_matched_needs_website,official_site_lookup_or_webhound_hard_case
way/406788867,Aparta hotel tiempo,,,,,70,independent_unaffiliated_candidate,no_active_brand_signal,,likely_new_candidate,,,,,,hard_case_no_website_no_city,webhound_candidate_after_wikidata
way/406814141,Hotel Navarro,,,,,60,independent_unaffiliated_candidate,no_active_brand_signal,,likely_new_candidate,,,,,,hard_case_no_website_no_city,webhound_candidate_after_wikidata
way/406814144,Motel Xiniua,,,,,60,independent_unaffiliated_candidate,no_active_brand_signal,,likely_new_candidate,,,,,,hard_case_no_website_no_city,webhound_candidate_after_wikidata
way/406835730,Hotel Altagracia,,,,,60,independent_unaffiliated_candidate,no_active_brand_signal,,likely_new_candidate,,,,,,hard_case_no_website_no_city,webhound_candidate_after_wikidata
way/406862579,Casino Napolitano,,,,,60,independent_unaffiliated_candidate,no_active_brand_signal,,likely_new_candidate,Q111884827,,,low,45,hard_case_no_website_no_city,webhound_candidate_after_wikidata
way/406991569,Hotel Europa Boutique,,,,,55,independent_unaffiliated_candidate,no_active_brand_signal,,needs_research,,,,,,hard_case_no_website_no_city,webhound_candidate_after_wikidata
way/406993692,Hotel Conde,,Santo Domingo,,,55,independent_unaffiliated_candidate,no_active_brand_signal,,likely_new_candidate,Q107040881,Santo Domingo,,medium,60,wikidata_matched_needs_website,official_site_lookup_or_webhound_hard_case
way/407005629,Hotel La Pista,,,,,55,independent_unaffiliated_candidate,no_active_brand_signal,,likely_new_candidate,,,,,,hard_case_no_website_no_city,webhound_candidate_after_wikidata
way/407006273,Hotel Duque de Wellington,,,,,70,independent_unaffiliated_candidate,no_active_brand_signal,,likely_new_candidate,,,,,,hard_case_no_website_no_city,webhound_candidate_after_wikidata
way/407006274,Hotel El Navarro,,,,,70,independent_unaffiliated_candidate,no_active_brand_signal,,likely_new_candidate,,,,,,hard_case_no_website_no_city,webhound_candidate_after_wikidata
way/407017172,Hotel Villa Capri,Boca Chica,Boca Chica,,,85,independent_unaffiliated_candidate,no_active_brand_signal,,likely_new_candidate,Q111884785,,,high,77,wikidata_matched_needs_website,official_site_lookup_or_webhound_hard_case
way/407036915,Blues House,,,,,55,independent_unaffiliated_candidate,no_active_brand_signal,,likely_new_candidate,,,,,,hard_case_no_website_no_city,webhound_candidate_after_wikidata
way/407043746,Hotel El Greco,Boca Chica,Boca Chica,,,75,independent_unaffiliated_candidate,no_active_brand_signal,,likely_new_candidate,Q112020302,,,low,45,needs_research,manual_or_secondary_source
way/407053188,Azzurra Aparta Hotel,Boca Chica,Boca Chica,,,75,independent_unaffiliated_candidate,no_active_brand_signal,,likely_new_candidate,Q112020303,,,high,77,wikidata_matched_needs_website,official_site_lookup_or_webhound_hard_case
way/407061877,Villa Sans-Saucy,Boca Chica,Boca Chica,,,75,independent_unaffiliated_candidate,no_active_brand_signal,,likely_new_candidate,,,,,,needs_research,manual_or_secondary_source
way/407070409,Villa Elvis,Boca Chica,Boca Chica,,,75,independent_unaffiliated_candidate,no_active_brand_signal,,likely_new_candidate,,,,,,needs_research,manual_or_secondary_source
way/407070411,Villa Capri,Boca Chica,Boca Chica,,,75,independent_unaffiliated_candidate,no_active_brand_signal,,likely_new_candidate,,,,,,needs_research,manual_or_secondary_source
way/407075377,Calypso Beach Hotel,,,,,55,independent_unaffiliated_candidate,no_active_brand_signal,,likely_new_candidate,Q112020307,,,high,75,wikidata_matched_needs_website,official_site_lookup_or_webhound_hard_case
way/407734431,Playa Marina,Boca Chica,Boca Chica,,,75,independent_unaffiliated_candidate,no_active_brand_signal,,likely_new_candidate,,,,,,needs_research,manual_or_secondary_source
way/407739619,Hotel Mango,Boca Chica,Boca Chica,,,75,independent_unaffiliated_candidate,no_active_brand_signal,,likely_new_candidate,,,,,,needs_research,manual_or_secondary_source
way/407741177,Hotel Riazor,,,,,60,independent_unaffiliated_candidate,no_active_brand_signal,,likely_new_candidate,,,,,,hard_case_no_website_no_city,webhound_candidate_after_wikidata
way/407741181,Hotel La Casona,,,,,60,independent_unaffiliated_candidate,no_active_brand_signal,,likely_new_candidate,Q112020379,,,high,75,wikidata_matched_needs_website,official_site_lookup_or_webhound_hard_case
way/407742566,Hotel Renacer,,Santo Domingo,,,60,independent_unaffiliated_candidate,no_active_brand_signal,,likely_new_candidate,Q112020376,Santo Domingo,,high,90,wikidata_matched_needs_website,official_site_lookup_or_webhound_hard_case
way/407755736,Cabañas Imperial,Santiago,Santiago,,,75,independent_unaffiliated_candidate,no_active_brand_signal,,likely_new_candidate,,,,,,needs_research,manual_or_secondary_source
way/407755737,Horus Aparta Hotel,Santiago,Santiago,,,75,independent_unaffiliated_candidate,no_active_brand_signal,,likely_new_candidate,,,,,,needs_research,manual_or_secondary_source
way/407777544,Nuevo Hotel San Jose,Santo Domingo,Santo Domingo,,,75,independent_unaffiliated_candidate,no_active_brand_signal,,likely_new_candidate,,,,,,needs_research,manual_or_secondary_source
way/407777781,Mira Mar,,,,,60,independent_unaffiliated_candidate,no_active_brand_signal,,likely_new_candidate,,,,,,hard_case_no_website_no_city,webhound_candidate_after_wikidata
way/408013297,Hotel Noche de Travesura,,,,,55,independent_unaffiliated_candidate,no_active_brand_signal,,likely_new_candidate,,,,,,hard_case_no_website_no_city,webhound_candidate_after_wikidata
way/408316180,El Principe,,,,,60,independent_unaffiliated_candidate,no_active_brand_signal,,likely_new_candidate,,,,,,hard_case_no_website_no_city,webhound_candidate_after_wikidata
way/408316188,La Playa,,,,,55,independent_unaffiliated_candidate,no_active_brand_signal,,likely_new_candidate,,,,,,hard_case_no_website_no_city,webhound_candidate_after_wikidata
way/408443500,Hotel Buenos Aires,Santiago de los Caballeros,Santiago de los Caballeros,,,75,independent_unaffiliated_candidate,no_active_brand_signal,,likely_new_candidate,,,,,,needs_research,manual_or_secondary_source
way/408443503,Hotel Las Colinas,Santiago de los Caballeros,Santiago de los Caballeros,,,75,independent_unaffiliated_candidate,no_active_brand_signal,,likely_new_candidate,,,,,,needs_research,manual_or_secondary_source
way/408451325,Hotel Villa Campo,,,,,60,independent_unaffiliated_candidate,no_active_brand_signal,,likely_new_candidate,,,,,,hard_case_no_website_no_city,webhound_candidate_after_wikidata
way/408649164,Hotel Matum,Santiago,Santiago,,,75,independent_unaffiliated_candidate,no_active_brand_signal,,needs_research,Q111884804,,,medium,60,wikidata_matched_needs_website,official_site_lookup_or_webhound_hard_case
way/408715484,Villas Aparta Hotel,Santiago,Santiago,,,75,independent_unaffiliated_candidate,no_active_brand_signal,,likely_new_candidate,,,,,,needs_research,manual_or_secondary_source
way/408730341,Hotel Caribeno,Santiago de los Caballeros,Santiago de los Caballeros,,,75,independent_unaffiliated_candidate,no_active_brand_signal,,likely_new_candidate,,,,,,needs_research,manual_or_secondary_source
way/408753404,Iberostar,Santo Domingo,Santo Domingo,,,75,route_known_chain_not_active,known_chain_name,Iberostar,likely_new_candidate,,,,,,excluded_not_independent,route_to_branded_or_steward
way/408774923,Ramada,Santo Domingo,Santo Domingo,,,75,independent_unaffiliated_candidate,no_active_brand_signal,,likely_existing,,,,,,reconcile_legacy_census,link_not_insert
way/408930486,Motel la Economia,André,André,,,75,independent_unaffiliated_candidate,no_active_brand_signal,,likely_new_candidate,,,,,,needs_research,manual_or_secondary_source
way/409588717,GAVA hostel,Bavaro - Punta Cana,Bavaro - Punta Cana,https://www.facebook.com/pages/GAVA-hostel-Punta-Cana-Bavaro-Dominican-Republic/126310254216636?ref=hl,https://www.facebook.com/pages/GAVA-hostel-Punta-Cana-Bavaro-Dominican-Republic/126310254216636?ref=hl,100,steward_possible_branded,osm_brand_tag_not_in_active_dictionary,GAVA,likely_new_candidate,,,,,,excluded_not_independent,route_to_branded_or_steward
way/409588750,Hotel Conquistador,,,,,60,independent_unaffiliated_candidate,no_active_brand_signal,,likely_new_candidate,,,,,,hard_case_no_website_no_city,webhound_candidate_after_wikidata
way/409597539,Hotel Los Jardiness,,,,,55,independent_unaffiliated_candidate,no_active_brand_signal,,likely_new_candidate,Q112020366,,,high,90,wikidata_matched_needs_website,official_site_lookup_or_webhound_hard_case
way/409872731,Micro Hotel,Santo Domingo,Santo Domingo,,,75,independent_unaffiliated_candidate,no_active_brand_signal,,likely_new_candidate,Q112020367,Santo Domingo,,high,90,wikidata_matched_needs_website,official_site_lookup_or_webhound_hard_case
way/410064463,Queen Hotel,,,,,60,independent_unaffiliated_candidate,no_active_brand_signal,,likely_new_candidate,,,,,,hard_case_no_website_no_city,webhound_candidate_after_wikidata
way/410312680,Centrun,,,,,55,independent_unaffiliated_candidate,no_active_brand_signal,,likely_new_candidate,,,,,,hard_case_no_website_no_city,webhound_candidate_after_wikidata
way/410357299,Hotel Aladino,Santo Domingo,Santo Domingo,,,75,independent_unaffiliated_candidate,no_active_brand_signal,,likely_new_candidate,Q111884820,,,high,90,wikidata_matched_needs_website,official_site_lookup_or_webhound_hard_case
way/410364839,Hispañiola Hotel & Casino,Santa Domingo,Santa Domingo,,,75,independent_unaffiliated_candidate,no_active_brand_signal,,likely_existing,Q111121547,,,none,20,reconcile_legacy_census,link_not_insert
way/410659819,Hotel Farolito,Santo Domingo Este,Santo Domingo Este,,,75,independent_unaffiliated_candidate,no_active_brand_signal,,likely_new_candidate,,,,,,needs_research,manual_or_secondary_source
way/411455781,Hotel el Encuento,,,,,60,independent_unaffiliated_candidate,no_active_brand_signal,,likely_new_candidate,,,,,,hard_case_no_website_no_city,webhound_candidate_after_wikidata
way/411497495,Hotel Bohechio,,,,,55,independent_unaffiliated_candidate,no_active_brand_signal,,likely_new_candidate,,,,,,hard_case_no_website_no_city,webhound_candidate_after_wikidata
way/411505517,Hotel La Solusion,,,,,55,independent_unaffiliated_candidate,no_active_brand_signal,,likely_new_candidate,,,,,,hard_case_no_website_no_city,webhound_candidate_after_wikidata
way/411505521,Hotel Omar,,,,,55,independent_unaffiliated_candidate,no_active_brand_signal,,likely_new_candidate,,,,,,hard_case_no_website_no_city,webhound_candidate_after_wikidata
way/411734313,Hotel El Sol,Santiago,Santiago,,,75,independent_unaffiliated_candidate,no_active_brand_signal,,needs_research,,,,,,needs_research,manual_or_secondary_source
way/411769609,Hotel Aloha Sol,Santiago,Santiago,,,75,independent_unaffiliated_candidate,no_active_brand_signal,,likely_existing,,,,,,reconcile_legacy_census,link_not_insert
way/411781544,Hotel Ahora,,,,,55,independent_unaffiliated_candidate,no_active_brand_signal,,likely_new_candidate,,,,,,hard_case_no_website_no_city,webhound_candidate_after_wikidata
way/411795151,La Fuente Del Placer,,,,,55,independent_unaffiliated_candidate,no_active_brand_signal,,likely_new_candidate,,,,,,hard_case_no_website_no_city,webhound_candidate_after_wikidata
way/411804452,Hotel Roma,,,,,55,independent_unaffiliated_candidate,no_active_brand_signal,,likely_new_candidate,,,,,,hard_case_no_website_no_city,webhound_candidate_after_wikidata
way/411818568,Hotel MI Cam Cam,,,,,55,independent_unaffiliated_candidate,no_active_brand_signal,,likely_new_candidate,,,,,,hard_case_no_website_no_city,webhound_candidate_after_wikidata
way/411829861,Cabanas Heaven's,,,,,60,independent_unaffiliated_candidate,no_active_brand_signal,,likely_new_candidate,,,,,,hard_case_no_website_no_city,webhound_candidate_after_wikidata
way/412115789,Cabana El Paraiso,,,,,60,independent_unaffiliated_candidate,no_active_brand_signal,,likely_new_candidate,,,,,,hard_case_no_website_no_city,webhound_candidate_after_wikidata
way/412118145,Cabañas Turisticas Vega Real,,,,,60,independent_unaffiliated_candidate,no_active_brand_signal,,likely_new_candidate,,,,,,hard_case_no_website_no_city,webhound_candidate_after_wikidata
way/412160588,Roland Hotel,,,,,55,independent_unaffiliated_candidate,no_active_brand_signal,,likely_new_candidate,,,,,,hard_case_no_website_no_city,webhound_candidate_after_wikidata
way/412174508,Villa Verde,Villa Altagracia,Villa Altagracia,,,75,independent_unaffiliated_candidate,no_active_brand_signal,,likely_new_candidate,,,,,,needs_research,manual_or_secondary_source
way/412477056,Galaxy Aparta Hotel,,,,,60,independent_unaffiliated_candidate,no_active_brand_signal,,likely_new_candidate,,,,,,hard_case_no_website_no_city,webhound_candidate_after_wikidata
way/412768374,Hotel Embajador,,,,,60,independent_unaffiliated_candidate,no_active_brand_signal,,likely_new_candidate,,,,,,hard_case_no_website_no_city,webhound_candidate_after_wikidata
way/412787474,Hotel,,,,,60,independent_unaffiliated_candidate,no_active_brand_signal,,likely_new_candidate,,,,,,hard_case_no_website_no_city,webhound_candidate_after_wikidata
way/412845223,Hotel El Tunel,,,,,60,independent_unaffiliated_candidate,no_active_brand_signal,,likely_new_candidate,,,,,,hard_case_no_website_no_city,webhound_candidate_after_wikidata
way/412852670,Hotel La Sonrisa,B,B,,,75,independent_unaffiliated_candidate,no_active_brand_signal,,likely_new_candidate,,,,,,needs_research,manual_or_secondary_source
way/413385765,Cabañas Horny,Santo Domingo Este,Santo Domingo Este,,,75,independent_unaffiliated_candidate,no_active_brand_signal,,likely_new_candidate,,,,,,needs_research,manual_or_secondary_source
way/413389795,Hotel Madre Vieja,San Cristóbal,San Cristóbal,,,75,independent_unaffiliated_candidate,no_active_brand_signal,,likely_new_candidate,,,,,,needs_research,manual_or_secondary_source
way/413438539,Hotel el Subway,San Cristóbal,San Cristóbal,,,75,independent_unaffiliated_candidate,no_active_brand_signal,,likely_new_candidate,,,,,,needs_research,manual_or_secondary_source
way/413442278,Hotel Internacional,,,,,55,independent_unaffiliated_candidate,no_active_brand_signal,,likely_new_candidate,,,,,,hard_case_no_website_no_city,webhound_candidate_after_wikidata
way/413701758,Hotel Saoco,,,,,60,independent_unaffiliated_candidate,no_active_brand_signal,,likely_new_candidate,,,,,,hard_case_no_website_no_city,webhound_candidate_after_wikidata
way/413957007,Hotel Zitro,La Vega,La Vega,,,75,independent_unaffiliated_candidate,no_active_brand_signal,,likely_new_candidate,,,,,,needs_research,manual_or_secondary_source
way/413970591,Tin Vale Hotel,,,,,60,independent_unaffiliated_candidate,no_active_brand_signal,,likely_new_candidate,,,,,,hard_case_no_website_no_city,webhound_candidate_after_wikidata
way/413985303,Hotel Galaxia,,,,,60,independent_unaffiliated_candidate,no_active_brand_signal,,likely_new_candidate,,,,,,hard_case_no_website_no_city,webhound_candidate_after_wikidata
way/413985306,Hotel El Metro,,,,,60,independent_unaffiliated_candidate,no_active_brand_signal,,likely_new_candidate,,,,,,hard_case_no_website_no_city,webhound_candidate_after_wikidata
way/413985307,Hotel Mega,,,,,60,independent_unaffiliated_candidate,no_active_brand_signal,,likely_new_candidate,,,,,,hard_case_no_website_no_city,webhound_candidate_after_wikidata
way/413993138,Hotel El Rey,La Vega,La Vega,,,75,independent_unaffiliated_candidate,no_active_brand_signal,,likely_new_candidate,Q112020281,,,medium,60,wikidata_matched_needs_website,official_site_lookup_or_webhound_hard_case
way/414021694,Hotel MiraSol,Santo Domingo Este,Santo Domingo Este,,,75,independent_unaffiliated_candidate,no_active_brand_signal,,likely_new_candidate,,,,,,needs_research,manual_or_secondary_source
way/414225247,Hotel Pegasus,La Vega,La Vega,,,75,independent_unaffiliated_candidate,no_active_brand_signal,,likely_new_candidate,,,,,,needs_research,manual_or_secondary_source
way/414225266,Hotel Con Parqueo La Potencia,Los Alcarrizos,Los Alcarrizos,,,75,independent_unaffiliated_candidate,no_active_brand_signal,,likely_new_candidate,,,,,,needs_research,manual_or_secondary_source
way/414258694,Hotel Familiar San Pedro,La Vega,La Vega,,,75,independent_unaffiliated_candidate,no_active_brand_signal,,likely_new_candidate,,,,,,needs_research,manual_or_secondary_source
way/414258697,Hotel Real,La Vega,La Vega,,,75,independent_unaffiliated_candidate,no_active_brand_signal,,likely_new_candidate,,,,,,needs_research,manual_or_secondary_source
way/414264724,Hotel del Valle,La Vega,La Vega,,,75,independent_unaffiliated_candidate,no_active_brand_signal,,likely_new_candidate,,,,,,needs_research,manual_or_secondary_source
way/414264738,Hotel Don Marío,La Vega,La Vega,,,75,independent_unaffiliated_candidate,no_active_brand_signal,,likely_new_candidate,,,,,,needs_research,manual_or_secondary_source
way/414264741,Hotel La Diosa,La Vega,La Vega,,,75,independent_unaffiliated_candidate,no_active_brand_signal,,likely_new_candidate,,,,,,needs_research,manual_or_secondary_source
way/414499936,Hotel Asia,,,,,55,independent_unaffiliated_candidate,no_active_brand_signal,,likely_new_candidate,,,,,,hard_case_no_website_no_city,webhound_candidate_after_wikidata
way/429004654,Motel el Conford,,,,,55,independent_unaffiliated_candidate,no_active_brand_signal,,likely_new_candidate,,,,,,hard_case_no_website_no_city,webhound_candidate_after_wikidata
way/435204201,Rancho La Aurora,,,,,55,independent_unaffiliated_candidate,no_active_brand_signal,,likely_new_candidate,,,,,,hard_case_no_website_no_city,webhound_candidate_after_wikidata
way/439195501,Charming Countryside Chalet,,,https://www.charming-countryside-chalet.com/,https://www.charming-countryside-chalet.com/,80,independent_unaffiliated_candidate,no_active_brand_signal,,likely_new_candidate,,,,,,enrich_city_then_promote,city_from_wikidata_or_geocode_steward
way/471926026,Grand Bahia Principe Turquesa,,,,,55,route_known_chain_not_active,known_chain_name,Bahía Príncipe,likely_existing,,,,,,excluded_not_independent,route_to_branded_or_steward
way/476739407,Hotel Riu Republica,Punta Cana,Punta Cana,https://www.riu.com/en/hotel/dominican-republic/punta-cana/hotel-riu-republica/,https://www.riu.com/en/hotel/dominican-republic/punta-cana/hotel-riu-republica/,100,route_known_chain_not_active,known_chain_domain,RIU,likely_new_candidate,Q111414793,Punta Cana,https://www.riu.com/en/hotel/dominican-republic/punta-cana/hotel-riu-republica,high,95,excluded_not_independent,route_to_branded_or_steward
way/478120842,Hotel Cervantes,Santo Domingo,Santo Domingo,,,75,independent_unaffiliated_candidate,no_active_brand_signal,,likely_new_candidate,,,,,,needs_research,manual_or_secondary_source
way/493317106,Hotel Santa Cruz,,,,,55,independent_unaffiliated_candidate,no_active_brand_signal,,likely_new_candidate,,,,,,hard_case_no_website_no_city,webhound_candidate_after_wikidata
way/506588705,Posada Doña Cuca,Polo,Polo,,,75,independent_unaffiliated_candidate,no_active_brand_signal,,likely_new_candidate,,,,,,needs_research,manual_or_secondary_source
way/516518775,Hotel La Esperanza,,,,,55,independent_unaffiliated_candidate,no_active_brand_signal,,likely_new_candidate,,,,,,hard_case_no_website_no_city,webhound_candidate_after_wikidata
way/529318923,Hostal Ganesh,"El Valle, Samana","El Valle, Samana",https://ganeshhostel.com/,https://ganeshhostel.com/,100,independent_unaffiliated_candidate,no_active_brand_signal,,likely_new_candidate,,,,,,promote_plan_l1_ready,dry_run_census_insert_affiliation_independent
way/539003044,Bahía Príncipe Bouganville,,,,,55,route_known_chain_not_active,known_chain_name,Bahía Príncipe,likely_existing,,,,,,excluded_not_independent,route_to_branded_or_steward
way/540475898,Dreams Dominicus La Romana,Bahahibe,Bahahibe,,,95,route_known_chain_not_active,known_chain_name,Dreams (Hyatt Inclusive Collection),likely_existing,Q111414783,,,high,75,excluded_not_independent,route_to_branded_or_steward
way/540477320,Building 64,,,,,55,independent_unaffiliated_candidate,no_active_brand_signal,,likely_new_candidate,,,,,,hard_case_no_website_no_city,webhound_candidate_after_wikidata
way/545028233,Hotel Casa Hemingway,,,,,65,route_known_chain_not_active,osm_brand_tag_known_chain,Starfish Resorts,likely_existing,,,,,,excluded_not_independent,route_to_branded_or_steward
way/552675343,Hostal Los Jensen,Santo Domingo,Santo Domingo,,,75,independent_unaffiliated_candidate,no_active_brand_signal,,likely_new_candidate,,,,,,needs_research,manual_or_secondary_source
way/557516096,Hotel Maguana,,,,,55,independent_unaffiliated_candidate,no_active_brand_signal,,likely_new_candidate,,,,,,hard_case_no_website_no_city,webhound_candidate_after_wikidata
way/574588488,Hotel Frescor del Valle,Hondo Valle,Hondo Valle,,,85,independent_unaffiliated_candidate,no_active_brand_signal,,likely_new_candidate,,,,,,needs_research,manual_or_secondary_source
way/597361865,Lopesan Costa Bávaro Resort & Spa,Punta Cana,Punta Cana,https://www.lopesan.com/es/hoteles/republica-dominicana/punta-cana/playa-bavaro/ifa-villas-bavaro/,https://www.lopesan.com/es/hoteles/republica-dominicana/punta-cana/playa-bavaro/ifa-villas-bavaro/,100,route_known_chain_not_active,known_chain_domain,Lopesan,likely_existing,,,,,,excluded_not_independent,route_to_branded_or_steward
way/630842152,Hotal San Francisco de Asis,Santo Domingo,Santo Domingo,https://hostalsanfranciscodeasis.com/,https://hostalsanfranciscodeasis.com/,100,independent_unaffiliated_candidate,no_active_brand_signal,,likely_new_candidate,Q112020378,Santo Domingo,,high,75,promote_plan_l1_ready,dry_run_census_insert_affiliation_independent
way/652498669,Coop Marena Beach Resort,,,,,65,steward_possible_branded,osm_brand_tag_not_in_active_dictionary,Seguro de Maestros,needs_research,,,,,,excluded_not_independent,route_to_branded_or_steward
way/658281870,Hotel Víctor,,,,,55,independent_unaffiliated_candidate,no_active_brand_signal,,likely_new_candidate,,,,,,hard_case_no_website_no_city,webhound_candidate_after_wikidata
way/659053800,Viva Wyndham Tangerine,,Cabarete,,,55,route_known_chain_not_active,known_chain_name,Wyndham,likely_new_candidate,Q111414744,Cabarete,,medium,62,excluded_not_independent,route_to_branded_or_steward
way/663326875,Tio Pan,,,,,55,independent_unaffiliated_candidate,no_active_brand_signal,,likely_new_candidate,,,,,,hard_case_no_website_no_city,webhound_candidate_after_wikidata
way/675403679,The Westin Punta Cana - Resort & Club,Punta Cana,Punta Cana,,,85,route_branded_active_setup,osm_brand_tag,Westin,needs_research,Q111414831,,,medium,60,excluded_not_independent,route_to_branded_or_steward
way/677625141,Secrets Cap Cana Resort & Spa,,,,,55,route_known_chain_not_active,known_chain_name,Secrets (Hyatt Inclusive Collection),needs_research,Q111414825,,,medium,65,excluded_not_independent,route_to_branded_or_steward
way/703236980,Casa de Huespedes Colonial,Santo Domingo,Santo Domingo,,,75,independent_unaffiliated_candidate,no_active_brand_signal,,likely_new_candidate,,,,,,needs_research,manual_or_secondary_source
way/711650078,Nickelodeon Hotels & Resorts Punta Cana,Punta Cana,Punta Cana,https://www.karismahotels.com/nickelodeon-hotels-resorts/punta-cana,https://www.karismahotels.com/nickelodeon-hotels-resorts/punta-cana,100,route_known_chain_not_active,known_chain_domain,Karisma Hotels,needs_research,,,,,,excluded_not_independent,route_to_branded_or_steward
way/711650079,Nickelodeon Hotels & Resorts Punta Cana,Punta Cana,Punta Cana,https://www.karismahotels.com/nickelodeon-hotels-resorts/punta-cana,https://www.karismahotels.com/nickelodeon-hotels-resorts/punta-cana,100,route_known_chain_not_active,known_chain_domain,Karisma Hotels,needs_research,,,,,,excluded_not_independent,route_to_branded_or_steward
way/719001962,Hotel La Loma,,,,,55,independent_unaffiliated_candidate,no_active_brand_signal,,likely_new_candidate,,,,,,hard_case_no_website_no_city,webhound_candidate_after_wikidata
way/725164689,Hotel Verano,,,,,55,independent_unaffiliated_candidate,no_active_brand_signal,,likely_new_candidate,,,,,,hard_case_no_website_no_city,webhound_candidate_after_wikidata
way/725185633,Hotel El Calvito,,,,,55,independent_unaffiliated_candidate,no_active_brand_signal,,likely_new_candidate,,,,,,hard_case_no_website_no_city,webhound_candidate_after_wikidata
way/730848313,Hotel Solaz,,,,,65,independent_unaffiliated_candidate,no_active_brand_signal,,likely_new_candidate,Q112020326,,,low,45,hard_case_no_website_no_city,webhound_candidate_after_wikidata
way/758630613,Casa de Campo Resort & Villas,,La Romana,https://www.casadecampo.com.do/,https://www.casadecampo.com.do/,85,independent_unaffiliated_candidate,no_active_brand_signal,,likely_existing,Q111414776,La Romana,,high,90,reconcile_legacy_census,link_not_insert
way/759223343,Sunscapes Dominicus La Romana,,,https://www.hyattinclusivecollection.com/en/resorts-hotels/sunscape/dominican-republic/dominicus-la-romana/,https://www.hyattinclusivecollection.com/en/resorts-hotels/sunscape/dominican-republic/dominicus-la-romana/,80,route_known_chain_not_active,osm_brand_tag_known_chain,Be Live,needs_research,Q135485560,,https://www.hyattinclusivecollection.com/en/resorts-hotels/dreams/,low,35,excluded_not_independent,route_to_branded_or_steward
way/760705299,Centro de Visitantes Edwin Gómez,,,https://ecolodge.com.do/,https://ecolodge.com.do/,85,independent_unaffiliated_candidate,no_active_brand_signal,,likely_new_candidate,,,,,,enrich_city_then_promote,city_from_wikidata_or_geocode_steward
way/763219336,Complejo Ecoturistico Sereno de la Montaña,Los Bueyes,Los Bueyes,,,85,independent_unaffiliated_candidate,no_active_brand_signal,,likely_new_candidate,,,,,,needs_research,manual_or_secondary_source
way/808528117,Villa Lazy Heart Estate,,,,,55,independent_unaffiliated_candidate,no_active_brand_signal,,likely_new_candidate,,,,,,hard_case_no_website_no_city,webhound_candidate_after_wikidata
way/832414902,Residencial Imperial III,,,,,55,independent_unaffiliated_candidate,no_active_brand_signal,,likely_new_candidate,,,,,,hard_case_no_website_no_city,webhound_candidate_after_wikidata
way/832414903,Residencial Imperial III,,,,,55,independent_unaffiliated_candidate,no_active_brand_signal,,likely_new_candidate,,,,,,hard_case_no_website_no_city,webhound_candidate_after_wikidata
way/832414904,Residencial Imperial III,,,,,55,independent_unaffiliated_candidate,no_active_brand_signal,,likely_new_candidate,,,,,,hard_case_no_website_no_city,webhound_candidate_after_wikidata
way/839743880,Hotel Daymond Blue,,,,,55,independent_unaffiliated_candidate,no_active_brand_signal,,likely_new_candidate,,,,,,hard_case_no_website_no_city,webhound_candidate_after_wikidata
way/864800927,Hotel Mira Cielo,,,,,55,independent_unaffiliated_candidate,no_active_brand_signal,,likely_new_candidate,,,,,,hard_case_no_website_no_city,webhound_candidate_after_wikidata
way/864800928,Hotel Mira Cielo,,,,,55,independent_unaffiliated_candidate,no_active_brand_signal,,likely_new_candidate,,,,,,hard_case_no_website_no_city,webhound_candidate_after_wikidata
way/865148595,Hotel el Nilo,,,,,55,independent_unaffiliated_candidate,no_active_brand_signal,,likely_new_candidate,,,,,,hard_case_no_website_no_city,webhound_candidate_after_wikidata
way/867033378,Hotel Don Carlos,,,,,55,independent_unaffiliated_candidate,no_active_brand_signal,,likely_new_candidate,,,,,,hard_case_no_website_no_city,webhound_candidate_after_wikidata
way/922804087,Villa Mare,,,,,60,independent_unaffiliated_candidate,no_active_brand_signal,,likely_new_candidate,Q111414818,,,low,45,hard_case_no_website_no_city,webhound_candidate_after_wikidata
way/924379382,Whala Bavaro,,,,,55,independent_unaffiliated_candidate,no_active_brand_signal,,likely_new_candidate,,,,,,hard_case_no_website_no_city,webhound_candidate_after_wikidata
way/924721750,hm Bavaro Beach,,,,,60,independent_unaffiliated_candidate,no_active_brand_signal,,likely_existing,,,,,,hard_case_no_website_no_city,webhound_candidate_after_wikidata
way/932606727,Rancho Wendy,,,,,55,independent_unaffiliated_candidate,no_active_brand_signal,,likely_new_candidate,,,,,,hard_case_no_website_no_city,webhound_candidate_after_wikidata
way/975017774,Viva Wyndham V Samana,,,,,55,route_known_chain_not_active,known_chain_name,Wyndham,likely_new_candidate,,,,,,excluded_not_independent,route_to_branded_or_steward
way/984765914,El Pulpo,,,https://bayahibehotelelpul.wixsite.com/hotelelpulpo,https://bayahibehotelelpul.wixsite.com/hotelelpulpo,80,independent_unaffiliated_candidate,no_active_brand_signal,,likely_new_candidate,,,,,,enrich_city_then_promote,city_from_wikidata_or_geocode_steward
way/990444153,Luiggi Hostel,,,,,55,independent_unaffiliated_candidate,no_active_brand_signal,,likely_new_candidate,,,,,,hard_case_no_website_no_city,webhound_candidate_after_wikidata
way/1006947117,Hotel Art Villa Dominicana,,,,,55,independent_unaffiliated_candidate,no_active_brand_signal,,likely_new_candidate,Q111884816,,,high,75,wikidata_matched_needs_website,official_site_lookup_or_webhound_hard_case
way/1028688029,Apartahotel Costa Love,,,,,55,independent_unaffiliated_candidate,no_active_brand_signal,,likely_new_candidate,,,,,,hard_case_no_website_no_city,webhound_candidate_after_wikidata
way/1040966966,Hodelpa Garden Suites Golf & Convention Center,,,https://www.hodelpa.com/en/garden-suites,https://www.hodelpa.com/en/garden-suites,80,route_known_chain_not_active,known_chain_name,Hodelpa,likely_existing,,,,,,excluded_not_independent,route_to_branded_or_steward
way/1042852813,Whala Bayahibe 4*,Dominicus,Dominicus,,,75,independent_unaffiliated_candidate,no_active_brand_signal,,likely_new_candidate,Q111884812,,,low,45,needs_research,manual_or_secondary_source
way/1059114266,Be Live,,,,,65,route_known_chain_not_active,known_chain_name,Be Live,likely_new_candidate,Q111414827,,,low,40,excluded_not_independent,route_to_branded_or_steward
way/1059703258,Be Live Collection,,,,,65,route_known_chain_not_active,known_chain_name,Be Live,likely_new_candidate,,,,,,excluded_not_independent,route_to_branded_or_steward
way/1059703293,Be Live Collection,,,,,65,route_known_chain_not_active,known_chain_name,Be Live,likely_new_candidate,,,,,,excluded_not_independent,route_to_branded_or_steward
way/1059737733,Be Live Collection,,,,,65,route_known_chain_not_active,known_chain_name,Be Live,likely_new_candidate,,,,,,excluded_not_independent,route_to_branded_or_steward
way/1059869803,Be Live Collection,,,,,65,route_known_chain_not_active,known_chain_name,Be Live,likely_new_candidate,,,,,,excluded_not_independent,route_to_branded_or_steward
way/1060027594,Be Live,,,,,65,route_known_chain_not_active,known_chain_name,Be Live,likely_new_candidate,,,,,,excluded_not_independent,route_to_branded_or_steward
way/1060027620,Be Live,,,,,65,route_known_chain_not_active,known_chain_name,Be Live,likely_new_candidate,,,,,,excluded_not_independent,route_to_branded_or_steward
way/1060027624,Be Live,,,,,65,route_known_chain_not_active,known_chain_name,Be Live,likely_new_candidate,,,,,,excluded_not_independent,route_to_branded_or_steward
way/1060027632,Be Live,,,,,65,route_known_chain_not_active,known_chain_name,Be Live,likely_new_candidate,Q111414784,,,medium,62,excluded_not_independent,route_to_branded_or_steward
way/1060027633,Be Live,,,,,65,route_known_chain_not_active,known_chain_name,Be Live,likely_new_candidate,,,,,,excluded_not_independent,route_to_branded_or_steward
way/1069434427,Villas Montelindo,,,,,65,independent_unaffiliated_candidate,no_active_brand_signal,,likely_new_candidate,Q111884761,,,low,45,hard_case_no_website_no_city,webhound_candidate_after_wikidata
way/1100682889,La Tia Hotel Restaurant,,,,,55,independent_unaffiliated_candidate,no_active_brand_signal,,likely_new_candidate,,,,,,hard_case_no_website_no_city,webhound_candidate_after_wikidata
way/1134831880,Villas CODEVI,Dajabon,Dajabon,https://villascodevi.com.do/,https://villascodevi.com.do/,100,independent_unaffiliated_candidate,no_active_brand_signal,,likely_new_candidate,,,,,,promote_plan_l1_ready,dry_run_census_insert_affiliation_independent
way/1140614121,Hotel Rosan Ruiz,,,,,70,independent_unaffiliated_candidate,no_active_brand_signal,,likely_new_candidate,,,,,,hard_case_no_website_no_city,webhound_candidate_after_wikidata
way/1140614122,D Pravia Hotel,,,,,70,independent_unaffiliated_candidate,no_active_brand_signal,,likely_new_candidate,,,,,,hard_case_no_website_no_city,webhound_candidate_after_wikidata
way/1140614123,Hotel El Centro,,,,,70,independent_unaffiliated_candidate,no_active_brand_signal,,likely_new_candidate,,,,,,hard_case_no_website_no_city,webhound_candidate_after_wikidata
way/1140614124,Hotel Hermanos Bernabel,,,,,70,independent_unaffiliated_candidate,no_active_brand_signal,,likely_new_candidate,,,,,,hard_case_no_website_no_city,webhound_candidate_after_wikidata
way/1162100225,Apartahotel La Olas,,,,,55,independent_unaffiliated_candidate,no_active_brand_signal,,likely_new_candidate,,,,,,hard_case_no_website_no_city,webhound_candidate_after_wikidata
way/1177931404,Finest Resort,,,,,55,independent_unaffiliated_candidate,no_active_brand_signal,,likely_new_candidate,,,,,,hard_case_no_website_no_city,webhound_candidate_after_wikidata
way/1197566838,Villa Scooby,,,https://villascooby.com,https://villascooby.com,80,steward_possible_branded,osm_brand_tag_not_in_active_dictionary,villascooby.com,likely_new_candidate,,,,,,excluded_not_independent,route_to_branded_or_steward
way/1215168596,Villa Flor de Cabrera,,,,,55,independent_unaffiliated_candidate,no_active_brand_signal,,likely_new_candidate,,,,,,hard_case_no_website_no_city,webhound_candidate_after_wikidata
way/1227930271,Hotel Diosi,Neiba,Neiba,,,85,steward_possible_branded,osm_brand_tag_not_in_active_dictionary,Hotel Diosi,likely_new_candidate,,,,,,excluded_not_independent,route_to_branded_or_steward
way/1227930445,Hotel Mi Descanso,Neiba,Neiba,,,75,independent_unaffiliated_candidate,no_active_brand_signal,,likely_new_candidate,,,,,,needs_research,manual_or_secondary_source
way/1335121325,Ocean El Faro,Punta Cana,Punta Cana,https://www.oceanhotels.com/,https://www.oceanhotels.com/,100,independent_unaffiliated_candidate,no_active_brand_signal,,likely_existing,,,,,,reconcile_legacy_census,link_not_insert
way/1344798573,"The Ocean Club, a Luxury Collection Resort",Sosúa,Sosúa,https://www.ocgdr.com/the-luxury-collection,https://www.ocgdr.com/the-luxury-collection,100,route_branded_active_setup,name_alias_match,The Luxury Collection,needs_research,,,,,,excluded_not_independent,route_to_branded_or_steward
way/1359398349,Royalton Chic Punta Cana,Punta Cana,Punta Cana,https://www.royaltonresorts.com/royalton-chic-punta-cana,https://www.royaltonresorts.com/royalton-chic-punta-cana,100,independent_unaffiliated_candidate,no_active_brand_signal,,likely_existing,,,,,,reconcile_legacy_census,link_not_insert
way/1359398359,Live Aqua,Punta Cana,Punta Cana,,,75,independent_unaffiliated_candidate,no_active_brand_signal,,likely_existing,Q111414788,,,medium,50,wikidata_matched_needs_website,official_site_lookup_or_webhound_hard_case
way/1375108124,Courtyard Marriott,,,,,65,route_known_chain_not_active,known_chain_name,Marriott,likely_new_candidate,,,,,,excluded_not_independent,route_to_branded_or_steward
way/1476067942,Hotel Plaza Kávia,,,,,65,independent_unaffiliated_candidate,no_active_brand_signal,,likely_new_candidate,,,,,,hard_case_no_website_no_city,webhound_candidate_after_wikidata
way/1486163951,Hotel Anselmo,Boca Chica,Boca Chica,https://anselmohotelrd.com/,https://anselmohotelrd.com/,100,independent_unaffiliated_candidate,no_active_brand_signal,,likely_new_candidate,,,,,,promote_plan_l1_ready,dry_run_census_insert_affiliation_independent
way/1499796372,Hotel San Gabriel,,,,,55,independent_unaffiliated_candidate,no_active_brand_signal,,likely_new_candidate,,,,,,hard_case_no_website_no_city,webhound_candidate_after_wikidata
way/1500058990,El Guarua,,,,,55,independent_unaffiliated_candidate,no_active_brand_signal,,likely_new_candidate,,,,,,hard_case_no_website_no_city,webhound_candidate_after_wikidata
way/1536664489,"Donoma Las Terrenas Resort & Villas, Autograph Collection",,,,,65,route_branded_soft_collection,name_alias_match,Autograph Collection,needs_research,,,,,,excluded_not_independent,route_to_branded_or_steward
relation/1922795,Hotel Riu Palace Bavaro,Punta Cana,Punta Cana,https://www.riu.com/en/hotel/dominican-republic/punta-cana/hotel-riu-palace-bavaro,https://www.riu.com/en/hotel/dominican-republic/punta-cana/hotel-riu-palace-bavaro,100,route_known_chain_not_active,known_chain_domain,RIU,likely_existing,Q111414807,Punta Cana,https://www.riu.com/en/hotel/dominican-republic/punta-cana/hotel-riu-palace-bavaro,high,117,excluded_not_independent,route_to_branded_or_steward
relation/16403388,Vista Sol Punta Cana,,,,,55,independent_unaffiliated_candidate,no_active_brand_signal,,likely_existing,,,,,,hard_case_no_website_no_city,webhound_candidate_after_wikidata
