sourceRecordId,rawHotelName,rawCity,rawCountry,rawLatitude,rawLongitude,qualityTier,qualityScore,importBatchId
node/252528804,Le Meridien Hotel,Santiago,Chile,-33.438441,-70.6369183,high,100,osm-chile-hotel-focused-choice-cala-2026-05-20
node/280813433,Hotel Portillo,,Chile,-32.8351967,-70.1297613,medium,55,osm-chile-hotel-focused-choice-cala-2026-05-20
node/290057441,Hotel Valle Nevado,,Chile,-33.3532851,-70.2485457,medium,55,osm-chile-hotel-focused-choice-cala-2026-05-20
node/291684145,Refugio Escuela de Alta Montaña - Ejercito de Chile,,Chile,-32.845877,-70.1289385,medium,55,osm-chile-hotel-focused-choice-cala-2026-05-20
node/298973459,NH Collection Hotels,Las Condes,Chile,-33.4165667,-70.6049608,high,85,osm-chile-hotel-focused-choice-cala-2026-05-20
node/307907344,Tatio,,Chile,-23.6652099,-70.4042697,medium,60,osm-chile-hotel-focused-choice-cala-2026-05-20
node/311182115,Hostal del Centro/ Downtown Hostel,,Chile,-53.1564377,-70.9067508,medium,55,osm-chile-hotel-focused-choice-cala-2026-05-20
node/311293399,Hotel Mediterráneo,,Chile,-33.0182285,-71.5511711,high,70,osm-chile-hotel-focused-choice-cala-2026-05-20
node/311431245,La Araucana - Jamon Pan y Vino,,Chile,-36.9104966,-71.4812566,high,70,osm-chile-hotel-focused-choice-cala-2026-05-20
node/313102056,Hotel Gala,,Chile,-33.0224238,-71.5584846,medium,55,osm-chile-hotel-focused-choice-cala-2026-05-20
node/317917047,Refugio Vertice Paine Grande,,Chile,-51.0726521,-73.0937822,high,80,osm-chile-hotel-focused-choice-cala-2026-05-20
node/317917150,Andenrose,Curacautin,Chile,-38.4646853,-71.7628181,high,75,osm-chile-hotel-focused-choice-cala-2026-05-20
node/321694484,La Joya del Mar,,Chile,-36.0778249,-72.7926978,medium,55,osm-chile-hotel-focused-choice-cala-2026-05-20
node/327831870,Hotel Isabel Riquelme,,Chile,-36.6075597,-72.1032097,medium,55,osm-chile-hotel-focused-choice-cala-2026-05-20
node/336978975,El Navegante B&B,,Chile,-33.0419741,-71.6273337,medium,55,osm-chile-hotel-focused-choice-cala-2026-05-20
node/336981046,Harrington,Valparaíso,Chile,-33.0424758,-71.6278259,high,75,osm-chile-hotel-focused-choice-cala-2026-05-20
node/336981236,Allegretto B&B,,Chile,-33.0434807,-71.6288758,medium,55,osm-chile-hotel-focused-choice-cala-2026-05-20
node/336981395,La Maja,,Chile,-33.0433699,-71.6289731,medium,55,osm-chile-hotel-focused-choice-cala-2026-05-20
node/336982048,Hotel Casa Higueras,Valparaíso,CL,-33.0406733,-71.6306422,high,100,osm-chile-hotel-focused-choice-cala-2026-05-20
node/336982270,Zero Hotel,,Chile,-33.0420528,-71.6298427,medium,55,osm-chile-hotel-focused-choice-cala-2026-05-20
node/336982971,Hotel Casa Thomas Somerscales,,Chile,-33.0432474,-71.6299975,medium,55,osm-chile-hotel-focused-choice-cala-2026-05-20
node/336983268,Hostal Morgan,,Chile,-33.0441829,-71.6287757,medium,55,osm-chile-hotel-focused-choice-cala-2026-05-20
node/355350350,Hotel Termas de Puyehue,,Chile,-40.7117682,-72.3284966,medium,55,osm-chile-hotel-focused-choice-cala-2026-05-20
node/356614771,Hostal Los Delfines,,Chile,-33.0135777,-71.5502534,medium,55,osm-chile-hotel-focused-choice-cala-2026-05-20
node/363389497,Compass del Sur,Puerto Varas,CL,-41.3139693,-72.9854184,high,75,osm-chile-hotel-focused-choice-cala-2026-05-20
node/363402771,Bellavista,Puerto Varas,CL,-41.3190786,-72.9805244,high,85,osm-chile-hotel-focused-choice-cala-2026-05-20
node/369884354,Albamar,,Chile,-33.0170616,-71.5581189,medium,60,osm-chile-hotel-focused-choice-cala-2026-05-20
node/373489716,Hotel Plaza San Francisco,Santiago,Chile,-33.4436981,-70.6483016,high,100,osm-chile-hotel-focused-choice-cala-2026-05-20
node/385446819,Hostal Cosmos,,Chile,-33.0242211,-71.6418663,medium,55,osm-chile-hotel-focused-choice-cala-2026-05-20
node/388246387,Viña City Hostel II,,Chile,-33.0255865,-71.5644259,medium,55,osm-chile-hotel-focused-choice-cala-2026-05-20
node/388443693,Puyuhuapi Lodge & Spa,,Chile,-44.4137346,-72.6458648,medium,55,osm-chile-hotel-focused-choice-cala-2026-05-20
node/396584090,El Pangue Lodge,Puyuhuapi,Chile,-44.1929958,-72.4909355,high,100,osm-chile-hotel-focused-choice-cala-2026-05-20
node/396630418,Hosteria Alemana,Puyuhuapi,Chile,-44.325361,-72.5608579,high,100,osm-chile-hotel-focused-choice-cala-2026-05-20
node/396630528,Posada Queulat,,Chile,-44.5271942,-72.5348203,high,85,osm-chile-hotel-focused-choice-cala-2026-05-20
node/410592057,Chakana,,Chile,-18.1970495,-69.568549,medium,65,osm-chile-hotel-focused-choice-cala-2026-05-20
node/410708513,Don Raul,San Pedro de Atacama,CL,-22.9115905,-68.203156,high,75,osm-chile-hotel-focused-choice-cala-2026-05-20
node/410708514,Hostelling International,,Chile,-22.9115798,-68.1997033,medium,55,osm-chile-hotel-focused-choice-cala-2026-05-20
node/450010786,Hotel Volkanico,,Chile,-38.4391429,-71.8876465,high,70,osm-chile-hotel-focused-choice-cala-2026-05-20
node/460311240,Hotel Tierra del Fuego,,Chile,-53.1598085,-70.9059309,medium,55,osm-chile-hotel-focused-choice-cala-2026-05-20
node/461515632,Best Western Hotel Finis Terrae,Punta Arenas,Chile,-53.1601511,-70.9049598,high,100,osm-chile-hotel-focused-choice-cala-2026-05-20
node/470328567,Andes Hostel,,Chile,-33.4367839,-70.6445287,medium,55,osm-chile-hotel-focused-choice-cala-2026-05-20
node/470328574,Apart Hotel Bellas Artes,,Chile,-33.4373696,-70.6441589,medium,60,osm-chile-hotel-focused-choice-cala-2026-05-20
node/470354998,Hotel Diego de Almagro,Santiago,Chile,-33.4447623,-70.6571593,high,75,osm-chile-hotel-focused-choice-cala-2026-05-20
node/470355001,Hotel Galerias,Santiago,Chile,-33.4418787,-70.6476545,high,100,osm-chile-hotel-focused-choice-cala-2026-05-20
node/482808460,Entre Hielos Lodge,,Chile,-47.8009267,-73.5365154,medium,65,osm-chile-hotel-focused-choice-cala-2026-05-20
node/516287206,Hostería Lago Grey,,Chile,-51.1230444,-73.1150298,medium,65,osm-chile-hotel-focused-choice-cala-2026-05-20
node/516315486,Hotel Las Torres,,Chile,-50.9731597,-72.8749759,high,80,osm-chile-hotel-focused-choice-cala-2026-05-20
node/529776701,Hotel Di Torlaschi,Valdivia,CL,-39.8180278,-73.2467563,high,75,osm-chile-hotel-focused-choice-cala-2026-05-20
node/568215997,Casa Aventura,Valparaíso,Chile,-33.0417922,-71.6286883,high,75,osm-chile-hotel-focused-choice-cala-2026-05-20
node/569673569,Posada de la Maillen,,Chile,-41.5555797,-72.9990603,medium,55,osm-chile-hotel-focused-choice-cala-2026-05-20
node/577499511,Imperio Suites,,Chile,-33.4501637,-70.6735089,medium,55,osm-chile-hotel-focused-choice-cala-2026-05-20
node/584243447,Los Españoles,,Chile,-33.417019,-70.609715,medium,55,osm-chile-hotel-focused-choice-cala-2026-05-20
node/590657817,Cirilo Armstrong,,Chile,-33.0445699,-71.6294317,medium,55,osm-chile-hotel-focused-choice-cala-2026-05-20
node/598002395,Hotel Guayacán,,Chile,-33.6178079,-70.3497924,medium,55,osm-chile-hotel-focused-choice-cala-2026-05-20
node/598043009,Hotel Acacias de Vitacura,,Chile,-33.3789853,-70.5404518,medium,55,osm-chile-hotel-focused-choice-cala-2026-05-20
node/602386337,Hotel Mar y Vino,Pichilemu,Chile,-34.3859086,-72.0042979,high,90,osm-chile-hotel-focused-choice-cala-2026-05-20
node/605055560,Refugio Los Cuernos,,Chile,-51.0238463,-72.9853709,high,80,osm-chile-hotel-focused-choice-cala-2026-05-20
node/605065776,Refugio Grey,,Chile,-51.0082192,-73.1760488,high,80,osm-chile-hotel-focused-choice-cala-2026-05-20
node/607611185,Asthur,,Chile,-34.3878725,-72.0020692,medium,55,osm-chile-hotel-focused-choice-cala-2026-05-20
node/607611191,Rocas del Pacífico,,Chile,-34.3861143,-72.004636,medium,55,osm-chile-hotel-focused-choice-cala-2026-05-20
node/607611195,Residencial San Luis,,Chile,-34.3862673,-72.0049301,medium,55,osm-chile-hotel-focused-choice-cala-2026-05-20
node/607611198,Ducal,,Chile,-34.3871049,-72.0058425,medium,55,osm-chile-hotel-focused-choice-cala-2026-05-20
node/611619761,Terra Luna Lodge,Puerto Guadal,Chile,-46.8392253,-72.6910775,high,100,osm-chile-hotel-focused-choice-cala-2026-05-20
node/618835283,Hotel Las Terrazas,Chillán,Chile,-36.6075304,-72.1021586,high,75,osm-chile-hotel-focused-choice-cala-2026-05-20
node/619374851,Refugio Torre Central,,Chile,-50.9656433,-72.8659764,high,80,osm-chile-hotel-focused-choice-cala-2026-05-20
node/619374854,Refugio Torre Norte,,Chile,-50.9654352,-72.8658811,high,80,osm-chile-hotel-focused-choice-cala-2026-05-20
node/634627376,Aranjuez,,Chile,-36.6046398,-72.103936,medium,55,osm-chile-hotel-focused-choice-cala-2026-05-20
node/635940903,Hotel Iloca,,Chile,-34.9422113,-72.1861683,medium,60,osm-chile-hotel-focused-choice-cala-2026-05-20
node/635940910,"Hosteria Turismo ""Donde Nino""",,Chile,-34.8896667,-72.1725846,medium,55,osm-chile-hotel-focused-choice-cala-2026-05-20
node/635940917,"Hosteria ""Don Gilberto""",,Chile,-34.8868726,-72.1695354,medium,60,osm-chile-hotel-focused-choice-cala-2026-05-20
node/639886709,Weskar Lodge,,Chile,-51.7133574,-72.5055387,medium,55,osm-chile-hotel-focused-choice-cala-2026-05-20
node/644627281,Hotel Explora Torres del Paine,,Chile,-51.1162281,-72.9915506,medium,55,osm-chile-hotel-focused-choice-cala-2026-05-20
node/647122749,Hotel Cantamar,Viña del Mar,CL,-33.017796,-71.556377,high,75,osm-chile-hotel-focused-choice-cala-2026-05-20
node/648227108,Villamar Hostal,,Chile,-33.017724,-71.552861,medium,55,osm-chile-hotel-focused-choice-cala-2026-05-20
node/654671908,Hospedaje Sonia,Pucón,CL,-39.2778864,-71.976601,high,75,osm-chile-hotel-focused-choice-cala-2026-05-20
node/654671928,Pucón-Hostel,,Chile,-39.2751883,-71.9690265,medium,55,osm-chile-hotel-focused-choice-cala-2026-05-20
node/661989031,Playa El Cable,,Chile,-35.3501242,-72.4428971,medium,55,osm-chile-hotel-focused-choice-cala-2026-05-20
node/663047750,Hotel Las Flores,Providencia,Chile,-33.4315402,-70.6164922,high,75,osm-chile-hotel-focused-choice-cala-2026-05-20
node/667192630,Hotel Santa Cruz Plaza,Santa Cruz,Chile,-34.6401964,-71.365531,high,100,osm-chile-hotel-focused-choice-cala-2026-05-20
node/673025706,Chilhotel,Providencia,CL,-33.4268787,-70.6184747,high,75,osm-chile-hotel-focused-choice-cala-2026-05-20
node/673025718,De Blasis B&B,Providencia,CL,-33.4264489,-70.6196388,high,75,osm-chile-hotel-focused-choice-cala-2026-05-20
node/677236449,Posada del Salvador,Providencia,CL,-33.4334437,-70.6236694,high,100,osm-chile-hotel-focused-choice-cala-2026-05-20
node/680571069,Macasi,,Chile,-33.0260574,-71.5630299,medium,55,osm-chile-hotel-focused-choice-cala-2026-05-20
node/686975896,Door's,,Chile,-33.4165659,-70.5991254,medium,55,osm-chile-hotel-focused-choice-cala-2026-05-20
node/691838428,Patapata Hostel,,Chile,-33.0429262,-71.6285629,medium,60,osm-chile-hotel-focused-choice-cala-2026-05-20
node/691841727,Hostal Casas Viejas,Valparaíso,Chile,-33.0425303,-71.628226,high,75,osm-chile-hotel-focused-choice-cala-2026-05-20
node/691846520,Hostal Nomades,,Chile,-33.042272,-71.628919,medium,55,osm-chile-hotel-focused-choice-cala-2026-05-20
node/693145869,Hotel Chapital,,Chile,-53.1603784,-70.9112815,medium,55,osm-chile-hotel-focused-choice-cala-2026-05-20
node/693176930,La Fayette,Providencia,Chile,-33.4238819,-70.6114831,high,75,osm-chile-hotel-focused-choice-cala-2026-05-20
node/693191204,El Monasterio,,Chile,-32.8258386,-70.687873,medium,55,osm-chile-hotel-focused-choice-cala-2026-05-20
node/700728943,Hotel Marina Las Condes,Las Condes,Chile,-33.4077241,-70.5710515,high,85,osm-chile-hotel-focused-choice-cala-2026-05-20
node/702551301,Nilontrato Bed & Breakfast,Providencia,CL,-33.4264105,-70.6201036,high,75,osm-chile-hotel-focused-choice-cala-2026-05-20
node/703003266,Capri,,Chile,-32.8183714,-71.2249605,medium,55,osm-chile-hotel-focused-choice-cala-2026-05-20
node/704987931,Apart Hotel Bosque Tobalaba,Providencia,CL,-33.4183774,-70.6028205,high,75,osm-chile-hotel-focused-choice-cala-2026-05-20
node/704988036,Time Suites & Apartments Ch,Las Condes,CL,-33.4191659,-70.5977735,high,75,osm-chile-hotel-focused-choice-cala-2026-05-20
node/737144232,Meridiano Sur Petit Hotel,Providencia,CL,-33.4259317,-70.6192237,high,75,osm-chile-hotel-focused-choice-cala-2026-05-20
node/737152384,Hotel Alcala del Rio,Providencia,CL,-33.4238856,-70.6180543,high,75,osm-chile-hotel-focused-choice-cala-2026-05-20
node/774688084,Hotel Del Paine,,Chile,-51.2345919,-72.9729716,high,70,osm-chile-hotel-focused-choice-cala-2026-05-20
node/794293704,Hotel Glaciares,,Chile,-51.7274157,-72.511619,medium,60,osm-chile-hotel-focused-choice-cala-2026-05-20
node/837480825,Hotel Fundador,,Chile,-33.44454,-70.64922,high,70,osm-chile-hotel-focused-choice-cala-2026-05-20
node/846537347,Montecarlo,,Chile,-34.3872005,-72.0056664,medium,55,osm-chile-hotel-focused-choice-cala-2026-05-20
node/857531427,Pichilemu SurfHostal,,Chile,-34.3850855,-72.0168867,medium,55,osm-chile-hotel-focused-choice-cala-2026-05-20
node/888018650,Hotel Don Eduardo,Temuco,CL,-38.7412413,-72.5917704,high,75,osm-chile-hotel-focused-choice-cala-2026-05-20
node/890540215,Tupahue,,Chile,-33.4371911,-70.6482936,medium,55,osm-chile-hotel-focused-choice-cala-2026-05-20
node/941446486,Residencial Europa,,Chile,-33.5466736,-71.6057497,medium,55,osm-chile-hotel-focused-choice-cala-2026-05-20
node/941668237,Hotel Regata,,Chile,-32.1375214,-71.5286889,medium,55,osm-chile-hotel-focused-choice-cala-2026-05-20
node/941788970,Cabañas del Sol,,Chile,-32.139009,-71.5161306,medium,55,osm-chile-hotel-focused-choice-cala-2026-05-20
node/948852161,Residencial Oriental,,Chile,-33.3951667,-71.6928505,medium,60,osm-chile-hotel-focused-choice-cala-2026-05-20
node/958196355,Cabañas Azul,,Chile,-32.640236,-71.4297344,medium,55,osm-chile-hotel-focused-choice-cala-2026-05-20
node/958857865,Hotel Carande,Papudo,Chile,-32.506983,-71.4472267,high,75,osm-chile-hotel-focused-choice-cala-2026-05-20
node/958987411,Hotel Tongoy,,Chile,-30.2546721,-71.5025088,medium,55,osm-chile-hotel-focused-choice-cala-2026-05-20
node/958990595,Tambo,,Chile,-30.2538897,-71.4986853,medium,55,osm-chile-hotel-focused-choice-cala-2026-05-20
node/958990597,Hotel Panorámico,,Chile,-30.2552513,-71.5007492,medium,60,osm-chile-hotel-focused-choice-cala-2026-05-20
node/958990598,Cabañas Tongoy,,Chile,-30.2512061,-71.4970961,medium,55,osm-chile-hotel-focused-choice-cala-2026-05-20
node/959916860,Hotel Alonso de Ercilla,,Chile,-36.8274195,-73.0475005,high,85,osm-chile-hotel-focused-choice-cala-2026-05-20
node/959924703,Hotel Bogarin,,Chile,-31.7823614,-70.9638621,medium,60,osm-chile-hotel-focused-choice-cala-2026-05-20
node/960788407,Hotel del Volcan,Pucón,CL,-39.2770208,-71.976026,high,75,osm-chile-hotel-focused-choice-cala-2026-05-20
node/966044578,Cabañas Villa Los Encinos,,Chile,-39.6385375,-72.32505,medium,55,osm-chile-hotel-focused-choice-cala-2026-05-20
node/966044579,Cabañas Mirador,,Chile,-39.6392315,-72.3252646,medium,55,osm-chile-hotel-focused-choice-cala-2026-05-20
node/976012635,Norte Grande,,Chile,-18.4777011,-70.317344,medium,60,osm-chile-hotel-focused-choice-cala-2026-05-20
node/976145327,Panamericana Hotel Providencia,Providencia,CL,-33.4229631,-70.6141139,high,75,osm-chile-hotel-focused-choice-cala-2026-05-20
node/979074525,Loncoche,,Chile,-39.3677227,-72.6234334,medium,55,osm-chile-hotel-focused-choice-cala-2026-05-20
node/982420533,Pucará,Caldera,Chile,-27.0684683,-70.8223764,high,75,osm-chile-hotel-focused-choice-cala-2026-05-20
node/982453465,Cabañas Bahia Inglesa,,Chile,-27.1042295,-70.8487166,medium,55,osm-chile-hotel-focused-choice-cala-2026-05-20
node/982453471,Rocas de Bahía,,Chile,-27.1025907,-70.8573852,medium,55,osm-chile-hotel-focused-choice-cala-2026-05-20
node/988305693,Santa Rosa Lodge,,Chile,-36.9150885,-71.4992359,high,70,osm-chile-hotel-focused-choice-cala-2026-05-20
node/995139471,Explora,,Chile,-22.9182243,-68.2045251,medium,60,osm-chile-hotel-focused-choice-cala-2026-05-20
node/995139473,Kimal,,Chile,-22.9120302,-68.2028426,medium,60,osm-chile-hotel-focused-choice-cala-2026-05-20
node/995139476,Tulor,,Chile,-22.9127685,-68.2025387,medium,60,osm-chile-hotel-focused-choice-cala-2026-05-20
node/996514747,Garcia Hurtado de Mendoza,,Chile,-40.5744922,-73.1324048,medium,55,osm-chile-hotel-focused-choice-cala-2026-05-20
node/996514754,Weager,Osorno,CL,-40.5761641,-73.1327814,high,75,osm-chile-hotel-focused-choice-cala-2026-05-20
node/998548841,Hotel Four Points Los Ángeles,,Chile,-37.4689743,-72.3532631,medium,60,osm-chile-hotel-focused-choice-cala-2026-05-20
node/1033452989,The Moon,,Chile,-35.418293,-71.6504074,medium,55,osm-chile-hotel-focused-choice-cala-2026-05-20
node/1041664227,La Turbina,,Chile,-37.559188,-72.5899031,medium,55,osm-chile-hotel-focused-choice-cala-2026-05-20
node/1046261237,Hotel Monserrat,,Chile,-37.4643757,-72.3258707,medium,55,osm-chile-hotel-focused-choice-cala-2026-05-20
node/1050225603,La Estancia,,Chile,-32.6271284,-70.7164338,medium,55,osm-chile-hotel-focused-choice-cala-2026-05-20
node/1054669603,La Fuente,,Chile,-29.9424456,-71.2878262,high,70,osm-chile-hotel-focused-choice-cala-2026-05-20
node/1054669606,Las Campanas,,Chile,-29.9427152,-71.2879978,medium,55,osm-chile-hotel-focused-choice-cala-2026-05-20
node/1054669608,Serena Beach,,Chile,-29.9430133,-71.2881226,medium,55,osm-chile-hotel-focused-choice-cala-2026-05-20
node/1054669612,Las Tinajas,,Chile,-29.9434497,-71.2880029,medium,55,osm-chile-hotel-focused-choice-cala-2026-05-20
node/1055469987,Hotel Campanario de Mar,,Chile,-29.9337893,-71.2817158,medium,55,osm-chile-hotel-focused-choice-cala-2026-05-20
node/1055491473,Cabañas Las Añañucas,,Chile,-29.9298005,-71.2787438,medium,55,osm-chile-hotel-focused-choice-cala-2026-05-20
node/1055491560,Les Nouettes,,Chile,-29.9192458,-71.2759758,medium,55,osm-chile-hotel-focused-choice-cala-2026-05-20
node/1057017986,El Galpón,,Chile,-30.0823492,-70.4957932,medium,60,osm-chile-hotel-focused-choice-cala-2026-05-20
node/1057017989,Kiko,,Chile,-30.0811785,-70.4960883,medium,55,osm-chile-hotel-focused-choice-cala-2026-05-20
node/1057363600,Elqui,,Chile,-30.1225628,-70.492827,medium,55,osm-chile-hotel-focused-choice-cala-2026-05-20
node/1057378229,El Milagro,,Chile,-30.1245069,-70.4957932,medium,55,osm-chile-hotel-focused-choice-cala-2026-05-20
node/1057378233,Gabriela Mistral,,Chile,-30.1254383,-70.4955651,medium,55,osm-chile-hotel-focused-choice-cala-2026-05-20
node/1057662084,Los Datiles,,Chile,-30.1261993,-70.4948115,medium,55,osm-chile-hotel-focused-choice-cala-2026-05-20
node/1064100435,Condor de Plata,,Chile,-53.1588064,-70.9082785,medium,55,osm-chile-hotel-focused-choice-cala-2026-05-20
node/1064100589,Hostal Turismoro Fueguino,,Chile,-53.160729,-70.9146868,medium,55,osm-chile-hotel-focused-choice-cala-2026-05-20
node/1064913846,Yatching Club Tongoy,,Chile,-30.2539098,-71.4940408,medium,55,osm-chile-hotel-focused-choice-cala-2026-05-20
node/1071653162,Hotel Santa María,,Chile,-37.4713472,-72.3525827,medium,55,osm-chile-hotel-focused-choice-cala-2026-05-20
node/1071698689,Marbella Resort,,Chile,-32.6662035,-71.4347978,medium,55,osm-chile-hotel-focused-choice-cala-2026-05-20
node/1080455252,Residencial Papudo,Papudo,Chile,-32.5070481,-71.4425387,high,75,osm-chile-hotel-focused-choice-cala-2026-05-20
node/1080455255,D´Peppino,Papudo,Chile,-32.5066207,-71.441513,high,75,osm-chile-hotel-focused-choice-cala-2026-05-20
node/1080455260,La Abeja,Papudo,Chile,-32.5067587,-71.4470551,high,75,osm-chile-hotel-focused-choice-cala-2026-05-20
node/1080459530,Hotel Isla Seca,,Chile,-32.544818,-71.4631965,medium,55,osm-chile-hotel-focused-choice-cala-2026-05-20
node/1080551680,Club de Yates,,Chile,-32.7809668,-71.5269655,medium,55,osm-chile-hotel-focused-choice-cala-2026-05-20
node/1080559333,Cabañas Rocas del Pirata,Quintero,CL,-32.7662353,-71.534888,high,75,osm-chile-hotel-focused-choice-cala-2026-05-20
node/1080559335,Centro Turístico Don Isidro,Quintero,CL,-32.7671149,-71.5344051,high,75,osm-chile-hotel-focused-choice-cala-2026-05-20
node/1082762444,Hostal PALOS,,Chile,-32.9200414,-71.5207358,medium,55,osm-chile-hotel-focused-choice-cala-2026-05-20
node/1083005207,Elementos Bed & Breakfast,Pucón,CL,-39.272528,-71.96096,high,75,osm-chile-hotel-focused-choice-cala-2026-05-20
node/1086973240,Hotel Radisson Puerto Varas,Puerto Varas,CL,-41.3180729,-72.9817915,high,100,osm-chile-hotel-focused-choice-cala-2026-05-20
node/1087068127,Hotel Gran Pacifico,Puerto Montt,CL,-41.4725056,-72.9453073,high,75,osm-chile-hotel-focused-choice-cala-2026-05-20
node/1087434234,Hacienda Juntas,,Chile,-30.7114931,-70.8831079,medium,55,osm-chile-hotel-focused-choice-cala-2026-05-20
node/1089039523,El Mosco,,Chile,-48.4646459,-72.5608352,medium,60,osm-chile-hotel-focused-choice-cala-2026-05-20
node/1095825419,Mahia Beach Hotel,Viña del Mar,Chile,-32.9712253,-71.5438515,high,100,osm-chile-hotel-focused-choice-cala-2026-05-20
node/1098912915,Don Juan,,Chile,-30.1258558,-70.4959303,medium,55,osm-chile-hotel-focused-choice-cala-2026-05-20
node/1098965102,Ex-Hotel Ensenada,Ensenada,Chile,-41.2065912,-72.5372205,high,75,osm-chile-hotel-focused-choice-cala-2026-05-20
node/1099851116,Hotel Sonesta Osorno,Osorno,CL,-40.5753897,-73.1460985,high,75,osm-chile-hotel-focused-choice-cala-2026-05-20
node/1100073838,Residenz Am See,Frutillar,CL,-41.1331904,-73.0277775,high,85,osm-chile-hotel-focused-choice-cala-2026-05-20
node/1100109135,Trayen,Frutillar,CL,-41.1381594,-73.0270775,high,85,osm-chile-hotel-focused-choice-cala-2026-05-20
node/1100109170,Hostería Winkler,Frutillar,CL,-41.1404534,-73.025704,high,85,osm-chile-hotel-focused-choice-cala-2026-05-20
node/1102515491,Hotel del Desierto,Antofagasta,Chile,-23.6853351,-70.4143242,high,100,osm-chile-hotel-focused-choice-cala-2026-05-20
node/1103753365,Tren del Sur Hostal,Puerto Montt,CL,-41.4651069,-72.9413062,high,75,osm-chile-hotel-focused-choice-cala-2026-05-20
node/1103753370,Residencial Esmeralda,Puerto Montt,CL,-41.4700963,-72.9299815,high,75,osm-chile-hotel-focused-choice-cala-2026-05-20
node/1103824247,Hospedaje casa de Mimi,Puerto Montt,CL,-41.4669357,-72.9490721,high,85,osm-chile-hotel-focused-choice-cala-2026-05-20
node/1103824260,Hospedaje Petrohué,Puerto Montt,CL,-41.4748879,-72.9531074,high,85,osm-chile-hotel-focused-choice-cala-2026-05-20
node/1104075079,Wyndham Puerto Varas Pettra,Puerto Varas,CL,-41.3212362,-72.9775715,high,85,osm-chile-hotel-focused-choice-cala-2026-05-20
node/1107964694,Muso,,Chile,-37.4710053,-72.3525582,medium,60,osm-chile-hotel-focused-choice-cala-2026-05-20
node/1108020561,Hotel Alhambra,Llolleo,Chile,-33.6109407,-71.6111455,high,75,osm-chile-hotel-focused-choice-cala-2026-05-20
node/1108020793,Hotel Mellatti,San Antonio,Chile,-33.5827065,-71.6125682,high,100,osm-chile-hotel-focused-choice-cala-2026-05-20
node/1110457902,Apart Hotel Diego de Almagro,Las Condes,CL,-33.4166394,-70.5946339,high,75,osm-chile-hotel-focused-choice-cala-2026-05-20
node/1110585960,Cabaña del Lago Hotel,Puerto Varas,CL,-41.3131687,-72.9808684,high,85,osm-chile-hotel-focused-choice-cala-2026-05-20
node/1110585966,Cabañas Campo Kutral,Puerto Varas,Chile,-41.2921367,-72.9812388,high,85,osm-chile-hotel-focused-choice-cala-2026-05-20
node/1110625818,Hotel Boutique Casa Kramm (Ex Casa Lan Antu),Puerto Varas,CL,-41.3178038,-72.9869994,high,75,osm-chile-hotel-focused-choice-cala-2026-05-20
node/1110647882,Hospedaje Casa Kaiser,,Chile,-41.3204065,-72.9867933,medium,55,osm-chile-hotel-focused-choice-cala-2026-05-20
node/1110648089,Weisserhaus,Puerto Varas,CL,-41.3165346,-72.9838949,high,75,osm-chile-hotel-focused-choice-cala-2026-05-20
node/1119960125,Hotel Park Inn,Las Condes,Chile,-33.3707767,-70.5085858,high,85,osm-chile-hotel-focused-choice-cala-2026-05-20
node/1120470875,Plaza El Bosque,Las Condes,CL,-33.4148756,-70.6020661,high,75,osm-chile-hotel-focused-choice-cala-2026-05-20
node/1124996237,Hotel Turismo Linares,Linares,CL,-35.8459602,-71.5972226,high,85,osm-chile-hotel-focused-choice-cala-2026-05-20
node/1130734017,Hotel Windsor,Santiago,CL,-33.4402751,-70.6419957,high,100,osm-chile-hotel-focused-choice-cala-2026-05-20
node/1131726440,Poike,,Chile,-27.1470204,-109.4246654,medium,55,osm-chile-hotel-focused-choice-cala-2026-05-20
node/1134297101,Hotelera Laguna Azul,,Chile,-35.8335365,-71.5364026,medium,60,osm-chile-hotel-focused-choice-cala-2026-05-20
node/1136513724,Apart Hotel Malaga,,Chile,-35.8320579,-71.6345395,medium,60,osm-chile-hotel-focused-choice-cala-2026-05-20
node/1141516490,Amancay,Puerto Varas,CL,-41.3163117,-72.9862247,high,75,osm-chile-hotel-focused-choice-cala-2026-05-20
node/1141524568,Hotel de los Volcanes,Puerto Varas,CL,-41.3185497,-72.9811691,high,75,osm-chile-hotel-focused-choice-cala-2026-05-20
node/1141537215,Ellenhaus,Puerto Varas,CL,-41.3170605,-72.9836893,high,75,osm-chile-hotel-focused-choice-cala-2026-05-20
node/1141549484,Residencial,Puerto Varas,CL,-41.316253,-72.9837768,high,75,osm-chile-hotel-focused-choice-cala-2026-05-20
node/1141684675,Paraiso del lago,Frutillar,CL,-41.1406342,-73.0255525,high,75,osm-chile-hotel-focused-choice-cala-2026-05-20
node/1141684676,Cabañas Vista Hermosa,Frutillar,CL,-41.1414765,-73.0253191,high,75,osm-chile-hotel-focused-choice-cala-2026-05-20
node/1141684677,Hospedaje Bischoffhausen,Frutillar,CL,-41.1417594,-73.0251727,high,75,osm-chile-hotel-focused-choice-cala-2026-05-20
node/1141687038,Hotel Frau Holle,Frutillar,CL,-41.1387313,-73.027262,high,75,osm-chile-hotel-focused-choice-cala-2026-05-20
node/1141687062,Hospedaje El Arroyo,Frutillar,CL,-41.1383999,-73.0270794,high,75,osm-chile-hotel-focused-choice-cala-2026-05-20
node/1141691315,Hospedaje Vivaldi,Frutillar,CL,-41.1370703,-73.0273186,high,75,osm-chile-hotel-focused-choice-cala-2026-05-20
node/1141715281,Hotel y Cabañas El Centinela,,Chile,-40.9893419,-72.8613503,medium,55,osm-chile-hotel-focused-choice-cala-2026-05-20
node/1141731279,Petrohué Lodge,,Chile,-41.1382553,-72.4026345,high,85,osm-chile-hotel-focused-choice-cala-2026-05-20
node/1143313177,Balai,,Chile,-41.8678431,-73.8282002,medium,60,osm-chile-hotel-focused-choice-cala-2026-05-20
node/1143313211,Hotel Galeón Azul,,Chile,-41.8688934,-73.8298714,medium,60,osm-chile-hotel-focused-choice-cala-2026-05-20
node/1143322428,Onde Nacho,,Chile,-42.3801876,-73.6535243,medium,60,osm-chile-hotel-focused-choice-cala-2026-05-20
node/1143322447,Hotel Isla Magica,Dalcahue,Chile,-42.3807463,-73.648669,high,75,osm-chile-hotel-focused-choice-cala-2026-05-20
node/1143340681,Archipiélago,,Chile,-42.4782772,-73.7605123,medium,60,osm-chile-hotel-focused-choice-cala-2026-05-20
node/1143340690,Hostal Siempre Verde,,Chile,-42.4822509,-73.7602489,medium,60,osm-chile-hotel-focused-choice-cala-2026-05-20
node/1143340691,Haga Tuto Aquí,Castro,Chile,-42.4823285,-73.7603511,high,75,osm-chile-hotel-focused-choice-cala-2026-05-20
node/1143340720,Cabañas Santiago Castro,,Chile,-42.4813944,-73.7598149,medium,60,osm-chile-hotel-focused-choice-cala-2026-05-20
node/1143340734,Hotel Unicornio Azul,,Chile,-42.4789793,-73.7608341,medium,60,osm-chile-hotel-focused-choice-cala-2026-05-20
node/1143342238,Hosteria de Castro,,Chile,-42.4841411,-73.7619874,medium,60,osm-chile-hotel-focused-choice-cala-2026-05-20
node/1144977369,Hotel Plaza,,Chile,-41.7709373,-73.1275841,medium,60,osm-chile-hotel-focused-choice-cala-2026-05-20
node/1144977419,Hotel Colonial,Calbuco,Chile,-41.7688885,-73.127116,high,75,osm-chile-hotel-focused-choice-cala-2026-05-20
node/1148163972,Hostal Klein,Puerto Varas,CL,-41.3269372,-72.9669626,high,75,osm-chile-hotel-focused-choice-cala-2026-05-20
node/1148176858,Hostal Opapa Juan,Puerto Varas,CL,-41.3147599,-72.9903117,high,75,osm-chile-hotel-focused-choice-cala-2026-05-20
node/1148188319,Cabañas Villa Ensenada,,Chile,-41.2098882,-72.5411228,medium,55,osm-chile-hotel-focused-choice-cala-2026-05-20
node/1148188324,Patagonia Cabañas,,Chile,-41.2097745,-72.5410374,medium,55,osm-chile-hotel-focused-choice-cala-2026-05-20
node/1152204116,El Montañés,Pucón,CL,-39.2759783,-71.9742599,high,75,osm-chile-hotel-focused-choice-cala-2026-05-20
node/1153087265,Hostal Casa de Juanita,Temuco,CL,-38.7400847,-72.5974882,high,100,osm-chile-hotel-focused-choice-cala-2026-05-20
node/1156948519,Aconcagua Hostel,Providencia,Chile,-33.431026,-70.6224627,high,100,osm-chile-hotel-focused-choice-cala-2026-05-20
node/1176181793,Laguna Azul,,Chile,-36.748125,-72.4325885,medium,55,osm-chile-hotel-focused-choice-cala-2026-05-20
node/1176181819,Sol de Quillón,,Chile,-36.7393088,-72.49527,medium,60,osm-chile-hotel-focused-choice-cala-2026-05-20
node/1179246233,Hospedaje Esmeralda,,Chile,-42.6218921,-73.7689,medium,60,osm-chile-hotel-focused-choice-cala-2026-05-20
node/1209198557,Hotel ilaia,,Chile,-53.1568331,-70.9112659,medium,55,osm-chile-hotel-focused-choice-cala-2026-05-20
node/1214175716,GEN Suite & Spa,,Chile,-33.4473794,-70.635669,high,70,osm-chile-hotel-focused-choice-cala-2026-05-20
node/1218607522,Hotel Colbún,,Chile,-35.6975974,-71.4003635,medium,60,osm-chile-hotel-focused-choice-cala-2026-05-20
node/1219557396,Hotel Solymar,,Chile,-32.8849385,-71.4971559,medium,55,osm-chile-hotel-focused-choice-cala-2026-05-20
node/1227900203,Hotel Roger,Los Lagos,Chile,-39.8638113,-72.816065,high,75,osm-chile-hotel-focused-choice-cala-2026-05-20
node/1231815092,Tiki Tano,,Chile,-30.0743491,-71.3780399,medium,55,osm-chile-hotel-focused-choice-cala-2026-05-20
node/1238540811,Residencia en El Cerro,Valparaíso,Chile,-33.0420367,-71.6279435,high,85,osm-chile-hotel-focused-choice-cala-2026-05-20
node/1239312312,Hotel Casino Dreams,,Chile,-53.1658025,-70.9057099,medium,60,osm-chile-hotel-focused-choice-cala-2026-05-20
node/1242482427,La Casona 1920,,Chile,-20.2231836,-70.1479338,medium,55,osm-chile-hotel-focused-choice-cala-2026-05-20
node/1256999556,Ibis Hotel,,Chile,-36.7923648,-73.0630976,high,80,osm-chile-hotel-focused-choice-cala-2026-05-20
node/1258548282,MDS Hotel Concepción,,Chile,-36.7766652,-73.0740981,medium,60,osm-chile-hotel-focused-choice-cala-2026-05-20
node/1268981204,Hotel Antay Copiapó,,Chile,-27.3801748,-70.3128043,medium,60,osm-chile-hotel-focused-choice-cala-2026-05-20
node/1271123190,Ensueño,,Chile,-33.0281322,-71.5482768,medium,55,osm-chile-hotel-focused-choice-cala-2026-05-20
node/1271285823,Hotel Vegmont,,Chile,-36.9134523,-71.4829261,high,70,osm-chile-hotel-focused-choice-cala-2026-05-20
node/1271285825,Cabañas Mittenwald,,Chile,-36.9105058,-71.4857885,high,70,osm-chile-hotel-focused-choice-cala-2026-05-20
node/1271311330,Hostal Los Ñirres,,Chile,-36.9120393,-71.5033639,high,70,osm-chile-hotel-focused-choice-cala-2026-05-20
node/1276936943,Mela Blue,,Chile,-33.4383158,-70.6407871,medium,60,osm-chile-hotel-focused-choice-cala-2026-05-20
node/1276936946,Chile Apart,,Chile,-33.4379548,-70.6445363,medium,60,osm-chile-hotel-focused-choice-cala-2026-05-20
node/1276982845,Windsor Palace Apartment Hotel,Santiago,Chile,-33.4403431,-70.6568912,high,75,osm-chile-hotel-focused-choice-cala-2026-05-20
node/1276982855,Bellas Artes Suites,,Chile,-33.4362163,-70.6471338,medium,55,osm-chile-hotel-focused-choice-cala-2026-05-20
node/1276982857,San Marino,,Chile,-33.4358685,-70.6469771,medium,55,osm-chile-hotel-focused-choice-cala-2026-05-20
node/1276982862,Casaltura,,Chile,-33.4343565,-70.6490853,medium,60,osm-chile-hotel-focused-choice-cala-2026-05-20
node/1279107036,Hostal Lluhay,Ancud,Chile,-41.8653945,-73.8306128,high,75,osm-chile-hotel-focused-choice-cala-2026-05-20
node/1281555101,Yelcho en la Patagonia,,Chile,-43.2199376,-72.4345809,high,70,osm-chile-hotel-focused-choice-cala-2026-05-20
node/1282395218,Residencial El Diamante,,Chile,-34.9589228,-70.4376329,medium,55,osm-chile-hotel-focused-choice-cala-2026-05-20
node/1287226013,Posada El Arbolito,,Chile,-22.1469427,-69.5752599,medium,55,osm-chile-hotel-focused-choice-cala-2026-05-20
node/1288399444,Jorge Sepulveda,,Chile,-36.1218921,-71.227475,medium,55,osm-chile-hotel-focused-choice-cala-2026-05-20
node/1289135953,Hotel Terra Nevada,,Chile,-36.9064076,-71.5274762,medium,55,osm-chile-hotel-focused-choice-cala-2026-05-20
node/1289135963,Hostal Junta Los Ríos,,Chile,-36.8920834,-71.5551688,high,70,osm-chile-hotel-focused-choice-cala-2026-05-20
node/1297908107,Mercure Hotel Santiago Centro,Santiago,Chile,-33.4429414,-70.645226,high,100,osm-chile-hotel-focused-choice-cala-2026-05-20
node/1299241104,The Aubrey,,Chile,-33.4307226,-70.635307,high,85,osm-chile-hotel-focused-choice-cala-2026-05-20
node/1300148710,Hotel Terrado Suites,Iquique,Chile,-20.2353133,-70.1501324,high,100,osm-chile-hotel-focused-choice-cala-2026-05-20
node/1307132766,Hotel Gavina Sens,Iquique,Chile,-20.2226443,-70.1527162,high,75,osm-chile-hotel-focused-choice-cala-2026-05-20
node/1307138816,Hotel Bellavista,Iquique,Chile,-20.2164003,-70.1553492,high,75,osm-chile-hotel-focused-choice-cala-2026-05-20
node/1309650055,Motel,,Chile,-33.7825649,-70.7461462,medium,55,osm-chile-hotel-focused-choice-cala-2026-05-20
node/1312365250,Posada BellaMare,,Chile,-32.9633254,-71.5451353,medium,55,osm-chile-hotel-focused-choice-cala-2026-05-20
node/1319674873,Hostal,,Chile,-37.0361786,-72.4019033,medium,55,osm-chile-hotel-focused-choice-cala-2026-05-20
node/1320075075,San Diego,,Chile,-37.0335109,-72.401029,high,70,osm-chile-hotel-focused-choice-cala-2026-05-20
node/1321387420,Hotel Puerta del Sol,,Chile,-33.3535942,-70.248937,medium,55,osm-chile-hotel-focused-choice-cala-2026-05-20
node/1321387423,Hotel Tres Puntas,,Chile,-33.3538227,-70.2485883,medium,55,osm-chile-hotel-focused-choice-cala-2026-05-20
node/1326858096,Best Western Marina del Rey,Viña del Mar,CL,-33.0248272,-71.5597558,high,75,osm-chile-hotel-focused-choice-cala-2026-05-20
node/1326863718,Hotel 3 Poniente,,Chile,-33.021101,-71.5551408,medium,60,osm-chile-hotel-focused-choice-cala-2026-05-20
node/1327560037,Hotel La Leonera,,Chile,-34.0355964,-70.572811,medium,55,osm-chile-hotel-focused-choice-cala-2026-05-20
node/1341928448,Hotel Casa Bosque,,Chile,-33.59971,-70.3611879,medium,55,osm-chile-hotel-focused-choice-cala-2026-05-20
node/1357160949,Hostería Veronica,,Chile,-43.4857244,-72.1075747,medium,55,osm-chile-hotel-focused-choice-cala-2026-05-20
node/1365950578,"La Casona, Viña Matetic",,Chile,-33.4780531,-71.4758277,medium,55,osm-chile-hotel-focused-choice-cala-2026-05-20
node/1367982336,Costaustralis,Puerto Natales,Chile,-51.7283635,-72.5134135,high,85,osm-chile-hotel-focused-choice-cala-2026-05-20
node/1367982337,Los Pinos,Puerto Natales,Chile,-51.7249435,-72.5067469,high,75,osm-chile-hotel-focused-choice-cala-2026-05-20
node/1367982339,Juan Ladrillero,Puerto Natales,Chile,-51.7250548,-72.5114878,high,75,osm-chile-hotel-focused-choice-cala-2026-05-20
node/1367982341,Los Antiguos,Puerto Natales,Chile,-51.7274955,-72.5122198,high,75,osm-chile-hotel-focused-choice-cala-2026-05-20
node/1367982345,Carahue,Puerto Natales,Chile,-51.7276689,-72.5072282,high,75,osm-chile-hotel-focused-choice-cala-2026-05-20
node/1367982348,Hostal Francis Drake,Puerto Natales,Chile,-51.724398,-72.5080731,high,100,osm-chile-hotel-focused-choice-cala-2026-05-20
node/1367982352,Casablanca,Puerto Natales,Chile,-51.7254952,-72.5053641,high,75,osm-chile-hotel-focused-choice-cala-2026-05-20
node/1367982353,Milodón,Puerto Natales,Chile,-51.7276232,-72.5074106,high,75,osm-chile-hotel-focused-choice-cala-2026-05-20
node/1367982356,Lago Sarmiento,Puerto Natales,CL,-51.7282547,-72.5119488,high,75,osm-chile-hotel-focused-choice-cala-2026-05-20
node/1367982357,Blanquita,Puerto Natales,Chile,-51.7288179,-72.5068017,high,75,osm-chile-hotel-focused-choice-cala-2026-05-20
node/1367982360,Saltos del Paine,Puerto Natales,Chile,-51.7282171,-72.5106908,high,75,osm-chile-hotel-focused-choice-cala-2026-05-20
node/1367982676,Don Guillermo,Puerto Natales,Chile,-51.7293473,-72.5011806,high,75,osm-chile-hotel-focused-choice-cala-2026-05-20
node/1369440405,Cabañas Airemar,,Chile,-33.3572058,-71.6591958,medium,60,osm-chile-hotel-focused-choice-cala-2026-05-20
node/1369440406,Algarrobo Spa Los Olivos,,Chile,-33.3664572,-71.6504465,medium,60,osm-chile-hotel-focused-choice-cala-2026-05-20
node/1369440407,Medio Mundo,Algarrobo,Chile,-33.3591229,-71.6639487,high,75,osm-chile-hotel-focused-choice-cala-2026-05-20
node/1369449858,Hotel Uribe,,Chile,-33.3623398,-71.6687552,medium,60,osm-chile-hotel-focused-choice-cala-2026-05-20
node/1371730044,Motel Havana,Valdivia,CL,-39.8231444,-73.2357691,high,75,osm-chile-hotel-focused-choice-cala-2026-05-20
node/1372276200,Hostel Housing Horizonte,,Chile,-33.438289,-70.6669652,medium,60,osm-chile-hotel-focused-choice-cala-2026-05-20
node/1373671629,Skitniza de Huasco,,Chile,-28.4657994,-71.2187599,medium,55,osm-chile-hotel-focused-choice-cala-2026-05-20
node/1373671702,San Fernando,,Chile,-28.4623001,-71.2267422,high,75,osm-chile-hotel-focused-choice-cala-2026-05-20
node/1376719090,Residencial Los Abedules,,Chile,-37.1672129,-73.1818541,medium,55,osm-chile-hotel-focused-choice-cala-2026-05-20
node/1377254459,Arrayán,Valdivia,CL,-39.8183076,-73.2472974,high,75,osm-chile-hotel-focused-choice-cala-2026-05-20
node/1378431254,Hotel Antay,Arica,Chile,-18.4727237,-70.3149381,high,75,osm-chile-hotel-focused-choice-cala-2026-05-20
node/1391492284,Hospedaje Los Pinos,,Chile,-40.3206351,-72.4767782,medium,55,osm-chile-hotel-focused-choice-cala-2026-05-20
node/1391853457,Cabañas Pudu,,Chile,-42.9197883,-72.7126748,medium,55,osm-chile-hotel-focused-choice-cala-2026-05-20
node/1391885958,Albergue Alacaluf,,Chile,-46.5073903,-73.0645346,medium,55,osm-chile-hotel-focused-choice-cala-2026-05-20
node/1394335670,Corazon de los Andes Lodge,,Chile,-46.7709594,-72.8199018,medium,55,osm-chile-hotel-focused-choice-cala-2026-05-20
node/1394345177,Hotel Mi Casa,Chaiten,Chile,-42.9119044,-72.7084434,high,75,osm-chile-hotel-focused-choice-cala-2026-05-20
node/1395086018,Hostería Patagón Andino,Villarrica,CL,-39.2790314,-72.2274072,high,75,osm-chile-hotel-focused-choice-cala-2026-05-20
node/1395098111,Cabañas Bilbao,Villarrica,CL,-39.2781733,-72.2231908,high,75,osm-chile-hotel-focused-choice-cala-2026-05-20
node/1395098113,Hotel Villarrica - Centro Turístico Caja los Andes,Villarrica,CL,-39.2814684,-72.2232994,high,75,osm-chile-hotel-focused-choice-cala-2026-05-20
node/1395098114,Hotel Yatching Kiel,Villarrica,CL,-39.2805508,-72.2222426,high,75,osm-chile-hotel-focused-choice-cala-2026-05-20
node/1395098116,Hotel Los Ositos,Villarrica,CL,-39.2815525,-72.2237908,high,100,osm-chile-hotel-focused-choice-cala-2026-05-20
node/1395098118,Hotel el Ciervo,Villarrica,CL,-39.2810636,-72.2228058,high,75,osm-chile-hotel-focused-choice-cala-2026-05-20
node/1395098122,Hoteles y Cabañas Los Cisnes,Villarrica,CL,-39.2776156,-72.2232341,high,75,osm-chile-hotel-focused-choice-cala-2026-05-20
node/1395098236,Lautaro,Villarrica,CL,-39.2804474,-72.2233794,high,75,osm-chile-hotel-focused-choice-cala-2026-05-20
node/1395110601,Gudenschwager,Pucón,CL,-39.2745125,-71.9813227,high,75,osm-chile-hotel-focused-choice-cala-2026-05-20
node/1395110612,Las Araucarias,Pucón,CL,-39.276005,-71.978984,high,75,osm-chile-hotel-focused-choice-cala-2026-05-20
node/1395110614,Hotel Selina Pucón,Pucón,CL,-39.2741861,-71.978916,high,85,osm-chile-hotel-focused-choice-cala-2026-05-20
node/1395139612,Milla Rahue,Pucón,CL,-39.2760141,-71.9743786,high,75,osm-chile-hotel-focused-choice-cala-2026-05-20
node/1395466176,Cabañas La Palmera,Pucón,CL,-39.2742509,-71.9755383,high,75,osm-chile-hotel-focused-choice-cala-2026-05-20
node/1395466186,Cabañas Marijimar,Pucón,CL,-39.2741047,-71.9750899,high,75,osm-chile-hotel-focused-choice-cala-2026-05-20
node/1395466187,Cabañas LLeu LLeu,Pucón,CL,-39.2740017,-71.9747741,high,75,osm-chile-hotel-focused-choice-cala-2026-05-20
node/1395470903,Ecole,Pucón,CL,-39.2743529,-71.9729247,high,100,osm-chile-hotel-focused-choice-cala-2026-05-20
node/1395470905,La Tetera,Pucón,CL,-39.2744622,-71.9732639,high,75,osm-chile-hotel-focused-choice-cala-2026-05-20
node/1395482231,Cabañas Arauco,Pucón,CL,-39.27636,-71.971857,high,75,osm-chile-hotel-focused-choice-cala-2026-05-20
node/1395482234,El Coihue,Pucón,CL,-39.27669,-71.9701886,high,75,osm-chile-hotel-focused-choice-cala-2026-05-20
node/1395559943,Hotel Libertador,Santiago,Chile,-33.4429354,-70.6483446,high,90,osm-chile-hotel-focused-choice-cala-2026-05-20
node/1400570385,Hosteria,,Chile,-43.9805589,-72.2555408,medium,55,osm-chile-hotel-focused-choice-cala-2026-05-20
node/1401460250,Casona San Jose,,Chile,-33.5896345,-70.4613067,medium,55,osm-chile-hotel-focused-choice-cala-2026-05-20
node/1402846031,Refugio Tricahue,,Chile,-35.7040016,-71.0874474,medium,55,osm-chile-hotel-focused-choice-cala-2026-05-20
node/1406098327,Ruca Chonos,,Chile,-43.8982788,-73.7463499,medium,55,osm-chile-hotel-focused-choice-cala-2026-05-20
node/1406098910,Alojamiento,,Chile,-43.8963253,-73.7494128,medium,55,osm-chile-hotel-focused-choice-cala-2026-05-20
node/1412493587,Cabañas Altomisimali Pucón,Pucón,CL,-39.3028874,-72.0300595,high,75,osm-chile-hotel-focused-choice-cala-2026-05-20
node/1412493589,Hotel Malalhue,Pucón,CL,-39.2792567,-71.9583816,high,75,osm-chile-hotel-focused-choice-cala-2026-05-20
node/1412493593,Cabañas Hueney,,Chile,-39.3032215,-72.0809975,medium,60,osm-chile-hotel-focused-choice-cala-2026-05-20
node/1412498594,Hotel Antumalal,Pucón,CL,-39.2843069,-71.9942957,high,75,osm-chile-hotel-focused-choice-cala-2026-05-20
node/1412503736,Cabañas Kernayel,Pucón,CL,-39.2786058,-71.9619592,high,75,osm-chile-hotel-focused-choice-cala-2026-05-20
node/1412543679,Termas de San Luis,,Chile,-39.3401528,-71.690646,medium,55,osm-chile-hotel-focused-choice-cala-2026-05-20
node/1412554971,KodKod,,Chile,-39.2570968,-71.7694729,medium,55,osm-chile-hotel-focused-choice-cala-2026-05-20
node/1415810541,Carlos Anwandter,Valdivia,CL,-39.8114414,-73.2409964,high,75,osm-chile-hotel-focused-choice-cala-2026-05-20
node/1415810551,La Terraza,,Chile,-39.8118338,-73.2398225,medium,55,osm-chile-hotel-focused-choice-cala-2026-05-20
node/1415810561,Donde Marcelo,,Chile,-39.8111395,-73.2444595,medium,55,osm-chile-hotel-focused-choice-cala-2026-05-20
node/1415810564,Cabañas Carampangue,,Chile,-39.8121791,-73.2427918,medium,55,osm-chile-hotel-focused-choice-cala-2026-05-20
node/1415810570,Aredi,Valdivia,CL,-39.8119005,-73.2396889,high,75,osm-chile-hotel-focused-choice-cala-2026-05-20
node/1415831868,Cabañas Raitué,Valdivia,CL,-39.8238416,-73.2498291,high,75,osm-chile-hotel-focused-choice-cala-2026-05-20
node/1421549197,Hostal Azucena,,Chile,-35.333227,-72.4185651,medium,60,osm-chile-hotel-focused-choice-cala-2026-05-20
node/1427542641,Cabañas Janequeo,Valdivia,Chile,-39.8110593,-73.2430621,high,75,osm-chile-hotel-focused-choice-cala-2026-05-20
node/1439623279,Hotel Camino del Inca,,Chile,-26.2478092,-69.6308166,medium,55,osm-chile-hotel-focused-choice-cala-2026-05-20
node/1447178484,Hostal Pangea,,Chile,-22.9106262,-68.2016139,medium,55,osm-chile-hotel-focused-choice-cala-2026-05-20
node/1447178494,Casa Corvatsch,,Chile,-22.9105716,-68.2023915,medium,55,osm-chile-hotel-focused-choice-cala-2026-05-20
node/1447196575,Eden Atacameño,,Chile,-22.9131025,-68.1995607,medium,55,osm-chile-hotel-focused-choice-cala-2026-05-20
node/1447207657,Awasi,,Chile,-22.9124613,-68.200975,medium,60,osm-chile-hotel-focused-choice-cala-2026-05-20
node/1447207658,Altiplanico,,Chile,-22.9047087,-68.2050635,medium,60,osm-chile-hotel-focused-choice-cala-2026-05-20
node/1447207659,Terrantai,,Chile,-22.9107843,-68.2010936,medium,60,osm-chile-hotel-focused-choice-cala-2026-05-20
node/1447207660,Hotel y Cabanas La Cochera,San Pedero de Atacama,CL,-22.9125811,-68.2012005,high,75,osm-chile-hotel-focused-choice-cala-2026-05-20
node/1447215688,Tierra Atacama,,Chile,-22.9229572,-68.2079471,medium,55,osm-chile-hotel-focused-choice-cala-2026-05-20
node/1456040303,Hostal Florida,,Chile,-22.911021,-68.2012803,medium,55,osm-chile-hotel-focused-choice-cala-2026-05-20
node/1456040316,El Tatio,,Chile,-22.9117095,-68.2015696,medium,55,osm-chile-hotel-focused-choice-cala-2026-05-20
node/1473209995,Hotel Agua Del Desierto,Calama,Chile,-22.4630518,-68.9108955,high,75,osm-chile-hotel-focused-choice-cala-2026-05-20
node/1478660954,Sofia,,Chile,-41.4760376,-72.9508046,medium,55,osm-chile-hotel-focused-choice-cala-2026-05-20
node/1480168069,Costa Azul,,Chile,-41.7695716,-73.1265404,medium,55,osm-chile-hotel-focused-choice-cala-2026-05-20
node/1482698319,Hostal Socaire,,Chile,-23.5877882,-67.8911187,medium,55,osm-chile-hotel-focused-choice-cala-2026-05-20
node/1483501332,Hotel Marina Vichuquen,,Chile,-34.8492984,-72.0420959,medium,55,osm-chile-hotel-focused-choice-cala-2026-05-20
node/1484656196,Motel Manquimávida,,Chile,-36.9427049,-73.0234803,high,80,osm-chile-hotel-focused-choice-cala-2026-05-20
node/1486253549,Cabañas Villa Elena,,Chile,-30.25506,-71.4944166,medium,60,osm-chile-hotel-focused-choice-cala-2026-05-20
node/1486253550,Cabañas Anakena,,Chile,-30.2560747,-71.4916103,medium,55,osm-chile-hotel-focused-choice-cala-2026-05-20
node/1486282841,Cabañas Barcelona,,Chile,-30.2551957,-71.5059743,medium,60,osm-chile-hotel-focused-choice-cala-2026-05-20
node/1492870369,Hotel Manquehue,,Chile,-36.8259635,-73.0487328,medium,55,osm-chile-hotel-focused-choice-cala-2026-05-20
node/1492870395,Hotel One (ex-Biobio),,Chile,-36.8257812,-73.0493848,medium,55,osm-chile-hotel-focused-choice-cala-2026-05-20
node/1493597440,Puerta del Sur Hotel,,Chile,-39.8151672,-73.2611799,medium,60,osm-chile-hotel-focused-choice-cala-2026-05-20
node/1493655856,Hotel Araucano,,Chile,-36.8266602,-73.0515286,medium,55,osm-chile-hotel-focused-choice-cala-2026-05-20
node/1520494615,Hostal,,Chile,-33.0281365,-71.5633974,medium,55,osm-chile-hotel-focused-choice-cala-2026-05-20
node/1520494652,B&B,,Chile,-33.0279611,-71.5633545,medium,55,osm-chile-hotel-focused-choice-cala-2026-05-20
node/1530204944,Puritama,,Chile,-22.9117263,-68.2029906,medium,55,osm-chile-hotel-focused-choice-cala-2026-05-20
node/1530204947,Takha Takha,San Pedro de Atacama,CL,-22.9117359,-68.2039123,high,100,osm-chile-hotel-focused-choice-cala-2026-05-20
node/1530398571,Kiko,,Chile,-30.109441,-70.4987685,medium,55,osm-chile-hotel-focused-choice-cala-2026-05-20
node/1530405080,Los Pimientos,,Chile,-29.9670018,-71.1058203,medium,55,osm-chile-hotel-focused-choice-cala-2026-05-20
node/1530409435,Entre Rocas,,Chile,-30.0078333,-71.3779545,medium,55,osm-chile-hotel-focused-choice-cala-2026-05-20
node/1530433421,Entre Bosques,,Chile,-32.7352595,-71.4568969,medium,55,osm-chile-hotel-focused-choice-cala-2026-05-20
node/1533446924,Hostal Austral,Ancud,Chile,-41.8719625,-73.8089421,high,75,osm-chile-hotel-focused-choice-cala-2026-05-20
node/1534179410,La Fiera,,Chile,-42.3798251,-73.6480946,medium,55,osm-chile-hotel-focused-choice-cala-2026-05-20
node/1534234534,Hospedaje Costanera,Quemchi,Chile,-42.1444331,-73.4754205,high,75,osm-chile-hotel-focused-choice-cala-2026-05-20
node/1534245978,Cabañas Pinguen,,Chile,-42.1395663,-73.4756433,medium,55,osm-chile-hotel-focused-choice-cala-2026-05-20
node/1536515960,Motel Nevada,,Chile,-34.14786,-70.7228475,medium,55,osm-chile-hotel-focused-choice-cala-2026-05-20
node/1539822919,Hotel Rosa Náutica,,Chile,-32.1371335,-71.5322764,medium,55,osm-chile-hotel-focused-choice-cala-2026-05-20
node/1539822924,Puquen,,Chile,-32.143333,-71.5251552,medium,55,osm-chile-hotel-focused-choice-cala-2026-05-20
node/1539822928,Kontiki,,Chile,-32.1344143,-71.5335006,medium,65,osm-chile-hotel-focused-choice-cala-2026-05-20
node/1539828629,Hotel Pichidangui,,Chile,-32.1435874,-71.5226006,medium,60,osm-chile-hotel-focused-choice-cala-2026-05-20
node/1539832852,Costa Pichidangui,,Chile,-32.1402352,-71.5286624,medium,55,osm-chile-hotel-focused-choice-cala-2026-05-20
node/1539834090,Las Tuninas,,Chile,-32.1377001,-71.5294247,medium,55,osm-chile-hotel-focused-choice-cala-2026-05-20
node/1539834091,Puerto Ensenada,,Chile,-32.1416032,-71.5199621,medium,55,osm-chile-hotel-focused-choice-cala-2026-05-20
node/1540336999,Huillinco Lodge,,Chile,-42.6647563,-74.0113677,medium,55,osm-chile-hotel-focused-choice-cala-2026-05-20
node/1540337002,Puquelahue,,Chile,-42.6639613,-74.0101555,medium,55,osm-chile-hotel-focused-choice-cala-2026-05-20
node/1540338571,Los Devas,,Chile,-42.6846543,-73.9221206,medium,55,osm-chile-hotel-focused-choice-cala-2026-05-20
node/1540341439,Hospedaje,,Chile,-42.5190978,-74.1770467,medium,55,osm-chile-hotel-focused-choice-cala-2026-05-20
node/1540349653,Del Mirador,,Chile,-42.5301825,-73.8107791,medium,55,osm-chile-hotel-focused-choice-cala-2026-05-20
node/1540349655,El Caleuche,,Chile,-42.5232369,-73.799002,medium,55,osm-chile-hotel-focused-choice-cala-2026-05-20
node/1540349656,Alcamar,,Chile,-42.5156598,-73.7956689,medium,55,osm-chile-hotel-focused-choice-cala-2026-05-20
node/1540349657,Llicaldad,,Chile,-42.5140864,-73.7941499,medium,55,osm-chile-hotel-focused-choice-cala-2026-05-20
node/1540349659,San Andres,,Chile,-42.5094162,-73.7898743,medium,55,osm-chile-hotel-focused-choice-cala-2026-05-20
node/1540349664,Claro De Luna,,Chile,-42.498587,-73.7794818,medium,55,osm-chile-hotel-focused-choice-cala-2026-05-20
node/1540349665,Don Fonjo,,Chile,-42.4838809,-73.7739254,medium,55,osm-chile-hotel-focused-choice-cala-2026-05-20
node/1540349666,Hostal,,Chile,-42.4876104,-73.7736529,medium,55,osm-chile-hotel-focused-choice-cala-2026-05-20
node/1540349669,Hostal Kolping,Castro,Chile,-42.4840221,-73.7625105,high,85,osm-chile-hotel-focused-choice-cala-2026-05-20
node/1540349673,Don Miguel,,Chile,-42.4806565,-73.7612509,medium,55,osm-chile-hotel-focused-choice-cala-2026-05-20
node/1540349677,Jhovian,,Chile,-42.4804781,-73.7630212,medium,55,osm-chile-hotel-focused-choice-cala-2026-05-20
node/1540349684,Del Rio,,Chile,-42.4837211,-73.7619688,medium,55,osm-chile-hotel-focused-choice-cala-2026-05-20
node/1545677479,Hotel Arica,,Chile,-18.4900302,-70.3284367,medium,60,osm-chile-hotel-focused-choice-cala-2026-05-20
node/1557060297,Bosques del Mauco,,Chile,-33.3636755,-71.1917576,high,70,osm-chile-hotel-focused-choice-cala-2026-05-20
node/1558211847,Hotel Natura,,Chile,-41.0857965,-72.0199487,medium,55,osm-chile-hotel-focused-choice-cala-2026-05-20
node/1562951264,Cabaña Marroca,,Chile,-41.8710824,-73.8272614,medium,55,osm-chile-hotel-focused-choice-cala-2026-05-20
node/1568276048,Hostal Sunset Iquique,,CL,-20.2248035,-70.1491876,medium,60,osm-chile-hotel-focused-choice-cala-2026-05-20
node/1568276066,Hostal Brisamar,,Chile,-20.2250948,-70.1492152,medium,55,osm-chile-hotel-focused-choice-cala-2026-05-20
node/1568276072,Hostal Casa Norte,,Chile,-20.2228823,-70.1504546,medium,55,osm-chile-hotel-focused-choice-cala-2026-05-20
node/1568276076,Hostal Uma Jaqi,Iquique,Chile,-20.2232175,-70.1506889,high,100,osm-chile-hotel-focused-choice-cala-2026-05-20
node/1568276077,Hostal Urkupiña,,Chile,-20.2181347,-70.1464001,medium,55,osm-chile-hotel-focused-choice-cala-2026-05-20
node/1568420076,La Paz,,Chile,-46.6245157,-72.6739457,medium,55,osm-chile-hotel-focused-choice-cala-2026-05-20
node/1568420082,Los Pinos,,Chile,-46.623996,-72.6737674,medium,55,osm-chile-hotel-focused-choice-cala-2026-05-20
node/1568420102,Silvana,,Chile,-46.62525,-72.6750996,medium,55,osm-chile-hotel-focused-choice-cala-2026-05-20
node/1568420114,Carretera Austral,,Chile,-46.6240765,-72.6729232,medium,55,osm-chile-hotel-focused-choice-cala-2026-05-20
node/1568420136,Bellavista,,Chile,-46.6214611,-72.675209,medium,55,osm-chile-hotel-focused-choice-cala-2026-05-20
node/1568420137,Paraiso,,Chile,-46.6193812,-72.6749578,medium,55,osm-chile-hotel-focused-choice-cala-2026-05-20
node/1568420139,ExploraSur Excursiones,,Chile,-46.619144,-72.6747934,medium,55,osm-chile-hotel-focused-choice-cala-2026-05-20
node/1571321236,Motel Los Arcos,,Chile,-34.1431555,-70.7415414,medium,55,osm-chile-hotel-focused-choice-cala-2026-05-20
node/1571850570,Cabanas Bon,,Chile,-45.5535677,-72.0638741,medium,55,osm-chile-hotel-focused-choice-cala-2026-05-20
node/1571971995,Rapidos Del Rio Baker,,Chile,-47.0442391,-72.8165807,medium,55,osm-chile-hotel-focused-choice-cala-2026-05-20
node/1571971997,Patagonia Baker Lodge,,Chile,-47.0394439,-72.8209307,medium,55,osm-chile-hotel-focused-choice-cala-2026-05-20
node/1571971998,Hosteria Puerto Bertrand,,Chile,-47.017208,-72.8290174,medium,55,osm-chile-hotel-focused-choice-cala-2026-05-20
node/1571972006,Patagonia Australis,,Chile,-47.0522491,-72.8091487,medium,55,osm-chile-hotel-focused-choice-cala-2026-05-20
node/1571972011,Los Coigues,,Chile,-47.015839,-72.8278579,medium,55,osm-chile-hotel-focused-choice-cala-2026-05-20
node/1571972013,Campo Hielo Norte,,Chile,-47.0154249,-72.828714,medium,55,osm-chile-hotel-focused-choice-cala-2026-05-20
node/1572053652,Villarrica,Villa Cerro Castillo,Chile,-46.1219579,-72.1567886,high,75,osm-chile-hotel-focused-choice-cala-2026-05-20
node/1572053773,Hospedaje El Canelo,Villa Cerro Castillo,Chile,-46.1218095,-72.157575,high,75,osm-chile-hotel-focused-choice-cala-2026-05-20
node/1572069457,Las Rosas,,Chile,-45.6456625,-72.0829487,medium,55,osm-chile-hotel-focused-choice-cala-2026-05-20
node/1572069461,Los Nires,,Chile,-45.5681178,-72.0650684,medium,60,osm-chile-hotel-focused-choice-cala-2026-05-20
node/1573037698,84,,Chile,-34.9810219,-71.2360798,medium,55,osm-chile-hotel-focused-choice-cala-2026-05-20
node/1575459283,Hotel Casino San Antonio,San Antonio,Chile,-33.5810242,-71.614547,high,75,osm-chile-hotel-focused-choice-cala-2026-05-20
node/1576518404,motel,,Chile,-32.829349,-70.6904753,medium,55,osm-chile-hotel-focused-choice-cala-2026-05-20
node/1576518406,Krizaos,,Chile,-32.8514969,-70.626738,medium,55,osm-chile-hotel-focused-choice-cala-2026-05-20
node/1576977035,OMZ Olas de Matanzas,,Chile,-33.9627964,-71.8747743,medium,55,osm-chile-hotel-focused-choice-cala-2026-05-20
node/1577493466,Campamento 5400 Minera Escondida,,Chile,-24.3294442,-69.0937385,medium,55,osm-chile-hotel-focused-choice-cala-2026-05-20
node/1577493478,Villa San Lorenzo,,Chile,-24.2667937,-69.1287735,medium,55,osm-chile-hotel-focused-choice-cala-2026-05-20
node/1577493479,Campamento 2000,,Chile,-24.255621,-69.1198889,medium,55,osm-chile-hotel-focused-choice-cala-2026-05-20
node/1577568821,Campamento Zaldívar,,Chile,-24.2209132,-69.1035285,medium,55,osm-chile-hotel-focused-choice-cala-2026-05-20
node/1577568830,Campamento Zaldívar,,Chile,-24.2209279,-69.1035232,medium,55,osm-chile-hotel-focused-choice-cala-2026-05-20
node/1577594285,Bucanero,,Chile,-29.982926,-71.3607361,medium,55,osm-chile-hotel-focused-choice-cala-2026-05-20
node/1578831316,Palafito Hostel,,Chile,-42.4817592,-73.7720354,high,70,osm-chile-hotel-focused-choice-cala-2026-05-20
node/1579358907,Residencial de Turismo,Navidad,Chile,-33.9555232,-71.8294093,high,75,osm-chile-hotel-focused-choice-cala-2026-05-20
node/1579358915,Residencial La Querencia,Navidad,Chile,-33.9562512,-71.8286033,high,75,osm-chile-hotel-focused-choice-cala-2026-05-20
node/1580310475,Campanario,,Chile,-48.4669396,-72.5600773,medium,55,osm-chile-hotel-focused-choice-cala-2026-05-20
node/1580310503,Fabiana,,Chile,-48.4691441,-72.559922,medium,55,osm-chile-hotel-focused-choice-cala-2026-05-20
node/1583262007,Iorana,,Chile,-27.1601396,-109.4408749,high,90,osm-chile-hotel-focused-choice-cala-2026-05-20
node/1583262091,Oroŋo,,Chile,-27.1508454,-109.4300627,high,80,osm-chile-hotel-focused-choice-cala-2026-05-20
node/1587288340,Hotel Petersen,,Chile,-33.3941663,-71.694862,medium,55,osm-chile-hotel-focused-choice-cala-2026-05-20
node/1587560200,Caicahues,,Chile,-45.40212,-72.6900281,medium,65,osm-chile-hotel-focused-choice-cala-2026-05-20
node/1588229496,Mincho's Lodge,,Chile,-45.5828934,-72.0793719,medium,55,osm-chile-hotel-focused-choice-cala-2026-05-20
node/1588963071,Hotel Diego de Almagro Antofagasta,Antofagasta,Chile,-23.6596195,-70.4027455,high,100,osm-chile-hotel-focused-choice-cala-2026-05-20
node/1588967765,Hotel Brasil,Antofagasta,Chile,-23.6550259,-70.4004195,high,75,osm-chile-hotel-focused-choice-cala-2026-05-20
node/1588974645,Ancla Inn,,Chile,-23.6488658,-70.3980961,medium,60,osm-chile-hotel-focused-choice-cala-2026-05-20
node/1591108421,Casa de Hospedaje Guallatire,,Chile,-18.4976764,-69.1538678,medium,55,osm-chile-hotel-focused-choice-cala-2026-05-20
node/1594129265,Hosteria Rucahuel,,Chile,-32.8346984,-70.5920252,medium,55,osm-chile-hotel-focused-choice-cala-2026-05-20
node/1597605630,Hotel La Serena Plaza,La Serena,Chile,-29.9051956,-71.2727312,high,75,osm-chile-hotel-focused-choice-cala-2026-05-20
node/1607694525,Residencial Miramar,,Chile,-34.7539447,-72.0853254,medium,55,osm-chile-hotel-focused-choice-cala-2026-05-20
node/1612241280,Cabañas Pumantu,,Chile,-39.8302786,-73.250586,medium,55,osm-chile-hotel-focused-choice-cala-2026-05-20
node/1612495462,Hostal Humberstond,,Chile,-20.2172177,-70.1454157,medium,55,osm-chile-hotel-focused-choice-cala-2026-05-20
node/1612495468,Residencial El turista,,Chile,-20.2165,-70.1453037,medium,55,osm-chile-hotel-focused-choice-cala-2026-05-20
node/1612495476,Santa Laura,,Chile,-20.2164279,-70.1452973,medium,55,osm-chile-hotel-focused-choice-cala-2026-05-20
node/1613815116,Hotel José Nogueira,Punta Arenas,Chile,-53.1618619,-70.907884,high,75,osm-chile-hotel-focused-choice-cala-2026-05-20
node/1613815118,Hotel Plaza,,Chile,-53.1629121,-70.9096654,medium,55,osm-chile-hotel-focused-choice-cala-2026-05-20
node/1613826072,Turismo Aonikenk/ Hospedaje Magallanes,,Chile,-53.1581713,-70.9026812,medium,55,osm-chile-hotel-focused-choice-cala-2026-05-20
node/1620929003,Hotel Central,,Chile,-53.2970909,-70.3699511,medium,55,osm-chile-hotel-focused-choice-cala-2026-05-20
node/1620929006,Hotel Rosas,,Chile,-53.2970386,-70.3690171,medium,55,osm-chile-hotel-focused-choice-cala-2026-05-20
node/1621401080,Puku Vai,,Chile,-27.1585364,-109.4272668,high,85,osm-chile-hotel-focused-choice-cala-2026-05-20
node/1621809967,Hostal Reymar,,Chile,-51.7284245,-72.5005034,medium,60,osm-chile-hotel-focused-choice-cala-2026-05-20
node/1621836530,Complejo Antu,,Chile,-36.7397786,-72.497014,medium,60,osm-chile-hotel-focused-choice-cala-2026-05-20
node/1628649058,El Aromo,,Chile,-32.7999927,-70.6509466,medium,55,osm-chile-hotel-focused-choice-cala-2026-05-20
node/1630902660,Hostal y Restaurant Ranchito Criollo,,Chile,-36.5474826,-72.9359058,medium,55,osm-chile-hotel-focused-choice-cala-2026-05-20
node/1632990999,Río Espolón,,Chile,-43.1839032,-71.8754632,medium,55,osm-chile-hotel-focused-choice-cala-2026-05-20
node/1636643467,Cabanas San Sebastian,,Chile,-45.574146,-72.0676054,medium,55,osm-chile-hotel-focused-choice-cala-2026-05-20
node/1636907999,Victoria Lodge,,Chile,-41.6520441,-72.3137713,medium,55,osm-chile-hotel-focused-choice-cala-2026-05-20
node/1638096584,Hotel Manutara,,Chile,-32.7755773,-71.5316195,medium,55,osm-chile-hotel-focused-choice-cala-2026-05-20
node/1638096722,Cabañas Copa de Agua,,Chile,-32.7715767,-71.5339581,medium,55,osm-chile-hotel-focused-choice-cala-2026-05-20
node/1638117417,Hotel Palermo,,Chile,-32.7860182,-71.5271456,medium,55,osm-chile-hotel-focused-choice-cala-2026-05-20
node/1640722606,Hostal Plaza,,Chile,-42.4711881,-73.4884849,medium,55,osm-chile-hotel-focused-choice-cala-2026-05-20
node/1640722623,Mar Del Sur,Achao,Chile,-42.4692118,-73.4936852,high,75,osm-chile-hotel-focused-choice-cala-2026-05-20
node/1641202095,Vistalmar,,Chile,-42.3806942,-73.6561981,medium,55,osm-chile-hotel-focused-choice-cala-2026-05-20
node/1641233465,Volantín,Castro,Chile,-42.4849937,-73.7632804,high,75,osm-chile-hotel-focused-choice-cala-2026-05-20
node/1641236940,Chilhue,,Chile,-42.5339931,-73.8202245,medium,55,osm-chile-hotel-focused-choice-cala-2026-05-20
node/1641236943,Bordemar,,Chile,-42.4945593,-73.7716699,medium,55,osm-chile-hotel-focused-choice-cala-2026-05-20
node/1641319489,Los Alamos,,Chile,-43.1311906,-73.6291308,medium,55,osm-chile-hotel-focused-choice-cala-2026-05-20
node/1641319497,Chiloé Verde,,Chile,-43.1177255,-73.6143604,medium,55,osm-chile-hotel-focused-choice-cala-2026-05-20
node/1641319508,Los Aromos,,Chile,-43.1194691,-73.6386028,medium,55,osm-chile-hotel-focused-choice-cala-2026-05-20
node/1641534757,Motel Cabañas Altas Cumbres,,Chile,-32.6888938,-70.7599766,medium,55,osm-chile-hotel-focused-choice-cala-2026-05-20
node/1641614178,Hotel Royal,,Chile,-38.2348499,-72.3323804,medium,55,osm-chile-hotel-focused-choice-cala-2026-05-20
node/1641785433,Hospedaje Mariel,,Chile,-39.8883613,-73.4313181,medium,55,osm-chile-hotel-focused-choice-cala-2026-05-20
node/1642120629,Rumbo Sur,,Chile,-48.4647645,-72.5617365,medium,60,osm-chile-hotel-focused-choice-cala-2026-05-20
node/1647007031,Hotel Duhatao,,Chile,-37.7993986,-72.7108409,medium,55,osm-chile-hotel-focused-choice-cala-2026-05-20
node/1648805391,Residential Estilo,,Chile,-47.8022447,-73.5372442,medium,65,osm-chile-hotel-focused-choice-cala-2026-05-20
node/1649493666,Residencial El Arriero,,Chile,-47.2518635,-72.5789861,high,70,osm-chile-hotel-focused-choice-cala-2026-05-20
node/1649923807,Hostal Maura,,Chile,-41.4947586,-72.3096236,medium,55,osm-chile-hotel-focused-choice-cala-2026-05-20
node/1650496903,Cabañas Brisas del Mar,,Chile,-42.9153562,-72.7118897,medium,55,osm-chile-hotel-focused-choice-cala-2026-05-20
node/1650496928,Cabañas Los Canelos,,Chile,-42.9111678,-72.7109544,medium,55,osm-chile-hotel-focused-choice-cala-2026-05-20
node/1650496932,Cabañas Patagonias,,Chile,-42.9114176,-72.7106512,medium,55,osm-chile-hotel-focused-choice-cala-2026-05-20
node/1650496944,Hospedaje Doña Collita,,Chile,-42.9130959,-72.7097815,medium,55,osm-chile-hotel-focused-choice-cala-2026-05-20
node/1652896464,Canto DeLluvia,,Chile,-45.492942,-72.2048417,medium,55,osm-chile-hotel-focused-choice-cala-2026-05-20
node/1652903356,Residencial Patagonia,,Chile,-46.440987,-72.7118595,medium,65,osm-chile-hotel-focused-choice-cala-2026-05-20
node/1652909842,Parador Austral Lodge,,Chile,-46.8971388,-72.7915427,medium,55,osm-chile-hotel-focused-choice-cala-2026-05-20
node/1652909846,Bahia Catalina,,Chile,-46.8781847,-72.7915177,medium,55,osm-chile-hotel-focused-choice-cala-2026-05-20
node/1652960137,Giselle,,Chile,-47.7970269,-73.5338802,medium,65,osm-chile-hotel-focused-choice-cala-2026-05-20
node/1652960189,Hospedaje Chanito,,Chile,-47.7960788,-73.5319206,medium,55,osm-chile-hotel-focused-choice-cala-2026-05-20
node/1652960196,Bajo Pisagua,,Chile,-47.7945215,-73.5303949,medium,65,osm-chile-hotel-focused-choice-cala-2026-05-20
node/1652963931,Brisas Del Sur,,Chile,-47.805298,-73.5441797,medium,65,osm-chile-hotel-focused-choice-cala-2026-05-20
node/1653735477,Capitán Eberhard,,Chile,-51.7257169,-72.5118065,medium,60,osm-chile-hotel-focused-choice-cala-2026-05-20
node/1656597972,Ecoturismo Hans Bernardt,,Chile,-38.4100937,-73.9045224,medium,55,osm-chile-hotel-focused-choice-cala-2026-05-20
node/1657071970,Los Ulmos de Ralun Lodge,,Chile,-41.3732702,-72.3256051,high,70,osm-chile-hotel-focused-choice-cala-2026-05-20
node/1657085763,Hotel Awa,,Chile,-41.2144658,-72.7158612,medium,60,osm-chile-hotel-focused-choice-cala-2026-05-20
node/1657092297,Río de Luna,,Chile,-39.8119214,-73.2385833,medium,55,osm-chile-hotel-focused-choice-cala-2026-05-20
node/1659903085,Hostal Calafate,,Chile,-53.1592226,-70.9032495,medium,55,osm-chile-hotel-focused-choice-cala-2026-05-20
node/1659903096,Barefoot Backpacker's,Punta Arenas,Chile,-53.1601764,-70.9004794,high,75,osm-chile-hotel-focused-choice-cala-2026-05-20
node/1659903098,Las Torres Patagonia,Punta Arenas,Chile,-53.1569927,-70.9000857,high,75,osm-chile-hotel-focused-choice-cala-2026-05-20
node/1659908799,Patagonia House,,Chile,-53.1638012,-70.9162819,medium,55,osm-chile-hotel-focused-choice-cala-2026-05-20
node/1659908829,El Mirador,,CL,-53.1644104,-70.9122212,medium,60,osm-chile-hotel-focused-choice-cala-2026-05-20
node/1659909432,Sandy Point,,Chile,-53.158524,-70.8967998,medium,55,osm-chile-hotel-focused-choice-cala-2026-05-20
node/1660689146,Hostal Sumaj Jallpa,,Chile,-22.9151933,-68.1927963,medium,55,osm-chile-hotel-focused-choice-cala-2026-05-20
node/1669300826,Boca Budi,,Chile,-38.821449,-73.3981068,medium,55,osm-chile-hotel-focused-choice-cala-2026-05-20
node/1669497256,Hostería Maule,,Chile,-38.8132171,-73.3998508,medium,55,osm-chile-hotel-focused-choice-cala-2026-05-20
node/1669508916,Cabañas del Budi,,Chile,-38.8216349,-73.3919115,medium,55,osm-chile-hotel-focused-choice-cala-2026-05-20
node/1673917852,Hotel Aysén Patagonia,Puerto Aysén,Chile,-45.4064318,-72.6996868,high,100,osm-chile-hotel-focused-choice-cala-2026-05-20
node/1675590025,Motel Cabañas Colombia,,Chile,-32.8383081,-70.6000323,medium,55,osm-chile-hotel-focused-choice-cala-2026-05-20
node/1675621411,Hotel Casino Enjoy,,Chile,-32.9262406,-70.6793794,medium,60,osm-chile-hotel-focused-choice-cala-2026-05-20
node/1679926768,Queen Royal,,Chile,-33.0182056,-71.5513448,high,85,osm-chile-hotel-focused-choice-cala-2026-05-20
node/1679926770,Queen Royal,,Chile,-33.0184691,-71.5514141,medium,55,osm-chile-hotel-focused-choice-cala-2026-05-20
node/1680701971,Hostería Rucantu,,Chile,-38.9563053,-72.623153,medium,55,osm-chile-hotel-focused-choice-cala-2026-05-20
node/1686145429,Hotel Terraviña,Santa Cruz,Chile,-34.6260083,-71.3780449,high,75,osm-chile-hotel-focused-choice-cala-2026-05-20
node/1696893705,Dickson,,Chile,-51.7281172,-72.5079428,medium,60,osm-chile-hotel-focused-choice-cala-2026-05-20
node/1698814960,EcoCamp Patagonia,,Chile,-50.9631902,-72.8636672,medium,55,osm-chile-hotel-focused-choice-cala-2026-05-20
node/1710256817,Pulmahue Hotel,,Chile,-27.3621173,-70.3323848,medium,60,osm-chile-hotel-focused-choice-cala-2026-05-20
node/1717153674,Copihue,,Chile,-43.9740471,-72.4056244,medium,55,osm-chile-hotel-focused-choice-cala-2026-05-20
node/1717153687,Patagonia,,Chile,-43.973788,-72.4070287,medium,55,osm-chile-hotel-focused-choice-cala-2026-05-20
node/1717153691,Marisel,,Chile,-43.9698712,-72.4030548,medium,55,osm-chile-hotel-focused-choice-cala-2026-05-20
node/1724367108,ABRACADABRA Bed&Breakfast,,Chile,-33.43816,-70.6668723,medium,60,osm-chile-hotel-focused-choice-cala-2026-05-20
node/1732871599,Hostería Chañaral,,Chile,-26.3482515,-70.6252137,medium,60,osm-chile-hotel-focused-choice-cala-2026-05-20
node/1736879272,ViaViaCafe,,Chile,-33.0435158,-71.6273422,high,80,osm-chile-hotel-focused-choice-cala-2026-05-20
node/1736888826,Escadaria,Valparaíso,CL,-33.043028,-71.6290185,high,90,osm-chile-hotel-focused-choice-cala-2026-05-20
node/1739907469,Hotel Roxy,,Chile,-30.6014578,-71.2006723,medium,55,osm-chile-hotel-focused-choice-cala-2026-05-20
node/1739907472,Hotel American,,Chile,-30.6027471,-71.200398,medium,55,osm-chile-hotel-focused-choice-cala-2026-05-20
node/1741637681,HotEl Plaza Lebu,,CL,-37.6107183,-73.6555232,medium,60,osm-chile-hotel-focused-choice-cala-2026-05-20
node/1741647484,Cabañas de Inés Cancino,,Chile,-35.5840224,-72.6225534,medium,55,osm-chile-hotel-focused-choice-cala-2026-05-20
node/1744756975,El Molo,,Chile,-42.4803234,-73.7610327,medium,55,osm-chile-hotel-focused-choice-cala-2026-05-20
node/1747546396,Hostal Rural,San Pedro de Atacama,CL,-22.9120943,-68.2015329,high,75,osm-chile-hotel-focused-choice-cala-2026-05-20
node/1748379180,Santiago Backpackers,Santiago,CL,-33.4353074,-70.6473144,high,100,osm-chile-hotel-focused-choice-cala-2026-05-20
node/1753847061,La Casa del Almirante,Viña del Mar,CL,-33.0268673,-71.5651245,high,100,osm-chile-hotel-focused-choice-cala-2026-05-20
node/1754691093,Hospedaje Del Centro,,Chile,-41.4703868,-72.9456888,medium,55,osm-chile-hotel-focused-choice-cala-2026-05-20
node/1754691094,Hostel Calle #300,,Chile,-41.470555,-72.9463696,medium,55,osm-chile-hotel-focused-choice-cala-2026-05-20
node/1754716718,Hostal Brasileiriño,,Chile,-41.8719,-73.8136919,medium,55,osm-chile-hotel-focused-choice-cala-2026-05-20
node/1754716720,Hostal Vientos Del Sur,Ancud,Chile,-41.8704591,-73.8142923,high,75,osm-chile-hotel-focused-choice-cala-2026-05-20
node/1758046341,Hotel Diego de Almagro,,Chile,-34.1665328,-70.7351226,medium,55,osm-chile-hotel-focused-choice-cala-2026-05-20
node/1763790362,Cabañas Natural Park Lodge Pucón WE CARE,Pucón,CL,-39.271699,-71.8434623,high,85,osm-chile-hotel-focused-choice-cala-2026-05-20
node/1765735611,Termas de Quitralco,,Chile,-45.6432163,-73.2103794,medium,55,osm-chile-hotel-focused-choice-cala-2026-05-20
node/1765874199,Hotel Rio Rubens,,Chile,-52.0390447,-71.9414575,medium,55,osm-chile-hotel-focused-choice-cala-2026-05-20
node/1776193110,Hostal Don Camilo,Castro,Chile,-42.4794007,-73.7676992,high,75,osm-chile-hotel-focused-choice-cala-2026-05-20
node/1776707883,Hotel Alerce Nativo,Castro,Chile,-42.4768086,-73.7654865,high,75,osm-chile-hotel-focused-choice-cala-2026-05-20
node/1777123917,Hostal Casita Española,Castro,Chile,-42.482211,-73.7666137,high,75,osm-chile-hotel-focused-choice-cala-2026-05-20
node/1777145991,Hotel Chilhué,Castro,Chile,-42.4829852,-73.7628082,high,75,osm-chile-hotel-focused-choice-cala-2026-05-20
node/1781153440,California,,Chile,-30.6527534,-71.2424371,medium,55,osm-chile-hotel-focused-choice-cala-2026-05-20
node/1781153452,El Llano,,Chile,-30.6521027,-71.2442825,medium,55,osm-chile-hotel-focused-choice-cala-2026-05-20
node/1784247509,Panoramico,,Chile,-30.6581611,-71.2666014,medium,55,osm-chile-hotel-focused-choice-cala-2026-05-20
node/1784912108,Cabañas San Gabriel,,Chile,-48.4794913,-72.5688063,medium,55,osm-chile-hotel-focused-choice-cala-2026-05-20
node/1797708974,Cabañas Playa Paraíso,,Chile,-27.1433467,-70.8839289,medium,55,osm-chile-hotel-focused-choice-cala-2026-05-20
node/1797711244,Cabañas Bahía Inglesa,,Chile,-27.1016596,-70.8529306,medium,55,osm-chile-hotel-focused-choice-cala-2026-05-20
node/1797711246,Departamento Jena,,Chile,-27.1037711,-70.8549342,medium,55,osm-chile-hotel-focused-choice-cala-2026-05-20
node/1797713298,Domo Chango,,Chile,-27.1037999,-70.8556909,medium,55,osm-chile-hotel-focused-choice-cala-2026-05-20
node/1797715579,Hostal Mar de Bahia,,Chile,-27.1027277,-70.8564255,medium,55,osm-chile-hotel-focused-choice-cala-2026-05-20
node/1797715580,Marsella,,Chile,-27.1021666,-70.8582175,medium,55,osm-chile-hotel-focused-choice-cala-2026-05-20
node/1797715581,TerraBahia Residences,,Chile,-27.1001131,-70.8581154,medium,55,osm-chile-hotel-focused-choice-cala-2026-05-20
node/1797721807,Nautel,,Chile,-27.104029,-70.8547306,medium,55,osm-chile-hotel-focused-choice-cala-2026-05-20
node/1797721820,El Coral de Bahía,,Chile,-27.1040051,-70.8551974,medium,60,osm-chile-hotel-focused-choice-cala-2026-05-20
node/1797749481,Hotel Español,,Chile,-34.5879111,-70.9842425,medium,60,osm-chile-hotel-focused-choice-cala-2026-05-20
node/1811824271,Cabañas Los Robles,,Chile,-39.6301716,-72.3209956,medium,55,osm-chile-hotel-focused-choice-cala-2026-05-20
node/1822988319,Holet Limarí,,Chile,-30.5960337,-71.152337,medium,55,osm-chile-hotel-focused-choice-cala-2026-05-20
node/1828086663,Hotel Surazo,,Chile,-33.9618622,-71.8747946,medium,55,osm-chile-hotel-focused-choice-cala-2026-05-20
node/1829528641,Backpacker's Paradise,Punta Arenas,Chile,-53.1606742,-70.900267,high,100,osm-chile-hotel-focused-choice-cala-2026-05-20
node/1829528668,Hostal Ventisqueros,Punta Arenas,CL,-53.1611569,-70.9009968,high,90,osm-chile-hotel-focused-choice-cala-2026-05-20
node/1835333762,Cabañas Don Enrique,,Chile,-33.409501,-71.6937583,medium,55,osm-chile-hotel-focused-choice-cala-2026-05-20
node/1841288592,Tourist Apt.,,Chile,-33.439502,-70.6409344,medium,60,osm-chile-hotel-focused-choice-cala-2026-05-20
node/1841288599,Hotel Lastarria Boutique,,Chile,-33.4372832,-70.6387272,high,85,osm-chile-hotel-focused-choice-cala-2026-05-20
node/1841288600,Poker,,Chile,-33.4392517,-70.6418998,medium,55,osm-chile-hotel-focused-choice-cala-2026-05-20
node/1841297385,Cerro Urbano Departamentos,,Chile,-33.4380476,-70.6447695,medium,60,osm-chile-hotel-focused-choice-cala-2026-05-20
node/1841297386,Midas Siute Rental,,Chile,-33.4380612,-70.6446408,medium,60,osm-chile-hotel-focused-choice-cala-2026-05-20
node/1841297388,Costa Bellas Artes,,Chile,-33.4388746,-70.6449863,medium,55,osm-chile-hotel-focused-choice-cala-2026-05-20
node/1841297389,Hotel Ciudad de Vitoria,,Chile,-33.4365018,-70.6449247,medium,55,osm-chile-hotel-focused-choice-cala-2026-05-20
node/1841297391,Apart Hotel Boutique Bellas Artes,,Chile,-33.4376912,-70.644066,medium,55,osm-chile-hotel-focused-choice-cala-2026-05-20
node/1841297392,Santiago Suite Apartments,,Chile,-33.4380388,-70.6445442,medium,60,osm-chile-hotel-focused-choice-cala-2026-05-20
node/1841297393,Plaza Suite,,Chile,-33.4389263,-70.6450828,medium,60,osm-chile-hotel-focused-choice-cala-2026-05-20
node/1841300602,Apart Hotel Torre Tagle,,Chile,-33.4392262,-70.645056,medium,60,osm-chile-hotel-focused-choice-cala-2026-05-20
node/1841310713,Hotel Altiplanico,Santiago,Chile,-33.435641,-70.6448884,high,75,osm-chile-hotel-focused-choice-cala-2026-05-20
node/1841317945,Hotel Oveja Negra,,Chile,-33.4340871,-70.6385306,medium,55,osm-chile-hotel-focused-choice-cala-2026-05-20
node/1846880937,Hostal Almendral,,Chile,-32.751222,-70.6992766,medium,65,osm-chile-hotel-focused-choice-cala-2026-05-20
node/1855179894,Hotel Peulla,,Chile,-41.086484,-72.0207155,medium,55,osm-chile-hotel-focused-choice-cala-2026-05-20
node/1875430862,Cabañas Tierra Verde Carelmapu,,Chile,-41.7501387,-73.7064441,medium,55,osm-chile-hotel-focused-choice-cala-2026-05-20
node/1886849849,Las Encinas,,Chile,-41.2136477,-73.0351492,medium,55,osm-chile-hotel-focused-choice-cala-2026-05-20
node/1886849850,Luna Sur,,Chile,-41.2133088,-73.0352775,medium,55,osm-chile-hotel-focused-choice-cala-2026-05-20
node/1887443706,Puerto Chico,Puerto Varas,CL,-41.3288181,-72.9608458,high,75,osm-chile-hotel-focused-choice-cala-2026-05-20
node/1910018229,Hotel Aguila Real,,Chile,-34.1689386,-70.7490361,medium,55,osm-chile-hotel-focused-choice-cala-2026-05-20
node/1910018236,Hotel Turismo Santiago,,Chile,-34.1691483,-70.7493808,medium,55,osm-chile-hotel-focused-choice-cala-2026-05-20
node/1915471598,Hotel Casa Solaria,Pucón,CL,-39.2734425,-71.979402,high,100,osm-chile-hotel-focused-choice-cala-2026-05-20
node/1915471697,Cabañas Oriilla del Lago,Pucón,CL,-39.2757765,-71.9791391,high,75,osm-chile-hotel-focused-choice-cala-2026-05-20
node/1915548305,Hotel Los Maitenes,Pucón,CL,-39.2762319,-71.9764231,high,75,osm-chile-hotel-focused-choice-cala-2026-05-20
node/1915548347,Hotel Oregon,Pucón,CL,-39.2751714,-71.9769561,high,75,osm-chile-hotel-focused-choice-cala-2026-05-20
node/1915548357,Hotel Patagonia,Pucón,CL,-39.2747303,-71.9771788,high,75,osm-chile-hotel-focused-choice-cala-2026-05-20
node/1915548381,Ruca Suite Hotel,Pucón,CL,-39.2757765,-71.9766525,high,75,osm-chile-hotel-focused-choice-cala-2026-05-20
node/1918796920,Cabañas Don Gaspar,Valdivia,Chile,-39.8148757,-73.2584426,high,75,osm-chile-hotel-focused-choice-cala-2026-05-20
node/1921893229,La dolce Vitta,Pucón,CL,-39.2881933,-71.9950818,high,75,osm-chile-hotel-focused-choice-cala-2026-05-20
node/1921893251,Cabañas Almoni del Lago,,Chile,-39.2894318,-71.999254,medium,55,osm-chile-hotel-focused-choice-cala-2026-05-20
node/1921893257,Los Volcanes - Apart Hotel,Pucón,CL,-39.2904745,-72.0010884,high,75,osm-chile-hotel-focused-choice-cala-2026-05-20
node/1921893261,Magma Lodge,Pucón,CL,-39.2917988,-72.005577,high,75,osm-chile-hotel-focused-choice-cala-2026-05-20
node/1922776153,San Martin,Antofagasta,CL,-23.6457097,-70.3965546,high,85,osm-chile-hotel-focused-choice-cala-2026-05-20
node/1923693975,Admiral,,Chile,-33.3975073,-70.6225444,medium,55,osm-chile-hotel-focused-choice-cala-2026-05-20
node/1924397940,Apart Hotel Puerto Varas,Antofagasta,CL,-23.6526068,-70.3980265,high,75,osm-chile-hotel-focused-choice-cala-2026-05-20
node/1925293770,Campo Lindo,,Chile,-37.9951268,-72.4286828,medium,60,osm-chile-hotel-focused-choice-cala-2026-05-20
node/1929151311,Hotel Tricahue,Pucón,CL,-39.2872257,-71.9435422,high,75,osm-chile-hotel-focused-choice-cala-2026-05-20
node/1941892171,Arica Surfhouse Hostel,Arica,CL,-18.4788373,-70.31428,high,75,osm-chile-hotel-focused-choice-cala-2026-05-20
node/1941892184,Hostel Colonial,,Chile,-18.4785478,-70.3144101,medium,55,osm-chile-hotel-focused-choice-cala-2026-05-20
node/1941892196,Lamas Hostel,,Chile,-18.4829791,-70.3162108,medium,55,osm-chile-hotel-focused-choice-cala-2026-05-20
node/1941892199,Sunny Days,,Chile,-18.4687497,-70.304962,high,70,osm-chile-hotel-focused-choice-cala-2026-05-20
node/1942847886,Hotel Las Colinas de Cuncumen,,Chile,-33.7524795,-71.4522776,medium,55,osm-chile-hotel-focused-choice-cala-2026-05-20
node/1944727928,Hostal Casa Blanca,,Chile,-20.2144913,-70.1543733,medium,55,osm-chile-hotel-focused-choice-cala-2026-05-20
node/1944756030,Backpacker's Hostel Iquique,,Chile,-20.2279596,-70.147314,medium,55,osm-chile-hotel-focused-choice-cala-2026-05-20
node/1944848539,Hostel Vergara,,Chile,-29.9103693,-71.2492001,medium,55,osm-chile-hotel-focused-choice-cala-2026-05-20
node/1946851552,Hotel Victoria,,Chile,-33.4469096,-70.6326534,medium,55,osm-chile-hotel-focused-choice-cala-2026-05-20
node/1946864500,Pewma,,Chile,-40.1296729,-72.3943755,medium,55,osm-chile-hotel-focused-choice-cala-2026-05-20
node/1949641649,Hotel Vegas,,Chile,-33.444424,-70.648507,high,85,osm-chile-hotel-focused-choice-cala-2026-05-20
node/1961118905,Parina Atacama,,Chile,-22.9152605,-68.1973448,high,70,osm-chile-hotel-focused-choice-cala-2026-05-20
node/1961560940,Hostal Quinta Adela,San Pedro de Atacama,CL,-22.915329,-68.1993843,high,100,osm-chile-hotel-focused-choice-cala-2026-05-20
node/1961560942,Terracota,,Chile,-22.914029,-68.2005389,medium,55,osm-chile-hotel-focused-choice-cala-2026-05-20
node/1963764931,Hotel Francia,,Chile,-37.1256855,-72.0078444,medium,55,osm-chile-hotel-focused-choice-cala-2026-05-20
node/1969257890,Hospedaje Chena,,Chile,-34.2891981,-71.3077314,medium,55,osm-chile-hotel-focused-choice-cala-2026-05-20
node/1973168014,Hotel Oasis de Atacama,,Chile,-27.3702381,-70.3281185,medium,60,osm-chile-hotel-focused-choice-cala-2026-05-20
node/1973168020,Hotel Jardines de Atacama,,Chile,-27.3692972,-70.3273112,medium,60,osm-chile-hotel-focused-choice-cala-2026-05-20
node/1974429972,Hostal Rio Amazonas,,Chile,-33.4398004,-70.6345993,medium,55,osm-chile-hotel-focused-choice-cala-2026-05-20
node/1983441597,Hotel Riviera,,Chile,-33.4413211,-70.645255,medium,55,osm-chile-hotel-focused-choice-cala-2026-05-20
node/1983803772,EpuPewen Turismo Sostenible,,Chile,-38.4364252,-71.8888134,medium,55,osm-chile-hotel-focused-choice-cala-2026-05-20
node/1990541528,Villa Kunterbunt,Valparaíso,CL,-33.031152,-71.638147,high,100,osm-chile-hotel-focused-choice-cala-2026-05-20
node/2005890932,Cabañas Tulum,,Chile,-34.3930605,-72.0200777,medium,55,osm-chile-hotel-focused-choice-cala-2026-05-20
node/2010288032,Hotel Vendimia,,Chile,-34.6405464,-71.3627131,medium,55,osm-chile-hotel-focused-choice-cala-2026-05-20
node/2010290046,Hotel Casa de Campo,,Chile,-34.6298814,-71.3372844,medium,60,osm-chile-hotel-focused-choice-cala-2026-05-20
node/2033537297,Martina's House,Puerto Natales,CL,-51.7262306,-72.5105096,high,75,osm-chile-hotel-focused-choice-cala-2026-05-20
node/2037664115,Aji Hostel,Providencia,Chile,-33.4337187,-70.624609,high,100,osm-chile-hotel-focused-choice-cala-2026-05-20
node/2037664116,Hostel Atacama,Providencia,Chile,-33.4313898,-70.6216404,high,75,osm-chile-hotel-focused-choice-cala-2026-05-20
node/2050689889,Hosteria Tunkelen,Cerro Sombrero,CL,-52.7718426,-69.2864422,high,90,osm-chile-hotel-focused-choice-cala-2026-05-20
node/2051313273,Hostal del Rio,,Chile,-35.4265899,-71.6700269,medium,55,osm-chile-hotel-focused-choice-cala-2026-05-20
node/2051313278,Hotel Casino Talca,,Chile,-35.4333913,-71.6293538,medium,60,osm-chile-hotel-focused-choice-cala-2026-05-20
node/2051313284,Hotel Maea,,Chile,-35.4276219,-71.6620655,medium,60,osm-chile-hotel-focused-choice-cala-2026-05-20
node/2051313287,Marcos Gamero,,Chile,-35.427635,-71.6652022,high,85,osm-chile-hotel-focused-choice-cala-2026-05-20
node/2051313291,Hotel Napoli,,Chile,-35.4276358,-71.6625288,medium,60,osm-chile-hotel-focused-choice-cala-2026-05-20
node/2057048875,Los Castillos,,Chile,-51.72831,-72.509284,medium,60,osm-chile-hotel-focused-choice-cala-2026-05-20
node/2065452543,Hotel termas de Jahuel,,Chile,-32.6838165,-70.5945299,medium,55,osm-chile-hotel-focused-choice-cala-2026-05-20
node/2068429773,Portal Pucón,Pucón,CL,-39.2960155,-72.0134068,high,75,osm-chile-hotel-focused-choice-cala-2026-05-20
node/2068429800,Boomerang Inn,Pucón,CL,-39.2946206,-72.0105529,high,75,osm-chile-hotel-focused-choice-cala-2026-05-20
node/2068429818,Almoni,Pucón,CL,-39.3056105,-72.0539189,high,75,osm-chile-hotel-focused-choice-cala-2026-05-20
node/2068429835,Hotel Los Guayes,Pucón,CL,-39.2940054,-72.0092225,high,75,osm-chile-hotel-focused-choice-cala-2026-05-20
node/2068429841,Cabañas Los Riscos,Pucón,CL,-39.3039692,-72.0458508,high,75,osm-chile-hotel-focused-choice-cala-2026-05-20
node/2068615221,St. John,Pucón,CL,-39.3059093,-72.0525703,high,75,osm-chile-hotel-focused-choice-cala-2026-05-20
node/2068615266,Aldea La Montaña,Pucón,CL,-39.3049164,-72.0495662,high,75,osm-chile-hotel-focused-choice-cala-2026-05-20
node/2068615331,Casa Establo,Pucón,CL,-39.3054113,-72.0511111,high,75,osm-chile-hotel-focused-choice-cala-2026-05-20
node/2068615711,Cabañas Los Pinos,Pucón,CL,-39.3044715,-72.0479783,high,75,osm-chile-hotel-focused-choice-cala-2026-05-20
node/2068618916,Cabañas Loncotraro,,Chile,-39.3033723,-72.0834232,medium,60,osm-chile-hotel-focused-choice-cala-2026-05-20
node/2068618926,Cabañas El Cipres,,Chile,-39.303838,-72.0808911,medium,60,osm-chile-hotel-focused-choice-cala-2026-05-20
node/2068628374,Cabañas Oliver,,Chile,-39.3020913,-72.0928624,medium,60,osm-chile-hotel-focused-choice-cala-2026-05-20
node/2068628375,Pillantu Cabañas,,Chile,-39.301061,-72.1260134,medium,60,osm-chile-hotel-focused-choice-cala-2026-05-20
node/2068628376,Cabañas Calfurrayen,,Chile,-39.3011845,-72.0940055,medium,60,osm-chile-hotel-focused-choice-cala-2026-05-20
node/2068628377,Cabañas Tunkelen,,Chile,-39.2935146,-72.1065116,medium,60,osm-chile-hotel-focused-choice-cala-2026-05-20
node/2068628378,Cabañas Millaleufu,,Chile,-39.3014072,-72.1026085,medium,60,osm-chile-hotel-focused-choice-cala-2026-05-20
node/2068628379,Cabañas Azul del Parque,,Chile,-39.30156,-72.0941627,medium,60,osm-chile-hotel-focused-choice-cala-2026-05-20
node/2068628380,Las Cabañas de Suyay,,Chile,-39.2996679,-72.1274725,medium,60,osm-chile-hotel-focused-choice-cala-2026-05-20
node/2068628381,Cabañas Huimpalay Tray,,Chile,-39.2992967,-72.0982805,medium,60,osm-chile-hotel-focused-choice-cala-2026-05-20
node/2069809987,Cabañas,,Chile,-36.5490218,-72.9364352,medium,55,osm-chile-hotel-focused-choice-cala-2026-05-20
node/2069819098,Hotel Skorpios,,Chile,-18.4579625,-70.3022829,medium,55,osm-chile-hotel-focused-choice-cala-2026-05-20
node/2070820183,Hostal,,Chile,-38.4378702,-71.8944468,medium,55,osm-chile-hotel-focused-choice-cala-2026-05-20
node/2070820187,Hotel Turismo,,Chile,-38.4367418,-71.894734,medium,55,osm-chile-hotel-focused-choice-cala-2026-05-20
node/2070884105,Hostal el Mañihualito,,Chile,-45.1726136,-72.1466536,medium,55,osm-chile-hotel-focused-choice-cala-2026-05-20
node/2070884123,Hostal María Ester,,Chile,-45.576107,-72.0689535,medium,55,osm-chile-hotel-focused-choice-cala-2026-05-20
node/2070965775,Hostal Coloane,,Chile,-51.7312087,-72.5053028,medium,60,osm-chile-hotel-focused-choice-cala-2026-05-20
node/2071957910,Hosteria Calama,,Chile,-22.4648628,-68.9252423,medium,55,osm-chile-hotel-focused-choice-cala-2026-05-20
node/2071991225,Alfa,,Chile,-22.4626723,-68.9260625,medium,55,osm-chile-hotel-focused-choice-cala-2026-05-20
node/2071991227,El Mirador,,Chile,-22.4627113,-68.9267444,medium,55,osm-chile-hotel-focused-choice-cala-2026-05-20
node/2071991235,Casablanca,,Chile,-22.4628931,-68.9274364,medium,55,osm-chile-hotel-focused-choice-cala-2026-05-20
node/2071991237,Lican Antai,,Chile,-22.462036,-68.9249092,medium,55,osm-chile-hotel-focused-choice-cala-2026-05-20
node/2071991238,Hotel Olimpo,,Chile,-22.4640201,-68.9293831,medium,60,osm-chile-hotel-focused-choice-cala-2026-05-20
node/2071991239,Capri,,Chile,-22.4638719,-68.9242333,medium,55,osm-chile-hotel-focused-choice-cala-2026-05-20
node/2071991242,Paradise Desert,,Chile,-22.4620123,-68.9235898,medium,55,osm-chile-hotel-focused-choice-cala-2026-05-20
node/2071991244,Quitor,,Chile,-22.4618785,-68.9270979,medium,55,osm-chile-hotel-focused-choice-cala-2026-05-20
node/2072396015,Hostal Latorre,Castro,Chile,-42.4816658,-73.7613705,high,75,osm-chile-hotel-focused-choice-cala-2026-05-20
node/2077996759,Sonnia,,Chile,-38.2484136,-72.6668417,medium,60,osm-chile-hotel-focused-choice-cala-2026-05-20
node/2082246678,Tekena Inn,,Chile,-27.1492211,-109.4284124,medium,55,osm-chile-hotel-focused-choice-cala-2026-05-20
node/2082376585,Hotel El Bandido,,Chile,-20.4903783,-69.3267967,medium,55,osm-chile-hotel-focused-choice-cala-2026-05-20
node/2082376599,Hotel Camino del Inca,,Chile,-20.4901572,-69.3298652,medium,55,osm-chile-hotel-focused-choice-cala-2026-05-20
node/2082376601,Hosteria O'Higgins,,Chile,-20.4915823,-69.3301736,medium,55,osm-chile-hotel-focused-choice-cala-2026-05-20
node/2082376613,Agua Santa,,Chile,-20.4956645,-69.3358197,medium,55,osm-chile-hotel-focused-choice-cala-2026-05-20
node/2082376620,Hostal La Tuna,,Chile,-20.4904464,-69.3275611,medium,55,osm-chile-hotel-focused-choice-cala-2026-05-20
node/2082376622,Rina,,Chile,-20.4895729,-69.3255479,medium,55,osm-chile-hotel-focused-choice-cala-2026-05-20
node/2082390025,Cabañas Doña Tato,,Chile,-20.4838433,-69.3163066,medium,55,osm-chile-hotel-focused-choice-cala-2026-05-20
node/2082390131,El Tambo,,Chile,-20.4848989,-69.3180125,medium,55,osm-chile-hotel-focused-choice-cala-2026-05-20
node/2082390184,Cafe Suizo,,Chile,-20.4851188,-69.3193476,medium,55,osm-chile-hotel-focused-choice-cala-2026-05-20
node/2083786392,Hotel Diego de Almagro,Temuco,CL,-38.7347301,-72.5907347,high,75,osm-chile-hotel-focused-choice-cala-2026-05-20
node/2087239190,Casazul,Viña del Mar,CL,-33.03575,-71.5323204,high,75,osm-chile-hotel-focused-choice-cala-2026-05-20
node/2090015197,Cabañas Hunter,Villarrica,CL,-39.2862171,-72.2235913,high,75,osm-chile-hotel-focused-choice-cala-2026-05-20
node/2092910651,Motel Los Troncos,,Chile,-34.6420485,-70.9891784,medium,55,osm-chile-hotel-focused-choice-cala-2026-05-20
node/2092917978,Cabañas Los pinos,,Chile,-35.1572013,-71.3794001,medium,55,osm-chile-hotel-focused-choice-cala-2026-05-20
node/2094225277,Hotel Traiguén,,Chile,-38.2502573,-72.667937,medium,55,osm-chile-hotel-focused-choice-cala-2026-05-20
node/2094242636,Hotel Kolping,Villarrica,CL,-39.2751459,-72.2364048,high,75,osm-chile-hotel-focused-choice-cala-2026-05-20
node/2094255556,Hotel Olimpo,,Chile,-34.4083323,-70.8610714,medium,55,osm-chile-hotel-focused-choice-cala-2026-05-20
node/2095766907,Hostal Las Luces,,Chile,-29.9087604,-71.2538654,medium,55,osm-chile-hotel-focused-choice-cala-2026-05-20
node/2095769736,Hotel Blest Gana,,Chile,-33.0279331,-71.5482503,medium,60,osm-chile-hotel-focused-choice-cala-2026-05-20
node/2098264030,Hospedaje El Padrino,,Chile,-54.9328136,-67.596454,medium,55,osm-chile-hotel-focused-choice-cala-2026-05-20
node/2105771192,Casa Don Esteban Hotel Rural,,Chile,-22.9244554,-68.202423,medium,55,osm-chile-hotel-focused-choice-cala-2026-05-20
node/2106971352,Oasis,,Chile,-20.2638616,-69.786805,medium,55,osm-chile-hotel-focused-choice-cala-2026-05-20
node/2106976897,Estancia,,Chile,-20.2608941,-69.7856788,medium,55,osm-chile-hotel-focused-choice-cala-2026-05-20
node/2107062425,Nativo,Calama,Chile,-22.4626518,-68.9282872,high,100,osm-chile-hotel-focused-choice-cala-2026-05-20
node/2112630433,Cabañas Rucamar,,Chile,-36.136556,-72.799053,medium,55,osm-chile-hotel-focused-choice-cala-2026-05-20
node/2112897374,Hotel Londres,,Chile,-31.6321309,-71.163339,medium,60,osm-chile-hotel-focused-choice-cala-2026-05-20
node/2116030293,Hostal Gladys,,Chile,-45.568596,-72.065628,high,85,osm-chile-hotel-focused-choice-cala-2026-05-20
node/2116884327,Residencial Auco,,Chile,-31.6325265,-71.1672065,medium,55,osm-chile-hotel-focused-choice-cala-2026-05-20
node/2116884329,Domingo Ortiz de Rosas,Illapel,Chile,-31.6311337,-71.165407,high,75,osm-chile-hotel-focused-choice-cala-2026-05-20
node/2117961783,Puerto Caliche,,Chile,-22.08416,-70.1936219,medium,55,osm-chile-hotel-focused-choice-cala-2026-05-20
node/2120121754,Hotel La Casona,Copiapo,Chile,-27.3629709,-70.3388572,high,75,osm-chile-hotel-focused-choice-cala-2026-05-20
node/2121904091,El Patio,,Chile,-28.7599774,-70.4858811,medium,55,osm-chile-hotel-focused-choice-cala-2026-05-20
node/2125018339,El Huairavo,,Chile,-39.8693889,-73.3993101,medium,55,osm-chile-hotel-focused-choice-cala-2026-05-20
node/2129132396,Altamar,,Chile,-32.658082,-71.442804,medium,55,osm-chile-hotel-focused-choice-cala-2026-05-20
node/2132439240,Assai,,Chile,-32.6760564,-71.4413555,medium,55,osm-chile-hotel-focused-choice-cala-2026-05-20
node/2132439245,Cabañas Lomas del Alto,,Chile,-32.6778378,-71.4372099,medium,55,osm-chile-hotel-focused-choice-cala-2026-05-20
node/2133252542,Aleros Del Lago,Puerto Varas,CL,-41.3221552,-72.9780476,high,85,osm-chile-hotel-focused-choice-cala-2026-05-20
node/2136814084,Suizandina,,Chile,-38.4614774,-71.6159461,medium,55,osm-chile-hotel-focused-choice-cala-2026-05-20
node/2136817595,Zapato Amarillo,Puerto Octay,CL,-40.951064,-72.8841755,high,100,osm-chile-hotel-focused-choice-cala-2026-05-20
node/2139548715,Camino del Inca,,Chile,-22.9095997,-68.2018124,medium,55,osm-chile-hotel-focused-choice-cala-2026-05-20
node/2142645047,Hotel Turístico,,Chile,-38.4546683,-71.3689337,medium,55,osm-chile-hotel-focused-choice-cala-2026-05-20
node/2142650711,Hostería Juancho,,Chile,-38.4542661,-71.36964,medium,55,osm-chile-hotel-focused-choice-cala-2026-05-20
node/2142657153,Hostal Lonquimay,,Chile,-38.4529445,-71.3691275,medium,55,osm-chile-hotel-focused-choice-cala-2026-05-20
node/2142657683,Hostal Su Casa,,Chile,-38.4517283,-71.3717097,medium,55,osm-chile-hotel-focused-choice-cala-2026-05-20
node/2146565392,Residencial Aldo,,Chile,-32.7473246,-70.7246968,medium,55,osm-chile-hotel-focused-choice-cala-2026-05-20
node/2146565402,Hotel San Felipe El Real,San Felipe,Chile,-32.7511595,-70.7260966,high,75,osm-chile-hotel-focused-choice-cala-2026-05-20
node/2146565408,Palermo,,Chile,-32.7528017,-70.7279903,medium,55,osm-chile-hotel-focused-choice-cala-2026-05-20
node/2147112564,Hostería Abarzúa,,Chile,-38.4681054,-71.6983244,medium,55,osm-chile-hotel-focused-choice-cala-2026-05-20
node/2147113434,Complejo Recreativo Gendarmería,,Chile,-38.4659087,-71.6960231,medium,55,osm-chile-hotel-focused-choice-cala-2026-05-20
node/2147121159,Cabañas Los Tilos,,Chile,-38.4731692,-71.5729945,medium,55,osm-chile-hotel-focused-choice-cala-2026-05-20
node/2147126110,Bosque Río,,Chile,-38.4790004,-71.5353148,medium,55,osm-chile-hotel-focused-choice-cala-2026-05-20
node/2147126111,Cabañas Mau Tau,,Chile,-38.4362468,-71.5320704,medium,55,osm-chile-hotel-focused-choice-cala-2026-05-20
node/2147126112,Las Raices del Colorado,,Chile,-38.4398756,-71.5267875,medium,55,osm-chile-hotel-focused-choice-cala-2026-05-20
node/2147129463,Termas de Malalcahuello Thermal Resort,,Chile,-38.4923951,-71.585165,medium,55,osm-chile-hotel-focused-choice-cala-2026-05-20
node/2147869879,Bello Horizonte,,Chile,-38.9295467,-72.0495634,medium,55,osm-chile-hotel-focused-choice-cala-2026-05-20
node/2148038190,Adela y Helmut,,Chile,-38.8721603,-72.194555,medium,55,osm-chile-hotel-focused-choice-cala-2026-05-20
node/2153058972,Hotel Marie-Jeanne y David,,Chile,-18.4754918,-70.3160968,medium,55,osm-chile-hotel-focused-choice-cala-2026-05-20
node/2154430921,Hostería Catalina,,Chile,-41.9673674,-72.4766134,medium,55,osm-chile-hotel-focused-choice-cala-2026-05-20
node/2158257923,El Arca Surf House,,Chile,-34.3824025,-72.0168686,high,80,osm-chile-hotel-focused-choice-cala-2026-05-20
node/2159320857,Hotel Club Alemán,,Chile,-40.2962148,-73.0809547,medium,60,osm-chile-hotel-focused-choice-cala-2026-05-20
node/2159349211,Bilbao,Osorno,CL,-40.5749267,-73.1293704,high,75,osm-chile-hotel-focused-choice-cala-2026-05-20
node/2159349222,Hein,,Chile,-40.576771,-73.1330842,medium,55,osm-chile-hotel-focused-choice-cala-2026-05-20
node/2159349230,Bilbao Express,Osorno,CL,-40.576125,-73.1324062,high,75,osm-chile-hotel-focused-choice-cala-2026-05-20
node/2159376320,Central,,Chile,-38.016276,-73.2309215,medium,60,osm-chile-hotel-focused-choice-cala-2026-05-20
node/2159376321,Posada Santa Ana,,Chile,-38.0146958,-73.2307702,medium,60,osm-chile-hotel-focused-choice-cala-2026-05-20
node/2159394795,Hotel Licahue,,Chile,-37.9807417,-73.2458448,medium,55,osm-chile-hotel-focused-choice-cala-2026-05-20
node/2159395204,Hostería Lanalhue,,Chile,-37.9361671,-73.3246183,medium,55,osm-chile-hotel-focused-choice-cala-2026-05-20
node/2165470569,Hotel Vendimia Parador,Santa Cruz,Chile,-34.625574,-71.3799626,high,75,osm-chile-hotel-focused-choice-cala-2026-05-20
node/2165761711,Cabañas Papudo,Papudo,Chile,-32.5056854,-71.4419372,high,75,osm-chile-hotel-focused-choice-cala-2026-05-20
node/2166239290,Hostería Los Flamencos,,Chile,-53.2962258,-70.3809707,medium,60,osm-chile-hotel-focused-choice-cala-2026-05-20
node/2166239292,España,,Chile,-53.2974832,-70.3728186,medium,55,osm-chile-hotel-focused-choice-cala-2026-05-20
node/2166239295,Shinka,,Chile,-53.2982158,-70.3732155,medium,55,osm-chile-hotel-focused-choice-cala-2026-05-20
node/2166895531,Hotel Casa Real,,Chile,-33.7292783,-70.6732322,medium,55,osm-chile-hotel-focused-choice-cala-2026-05-20
node/2170348858,Hotel Torre O'Higgins,,Chile,-37.0874155,-72.563324,medium,55,osm-chile-hotel-focused-choice-cala-2026-05-20
node/2180368489,Lautaro,,Chile,-34.9887804,-71.2468195,medium,55,osm-chile-hotel-focused-choice-cala-2026-05-20
node/2182023830,Hotel Coñaripe,,Chile,-39.5676499,-72.0067817,medium,55,osm-chile-hotel-focused-choice-cala-2026-05-20
node/2184488723,Las Torres,,Chile,-33.6721482,-71.2390861,medium,55,osm-chile-hotel-focused-choice-cala-2026-05-20
node/2186747066,Hotel Indiana,,Chile,-33.4354521,-70.6563437,medium,60,osm-chile-hotel-focused-choice-cala-2026-05-20
node/2198135209,Hacienda Los Lingues,,Chile,-34.5191438,-70.8786109,medium,55,osm-chile-hotel-focused-choice-cala-2026-05-20
node/2210302735,Bahia Club Cabañas,,Chile,-30.1971125,-71.4226751,medium,55,osm-chile-hotel-focused-choice-cala-2026-05-20
node/2211615932,Surf & Climb,,Chile,-30.0642208,-71.3698064,medium,55,osm-chile-hotel-focused-choice-cala-2026-05-20
node/2258420956,Bosque Los Lleuques,,Chile,-36.8544927,-71.6439918,medium,55,osm-chile-hotel-focused-choice-cala-2026-05-20
node/2265964492,Hotel Casa Zapallar,Zapallar,Chile,-32.5546327,-71.4535658,high,75,osm-chile-hotel-focused-choice-cala-2026-05-20
node/2265964493,Hotel Isla Seca,,Chile,-32.5455856,-71.462572,medium,55,osm-chile-hotel-focused-choice-cala-2026-05-20
node/2287948287,La Valija Hostel,Valparaíso,Chile,-33.0418608,-71.6266377,high,90,osm-chile-hotel-focused-choice-cala-2026-05-20
node/2295982809,Hostal Vichuquen,,Chile,-34.8850211,-71.993837,medium,55,osm-chile-hotel-focused-choice-cala-2026-05-20
node/2296599845,Hotel Dunas,,Chile,-22.9088683,-68.2014057,medium,55,osm-chile-hotel-focused-choice-cala-2026-05-20
node/2297205147,Brescia,Parral,CL,-36.1388587,-71.8250777,high,75,osm-chile-hotel-focused-choice-cala-2026-05-20
node/2297313264,Hostal,,Chile,-41.8706338,-73.8264241,medium,60,osm-chile-hotel-focused-choice-cala-2026-05-20
node/2300338413,Motel Curimón,,Chile,-32.7846272,-70.6869903,medium,55,osm-chile-hotel-focused-choice-cala-2026-05-20
node/2301135413,Millenium House,,Chile,-33.0398204,-71.6300177,medium,55,osm-chile-hotel-focused-choice-cala-2026-05-20
node/2306706139,Hotel El Parque,,Chile,-39.2938062,-72.1944995,medium,55,osm-chile-hotel-focused-choice-cala-2026-05-20
node/2307128012,Dreams Hotel,,Chile,-45.57104,-72.0741757,high,70,osm-chile-hotel-focused-choice-cala-2026-05-20
node/2310483596,Cabañas La Gloria,,Chile,-32.2324947,-71.5076329,medium,55,osm-chile-hotel-focused-choice-cala-2026-05-20
node/2319660434,Cabañas Lafquintue,,Chile,-40.1334273,-72.3873696,medium,55,osm-chile-hotel-focused-choice-cala-2026-05-20
node/2319673102,Donde Uli,,Chile,-40.1316086,-72.3845908,medium,55,osm-chile-hotel-focused-choice-cala-2026-05-20
node/2319673108,Ruka,,Chile,-40.1316752,-72.3894859,medium,55,osm-chile-hotel-focused-choice-cala-2026-05-20
node/2320116526,Cabañas Los Hualles,,Chile,-39.5597901,-72.0107893,medium,55,osm-chile-hotel-focused-choice-cala-2026-05-20
node/2320862707,Buena Vista,,Chile,-54.9361495,-67.6052014,medium,55,osm-chile-hotel-focused-choice-cala-2026-05-20
node/2321468917,Cabañas,,Chile,-41.8703281,-73.8257137,medium,55,osm-chile-hotel-focused-choice-cala-2026-05-20
node/2321469070,Hospedaje,,Chile,-41.8704359,-73.8252175,medium,55,osm-chile-hotel-focused-choice-cala-2026-05-20
node/2321479606,Hospedaje Bellavista,,Chile,-41.8657141,-73.8299355,medium,60,osm-chile-hotel-focused-choice-cala-2026-05-20
node/2323753708,Patagonia Hostel,,Chile,-45.5768135,-72.0675932,high,75,osm-chile-hotel-focused-choice-cala-2026-05-20
node/2327316002,Happy House Hostel,,Chile,-33.4429643,-70.6625931,medium,60,osm-chile-hotel-focused-choice-cala-2026-05-20
node/2328794770,Motel,,Chile,-37.0857103,-72.5635655,medium,55,osm-chile-hotel-focused-choice-cala-2026-05-20
node/2331232152,Sol Atacama Hostel,,Chile,-22.9146662,-68.1951302,medium,60,osm-chile-hotel-focused-choice-cala-2026-05-20
node/2334012447,Residencial Arica,,Chile,-18.4791617,-70.3172264,medium,55,osm-chile-hotel-focused-choice-cala-2026-05-20
node/2334970584,Hotel Militar Coraceros,Viña del Mar,Chile,-33.011522,-71.5449053,high,75,osm-chile-hotel-focused-choice-cala-2026-05-20
node/2339062119,Cabañas Kalfapulli,,Chile,-40.6800291,-72.614207,medium,55,osm-chile-hotel-focused-choice-cala-2026-05-20
node/2343327954,Termas de Quinamavida,,Chile,-35.7954167,-71.428133,medium,55,osm-chile-hotel-focused-choice-cala-2026-05-20
node/2347303682,La Casa de Don Tomas,,Chile,-22.9156496,-68.2002822,medium,55,osm-chile-hotel-focused-choice-cala-2026-05-20
node/2352608622,Hotel Elun,Frutillar,CL,-41.146089,-73.0219597,high,75,osm-chile-hotel-focused-choice-cala-2026-05-20
node/2355440498,Maipú,,Chile,-18.4785739,-70.3160488,medium,60,osm-chile-hotel-focused-choice-cala-2026-05-20
node/2355440499,Yungay,,Chile,-18.481107,-70.3195491,medium,55,osm-chile-hotel-focused-choice-cala-2026-05-20
node/2355440500,Hotel King,,Chile,-18.4785777,-70.3189443,medium,55,osm-chile-hotel-focused-choice-cala-2026-05-20
node/2355440503,Tarapacá,Arica,Chile,-18.4784467,-70.3161615,high,75,osm-chile-hotel-focused-choice-cala-2026-05-20
node/2367453106,Memo Ruz,,Chile,-29.2464255,-71.4655809,medium,55,osm-chile-hotel-focused-choice-cala-2026-05-20
node/2379284720,Centro Vacacional Los Volcanes,,Chile,-41.1240734,-73.0422103,medium,55,osm-chile-hotel-focused-choice-cala-2026-05-20
node/2379585828,Hotel Concepción,,Chile,-36.8290583,-73.0573653,medium,55,osm-chile-hotel-focused-choice-cala-2026-05-20
node/2379653661,Lodge / Hostal Casa Chueca,,Chile,-35.4074652,-71.5907883,medium,55,osm-chile-hotel-focused-choice-cala-2026-05-20
node/2380370318,Termas El Corazón,,Chile,-32.7966997,-70.548403,medium,55,osm-chile-hotel-focused-choice-cala-2026-05-20
node/2380382309,San Francisco Lodge,,Chile,-32.757144,-70.4831795,medium,55,osm-chile-hotel-focused-choice-cala-2026-05-20
node/2382486506,Cabañas Campo Mar,,Chile,-35.8247732,-72.6044682,medium,55,osm-chile-hotel-focused-choice-cala-2026-05-20
node/2382486507,Casa de Piedra,,Chile,-35.822504,-72.600109,medium,55,osm-chile-hotel-focused-choice-cala-2026-05-20
node/2382753514,Cabañas Las Añañucas,,Chile,-29.9088375,-71.2742296,medium,55,osm-chile-hotel-focused-choice-cala-2026-05-20
node/2382755413,Hotel Club La Serena,,Chile,-29.9112562,-71.274405,medium,55,osm-chile-hotel-focused-choice-cala-2026-05-20
node/2382755418,Cabañas Norero,,Chile,-29.9101839,-71.2717322,medium,55,osm-chile-hotel-focused-choice-cala-2026-05-20
node/2382756060,Cabañas Bahia Drake,,Chile,-29.9121845,-71.2746786,medium,55,osm-chile-hotel-focused-choice-cala-2026-05-20
node/2383223769,Ruca Lodge,,Chile,-34.0687601,-71.9173885,medium,55,osm-chile-hotel-focused-choice-cala-2026-05-20
node/2386594929,Hotel Plaza Malloa,,Chile,-34.4422871,-70.9443624,medium,55,osm-chile-hotel-focused-choice-cala-2026-05-20
node/2388725180,Refugios Rukara Rayen,,Chile,-32.9859374,-71.1560391,medium,55,osm-chile-hotel-focused-choice-cala-2026-05-20
node/2390530350,Tempo Apart Hotel,,Chile,-33.4203337,-70.6100271,medium,60,osm-chile-hotel-focused-choice-cala-2026-05-20
node/2391046468,Centro Vacacional El Palomar (Caja Compensación Los Andes),,Chile,-32.7752317,-70.7987005,medium,55,osm-chile-hotel-focused-choice-cala-2026-05-20
node/2391949316,Frontera Pucón Hostel B&B,Pucón,CL,-39.2744165,-71.9809876,high,100,osm-chile-hotel-focused-choice-cala-2026-05-20
node/2398092724,Hotel Alborada,,Chile,-36.8274357,-73.0529802,medium,60,osm-chile-hotel-focused-choice-cala-2026-05-20
node/2400001890,Cabañas Termas Trancura,,Chile,-39.3395492,-71.6959338,medium,55,osm-chile-hotel-focused-choice-cala-2026-05-20
node/2401247799,Hostal Casa Paseo Atkinson,,Chile,-33.0426007,-71.6255188,medium,55,osm-chile-hotel-focused-choice-cala-2026-05-20
node/2401729498,Hotel Llanuras de Diana (Caja de Los Andes),,Chile,-51.8047276,-72.1606647,medium,60,osm-chile-hotel-focused-choice-cala-2026-05-20
node/2406876315,Termas de Coñaripe,,Chile,-39.6354439,-71.9226681,medium,55,osm-chile-hotel-focused-choice-cala-2026-05-20
node/2406877977,EcoTermas Pellaifa,,Chile,-39.632081,-71.9273137,medium,55,osm-chile-hotel-focused-choice-cala-2026-05-20
node/2406884452,Termas Malleco (ex Tolhuaca),,Chile,-38.2349448,-71.7273006,medium,55,osm-chile-hotel-focused-choice-cala-2026-05-20
node/2406891112,Casadoca,,Chile,-32.9297133,-71.5312531,medium,55,osm-chile-hotel-focused-choice-cala-2026-05-20
node/2406904747,Linda Vista,,Chile,-32.9346475,-71.5365465,medium,55,osm-chile-hotel-focused-choice-cala-2026-05-20
node/2406922598,Hippocampus,,Chile,-32.9279884,-71.5440441,medium,55,osm-chile-hotel-focused-choice-cala-2026-05-20
node/2412084304,Carlton Apart Hotel,,Chile,-33.439706,-70.645056,medium,55,osm-chile-hotel-focused-choice-cala-2026-05-20
node/2419961346,Hotel Rex,,Chile,-34.3847647,-72.0040735,medium,60,osm-chile-hotel-focused-choice-cala-2026-05-20
node/2420262496,Hotel Terraza,,Chile,-34.3848662,-72.0118182,medium,55,osm-chile-hotel-focused-choice-cala-2026-05-20
node/2420264276,Cabañas Ladera,,Chile,-34.3860598,-71.9888156,medium,55,osm-chile-hotel-focused-choice-cala-2026-05-20
node/2420266021,Haka Honu,,Chile,-34.4291466,-72.0329296,medium,55,osm-chile-hotel-focused-choice-cala-2026-05-20
node/2420273146,Cabañas Loft Pichilemu,,Chile,-34.412304,-72.0273786,medium,55,osm-chile-hotel-focused-choice-cala-2026-05-20
node/2420273147,Lomas Alto Pinar,,Chile,-34.4136131,-72.0269765,medium,55,osm-chile-hotel-focused-choice-cala-2026-05-20
node/2420273151,Lodge del Mar,,Chile,-34.4136786,-72.028493,medium,55,osm-chile-hotel-focused-choice-cala-2026-05-20
node/2424122795,Indomo Casablanca,,Chile,-33.4603213,-71.4001943,high,80,osm-chile-hotel-focused-choice-cala-2026-05-20
node/2424329362,Temuruka,Temuco,CL,-38.7331393,-72.6015189,high,85,osm-chile-hotel-focused-choice-cala-2026-05-20
node/2425960053,Hostal Forestal,,Chile,-33.4372676,-70.6373157,high,85,osm-chile-hotel-focused-choice-cala-2026-05-20
node/2425960054,Hotel Principiado de Asturias,,Chile,-33.4370124,-70.6362158,medium,55,osm-chile-hotel-focused-choice-cala-2026-05-20
node/2430620467,Hotel Viña la Playa,,Chile,-34.4504139,-71.3827723,medium,55,osm-chile-hotel-focused-choice-cala-2026-05-20
node/2430626576,Hotel Villa Trouville,,Chile,-33.5000315,-71.6272135,medium,60,osm-chile-hotel-focused-choice-cala-2026-05-20
node/2430626579,Hotel Las Cruces,,Chile,-33.4999796,-71.6236639,medium,60,osm-chile-hotel-focused-choice-cala-2026-05-20
node/2431078848,Cabañas Pintué,,Chile,-33.8485474,-70.8872502,medium,55,osm-chile-hotel-focused-choice-cala-2026-05-20
node/2431268001,Hotel Hacienda Santa Cristina,,Chile,-30.5351713,-71.4448971,medium,55,osm-chile-hotel-focused-choice-cala-2026-05-20
node/2432556968,Hostal Los Castaños,La Unión,Chile,-40.2929632,-73.078349,high,75,osm-chile-hotel-focused-choice-cala-2026-05-20
node/2432726032,La Cuncuna,,Chile,-33.0499497,-71.3522425,medium,55,osm-chile-hotel-focused-choice-cala-2026-05-20
node/2441643046,Residencial Mar y Sol,,Chile,-37.1674313,-73.1848229,medium,55,osm-chile-hotel-focused-choice-cala-2026-05-20
node/2444999253,Cabañas Blumenau,,Chile,-40.5780565,-73.1060545,medium,55,osm-chile-hotel-focused-choice-cala-2026-05-20
node/2446011080,Hostel Vermont,,Chile,-40.5775084,-73.1168329,medium,55,osm-chile-hotel-focused-choice-cala-2026-05-20
node/2454646443,Laraquete,,Chile,-37.1685681,-73.1869716,medium,55,osm-chile-hotel-focused-choice-cala-2026-05-20
node/2455508865,Hotel Boutique Ignacia Villoria,Puerto Varas,CL,-41.3189811,-72.9842263,high,75,osm-chile-hotel-focused-choice-cala-2026-05-20
node/2455523835,Casa Margouya,Puerto Varas,CL,-41.3170701,-72.983124,high,100,osm-chile-hotel-focused-choice-cala-2026-05-20
node/2463425827,Hostal El Raco,,Chile,-33.4381651,-70.6746662,medium,55,osm-chile-hotel-focused-choice-cala-2026-05-20
node/2472190040,Club de Campo Los Castaños,,Chile,-34.0238584,-70.751464,medium,55,osm-chile-hotel-focused-choice-cala-2026-05-20
node/2496280235,Stella Mar,,Chile,-29.92827,-71.27413,medium,60,osm-chile-hotel-focused-choice-cala-2026-05-20
node/2498520178,Cabañas Punta Verde,,Chile,-29.9266009,-71.2677515,medium,55,osm-chile-hotel-focused-choice-cala-2026-05-20
node/2498529139,Cabañas Valdichembra,,Chile,-29.9205522,-71.2745027,medium,55,osm-chile-hotel-focused-choice-cala-2026-05-20
node/2498531055,Cabañas Vamos al Mar,,Chile,-29.9220097,-71.2752453,medium,55,osm-chile-hotel-focused-choice-cala-2026-05-20
node/2498538868,Las Añañucas,,Chile,-29.9372748,-71.2830294,medium,55,osm-chile-hotel-focused-choice-cala-2026-05-20
node/2498540694,Cabañas Pinamar,,Chile,-29.9379965,-71.282332,medium,55,osm-chile-hotel-focused-choice-cala-2026-05-20
node/2498541185,Apart Hotel La Goleta,,Chile,-29.9428995,-71.286291,medium,60,osm-chile-hotel-focused-choice-cala-2026-05-20
node/2503344326,SUNSET HOSTAL,,CL,-34.3864994,-72.0172696,high,70,osm-chile-hotel-focused-choice-cala-2026-05-20
node/2504215582,Cabañas Borde Río,Valdivia,Chile,-39.816973,-73.2449124,high,75,osm-chile-hotel-focused-choice-cala-2026-05-20
node/2506301007,Katarpe,,Chile,-22.9110337,-68.202558,medium,55,osm-chile-hotel-focused-choice-cala-2026-05-20
node/2506301011,La Casa de Mireya,San Pedro de Atacama,CL,-22.9108237,-68.2029753,high,75,osm-chile-hotel-focused-choice-cala-2026-05-20
node/2506301016,Pachamama,,Chile,-22.9100951,-68.203279,medium,55,osm-chile-hotel-focused-choice-cala-2026-05-20
node/2507536266,Hotel Plaza Quillón,,Chile,-36.7449651,-72.4775859,medium,60,osm-chile-hotel-focused-choice-cala-2026-05-20
node/2507536267,Ruca Quillon,,Chile,-36.7289557,-72.4774786,medium,55,osm-chile-hotel-focused-choice-cala-2026-05-20
node/2507546484,BellosBosque - La Araucana,,Chile,-36.7465642,-72.4568803,medium,60,osm-chile-hotel-focused-choice-cala-2026-05-20
node/2507554761,Las Totoras,,Chile,-36.7491174,-72.4553659,medium,60,osm-chile-hotel-focused-choice-cala-2026-05-20
node/2507555526,Peninsula del Sol,,Chile,-36.7649765,-72.4410435,medium,55,osm-chile-hotel-focused-choice-cala-2026-05-20
node/2510424578,Hostería Los Queñes,,Chile,-34.9997173,-70.816952,medium,60,osm-chile-hotel-focused-choice-cala-2026-05-20
node/2513505108,Latitud 33 Sur,,Chile,-33.041767,-71.628483,high,85,osm-chile-hotel-focused-choice-cala-2026-05-20
node/2519311227,La Cabaña,,Chile,-35.0664209,-71.2986062,medium,55,osm-chile-hotel-focused-choice-cala-2026-05-20
node/2519340363,Ribera del Maule,,Chile,-35.5963051,-71.5908754,medium,55,osm-chile-hotel-focused-choice-cala-2026-05-20
node/2519344491,Euro Charles Club,,Chile,-35.5644509,-71.6956414,medium,60,osm-chile-hotel-focused-choice-cala-2026-05-20
node/2521142628,Hostería La Huerta,,Chile,-35.0904447,-71.6560323,medium,55,osm-chile-hotel-focused-choice-cala-2026-05-20
node/2524442045,Complejo Turistico El Yacal,,Chile,-35.1779808,-71.1362968,medium,55,osm-chile-hotel-focused-choice-cala-2026-05-20
node/2525846332,Cabañas Risso,Villarrica,CL,-39.2924907,-72.2201803,high,75,osm-chile-hotel-focused-choice-cala-2026-05-20
node/2528365739,Continental,,CL,-33.5425639,-70.6700438,medium,60,osm-chile-hotel-focused-choice-cala-2026-05-20
node/2529378807,Hotel Concorde,,Chile,-18.476709,-70.3182797,medium,60,osm-chile-hotel-focused-choice-cala-2026-05-20
node/2529378841,Las Palmas,,Chile,-18.4762792,-70.3188086,medium,55,osm-chile-hotel-focused-choice-cala-2026-05-20
node/2529379091,Hotel Samaña,,Chile,-18.4770639,-70.3176863,medium,60,osm-chile-hotel-focused-choice-cala-2026-05-20
node/2535006647,Hotel Salamanca,,Chile,-31.7746219,-70.9825936,medium,60,osm-chile-hotel-focused-choice-cala-2026-05-20
node/2537423805,Hotel My House,Salamanca,Chile,-31.7771151,-70.9648838,high,90,osm-chile-hotel-focused-choice-cala-2026-05-20
node/2537438972,Entre Rios,,Chile,-31.7855257,-70.9654607,medium,55,osm-chile-hotel-focused-choice-cala-2026-05-20
node/2547933593,Inca Hotel,,Chile,-32.8316464,-70.5908332,medium,60,osm-chile-hotel-focused-choice-cala-2026-05-20
node/2548390344,Hotel San Esteban,,Chile,-32.8080379,-70.5862322,medium,55,osm-chile-hotel-focused-choice-cala-2026-05-20
node/2563420198,Chili Kiwi Lakefront Hostel,Pucón,CL,-39.2771703,-71.9794981,high,85,osm-chile-hotel-focused-choice-cala-2026-05-20
node/2572372389,Nativo Lodge,,Chile,-39.4593575,-72.1932328,medium,55,osm-chile-hotel-focused-choice-cala-2026-05-20
node/2584336815,Gran Palace,Santiago,Chile,-33.4399597,-70.6533345,high,75,osm-chile-hotel-focused-choice-cala-2026-05-20
node/2584354194,Altiplanico,,Chile,-51.7036232,-72.5111733,medium,55,osm-chile-hotel-focused-choice-cala-2026-05-20
node/2590219633,Hospedaje Akainij,Puerto Williams,Chile,-54.9367988,-67.6121899,high,90,osm-chile-hotel-focused-choice-cala-2026-05-20
node/2607869943,Patagonia Camp,Torres del Paine,Chile,-51.2823592,-72.8407135,high,100,osm-chile-hotel-focused-choice-cala-2026-05-20
node/2608947686,Cabañas Las Achiras,Puerto Varas,CL,-41.317858,-72.9954634,high,75,osm-chile-hotel-focused-choice-cala-2026-05-20
node/2612199675,Hotel Lagune Club,,Chile,-41.1174629,-73.003092,medium,60,osm-chile-hotel-focused-choice-cala-2026-05-20
node/2612702102,Hotel Cienfuegos,,Chile,-33.4450788,-70.6592294,medium,55,osm-chile-hotel-focused-choice-cala-2026-05-20
node/2621665749,Hotel Alto Puerto Varas,,Chile,-41.3169879,-73.0120662,medium,55,osm-chile-hotel-focused-choice-cala-2026-05-20
node/2621728776,Turismo PaoPao,,Chile,-33.349257,-71.6473891,medium,55,osm-chile-hotel-focused-choice-cala-2026-05-20
node/2634525016,Holstal Holman,,Chile,-39.4841213,-72.1535209,medium,55,osm-chile-hotel-focused-choice-cala-2026-05-20
node/2634525021,Los Pinos,,Chile,-39.4798323,-72.16691,medium,55,osm-chile-hotel-focused-choice-cala-2026-05-20
node/2634525024,Santa Elena,,Chile,-39.4807349,-72.1661697,medium,55,osm-chile-hotel-focused-choice-cala-2026-05-20
node/2634525028,Los Coigues,,Chile,-39.479559,-72.1670495,medium,55,osm-chile-hotel-focused-choice-cala-2026-05-20
node/2634525030,El Maiten,,Chile,-39.4792522,-72.1670929,medium,55,osm-chile-hotel-focused-choice-cala-2026-05-20
node/2634525032,Don Francisco,,Chile,-39.4802049,-72.1667598,medium,55,osm-chile-hotel-focused-choice-cala-2026-05-20
node/2634581481,Alto Villarrica,,Chile,-39.3279431,-72.2240909,medium,55,osm-chile-hotel-focused-choice-cala-2026-05-20
node/2634585551,Hospedaje Los Ríos,,Chile,-39.6422661,-72.3356699,medium,55,osm-chile-hotel-focused-choice-cala-2026-05-20
node/2634590255,Ruka Rayün,,Chile,-39.5837477,-72.026043,medium,55,osm-chile-hotel-focused-choice-cala-2026-05-20
node/2635272412,Los Colonos,,Chile,-39.4864,-72.162,medium,55,osm-chile-hotel-focused-choice-cala-2026-05-20
node/2645057317,Conviento de lobos,,Chile,-34.4266251,-72.0465095,medium,55,osm-chile-hotel-focused-choice-cala-2026-05-20
node/2648932101,Departamentos del Sur,Puerto Montt,CL,-41.4663585,-72.9310527,high,75,osm-chile-hotel-focused-choice-cala-2026-05-20
node/2650094664,Chepu Adventures,,Chile,-42.0478766,-73.9689269,high,80,osm-chile-hotel-focused-choice-cala-2026-05-20
node/2651303134,Casa Valparaíso,Valparaíso,Chile,-33.0413205,-71.6276329,high,85,osm-chile-hotel-focused-choice-cala-2026-05-20
node/2657074894,Amadeus,Frutillar,CL,-41.1275035,-73.0267044,high,75,osm-chile-hotel-focused-choice-cala-2026-05-20
node/2660455243,Cabañas Doña Cristina,Puerto Varas,CL,-41.3135117,-72.9905627,high,75,osm-chile-hotel-focused-choice-cala-2026-05-20
node/2660486969,Cabañas Pini,Puerto Varas,CL,-41.3289997,-72.9605231,high,75,osm-chile-hotel-focused-choice-cala-2026-05-20
node/2660489860,Marilen,,Chile,-41.2781136,-72.7665786,medium,55,osm-chile-hotel-focused-choice-cala-2026-05-20
node/2661938279,Hotel Borde Lago,,Chile,-41.3099495,-72.9153048,medium,60,osm-chile-hotel-focused-choice-cala-2026-05-20
node/2662161491,Villa Baviera,,Chile,-36.3839317,-71.5907005,medium,55,osm-chile-hotel-focused-choice-cala-2026-05-20
node/2663428668,Cabañas Molino Viejo,,Chile,-41.2925608,-73.010186,medium,55,osm-chile-hotel-focused-choice-cala-2026-05-20
node/2663445068,Casa Molino Guest House,,Chile,-41.2847249,-72.9808198,medium,55,osm-chile-hotel-focused-choice-cala-2026-05-20
node/2667725119,Ruka,,Chile,-42.1437494,-73.4713649,medium,55,osm-chile-hotel-focused-choice-cala-2026-05-20
node/2667730453,Chiloe,,Chile,-42.1439419,-73.4740809,medium,60,osm-chile-hotel-focused-choice-cala-2026-05-20
node/2667730465,El Caleuche,,Chile,-42.1444552,-73.4722891,medium,55,osm-chile-hotel-focused-choice-cala-2026-05-20
node/2669512261,Bordesur,,Chile,-42.380869,-73.66002,medium,55,osm-chile-hotel-focused-choice-cala-2026-05-20
node/2669560582,Hospedaje,,Chile,-42.3750635,-73.6574077,medium,55,osm-chile-hotel-focused-choice-cala-2026-05-20
node/2682018281,Nomades Hotel Boutique,,Chile,-45.5654929,-72.065348,medium,60,osm-chile-hotel-focused-choice-cala-2026-05-20
node/2684271379,Los Caiquenes Hotel Boutique,,Chile,-41.3051915,-72.8727363,medium,60,osm-chile-hotel-focused-choice-cala-2026-05-20
node/2685840301,Terrazas del Lago Express,Puerto Varas,CL,-41.3276756,-72.9639853,high,75,osm-chile-hotel-focused-choice-cala-2026-05-20
node/2685847312,Lago Sur,,Chile,-41.3282365,-72.9579262,medium,55,osm-chile-hotel-focused-choice-cala-2026-05-20
node/2686786371,Hotel Parque Quilquico,,Chile,-42.4720798,-73.6971376,medium,55,osm-chile-hotel-focused-choice-cala-2026-05-20
node/2687629964,Hostal Ely,,Chile,-45.568548,-72.06532,medium,55,osm-chile-hotel-focused-choice-cala-2026-05-20
node/2687630287,Hotel San Rafael,,Chile,-45.5686561,-72.0664393,medium,55,osm-chile-hotel-focused-choice-cala-2026-05-20
node/2687630560,Hostal Licarayen,,Chile,-45.5679521,-72.0655401,medium,55,osm-chile-hotel-focused-choice-cala-2026-05-20
node/2688415817,Raíces,,Chile,-45.568748,-72.064312,medium,55,osm-chile-hotel-focused-choice-cala-2026-05-20
node/2688433419,Hotel Luis Loyola,,Chile,-45.574,-72.071968,medium,55,osm-chile-hotel-focused-choice-cala-2026-05-20
node/2690711646,Cabañas Don Mito,Malalcahuello,Chile,-38.473585,-71.5791549,high,75,osm-chile-hotel-focused-choice-cala-2026-05-20
node/2696450344,Hotel Puerto Sur,Puerto Montt,CL,-41.4728703,-72.9325125,high,75,osm-chile-hotel-focused-choice-cala-2026-05-20
node/2696478099,Hotel Torremolinos,,Chile,-41.4711905,-72.9451567,medium,55,osm-chile-hotel-focused-choice-cala-2026-05-20
node/2696480204,Cabañas Iguazú,Puerto Varas,CL,-41.3210155,-73.001432,high,75,osm-chile-hotel-focused-choice-cala-2026-05-20
node/2697259496,Cabañas,,Chile,-42.4826214,-73.7725496,medium,65,osm-chile-hotel-focused-choice-cala-2026-05-20
node/2698037310,Hostal Rencoret,,Chile,-41.316788,-73.0012482,medium,55,osm-chile-hotel-focused-choice-cala-2026-05-20
node/2698037314,Araucaria del Sur,,Chile,-41.3181417,-73.0034154,medium,55,osm-chile-hotel-focused-choice-cala-2026-05-20
node/2698040794,El Greco,Puerto Varas,CL,-41.3193292,-72.9825671,high,75,osm-chile-hotel-focused-choice-cala-2026-05-20
node/2702032636,Cabañas Inalafquen,,Chile,-41.4631628,-72.9399802,medium,55,osm-chile-hotel-focused-choice-cala-2026-05-20
node/2705827149,Cabañas Niklitschek,Puerto Varas,CL,-41.3140931,-72.9908834,high,75,osm-chile-hotel-focused-choice-cala-2026-05-20
node/2707991428,La Casa de Otto,,Chile,-44.3290215,-72.5560675,medium,55,osm-chile-hotel-focused-choice-cala-2026-05-20
node/2710126915,Doña Nury,Puyuhuapi,Chile,-44.3243253,-72.5577152,high,95,osm-chile-hotel-focused-choice-cala-2026-05-20
node/2710126919,Valentina,Puyuhuapi,Chile,-44.3247938,-72.5590341,high,95,osm-chile-hotel-focused-choice-cala-2026-05-20
node/2710126926,Hostal Aonikenk,Cisnes,Chile,-44.3258029,-72.5599145,high,95,osm-chile-hotel-focused-choice-cala-2026-05-20
node/2710126936,Hostal Augusto Grosse,Puyuhuapi,Chile,-44.3239383,-72.5566616,high,100,osm-chile-hotel-focused-choice-cala-2026-05-20
node/2710126940,Don Luis,Puyuhuapi,Chile,-44.3243683,-72.5572652,high,95,osm-chile-hotel-focused-choice-cala-2026-05-20
node/2710126950,Elizabeth,,Chile,-44.3238425,-72.5592848,medium,65,osm-chile-hotel-focused-choice-cala-2026-05-20
node/2710126955,Comuy-huapi,Puyuhuapi,Chile,-44.3254282,-72.5589921,high,100,osm-chile-hotel-focused-choice-cala-2026-05-20
node/2710151621,Restaurante y Hospedaje Ventisquero,,Chile,-44.3244967,-72.5577531,medium,55,osm-chile-hotel-focused-choice-cala-2026-05-20
node/2712410820,Hostal Alemán,Puerto Varas,CL,-41.3222452,-72.9855303,high,75,osm-chile-hotel-focused-choice-cala-2026-05-20
node/2713442485,Marily,Puyuhuapi,Chile,-44.3250008,-72.5611966,high,85,osm-chile-hotel-focused-choice-cala-2026-05-20
node/2713442488,Las Brisas,Puyuhuapi,Chile,-44.3235926,-72.5575733,high,85,osm-chile-hotel-focused-choice-cala-2026-05-20
node/2713442489,Hospedaje Las Rosas,Puyuhuapi,Chile,-44.3243241,-72.5590367,high,75,osm-chile-hotel-focused-choice-cala-2026-05-20
node/2715619450,Sueños del Sur,Puerto Varas,CL,-41.3205041,-72.9827,high,75,osm-chile-hotel-focused-choice-cala-2026-05-20
node/2718199584,Katita,,Chile,-47.2526334,-72.5767063,medium,55,osm-chile-hotel-focused-choice-cala-2026-05-20
node/2718199592,Sur Austral,,Chile,-47.2546543,-72.5770725,medium,65,osm-chile-hotel-focused-choice-cala-2026-05-20
node/2719206332,Ventanas del Lago,Puerto Varas,CL,-41.3166684,-72.9848323,high,75,osm-chile-hotel-focused-choice-cala-2026-05-20
node/2731118819,Refugio de La Guias,,Chile,-46.4980881,-73.1548367,medium,55,osm-chile-hotel-focused-choice-cala-2026-05-20
node/2731459416,Don Luis,,Chile,-46.5385712,-71.7304872,medium,55,osm-chile-hotel-focused-choice-cala-2026-05-20
node/2731459429,Hotel Austral,Chile Chico,Chile,-46.5397269,-71.7240081,high,75,osm-chile-hotel-focused-choice-cala-2026-05-20
node/2731459437,La Victoria,,Chile,-46.5386117,-71.7285942,medium,55,osm-chile-hotel-focused-choice-cala-2026-05-20
node/2731591043,La Casona,,Chile,-46.1208422,-72.0522889,medium,55,osm-chile-hotel-focused-choice-cala-2026-05-20
node/2732726160,Hospedaje Corina,,Chile,-41.4736665,-72.9562577,medium,55,osm-chile-hotel-focused-choice-cala-2026-05-20
node/2734400500,Arrebol Patagonia Hotel,,Chile,-41.3261745,-72.9481455,medium,55,osm-chile-hotel-focused-choice-cala-2026-05-20
node/2734400510,Apart Die Insel,Puerto Varas,CL,-41.3245111,-72.9494292,high,75,osm-chile-hotel-focused-choice-cala-2026-05-20
node/2734597962,Terrazas del Lago,Puerto Varas,CL,-41.3281698,-72.9615665,high,75,osm-chile-hotel-focused-choice-cala-2026-05-20
node/2737036681,Hotel Puerta del Lago,Puerto Varas,CL,-41.3196111,-72.9884032,high,75,osm-chile-hotel-focused-choice-cala-2026-05-20
node/2737708674,Cabañas Tirol,Puerto Varas,CL,-41.3141236,-72.9863747,high,75,osm-chile-hotel-focused-choice-cala-2026-05-20
node/2737708688,Hostel La Guapa,Puerto Varas,CL,-41.3151108,-72.9844492,high,100,osm-chile-hotel-focused-choice-cala-2026-05-20
node/2757566294,Aire Patagon,,Chile,-45.5747998,-72.0642817,medium,60,osm-chile-hotel-focused-choice-cala-2026-05-20
node/2757601369,Al Fin del Mundo,,Chile,-53.1638028,-70.9041064,medium,60,osm-chile-hotel-focused-choice-cala-2026-05-20
node/2763953580,Cabañas Praga,Puerto Varas,CL,-41.3159349,-72.9854955,high,85,osm-chile-hotel-focused-choice-cala-2026-05-20
node/2770245508,Hotel Frutillar,Frutillar,CL,-41.1353297,-73.0290186,high,75,osm-chile-hotel-focused-choice-cala-2026-05-20
node/2772886682,Cabaña Nativa,,Chile,-41.3891262,-73.4650188,medium,55,osm-chile-hotel-focused-choice-cala-2026-05-20
node/2774219884,Aonikenk,,Chile,-44.3255296,-72.5601427,medium,55,osm-chile-hotel-focused-choice-cala-2026-05-20
node/2774954017,Hotel Mari Mari,,Chile,-41.4630344,-73.8414953,medium,55,osm-chile-hotel-focused-choice-cala-2026-05-20
node/2776181212,Hostal Maison de la Mer,Valparaíso,Chile,-33.0500082,-71.6241385,high,100,osm-chile-hotel-focused-choice-cala-2026-05-20
node/2784354592,Hostal Etienne,,Chile,-41.2547875,-73.0043815,medium,55,osm-chile-hotel-focused-choice-cala-2026-05-20
node/2784382614,Centro Vacacional Caja Los Andes,,Chile,-41.1902706,-73.0030695,medium,55,osm-chile-hotel-focused-choice-cala-2026-05-20
node/2784390911,Mindanao,,Chile,-41.1495987,-73.0169097,medium,55,osm-chile-hotel-focused-choice-cala-2026-05-20
node/2784414790,Cabañas Oregon,Frutillar,CL,-41.139081,-73.0282469,high,75,osm-chile-hotel-focused-choice-cala-2026-05-20
node/2784414797,Valle del Tirol,Frutillar,CL,-41.1313684,-73.0295283,high,75,osm-chile-hotel-focused-choice-cala-2026-05-20
node/2784414805,Doña Isabel,Frutillar,CL,-41.1274935,-73.0564208,high,75,osm-chile-hotel-focused-choice-cala-2026-05-20
node/2784414807,Señora Erika,Frutillar,CL,-41.1277444,-73.0558307,high,75,osm-chile-hotel-focused-choice-cala-2026-05-20
node/2784414811,Wolfang Amadeus Haus,Frutillar,CL,-41.1313483,-73.0289421,high,75,osm-chile-hotel-focused-choice-cala-2026-05-20
node/2785567489,La Estancia Patagónica,Puerto Natales,Chile,-51.7279398,-72.4908887,high,85,osm-chile-hotel-focused-choice-cala-2026-05-20
node/2785578749,Samarce House,Punta Arenas,Chile,-53.1593741,-70.9131214,high,75,osm-chile-hotel-focused-choice-cala-2026-05-20
node/2786932531,Hostal Coty,,Chile,-38.0352383,-73.0726984,medium,55,osm-chile-hotel-focused-choice-cala-2026-05-20
node/2796568944,Lago Rosselot,,Chile,-43.9701493,-72.402696,medium,55,osm-chile-hotel-focused-choice-cala-2026-05-20
node/2796568945,Valle el Quinto,,Chile,-43.9735014,-72.4061969,medium,55,osm-chile-hotel-focused-choice-cala-2026-05-20
node/2796568946,Valdera,,Chile,-43.9731935,-72.4052238,medium,55,osm-chile-hotel-focused-choice-cala-2026-05-20
node/2796570029,el Abuelo,,Chile,-43.7717416,-72.9565145,medium,55,osm-chile-hotel-focused-choice-cala-2026-05-20
node/2796570030,Marisel,,Chile,-43.969426,-72.4017937,medium,55,osm-chile-hotel-focused-choice-cala-2026-05-20
node/2797188914,Hotel Puerto Valparaíso,,Chile,-33.0564632,-71.6004197,medium,55,osm-chile-hotel-focused-choice-cala-2026-05-20
node/2797810459,Hospedaje la pica del Turco,,Chile,-42.9182791,-72.712478,medium,55,osm-chile-hotel-focused-choice-cala-2026-05-20
node/2797810460,Hospedaje Doña Nora,,Chile,-42.917049,-72.7115603,medium,55,osm-chile-hotel-focused-choice-cala-2026-05-20
node/2800137457,Hostal Tante Imelda,,Chile,-41.1495744,-73.0222706,medium,55,osm-chile-hotel-focused-choice-cala-2026-05-20
node/2801208482,Hotel Germania,Puerto Varas,CL,-41.3227779,-72.9891748,high,75,osm-chile-hotel-focused-choice-cala-2026-05-20
node/2801520731,Kiel,,Chile,-41.509868,-73.007128,medium,55,osm-chile-hotel-focused-choice-cala-2026-05-20
node/2802058719,Hostal de Los Navegantes,,Chile,-41.4994572,-72.9911838,medium,55,osm-chile-hotel-focused-choice-cala-2026-05-20
node/2802060287,Cabañas Chaullin,,Chile,-41.5104821,-73.0052027,medium,55,osm-chile-hotel-focused-choice-cala-2026-05-20
node/2802066783,Los Alamos,,Chile,-41.5363135,-73.0414484,medium,55,osm-chile-hotel-focused-choice-cala-2026-05-20
node/2804426702,Don Memo,,Chile,-41.9645629,-72.4798627,medium,55,osm-chile-hotel-focused-choice-cala-2026-05-20
node/2804427701,Entre Montañas,,Chile,-41.9646866,-72.4792243,medium,55,osm-chile-hotel-focused-choice-cala-2026-05-20
node/2804429301,Rehbein,,Chile,-41.9652683,-72.4790233,medium,55,osm-chile-hotel-focused-choice-cala-2026-05-20
node/2807597451,Cinque Colori Bed & Breakfast,,Chile,-33.332801,-71.6484408,medium,55,osm-chile-hotel-focused-choice-cala-2026-05-20
node/2810189005,Cabaña Katalpi,,Chile,-41.5223712,-72.7640201,medium,55,osm-chile-hotel-focused-choice-cala-2026-05-20
node/2810189376,Cabañas Don Anibal,,Chile,-41.5892967,-72.7008701,medium,55,osm-chile-hotel-focused-choice-cala-2026-05-20
node/2810225767,Hospedaje Mañi,,Chile,-41.7597166,-72.667482,medium,55,osm-chile-hotel-focused-choice-cala-2026-05-20
node/2810225770,Hostal Reloncavi,,Chile,-41.8034139,-72.7180883,medium,55,osm-chile-hotel-focused-choice-cala-2026-05-20
node/2810226282,Hotel Hornopirén,,Chile,-41.9656334,-72.4677701,medium,55,osm-chile-hotel-focused-choice-cala-2026-05-20
node/2810226283,Cabañas Lehuan,,Chile,-41.9644084,-72.4670062,medium,55,osm-chile-hotel-focused-choice-cala-2026-05-20
node/2811394221,Residencial Kunturi,Arica,Chile,-18.4673724,-70.3044884,high,100,osm-chile-hotel-focused-choice-cala-2026-05-20
node/2812586801,Kona Tau,Hanga Roa,Chile,-27.1546808,-109.429184,high,85,osm-chile-hotel-focused-choice-cala-2026-05-20
node/2818554602,Hostal Apuwara,Combarbalá,CL,-31.1756543,-71.0021739,high,100,osm-chile-hotel-focused-choice-cala-2026-05-20
node/2818565702,Hotel Barba Lá,Combarbalá,CL,-31.1779218,-71.0015103,high,75,osm-chile-hotel-focused-choice-cala-2026-05-20
node/2818578801,Hotel Yagnam,Combarbalá,CL,-31.17724,-71.002545,high,75,osm-chile-hotel-focused-choice-cala-2026-05-20
node/2818848601,Hosteria Beltran,Combarbalá,CL,-31.178871,-70.999167,high,75,osm-chile-hotel-focused-choice-cala-2026-05-20
node/2827222554,Hospedaje Nelda,,Chile,-41.4750177,-72.950895,medium,55,osm-chile-hotel-focused-choice-cala-2026-05-20
node/2832747493,Hosteria La Baja,,Chile,-40.9953813,-72.875432,medium,55,osm-chile-hotel-focused-choice-cala-2026-05-20
node/2832749410,Cabañas Maderos,,Chile,-40.9745385,-72.8856834,medium,55,osm-chile-hotel-focused-choice-cala-2026-05-20
node/2832751040,Rincon aleman,,Chile,-41.0595313,-72.6609053,medium,55,osm-chile-hotel-focused-choice-cala-2026-05-20
node/2833840655,Hotel Quilacan,,Chile,-29.9211229,-71.2555982,medium,55,osm-chile-hotel-focused-choice-cala-2026-05-20
node/2834345301,Cabañas Inmobiliaria Chillán,,Chile,-35.8140068,-72.5732384,medium,55,osm-chile-hotel-focused-choice-cala-2026-05-20
node/2849353618,Cabañas Millar,,Chile,-41.2676073,-73.0137662,medium,55,osm-chile-hotel-focused-choice-cala-2026-05-20
node/2849353756,Cabañas Bahuenhaus,,Chile,-41.2696556,-73.0666701,medium,55,osm-chile-hotel-focused-choice-cala-2026-05-20
node/2850548468,Laguna Azul,,Chile,-34.6878939,-72.055922,medium,55,osm-chile-hotel-focused-choice-cala-2026-05-20
node/2850548469,El Chino,,Chile,-34.687828,-72.0560989,medium,55,osm-chile-hotel-focused-choice-cala-2026-05-20
node/2851772991,Backpackers San Pedro Hostel,San Pedro de Atacama,Chile,-22.9076669,-68.1969128,high,100,osm-chile-hotel-focused-choice-cala-2026-05-20
node/2863404651,Mítico Hostel,,Chile,-33.0445111,-71.626505,high,75,osm-chile-hotel-focused-choice-cala-2026-05-20
node/2875008405,Cabañas Chucao,,Chile,-41.8657973,-73.7487217,medium,55,osm-chile-hotel-focused-choice-cala-2026-05-20
node/2878708910,Playa La Virgen,,Chile,-27.3650245,-70.957228,high,70,osm-chile-hotel-focused-choice-cala-2026-05-20
node/2881141607,Hostería Espíritu Santo,,Chile,-33.0488346,-71.6224,high,75,osm-chile-hotel-focused-choice-cala-2026-05-20
node/2882367010,Canopy Lodge,,Chile,-41.1241425,-72.6153035,medium,55,osm-chile-hotel-focused-choice-cala-2026-05-20
node/2883439777,Antea Cabañas,,Chile,-41.2524356,-73.00179,high,75,osm-chile-hotel-focused-choice-cala-2026-05-20
node/2883439778,Cabañas El Cisne,,Chile,-41.252874,-73.0020558,medium,60,osm-chile-hotel-focused-choice-cala-2026-05-20
node/2884183534,Los Willow,,Chile,-31.9102362,-71.5038678,medium,60,osm-chile-hotel-focused-choice-cala-2026-05-20
node/2884571568,Cabañas Inaltulafken,,Chile,-41.3275152,-72.9511405,medium,60,osm-chile-hotel-focused-choice-cala-2026-05-20
node/2884571569,Cabañas Altué,,Chile,-41.3278737,-72.956623,medium,55,osm-chile-hotel-focused-choice-cala-2026-05-20
node/2886868603,"Pensión ""Gortari""",,Chile,-39.8493749,-71.9439674,medium,60,osm-chile-hotel-focused-choice-cala-2026-05-20
node/2888281630,Hostal Catedral,,Chile,-20.2117625,-70.1502324,medium,55,osm-chile-hotel-focused-choice-cala-2026-05-20
node/2901172170,Las Lomas de Tres Islas,,Chile,-20.3091227,-70.1358363,medium,55,osm-chile-hotel-focused-choice-cala-2026-05-20
node/2901172173,Chiloé,,Chile,-18.48293,-70.3095333,medium,55,osm-chile-hotel-focused-choice-cala-2026-05-20
node/2901172175,Pacifico,,Chile,-18.4788897,-70.3147565,medium,55,osm-chile-hotel-focused-choice-cala-2026-05-20
node/2906411207,Cabañas Buena Vista,,Chile,-41.2514363,-73.002313,medium,55,osm-chile-hotel-focused-choice-cala-2026-05-20
node/2909925148,Miradores de Panitao,,Chile,-41.5330797,-73.0497283,medium,55,osm-chile-hotel-focused-choice-cala-2026-05-20
node/2916665420,Cabañas La Vara,Puerto Montt,Chile,-41.438691,-72.9085243,high,75,osm-chile-hotel-focused-choice-cala-2026-05-20
node/2919067783,Hostal Vista Hermosa,,Chile,-41.4781144,-72.9533175,medium,55,osm-chile-hotel-focused-choice-cala-2026-05-20
node/2935655081,Manutara Hostel,Chillán,Chile,-36.6108,-72.10428,high,75,osm-chile-hotel-focused-choice-cala-2026-05-20
node/2938260524,Cabañas Correcaminos,,Chile,-33.8229974,-70.0616871,high,70,osm-chile-hotel-focused-choice-cala-2026-05-20
node/2941770001,Hospedaje Shuyen,,Chile,-38.2336311,-72.3479316,medium,55,osm-chile-hotel-focused-choice-cala-2026-05-20
node/2942343801,Hotel Costa del Mar,,Chile,-41.4744924,-72.9489466,medium,55,osm-chile-hotel-focused-choice-cala-2026-05-20
node/2942343802,Hostal La Nave,,Chile,-41.4750393,-72.9498125,medium,55,osm-chile-hotel-focused-choice-cala-2026-05-20
node/2942343806,Hotel Costa Bahía,,Chile,-41.4755307,-72.9499124,medium,55,osm-chile-hotel-focused-choice-cala-2026-05-20
node/2954762631,Hostal Patio Europeo,Providencia,Chile,-33.4430564,-70.6271444,high,90,osm-chile-hotel-focused-choice-cala-2026-05-20
node/2972321733,Posada Alemana,Castro,Chile,-42.5000182,-73.782206,high,75,osm-chile-hotel-focused-choice-cala-2026-05-20
node/2972354657,El Gringo,Castro,Chile,-42.4835616,-73.7602719,high,75,osm-chile-hotel-focused-choice-cala-2026-05-20
node/2972354665,Costa Azul,Castro,Chile,-42.4836684,-73.7603685,high,75,osm-chile-hotel-focused-choice-cala-2026-05-20
node/2972354668,Palafito Sur,,Chile,-42.4764523,-73.7610176,high,70,osm-chile-hotel-focused-choice-cala-2026-05-20
node/2972357389,Ocio Territorial Hotel y Spa,,Chile,-42.4841313,-73.7288845,medium,55,osm-chile-hotel-focused-choice-cala-2026-05-20
node/2972375094,El Ensueño,Curaco de Vélez,Chile,-42.4392409,-73.6008772,high,75,osm-chile-hotel-focused-choice-cala-2026-05-20
node/2979312200,Don Lucas,,Chile,-41.8718418,-73.8282335,medium,60,osm-chile-hotel-focused-choice-cala-2026-05-20
node/2979312202,Faros del Sur,Ancud,Chile,-41.8603106,-73.8207261,high,75,osm-chile-hotel-focused-choice-cala-2026-05-20
node/2979317914,Cabañas Costanera Norte,,Chile,-41.8610004,-73.8256953,medium,55,osm-chile-hotel-focused-choice-cala-2026-05-20
node/2979321524,Cabañas Las Golondrinas,,Chile,-41.8608065,-73.8253571,medium,55,osm-chile-hotel-focused-choice-cala-2026-05-20
node/2979710336,Arena Gruesa,,Chile,-41.8604491,-73.8226797,medium,55,osm-chile-hotel-focused-choice-cala-2026-05-20
node/2994585445,Cabañas Vista Hermosa,,Chile,-41.8607407,-73.8242848,medium,55,osm-chile-hotel-focused-choice-cala-2026-05-20
node/2995096291,Cabañas Belen,,Chile,-38.2552716,-72.3613475,medium,55,osm-chile-hotel-focused-choice-cala-2026-05-20
node/2995109570,Hostería Victoria,,Chile,-38.2339429,-72.3519759,medium,55,osm-chile-hotel-focused-choice-cala-2026-05-20
node/3000864625,Cabañas Los Ciruelillos,,Chile,-41.1487757,-73.010411,medium,55,osm-chile-hotel-focused-choice-cala-2026-05-20
node/3001069330,Cabañas Armada,,Chile,-32.9954366,-71.1870786,medium,55,osm-chile-hotel-focused-choice-cala-2026-05-20
node/3003837997,Cabañas Parque Salto del Laja,,Chile,-37.2134519,-72.3889623,medium,55,osm-chile-hotel-focused-choice-cala-2026-05-20
node/3007921480,Cabañas Huayun,,Chile,-41.3190619,-72.9491829,medium,55,osm-chile-hotel-focused-choice-cala-2026-05-20
node/3007922384,Cabañas Tierra del Fuego,,Chile,-41.2794376,-72.8677296,medium,55,osm-chile-hotel-focused-choice-cala-2026-05-20
node/3007922906,Cabañas Puerto Varas,,Chile,-41.2581808,-72.8091501,medium,55,osm-chile-hotel-focused-choice-cala-2026-05-20
node/3010333233,Cabañas Sirius,Puerto Varas,CL,-41.3296742,-72.9632768,high,75,osm-chile-hotel-focused-choice-cala-2026-05-20
node/3013121004,Hostel Maipu Street,Punta Arenas,Chile,-53.1584743,-70.8927044,high,85,osm-chile-hotel-focused-choice-cala-2026-05-20
node/3020423244,Hostal Salamandras,,Chile,-45.5840288,-72.0845313,high,80,osm-chile-hotel-focused-choice-cala-2026-05-20
node/3038374014,Inti Llanka,Iquique,Chile,-20.2158217,-70.1503957,high,75,osm-chile-hotel-focused-choice-cala-2026-05-20
node/3042061970,Hostal Central,Puerto Montt,CL,-41.4751559,-72.9517616,high,75,osm-chile-hotel-focused-choice-cala-2026-05-20
node/3042214269,Apart Hotel Frieden Lake,Puerto Varas,CL,-41.3277779,-72.9510549,high,75,osm-chile-hotel-focused-choice-cala-2026-05-20
node/3046057193,Carla Minte,Puerto Varas,CL,-41.3220342,-72.9779282,high,75,osm-chile-hotel-focused-choice-cala-2026-05-20
node/3046271634,Hostal Patiperros,Puerto Varas,CL,-41.3231848,-72.9760397,high,75,osm-chile-hotel-focused-choice-cala-2026-05-20
node/3046271649,Roller,Puerto Varas,CL,-41.3225171,-72.9778265,high,75,osm-chile-hotel-focused-choice-cala-2026-05-20
node/3051133720,Residencial Universitaria,,Chile,-33.4531055,-70.6653788,medium,55,osm-chile-hotel-focused-choice-cala-2026-05-20
node/3051150263,Motel Echaurren 316,,Chile,-33.4522142,-70.6661618,medium,60,osm-chile-hotel-focused-choice-cala-2026-05-20
node/3066198684,Alcázar,,Chile,-51.7301618,-72.4926725,medium,60,osm-chile-hotel-focused-choice-cala-2026-05-20
node/3069621781,IF Patagonia,,Chile,-51.725486,-72.5093955,medium,60,osm-chile-hotel-focused-choice-cala-2026-05-20
node/3069622684,Indigo,,Chile,-51.7269952,-72.5124466,medium,60,osm-chile-hotel-focused-choice-cala-2026-05-20
node/3069624264,Natalino,,Chile,-51.7272481,-72.5073718,medium,60,osm-chile-hotel-focused-choice-cala-2026-05-20
node/3069644321,Hostal Chorrillos,,Chile,-51.729361,-72.4964606,medium,60,osm-chile-hotel-focused-choice-cala-2026-05-20
node/3069645525,Niko's II,,Chile,-51.725182,-72.5050013,medium,60,osm-chile-hotel-focused-choice-cala-2026-05-20
node/3071326271,Hospedaje y Cabañas El Mirador,Chonchi,Chile,-42.6234402,-73.7703776,high,95,osm-chile-hotel-focused-choice-cala-2026-05-20
node/3072393974,Las Araucarias,,Chile,-34.2348166,-70.7894016,medium,60,osm-chile-hotel-focused-choice-cala-2026-05-20
node/3074114871,Cabaña del Lago Cabañas,Puerto Varas,CL,-41.3126509,-72.98003,high,85,osm-chile-hotel-focused-choice-cala-2026-05-20
node/3077566147,Ayke Hostal,,Chile,-30.1222891,-70.4953529,medium,55,osm-chile-hotel-focused-choice-cala-2026-05-20
node/3080557690,Jardines del Sur,,Chile,-41.472856,-72.9491508,medium,55,osm-chile-hotel-focused-choice-cala-2026-05-20
node/3086438892,Oasis,,Chile,-51.7248285,-72.5085829,medium,55,osm-chile-hotel-focused-choice-cala-2026-05-20
node/3089283337,Tradición Austral Bed & Breakfast,Puerto Varas,CL,-41.314406,-72.9882913,high,75,osm-chile-hotel-focused-choice-cala-2026-05-20
node/3089305080,Tres Rios Lodge,,Chile,-41.2575048,-72.589556,medium,55,osm-chile-hotel-focused-choice-cala-2026-05-20
node/3093172729,Paradise Pucón,Pucón,CL,-39.2718974,-71.9727471,high,100,osm-chile-hotel-focused-choice-cala-2026-05-20
node/3107949816,Castillo Rojo,Providencia,Chile,-33.4320572,-70.6344899,high,100,osm-chile-hotel-focused-choice-cala-2026-05-20
node/3113261011,Hotel Boutique Tierra & Vino,,Chile,-34.6387096,-71.3647357,medium,60,osm-chile-hotel-focused-choice-cala-2026-05-20
node/3113296187,Noi Blend,,Chile,-34.587988,-71.3859867,high,85,osm-chile-hotel-focused-choice-cala-2026-05-20
node/3126905091,Hostal Patagonia del Sur,Puerto Varas,CL,-41.3278919,-72.9655919,high,75,osm-chile-hotel-focused-choice-cala-2026-05-20
node/3126908957,Hostal Klein,Puerto Varas,CL,-41.3284172,-72.9658704,high,75,osm-chile-hotel-focused-choice-cala-2026-05-20
node/3131729054,Ruca,Puerto Varas,CL,-41.3213913,-72.9892414,high,75,osm-chile-hotel-focused-choice-cala-2026-05-20
node/3133632318,Hostal Biobío,Puerto Varas,CL,-41.3249958,-72.9771548,high,75,osm-chile-hotel-focused-choice-cala-2026-05-20
node/3133632319,Hotel Kalfu,Puerto Varas,CL,-41.324201,-72.9754926,high,75,osm-chile-hotel-focused-choice-cala-2026-05-20
node/3135022864,Cabañas Leblun,,Chile,-42.4784922,-73.7668896,medium,60,osm-chile-hotel-focused-choice-cala-2026-05-20
node/3137628127,Cabañas Los Yaganes,,Chile,-40.6053663,-73.0389014,medium,55,osm-chile-hotel-focused-choice-cala-2026-05-20
node/3137650237,Cabañas El Salto,,Chile,-40.6563455,-72.6537577,medium,55,osm-chile-hotel-focused-choice-cala-2026-05-20
node/3137665947,Hostal Prana,,Chile,-40.6831426,-72.5923512,medium,60,osm-chile-hotel-focused-choice-cala-2026-05-20
node/3137665950,Las Tranqueras,,Chile,-40.6832646,-72.595087,medium,55,osm-chile-hotel-focused-choice-cala-2026-05-20
node/3145723358,Cabañas Laguna Esmeralda,,Chile,-33.6483698,-71.2631959,medium,55,osm-chile-hotel-focused-choice-cala-2026-05-20
node/3147406508,Rio Maullin Lodge,,Chile,-41.3754333,-73.083456,medium,55,osm-chile-hotel-focused-choice-cala-2026-05-20
node/3150206854,Hotel Isla Bonita,,Chile,-35.4297812,-71.6559056,medium,55,osm-chile-hotel-focused-choice-cala-2026-05-20
node/3164484598,Hostal de antaño,,Chile,-33.6357891,-70.3522339,medium,55,osm-chile-hotel-focused-choice-cala-2026-05-20
node/3164487765,Hostal Santa Cruz,Santa Cruz,Chile,-34.6413097,-71.3642284,high,75,osm-chile-hotel-focused-choice-cala-2026-05-20
node/3167575261,Eco-Lodge 'El Andinista',San Pedro de Atacama,CL,-22.901905,-68.207267,high,75,osm-chile-hotel-focused-choice-cala-2026-05-20
node/3179226914,Hospedaje Edicar,,Chile,-41.4949206,-72.3102709,medium,55,osm-chile-hotel-focused-choice-cala-2026-05-20
node/3181346878,Hostel Plaza de Armas,,Chile,-33.4384662,-70.6502454,medium,55,osm-chile-hotel-focused-choice-cala-2026-05-20
node/3183797476,Hostel y Camping Las Nalcas,chaiten,Chile,-42.9147096,-72.7065414,high,85,osm-chile-hotel-focused-choice-cala-2026-05-20
node/3184128202,Hostal Tante Silvia,Temuco,CL,-38.7336156,-72.6036106,high,85,osm-chile-hotel-focused-choice-cala-2026-05-20
node/3185543461,Hospedaje Mary,,Chile,-42.9194507,-72.7061691,medium,55,osm-chile-hotel-focused-choice-cala-2026-05-20
node/3185544861,Hospedaje Nico - Cami,Chaitén,Chile,-42.9199427,-72.7083941,high,75,osm-chile-hotel-focused-choice-cala-2026-05-20
node/3185547193,Hospedaje Río Pillan,,Chile,-42.9206214,-72.7112322,medium,55,osm-chile-hotel-focused-choice-cala-2026-05-20
node/3195063151,Refugio Dickson,,Chile,-50.879431,-73.0747594,high,80,osm-chile-hotel-focused-choice-cala-2026-05-20
node/3195063391,Refugio Lag. Amarga,,Chile,-50.9732317,-72.7825837,medium,55,osm-chile-hotel-focused-choice-cala-2026-05-20
node/3195079051,Pensión estudiantil,,Chile,-33.0366262,-71.5923287,medium,55,osm-chile-hotel-focused-choice-cala-2026-05-20
node/3202469914,hotel and conference center,,Chile,-37.9043843,-73.3653863,medium,55,osm-chile-hotel-focused-choice-cala-2026-05-20
node/3202861266,Refugio Teski,,Chile,-41.1279386,-72.5320813,medium,55,osm-chile-hotel-focused-choice-cala-2026-05-20
node/3202861289,Hotel-Spa Nido de Cóndor,,Chile,-41.1253242,-72.5319852,medium,55,osm-chile-hotel-focused-choice-cala-2026-05-20
node/3206542616,Llanada Grande Lodge,,Chile,-41.8784172,-71.9104143,medium,55,osm-chile-hotel-focused-choice-cala-2026-05-20
node/3214466661,Residencial Panchita,,Chile,-44.734307,-72.682214,medium,55,osm-chile-hotel-focused-choice-cala-2026-05-20
node/3214652261,Residencial Pasarela,,Chile,-44.730121,-72.679416,medium,55,osm-chile-hotel-focused-choice-cala-2026-05-20
node/3215017261,Hostal El Gaucho,,Chile,-44.731074,-72.681155,medium,55,osm-chile-hotel-focused-choice-cala-2026-05-20
node/3218986963,Residencial Embassy,,Chile,-41.474173,-72.9484687,medium,55,osm-chile-hotel-focused-choice-cala-2026-05-20
node/3220529253,The Yellow House,,Chile,-33.0333745,-71.6315573,medium,55,osm-chile-hotel-focused-choice-cala-2026-05-20
node/3228398951,Hostal Francia,Temuco,CL,-38.7320112,-72.6077468,high,100,osm-chile-hotel-focused-choice-cala-2026-05-20
node/3234149211,Puerto Chalhuaco,,Chile,-41.3110439,-72.9021461,medium,60,osm-chile-hotel-focused-choice-cala-2026-05-20
node/3234155993,Bordemundo,,Chile,-41.3126289,-72.9349651,medium,60,osm-chile-hotel-focused-choice-cala-2026-05-20
node/3235482561,Hostal Joshiken,Punta Arenas,CL,-53.1592597,-70.9100172,high,100,osm-chile-hotel-focused-choice-cala-2026-05-20
node/3246635428,Cabañas Kela,Bahía Murta,Chile,-46.4557407,-72.6728275,high,85,osm-chile-hotel-focused-choice-cala-2026-05-20
node/3249205767,Fox Hill,,Chile,-41.2492929,-72.5849245,high,70,osm-chile-hotel-focused-choice-cala-2026-05-20
node/3250018815,Pire Mapu Cottage Bed & Breakfast,,Chile,-51.7259851,-72.4883725,high,80,osm-chile-hotel-focused-choice-cala-2026-05-20
node/3264057174,puerto hotel,,Chile,-33.0453656,-71.6203247,medium,55,osm-chile-hotel-focused-choice-cala-2026-05-20
node/3268801440,El Refugio de Caty,,Chile,-40.5818559,-73.7328196,medium,55,osm-chile-hotel-focused-choice-cala-2026-05-20
node/3268805321,Hostal Rosenberg,,Chile,-40.5876939,-73.7382055,medium,55,osm-chile-hotel-focused-choice-cala-2026-05-20
node/3281234001,Cabañas Bellavista,,Chile,-41.2275669,-72.6329247,medium,55,osm-chile-hotel-focused-choice-cala-2026-05-20
node/3286160060,Hospedaje Javiera,Puerto Montt,CL,-41.470618,-72.947924,high,85,osm-chile-hotel-focused-choice-cala-2026-05-20
node/3291833061,Don Memo,,Chile,-41.0800371,-72.6367386,medium,55,osm-chile-hotel-focused-choice-cala-2026-05-20
node/3291834720,Arriendo Cabaña de Veraneo,,Chile,-41.0794624,-72.6389789,medium,55,osm-chile-hotel-focused-choice-cala-2026-05-20
node/3291834765,Arriendo Cabaña y Alojamiento,,Chile,-41.0788437,-72.6383017,medium,55,osm-chile-hotel-focused-choice-cala-2026-05-20
node/3297920165,Doña Ester,,Chile,-47.0161618,-72.8272175,medium,55,osm-chile-hotel-focused-choice-cala-2026-05-20
node/3298523975,5mentario,,Chile,-42.3798251,-73.6537089,medium,55,osm-chile-hotel-focused-choice-cala-2026-05-20
node/3299363770,Paraíso,,Chile,-32.9979338,-71.2206344,medium,55,osm-chile-hotel-focused-choice-cala-2026-05-20
node/3303994669,Regenbogen Bungalows,,Chile,-39.6638643,-72.3288476,high,80,osm-chile-hotel-focused-choice-cala-2026-05-20
node/3304950967,Hospedaje Vista al Mar,Puerto Montt,CL,-41.4759193,-72.9567526,high,75,osm-chile-hotel-focused-choice-cala-2026-05-20
node/3306009914,Hotel Santa Rosa,Nacimiento,Chile,-37.5014459,-72.6704326,high,85,osm-chile-hotel-focused-choice-cala-2026-05-20
node/3306263759,Hotel Turimo Temuco,Temuco,CL,-38.738342,-72.5943238,high,75,osm-chile-hotel-focused-choice-cala-2026-05-20
node/3307638677,Hostal 53 Sur,Punta Arenas,Chile,-53.1644724,-70.9189213,high,75,osm-chile-hotel-focused-choice-cala-2026-05-20
node/3307643336,Hostal Torres del Paine,,Chile,-53.1662112,-70.9152993,medium,55,osm-chile-hotel-focused-choice-cala-2026-05-20
node/3307824499,Hostal de la Patagonia,Punta Arenas,Chile,-53.1608908,-70.9012818,high,75,osm-chile-hotel-focused-choice-cala-2026-05-20
node/3308814013,Hostal La Elquina,Vicuña,Chile,-30.0351872,-70.7167287,high,75,osm-chile-hotel-focused-choice-cala-2026-05-20
node/3311193995,Aji Verde Hostel,,Chile,-22.9181451,-68.1967558,high,70,osm-chile-hotel-focused-choice-cala-2026-05-20
node/3312466173,Tin House,,Chile,-51.7313027,-72.5006123,high,85,osm-chile-hotel-focused-choice-cala-2026-05-20
node/3312588678,Residencial Sol del Maule,,Chile,-33.4560617,-70.6670074,medium,60,osm-chile-hotel-focused-choice-cala-2026-05-20
node/3335276464,Hostal Atacama North,,Chile,-22.9111867,-68.1944843,medium,55,osm-chile-hotel-focused-choice-cala-2026-05-20
node/3335290904,Hostal Mamatierra,San Pedro de Atacama,Chile,-22.9144869,-68.1959128,high,90,osm-chile-hotel-focused-choice-cala-2026-05-20
node/3342960948,Hotel Almahue,,Chile,-34.4392296,-71.287434,medium,55,osm-chile-hotel-focused-choice-cala-2026-05-20
node/3350714493,Residencial Tia Herminda,,Chile,-35.3378634,-72.4071582,medium,55,osm-chile-hotel-focused-choice-cala-2026-05-20
node/3353092904,Parador Vichuquén,,Chile,-34.8838317,-71.9940126,medium,60,osm-chile-hotel-focused-choice-cala-2026-05-20
node/3354338486,Hostal Lalck cketi,San Pedro de Atacama,Chile,-22.9138737,-68.1927396,high,75,osm-chile-hotel-focused-choice-cala-2026-05-20
node/3363005164,Hotel Belisario Jara,Coyhaique,Chile,-45.5735746,-72.0656204,high,100,osm-chile-hotel-focused-choice-cala-2026-05-20
node/3364728459,Hosteria Pehoé,Torres del Paine,Chile,-51.0937429,-72.9863098,high,90,osm-chile-hotel-focused-choice-cala-2026-05-20
node/3364728461,Hostal Bellavista,,Chile,-51.7268453,-72.4979938,medium,55,osm-chile-hotel-focused-choice-cala-2026-05-20
node/3364728462,Amerindia,,Chile,-51.726571,-72.5108242,medium,55,osm-chile-hotel-focused-choice-cala-2026-05-20
node/3364730538,Hospedaje Mate Amargo,,Chile,-51.2558075,-72.3407781,medium,55,osm-chile-hotel-focused-choice-cala-2026-05-20
node/3366250654,Hosteria de la Patagonia-,,Chile,-46.5421215,-71.7141579,medium,60,osm-chile-hotel-focused-choice-cala-2026-05-20
node/3366310284,Cabañas y Hospedaje Grizzly,,Chile,-43.0118215,-72.4899444,medium,55,osm-chile-hotel-focused-choice-cala-2026-05-20
node/3370808293,ParisLondres,,Chile,-33.4447188,-70.6483239,medium,55,osm-chile-hotel-focused-choice-cala-2026-05-20
node/3370832893,Hotel Paris,Santiago,Chile,-33.444477,-70.647608,high,75,osm-chile-hotel-focused-choice-cala-2026-05-20
node/3371046193,Oshostel,,Chile,-33.4370874,-70.6412293,medium,60,osm-chile-hotel-focused-choice-cala-2026-05-20
node/3372357344,Hospeda Canito,,Chile,-51.7298446,-72.4974129,medium,55,osm-chile-hotel-focused-choice-cala-2026-05-20
node/3375760638,Brisas del Maipo,,Chile,-33.6459778,-71.6063661,medium,55,osm-chile-hotel-focused-choice-cala-2026-05-20
node/3378805583,Cabañas Morerava,,Chile,-27.1354712,-109.4150064,medium,55,osm-chile-hotel-focused-choice-cala-2026-05-20
node/3379026610,Antigua Casona,Futaleufú,Chile,-43.1855968,-71.8657058,high,90,osm-chile-hotel-focused-choice-cala-2026-05-20
node/3381417070,Hostal,,Chile,-33.0497875,-71.6261028,medium,55,osm-chile-hotel-focused-choice-cala-2026-05-20
node/3383546906,Cabañas de Sebastian,,Chile,-32.9886251,-71.1811344,medium,55,osm-chile-hotel-focused-choice-cala-2026-05-20
node/3384634872,Residencial Eben Ezer,,Chile,-46.5380385,-71.7265528,medium,55,osm-chile-hotel-focused-choice-cala-2026-05-20
node/3395565265,Hostería el Pionero,,Chile,-51.2529201,-72.3558752,medium,55,osm-chile-hotel-focused-choice-cala-2026-05-20
node/3400974462,Verde Madera B&B,Ñuñoa,Chile,-33.4499173,-70.5773863,high,100,osm-chile-hotel-focused-choice-cala-2026-05-20
node/3402165614,Talca Apart Hotel,,Chile,-35.4276564,-71.6265637,medium,55,osm-chile-hotel-focused-choice-cala-2026-05-20
node/3402231074,HareSwiss Bungalows,Hanga Roa,CL,-27.1337765,-109.419413,high,100,osm-chile-hotel-focused-choice-cala-2026-05-20
node/3402822900,Ibis Hotel,Valparaíso,Chile,-33.0390592,-71.6266727,high,85,osm-chile-hotel-focused-choice-cala-2026-05-20
node/3421513443,Alto Mirador,Valparaíso,CL,-33.0496746,-71.629654,high,75,osm-chile-hotel-focused-choice-cala-2026-05-20
node/3425484885,Hotel Prat,,Chile,-33.0453221,-71.6218204,medium,55,osm-chile-hotel-focused-choice-cala-2026-05-20
node/3427829193,Un Destino no turistico,,CL,-46.8583175,-72.6994689,high,75,osm-chile-hotel-focused-choice-cala-2026-05-20
node/3428815317,Lucy,,Chile,-46.6257674,-72.6766521,medium,55,osm-chile-hotel-focused-choice-cala-2026-05-20
node/3433683079,Hostal Valle Hermoso,Vicuña,Chile,-30.0339728,-70.7079268,high,75,osm-chile-hotel-focused-choice-cala-2026-05-20
node/3436996132,Hotel y Cabañas Licanantay,,Chile,-26.3487637,-70.6272936,medium,60,osm-chile-hotel-focused-choice-cala-2026-05-20
node/3439585573,Hostería Pancul,,Chile,-39.8334385,-72.8215991,medium,55,osm-chile-hotel-focused-choice-cala-2026-05-20
node/3439663715,El Quincho,,Chile,-39.1744239,-73.1713636,medium,55,osm-chile-hotel-focused-choice-cala-2026-05-20
node/3439685607,Hotel La Playa,,Chile,-39.4325222,-73.2138989,medium,55,osm-chile-hotel-focused-choice-cala-2026-05-20
node/3441443130,Elim Hostal,,Chile,-22.9139863,-68.2018911,medium,55,osm-chile-hotel-focused-choice-cala-2026-05-20
node/3446981254,"El Fogón del Turista Cabañas, Hostal y Asados",,Chile,-38.2565727,-71.7504995,medium,55,osm-chile-hotel-focused-choice-cala-2026-05-20
node/3467817304,Cabañas Mandala,,Chile,-41.4313342,-73.0347799,medium,55,osm-chile-hotel-focused-choice-cala-2026-05-20
node/3467824164,Lodge Nevados de Sollipulli,,Chile,-38.9217573,-71.4848903,medium,65,osm-chile-hotel-focused-choice-cala-2026-05-20
node/3470239560,Hostal Inalcar,,Chile,-40.538331,-73.7132019,medium,55,osm-chile-hotel-focused-choice-cala-2026-05-20
node/3477446067,Turismo Campestre Mapucon,Curarrehue,Chile,-39.3081612,-71.4419341,high,95,osm-chile-hotel-focused-choice-cala-2026-05-20
node/3477525316,Quimei-co,,Chile,-39.3078929,-71.4461453,medium,65,osm-chile-hotel-focused-choice-cala-2026-05-20
node/3477618842,Comunidad Camilo Coñoequir,,Chile,-39.3999378,-71.5477481,medium,65,osm-chile-hotel-focused-choice-cala-2026-05-20
node/3479404274,Casa Sur Charming Hotel,,Chile,-33.4476046,-70.6293264,medium,60,osm-chile-hotel-focused-choice-cala-2026-05-20
node/3480189054,Cabañas Jardines Del Caburgua,,Chile,-39.2244713,-71.8177977,medium,60,osm-chile-hotel-focused-choice-cala-2026-05-20
node/3484777920,Cabañas Patagonia Lefun,,Chile,-39.3030306,-72.1274456,medium,55,osm-chile-hotel-focused-choice-cala-2026-05-20
node/3495170814,Hostal Mónica,,Chile,-39.2767388,-71.9676588,medium,55,osm-chile-hotel-focused-choice-cala-2026-05-20
node/3495892587,Cabañas el Cipres,,Chile,-41.1474334,-72.999078,medium,55,osm-chile-hotel-focused-choice-cala-2026-05-20
node/3495896462,Entre Verdes,Frutillar,CL,-41.135132,-73.0319834,high,75,osm-chile-hotel-focused-choice-cala-2026-05-20
node/3495896464,Buf Mulan,,Chile,-41.1399052,-73.0278932,medium,55,osm-chile-hotel-focused-choice-cala-2026-05-20
node/3507742336,Hospedaje Aníbal Pinto,,Chile,-41.8704959,-73.8134845,medium,60,osm-chile-hotel-focused-choice-cala-2026-05-20
node/3516830063,Hostal Mirador,,Chile,-22.911376,-68.1931991,medium,55,osm-chile-hotel-focused-choice-cala-2026-05-20
node/3522763437,Ovalle Suite,Ovalle,Chile,-30.6028466,-71.2052838,high,90,osm-chile-hotel-focused-choice-cala-2026-05-20
node/3524376348,The Singular Patagonia,,Chile,-51.6934489,-72.5326864,medium,55,osm-chile-hotel-focused-choice-cala-2026-05-20
node/3531185287,Hotel Florence Dixie,Puerto Natales,Chile,-51.7272243,-72.5021556,high,75,osm-chile-hotel-focused-choice-cala-2026-05-20
node/3532083786,Hostería Patagonia Inn,,Chile,-51.5118667,-72.5083558,medium,55,osm-chile-hotel-focused-choice-cala-2026-05-20
node/3532086053,Hotel Tres Pasos,,Chile,-51.4212286,-72.4673508,medium,55,osm-chile-hotel-focused-choice-cala-2026-05-20
node/3534069067,Hostería Lago Tyndall,,Chile,-51.2341052,-72.9746783,medium,55,osm-chile-hotel-focused-choice-cala-2026-05-20
node/3534476779,Hotel Italia,Ovalle,Chile,-30.6051632,-71.2070265,high,75,osm-chile-hotel-focused-choice-cala-2026-05-20
node/3536147468,Hostel Jardin Del Sol,,Chile,-18.4830255,-70.3155645,medium,55,osm-chile-hotel-focused-choice-cala-2026-05-20
node/3575156994,Hotel Moon,,Chile,-33.4357119,-70.6661676,medium,55,osm-chile-hotel-focused-choice-cala-2026-05-20
node/3580945593,Hostal Millantu,,Chile,-22.9115574,-68.1917842,medium,55,osm-chile-hotel-focused-choice-cala-2026-05-20
node/3589673640,Cabañas Rucamalen,,Chile,-41.2244825,-72.6101415,medium,60,osm-chile-hotel-focused-choice-cala-2026-05-20
node/3599408097,Hostal Barrio Paraíso,,Chile,-33.0422536,-71.6271003,medium,55,osm-chile-hotel-focused-choice-cala-2026-05-20
node/3599725205,Posada Los Camioneros,,Chile,-18.889419,-70.029339,medium,55,osm-chile-hotel-focused-choice-cala-2026-05-20
node/3614027084,Marina Terramar,,Chile,-34.1550042,-71.4802842,medium,55,osm-chile-hotel-focused-choice-cala-2026-05-20
node/3614028708,Hotel Marina Punta Verde,,Chile,-34.1459034,-71.4709847,medium,55,osm-chile-hotel-focused-choice-cala-2026-05-20
node/3614111708,Marina Golf Rapel,,Chile,-34.151111,-71.4536392,medium,55,osm-chile-hotel-focused-choice-cala-2026-05-20
node/3616267692,Residencial Buen Paso,,Chile,-34.3688452,-71.2608701,medium,55,osm-chile-hotel-focused-choice-cala-2026-05-20
node/3625702853,Quinta del Lago,,Chile,-41.224306,-72.738588,medium,55,osm-chile-hotel-focused-choice-cala-2026-05-20
node/3625719699,Los Arrayanes,,Chile,-41.2742535,-72.8342238,medium,55,osm-chile-hotel-focused-choice-cala-2026-05-20
node/3625974846,Hotel Americano,,Chile,-18.4796918,-70.3156995,medium,55,osm-chile-hotel-focused-choice-cala-2026-05-20
node/3643460008,Ruka Lof Michillanca,,Chile,-39.8448296,-73.3970217,medium,55,osm-chile-hotel-focused-choice-cala-2026-05-20
node/3646911664,Hotel Canaria,,Chile,-36.6038081,-72.1076355,medium,55,osm-chile-hotel-focused-choice-cala-2026-05-20
node/3646911665,Hotel Javiera Carrera,,Chile,-36.6052027,-72.105145,medium,55,osm-chile-hotel-focused-choice-cala-2026-05-20
node/3646915939,Hostal Plaza Dreves,,Chile,-38.7409085,-72.6081356,medium,55,osm-chile-hotel-focused-choice-cala-2026-05-20
node/3648056442,Cabañas Vientos del Lago,,Chile,-41.2203616,-72.6708665,medium,55,osm-chile-hotel-focused-choice-cala-2026-05-20
node/3649315127,Hostal Alfa Aldea,,Chile,-30.0267492,-70.7263917,medium,55,osm-chile-hotel-focused-choice-cala-2026-05-20
node/3649853531,Motel cabañas del cerro,,Chile,-35.4284549,-71.7062925,medium,55,osm-chile-hotel-focused-choice-cala-2026-05-20
node/3662097530,Hostal La Junta,,Chile,-40.7106815,-72.4788771,medium,60,osm-chile-hotel-focused-choice-cala-2026-05-20
node/3662117529,Cantarias Lodge Fly fishing,,Chile,-40.7207709,-72.42124,medium,55,osm-chile-hotel-focused-choice-cala-2026-05-20
node/3666492926,Hotel Boutique Casa Werner,Llanquihue,Chile,-41.2545319,-73.0076983,high,75,osm-chile-hotel-focused-choice-cala-2026-05-20
node/3667332946,Puerto Varas,Puerto Varas,CL,-41.3195538,-72.9830287,high,75,osm-chile-hotel-focused-choice-cala-2026-05-20
node/3667340164,Cabañas Dresden,Puerto Varas,CL,-41.3201593,-72.983225,high,75,osm-chile-hotel-focused-choice-cala-2026-05-20
node/3667418546,Coelemu,,Chile,-36.4902041,-72.7015119,medium,55,osm-chile-hotel-focused-choice-cala-2026-05-20
node/3668860890,Hotel CIsne de Cuello Negro,,Chile,-51.6903553,-72.5346639,medium,55,osm-chile-hotel-focused-choice-cala-2026-05-20
node/3674838897,Hotel Patagonia Insular,,Chile,-43.116514,-73.6343811,medium,55,osm-chile-hotel-focused-choice-cala-2026-05-20
node/3674858105,Cabañas Isla Grande,,Chile,-43.1384555,-73.6192186,medium,55,osm-chile-hotel-focused-choice-cala-2026-05-20
node/3680913411,Hostal Girasoles,Valparaíso,Chile,-33.0435511,-71.626733,high,75,osm-chile-hotel-focused-choice-cala-2026-05-20
node/3684326109,Hospedaje Mitchell,Frutillar,CL,-41.1220979,-73.0576311,high,100,osm-chile-hotel-focused-choice-cala-2026-05-20
node/3689326222,Agua Nativa Spa,,Chile,-41.3275342,-72.9497448,medium,60,osm-chile-hotel-focused-choice-cala-2026-05-20
node/3697606702,Cabañas Patagoniamawida,Neltume,Chile,-39.8580116,-71.9178393,high,100,osm-chile-hotel-focused-choice-cala-2026-05-20
node/3703347334,Hotel Niklitschek,,Chile,-42.4526498,-73.7731632,medium,55,osm-chile-hotel-focused-choice-cala-2026-05-20
node/3709504376,Cabañas El Bosque,,Chile,-40.2606653,-72.9547021,high,80,osm-chile-hotel-focused-choice-cala-2026-05-20
node/3710071400,Cabañas Kiñeco,,Chile,-41.4486753,-73.018539,medium,55,osm-chile-hotel-focused-choice-cala-2026-05-20
node/3720688073,French Andes,Pucón,CL,-39.2707347,-71.9700747,high,100,osm-chile-hotel-focused-choice-cala-2026-05-20
node/3722042369,Santuario Patagonia Hotel Boutique,Osorno,CL,-40.5649533,-73.1287267,high,75,osm-chile-hotel-focused-choice-cala-2026-05-20
node/3722045034,Hotel San Pedro,Osorno,CL,-40.5734426,-73.1383273,high,75,osm-chile-hotel-focused-choice-cala-2026-05-20
node/3726922712,Landay Hostel,,Chile,-33.444893,-70.664309,medium,55,osm-chile-hotel-focused-choice-cala-2026-05-20
node/3736090155,Hostería Mirador del Payne,,Chile,-51.1222489,-72.8246074,high,70,osm-chile-hotel-focused-choice-cala-2026-05-20
node/3736091605,Hostel Siete Colores,San Pedro de Atacama,Chile,-22.9154873,-68.1974568,high,75,osm-chile-hotel-focused-choice-cala-2026-05-20
node/3736169585,Cabañas Los Alamos,,Chile,-45.5747676,-72.0353138,medium,55,osm-chile-hotel-focused-choice-cala-2026-05-20
node/3739543924,Hostal Gladys,Pucón,CL,-39.2782756,-71.9704438,high,75,osm-chile-hotel-focused-choice-cala-2026-05-20
node/3739545451,Hostal Fernandez,,Chile,-39.2784252,-71.9714324,medium,55,osm-chile-hotel-focused-choice-cala-2026-05-20
node/3739546771,Hostal Willy,Pucón,CL,-39.2772729,-71.9713931,high,75,osm-chile-hotel-focused-choice-cala-2026-05-20
node/3739546773,Hostal Rayito de Sol,,Chile,-39.2758642,-71.9727332,medium,55,osm-chile-hotel-focused-choice-cala-2026-05-20
node/3739547218,Hostal Donde Egidio,Pucón,CL,-39.278809,-71.9720986,high,75,osm-chile-hotel-focused-choice-cala-2026-05-20
node/3739547219,Hostal Pucón Sur Backpackers,Pucón,CL,-39.2784433,-71.9695724,high,75,osm-chile-hotel-focused-choice-cala-2026-05-20
node/3739547392,Hostal Graciela,Pucón,CL,-39.2777853,-71.9745678,high,75,osm-chile-hotel-focused-choice-cala-2026-05-20
node/3739547394,Hostal Wohlenberg,,Chile,-39.2783635,-71.9719861,medium,55,osm-chile-hotel-focused-choice-cala-2026-05-20
node/3739757384,Eco Étnico,Pucón,CL,-39.2712632,-71.9730818,high,75,osm-chile-hotel-focused-choice-cala-2026-05-20
node/3739757387,Hostal Sofia,Pucón,CL,-39.2765292,-71.9712184,high,75,osm-chile-hotel-focused-choice-cala-2026-05-20
node/3739757504,Hostal Ruka Pichun,,Chile,-39.2789238,-71.9716783,medium,55,osm-chile-hotel-focused-choice-cala-2026-05-20
node/3739757506,Hostal Home Sweet Home,Pucón,CL,-39.2782498,-71.9692643,high,75,osm-chile-hotel-focused-choice-cala-2026-05-20
node/3739757508,Hostal La Nuez,,Chile,-39.2745632,-71.9709041,medium,55,osm-chile-hotel-focused-choice-cala-2026-05-20
node/3739757509,Cocurantu Hotel Boutique,,Chile,-39.2717658,-71.9724326,medium,55,osm-chile-hotel-focused-choice-cala-2026-05-20
node/3739757515,Hostal Alicia,,Chile,-39.2758531,-71.9692614,medium,55,osm-chile-hotel-focused-choice-cala-2026-05-20
node/3739757540,Hostal Cumbres,,Chile,-39.278657,-71.9699128,medium,55,osm-chile-hotel-focused-choice-cala-2026-05-20
node/3739757550,Hotel Vientos del Sur,,Chile,-39.2762868,-71.9712805,medium,55,osm-chile-hotel-focused-choice-cala-2026-05-20
node/3739757552,Víctor Hospedaje,,Chile,-39.2787732,-71.9708438,medium,55,osm-chile-hotel-focused-choice-cala-2026-05-20
node/3739843825,Vai Moana,,Chile,-27.143693,-109.424127,medium,55,osm-chile-hotel-focused-choice-cala-2026-05-20
node/3740474552,Jardines de Oncol,Pucón,CL,-39.2874788,-71.9426206,high,75,osm-chile-hotel-focused-choice-cala-2026-05-20
node/3740608636,Refugio Península Bed & Breakfast,Pucón,CL,-39.2740298,-71.9817905,high,75,osm-chile-hotel-focused-choice-cala-2026-05-20
node/3742003621,Reggio Hotel,,Chile,-32.8456698,-70.697669,medium,55,osm-chile-hotel-focused-choice-cala-2026-05-20
node/3743279974,Cabañas Don Raul,,Chile,-39.2768372,-71.9716551,medium,55,osm-chile-hotel-focused-choice-cala-2026-05-20
node/3743279977,Hostal Donde Germán,Pucón,CL,-39.2764657,-71.9710286,high,75,osm-chile-hotel-focused-choice-cala-2026-05-20
node/3744179728,Hostal Nomada,,Chile,-33.0451555,-71.6174817,medium,55,osm-chile-hotel-focused-choice-cala-2026-05-20
node/3744779629,Ludwig Hostal,,Chile,-33.0379324,-71.6290131,medium,55,osm-chile-hotel-focused-choice-cala-2026-05-20
node/3744814752,Hotel Ecomusic,,Chile,-33.0436575,-71.6274967,medium,55,osm-chile-hotel-focused-choice-cala-2026-05-20
node/3744814754,Casa Fischer Hostal,,Chile,-33.0411638,-71.6279061,medium,55,osm-chile-hotel-focused-choice-cala-2026-05-20
node/3744817426,Hostal Jacaranda Home,,Chile,-33.042641,-71.6275269,medium,55,osm-chile-hotel-focused-choice-cala-2026-05-20
node/3744889405,Muffin Hostel,,Chile,-33.0460785,-71.6071792,medium,60,osm-chile-hotel-focused-choice-cala-2026-05-20
node/3746108914,Hostal Voyage,,Chile,-33.0409647,-71.6293288,medium,55,osm-chile-hotel-focused-choice-cala-2026-05-20
node/3746120455,Casa Ferrari 406 Hostal Restaurant,,Chile,-33.0509975,-71.6219273,medium,55,osm-chile-hotel-focused-choice-cala-2026-05-20
node/3746121385,Destino Bellavista,Valparaíso,Chile,-33.0484164,-71.6226039,high,100,osm-chile-hotel-focused-choice-cala-2026-05-20
node/3746121387,Hostel Licanantay Backpackers,,Chile,-33.0476573,-71.6254099,medium,55,osm-chile-hotel-focused-choice-cala-2026-05-20
node/3746121522,Dinamarca Hostal,,Chile,-33.046704,-71.6266676,medium,55,osm-chile-hotel-focused-choice-cala-2026-05-20
node/3746122131,Hostal Bellavista,,Chile,-33.0483142,-71.6204016,medium,55,osm-chile-hotel-focused-choice-cala-2026-05-20
node/3746122135,Verso Hotel Poesía Restaurante,,Chile,-33.0532835,-71.6212078,medium,55,osm-chile-hotel-focused-choice-cala-2026-05-20
node/3746122143,Casa Celeste,,Chile,-33.0432883,-71.6306304,medium,55,osm-chile-hotel-focused-choice-cala-2026-05-20
node/3746122398,Decolores Hostal,,Chile,-33.0472494,-71.6284616,medium,55,osm-chile-hotel-focused-choice-cala-2026-05-20
node/3746122399,Casa Kreyenberg,,Chile,-33.0451043,-71.6313309,medium,55,osm-chile-hotel-focused-choice-cala-2026-05-20
node/3746122401,Tricahue Hostal,,Chile,-33.0424949,-71.6307756,medium,55,osm-chile-hotel-focused-choice-cala-2026-05-20
node/3746122403,Karamba,,Chile,-33.0421274,-71.6307442,medium,55,osm-chile-hotel-focused-choice-cala-2026-05-20
node/3746122404,Hotel Montealegre,Valparaíso,CL,-33.0410302,-71.6297305,high,85,osm-chile-hotel-focused-choice-cala-2026-05-20
node/3747824079,Canta'ito Hostal,,Chile,-33.0433246,-71.6266646,medium,55,osm-chile-hotel-focused-choice-cala-2026-05-20
node/3747824128,Paraíso Inn Hostal,,Chile,-33.041984,-71.6265383,medium,55,osm-chile-hotel-focused-choice-cala-2026-05-20
node/3758296238,Terrado Cavancha,,Chile,-20.2362346,-70.1467256,medium,55,osm-chile-hotel-focused-choice-cala-2026-05-20
node/3759475596,Cabaña Los Refugios,,Chile,-29.9521537,-71.2961176,medium,55,osm-chile-hotel-focused-choice-cala-2026-05-20
node/3761375091,Hotel Salzburg,Frutillar,Chile,-41.122281,-73.0209466,high,75,osm-chile-hotel-focused-choice-cala-2026-05-20
node/3761389127,Suites Cinco Robles,,Chile,-41.1202863,-73.0163248,medium,60,osm-chile-hotel-focused-choice-cala-2026-05-20
node/3762455400,Cabaña Los Pescadores,,Chile,-29.952922,-71.2975922,medium,55,osm-chile-hotel-focused-choice-cala-2026-05-20
node/3766184639,Hotel Samay,,Chile,-30.2548969,-71.5018129,medium,60,osm-chile-hotel-focused-choice-cala-2026-05-20
node/3766218187,Hosteria Tongoy,,Chile,-30.255261,-71.4939689,medium,60,osm-chile-hotel-focused-choice-cala-2026-05-20
node/3771228884,Cabañas Félix,Frutillar,CL,-41.134609,-73.0287806,high,75,osm-chile-hotel-focused-choice-cala-2026-05-20
node/3788827609,Mama Hostel,Puerto Varas,CL,-41.3245729,-72.9854281,high,75,osm-chile-hotel-focused-choice-cala-2026-05-20
node/3792092983,Hostal del Puente,Talca,Chile,-35.4266031,-71.6704027,high,90,osm-chile-hotel-focused-choice-cala-2026-05-20
node/3796317792,Hospedaje En Termas Amarillo,,Chile,-42.9969425,-72.4424106,medium,55,osm-chile-hotel-focused-choice-cala-2026-05-20
node/3796319871,Hostel La Chimba,,Chile,-33.4311725,-70.637281,high,70,osm-chile-hotel-focused-choice-cala-2026-05-20
node/3796320002,Hospedaje Fundo Violeta,,Chile,-43.6025194,-72.3398366,medium,55,osm-chile-hotel-focused-choice-cala-2026-05-20
node/3798930382,Hotel Harris,,Chile,-39.4932927,-72.1524934,medium,55,osm-chile-hotel-focused-choice-cala-2026-05-20
node/3802188683,Hotel Sol del Valle,Vicuña,Chile,-30.0337671,-70.7069455,high,75,osm-chile-hotel-focused-choice-cala-2026-05-20
node/3803018684,Hostal El Colibrí,Vicuña,Chile,-30.0339157,-70.7061814,high,75,osm-chile-hotel-focused-choice-cala-2026-05-20
node/3816379082,Latinoamericano Hostel,Valparaíso,Chile,-33.0459419,-71.6049033,high,75,osm-chile-hotel-focused-choice-cala-2026-05-20
node/3818081484,Kombi Hostel,,Chile,-33.4326811,-70.6372283,medium,55,osm-chile-hotel-focused-choice-cala-2026-05-20
node/3822155278,Hostal Abaroa,,Chile,-22.4591121,-68.9272933,medium,55,osm-chile-hotel-focused-choice-cala-2026-05-20
node/3822165245,Hostal Sonchek,,Chile,-22.910707,-68.2020496,high,70,osm-chile-hotel-focused-choice-cala-2026-05-20
node/3823536024,Cabañas Treng Treng,Chonchi,Chile,-42.623871,-73.767285,high,75,osm-chile-hotel-focused-choice-cala-2026-05-20
node/3823536159,Nido del Caminante,Valparaíso,Chile,-33.0456304,-71.6296158,high,75,osm-chile-hotel-focused-choice-cala-2026-05-20
node/3847146702,Hospedaje Centro,,Chile,-41.8741766,-71.9375471,medium,55,osm-chile-hotel-focused-choice-cala-2026-05-20
node/3847146820,El Maiten,,Chile,-41.8509509,-71.9496682,medium,55,osm-chile-hotel-focused-choice-cala-2026-05-20
node/3847146823,Hospedaje,,Chile,-41.9726525,-71.8681493,medium,55,osm-chile-hotel-focused-choice-cala-2026-05-20
node/3851482667,Lodge Tatais,San Pedro De Atacama,Chile,-22.9167734,-68.2069417,high,75,osm-chile-hotel-focused-choice-cala-2026-05-20
node/3863283933,Atajo,,Chile,-33.4361125,-70.8208787,medium,55,osm-chile-hotel-focused-choice-cala-2026-05-20
node/3864726634,Hotel 17,Valparaíso,Chile,-33.0419223,-71.6263935,high,75,osm-chile-hotel-focused-choice-cala-2026-05-20
node/3872179223,Hotel del Centro,,Chile,-37.4699642,-72.3533458,medium,55,osm-chile-hotel-focused-choice-cala-2026-05-20
node/3884274483,Hospedaje Peumayén,,Chile,-39.8492165,-71.943379,medium,55,osm-chile-hotel-focused-choice-cala-2026-05-20
node/3884275088,House of Colors,,Chile,-39.2790085,-71.9711328,medium,55,osm-chile-hotel-focused-choice-cala-2026-05-20
node/3886994687,Shangri-la Lodge,,Chile,-34.7403148,-70.8274007,medium,55,osm-chile-hotel-focused-choice-cala-2026-05-20
node/3897529579,Cabañas,,Chile,-42.9595894,-72.6220044,medium,55,osm-chile-hotel-focused-choice-cala-2026-05-20
node/3897529580,Hostel,,Chile,-41.7923328,-72.7020687,medium,55,osm-chile-hotel-focused-choice-cala-2026-05-20
node/3897530441,Hostal Mozart,,Chile,-41.5729245,-72.7242781,medium,55,osm-chile-hotel-focused-choice-cala-2026-05-20
node/3897530530,Hosteria La Frontera,,Chile,-53.3215768,-68.6609156,medium,55,osm-chile-hotel-focused-choice-cala-2026-05-20
node/3897530567,Cabañas Barlovento,,Chile,-41.2072995,-72.5388421,high,85,osm-chile-hotel-focused-choice-cala-2026-05-20
node/3897929764,Hotel Andalucía,,Chile,-18.4672147,-70.303941,medium,60,osm-chile-hotel-focused-choice-cala-2026-05-20
node/3900688946,Cabañas Rohe,,Chile,-41.4701864,-72.9731137,medium,55,osm-chile-hotel-focused-choice-cala-2026-05-20
node/3900688948,Cabañas El Ciervo,,Chile,-41.4868589,-72.9734703,medium,55,osm-chile-hotel-focused-choice-cala-2026-05-20
node/3901511036,Esquina Elquina,Vicuña,Chile,-30.0342977,-70.7148461,high,90,osm-chile-hotel-focused-choice-cala-2026-05-20
node/3918673024,Hotel & Cabañas Lago Villarrica,,Chile,-39.2802166,-72.232165,medium,55,osm-chile-hotel-focused-choice-cala-2026-05-20
node/3918719357,Cabañas Antupillan,,Chile,-39.2753712,-71.9678976,medium,55,osm-chile-hotel-focused-choice-cala-2026-05-20
node/3919289627,Los Fiordos,,Chile,-44.732597,-72.6822224,medium,55,osm-chile-hotel-focused-choice-cala-2026-05-20
node/3919293323,Cabañas Michay,,Chile,-44.7314593,-72.6792684,medium,60,osm-chile-hotel-focused-choice-cala-2026-05-20
node/3919293325,Cabañas Canto de Agua,Puerto Cisnes,Chile,-44.7334621,-72.6822389,high,75,osm-chile-hotel-focused-choice-cala-2026-05-20
node/3926932557,Hostal Callejón Massmann,Temuco,CL,-38.7338565,-72.6080878,high,100,osm-chile-hotel-focused-choice-cala-2026-05-20
node/3932104998,Hotel Mapulauquen,,Chile,-39.294225,-72.1785471,medium,55,osm-chile-hotel-focused-choice-cala-2026-05-20
node/3932174968,Sol Naciente,,Chile,-33.5447486,-71.6026922,medium,55,osm-chile-hotel-focused-choice-cala-2026-05-20
node/3932174969,La Casa del Ayer,,Chile,-33.544874,-71.6028105,medium,55,osm-chile-hotel-focused-choice-cala-2026-05-20
node/3932180951,Orianita,,Chile,-33.5424907,-71.6017159,medium,55,osm-chile-hotel-focused-choice-cala-2026-05-20
node/3932264135,San Alfonso del Mar,,Chile,-33.3491384,-71.6514339,medium,55,osm-chile-hotel-focused-choice-cala-2026-05-20
node/3934127475,Hostal W-Circuit,,Chile,-51.7267473,-72.5031975,medium,55,osm-chile-hotel-focused-choice-cala-2026-05-20
node/3934133957,Rio Tyndal,,Chile,-51.7319608,-72.4968257,medium,55,osm-chile-hotel-focused-choice-cala-2026-05-20
node/3934161260,El Cuervo,Ollagüe,Chile,-21.2261655,-68.2551955,high,75,osm-chile-hotel-focused-choice-cala-2026-05-20
node/3936302674,Hospedaje Millaray,Temuco,CL,-38.7386367,-72.594997,high,75,osm-chile-hotel-focused-choice-cala-2026-05-20
node/3936943558,Hospedaje Las Hortensias,,Chile,-36.1356909,-72.7958204,medium,55,osm-chile-hotel-focused-choice-cala-2026-05-20
node/3936966501,Hotel Palafito 1326,,Chile,-42.4830544,-73.7721722,medium,55,osm-chile-hotel-focused-choice-cala-2026-05-20
node/3943742845,Casa Pistacho Hostal,Puerto Varas,CL,-41.3178728,-72.9868423,high,75,osm-chile-hotel-focused-choice-cala-2026-05-20
node/3945911001,OKORI,,CL,-39.2981032,-71.9099837,medium,60,osm-chile-hotel-focused-choice-cala-2026-05-20
node/3946251738,Hostal 5 Adobes,Puerto Varas,CL,-41.3185305,-72.9843069,high,75,osm-chile-hotel-focused-choice-cala-2026-05-20
node/3951018558,Selk Hostel,,Chile,-33.4388313,-70.6702957,medium,60,osm-chile-hotel-focused-choice-cala-2026-05-20
node/3951057505,Hotel Pulmahue,,Chile,-38.0347282,-73.0713253,medium,55,osm-chile-hotel-focused-choice-cala-2026-05-20
node/3956126839,Departamentos Vinapu,Isla de Pascua,Chile,-27.1544814,-109.4330294,high,75,osm-chile-hotel-focused-choice-cala-2026-05-20
node/3956146148,Bungalows Vinapu,Isla de Pascua,Chile,-27.1543321,-109.4336127,high,75,osm-chile-hotel-focused-choice-cala-2026-05-20
node/3957350923,Ruka Rayen,,Chile,-39.3318224,-71.7561302,medium,55,osm-chile-hotel-focused-choice-cala-2026-05-20
node/3959576979,Posada Camioneros,,Chile,-22.0808307,-69.5935441,medium,55,osm-chile-hotel-focused-choice-cala-2026-05-20
node/3959753294,Hotel Manuel Rodríguez,,Chile,-20.2232584,-70.1501746,medium,55,osm-chile-hotel-focused-choice-cala-2026-05-20
node/3959766733,Hotel Duplisa,,Chile,-20.0751218,-69.2108413,medium,55,osm-chile-hotel-focused-choice-cala-2026-05-20
node/3959767559,Hotel Pacífico Norte Express,,Chile,-20.2223209,-70.1497632,medium,55,osm-chile-hotel-focused-choice-cala-2026-05-20
node/3968982674,Playa Blanca,Antofagasta,Chile,-23.6808166,-70.4125472,high,75,osm-chile-hotel-focused-choice-cala-2026-05-20
node/3976181250,Posada Angelmo,Puerto Montt,CL,-41.483411,-72.9616398,high,75,osm-chile-hotel-focused-choice-cala-2026-05-20
node/3978170926,hotel Isidora,Tocopilla,Chile,-22.0913503,-70.2001845,high,100,osm-chile-hotel-focused-choice-cala-2026-05-20
node/3978311387,Hotel Casablanca,,Chile,-25.4082043,-70.4871581,medium,55,osm-chile-hotel-focused-choice-cala-2026-05-20
node/3980998157,Playa Grande Suites,Pucón,CL,-39.2662763,-71.9736928,high,100,osm-chile-hotel-focused-choice-cala-2026-05-20
node/3982043485,Hostal Casablanca,,Chile,-41.4624613,-72.9313049,medium,55,osm-chile-hotel-focused-choice-cala-2026-05-20
node/3983192457,Hospedaje Palena,Ancud,Chile,-41.8630087,-73.8272671,high,85,osm-chile-hotel-focused-choice-cala-2026-05-20
node/3984254549,Lodge Los Lingues,,Chile,-40.8032841,-72.9268047,medium,55,osm-chile-hotel-focused-choice-cala-2026-05-20
node/3988385009,Hostal Huasco,,Chile,-28.4651402,-71.219626,medium,55,osm-chile-hotel-focused-choice-cala-2026-05-20
node/3990111997,Dein Haus Hotel,Puerto Varas,CL,-41.3164889,-72.9951456,high,75,osm-chile-hotel-focused-choice-cala-2026-05-20
node/3990111998,Cabañas Villa Germania,Puerto Varas,CL,-41.3142164,-72.9892356,high,75,osm-chile-hotel-focused-choice-cala-2026-05-20
node/3992001032,Müller,Pucón,CL,-39.2770619,-71.9715199,high,90,osm-chile-hotel-focused-choice-cala-2026-05-20
node/3993766656,Hotel La Quadra,,Chile,-34.6775639,-71.2006983,medium,60,osm-chile-hotel-focused-choice-cala-2026-05-20
node/3996755733,Ruca Pehue,,Chile,-33.8242773,-70.0615732,medium,55,osm-chile-hotel-focused-choice-cala-2026-05-20
node/3999055642,Cabañas Mahuida,,Chile,-40.7094118,-72.5127337,medium,55,osm-chile-hotel-focused-choice-cala-2026-05-20
node/3999570659,Tranqueras del Monte,,Chile,-42.9119625,-72.7119502,medium,55,osm-chile-hotel-focused-choice-cala-2026-05-20
node/3999907659,La Bicicleta,,Chile,-41.4928899,-72.305065,medium,55,osm-chile-hotel-focused-choice-cala-2026-05-20
node/3999907666,La Ollita,,Chile,-41.49269,-72.3075863,medium,55,osm-chile-hotel-focused-choice-cala-2026-05-20
node/4001520759,Kel,,Chile,-41.6627441,-72.2964996,medium,55,osm-chile-hotel-focused-choice-cala-2026-05-20
node/4003506676,Hostal Lackuntur,,Chile,-22.9082067,-68.1978026,medium,55,osm-chile-hotel-focused-choice-cala-2026-05-20
node/4003515415,Hostal Casa Huéspedes Turipite,,Chile,-22.9071021,-68.1941614,medium,55,osm-chile-hotel-focused-choice-cala-2026-05-20
node/4003546747,Adolfo,,Chile,-43.1859865,-71.870302,medium,55,osm-chile-hotel-focused-choice-cala-2026-05-20
node/4003546748,Martin Pescador,,Chile,-43.1839867,-71.8652892,medium,55,osm-chile-hotel-focused-choice-cala-2026-05-20
node/4003549670,Hostal,,Chile,-43.3997223,-72.2632741,medium,55,osm-chile-hotel-focused-choice-cala-2026-05-20
node/4004471692,Latitud 47 Sur,,Chile,-47.2531804,-72.5688054,high,70,osm-chile-hotel-focused-choice-cala-2026-05-20
node/4004471694,Residencial Cero a Cero,,Chile,-47.2543657,-72.5691256,high,70,osm-chile-hotel-focused-choice-cala-2026-05-20
node/4004471695,Ultimo Paraíso,,Chile,-47.2542814,-72.5694778,high,85,osm-chile-hotel-focused-choice-cala-2026-05-20
node/4004471890,Ana Luz,,Chile,-47.2521114,-72.578681,medium,65,osm-chile-hotel-focused-choice-cala-2026-05-20
node/4004499789,Hostel Benito,,Chile,-47.2532676,-72.5688195,high,80,osm-chile-hotel-focused-choice-cala-2026-05-20
node/4004502289,Hospedaje La Sureña,,Chile,-47.2527176,-72.578291,high,70,osm-chile-hotel-focused-choice-cala-2026-05-20
node/4004502489,La Campesina,,CL,-47.2525613,-72.5798308,high,70,osm-chile-hotel-focused-choice-cala-2026-05-20
node/4006701593,Hospedaje Laberinto,,Chile,-41.4744345,-72.9475429,medium,65,osm-chile-hotel-focused-choice-cala-2026-05-20
node/4009724147,Refugio de Galo,,Chile,-35.5999162,-71.0793317,high,70,osm-chile-hotel-focused-choice-cala-2026-05-20
node/4010341907,Brisas del Mar,,Chile,-41.4833965,-72.9614876,medium,55,osm-chile-hotel-focused-choice-cala-2026-05-20
node/4012267678,Casa Escondida,,Chile,-53.0482512,-70.8843735,high,70,osm-chile-hotel-focused-choice-cala-2026-05-20
node/4037591900,Hostal Los Cahueles de Quicaví,Quemchi,Chile,-42.2564273,-73.3468877,high,75,osm-chile-hotel-focused-choice-cala-2026-05-20
node/4044370160,La Valdiviana Continental,,Chile,-43.1840901,-71.8657026,medium,55,osm-chile-hotel-focused-choice-cala-2026-05-20
node/4044375270,Frontera,,Chile,-43.1844907,-71.8633186,medium,55,osm-chile-hotel-focused-choice-cala-2026-05-20
node/4049191629,Hospedaje Acuario,,Chile,-41.9707592,-72.4772685,medium,55,osm-chile-hotel-focused-choice-cala-2026-05-20
node/4049295295,CLH Suites,,Chile,-33.4425361,-70.6478924,medium,55,osm-chile-hotel-focused-choice-cala-2026-05-20
node/4050845164,Cabañas Oelckerls,,Chile,-41.9670256,-72.4688396,medium,55,osm-chile-hotel-focused-choice-cala-2026-05-20
node/4050880092,Residencial Nicol,Hornopirén,Chile,-41.966236,-72.4695002,high,75,osm-chile-hotel-focused-choice-cala-2026-05-20
node/4051081517,Florencia,,Chile,-41.9650945,-72.4698604,medium,55,osm-chile-hotel-focused-choice-cala-2026-05-20
node/4051086201,Residencial Central,,Chile,-41.9655602,-72.4706904,medium,55,osm-chile-hotel-focused-choice-cala-2026-05-20
node/4053359711,Hostal Ashpai,,Chile,-30.0333218,-70.7148421,high,85,osm-chile-hotel-focused-choice-cala-2026-05-20
node/4057233649,casa de los musicos,,Chile,-22.9166928,-68.1969258,medium,55,osm-chile-hotel-focused-choice-cala-2026-05-20
node/4062330066,Hotel Antupiren,Puerto Montt,CL,-41.4726358,-72.9494655,high,75,osm-chile-hotel-focused-choice-cala-2026-05-20
node/4063835669,Nativo Hotel,Pucón,CL,-39.2800802,-71.9638227,high,75,osm-chile-hotel-focused-choice-cala-2026-05-20
node/4069246915,Hospedaje Sanzana,,Chile,-38.8102944,-71.2854966,medium,55,osm-chile-hotel-focused-choice-cala-2026-05-20
node/4070416319,Patagonia Swiss House,,Chile,-51.7248354,-72.5075667,medium,55,osm-chile-hotel-focused-choice-cala-2026-05-20
node/4070416593,Hostal Lagunitas,Puerto Montt,CL,-41.4622323,-72.9312257,high,75,osm-chile-hotel-focused-choice-cala-2026-05-20
node/4070416692,Tijuela,,Chile,-41.870099,-73.8237117,medium,60,osm-chile-hotel-focused-choice-cala-2026-05-20
node/4072668307,Residencial Silvia,,Chile,-22.445147,-68.9326687,medium,60,osm-chile-hotel-focused-choice-cala-2026-05-20
node/4072780889,Motel 7 Lunas,San Vicente,Chile,-34.4505316,-71.0066616,high,75,osm-chile-hotel-focused-choice-cala-2026-05-20
node/4076048654,Resort Jardín del Lago,,Chile,-34.1224477,-71.394635,medium,55,osm-chile-hotel-focused-choice-cala-2026-05-20
node/4078186086,Arunco,,Chile,-32.8290894,-70.6002727,medium,60,osm-chile-hotel-focused-choice-cala-2026-05-20
node/4083603576,Refugio de Montana - Camino al Alto,,Chile,-35.6092594,-71.0656526,high,90,osm-chile-hotel-focused-choice-cala-2026-05-20
node/4085617270,Marga Marga,,Chile,-34.4020036,-70.8865969,medium,55,osm-chile-hotel-focused-choice-cala-2026-05-20
node/4085748616,La Norteña,,Chile,-48.4627621,-72.5596848,medium,65,osm-chile-hotel-focused-choice-cala-2026-05-20
node/4091321431,La Mamy,,Chile,-39.3637983,-71.5837154,medium,55,osm-chile-hotel-focused-choice-cala-2026-05-20
node/4091322303,Hospedaje La Palmera,,Chile,-39.3651079,-71.5837825,medium,55,osm-chile-hotel-focused-choice-cala-2026-05-20
node/4099727089,Residencial Hambyll,,Chile,-26.3885957,-70.0449676,high,70,osm-chile-hotel-focused-choice-cala-2026-05-20
node/4100922289,Casa Tua / Mona,,Chile,-33.028355,-71.4920494,high,70,osm-chile-hotel-focused-choice-cala-2026-05-20
node/4102662190,Hospedaje Lafquen,,Chile,-38.7439285,-72.6223625,medium,55,osm-chile-hotel-focused-choice-cala-2026-05-20
node/4107727800,Refugio Pachamama,,Chile,-33.8237426,-70.0611317,medium,55,osm-chile-hotel-focused-choice-cala-2026-05-20
node/4108718699,Los Refugios de Rapel,,Chile,-34.1515149,-71.4383989,medium,55,osm-chile-hotel-focused-choice-cala-2026-05-20
node/4108946289,Arica Unite,,Chile,-18.4678754,-70.3066859,medium,65,osm-chile-hotel-focused-choice-cala-2026-05-20
node/4108946389,The Princesa Insolente,,Chile,-33.4440663,-70.6690297,medium,55,osm-chile-hotel-focused-choice-cala-2026-05-20
node/4112003324,Patagonia 47g,,Chile,-46.8357624,-72.8033528,high,85,osm-chile-hotel-focused-choice-cala-2026-05-20
node/4114320800,Hospedaje Lagos del Sur,Puerto Octay,Chile,-40.9712215,-72.8845826,high,75,osm-chile-hotel-focused-choice-cala-2026-05-20
node/4119129068,Cabañas Tocoihue,,Chile,-41.4715946,-72.9302331,medium,55,osm-chile-hotel-focused-choice-cala-2026-05-20
node/4121035978,Hostal El Atardecer,,Chile,-36.1335243,-72.7981858,medium,55,osm-chile-hotel-focused-choice-cala-2026-05-20
node/4127062289,Hotel Villa Alemana,Villa Alemana,Chile,-33.0434598,-71.3735827,high,75,osm-chile-hotel-focused-choice-cala-2026-05-20
node/4127195738,Cabañas Alto Puerto Octay,,Chile,-40.957481,-72.8880359,medium,55,osm-chile-hotel-focused-choice-cala-2026-05-20
node/4131363495,Residencia Vichuquén,,Chile,-34.9849337,-71.2422104,high,85,osm-chile-hotel-focused-choice-cala-2026-05-20
node/4131437389,Akubra Cabaña,,Chile,-39.2885757,-71.9765907,medium,55,osm-chile-hotel-focused-choice-cala-2026-05-20
node/4133048089,Residencial,,Chile,-36.5524668,-71.5528715,medium,55,osm-chile-hotel-focused-choice-cala-2026-05-20
node/4133784042,Cabañas Covadonga,,Chile,-41.4719483,-72.9306929,medium,55,osm-chile-hotel-focused-choice-cala-2026-05-20
node/4137361989,Apart Hotel Hettich,Valdivia,CL,-39.8256341,-73.2224242,high,75,osm-chile-hotel-focused-choice-cala-2026-05-20
node/4144735603,Hostal,,Chile,-36.3759293,-71.8884733,medium,60,osm-chile-hotel-focused-choice-cala-2026-05-20
node/4145042401,Hostal Lanita,,Chile,-42.3797468,-73.6514464,high,85,osm-chile-hotel-focused-choice-cala-2026-05-20
node/4145053189,Chiloé Austral Hostel,Ancud,Chile,-41.8729594,-73.8275821,high,85,osm-chile-hotel-focused-choice-cala-2026-05-20
node/4146732889,La Florida,,Chile,-22.9108116,-68.2012349,medium,60,osm-chile-hotel-focused-choice-cala-2026-05-20
node/4147842689,Atahualpa,,Chile,-21.2240906,-68.2537343,medium,60,osm-chile-hotel-focused-choice-cala-2026-05-20
node/4147944689,Hostal Mary Ruka,Temuco,CL,-38.7327409,-72.6118123,high,75,osm-chile-hotel-focused-choice-cala-2026-05-20
node/4148106189,Hospedaje,,Chile,-42.6340863,-74.1049523,medium,55,osm-chile-hotel-focused-choice-cala-2026-05-20
node/4148979039,Hostal Tronador,Puerto Varas,CL,-41.325111,-72.9758685,high,75,osm-chile-hotel-focused-choice-cala-2026-05-20
node/4150312897,Chile Lindo Hostel,,Chile,-33.4443649,-70.6713327,medium,60,osm-chile-hotel-focused-choice-cala-2026-05-20
node/4155670889,Hostel Chumaihuén,Valdivia,CL,-39.8243217,-73.2306349,high,85,osm-chile-hotel-focused-choice-cala-2026-05-20
node/4160247589,Balcones de Pisco Elqui,,Chile,-30.1249678,-70.4938832,medium,60,osm-chile-hotel-focused-choice-cala-2026-05-20
node/4160248289,Hostel Cosmo Elqui,,Chile,-29.9041369,-71.2461929,medium,60,osm-chile-hotel-focused-choice-cala-2026-05-20
node/4160249189,Casa Verde Limón,Valparaíso,Chile,-33.0445981,-71.6266392,high,100,osm-chile-hotel-focused-choice-cala-2026-05-20
node/4167933797,Coopevem,,Chile,-32.7781928,-71.5340114,medium,60,osm-chile-hotel-focused-choice-cala-2026-05-20
node/4168009792,Ventana Sur Hostel,,Chile,-33.4448924,-70.6272666,high,85,osm-chile-hotel-focused-choice-cala-2026-05-20
node/4170523110,Residencial John Keny,,Chile,-22.4688823,-68.9249583,medium,60,osm-chile-hotel-focused-choice-cala-2026-05-20
node/4172272278,Cabañas Puerto Rosales,,Chile,-41.2824098,-72.8644509,medium,60,osm-chile-hotel-focused-choice-cala-2026-05-20
node/4172275594,Cabañas Los Castaños,,Chile,-41.2825233,-72.8630338,medium,60,osm-chile-hotel-focused-choice-cala-2026-05-20
node/4172275662,Portal de Las Rosas,,Chile,-41.2835466,-72.8619189,medium,60,osm-chile-hotel-focused-choice-cala-2026-05-20
node/4173347690,Escarabajo,,Chile,-33.0486401,-71.622276,medium,60,osm-chile-hotel-focused-choice-cala-2026-05-20
node/4173348389,RC Decoart,Valparaíso,Chile,-33.0487601,-71.6221618,high,100,osm-chile-hotel-focused-choice-cala-2026-05-20
node/4173348589,Hotel Boutique Cabernet,Valparaíso,Chile,-33.0487138,-71.6225049,high,100,osm-chile-hotel-focused-choice-cala-2026-05-20
node/4173348590,The Traveling Chile,,Chile,-33.045983,-71.6229159,medium,60,osm-chile-hotel-focused-choice-cala-2026-05-20
node/4176652591,Hostal El Árbol,,Chile,-29.9046466,-71.2552884,medium,60,osm-chile-hotel-focused-choice-cala-2026-05-20
node/4176653551,Donde Rita,,Chile,-30.032179,-70.7094798,high,85,osm-chile-hotel-focused-choice-cala-2026-05-20
node/4179819689,hotel america,,Chile,-22.4452603,-68.9322966,medium,55,osm-chile-hotel-focused-choice-cala-2026-05-20
node/4182309688,Hostal D'Aragona,,Chile,-29.9070721,-71.2547277,medium,55,osm-chile-hotel-focused-choice-cala-2026-05-20
node/4182459885,The Last Hope,,Chile,-51.729467,-72.504093,medium,55,osm-chile-hotel-focused-choice-cala-2026-05-20
node/4183446088,Hostal Serenade,Frutillar,CL,-41.1410187,-73.0260424,high,75,osm-chile-hotel-focused-choice-cala-2026-05-20
node/4183624723,Benilda,Alto Hospicio,Chile,-20.2739859,-70.0945755,high,85,osm-chile-hotel-focused-choice-cala-2026-05-20
node/4183935489,Casa CaLaMa.!!,,Chile,-22.4577911,-68.9481198,medium,55,osm-chile-hotel-focused-choice-cala-2026-05-20
node/4190559874,Quinchamalí Hostel,,Chile,-33.489584,-70.5999356,high,85,osm-chile-hotel-focused-choice-cala-2026-05-20
node/4190943189,PARIX,,CL,-27.3694231,-70.3296199,high,70,osm-chile-hotel-focused-choice-cala-2026-05-20
node/4197192889,Casa Rosalba Café,Frutillar,CL,-41.1278401,-73.0275374,high,75,osm-chile-hotel-focused-choice-cala-2026-05-20
node/4199661928,Cabañas Jardín de los Cerezos,Frutillar,CL,-41.1304589,-73.0283051,high,75,osm-chile-hotel-focused-choice-cala-2026-05-20
node/4199661932,Cabañas El Bosque Patagónico,Frutillar,CL,-41.1272621,-73.0287959,high,75,osm-chile-hotel-focused-choice-cala-2026-05-20
node/4199663044,Cabañas Cuatro Estaciones,,Chile,-41.1180748,-73.0120142,medium,55,osm-chile-hotel-focused-choice-cala-2026-05-20
node/4199664934,Vista Paraiso,,Chile,-41.1138757,-72.9988724,medium,55,osm-chile-hotel-focused-choice-cala-2026-05-20
node/4199670341,Cabañas Los Tulipanes,,Chile,-41.1062771,-72.9875846,medium,55,osm-chile-hotel-focused-choice-cala-2026-05-20
node/4200281431,Playa Maqui Lodge,,Chile,-41.093883,-72.9845913,medium,55,osm-chile-hotel-focused-choice-cala-2026-05-20
node/4200281433,Shukas,,Chile,-41.0926702,-72.9821558,medium,55,osm-chile-hotel-focused-choice-cala-2026-05-20
node/4200297995,Viento Sur,,Chile,-41.0915058,-72.9788513,medium,55,osm-chile-hotel-focused-choice-cala-2026-05-20
node/4205899139,Cabañas Aurora,,Chile,-41.383511,-73.4669158,medium,55,osm-chile-hotel-focused-choice-cala-2026-05-20
node/4210120024,Pensión y Restaurant Estrella,,Chile,-40.9114431,-73.1650974,medium,55,osm-chile-hotel-focused-choice-cala-2026-05-20
node/4210129404,Apart Hotel Bahia Bonita,,Chile,-32.930317,-71.5321481,medium,60,osm-chile-hotel-focused-choice-cala-2026-05-20
node/4211573246,Cabañas San Pedro,,Chile,-41.128087,-73.056992,medium,55,osm-chile-hotel-focused-choice-cala-2026-05-20
node/4213118891,Hotel Londres,,Chile,-33.4442353,-70.6482776,medium,55,osm-chile-hotel-focused-choice-cala-2026-05-20
node/4213143208,Ckamur Atacama Ethno Lodge,,Chile,-22.9310152,-68.2112528,medium,60,osm-chile-hotel-focused-choice-cala-2026-05-20
node/4214649283,Hosteria El Copihue,,Chile,-32.9951901,-71.1866351,high,85,osm-chile-hotel-focused-choice-cala-2026-05-20
node/4216588692,The Singing Lamb,,Chile,-51.7330949,-72.4972963,medium,60,osm-chile-hotel-focused-choice-cala-2026-05-20
node/4216600289,La Bitocora,,Chile,-51.7320179,-72.5008294,medium,60,osm-chile-hotel-focused-choice-cala-2026-05-20
node/4216600589,Hostel and Camping Senderos Patagonia,,Chile,-46.1232646,-72.1637771,medium,55,osm-chile-hotel-focused-choice-cala-2026-05-20
node/4223071193,Norma,,Chile,-30.2902922,-71.6097206,medium,60,osm-chile-hotel-focused-choice-cala-2026-05-20
node/4224806690,tia flaca,,Chile,-33.3980967,-70.7010008,medium,55,osm-chile-hotel-focused-choice-cala-2026-05-20
node/4226770703,hotel boutique tremo parque forestal,,Chile,-33.434012,-70.648073,medium,60,osm-chile-hotel-focused-choice-cala-2026-05-20
node/4227492275,Las Garzas Hotel Boutique,,Chile,-34.5174899,-71.4037918,medium,55,osm-chile-hotel-focused-choice-cala-2026-05-20
node/4228931525,Ecohostel,,Chile,-33.4453177,-70.638191,medium,55,osm-chile-hotel-focused-choice-cala-2026-05-20
node/4229001475,Hotel,,Chile,-32.432696,-71.074627,medium,55,osm-chile-hotel-focused-choice-cala-2026-05-20
node/4230167592,Hostal Kairos,Valparaíso,CL,-33.0482719,-71.6192483,high,100,osm-chile-hotel-focused-choice-cala-2026-05-20
node/4233899694,Hospedaje (Palafito),,Chile,-42.4711129,-73.765567,medium,60,osm-chile-hotel-focused-choice-cala-2026-05-20
node/4234630589,Hotel H&C,,Chile,-22.4586877,-68.927913,medium,60,osm-chile-hotel-focused-choice-cala-2026-05-20
node/4234672890,Huella Patagonia Alojamientos,,Chile,-45.5769222,-72.0671491,high,85,osm-chile-hotel-focused-choice-cala-2026-05-20
node/4236399191,La Ruca,San Pedro de Atacama,Chile,-22.9130837,-68.1997102,high,75,osm-chile-hotel-focused-choice-cala-2026-05-20
node/4239566496,Santa rosa 194,,Chile,-33.4481045,-70.6446973,medium,60,osm-chile-hotel-focused-choice-cala-2026-05-20
node/4239735623,Hostel Triskel,,Chile,-30.1244683,-70.4965016,high,95,osm-chile-hotel-focused-choice-cala-2026-05-20
node/4239736805,Luna Sonrisa,,Chile,-33.0435601,-71.6297553,medium,60,osm-chile-hotel-focused-choice-cala-2026-05-20
node/4242833891,Villa El Lago,,Chile,-40.682966,-72.5944801,medium,60,osm-chile-hotel-focused-choice-cala-2026-05-20
node/4243412690,Hostal Santa Fe,Castro,Chile,-42.4684368,-73.7855808,high,75,osm-chile-hotel-focused-choice-cala-2026-05-20
node/4244905590,Cabañas Las Bandurrias,Valdivia,CL,-39.8267258,-73.2485977,high,75,osm-chile-hotel-focused-choice-cala-2026-05-20
node/4245865190,Pachamagua Hostel,Puerto Varas,CL,-41.3216561,-72.9813865,high,100,osm-chile-hotel-focused-choice-cala-2026-05-20
node/4247231290,Parcela 85,,Chile,-18.5114447,-70.2696612,medium,60,osm-chile-hotel-focused-choice-cala-2026-05-20
node/4247294491,Hostal Aldea del Elqui,,Chile,-30.033003,-70.7148498,medium,55,osm-chile-hotel-focused-choice-cala-2026-05-20
node/4256377793,cabañas nn,,Chile,-41.9695367,-72.4754197,medium,60,osm-chile-hotel-focused-choice-cala-2026-05-20
node/4256377794,oly,,Chile,-41.9695471,-72.475629,medium,60,osm-chile-hotel-focused-choice-cala-2026-05-20
node/4261016389,Hilton Garden Inn iquique,,Chile,-20.2374039,-70.147197,medium,60,osm-chile-hotel-focused-choice-cala-2026-05-20
node/4262903925,BB Café - Hostal,Concepción,Chile,-36.8281137,-73.0406869,high,75,osm-chile-hotel-focused-choice-cala-2026-05-20
node/4263783883,Residencial Ave Fénix,,Chile,-36.803754,-73.0555472,medium,55,osm-chile-hotel-focused-choice-cala-2026-05-20
node/4264373291,el renobal,,Chile,-41.969634,-72.4755437,medium,60,osm-chile-hotel-focused-choice-cala-2026-05-20
node/4264373292,Mítico Puelo Lodge,,Chile,-41.6934266,-72.1197042,medium,55,osm-chile-hotel-focused-choice-cala-2026-05-20
node/4269036789,Hostel Laskar,,Chile,-22.9081277,-68.196779,medium,55,osm-chile-hotel-focused-choice-cala-2026-05-20
node/4273207789,Hostel Chango Backpackers,,Chile,-27.0661931,-70.8156635,medium,55,osm-chile-hotel-focused-choice-cala-2026-05-20
node/4277609489,Chucao Lodge Yelcho,,Chile,-43.1766433,-72.4302818,high,70,osm-chile-hotel-focused-choice-cala-2026-05-20
node/4277697189,Casa emaus,,Chile,-28.5913142,-70.7378127,medium,55,osm-chile-hotel-focused-choice-cala-2026-05-20
node/4280529095,Hotel Plaza,Curacautín,Chile,-38.4377445,-71.8874994,high,75,osm-chile-hotel-focused-choice-cala-2026-05-20
node/4282386102,Barrica Lodge,,Chile,-34.5961956,-71.4191145,high,85,osm-chile-hotel-focused-choice-cala-2026-05-20
node/4288479603,Casa huéspedes carabineros,,Chile,-27.374214,-70.3251308,medium,55,osm-chile-hotel-focused-choice-cala-2026-05-20
node/4293790795,CasaKarry,,Chile,-26.3598111,-70.6436565,medium,55,osm-chile-hotel-focused-choice-cala-2026-05-20
node/4293791391,Ramonchely,,Chile,-29.9643351,-71.3027868,medium,55,osm-chile-hotel-focused-choice-cala-2026-05-20
node/4293929589,Mirador Quempillen,,Chile,-41.8709851,-73.7489119,high,70,osm-chile-hotel-focused-choice-cala-2026-05-20
node/4295503689,Hotel Restaurante Tierra del Fuego,,Chile,-43.1207321,-73.620586,medium,55,osm-chile-hotel-focused-choice-cala-2026-05-20
node/4315289002,El Lleuque de Aida,Pucón,CL,-39.2867501,-71.9657044,high,75,osm-chile-hotel-focused-choice-cala-2026-05-20
node/4317695489,Fundación Las Rosas,Talcahuano,Chile,-36.7445474,-73.0882603,high,75,osm-chile-hotel-focused-choice-cala-2026-05-20
node/4318737289,Casa,,Chile,-23.5612545,-70.3931248,medium,60,osm-chile-hotel-focused-choice-cala-2026-05-20
node/4320533332,Pensión,La Unión,Chile,-40.2941451,-73.0825923,high,75,osm-chile-hotel-focused-choice-cala-2026-05-20
node/4323830989,Campamento Viejo,,Chile,-37.3573968,-71.5374887,medium,55,osm-chile-hotel-focused-choice-cala-2026-05-20
node/4325170189,Pintoresca,,Chile,-33.0433885,-71.6249557,medium,60,osm-chile-hotel-focused-choice-cala-2026-05-20
node/4326318091,Hotel Go-Go,,Chile,-26.2443196,-69.6267879,medium,60,osm-chile-hotel-focused-choice-cala-2026-05-20
node/4326323689,Residencial Go-Go,,Chile,-26.2426841,-69.6257787,medium,60,osm-chile-hotel-focused-choice-cala-2026-05-20
node/4332773207,Rio de Agua Viva,,Chile,-41.2404048,-73.0105859,medium,55,osm-chile-hotel-focused-choice-cala-2026-05-20
node/4336164893,casa hogar,,Chile,-33.0450753,-71.6420571,medium,60,osm-chile-hotel-focused-choice-cala-2026-05-20
node/4336289890,Atacama Roots ou Towanda,,Chile,-22.9135752,-68.1956435,high,70,osm-chile-hotel-focused-choice-cala-2026-05-20
node/4336289990,Hostal Matty,,Chile,-22.9121356,-68.1996861,high,70,osm-chile-hotel-focused-choice-cala-2026-05-20
node/4336884902,Hostal Tata Inti,,Chile,-20.2579697,-69.7849347,medium,55,osm-chile-hotel-focused-choice-cala-2026-05-20
node/4337931098,Hospedaje,Valdivia,CL,-39.8179538,-73.2427281,high,75,osm-chile-hotel-focused-choice-cala-2026-05-20
node/4339500495,Casa Paolo,,Chile,-33.0308847,-71.5823438,medium,55,osm-chile-hotel-focused-choice-cala-2026-05-20
node/4340381789,Residencial Ururi,,Chile,-18.4730065,-70.3026841,high,95,osm-chile-hotel-focused-choice-cala-2026-05-20
node/4341865889,Fualef Cabañas,,Chile,-30.034118,-70.7066381,medium,55,osm-chile-hotel-focused-choice-cala-2026-05-20
node/4343764089,Juriques Hostal,,Chile,-22.9144625,-68.199447,high,70,osm-chile-hotel-focused-choice-cala-2026-05-20
node/4345198673,Hostel Michel,,Chile,-30.0335625,-70.7098107,medium,60,osm-chile-hotel-focused-choice-cala-2026-05-20
node/4350165809,Hostel Dominica,,Chile,-33.4303718,-70.6367181,medium,60,osm-chile-hotel-focused-choice-cala-2026-05-20
node/4350331296,Cabañas Entre Volcanes,,Chile,-38.6782514,-71.9936013,medium,65,osm-chile-hotel-focused-choice-cala-2026-05-20
node/4350411591,Casa madre,Valparaíso,Chile,-33.0551771,-71.6464381,high,75,osm-chile-hotel-focused-choice-cala-2026-05-20
node/4351908299,Rancho dallas,,Chile,-53.1836402,-70.9650219,high,70,osm-chile-hotel-focused-choice-cala-2026-05-20
node/4351960189,Cabañas Pionero,,Chile,-47.7972718,-73.531275,medium,65,osm-chile-hotel-focused-choice-cala-2026-05-20
node/4354295791,Trece Lunas,,Chile,-41.8710992,-73.8265426,medium,55,osm-chile-hotel-focused-choice-cala-2026-05-20
node/4356730389,Residencial Chungará,,Chile,-18.478295,-70.315521,medium,60,osm-chile-hotel-focused-choice-cala-2026-05-20
node/4360877490,Hospedaje Normita,,Chile,-38.6447181,-71.0880524,high,70,osm-chile-hotel-focused-choice-cala-2026-05-20
node/4363185697,Cabañas Chinquihue Alto,,Chile,-41.5220232,-73.0559786,medium,55,osm-chile-hotel-focused-choice-cala-2026-05-20
node/4363226306,Residencial Rio Blanco,,Chile,-41.5228988,-73.044885,medium,55,osm-chile-hotel-focused-choice-cala-2026-05-20
node/4366374896,caronila's houae,,Chile,-33.4527851,-70.6013555,medium,55,osm-chile-hotel-focused-choice-cala-2026-05-20
node/4366779990,Residencial Las Totoras,,Chile,-37.669993,-72.022605,high,85,osm-chile-hotel-focused-choice-cala-2026-05-20
node/4372995042,La Siesta,,Chile,-33.0128373,-71.2025217,medium,55,osm-chile-hotel-focused-choice-cala-2026-05-20
node/4373078190,Familia Cortes Atuan,,Chile,-33.4123186,-71.3931483,medium,55,osm-chile-hotel-focused-choice-cala-2026-05-20
node/4374479489,cahiti,,Chile,-20.2164382,-70.150401,medium,55,osm-chile-hotel-focused-choice-cala-2026-05-20
node/4374863678,Cabañas Puerto Varas,Puerto Varas,CL,-41.3149079,-72.9954675,high,75,osm-chile-hotel-focused-choice-cala-2026-05-20
node/4374868921,H&R,Puerto Varas,CL,-41.3193502,-72.9836968,high,75,osm-chile-hotel-focused-choice-cala-2026-05-20
node/4380716783,Eolia,Puerto Varas,CL,-41.3193558,-72.9823582,high,75,osm-chile-hotel-focused-choice-cala-2026-05-20
node/4381083990,Valle de Lluta,,Chile,-39.8366483,-73.229769,medium,55,osm-chile-hotel-focused-choice-cala-2026-05-20
node/4381209892,astillero rural,,Chile,-42.3962242,-73.6822053,medium,60,osm-chile-hotel-focused-choice-cala-2026-05-20
node/4382762392,Hotel Refugia Chiloé,Castro,Chile,-42.4641089,-73.6768727,high,75,osm-chile-hotel-focused-choice-cala-2026-05-20
node/4382836391,Hostal Vai Kapua,,Chile,-27.1489872,-109.4256825,medium,55,osm-chile-hotel-focused-choice-cala-2026-05-20
node/4385731191,mirador de la bahía,Puerto Montt,CL,-41.4487048,-72.9290172,high,75,osm-chile-hotel-focused-choice-cala-2026-05-20
node/4394237915,La Ruka,Puerto Varas,CL,-41.3207052,-72.9815826,high,75,osm-chile-hotel-focused-choice-cala-2026-05-20
node/4395018798,Cabañas Leo,Pucón,CL,-39.2781536,-71.9623742,high,75,osm-chile-hotel-focused-choice-cala-2026-05-20
node/4397506690,hostal iquisa,,Chile,-22.9025279,-68.2011331,medium,55,osm-chile-hotel-focused-choice-cala-2026-05-20
node/4397667389,Cabañas Mancera,Valdivia,CL,-39.8348047,-73.2198348,high,75,osm-chile-hotel-focused-choice-cala-2026-05-20
node/4398094048,Lodge Fundo Ranco,Lago Ranco,Chile,-40.2257071,-72.5608767,high,90,osm-chile-hotel-focused-choice-cala-2026-05-20
node/4400683710,Terranostra,Valparaíso,Chile,-33.0412367,-71.6256473,high,75,osm-chile-hotel-focused-choice-cala-2026-05-20
node/4403601891,departamento paula,,Chile,-36.8112421,-73.0462931,medium,55,osm-chile-hotel-focused-choice-cala-2026-05-20
node/4403640290,casa cheli,,Chile,-36.8078013,-73.0432318,medium,55,osm-chile-hotel-focused-choice-cala-2026-05-20
node/4404665992,Arenamaris,,Chile,-33.3312559,-71.6491345,medium,55,osm-chile-hotel-focused-choice-cala-2026-05-20
node/4404907491,Hotel Santa Anita,,Chile,-27.0666046,-70.8212695,medium,55,osm-chile-hotel-focused-choice-cala-2026-05-20
node/4404984035,Santuario del Río,,Chile,-33.7427124,-70.2920079,medium,60,osm-chile-hotel-focused-choice-cala-2026-05-20
node/4405036889,San Pedro,,Chile,-30.1248976,-70.4954006,medium,55,osm-chile-hotel-focused-choice-cala-2026-05-20
node/4406016890,Huayun alto,,Chile,-41.6381379,-73.292327,high,80,osm-chile-hotel-focused-choice-cala-2026-05-20
node/4406891590,Sindicato de trabajadores,,Chile,-39.4799408,-72.129552,medium,55,osm-chile-hotel-focused-choice-cala-2026-05-20
node/4408878090,Lodge Punta del Saco,,Chile,-38.4100825,-73.9045765,high,85,osm-chile-hotel-focused-choice-cala-2026-05-20
node/4409281490,mi casa,,Chile,-37.4721274,-72.3428682,medium,55,osm-chile-hotel-focused-choice-cala-2026-05-20
node/4410412309,Maria's Hostel,Pichilemu,Chile,-34.3884544,-72.0165799,high,100,osm-chile-hotel-focused-choice-cala-2026-05-20
node/4412510192,hostel bellavista,,Chile,-42.4803676,-73.761518,medium,60,osm-chile-hotel-focused-choice-cala-2026-05-20
node/4413621445,Hotel Lagos del Sur,Osorno,CL,-40.5726353,-73.1367432,high,75,osm-chile-hotel-focused-choice-cala-2026-05-20
node/4414995890,Cabaña Loncotregua,,Chile,-39.8242105,-73.2451819,medium,65,osm-chile-hotel-focused-choice-cala-2026-05-20
node/4414995891,Cabañas Loncotregua,,Chile,-39.8217844,-73.2447434,medium,65,osm-chile-hotel-focused-choice-cala-2026-05-20
node/4422530493,Eile hostel,Antofagasta,Chile,-23.6368487,-70.3947738,high,90,osm-chile-hotel-focused-choice-cala-2026-05-20
node/4423932689,Residencial Real,,Chile,-18.4812494,-70.3173845,medium,55,osm-chile-hotel-focused-choice-cala-2026-05-20
node/4425898890,The Bellavista Hostel,,Chile,-33.4329652,-70.6337455,medium,60,osm-chile-hotel-focused-choice-cala-2026-05-20
node/4427543590,Chaxa,,Chile,-22.9160409,-68.192539,medium,60,osm-chile-hotel-focused-choice-cala-2026-05-20
node/4430921525,Rio Ñilque,,Chile,-40.7245611,-72.4356075,medium,55,osm-chile-hotel-focused-choice-cala-2026-05-20
node/4430960181,Cabañas Nachito,,Chile,-40.7302687,-72.4669679,medium,55,osm-chile-hotel-focused-choice-cala-2026-05-20
node/4431455211,Cabañas los Copihues,,Chile,-40.7162556,-72.4968717,medium,55,osm-chile-hotel-focused-choice-cala-2026-05-20
node/4431483529,No Me Olvides,,Chile,-40.7149215,-72.5014213,medium,55,osm-chile-hotel-focused-choice-cala-2026-05-20
node/4431505793,Tunquelen,,Chile,-40.7085379,-72.5135443,medium,55,osm-chile-hotel-focused-choice-cala-2026-05-20
node/4431626099,Cabañas Puyehue,,Chile,-40.6823043,-72.5799826,medium,55,osm-chile-hotel-focused-choice-cala-2026-05-20
node/4431632180,Cabañas Sofanor,,Chile,-40.6864698,-72.5955982,medium,55,osm-chile-hotel-focused-choice-cala-2026-05-20
node/4431632993,Cabañas San Sebastián,,Chile,-40.6865555,-72.5959952,medium,55,osm-chile-hotel-focused-choice-cala-2026-05-20
node/4431633000,Cabañas Gladys,,Chile,-40.6860343,-72.5932469,medium,60,osm-chile-hotel-focused-choice-cala-2026-05-20
node/4431680097,Cabañas,,Chile,-40.765884,-72.6736373,medium,55,osm-chile-hotel-focused-choice-cala-2026-05-20
node/4436948015,Cabañas Caranday,,Chile,-33.3795288,-71.6395887,medium,55,osm-chile-hotel-focused-choice-cala-2026-05-20
node/4437168329,Hotel Torremayor,,Chile,-33.4222464,-70.6098828,medium,60,osm-chile-hotel-focused-choice-cala-2026-05-20
node/4438287289,wualmapu,,Chile,-39.3224276,-71.9485324,medium,55,osm-chile-hotel-focused-choice-cala-2026-05-20
node/4438374190,Punta Perro Home Hostel,,Chile,-33.9237156,-71.8471011,high,70,osm-chile-hotel-focused-choice-cala-2026-05-20
node/4438464691,Ecohostal,,Chile,-33.4462251,-70.6371082,medium,55,osm-chile-hotel-focused-choice-cala-2026-05-20
node/4441379489,Cabañas Patagon Explorador,,Chile,-46.6238443,-72.6751777,medium,55,osm-chile-hotel-focused-choice-cala-2026-05-20
node/4441399594,Hosteria Costanera,,Chile,-46.6230961,-72.6747487,medium,55,osm-chile-hotel-focused-choice-cala-2026-05-20
node/4441460189,Jaguar Hostel + Living,Viña del Mar,Chile,-33.0184992,-71.5538704,high,85,osm-chile-hotel-focused-choice-cala-2026-05-20
node/4442924666,LLaima Domo Lodge,,Chile,-38.8318808,-71.6919374,medium,55,osm-chile-hotel-focused-choice-cala-2026-05-20
node/4444499190,Hospedaje,Valdivia,CL,-39.8472358,-73.1985953,high,75,osm-chile-hotel-focused-choice-cala-2026-05-20
node/4444499495,Hostal Torreón,Valdivia,CL,-39.8173285,-73.2476668,high,75,osm-chile-hotel-focused-choice-cala-2026-05-20
node/4447801811,Gran Palace,Santiago,Chile,-33.4406232,-70.653356,high,75,osm-chile-hotel-focused-choice-cala-2026-05-20
node/4453278178,Hotel Parque Funtangue,,Chile,-40.3380148,-72.2183198,medium,55,osm-chile-hotel-focused-choice-cala-2026-05-20
node/4455927762,Hotel San Bartolomé,Chillán,Chile,-36.6084336,-72.1038021,high,75,osm-chile-hotel-focused-choice-cala-2026-05-20
node/4457251489,Residencial Pension Valy,,Chile,-33.3138754,-71.412537,medium,55,osm-chile-hotel-focused-choice-cala-2026-05-20
node/4458100059,Hotel Zeus,,Chile,-33.5994072,-70.8468883,medium,55,osm-chile-hotel-focused-choice-cala-2026-05-20
node/4458954591,Cabañas Almahue,,Chile,-39.3057007,-72.0933932,high,85,osm-chile-hotel-focused-choice-cala-2026-05-20
node/4464492797,Hostel Cuatro Estaciones,,Chile,-51.7254873,-72.5043828,medium,55,osm-chile-hotel-focused-choice-cala-2026-05-20
node/4466543189,Hospedaje,,Chile,-42.3032413,-73.4220855,medium,55,osm-chile-hotel-focused-choice-cala-2026-05-20
node/4471914996,Renta Suite Menorca,Providencia,Chile,-33.4217156,-70.6111043,high,85,osm-chile-hotel-focused-choice-cala-2026-05-20
node/4472208998,Don Mauri,,Chile,-35.2440243,-71.1734858,medium,55,osm-chile-hotel-focused-choice-cala-2026-05-20
node/4472778614,Hostal Vivar,,Chile,-20.2187254,-70.147015,high,70,osm-chile-hotel-focused-choice-cala-2026-05-20
node/4473800156,Ladera,,Chile,-33.4190597,-70.6150596,medium,60,osm-chile-hotel-focused-choice-cala-2026-05-20
node/4474307263,Hotel Boutique Casa D’agostino,Providencia,Chile,-33.4156468,-70.6169915,high,90,osm-chile-hotel-focused-choice-cala-2026-05-20
node/4475562896,Hostal Orella,,Chile,-23.6568727,-70.3946526,medium,60,osm-chile-hotel-focused-choice-cala-2026-05-20
node/4483165390,Kiooshtem,,Chile,-51.7309583,-72.4940899,medium,55,osm-chile-hotel-focused-choice-cala-2026-05-20
node/4483975293,Hospedaje Gloria,,Chile,-51.7285362,-72.5054774,medium,55,osm-chile-hotel-focused-choice-cala-2026-05-20
node/4487032089,Endurance ApartHotel,,Chile,-53.1651701,-70.9096765,medium,60,osm-chile-hotel-focused-choice-cala-2026-05-20
node/4487344392,Winebox,,Chile,-33.0507861,-71.6184735,medium,60,osm-chile-hotel-focused-choice-cala-2026-05-20
node/4488337992,Casa de Campo de Carabineros,La Reina,Chile,-33.4484729,-70.5169782,high,75,osm-chile-hotel-focused-choice-cala-2026-05-20
node/4496111593,Austral cabañas de mario soto,,Chile,-41.9681849,-72.4757514,medium,55,osm-chile-hotel-focused-choice-cala-2026-05-20
node/4496694615,Cabañas Loncorruca,,Chile,-39.3821318,-72.6624275,medium,55,osm-chile-hotel-focused-choice-cala-2026-05-20
node/4501491089,Hotel Plaza,Puerto Aysén,Chile,-45.4051619,-72.6980079,high,95,osm-chile-hotel-focused-choice-cala-2026-05-20
node/4511188392,Hospedaje Sra Marta,,Chile,-41.8723997,-73.8275023,medium,55,osm-chile-hotel-focused-choice-cala-2026-05-20
node/4511468390,Hostal Paso McKinlay,Puerto Williams,Chile,-54.9346224,-67.602391,high,85,osm-chile-hotel-focused-choice-cala-2026-05-20
node/4512546589,Hospedaje Bellavista,,Chile,-42.4803251,-73.7614195,medium,55,osm-chile-hotel-focused-choice-cala-2026-05-20
node/4512640393,Hostal Constitución,,Chile,-36.6060409,-72.1091209,medium,55,osm-chile-hotel-focused-choice-cala-2026-05-20
node/4513846590,Punta de Choros Lodge,La Higuera,Chile,-29.2156178,-71.4707352,high,75,osm-chile-hotel-focused-choice-cala-2026-05-20
node/4515884591,Motel Turismo,,Chile,-37.4085609,-72.3468122,medium,55,osm-chile-hotel-focused-choice-cala-2026-05-20
node/4515884627,Ruta Hotel Alto la Cruz,,Chile,-37.3878172,-72.3619431,medium,55,osm-chile-hotel-focused-choice-cala-2026-05-20
node/4516149489,Hotel Regional,,Chile,-36.6035912,-72.1112432,medium,55,osm-chile-hotel-focused-choice-cala-2026-05-20
node/4517541689,Hostal Ñuble Alto,,Chile,-36.6042548,-72.1000855,medium,55,osm-chile-hotel-focused-choice-cala-2026-05-20
node/4518645789,Alcala,Temuco,CL,-38.738129,-72.6195357,high,75,osm-chile-hotel-focused-choice-cala-2026-05-20
node/4520484490,Hostal Chillán,,Chile,-36.6087199,-72.1050314,medium,55,osm-chile-hotel-focused-choice-cala-2026-05-20
node/4520670289,Hotel Encanto del Río,Valdivia,CL,-39.80977,-73.242463,high,100,osm-chile-hotel-focused-choice-cala-2026-05-20
node/4521109595,Hostal La Ita,,Chile,-36.6094484,-72.1054202,medium,55,osm-chile-hotel-focused-choice-cala-2026-05-20
node/4521563418,Saint Valentine,,Chile,-38.7986718,-72.6235186,medium,55,osm-chile-hotel-focused-choice-cala-2026-05-20
node/4521741407,Espacio Los Revellines,,Chile,-39.6446028,-72.2007204,medium,55,osm-chile-hotel-focused-choice-cala-2026-05-20
node/4521741918,Hospedaje Coyhaique,,Chile,-45.5755336,-72.0708479,medium,55,osm-chile-hotel-focused-choice-cala-2026-05-20
node/4524792393,Casa Roble,,Chile,-33.4405099,-70.6329595,medium,55,osm-chile-hotel-focused-choice-cala-2026-05-20
node/4525453494,Hospedaje Rafita,,Chile,-46.5392732,-71.7304216,medium,55,osm-chile-hotel-focused-choice-cala-2026-05-20
node/4525454192,Residencial Darka,,Chile,-46.6254462,-72.6747246,medium,55,osm-chile-hotel-focused-choice-cala-2026-05-20
node/4526238960,Erika,Puerto Varas,CL,-41.322369,-72.9782585,high,75,osm-chile-hotel-focused-choice-cala-2026-05-20
node/4526238963,Hostal Talhuen,Puerto Varas,CL,-41.3217854,-72.9795275,high,75,osm-chile-hotel-focused-choice-cala-2026-05-20
node/4526238964,Puerta Patagonia,Puerto Varas,CL,-41.3223527,-72.97767,high,75,osm-chile-hotel-focused-choice-cala-2026-05-20
node/4529109191,Yagán House,,Chile,-51.7293574,-72.5028483,medium,55,osm-chile-hotel-focused-choice-cala-2026-05-20
node/4530501647,Quincho Casa Hotel,,Chile,-41.3096731,-72.8771676,high,85,osm-chile-hotel-focused-choice-cala-2026-05-20
node/4532027147,Avatar,,Chile,-41.3143696,-72.8858811,medium,55,osm-chile-hotel-focused-choice-cala-2026-05-20
node/4534182964,Gazzo,,Chile,-18.4723015,-70.3042336,medium,55,osm-chile-hotel-focused-choice-cala-2026-05-20
node/4534182965,Bolivian,,Chile,-18.4722302,-70.3043456,medium,65,osm-chile-hotel-focused-choice-cala-2026-05-20
node/4534182966,911,,Chile,-18.4721475,-70.3044616,medium,55,osm-chile-hotel-focused-choice-cala-2026-05-20
node/4534182967,Donde Paty Carlos,,Chile,-18.4717138,-70.3050071,medium,65,osm-chile-hotel-focused-choice-cala-2026-05-20
node/4534182968,Rocca Luna,,Chile,-18.4717908,-70.3049125,medium,55,osm-chile-hotel-focused-choice-cala-2026-05-20
node/4534745478,Quebrada Verde,,Chile,-41.3102813,-72.8956835,medium,55,osm-chile-hotel-focused-choice-cala-2026-05-20
node/4535574994,Hostal del Sur,Lautaro,CL,-38.5346791,-72.4393963,high,75,osm-chile-hotel-focused-choice-cala-2026-05-20
node/4536054192,Hostería Turismo,Pitrufquén,CL,-38.9805702,-72.6381189,high,75,osm-chile-hotel-focused-choice-cala-2026-05-20
node/4536174522,Lucerito,,Chile,-18.4717953,-70.3035676,medium,55,osm-chile-hotel-focused-choice-cala-2026-05-20
node/4539818555,Maggie,,Chile,-18.4716625,-70.3045315,medium,55,osm-chile-hotel-focused-choice-cala-2026-05-20
node/4539818556,Tres Soles,,Chile,-18.4719392,-70.3041544,medium,65,osm-chile-hotel-focused-choice-cala-2026-05-20
node/4539818557,Ivonne,,Chile,-18.4720248,-70.3041292,medium,65,osm-chile-hotel-focused-choice-cala-2026-05-20
node/4539818559,Don Julio,,Chile,-18.472637,-70.3034725,medium,65,osm-chile-hotel-focused-choice-cala-2026-05-20
node/4539852818,Las cruces,,Chile,-18.4732381,-70.3024883,medium,65,osm-chile-hotel-focused-choice-cala-2026-05-20
node/4539852819,Las cruces,,Chile,-18.4732566,-70.3029624,medium,55,osm-chile-hotel-focused-choice-cala-2026-05-20
node/4539852820,La siesta,,Chile,-18.4730937,-70.3031783,medium,55,osm-chile-hotel-focused-choice-cala-2026-05-20
node/4539852823,Las tres Cruces,,Chile,-18.4729004,-70.3034057,medium,65,osm-chile-hotel-focused-choice-cala-2026-05-20
node/4539852824,San Antonio,,Chile,-18.4726619,-70.3037081,medium,55,osm-chile-hotel-focused-choice-cala-2026-05-20
node/4539852827,Esthersita,,Chile,-18.4724145,-70.3040427,medium,55,osm-chile-hotel-focused-choice-cala-2026-05-20
node/4539852828,Esthersita,,Chile,-18.4723611,-70.3041768,medium,55,osm-chile-hotel-focused-choice-cala-2026-05-20
node/4539852831,Hospedaje Internacional,,Chile,-18.4720742,-70.3045489,medium,65,osm-chile-hotel-focused-choice-cala-2026-05-20
node/4541182282,Hostería Dongui,,Chile,-39.1382095,-72.6390364,medium,55,osm-chile-hotel-focused-choice-cala-2026-05-20
node/4541195489,Hostel Iquisa,,Chile,-22.9028379,-68.200928,medium,55,osm-chile-hotel-focused-choice-cala-2026-05-20
node/4541536392,Hostal Ruta del Copihue,,Chile,-39.3678475,-72.6237165,high,70,osm-chile-hotel-focused-choice-cala-2026-05-20
node/4544966291,La Ruka de la Nuke,,Chile,-39.372134,-72.6313671,medium,55,osm-chile-hotel-focused-choice-cala-2026-05-20
node/4544972375,Las Acacias,,Chile,-18.4819654,-70.2903298,medium,60,osm-chile-hotel-focused-choice-cala-2026-05-20
node/4545633389,Hosteria El Vagon del Sur,,Chile,-39.5179043,-72.8257404,medium,60,osm-chile-hotel-focused-choice-cala-2026-05-20
node/4545708191,La Casona,,Chile,-39.5404304,-72.9630006,medium,65,osm-chile-hotel-focused-choice-cala-2026-05-20
node/4545779989,Cabañas Peumayen La Panchita,,Chile,-40.1574574,-72.2504066,medium,65,osm-chile-hotel-focused-choice-cala-2026-05-20
node/4545811416,Hostal Sotomo,,Chile,-41.6607973,-72.3962732,medium,55,osm-chile-hotel-focused-choice-cala-2026-05-20
node/4545888756,Hotel Santa Teresa,Los Andes,Chile,-32.8394458,-70.6080944,high,85,osm-chile-hotel-focused-choice-cala-2026-05-20
node/4546567892,Cabañas Puchi,Villarrica,CL,-39.286063,-72.2293303,high,75,osm-chile-hotel-focused-choice-cala-2026-05-20
node/4548498289,Valdiviana,,Chile,-39.8172556,-73.2377374,medium,55,osm-chile-hotel-focused-choice-cala-2026-05-20
node/4550087492,Casita,,Chile,-51.7120405,-72.4929557,medium,60,osm-chile-hotel-focused-choice-cala-2026-05-20
node/4550151489,Hotel Las america,,Chile,-20.2811486,-70.1009753,medium,55,osm-chile-hotel-focused-choice-cala-2026-05-20
node/4551615438,Hostería Donde La Camila,,Chile,-36.1987041,-71.8264347,medium,55,osm-chile-hotel-focused-choice-cala-2026-05-20
node/4557414421,Hotel Terraza Suites,Villarrica,CL,-39.2826971,-72.2226927,high,75,osm-chile-hotel-focused-choice-cala-2026-05-20
node/4557426220,Hostería de la Colina,Villarrica,CL,-39.2943057,-72.2326851,high,75,osm-chile-hotel-focused-choice-cala-2026-05-20
node/4557440990,Hostal Maitahue,Pucón,CL,-39.2785923,-71.9659196,high,100,osm-chile-hotel-focused-choice-cala-2026-05-20
node/4557515998,El Molino,,Chile,-37.0023606,-72.9502456,medium,55,osm-chile-hotel-focused-choice-cala-2026-05-20
node/4557932821,Apart Hotel Eco Terra Verde,,Chile,-39.6134659,-72.3534222,medium,55,osm-chile-hotel-focused-choice-cala-2026-05-20
node/4557987389,"Asilo de ancianos ""Nuevo amanecer""",,Chile,-33.4717221,-70.6616514,medium,55,osm-chile-hotel-focused-choice-cala-2026-05-20
node/4560973573,Hosteria Los Recuerdos,,Chile,-39.6708748,-72.934095,medium,55,osm-chile-hotel-focused-choice-cala-2026-05-20
node/4560993790,La bicyclette,,Chile,-33.0437625,-71.626794,medium,60,osm-chile-hotel-focused-choice-cala-2026-05-20
node/4562204008,Hosteria Vista Hermosa,,Chile,-39.9714803,-72.796353,medium,55,osm-chile-hotel-focused-choice-cala-2026-05-20
node/4562303134,Cabañas El Alamo,,Chile,-40.4036014,-73.0029691,medium,55,osm-chile-hotel-focused-choice-cala-2026-05-20
node/4562517189,Atton Hotel,,Chile,-36.8337361,-73.057065,medium,60,osm-chile-hotel-focused-choice-cala-2026-05-20
node/4563524389,Residencial Madrid,,Chile,-20.2127017,-70.1469472,medium,55,osm-chile-hotel-focused-choice-cala-2026-05-20
node/4563552189,Cantraito Austral,,Chile,-53.1568024,-70.8885055,medium,55,osm-chile-hotel-focused-choice-cala-2026-05-20
node/4563670220,Aquario,Papudo,Chile,-32.5063571,-71.4411053,high,75,osm-chile-hotel-focused-choice-cala-2026-05-20
node/4563715341,Don Niba,,Chile,-46.1239636,-72.1548527,medium,55,osm-chile-hotel-focused-choice-cala-2026-05-20
node/4563731262,La Casona,,Chile,-46.4302901,-72.7038795,medium,55,osm-chile-hotel-focused-choice-cala-2026-05-20
node/4565343513,Cabañas Los Tulipanes,Puerto Varas,CL,-41.3406892,-72.9597476,high,75,osm-chile-hotel-focused-choice-cala-2026-05-20
node/4565899820,Hotel Paillaco,,Chile,-40.0740785,-72.8664438,medium,55,osm-chile-hotel-focused-choice-cala-2026-05-20
node/4567788596,Hostal Candelaria,,Chile,-22.9040944,-68.2016541,high,70,osm-chile-hotel-focused-choice-cala-2026-05-20
node/4567930254,Hotel Puerto Nuevo,,Chile,-40.2571091,-72.5741754,medium,55,osm-chile-hotel-focused-choice-cala-2026-05-20
node/4569617589,Cabaña GAFO,,Chile,-41.2950759,-72.9828043,high,75,osm-chile-hotel-focused-choice-cala-2026-05-20
node/4571238907,Casa La Junta,,Chile,-41.7408751,-72.0676723,medium,55,osm-chile-hotel-focused-choice-cala-2026-05-20
node/4572303189,Corea Hostal,,Chile,-33.4316561,-70.6406739,high,80,osm-chile-hotel-focused-choice-cala-2026-05-20
node/4572487555,Arbolitos,,Chile,-33.4539485,-70.5221517,medium,55,osm-chile-hotel-focused-choice-cala-2026-05-20
node/4572487556,Continental,,Chile,-33.452872,-70.5221082,medium,55,osm-chile-hotel-focused-choice-cala-2026-05-20
node/4572487557,Internacional,,Chile,-33.4539077,-70.5233077,medium,55,osm-chile-hotel-focused-choice-cala-2026-05-20
node/4572487558,Villa Alpina,,Chile,-33.4529455,-70.5203691,medium,55,osm-chile-hotel-focused-choice-cala-2026-05-20
node/4573807262,Cabañas Copihual,Chilán,Chile,-36.8642742,-71.6411698,high,100,osm-chile-hotel-focused-choice-cala-2026-05-20
node/4575798191,Hostal El Nevado,,Chile,-45.5743977,-72.070656,medium,55,osm-chile-hotel-focused-choice-cala-2026-05-20
node/4578685791,Backpacker Cortés,,Chile,-51.7306056,-72.4904357,high,95,osm-chile-hotel-focused-choice-cala-2026-05-20
node/4581873690,La Casa Roja,,Chile,-33.4421225,-70.6658354,high,70,osm-chile-hotel-focused-choice-cala-2026-05-20
node/4582621795,Cabaña,,Chile,-40.20046,-72.246959,medium,55,osm-chile-hotel-focused-choice-cala-2026-05-20
node/4585165896,Los Allegaboros,,Chile,-22.9083432,-68.1942322,medium,55,osm-chile-hotel-focused-choice-cala-2026-05-20
node/4586159690,casa Tita Rosa,Lautaro,CL,-38.531063,-72.4323384,high,85,osm-chile-hotel-focused-choice-cala-2026-05-20
node/4586172936,Hostal Familiar,,Chile,-33.1110929,-71.6716376,medium,55,osm-chile-hotel-focused-choice-cala-2026-05-20
node/4586172988,Casa De Patricia,,Chile,-33.1077311,-71.695384,medium,55,osm-chile-hotel-focused-choice-cala-2026-05-20
node/4586224191,Tierras del sur,,Chile,-41.9693726,-72.4758476,medium,55,osm-chile-hotel-focused-choice-cala-2026-05-20
node/4590787889,Yolanda Hospedaje,,Chile,-45.5711986,-72.0638313,medium,60,osm-chile-hotel-focused-choice-cala-2026-05-20
node/4591979090,Hostel camping tipanie moana,,Chile,-27.1557508,-109.4254444,medium,55,osm-chile-hotel-focused-choice-cala-2026-05-20
node/4592915293,WanderLux MiniHostel,Puerto Varas,CL,-41.3210506,-72.9784554,high,85,osm-chile-hotel-focused-choice-cala-2026-05-20
node/4593100429,Cabañas Puerto Varas,,Chile,-41.312696,-72.9888235,medium,55,osm-chile-hotel-focused-choice-cala-2026-05-20
node/4593561550,Refugio Sarao,,Chile,-41.2035325,-73.5689851,medium,55,osm-chile-hotel-focused-choice-cala-2026-05-20
node/4594820197,Hostal sureño,Temuco,CL,-38.7412809,-72.5861041,high,75,osm-chile-hotel-focused-choice-cala-2026-05-20
node/4596418589,The End of the Trail,,Chile,-18.4670951,-70.3047179,medium,55,osm-chile-hotel-focused-choice-cala-2026-05-20
node/4596707794,Residencial Miriam,,Chile,-46.6257422,-72.6742579,high,80,osm-chile-hotel-focused-choice-cala-2026-05-20
node/4598283910,Treehouse Patagonia,,Chile,-51.730396,-72.500701,high,85,osm-chile-hotel-focused-choice-cala-2026-05-20
node/4599710789,Casa Chillán,,Chile,-36.6196386,-72.1122549,medium,60,osm-chile-hotel-focused-choice-cala-2026-05-20
node/4599847879,Casa Pistacho Backpackers,Puerto Varas,CL,-41.3162482,-72.9866366,high,75,osm-chile-hotel-focused-choice-cala-2026-05-20
node/4600121433,Awasi,,Chile,-50.9121238,-72.6587627,medium,55,osm-chile-hotel-focused-choice-cala-2026-05-20
node/4603752099,Canto del Chucao,,Chile,-45.4067641,-72.6958391,high,70,osm-chile-hotel-focused-choice-cala-2026-05-20
node/4604258161,Hostal Chikiyan,,Chile,-33.5876247,-70.3839381,medium,55,osm-chile-hotel-focused-choice-cala-2026-05-20
node/4604389850,Hostal Chocolate,Villarrica,CL,-39.2820521,-72.2230324,high,100,osm-chile-hotel-focused-choice-cala-2026-05-20
node/4604686120,Giovi,,Chile,-22.4660118,-68.9242926,medium,55,osm-chile-hotel-focused-choice-cala-2026-05-20
node/4604870290,Hospedaje Carolina,,Chile,-22.4662766,-68.9380159,high,70,osm-chile-hotel-focused-choice-cala-2026-05-20
node/4608145390,Taller 12,,Chile,-33.0511055,-71.6207419,medium,55,osm-chile-hotel-focused-choice-cala-2026-05-20
node/4608838543,Motel Palmilla,,Chile,-35.8376688,-71.6612522,medium,55,osm-chile-hotel-focused-choice-cala-2026-05-20
node/4609552525,Cabanas Paso Kirke,,Chile,-51.7308464,-72.4906464,medium,55,osm-chile-hotel-focused-choice-cala-2026-05-20
node/4610158723,Atacama Roots,,Chile,-22.9138222,-68.1954314,medium,55,osm-chile-hotel-focused-choice-cala-2026-05-20
node/4610643994,Colom,,Chile,-20.2393514,-70.1415902,medium,55,osm-chile-hotel-focused-choice-cala-2026-05-20
node/4611410889,Claudio y Marta,,Chile,-45.4030355,-72.6998135,medium,60,osm-chile-hotel-focused-choice-cala-2026-05-20
node/4613373572,Hospedaje y Cabañas Newenpüllü,,Chile,-38.4586103,-71.7283069,medium,55,osm-chile-hotel-focused-choice-cala-2026-05-20
node/4615241389,Hostel El Fiordo,Puerto Natales,Chile,-51.7289962,-72.490695,high,100,osm-chile-hotel-focused-choice-cala-2026-05-20
node/4615287994,Canto del Chucao,,Chile,-45.4068105,-72.6959128,medium,55,osm-chile-hotel-focused-choice-cala-2026-05-20
node/4616321429,Apart Puerto varas,Puerto Varas,CL,-41.3158643,-72.9917356,high,75,osm-chile-hotel-focused-choice-cala-2026-05-20
node/4618579502,Cabañas Pelluco,,Chile,-41.4881976,-72.8962572,medium,55,osm-chile-hotel-focused-choice-cala-2026-05-20
node/4618579513,Hostal de la Josefa,,Chile,-41.4840437,-72.9020497,medium,55,osm-chile-hotel-focused-choice-cala-2026-05-20
node/4618579515,Cabañas Los Abedules,,Chile,-41.4837808,-72.9020279,medium,55,osm-chile-hotel-focused-choice-cala-2026-05-20
node/4618579518,Cabañas Los Sauces,,Chile,-41.4844551,-72.9013316,medium,55,osm-chile-hotel-focused-choice-cala-2026-05-20
node/4620646189,Don Luis Cabañas y Hospedaje,Puerto Saavedra,Chile,-38.7882741,-73.3969162,high,75,osm-chile-hotel-focused-choice-cala-2026-05-20
node/4621063189,Hostel La Macia,,Chile,-22.463612,-68.929816,high,85,osm-chile-hotel-focused-choice-cala-2026-05-20
node/4621189035,RQ Hotel Dacarlo,,Chile,-33.4548292,-70.6894034,medium,55,osm-chile-hotel-focused-choice-cala-2026-05-20
node/4622067490,Colonial,,Chile,-34.3876814,-72.0002981,medium,60,osm-chile-hotel-focused-choice-cala-2026-05-20
node/4630359911,Las Toninas,,Chile,-41.4955166,-72.8893554,medium,55,osm-chile-hotel-focused-choice-cala-2026-05-20
node/4630364375,Cabañas Augusta,,Chile,-41.488669,-72.8982378,medium,55,osm-chile-hotel-focused-choice-cala-2026-05-20
node/4632799335,Residencial Costanera,,Chile,-41.4803907,-72.9545685,medium,55,osm-chile-hotel-focused-choice-cala-2026-05-20
node/4633821889,Blockhouse,,Chile,-41.0602445,-72.6600375,high,95,osm-chile-hotel-focused-choice-cala-2026-05-20
node/4637899389,Cabañas Sierra Huacha,,Chile,-43.1900485,-71.8508338,medium,55,osm-chile-hotel-focused-choice-cala-2026-05-20
node/4637900289,Puerto Ramirez,,Chile,-43.4881193,-72.1179139,medium,55,osm-chile-hotel-focused-choice-cala-2026-05-20
node/4638844389,Bahia,,Chile,-34.3857245,-72.0036861,medium,55,osm-chile-hotel-focused-choice-cala-2026-05-20
node/4638844589,San Sebastián,,Chile,-35.4175528,-71.6534342,medium,55,osm-chile-hotel-focused-choice-cala-2026-05-20
node/4639702122,Le Petit Clos,Arica,CL,-18.4805449,-70.3217227,high,100,osm-chile-hotel-focused-choice-cala-2026-05-20
node/4640230689,Casa Baquedano,Iquique,Chile,-20.2221276,-70.1520437,high,85,osm-chile-hotel-focused-choice-cala-2026-05-20
node/4640829481,Residencial Viviana,,Chile,-37.0328724,-73.1451496,medium,60,osm-chile-hotel-focused-choice-cala-2026-05-20
node/4640858996,Juanita Sofía,,Chile,-37.029303,-73.1430949,medium,60,osm-chile-hotel-focused-choice-cala-2026-05-20
node/4641260790,Cabañas los ciruelos ancud,,Chile,-41.8725193,-73.8272306,high,80,osm-chile-hotel-focused-choice-cala-2026-05-20
node/4642733994,Don Guillermo Ramirez,,Chile,-47.8050442,-73.5455385,medium,55,osm-chile-hotel-focused-choice-cala-2026-05-20
node/4642826896,Plaza Hotel,,Chile,-46.5379823,-71.7304548,medium,55,osm-chile-hotel-focused-choice-cala-2026-05-20
node/4642853989,Hostal Doña Silda,,Chile,-53.1643829,-70.9172664,medium,55,osm-chile-hotel-focused-choice-cala-2026-05-20
node/4642855613,Hostal Hudson,,Chile,-45.4060373,-72.6909415,medium,55,osm-chile-hotel-focused-choice-cala-2026-05-20
node/4643269390,Departamento de la Espita,,Chile,-33.4364334,-70.653582,medium,60,osm-chile-hotel-focused-choice-cala-2026-05-20
node/4644213493,san remo,,Chile,-18.4820554,-70.3122353,medium,55,osm-chile-hotel-focused-choice-cala-2026-05-20
node/4644723489,Centro de Visitantes,,Chile,-50.7348396,-72.4094208,medium,55,osm-chile-hotel-focused-choice-cala-2026-05-20
node/4645950926,Finna Estampa,,Chile,-34.5517273,-71.3865082,medium,55,osm-chile-hotel-focused-choice-cala-2026-05-20
node/4646284091,Pasaje Chovi San Juan,,Chile,-42.3737648,-73.6585198,high,70,osm-chile-hotel-focused-choice-cala-2026-05-20
node/4648872691,Departamentos amoblados urbanos providencia,Providencia,Chile,-33.4287935,-70.6184622,high,100,osm-chile-hotel-focused-choice-cala-2026-05-20
node/4650619497,Mihi ra'a,,Chile,-27.1578406,-109.4231271,medium,60,osm-chile-hotel-focused-choice-cala-2026-05-20
node/4652725190,Andreita,,Chile,-46.1229514,-72.1560771,medium,55,osm-chile-hotel-focused-choice-cala-2026-05-20
node/4654316089,Club Social,,Chile,-37.7973476,-72.7118346,medium,60,osm-chile-hotel-focused-choice-cala-2026-05-20
node/4654408291,Casa de la Nyru,,Chile,-33.0651889,-71.4365387,medium,55,osm-chile-hotel-focused-choice-cala-2026-05-20
node/4658088268,Refugio Dos Cóndores,,Chile,-41.0008786,-72.1677702,high,70,osm-chile-hotel-focused-choice-cala-2026-05-20
node/4660104191,Cabañas Monte San Valentín,,Chile,-46.8372728,-72.689733,medium,55,osm-chile-hotel-focused-choice-cala-2026-05-20
node/4661328194,Hospedaje Freire,Osorno,CL,-40.5767821,-73.1310449,high,75,osm-chile-hotel-focused-choice-cala-2026-05-20
node/4661347592,Fundo Los Leones Lodge,,Chile,-43.7904676,-72.9466591,high,95,osm-chile-hotel-focused-choice-cala-2026-05-20
node/4663189539,La Paloma,,Chile,-42.6317633,-74.1027586,medium,55,osm-chile-hotel-focused-choice-cala-2026-05-20
node/4663189764,Hospedaje Las Lumenaias,,Chile,-42.6317489,-74.1046413,medium,55,osm-chile-hotel-focused-choice-cala-2026-05-20
node/4663246697,El rincon,,Chile,-41.8678656,-73.8186848,medium,55,osm-chile-hotel-focused-choice-cala-2026-05-20
node/4665509090,Nilahue,,Chile,-32.9688899,-71.5451834,medium,55,osm-chile-hotel-focused-choice-cala-2026-05-20
node/4665940089,Hospidaje Betty,,Chile,-53.1562599,-70.8909356,high,70,osm-chile-hotel-focused-choice-cala-2026-05-20
node/4668490175,Hotel: Aurelio,,Chile,-36.832575,-73.0539984,medium,60,osm-chile-hotel-focused-choice-cala-2026-05-20
node/4668552890,Cabañas los ciruelos ancud,,Chile,-41.872462,-73.827005,medium,55,osm-chile-hotel-focused-choice-cala-2026-05-20
node/4669950076,Hotel: San Ambrosio,,Chile,-36.8292556,-73.0558742,medium,60,osm-chile-hotel-focused-choice-cala-2026-05-20
node/4670270514,Hostelling International Doña Inés,,Chile,-18.4679705,-70.2879011,medium,60,osm-chile-hotel-focused-choice-cala-2026-05-20
node/4672261352,Cabañas Mirador de Puerto Varas,,Chile,-41.3452538,-72.9519258,medium,55,osm-chile-hotel-focused-choice-cala-2026-05-20
node/4672261353,Cabañas Peumayen,,Chile,-41.3425643,-72.9579307,medium,55,osm-chile-hotel-focused-choice-cala-2026-05-20
node/4672459489,Cabañas Tia Lety,,Chile,-39.254024,-72.233112,medium,60,osm-chile-hotel-focused-choice-cala-2026-05-20
node/4672640989,Jak Hostel,,Chile,-51.7286842,-72.4918597,medium,55,osm-chile-hotel-focused-choice-cala-2026-05-20
node/4674651091,Innata Suites,,Chile,-53.153894,-70.9014565,medium,55,osm-chile-hotel-focused-choice-cala-2026-05-20
node/4674772192,Cabañas Doña Carmen,,Chile,-30.963903,-71.6418862,medium,55,osm-chile-hotel-focused-choice-cala-2026-05-20
node/4676940695,Calle 3,,Chile,-23.7583016,-70.2994913,medium,55,osm-chile-hotel-focused-choice-cala-2026-05-20
node/4677493455,Posada Camino Real,,Chile,-34.7662714,-72.0750998,medium,55,osm-chile-hotel-focused-choice-cala-2026-05-20
node/4677533306,Hostería La Candela,,Chile,-33.443742,-71.6816252,medium,55,osm-chile-hotel-focused-choice-cala-2026-05-20
node/4678593590,Hotel Valdivia,,Chile,-23.649942,-70.3946517,medium,55,osm-chile-hotel-focused-choice-cala-2026-05-20
node/4678765389,Hikari Alojamiento,,Chile,-51.7296969,-72.4918293,medium,60,osm-chile-hotel-focused-choice-cala-2026-05-20
node/4679253089,Hospedaje del Profesor,Temuco,CL,-38.7396214,-72.5972475,high,75,osm-chile-hotel-focused-choice-cala-2026-05-20
node/4679355291,El viajero,,Chile,-45.401627,-72.6903407,medium,55,osm-chile-hotel-focused-choice-cala-2026-05-20
node/4681607591,Casa Pleiteado,Padre Las Casas,CL,-38.7572311,-72.5909537,high,90,osm-chile-hotel-focused-choice-cala-2026-05-20
node/4682633818,"Hospedaje y Pensión ""Licarayen""",,Chile,-41.0802748,-72.636408,medium,55,osm-chile-hotel-focused-choice-cala-2026-05-20
node/4683207705,Los Abuelos,Futaleufú,Chile,-43.18516,-71.8681981,high,75,osm-chile-hotel-focused-choice-cala-2026-05-20
node/4684239189,La Nativa,,Chile,-39.2754228,-71.9677544,medium,55,osm-chile-hotel-focused-choice-cala-2026-05-20
node/4684521192,conjunto residencial el crisol,,Chile,-27.3862655,-70.3358011,medium,60,osm-chile-hotel-focused-choice-cala-2026-05-20
node/4684658589,Costa Reñaca,,Chile,-32.9796009,-71.5318248,medium,55,osm-chile-hotel-focused-choice-cala-2026-05-20
node/4685515292,North Terra,,Chile,-22.9103466,-68.203067,medium,60,osm-chile-hotel-focused-choice-cala-2026-05-20
node/4685936189,Cabañas Alto Bio Bio,,Chile,-37.8828325,-71.6381329,high,80,osm-chile-hotel-focused-choice-cala-2026-05-20
node/4687669093,Residencial Continental,,Chile,-22.4606102,-68.9243094,high,70,osm-chile-hotel-focused-choice-cala-2026-05-20
node/4691473489,Sra Cecilia,,Chile,-41.2554156,-73.0120213,medium,55,osm-chile-hotel-focused-choice-cala-2026-05-20
node/4693490651,Apart Hotel Ñiltaihuén,Osorno,CL,-40.5719768,-73.1341803,high,75,osm-chile-hotel-focused-choice-cala-2026-05-20
node/4693491007,Cabañas Canutillar,,Chile,-41.5192311,-72.3429686,medium,55,osm-chile-hotel-focused-choice-cala-2026-05-20
node/4693549788,Hostal Ainil,,Chile,-53.1557825,-70.8979793,medium,55,osm-chile-hotel-focused-choice-cala-2026-05-20
node/4694471064,Carpa Manzano,,Chile,-53.1566626,-70.8989889,medium,55,osm-chile-hotel-focused-choice-cala-2026-05-20
node/4695488233,Hostal Ayelen,,Chile,-53.1607057,-70.9026233,medium,55,osm-chile-hotel-focused-choice-cala-2026-05-20
node/4695488238,Hostal Doña Caletana,,Chile,-53.1562718,-70.8984972,medium,55,osm-chile-hotel-focused-choice-cala-2026-05-20
node/4695489100,Hostal Art Nouveau,,Chile,-53.1605526,-70.9029862,medium,55,osm-chile-hotel-focused-choice-cala-2026-05-20
node/4696651105,Residencial Victoria,,Chile,-33.3984096,-71.6932255,medium,55,osm-chile-hotel-focused-choice-cala-2026-05-20
node/4696651109,Hostal El Gallego,,Chile,-33.4072498,-71.6935366,medium,55,osm-chile-hotel-focused-choice-cala-2026-05-20
node/4698008189,Chill Hostel,,Chile,-22.9010001,-68.2014739,high,85,osm-chile-hotel-focused-choice-cala-2026-05-20
node/4700193194,"Hostal ""Como Florcita en la Mata""",Villarrica,CL,-39.2800189,-72.2271179,high,75,osm-chile-hotel-focused-choice-cala-2026-05-20
node/4700258790,Submarino Amarillo Hostel,,Chile,-41.8716183,-73.8150286,high,70,osm-chile-hotel-focused-choice-cala-2026-05-20
node/4701768192,Hostal Amaranta,Vilcún,Chile,-38.6705045,-72.2199731,high,100,osm-chile-hotel-focused-choice-cala-2026-05-20
node/4703374692,Los Ángeles,Futaleufú,Chile,-43.1859713,-71.8646751,high,75,osm-chile-hotel-focused-choice-cala-2026-05-20
node/4705812510,Hostería Miller,,Chile,-40.5977591,-73.7362765,medium,55,osm-chile-hotel-focused-choice-cala-2026-05-20
node/4708200836,Hostal Albatross,,Chile,-51.7251137,-72.5074079,medium,55,osm-chile-hotel-focused-choice-cala-2026-05-20
node/4708200837,Gerys,,Chile,-51.7254397,-72.5090231,medium,55,osm-chile-hotel-focused-choice-cala-2026-05-20
node/4708201101,Keoken,,Chile,-51.7253148,-72.5099513,medium,55,osm-chile-hotel-focused-choice-cala-2026-05-20
node/4708201500,El Mundial,,Chile,-51.7262347,-72.5085212,medium,55,osm-chile-hotel-focused-choice-cala-2026-05-20
node/4708201618,Lote 22,,Chile,-51.7260546,-72.5052725,medium,55,osm-chile-hotel-focused-choice-cala-2026-05-20
node/4708342389,casa de familia lehue,,Chile,-41.3191099,-72.6946619,medium,55,osm-chile-hotel-focused-choice-cala-2026-05-20
node/4709192391,Tatai's,,Chile,-22.9084266,-68.1973835,medium,55,osm-chile-hotel-focused-choice-cala-2026-05-20
node/4709976289,Costa Norte,,Chile,-20.2188155,-70.1526763,medium,55,osm-chile-hotel-focused-choice-cala-2026-05-20
node/4713243277,Hospedaje Mwono Natales,,Chile,-51.7273095,-72.5100661,medium,55,osm-chile-hotel-focused-choice-cala-2026-05-20
node/4713264235,Hostal Mary,,Chile,-51.7244255,-72.5087947,medium,55,osm-chile-hotel-focused-choice-cala-2026-05-20
node/4713264239,Hospedaje Alicia,,Chile,-51.7249086,-72.5099685,medium,55,osm-chile-hotel-focused-choice-cala-2026-05-20
node/4713264269,Hostal Picada de Carlitos,,Chile,-51.7279212,-72.5087024,medium,55,osm-chile-hotel-focused-choice-cala-2026-05-20
node/4713264646,Aqua Terra Lodge,,Chile,-51.728115,-72.5084246,medium,55,osm-chile-hotel-focused-choice-cala-2026-05-20
node/4714175291,Casa Roa,Linares,CL,-35.842732,-71.5991462,high,85,osm-chile-hotel-focused-choice-cala-2026-05-20
node/4715775493,Residencial Los Regalones,,Chile,-47.8010426,-73.5354524,medium,55,osm-chile-hotel-focused-choice-cala-2026-05-20
node/4715803690,Residencial Ingri,,Chile,-47.796135,-73.5333901,medium,65,osm-chile-hotel-focused-choice-cala-2026-05-20
node/4715888590,Mirador de Niebla,,Chile,-39.8609483,-73.3930006,high,70,osm-chile-hotel-focused-choice-cala-2026-05-20
node/4717113590,Bolteadero Alameda,,Chile,-35.4233111,-71.6594552,medium,55,osm-chile-hotel-focused-choice-cala-2026-05-20
node/4718313695,Hostal dos Lagunas,,Chile,-51.7265121,-72.5104106,medium,55,osm-chile-hotel-focused-choice-cala-2026-05-20
node/4719152389,Cabañas Nina - Pucón,Pucón,CL,-39.2873294,-71.9308521,high,85,osm-chile-hotel-focused-choice-cala-2026-05-20
node/4720540691,El Puesto,,Chile,-46.625005,-72.6777298,high,75,osm-chile-hotel-focused-choice-cala-2026-05-20
node/4720593989,Casa Oma,,Chile,-38.7223196,-73.0413435,medium,55,osm-chile-hotel-focused-choice-cala-2026-05-20
node/4721355591,Cabañas Casona Italiana,Lago Ranco,CL,-40.3199327,-72.477597,high,85,osm-chile-hotel-focused-choice-cala-2026-05-20
node/4723478689,Casa de la Lela,,Chile,-41.0383759,-73.414597,medium,60,osm-chile-hotel-focused-choice-cala-2026-05-20
node/4724745493,Hospedaje Castillo Amasandería-otros,,Chile,-46.1217784,-72.1577846,medium,55,osm-chile-hotel-focused-choice-cala-2026-05-20
node/4724766691,Hospedaje Austral,,Chile,-46.1217111,-72.1598662,medium,55,osm-chile-hotel-focused-choice-cala-2026-05-20
node/4724781193,Cabañas El Tropero,,Chile,-46.1219201,-72.1620643,medium,55,osm-chile-hotel-focused-choice-cala-2026-05-20
node/4724781389,Hostal El Rodeo,,Chile,-46.1225531,-72.1577926,medium,55,osm-chile-hotel-focused-choice-cala-2026-05-20
node/4727887789,Hostel Casa de Mama,,Chile,-42.925172,-72.7094535,high,70,osm-chile-hotel-focused-choice-cala-2026-05-20
node/4729110591,casa gladys,,Chile,-41.4747116,-72.9496111,medium,55,osm-chile-hotel-focused-choice-cala-2026-05-20
node/4735947924,Hostal La Serena,,Chile,-29.9096621,-71.2540544,medium,60,osm-chile-hotel-focused-choice-cala-2026-05-20
node/4738264124,Hostal Don Nicolas,Puerto Montt,CL,-41.4764893,-72.9577889,high,75,osm-chile-hotel-focused-choice-cala-2026-05-20
node/4738295021,Hostel MaPatagonia,Puerto Varas,CL,-41.3180163,-72.9882645,high,100,osm-chile-hotel-focused-choice-cala-2026-05-20
node/4738722221,Qapaq Raymi,,Chile,-27.0660804,-70.8228609,medium,60,osm-chile-hotel-focused-choice-cala-2026-05-20
node/4740749226,Nueva Esperanza,,Chile,-43.200367,-71.8295649,medium,55,osm-chile-hotel-focused-choice-cala-2026-05-20
node/4741469424,"Hostería Militar ""Cazadores""",Valdivia,CL,-39.8174557,-73.2315591,high,75,osm-chile-hotel-focused-choice-cala-2026-05-20
node/4741810726,Chill House,,Chile,-22.9403942,-68.1892642,high,85,osm-chile-hotel-focused-choice-cala-2026-05-20
node/4743199421,Hostal Doña Anita,,Chile,-53.1644423,-70.9150105,medium,60,osm-chile-hotel-focused-choice-cala-2026-05-20
node/4743899823,Chicos Malos,,Chile,-33.82328,-70.0612649,medium,55,osm-chile-hotel-focused-choice-cala-2026-05-20
node/4743957821,Cabañas de Colores,Villarrica,CL,-39.2791895,-72.22568,high,85,osm-chile-hotel-focused-choice-cala-2026-05-20
node/4744011626,Hostal del Jerez,,Chile,-22.4673192,-68.9260035,medium,60,osm-chile-hotel-focused-choice-cala-2026-05-20
node/4745130021,Cabañas Miramar,,Chile,-39.4295838,-73.2131626,medium,60,osm-chile-hotel-focused-choice-cala-2026-05-20
node/4746067724,Knutsen Housing & Hostal,,Chile,-33.4398994,-70.6308757,high,75,osm-chile-hotel-focused-choice-cala-2026-05-20
node/4747650823,Hosteria Romeo Alfa,,Chile,-43.1210292,-73.6220328,medium,55,osm-chile-hotel-focused-choice-cala-2026-05-20
node/4748102921,Mayara,,Chile,-41.4773469,-72.9530668,medium,55,osm-chile-hotel-focused-choice-cala-2026-05-20
node/4751681521,Casona Distante Eco Lodge,,Chile,-30.2347654,-70.4946587,medium,55,osm-chile-hotel-focused-choice-cala-2026-05-20
node/4752799021,Hostal French Andes,Pucón,CL,-39.2717357,-71.9712099,high,75,osm-chile-hotel-focused-choice-cala-2026-05-20
node/4754834421,Portal del Rio,,Chile,-39.2707895,-72.2409182,medium,65,osm-chile-hotel-focused-choice-cala-2026-05-20
node/4758035273,Edificio Don Eulogio,Villarrica,CL,-39.2825444,-72.2221989,high,75,osm-chile-hotel-focused-choice-cala-2026-05-20
node/4758035277,Cabañas Nicolas,Villarrica,CL,-39.2807517,-72.2279491,high,75,osm-chile-hotel-focused-choice-cala-2026-05-20
node/4758035473,Doña Gladis,,Chile,-44.3242641,-72.5572192,medium,55,osm-chile-hotel-focused-choice-cala-2026-05-20
node/4758042064,Hostal Azócar,,Chile,-45.5805297,-72.0755224,medium,60,osm-chile-hotel-focused-choice-cala-2026-05-20
node/4758480026,Hostal Don Beto,,Chile,-42.478771,-73.760777,medium,55,osm-chile-hotel-focused-choice-cala-2026-05-20
node/4758722143,La Flor de Chile,Villarrica,CL,-39.2890322,-72.2280241,high,75,osm-chile-hotel-focused-choice-cala-2026-05-20
node/4763689221,Lomita Quebrada,,Chile,-34.4201199,-72.0303775,high,85,osm-chile-hotel-focused-choice-cala-2026-05-20
node/4764020511,Cabañas Anahuac,Puerto Montt,CL,-41.4846391,-72.9770764,high,75,osm-chile-hotel-focused-choice-cala-2026-05-20
node/4764025421,Las Vertientes Cabanas y Camping,,Chile,-34.8085783,-71.215241,medium,65,osm-chile-hotel-focused-choice-cala-2026-05-20
node/4764121824,Hospedaje,,Chile,-39.8121265,-73.2411253,medium,55,osm-chile-hotel-focused-choice-cala-2026-05-20
node/4767265451,Hospedaje Charita,,Chile,-53.1650659,-70.9179652,medium,60,osm-chile-hotel-focused-choice-cala-2026-05-20
node/4768142723,Hostal Casa Gavilea,,Chile,-39.5660964,-72.0083138,high,80,osm-chile-hotel-focused-choice-cala-2026-05-20
node/4772116021,Los Queñes,,Chile,-34.9858105,-71.244092,medium,60,osm-chile-hotel-focused-choice-cala-2026-05-20
node/4773815121,La Casa Azul Hostel,,Chile,-33.0477121,-71.6218022,high,70,osm-chile-hotel-focused-choice-cala-2026-05-20
node/4775885264,Hernan acun,,Chile,-40.9456997,-73.4056826,medium,55,osm-chile-hotel-focused-choice-cala-2026-05-20
node/4775885271,Elvira aucapan,,Chile,-40.9309276,-73.426777,medium,55,osm-chile-hotel-focused-choice-cala-2026-05-20
node/4775885272,Luis alberto ruiz,,Chile,-40.9491862,-73.4498199,medium,55,osm-chile-hotel-focused-choice-cala-2026-05-20
node/4775885728,Jose hulitraro 2,,Chile,-40.6085772,-73.3828671,medium,55,osm-chile-hotel-focused-choice-cala-2026-05-20
node/4775885731,Jose velasque,,Chile,-40.9410672,-73.4440532,medium,55,osm-chile-hotel-focused-choice-cala-2026-05-20
node/4775885914,Carlos contreras,,Chile,-40.5998738,-73.3983839,medium,55,osm-chile-hotel-focused-choice-cala-2026-05-20
node/4775885915,Luis hulitraro,,Chile,-40.6079052,-73.3808713,medium,55,osm-chile-hotel-focused-choice-cala-2026-05-20
node/4775885916,Carlos huicha,,Chile,-40.6085379,-73.3578957,medium,55,osm-chile-hotel-focused-choice-cala-2026-05-20
node/4775888429,Victor aguila,,Chile,-40.5955084,-73.40289,medium,55,osm-chile-hotel-focused-choice-cala-2026-05-20
node/4775888430,Hernan huilitraro,,Chile,-40.61273,-73.3829298,medium,55,osm-chile-hotel-focused-choice-cala-2026-05-20
node/4775888431,Magali hulitarro,,Chile,-40.6123623,-73.3811441,medium,55,osm-chile-hotel-focused-choice-cala-2026-05-20
node/4775888432,Jose hulitraro,,Chile,-40.6084825,-73.3815605,medium,55,osm-chile-hotel-focused-choice-cala-2026-05-20
node/4775888433,Jose flores,,Chile,-40.6130054,-73.3667769,medium,55,osm-chile-hotel-focused-choice-cala-2026-05-20
node/4775917526,Olga Barría,,Chile,-40.951431,-73.4499266,medium,55,osm-chile-hotel-focused-choice-cala-2026-05-20
node/4775917527,Orlando martines,,Chile,-40.9254302,-73.4474536,medium,55,osm-chile-hotel-focused-choice-cala-2026-05-20
node/4777374628,Hostal Alto Palguin,Pucón,CL,-39.2790213,-71.9720284,high,75,osm-chile-hotel-focused-choice-cala-2026-05-20
node/4777945527,Hostal Endless SKY,,Chile,-53.1557682,-70.8932347,medium,60,osm-chile-hotel-focused-choice-cala-2026-05-20
node/4778624122,Isaias guerrero,,Chile,-40.9486121,-73.5255665,medium,55,osm-chile-hotel-focused-choice-cala-2026-05-20
node/4778624321,Pauka arriagada,,Chile,-40.9553524,-73.5173279,medium,55,osm-chile-hotel-focused-choice-cala-2026-05-20
node/4778624322,Blanca neli fierro,,Chile,-40.9495561,-73.522689,medium,55,osm-chile-hotel-focused-choice-cala-2026-05-20
node/4778624323,Ilda wyska,,Chile,-40.9472994,-73.523355,medium,55,osm-chile-hotel-focused-choice-cala-2026-05-20
node/4780036822,Futura casa Augosto,,Chile,-39.4660333,-72.2874615,medium,55,osm-chile-hotel-focused-choice-cala-2026-05-20
node/4780074721,Casa Augosto Llanquinao,,Chile,-39.4548578,-72.254377,medium,55,osm-chile-hotel-focused-choice-cala-2026-05-20
node/4780995321,Departamentos Diarios,,Chile,-23.564843,-70.3865782,high,85,osm-chile-hotel-focused-choice-cala-2026-05-20
node/4782098528,Residencial,,Chile,-42.4806154,-73.7659557,medium,55,osm-chile-hotel-focused-choice-cala-2026-05-20
node/4782114427,Hostal Trekapangui,,Chile,-42.9141624,-72.705756,medium,55,osm-chile-hotel-focused-choice-cala-2026-05-20
node/4783421323,Hostel Nel Mar,,Chile,-37.0948645,-72.5609472,medium,60,osm-chile-hotel-focused-choice-cala-2026-05-20
node/4784719332,Club Travel de Chile,,Chile,-41.3299422,-72.9606863,medium,55,osm-chile-hotel-focused-choice-cala-2026-05-20
node/4785891922,CLH Suites Santiago,,Chile,-33.4421616,-70.647946,high,70,osm-chile-hotel-focused-choice-cala-2026-05-20
node/4786525644,Bahía Coique,,Chile,-40.1404936,-72.4642741,medium,55,osm-chile-hotel-focused-choice-cala-2026-05-20
node/4787166029,El Oasis de Huanto,,Chile,-29.8462025,-70.3912345,medium,55,osm-chile-hotel-focused-choice-cala-2026-05-20
node/4787364021,Janito,,Chile,-46.8438311,-72.7054804,medium,55,osm-chile-hotel-focused-choice-cala-2026-05-20
node/4787401822,Dorotea Patagonia Hostel,,Chile,-51.7266312,-72.4890407,high,70,osm-chile-hotel-focused-choice-cala-2026-05-20
node/4788645247,Cabañas y Hostal Athena,Huasco,Chile,-28.4659792,-71.2216458,high,75,osm-chile-hotel-focused-choice-cala-2026-05-20
node/4788645254,Hostal Pelantaru,,Chile,-28.466684,-71.2173805,medium,55,osm-chile-hotel-focused-choice-cala-2026-05-20
node/4788736686,Al Yaras,Vicuña,Chile,-30.0175245,-70.6107849,high,90,osm-chile-hotel-focused-choice-cala-2026-05-20
node/4792092322,Nueva Luna,,Chile,-22.4603316,-68.9248472,high,70,osm-chile-hotel-focused-choice-cala-2026-05-20
node/4792338223,"Cabaña Galvarino, Natales",,Chile,-51.7314156,-72.4959182,high,70,osm-chile-hotel-focused-choice-cala-2026-05-20
node/4793208321,Irreal Hostal,,Chile,-33.438975,-70.6675033,high,70,osm-chile-hotel-focused-choice-cala-2026-05-20
node/4799972622,Entre Palafitos,,Chile,-42.472525,-73.7632366,high,85,osm-chile-hotel-focused-choice-cala-2026-05-20
node/4802498388,Lodge Colbun,Colbun,Chile,-35.7045467,-71.3032787,high,75,osm-chile-hotel-focused-choice-cala-2026-05-20
node/4802571921,El Toconar,,Chile,-22.9151812,-68.1947775,medium,60,osm-chile-hotel-focused-choice-cala-2026-05-20
node/4802572021,EcoExplor,,Chile,-22.9145788,-68.1951738,medium,60,osm-chile-hotel-focused-choice-cala-2026-05-20
node/4802617721,Vinn Haus,,Chile,-51.7274934,-72.5049001,medium,60,osm-chile-hotel-focused-choice-cala-2026-05-20
node/4804230321,Cabañas Paimun,,Chile,-39.2754829,-71.9674323,medium,55,osm-chile-hotel-focused-choice-cala-2026-05-20
node/4806019090,Cabañas Swart,,Chile,-40.6242169,-73.0770875,medium,55,osm-chile-hotel-focused-choice-cala-2026-05-20
node/4806745622,Hotel Nuevo Amanecer,,Chile,-22.4647658,-68.926674,high,70,osm-chile-hotel-focused-choice-cala-2026-05-20
node/4806763321,La pioca,,Chile,-32.800801,-71.1451327,medium,55,osm-chile-hotel-focused-choice-cala-2026-05-20
node/4808517621,Bellas Artes Hostel,,Chile,-33.431817,-70.6420164,high,70,osm-chile-hotel-focused-choice-cala-2026-05-20
node/4808517624,Cupido,,Chile,-33.6122397,-70.5755798,medium,60,osm-chile-hotel-focused-choice-cala-2026-05-20
node/4808517821,Hostel Casa Mosaico,,Chile,-33.4323811,-70.6421829,medium,60,osm-chile-hotel-focused-choice-cala-2026-05-20
node/4810074533,La Chabelita,,Chile,-37.4623538,-72.5839003,medium,55,osm-chile-hotel-focused-choice-cala-2026-05-20
node/4810439421,Don Joaquín,,Chile,-45.5896723,-72.0862479,medium,55,osm-chile-hotel-focused-choice-cala-2026-05-20
node/4812004823,Hostel casa,,Chile,-46.62578,-72.673967,medium,55,osm-chile-hotel-focused-choice-cala-2026-05-20
node/4812004929,Hospedaje America,,Chile,-42.4840219,-73.7619518,medium,55,osm-chile-hotel-focused-choice-cala-2026-05-20
node/4812005139,Hospedaje Chiloé,Castro,Chile,-42.4776118,-73.7634956,high,75,osm-chile-hotel-focused-choice-cala-2026-05-20
node/4813554322,Hostal Diemi,,Chile,-22.9027857,-68.199579,medium,55,osm-chile-hotel-focused-choice-cala-2026-05-20
node/4814375521,Tatai's,,Chile,-22.9083726,-68.1971887,medium,55,osm-chile-hotel-focused-choice-cala-2026-05-20
node/4814412422,Hospedaje Icalma,Melipeuco,Chile,-38.8521933,-71.6887022,high,75,osm-chile-hotel-focused-choice-cala-2026-05-20
node/4815999721,Miguel's place,,Chile,-53.1303766,-70.9138701,medium,55,osm-chile-hotel-focused-choice-cala-2026-05-20
node/4816602221,Elisa guatiao,,Chile,-40.8627048,-73.368266,medium,55,osm-chile-hotel-focused-choice-cala-2026-05-20
node/4824923313,Aldea Meme,,Chile,-29.9855892,-70.9489214,medium,55,osm-chile-hotel-focused-choice-cala-2026-05-20
node/4826264408,WankaLodge Valle,,Chile,-34.0842123,-71.921337,medium,55,osm-chile-hotel-focused-choice-cala-2026-05-20
node/4826264410,El Arrayán de Puertecillo,,Chile,-34.0696802,-71.9243427,medium,55,osm-chile-hotel-focused-choice-cala-2026-05-20
node/4827607528,El Melado,,Chile,-35.8624171,-71.1231395,medium,55,osm-chile-hotel-focused-choice-cala-2026-05-20
node/4829694723,biota maule,,Chile,-35.6032048,-71.0759216,high,70,osm-chile-hotel-focused-choice-cala-2026-05-20
node/4834850810,WanderLux Cabin,,Chile,-41.3200324,-72.8887568,medium,55,osm-chile-hotel-focused-choice-cala-2026-05-20
node/4834850937,Cabañas,,Chile,-41.3151251,-72.887901,medium,55,osm-chile-hotel-focused-choice-cala-2026-05-20
node/4839814779,Atacama Adventure,San Pedero de Atacama,CL,-22.9263213,-68.1987822,high,85,osm-chile-hotel-focused-choice-cala-2026-05-20
node/4840851696,Motel Sunset,,Chile,-33.0249402,-71.5282542,medium,55,osm-chile-hotel-focused-choice-cala-2026-05-20
node/4844311984,Hostal Lluvias del Sur,Valdivia,CL,-39.8254704,-73.2489639,high,75,osm-chile-hotel-focused-choice-cala-2026-05-20
node/4844311987,Hospedaje María Elena,,Chile,-39.8253893,-73.2485734,medium,55,osm-chile-hotel-focused-choice-cala-2026-05-20
node/4844807234,Departamentos Incahuasi,Bahia Inglesa,Chile,-27.1030689,-70.8523247,high,90,osm-chile-hotel-focused-choice-cala-2026-05-20
node/4844898222,Lastrarria Santiago Suítes Apartments,,Chile,-33.4388286,-70.6420594,medium,60,osm-chile-hotel-focused-choice-cala-2026-05-20
node/4844900022,Residencial en Familia,San Vicente de Tagua Tagua,Chile,-34.4363854,-71.0836843,high,75,osm-chile-hotel-focused-choice-cala-2026-05-20
node/4845962021,Garaje Don Nicanor Barriga,,Chile,-18.4881821,-70.2875384,medium,55,osm-chile-hotel-focused-choice-cala-2026-05-20
node/4852742404,Hotal Bellava,,Chile,-33.0483026,-71.6225105,medium,55,osm-chile-hotel-focused-choice-cala-2026-05-20
node/4856262736,Brisas del Lago,,Chile,-46.538421,-71.724592,high,80,osm-chile-hotel-focused-choice-cala-2026-05-20
node/4860244621,Hostal Casa Amarilla,San Vicente,Chile,-34.4440044,-71.0745172,high,85,osm-chile-hotel-focused-choice-cala-2026-05-20
node/4860376022,Hostel Patiperro,,Chile,-34.39527,-72.0247197,high,75,osm-chile-hotel-focused-choice-cala-2026-05-20
node/4863118125,Hosteria Outsider,Puerto Varas,CL,-41.3168492,-72.9856611,high,100,osm-chile-hotel-focused-choice-cala-2026-05-20
node/4866521421,San Lorenzo,,Chile,-27.364423,-70.3390284,medium,65,osm-chile-hotel-focused-choice-cala-2026-05-20
node/4868087222,Hostal Hultur,,Chile,-22.9084288,-68.1974777,medium,55,osm-chile-hotel-focused-choice-cala-2026-05-20
node/4868794311,Hotel Rukalaf,,Chile,-36.6091091,-72.1036747,medium,55,osm-chile-hotel-focused-choice-cala-2026-05-20
node/4870204721,Hotel - Restaurante Britania,,Chile,-27.382747,-70.3367553,medium,55,osm-chile-hotel-focused-choice-cala-2026-05-20
node/4872124924,Lastarria,,Chile,-33.4402618,-70.6413884,medium,60,osm-chile-hotel-focused-choice-cala-2026-05-20
node/4872130821,QENK,,CL,-33.4401023,-70.641387,medium,60,osm-chile-hotel-focused-choice-cala-2026-05-20
node/4873076524,no me olvides,,Chile,-34.4102437,-70.8549119,medium,55,osm-chile-hotel-focused-choice-cala-2026-05-20
node/4874201875,Bosques del Lago,,Chile,-39.3040256,-72.0779726,medium,60,osm-chile-hotel-focused-choice-cala-2026-05-20
node/4874201887,Altos el Lago,,Chile,-39.3056922,-72.0775912,medium,60,osm-chile-hotel-focused-choice-cala-2026-05-20
node/4880910206,Elqui Lombo,,Chile,-30.0065636,-70.8150839,medium,55,osm-chile-hotel-focused-choice-cala-2026-05-20
node/4883889423,Posada Stutgart,,Chile,-53.5468255,-68.7456844,medium,55,osm-chile-hotel-focused-choice-cala-2026-05-20
node/4884370523,Hostal El Esfuerzo,,Chile,-52.7782189,-69.2958883,medium,55,osm-chile-hotel-focused-choice-cala-2026-05-20
node/4892251530,Hostal Nancy,,Chile,-51.7293273,-72.4983798,high,70,osm-chile-hotel-focused-choice-cala-2026-05-20
node/4897638359,Santa Cecilia,,Chile,-36.1337892,-72.7957286,medium,65,osm-chile-hotel-focused-choice-cala-2026-05-20
node/4897638360,Rincón Costero,,Chile,-36.1329489,-72.7919201,medium,65,osm-chile-hotel-focused-choice-cala-2026-05-20
node/4897638361,Altamira,,Chile,-36.1348017,-72.7970603,medium,55,osm-chile-hotel-focused-choice-cala-2026-05-20
node/4897638362,Torre de Piedra,,Chile,-36.1334809,-72.7958994,medium,65,osm-chile-hotel-focused-choice-cala-2026-05-20
node/4910728438,Rotonda del Cautin,,Chile,-38.4618355,-71.7104566,medium,55,osm-chile-hotel-focused-choice-cala-2026-05-20
node/4911196021,Hostal Milan,,Chile,-29.90805,-71.2518205,medium,55,osm-chile-hotel-focused-choice-cala-2026-05-20
node/4912962055,Hostal Eben Ezer,,Chile,-35.5869068,-72.2796735,medium,55,osm-chile-hotel-focused-choice-cala-2026-05-20
node/4913410021,Hotel Vitara,,Chile,-36.8161368,-73.0549674,medium,60,osm-chile-hotel-focused-choice-cala-2026-05-20
node/4914839388,Asociacion Mutialistas HUAP,,Chile,-33.4980925,-71.6162601,medium,55,osm-chile-hotel-focused-choice-cala-2026-05-20
node/4917794121,Carelmapu surf b&b,,Chile,-41.7323062,-73.6916741,high,95,osm-chile-hotel-focused-choice-cala-2026-05-20
node/4919494121,Pension y hospedaje y restaurant,,Chile,-34.1718905,-70.72829,medium,55,osm-chile-hotel-focused-choice-cala-2026-05-20
node/4919896014,Luciano K,Santiago,Chile,-33.436986,-70.6364941,high,75,osm-chile-hotel-focused-choice-cala-2026-05-20
node/4924524665,Hotel Capitania,,Chile,-23.0998389,-70.4523091,medium,55,osm-chile-hotel-focused-choice-cala-2026-05-20
node/4928948722,Residencial Señora Elba,,Chile,-43.8990986,-73.7450537,medium,55,osm-chile-hotel-focused-choice-cala-2026-05-20
node/4928983421,Mareas de Ralun,,Chile,-41.3827969,-72.3222416,medium,60,osm-chile-hotel-focused-choice-cala-2026-05-20
node/4929203722,Casa Tapihue,,Chile,-33.2910202,-71.2882658,high,85,osm-chile-hotel-focused-choice-cala-2026-05-20
node/4932449380,Cabañas Ancud,,Chile,-41.8688706,-73.746494,medium,55,osm-chile-hotel-focused-choice-cala-2026-05-20
node/4932449383,Kimpiyan,,Chile,-41.8685596,-73.7478965,medium,55,osm-chile-hotel-focused-choice-cala-2026-05-20
node/4933604621,Backpackers Nataly,,Chile,-51.729474,-72.501381,medium,55,osm-chile-hotel-focused-choice-cala-2026-05-20
node/4944400922,Matias' place,,Chile,-32.9317116,-71.5349285,medium,55,osm-chile-hotel-focused-choice-cala-2026-05-20
node/4946077423,Cabanas Dona Leo,,Chile,-46.2831753,-71.9455105,medium,55,osm-chile-hotel-focused-choice-cala-2026-05-20
node/4950176522,Hospedaje Daniela,,Chile,-45.5724675,-72.0568378,high,70,osm-chile-hotel-focused-choice-cala-2026-05-20
node/4951507933,Cabañas LILEM,Frutillar,CL,-41.1298386,-73.0575605,high,75,osm-chile-hotel-focused-choice-cala-2026-05-20
node/4955980022,Hostal El Aji Rojo,,Chile,-27.0674609,-70.820359,high,70,osm-chile-hotel-focused-choice-cala-2026-05-20
node/4958785031,Mulchen,,Chile,-37.729848,-72.2367378,high,70,osm-chile-hotel-focused-choice-cala-2026-05-20
node/4964740122,Chez Jérôme,,Chile,-27.161655,-109.4402983,medium,55,osm-chile-hotel-focused-choice-cala-2026-05-20
node/4969070921,Hard Road Atacama,San Pedro de Atacama,Chile,-22.9109901,-68.2057476,high,75,osm-chile-hotel-focused-choice-cala-2026-05-20
node/4972898343,Hostal Hoja de Parra,,Chile,-34.655145,-71.340337,medium,55,osm-chile-hotel-focused-choice-cala-2026-05-20
node/4977737924,don alejandro's place,,Chile,-39.3992066,-71.5473073,medium,55,osm-chile-hotel-focused-choice-cala-2026-05-20
node/4980342221,Cabañas Nadime,,Chile,-39.4916528,-72.1545963,high,70,osm-chile-hotel-focused-choice-cala-2026-05-20
node/4983924321,Arriendo centro basico,,Chile,-37.2806432,-72.712087,medium,60,osm-chile-hotel-focused-choice-cala-2026-05-20
node/4983924322,Arriendo Valdivia 254,,Chile,-37.272809,-72.7143001,medium,55,osm-chile-hotel-focused-choice-cala-2026-05-20
node/4983928321,Arriendo Mario Garrido,,Chile,-37.2714856,-72.7129737,medium,55,osm-chile-hotel-focused-choice-cala-2026-05-20
node/4984101665,Motel Sol & Luna,Santiago,Chile,-33.4518044,-70.6660902,high,75,osm-chile-hotel-focused-choice-cala-2026-05-20
node/4990921508,Hostal Dunas de Pupuya,,Chile,-33.9859361,-71.8765687,medium,55,osm-chile-hotel-focused-choice-cala-2026-05-20
node/4990921509,Jaibas de Pupuya,,Chile,-33.986243,-71.8755763,medium,55,osm-chile-hotel-focused-choice-cala-2026-05-20
node/4991813221,Hostal Casa Satya,Pucón,CL,-39.2749081,-71.9653723,high,85,osm-chile-hotel-focused-choice-cala-2026-05-20
node/4997483821,Casa Kultour,,Chile,-33.0429709,-71.6286361,high,70,osm-chile-hotel-focused-choice-cala-2026-05-20
node/5007314522,Super Carnes,,Chile,-33.4457648,-70.6349432,medium,60,osm-chile-hotel-focused-choice-cala-2026-05-20
node/5007844222,Cabañas Borde Cañi,,Chile,-39.2678651,-71.7777726,medium,55,osm-chile-hotel-focused-choice-cala-2026-05-20
node/5008536121,Casa de huéspedes,,Chile,-33.0307973,-71.5747904,medium,60,osm-chile-hotel-focused-choice-cala-2026-05-20
node/5009373622,Hostal Enrique's,,Chile,-44.7255371,-72.6832319,medium,55,osm-chile-hotel-focused-choice-cala-2026-05-20
node/5009890106,Castillo Medieval,,Chile,-33.0277672,-71.564992,medium,55,osm-chile-hotel-focused-choice-cala-2026-05-20
node/5009891121,CasaMoro,,Chile,-33.0266209,-71.5670185,medium,55,osm-chile-hotel-focused-choice-cala-2026-05-20
node/5015345513,Tulipan del Lago,,Chile,-41.2861497,-72.9810682,medium,55,osm-chile-hotel-focused-choice-cala-2026-05-20
node/5015652221,Hotel Hallef,,Chile,-51.7299394,-72.4980826,high,75,osm-chile-hotel-focused-choice-cala-2026-05-20
node/5024417421,Cabañas,,Chile,-42.1457553,-73.4899888,medium,55,osm-chile-hotel-focused-choice-cala-2026-05-20
node/5029460443,Cabañas Alondra,,Chile,-41.3464343,-72.9571044,medium,55,osm-chile-hotel-focused-choice-cala-2026-05-20
node/5034703897,Hostal Caleta Abarca,Viña del Mar,Chile,-33.0253274,-71.5657801,high,75,osm-chile-hotel-focused-choice-cala-2026-05-20
node/5034703898,Hostal Larache,Viña del Mar,Chile,-33.02527,-71.5658324,high,75,osm-chile-hotel-focused-choice-cala-2026-05-20
node/5054989721,Casa Barón,Valparaíso,Chile,-33.0444556,-71.6020209,high,75,osm-chile-hotel-focused-choice-cala-2026-05-20
node/5056971121,Hostal America 2,,Chile,-22.4441885,-68.9309726,medium,55,osm-chile-hotel-focused-choice-cala-2026-05-20
node/5056971123,Hotel Palmera,,Chile,-22.4499988,-68.9322474,medium,55,osm-chile-hotel-focused-choice-cala-2026-05-20
node/5056971421,Hotel X&L,,Chile,-22.4544131,-68.9300558,medium,55,osm-chile-hotel-focused-choice-cala-2026-05-20
node/5056971521,Hotel Pia,,Chile,-22.4591622,-68.9287613,medium,55,osm-chile-hotel-focused-choice-cala-2026-05-20
node/5056971622,Hotel Nuevo Amanecer,,Chile,-22.464693,-68.9266159,medium,55,osm-chile-hotel-focused-choice-cala-2026-05-20
node/5057054121,Hostal del Valle,,Chile,-22.462718,-68.9293908,medium,55,osm-chile-hotel-focused-choice-cala-2026-05-20
node/5058483823,Hotel Anpaymi,,Chile,-22.4626184,-68.9252812,medium,55,osm-chile-hotel-focused-choice-cala-2026-05-20
node/5058497021,Hotel Aymara,,Chile,-22.4592078,-68.9272847,medium,55,osm-chile-hotel-focused-choice-cala-2026-05-20
node/5058497121,Residencial Alecris,,Chile,-22.4587568,-68.9277126,medium,55,osm-chile-hotel-focused-choice-cala-2026-05-20
node/5059406725,Residencial Mely,,Chile,-22.4640581,-68.9269246,medium,55,osm-chile-hotel-focused-choice-cala-2026-05-20
node/5061019423,Alojamiento Martínez,,Chile,-22.8923706,-69.3201982,medium,55,osm-chile-hotel-focused-choice-cala-2026-05-20
node/5061019525,Hostal Santa Maria,,Chile,-22.8915874,-69.3209917,medium,55,osm-chile-hotel-focused-choice-cala-2026-05-20
node/5061019526,Hostal Rayencura,,Chile,-22.8914508,-69.3213705,medium,55,osm-chile-hotel-focused-choice-cala-2026-05-20
node/5061019627,Hostal Sierra Gorda,,Chile,-22.8904599,-69.3197984,medium,55,osm-chile-hotel-focused-choice-cala-2026-05-20
node/5062532326,Hospedaje Baquedano,,Chile,-23.3337988,-69.8422129,medium,55,osm-chile-hotel-focused-choice-cala-2026-05-20
node/5062532328,Hotel Onyx,,Chile,-23.3350121,-69.844129,medium,55,osm-chile-hotel-focused-choice-cala-2026-05-20
node/5063236024,Restaurant Hotel Espinakeitor,,Chile,-23.332951,-69.8407548,medium,55,osm-chile-hotel-focused-choice-cala-2026-05-20
node/5067664021,apart arturo prat,Santiago,Chile,-33.4501435,-70.6489401,high,75,osm-chile-hotel-focused-choice-cala-2026-05-20
node/5069477191,Lodge Landhaus Pucón,Pucón,CL,-39.2301799,-71.8360799,high,85,osm-chile-hotel-focused-choice-cala-2026-05-20
node/5071921022,Hosteria Luna Mar,,Chile,-25.5547258,-70.3438064,medium,55,osm-chile-hotel-focused-choice-cala-2026-05-20
node/5071940204,Posada Don Edwar,,Chile,-32.6446891,-71.4314775,medium,55,osm-chile-hotel-focused-choice-cala-2026-05-20
node/5071940207,Cabañas JC,,Chile,-32.6446113,-71.4336841,medium,55,osm-chile-hotel-focused-choice-cala-2026-05-20
node/5072163121,Hotel Las Brisas,,Chile,-25.4069459,-70.4840378,medium,55,osm-chile-hotel-focused-choice-cala-2026-05-20
node/5072163221,San Martin Hotel,,Chile,-25.4090306,-70.4871553,medium,55,osm-chile-hotel-focused-choice-cala-2026-05-20
node/5072296321,Hostal y Restaurant El Tambo,Ollagüe,Chile,-21.2255246,-68.2526699,high,75,osm-chile-hotel-focused-choice-cala-2026-05-20
node/5073283924,Paposo Inn Hostel,,Chile,-25.4101056,-70.4887521,medium,55,osm-chile-hotel-focused-choice-cala-2026-05-20
node/5073871623,Hospederia Taltal,,Chile,-25.4081252,-70.4876863,medium,55,osm-chile-hotel-focused-choice-cala-2026-05-20
node/5074605330,Hostería Piedra Blanca,,Chile,-25.4119682,-70.4830557,medium,55,osm-chile-hotel-focused-choice-cala-2026-05-20
node/5074618821,Gali,,Chile,-25.4106755,-70.4815402,medium,55,osm-chile-hotel-focused-choice-cala-2026-05-20
node/5075899324,La Kasa Del Rio,,Chile,-22.9038704,-68.2059249,medium,55,osm-chile-hotel-focused-choice-cala-2026-05-20
node/5077777824,Lodge Ecológico Pan de Azúcar,,Chile,-26.1483423,-70.6662718,medium,55,osm-chile-hotel-focused-choice-cala-2026-05-20
node/5077788326,Hotel Nuria,Chañaral,Chile,-26.3469094,-70.6235695,high,75,osm-chile-hotel-focused-choice-cala-2026-05-20
node/5077903225,Hotel Mini,,Chile,-26.3495211,-70.6279525,medium,55,osm-chile-hotel-focused-choice-cala-2026-05-20
node/5077939121,Hostal Anfossi,,Chile,-26.347638,-70.6206014,medium,55,osm-chile-hotel-focused-choice-cala-2026-05-20
node/5077993022,Aqualuna Hotel,Chañaral,Chile,-26.3467483,-70.6220029,high,75,osm-chile-hotel-focused-choice-cala-2026-05-20
node/5077993023,Hotel Jimenez,Chañaral,Chile,-26.3465322,-70.6217592,high,75,osm-chile-hotel-focused-choice-cala-2026-05-20
node/5079631028,Remota Patagonia Lodge,Puerto Natales,Chile,-51.7075116,-72.5086394,high,85,osm-chile-hotel-focused-choice-cala-2026-05-20
node/5080265524,Residencial Yanina,,Chile,-27.0664426,-70.818035,medium,55,osm-chile-hotel-focused-choice-cala-2026-05-20
node/5080265525,Apart Hotel Caldera,,Chile,-27.0658455,-70.8185677,medium,55,osm-chile-hotel-focused-choice-cala-2026-05-20
node/5080265526,Hostal Akana,,Chile,-27.0663743,-70.8198646,medium,55,osm-chile-hotel-focused-choice-cala-2026-05-20
node/5080265528,Montecarlo Hotel,,Chile,-27.0689294,-70.8234614,medium,55,osm-chile-hotel-focused-choice-cala-2026-05-20
node/5080265530,Hotel Terrasol,,Chile,-27.0666179,-70.8218457,medium,55,osm-chile-hotel-focused-choice-cala-2026-05-20
node/5080265622,Hoteleria San Lorenzo,,Chile,-27.0667993,-70.8211328,medium,55,osm-chile-hotel-focused-choice-cala-2026-05-20
node/5080265623,Hotel Millaray,,Chile,-27.0663772,-70.8214432,medium,55,osm-chile-hotel-focused-choice-cala-2026-05-20
node/5080265625,Hostal Antonia,,Chile,-27.0667486,-70.8192758,medium,55,osm-chile-hotel-focused-choice-cala-2026-05-20
node/5080265730,Hotel Montriri,Caldera,Chile,-27.0668971,-70.8208034,high,85,osm-chile-hotel-focused-choice-cala-2026-05-20
node/5080265731,Hotel Costa Fósil,Caldera,Chile,-27.0675141,-70.8235089,high,75,osm-chile-hotel-focused-choice-cala-2026-05-20
node/5080271121,Hotel Quinta Estación,,Chile,-27.0655188,-70.8217914,medium,55,osm-chile-hotel-focused-choice-cala-2026-05-20
node/5082470823,Hostal Cactus,,Chile,-27.3611749,-70.3322708,medium,55,osm-chile-hotel-focused-choice-cala-2026-05-20
node/5082476421,Hotel Il Riposo,,Chile,-27.3675061,-70.3336381,medium,55,osm-chile-hotel-focused-choice-cala-2026-05-20
node/5082790321,Hotel Altos de Atacama,,Chile,-27.3624992,-70.3344301,medium,55,osm-chile-hotel-focused-choice-cala-2026-05-20
node/5082790322,Hostal Flor del desierto,,Chile,-27.3627415,-70.3346073,medium,60,osm-chile-hotel-focused-choice-cala-2026-05-20
node/5082790324,Hotel Los Girasoles,,Chile,-27.364482,-70.3365719,medium,55,osm-chile-hotel-focused-choice-cala-2026-05-20
node/5082790421,Hotel Portal del Norte,,Chile,-27.3628742,-70.334741,medium,60,osm-chile-hotel-focused-choice-cala-2026-05-20
node/5082816447,Babait Hostel Pucón - בבית פוקון,Pucón,CL,-39.2751862,-71.9646378,high,75,osm-chile-hotel-focused-choice-cala-2026-05-20
node/5086938023,Hospedaje,,Chile,-28.5748556,-70.7640716,medium,60,osm-chile-hotel-focused-choice-cala-2026-05-20
node/5086938025,Hotel Garra de Leon,,Chile,-28.5776395,-70.7590998,medium,55,osm-chile-hotel-focused-choice-cala-2026-05-20
node/5086938222,Hotel Takia,,Chile,-28.5747538,-70.7623792,medium,60,osm-chile-hotel-focused-choice-cala-2026-05-20
node/5086938223,L&Z Hospedaje,,Chile,-28.5745176,-70.7628296,medium,55,osm-chile-hotel-focused-choice-cala-2026-05-20
node/5086938224,Hostal Santa Elvira,,Chile,-28.5742072,-70.763392,medium,55,osm-chile-hotel-focused-choice-cala-2026-05-20
node/5086938228,Hostal Serrano,,Chile,-28.575331,-70.7625713,medium,60,osm-chile-hotel-focused-choice-cala-2026-05-20
node/5086938422,Residencial Prat,,Chile,-28.5740922,-70.7634765,medium,60,osm-chile-hotel-focused-choice-cala-2026-05-20
node/5086938423,Hostal Viña del Mar,,Chile,-28.5752637,-70.7627236,medium,55,osm-chile-hotel-focused-choice-cala-2026-05-20
node/5086938425,Hotel Atacama,,Chile,-28.5736472,-70.7619598,medium,60,osm-chile-hotel-focused-choice-cala-2026-05-20
node/5086938725,Real Hotel,Vallenar,Chile,-28.5756697,-70.7603056,high,75,osm-chile-hotel-focused-choice-cala-2026-05-20
node/5087144047,Eco-Hostal Alto Algarrobal,Combarbalá,Chile,-31.178896,-71.0026725,high,75,osm-chile-hotel-focused-choice-cala-2026-05-20
node/5087384924,Hospedaje Vallenar,,Chile,-28.583091,-70.7614067,medium,55,osm-chile-hotel-focused-choice-cala-2026-05-20
node/5087384929,Hotel del Marqués,,Chile,-28.5729243,-70.7603608,medium,55,osm-chile-hotel-focused-choice-cala-2026-05-20
node/5087384930,Residencial Mary 2,,Chile,-28.5738783,-70.7616027,medium,55,osm-chile-hotel-focused-choice-cala-2026-05-20
node/5094663129,Hospedaje,,Chile,-29.6228903,-71.2846625,medium,55,osm-chile-hotel-focused-choice-cala-2026-05-20
node/5094668323,Vitoco Cabañas,,Chile,-29.6233231,-71.2850267,medium,55,osm-chile-hotel-focused-choice-cala-2026-05-20
node/5095175223,Hostal Los Robles,,Chile,-29.9100805,-71.25402,medium,55,osm-chile-hotel-focused-choice-cala-2026-05-20
node/5095175224,Hostal Avenue,,Chile,-29.9096828,-71.2535065,medium,55,osm-chile-hotel-focused-choice-cala-2026-05-20
node/5095175225,Residencial,,Chile,-29.9096991,-71.2544013,medium,55,osm-chile-hotel-focused-choice-cala-2026-05-20
node/5095175226,Hotel Pacifico,,Chile,-29.9043514,-71.253364,medium,55,osm-chile-hotel-focused-choice-cala-2026-05-20
node/5095175326,Hostal La Familia,,Chile,-29.9101321,-71.25266,medium,55,osm-chile-hotel-focused-choice-cala-2026-05-20
node/5095175329,Hostal fogata,,Chile,-29.9080009,-71.2535498,medium,55,osm-chile-hotel-focused-choice-cala-2026-05-20
node/5095175330,Hostal Valle Mistral,,Chile,-29.9065905,-71.253575,medium,55,osm-chile-hotel-focused-choice-cala-2026-05-20
node/5095203522,Hospedaje,,Chile,-29.912299,-71.2560992,medium,55,osm-chile-hotel-focused-choice-cala-2026-05-20
node/5095396522,La Sombra del Viento,,Chile,-29.9000663,-71.2508377,high,95,osm-chile-hotel-focused-choice-cala-2026-05-20
node/5096611521,Estrellas de Belén,Villarrica,CL,-39.2872603,-72.2298072,high,85,osm-chile-hotel-focused-choice-cala-2026-05-20
node/5096621929,Hotel Serena Centro,,Chile,-29.9007417,-71.2499765,medium,55,osm-chile-hotel-focused-choice-cala-2026-05-20
node/5096621930,Hotel Escorial,,Chile,-29.8996512,-71.2478648,medium,55,osm-chile-hotel-focused-choice-cala-2026-05-20
node/5096624921,Hotel Soberania,,Chile,-29.9090992,-71.2524965,medium,55,osm-chile-hotel-focused-choice-cala-2026-05-20
node/5096624922,Mas Hostal,,Chile,-29.908058,-71.2517074,medium,55,osm-chile-hotel-focused-choice-cala-2026-05-20
node/5096625025,Hostal Ojo de Pez,,Chile,-29.9021157,-71.2476807,medium,55,osm-chile-hotel-focused-choice-cala-2026-05-20
node/5101422321,Olmos,,Chile,-30.035009,-70.7120897,medium,65,osm-chile-hotel-focused-choice-cala-2026-05-20
node/5102869322,Hotel Imperio,,Chile,-35.4236163,-71.6555386,high,70,osm-chile-hotel-focused-choice-cala-2026-05-20
node/5104211123,Hostería La Cabaña,,Chile,-30.7630159,-71.5432394,medium,55,osm-chile-hotel-focused-choice-cala-2026-05-20
node/5104288121,Residencial Amanecer II,,Chile,-31.9109204,-71.5083001,medium,55,osm-chile-hotel-focused-choice-cala-2026-05-20
node/5104292522,Residencial Las Rejas,,Chile,-31.9111764,-71.4991793,medium,55,osm-chile-hotel-focused-choice-cala-2026-05-20
node/5104294222,American B&B,,Chile,-31.9087038,-71.4924262,medium,55,osm-chile-hotel-focused-choice-cala-2026-05-20
node/5104294224,Residencial La Cabaña,,Chile,-31.910783,-71.5046423,medium,55,osm-chile-hotel-focused-choice-cala-2026-05-20
node/5105399011,Refugio Buraleo Lodge,Puerto Varas,Chile,-41.263855,-72.7808848,high,90,osm-chile-hotel-focused-choice-cala-2026-05-20
node/5105948024,El Milagro,,Chile,-30.1240481,-70.4954978,medium,55,osm-chile-hotel-focused-choice-cala-2026-05-20
node/5105951322,Halley,,Chile,-30.0336914,-70.7102134,medium,55,osm-chile-hotel-focused-choice-cala-2026-05-20
node/5105951323,Cabañas Doña Juanita,,Chile,-30.1258303,-70.4920441,medium,55,osm-chile-hotel-focused-choice-cala-2026-05-20
node/5105955522,Cabañas Lumalen,,Chile,-30.1219236,-70.4956837,medium,65,osm-chile-hotel-focused-choice-cala-2026-05-20
node/5108308022,Hotel Imperial,,Chile,-32.144377,-71.5146356,medium,55,osm-chile-hotel-focused-choice-cala-2026-05-20
node/5108355921,Cabañas Hotel Camy,,Chile,-31.91071,-71.4924958,medium,55,osm-chile-hotel-focused-choice-cala-2026-05-20
node/5108355922,Hotel Quilimarí,,Chile,-32.11346,-71.5049232,medium,55,osm-chile-hotel-focused-choice-cala-2026-05-20
node/5108355923,Cabañas Don Mateo,,Chile,-32.1412704,-71.5237527,medium,55,osm-chile-hotel-focused-choice-cala-2026-05-20
node/5109827723,Restaurant Hotel La Bomba,,Chile,-32.7662384,-71.1938453,medium,55,osm-chile-hotel-focused-choice-cala-2026-05-20
node/5111094232,Hotel Santa Lucia,,Chile,-33.4391863,-70.6479057,medium,55,osm-chile-hotel-focused-choice-cala-2026-05-20
node/5111145924,Casa Zañartu Hotel,,Chile,-33.4393407,-70.6583691,medium,55,osm-chile-hotel-focused-choice-cala-2026-05-20
node/5116163422,Hotel España,,Chile,-33.4375002,-70.6541838,medium,55,osm-chile-hotel-focused-choice-cala-2026-05-20
node/5118516922,Walking Santiago Boutique Hostel,Santiago,Chile,-33.4389311,-70.6622588,high,75,osm-chile-hotel-focused-choice-cala-2026-05-20
node/5122796116,Hotelera Monte Blanco,,Chile,-35.8335363,-71.535931,medium,60,osm-chile-hotel-focused-choice-cala-2026-05-20
node/5125476121,Casona de Cajamarca,,Chile,-33.4382341,-70.6548463,medium,55,osm-chile-hotel-focused-choice-cala-2026-05-20
node/5127399023,Hostal El Parrón,Rancagua,Chile,-34.1664219,-70.7458578,high,75,osm-chile-hotel-focused-choice-cala-2026-05-20
node/5127399421,Hotel Rio,,Chile,-34.1682108,-70.7499648,medium,55,osm-chile-hotel-focused-choice-cala-2026-05-20
node/5129363122,Hotel Santa Cecilia,,Chile,-34.4149798,-70.8645268,medium,55,osm-chile-hotel-focused-choice-cala-2026-05-20
node/5129365724,Hotel Palace,,Chile,-34.1713263,-70.7523651,medium,55,osm-chile-hotel-focused-choice-cala-2026-05-20
node/5129787823,Hostal Teno,,Chile,-34.8679173,-71.1591625,medium,60,osm-chile-hotel-focused-choice-cala-2026-05-20
node/5130934721,Motel Laguna Verde,,Chile,-35.066426,-71.2973873,medium,55,osm-chile-hotel-focused-choice-cala-2026-05-20
node/5131775322,Motel Zodiaco,,Chile,-35.3913894,-71.6130285,medium,55,osm-chile-hotel-focused-choice-cala-2026-05-20
node/5131775323,Hostal Plaza Maule,,Chile,-35.4313507,-71.6315325,medium,55,osm-chile-hotel-focused-choice-cala-2026-05-20
node/5133300821,Loft Espacio del Viajero,,Chile,-22.9192818,-68.1953142,medium,55,osm-chile-hotel-focused-choice-cala-2026-05-20
node/5133857122,Motel 292,,Chile,-35.7646538,-71.66862,medium,55,osm-chile-hotel-focused-choice-cala-2026-05-20
node/5134023224,Residencial Cordillera,,Chile,-36.1403931,-71.8212965,medium,55,osm-chile-hotel-focused-choice-cala-2026-05-20
node/5136171622,Hostal Curitiba,,Chile,-36.6059817,-72.1102203,medium,60,osm-chile-hotel-focused-choice-cala-2026-05-20
node/5136171721,Hostal Santander,,Chile,-36.6055844,-72.1089757,medium,60,osm-chile-hotel-focused-choice-cala-2026-05-20
node/5136336623,Hotel Paso Nevado,,Chile,-36.604829,-72.1073039,medium,55,osm-chile-hotel-focused-choice-cala-2026-05-20
node/5136336624,Hostal Canadá,,Chile,-36.6048882,-72.1069725,medium,55,osm-chile-hotel-focused-choice-cala-2026-05-20
node/5136336631,Hotel Libertador Bernardo O'Higgins,,Chile,-36.6041963,-72.1100865,medium,55,osm-chile-hotel-focused-choice-cala-2026-05-20
node/5136336632,Residencial Chican,,Chile,-36.605537,-72.1112825,medium,55,osm-chile-hotel-focused-choice-cala-2026-05-20
node/5136336633,Restoran Hostal Terbuchi,,Chile,-36.6054044,-72.1110276,medium,55,osm-chile-hotel-focused-choice-cala-2026-05-20
node/5136349821,Apart Hotel Cancura,,Chile,-36.6051952,-72.1061269,medium,55,osm-chile-hotel-focused-choice-cala-2026-05-20
node/5136349827,Hotel Tourismo,,Chile,-36.6064013,-72.1067185,medium,55,osm-chile-hotel-focused-choice-cala-2026-05-20
node/5136349828,Residencial Elena,,Chile,-36.6058924,-72.1100664,medium,55,osm-chile-hotel-focused-choice-cala-2026-05-20
node/5136349925,Hostal Rosita,,Chile,-36.6063497,-72.1070081,medium,55,osm-chile-hotel-focused-choice-cala-2026-05-20
node/5138648922,Residencial La Luna,,Chile,-37.4628103,-72.3539596,medium,55,osm-chile-hotel-focused-choice-cala-2026-05-20
node/5138773921,Hotel Pabellón del Inca,,Chile,-20.8268482,-68.6577758,medium,55,osm-chile-hotel-focused-choice-cala-2026-05-20
node/5140312923,Hotel Savoy,,Chile,-37.9583127,-72.437139,medium,55,osm-chile-hotel-focused-choice-cala-2026-05-20
node/5140336521,Hotel Di Carlo,,Chile,-37.957736,-72.4342542,medium,55,osm-chile-hotel-focused-choice-cala-2026-05-20
node/5141949821,Hostal Iros,,Chile,-38.7385744,-72.596947,medium,55,osm-chile-hotel-focused-choice-cala-2026-05-20
node/5141949822,Hostal Matías,Temuco,CL,-38.7379393,-72.5956078,high,75,osm-chile-hotel-focused-choice-cala-2026-05-20
node/5141949921,Hostal Andalué,Temuco,CL,-38.7380523,-72.595651,high,75,osm-chile-hotel-focused-choice-cala-2026-05-20
node/5141949922,Hostal Cecilia Muñoz Figueroa,,Chile,-38.7402979,-72.5970442,medium,55,osm-chile-hotel-focused-choice-cala-2026-05-20
node/5141950021,Hostal Alemán,,Chile,-38.7393772,-72.5966411,medium,55,osm-chile-hotel-focused-choice-cala-2026-05-20
node/5141950023,Hostal Casa de Toya,Temuco,CL,-38.7410662,-72.5964067,high,75,osm-chile-hotel-focused-choice-cala-2026-05-20
node/5146144721,Hospedaje Pensión Alderete,,Chile,-39.858847,-72.8059605,medium,55,osm-chile-hotel-focused-choice-cala-2026-05-20
node/5146336721,andré's place,,Chile,-34.4022538,-72.0187304,medium,55,osm-chile-hotel-focused-choice-cala-2026-05-20
node/5148310623,La buena morada,Temuco,CL,-38.7352961,-72.5821757,high,75,osm-chile-hotel-focused-choice-cala-2026-05-20
node/5150832626,Hospedaje Mavet,,Chile,-41.0091309,-73.12094,medium,55,osm-chile-hotel-focused-choice-cala-2026-05-20
node/5151881924,Apart Hotel Croacia,,Chile,-41.4743454,-72.9550777,medium,55,osm-chile-hotel-focused-choice-cala-2026-05-20
node/5151954922,Cabañas Rucalen,,Chile,-41.4718358,-72.9468997,medium,55,osm-chile-hotel-focused-choice-cala-2026-05-20
node/5152054027,Hostal Copiapó 9,,Chile,-41.4725965,-72.9348364,medium,55,osm-chile-hotel-focused-choice-cala-2026-05-20
node/5152551422,Hostal Sur,,Chile,-41.4749762,-72.9486258,medium,55,osm-chile-hotel-focused-choice-cala-2026-05-20
node/5152551423,Hostal Fx,,Chile,-41.4753374,-72.9528498,medium,55,osm-chile-hotel-focused-choice-cala-2026-05-20
node/5152551424,Residencial El Talquino,,Chile,-41.4753682,-72.9521131,medium,55,osm-chile-hotel-focused-choice-cala-2026-05-20
node/5152551428,Casa Perla,,Chile,-41.4741686,-72.9565762,medium,55,osm-chile-hotel-focused-choice-cala-2026-05-20
node/5152553821,Hotel Don Teo,,Chile,-41.4751431,-72.9490012,medium,55,osm-chile-hotel-focused-choice-cala-2026-05-20
node/5152553824,Hospedaje Laberinto,,Chile,-41.4745396,-72.9477251,medium,55,osm-chile-hotel-focused-choice-cala-2026-05-20
node/5152553921,Cabañas & Hospedaje,,Chile,-41.4741489,-72.9480945,medium,55,osm-chile-hotel-focused-choice-cala-2026-05-20
node/5152553922,Hospedaje Costa Brava,,Chile,-41.4748013,-72.9535401,medium,55,osm-chile-hotel-focused-choice-cala-2026-05-20
node/5152553924,Hospedaje Gladys,,Chile,-41.4736494,-72.9551941,medium,55,osm-chile-hotel-focused-choice-cala-2026-05-20
node/5159806321,Cabañas El Viejo Molino,,Chile,-42.9159202,-72.7110642,medium,55,osm-chile-hotel-focused-choice-cala-2026-05-20
node/5159806421,Hostal Astoria,,Chile,-42.9172975,-72.7122916,medium,55,osm-chile-hotel-focused-choice-cala-2026-05-20
node/5159806422,Hospedaje Isla Guafo,,Chile,-42.9215609,-72.7024108,medium,55,osm-chile-hotel-focused-choice-cala-2026-05-20
node/5163699022,Hotel sevilla,Temuco,CL,-38.7352787,-72.5867368,high,75,osm-chile-hotel-focused-choice-cala-2026-05-20
node/5164062627,Tia Lety,,Chile,-43.9738422,-72.4051233,medium,55,osm-chile-hotel-focused-choice-cala-2026-05-20
node/5164066421,El Colono,,Chile,-43.9722499,-72.4069534,medium,55,osm-chile-hotel-focused-choice-cala-2026-05-20
node/5166103024,Isabel,,Chile,-44.3249039,-72.5635524,medium,55,osm-chile-hotel-focused-choice-cala-2026-05-20
node/5166103025,Cabañas Anais,,Chile,-44.3241679,-72.5611088,medium,55,osm-chile-hotel-focused-choice-cala-2026-05-20
node/5166118121,Juanita,,Chile,-44.3241337,-72.5598325,medium,55,osm-chile-hotel-focused-choice-cala-2026-05-20
node/5166702897,Residencial Las Camelias,San Vicente,Chile,-34.5085602,-71.1333701,high,95,osm-chile-hotel-focused-choice-cala-2026-05-20
node/5166702902,Hostal El Fogón,San Vicente,Chile,-34.436704,-71.0618376,high,75,osm-chile-hotel-focused-choice-cala-2026-05-20
node/5166702904,Hacienda Santa Clara,,Chile,-34.3561411,-71.0982642,high,75,osm-chile-hotel-focused-choice-cala-2026-05-20
node/5167428923,Matias' place,,Chile,-33.0431465,-71.6031444,medium,55,osm-chile-hotel-focused-choice-cala-2026-05-20
node/5170436623,pancho,,Chile,-18.4467923,-70.2932048,medium,55,osm-chile-hotel-focused-choice-cala-2026-05-20
node/5171865315,Cabañas Rio Cochrane,,Chile,-47.2551034,-72.5811102,medium,55,osm-chile-hotel-focused-choice-cala-2026-05-20
node/5172872022,Casa flamencos,,Chile,-41.4769113,-72.9907981,medium,55,osm-chile-hotel-focused-choice-cala-2026-05-20
node/5173273733,Hospedaje Emulser,,Chile,-45.5681102,-72.0681552,medium,60,osm-chile-hotel-focused-choice-cala-2026-05-20
node/5173304455,Apart Hotel Tehuelche Natura,,Chile,-45.5701564,-72.072351,medium,55,osm-chile-hotel-focused-choice-cala-2026-05-20
node/5173304459,Hospedaje Patagonia Corner,,Chile,-45.5712009,-72.0719812,medium,55,osm-chile-hotel-focused-choice-cala-2026-05-20
node/5173315625,Rumbo Sur Apart Hotel,,Chile,-45.5658275,-72.068524,medium,60,osm-chile-hotel-focused-choice-cala-2026-05-20
node/5174685521,Caruhe,,Chile,-43.186008,-71.8699132,medium,55,osm-chile-hotel-focused-choice-cala-2026-05-20
node/5174771324,Madero Apart Hotel,,Chile,-45.5742007,-72.0714292,medium,55,osm-chile-hotel-focused-choice-cala-2026-05-20
node/5176543223,Hospedaje Ancud,,Chile,-45.5775968,-72.0688481,medium,55,osm-chile-hotel-focused-choice-cala-2026-05-20
node/5176549022,Hostal del Este,,Chile,-45.576533,-72.06756,medium,60,osm-chile-hotel-focused-choice-cala-2026-05-20
node/5176549023,Hospedaje S. Bolivar,,Chile,-45.5767411,-72.0682845,medium,55,osm-chile-hotel-focused-choice-cala-2026-05-20
node/5176552121,Hostal y Cabañas Casas Grande,,Chile,-45.5774775,-72.0670167,medium,55,osm-chile-hotel-focused-choice-cala-2026-05-20
node/5176552221,Hospedaje Lo de Rocco,,Chile,-45.5766795,-72.0677223,medium,55,osm-chile-hotel-focused-choice-cala-2026-05-20
node/5176552222,Cabañas Tio Nino,,Chile,-45.5768176,-72.0683193,medium,55,osm-chile-hotel-focused-choice-cala-2026-05-20
node/5176900113,Centro Turístico El Edén,,Chile,-32.8674591,-71.269486,medium,55,osm-chile-hotel-focused-choice-cala-2026-05-20
node/5177053024,Hostal Normy,,Chile,-45.5777415,-72.0682495,medium,60,osm-chile-hotel-focused-choice-cala-2026-05-20
node/5177290223,Pangea Norte,,Chile,-22.9097153,-68.2024484,medium,55,osm-chile-hotel-focused-choice-cala-2026-05-20
node/5181735237,Pan de Azúcar,,Chile,-26.3417796,-70.6174244,medium,55,osm-chile-hotel-focused-choice-cala-2026-05-20
node/5186095125,La Lama Loca,,Chile,-22.935746,-68.2099183,medium,55,osm-chile-hotel-focused-choice-cala-2026-05-20
node/5186456622,Hospedaje Marianela,,Chile,-46.4576275,-72.6734257,medium,55,osm-chile-hotel-focused-choice-cala-2026-05-20
node/5186492222,Hostal Axel,Villarrica,CL,-39.2873036,-72.2298576,high,95,osm-chile-hotel-focused-choice-cala-2026-05-20
node/5189628624,Mirella,,Chile,-47.0158113,-72.830495,medium,55,osm-chile-hotel-focused-choice-cala-2026-05-20
node/5191548221,Hostal Lejana Patagonia,,Chile,-47.25258,-72.5786639,medium,65,osm-chile-hotel-focused-choice-cala-2026-05-20
node/5192073521,Puri Laskti Hostal,San Pedro de Atacama,Chile,-22.9109471,-68.2019041,high,75,osm-chile-hotel-focused-choice-cala-2026-05-20
node/5192073522,Inti Para Hostal,,Chile,-22.9093294,-68.201261,medium,60,osm-chile-hotel-focused-choice-cala-2026-05-20
node/5192105821,Turquesa,,Chile,-20.2244022,-70.1462763,medium,55,osm-chile-hotel-focused-choice-cala-2026-05-20
node/5204629821,Motel Laguna,,Chile,-36.6127864,-72.1996316,medium,55,osm-chile-hotel-focused-choice-cala-2026-05-20
node/5204943124,El Roble,,Chile,-35.4346329,-71.1329277,medium,55,osm-chile-hotel-focused-choice-cala-2026-05-20
node/5214736121,Hostal América,,Chile,-51.7302336,-72.4936075,medium,60,osm-chile-hotel-focused-choice-cala-2026-05-20
node/5215284021,Mi Renta,,Chile,-20.2400896,-70.1368142,medium,60,osm-chile-hotel-focused-choice-cala-2026-05-20
node/5215285921,Pamela,,Chile,-20.2533405,-70.1338533,medium,60,osm-chile-hotel-focused-choice-cala-2026-05-20
node/5215306421,Casa de Marcelo,,Chile,-20.223418,-70.1487332,medium,55,osm-chile-hotel-focused-choice-cala-2026-05-20
node/5216674021,Mal de Puna,,Chile,-22.9097478,-68.2029526,medium,60,osm-chile-hotel-focused-choice-cala-2026-05-20
node/5216875836,Kau Lodge,,Chile,-51.724885,-72.5114451,medium,55,osm-chile-hotel-focused-choice-cala-2026-05-20
node/5216942422,Casa B - cacuna,,Chile,-27.1488068,-109.4298254,medium,55,osm-chile-hotel-focused-choice-cala-2026-05-20
node/5219974121,La Petite Maison,,Chile,-53.1631361,-70.9016845,medium,60,osm-chile-hotel-focused-choice-cala-2026-05-20
node/5220633521,Residencial Porvenir,,Chile,-47.80381,-73.5466446,medium,65,osm-chile-hotel-focused-choice-cala-2026-05-20
node/5221697622,Hostel Domos House,,Chile,-51.7277847,-72.5108026,medium,55,osm-chile-hotel-focused-choice-cala-2026-05-20
node/5221697623,We are Patagonia,,Chile,-51.727082,-72.510496,medium,55,osm-chile-hotel-focused-choice-cala-2026-05-20
node/5221767122,Hostal Cacao,,Chile,-33.4427206,-70.664584,medium,60,osm-chile-hotel-focused-choice-cala-2026-05-20
node/5221836421,Hostel South Wind,,Chile,-51.7264291,-72.5039752,medium,55,osm-chile-hotel-focused-choice-cala-2026-05-20
node/5221836422,Hostal La Cumbre,,Chile,-51.7266707,-72.5043324,medium,55,osm-chile-hotel-focused-choice-cala-2026-05-20
node/5222089323,Hostal Guanaco Blanco,,Chile,-51.7315398,-72.494684,medium,55,osm-chile-hotel-focused-choice-cala-2026-05-20
node/5222089324,Residencial La Posada,,Chile,-51.7258772,-72.4951189,medium,55,osm-chile-hotel-focused-choice-cala-2026-05-20
node/5222097521,Hostal Walkers,,Chile,-51.731145,-72.4960587,medium,55,osm-chile-hotel-focused-choice-cala-2026-05-20
node/5222097621,Alojamiento María José,,Chile,-51.7277476,-72.4982526,medium,55,osm-chile-hotel-focused-choice-cala-2026-05-20
node/5222097721,Residencial Temuco,,Chile,-51.72686,-72.4993197,medium,55,osm-chile-hotel-focused-choice-cala-2026-05-20
node/5223056323,Hotel Taica,,Chile,-27.0714973,-70.8237902,medium,55,osm-chile-hotel-focused-choice-cala-2026-05-20
node/5227111826,Hotel Mercurio,,Chile,-53.1623559,-70.9111815,medium,55,osm-chile-hotel-focused-choice-cala-2026-05-20
node/5227231021,Hostal Patagonia,,Chile,-53.1617669,-70.9063442,medium,55,osm-chile-hotel-focused-choice-cala-2026-05-20
node/5229219534,Hostal Chiloe,,Chile,-53.1637157,-70.9120748,medium,55,osm-chile-hotel-focused-choice-cala-2026-05-20
node/5229219539,Hostal Keikruk,,Chile,-53.1633055,-70.9123023,medium,55,osm-chile-hotel-focused-choice-cala-2026-05-20
node/5229225131,Hostal Torres del Paine 2,,Chile,-53.1639104,-70.9135951,medium,55,osm-chile-hotel-focused-choice-cala-2026-05-20
node/5229232621,Patagon Inn' Hostal,,Chile,-53.1635095,-70.9139295,medium,60,osm-chile-hotel-focused-choice-cala-2026-05-20
node/5230674422,Hostal Balmaceda,,Chile,-53.1629434,-70.9152937,medium,55,osm-chile-hotel-focused-choice-cala-2026-05-20
node/5230674821,Hostal Victoria,,Chile,-53.1627769,-70.9153777,medium,55,osm-chile-hotel-focused-choice-cala-2026-05-20
node/5231391321,Rynaike Hostal,,Chile,-53.1609749,-70.9147837,medium,60,osm-chile-hotel-focused-choice-cala-2026-05-20
node/5233775623,Hostel Paulette,,Chile,-51.7305042,-72.4952114,medium,55,osm-chile-hotel-focused-choice-cala-2026-05-20
node/5235754505,Carilafquén,,Chile,-33.107405,-71.6900289,medium,55,osm-chile-hotel-focused-choice-cala-2026-05-20
node/5238875921,Refugio Torre Norte,,Chile,-50.9647715,-72.8681426,medium,55,osm-chile-hotel-focused-choice-cala-2026-05-20
node/5240234085,Hostel El Patagonico,Puerto Natales,CL,-51.729065,-72.4996148,high,100,osm-chile-hotel-focused-choice-cala-2026-05-20
node/5242905958,Hotel Ibis Puerto Montt,Puerto Montt,CL,-41.476569,-72.9493078,high,85,osm-chile-hotel-focused-choice-cala-2026-05-20
node/5243285222,Redpoint Patagonia,,Chile,-51.7280079,-72.4928073,medium,55,osm-chile-hotel-focused-choice-cala-2026-05-20
node/5244558422,Casa Árbol,,Chile,-33.4221148,-70.643939,high,80,osm-chile-hotel-focused-choice-cala-2026-05-20
node/5246296055,Hostería Futaleufú,,Chile,-43.1847794,-71.8688846,medium,55,osm-chile-hotel-focused-choice-cala-2026-05-20
node/5246306192,Hospedaje Puerto Ramirez,,Chile,-43.4887396,-72.1164325,medium,55,osm-chile-hotel-focused-choice-cala-2026-05-20
node/5246306193,El Mañío,,Chile,-43.414631,-72.3664053,medium,55,osm-chile-hotel-focused-choice-cala-2026-05-20
node/5247229952,La Galería,Valparaíso,CL,-33.0419835,-71.6282992,high,75,osm-chile-hotel-focused-choice-cala-2026-05-20
node/5247229954,Hostal Del Pirata,Valparaíso,CL,-33.0421589,-71.6280498,high,100,osm-chile-hotel-focused-choice-cala-2026-05-20
node/5247229963,Da Vinci,,Chile,-33.0410528,-71.6285945,medium,55,osm-chile-hotel-focused-choice-cala-2026-05-20
node/5247229969,Panamericano,Santiago,CL,-33.4398047,-70.6555618,high,100,osm-chile-hotel-focused-choice-cala-2026-05-20
node/5248804040,Aruma,Arica,CL,-18.4793458,-70.316359,high,90,osm-chile-hotel-focused-choice-cala-2026-05-20
node/5248804056,Inti-Jaya,Arica,CL,-18.4823615,-70.3148838,high,75,osm-chile-hotel-focused-choice-cala-2026-05-20
node/5248804061,Huanta-Jaya,Arica,CL,-18.4810864,-70.3162316,high,75,osm-chile-hotel-focused-choice-cala-2026-05-20
node/5248804066,Lynch,,Chile,-18.4789146,-70.3161371,medium,55,osm-chile-hotel-focused-choice-cala-2026-05-20
node/5249415018,Puerto Chinchorro,,Chile,-18.4638946,-70.3040752,medium,55,osm-chile-hotel-focused-choice-cala-2026-05-20
node/5249673622,Hospedaje Mireya,,Chile,-53.1647494,-70.9192066,medium,60,osm-chile-hotel-focused-choice-cala-2026-05-20
node/5249673624,Hostal María Isabel,,Chile,-53.1645108,-70.9189213,medium,60,osm-chile-hotel-focused-choice-cala-2026-05-20
node/5249703922,Mi Residencial,,Chile,-53.1668411,-70.9158388,medium,55,osm-chile-hotel-focused-choice-cala-2026-05-20
node/5250518224,Hain Casa Hotel,,Chile,-53.167607,-70.9148305,high,70,osm-chile-hotel-focused-choice-cala-2026-05-20
node/5250656521,Monterrey Alojamientos Lodging,,Chile,-53.1583217,-70.9043781,medium,55,osm-chile-hotel-focused-choice-cala-2026-05-20
node/5252589521,Hostal La Estancia,,Chile,-53.1612695,-70.9011087,medium,55,osm-chile-hotel-focused-choice-cala-2026-05-20
node/5253017183,Le Prince,Arica,CL,-18.4790392,-70.3151111,high,75,osm-chile-hotel-focused-choice-cala-2026-05-20
node/5253979389,Hostal Chaihuin,,Chile,-39.9440261,-73.5763118,medium,55,osm-chile-hotel-focused-choice-cala-2026-05-20
node/5253979766,Cabañas Chaihuin,,Chile,-39.9385041,-73.5863008,medium,65,osm-chile-hotel-focused-choice-cala-2026-05-20
node/5256568952,Mar Azul,,Chile,-18.4809471,-70.3177263,medium,55,osm-chile-hotel-focused-choice-cala-2026-05-20
node/5256568953,Amaru,Arica,CL,-18.4805884,-70.3180971,high,75,osm-chile-hotel-focused-choice-cala-2026-05-20
node/5256568957,América,Arica,CL,-18.4801814,-70.3186007,high,100,osm-chile-hotel-focused-choice-cala-2026-05-20
node/5256568972,Arganda del Rey,,Chile,-18.4775739,-70.3174272,medium,65,osm-chile-hotel-focused-choice-cala-2026-05-20
node/5258597483,Licantay,Antofagasta,CL,-23.6547652,-70.3977319,high,75,osm-chile-hotel-focused-choice-cala-2026-05-20
node/5258597486,Barrio 14,Antofagasta,CL,-23.6538198,-70.3972868,high,100,osm-chile-hotel-focused-choice-cala-2026-05-20
node/5258597487,Perla Norte,Antofagasta,CL,-23.6537448,-70.3971937,high,100,osm-chile-hotel-focused-choice-cala-2026-05-20
node/5258702121,Hostel Chaman,Osorno,CL,-40.5731649,-73.1241482,high,85,osm-chile-hotel-focused-choice-cala-2026-05-20
node/5262482239,Cabañas Kalfugen,,Chile,-39.7777431,-73.3071541,medium,55,osm-chile-hotel-focused-choice-cala-2026-05-20
node/5262946315,Hospedaje Radal,,Chile,-42.3352692,-73.3660565,medium,55,osm-chile-hotel-focused-choice-cala-2026-05-20
node/5265801846,Hostal Yungay,Santiago,Chile,-33.437925,-70.6624001,high,90,osm-chile-hotel-focused-choice-cala-2026-05-20
node/5266623610,Florencia Suites,,Chile,-23.6741626,-70.4113179,medium,55,osm-chile-hotel-focused-choice-cala-2026-05-20
node/5268450721,Hostal Mañihuales,Mañihuales,Chile,-45.172959,-72.1461121,high,100,osm-chile-hotel-focused-choice-cala-2026-05-20
node/5270588495,La Plaza,,Chile,-22.9112098,-68.2002456,medium,55,osm-chile-hotel-focused-choice-cala-2026-05-20
node/5270588511,La Casa del Pueblo,,Chile,-22.9112438,-68.2011931,medium,55,osm-chile-hotel-focused-choice-cala-2026-05-20
node/5270955821,Posada del viejero,,Chile,-45.5676922,-72.0688936,medium,60,osm-chile-hotel-focused-choice-cala-2026-05-20
node/5273617425,Camping entre Rocas,,Chile,-35.4143771,-71.0568213,medium,55,osm-chile-hotel-focused-choice-cala-2026-05-20
node/5275137525,Dona Juanita,San Pedro de Atacama,CL,-22.9124214,-68.2015697,high,75,osm-chile-hotel-focused-choice-cala-2026-05-20
node/5275853821,Hostal,,Chile,-42.2591133,-73.4014085,medium,55,osm-chile-hotel-focused-choice-cala-2026-05-20
node/5276096826,Coquihuil,,Chile,-42.3351382,-73.5041377,medium,65,osm-chile-hotel-focused-choice-cala-2026-05-20
node/5276096828,Hospedaje Elisabeth,,Chile,-42.3353946,-73.5046282,medium,55,osm-chile-hotel-focused-choice-cala-2026-05-20
node/5277484921,Casa Baker Hotel,,Chile,-47.7953012,-73.5322214,high,70,osm-chile-hotel-focused-choice-cala-2026-05-20
node/5277622667,Posada Farellones,,Chile,-33.3538819,-70.3167852,medium,55,osm-chile-hotel-focused-choice-cala-2026-05-20
node/5280317371,Lickana,San Pedro de Atacama,CL,-22.9113988,-68.202773,high,90,osm-chile-hotel-focused-choice-cala-2026-05-20
node/5280317375,Antaira,,Chile,-22.9102636,-68.2030673,medium,55,osm-chile-hotel-focused-choice-cala-2026-05-20
node/5280317376,Pat'ta Hoiri,,Chile,-22.9101586,-68.2031176,medium,55,osm-chile-hotel-focused-choice-cala-2026-05-20
node/5280317377,Inti & Killa,San Pedro de Atacama,CL,-22.9050054,-68.2048899,high,75,osm-chile-hotel-focused-choice-cala-2026-05-20
node/5280317378,Altitud Lodge,,Chile,-22.9025087,-68.205716,medium,55,osm-chile-hotel-focused-choice-cala-2026-05-20
node/5280317380,Iorana,,Chile,-22.9010707,-68.2070544,high,70,osm-chile-hotel-focused-choice-cala-2026-05-20
node/5282221923,Hospedaje,,Chile,-42.479747,-73.7668427,medium,55,osm-chile-hotel-focused-choice-cala-2026-05-20
node/5286007014,Cabañas Altos de Puerto Varas,,Chile,-41.315137,-72.9971326,medium,55,osm-chile-hotel-focused-choice-cala-2026-05-20
node/5286475038,Mar y Sol,,Chile,-31.9105525,-71.5043856,medium,60,osm-chile-hotel-focused-choice-cala-2026-05-20
node/5287428577,Mi Hostal Tu Casa,Puerto Montt,CL,-41.4723699,-72.9204412,high,85,osm-chile-hotel-focused-choice-cala-2026-05-20
node/5288524021,Smile Patagonia,Puerto Natales,Chile,-51.7288437,-72.4951746,high,75,osm-chile-hotel-focused-choice-cala-2026-05-20
node/5288977932,Familias de acogida FAE,Valdivia,CL,-39.8339149,-73.240342,high,85,osm-chile-hotel-focused-choice-cala-2026-05-20
node/5288977933,Hostal,Valdivia,CL,-39.8339121,-73.2396517,high,75,osm-chile-hotel-focused-choice-cala-2026-05-20
node/5288977972,Hostal y Cabañas Donde Sofia,Valdivia,CL,-39.8316755,-73.236467,high,85,osm-chile-hotel-focused-choice-cala-2026-05-20
node/5290519627,Mente Nómade,,Chile,-45.5743751,-72.0702087,high,80,osm-chile-hotel-focused-choice-cala-2026-05-20
node/5292496261,Hotel Raudal,,Chile,-43.4350258,-72.0962771,medium,55,osm-chile-hotel-focused-choice-cala-2026-05-20
node/5293748982,Hotel Maray,Copiapó,Chile,-27.3405392,-70.3694471,high,75,osm-chile-hotel-focused-choice-cala-2026-05-20
node/5294753425,Hospedaje Casa Hilda,Villarrica,CL,-39.2792896,-72.2238582,high,95,osm-chile-hotel-focused-choice-cala-2026-05-20
node/5294792821,Hostel Arauco 272,Pucón,CL,-39.2740347,-71.9731722,high,75,osm-chile-hotel-focused-choice-cala-2026-05-20
node/5294937721,Cabañas Montahue,,Chile,-36.072286,-72.7832055,high,85,osm-chile-hotel-focused-choice-cala-2026-05-20
node/5295625884,Casa Volante Hostel,Valparaíso,Chile,-33.0410679,-71.6279952,high,100,osm-chile-hotel-focused-choice-cala-2026-05-20
node/5295886749,Hostal La Sirena Insolente,,Chile,-34.4288928,-72.0346744,medium,55,osm-chile-hotel-focused-choice-cala-2026-05-20
node/5296642367,Hotel San Fernando,San Fernando,Chile,-34.5927452,-70.990041,high,95,osm-chile-hotel-focused-choice-cala-2026-05-20
node/5299410225,Hostal paraíso,,Chile,-40.5728475,-73.1177141,medium,55,osm-chile-hotel-focused-choice-cala-2026-05-20
node/5300633727,Hostal Florencia,Osorno,CL,-40.5782453,-73.1373968,high,75,osm-chile-hotel-focused-choice-cala-2026-05-20
node/5302717853,Hotel Terrapuerto,Valdivia,CL,-39.8159726,-73.2355717,high,100,osm-chile-hotel-focused-choice-cala-2026-05-20
node/5303476721,Hostal y Cabaña Don Adán,,Chile,-47.7975925,-73.5314432,high,70,osm-chile-hotel-focused-choice-cala-2026-05-20
node/5305513523,La Maison,,Chile,-39.2754263,-71.9777852,medium,55,osm-chile-hotel-focused-choice-cala-2026-05-20
node/5305514021,Cabañas Lincoyán,Pucón,CL,-39.2746085,-71.9786289,high,75,osm-chile-hotel-focused-choice-cala-2026-05-20
node/5310642290,Hotel Jardín Atacama,San Pedro de Atacama,CL,-22.9107942,-68.2022736,high,75,osm-chile-hotel-focused-choice-cala-2026-05-20
node/5310642292,Pascual Andino,San Pedero de Atacama,CL,-22.9106249,-68.2026863,high,75,osm-chile-hotel-focused-choice-cala-2026-05-20
node/5312866922,Silvia Cabalgata Aventura,,Chile,-46.1223411,-72.0656063,high,75,osm-chile-hotel-focused-choice-cala-2026-05-20
node/5313837422,Hostel Marclara,,Chile,-45.4049224,-72.6932772,medium,55,osm-chile-hotel-focused-choice-cala-2026-05-20
node/5313843321,Hostal Aysen Bed Breakfast,,Chile,-45.4031598,-72.691826,medium,65,osm-chile-hotel-focused-choice-cala-2026-05-20
node/5314772381,Taha,,Chile,-22.9096441,-68.1959407,medium,55,osm-chile-hotel-focused-choice-cala-2026-05-20
node/5314772388,Ckausatur,,Chile,-22.9079999,-68.2000713,medium,55,osm-chile-hotel-focused-choice-cala-2026-05-20
node/5315579521,Kapai Hostel,Valdivia,CL,-39.8130399,-73.2376622,high,100,osm-chile-hotel-focused-choice-cala-2026-05-20
node/5315620614,"Restorant, Pub y Hotel Don Alejandro",,Chile,-35.7589619,-71.4172003,medium,55,osm-chile-hotel-focused-choice-cala-2026-05-20
node/5318894225,casa 15,,Chile,-52.7742301,-69.2912428,medium,55,osm-chile-hotel-focused-choice-cala-2026-05-20
node/5318947018,Hoiri Ckunza,San Pedero de Atacama,CL,-22.9082582,-68.2020061,high,90,osm-chile-hotel-focused-choice-cala-2026-05-20
node/5318947621,Jireh,San Pedero de Atacama,CL,-22.9091701,-68.2022271,high,75,osm-chile-hotel-focused-choice-cala-2026-05-20
node/5324821222,Hospedaje Sole,,Chile,-53.1598193,-70.9138894,medium,60,osm-chile-hotel-focused-choice-cala-2026-05-20
node/5325313321,Hostal Polanco,,Chile,-33.0411097,-71.6286999,medium,60,osm-chile-hotel-focused-choice-cala-2026-05-20
node/5327830328,Cosmo Elqui Valley,,Chile,-29.9767491,-70.5530583,medium,65,osm-chile-hotel-focused-choice-cala-2026-05-20
node/5328115016,Plaza Paris Amistar,Santiago,Chile,-33.4451563,-70.6491239,high,90,osm-chile-hotel-focused-choice-cala-2026-05-20
node/5328313622,San Pedro,El Quisco,Chile,-33.3991028,-71.6948554,high,75,osm-chile-hotel-focused-choice-cala-2026-05-20
node/5328338025,Alto Hospedaje,,Chile,-33.4013253,-71.6943745,high,70,osm-chile-hotel-focused-choice-cala-2026-05-20
node/5328516331,Hostería Doña Mina,Chaihuín,Chile,-39.9523742,-73.5733496,high,75,osm-chile-hotel-focused-choice-cala-2026-05-20
node/5330155607,Centro Holístico,Salamanca,Chile,-31.7797456,-70.9729695,high,75,osm-chile-hotel-focused-choice-cala-2026-05-20
node/5331153325,Hostal Mi residencial,,Chile,-53.1670493,-70.9161266,medium,55,osm-chile-hotel-focused-choice-cala-2026-05-20
node/5331153329,Parador Russfin,,Chile,-53.7568758,-69.1894608,medium,55,osm-chile-hotel-focused-choice-cala-2026-05-20
node/5331156341,Buena Vista,,Chile,-47.0156539,-72.8288161,medium,55,osm-chile-hotel-focused-choice-cala-2026-05-20
node/5331156622,Alojamiento Familiar Rogers,,Chile,-51.7251369,-72.5076772,high,70,osm-chile-hotel-focused-choice-cala-2026-05-20
node/5331419323,Internado Liceo Jorge Alessandri Rodriguez,,Chile,-38.2317161,-72.3319558,medium,55,osm-chile-hotel-focused-choice-cala-2026-05-20
node/5332245008,Residencia Doña Isidora,Lota,Chile,-37.0933502,-73.1564311,high,75,osm-chile-hotel-focused-choice-cala-2026-05-20
node/5334131222,Cabaña Doña María,,Chile,-51.7190751,-72.4954993,high,70,osm-chile-hotel-focused-choice-cala-2026-05-20
node/5335674223,Viña City,Viña del Mar,CL,-33.0228916,-71.5613573,high,75,osm-chile-hotel-focused-choice-cala-2026-05-20
node/5337199822,Hostal Sonia Kuscevic,,Chile,-53.1533154,-70.9025487,high,85,osm-chile-hotel-focused-choice-cala-2026-05-20
node/5341076790,Hotel Huildín,Chonchi,Chile,-42.6217524,-73.7718544,high,75,osm-chile-hotel-focused-choice-cala-2026-05-20
node/5343055768,Cabañas Santa Marta,,Chile,-34.3863263,-71.9950978,medium,55,osm-chile-hotel-focused-choice-cala-2026-05-20
node/5343055771,Cabañas Ladera,,Chile,-34.3872294,-71.9938318,medium,55,osm-chile-hotel-focused-choice-cala-2026-05-20
node/5343062595,Cabañas Anulen,,Chile,-41.2318641,-72.7278083,medium,55,osm-chile-hotel-focused-choice-cala-2026-05-20
node/5344060621,El Oso del Yecho,,Chile,-43.4138643,-72.2439039,high,85,osm-chile-hotel-focused-choice-cala-2026-05-20
node/5345152021,Internado Liceo Politécnico,,Chile,-38.2368295,-72.3396403,medium,55,osm-chile-hotel-focused-choice-cala-2026-05-20
node/5345641421,Alojamiento Don Antonio,,Chile,-22.9288528,-68.2005738,high,85,osm-chile-hotel-focused-choice-cala-2026-05-20
node/5345765823,Backpacker 47,,Chile,-53.1563059,-70.9167971,medium,55,osm-chile-hotel-focused-choice-cala-2026-05-20
node/5348380724,Tiny Hostel Atacama,,Chile,-22.9087572,-68.193721,medium,55,osm-chile-hotel-focused-choice-cala-2026-05-20
node/5351299530,Hotel Lacolet,,Chile,-53.1566042,-70.9144173,medium,55,osm-chile-hotel-focused-choice-cala-2026-05-20
node/5355240121,Hospedaje Maria,,Chile,-51.7301084,-72.4988659,high,70,osm-chile-hotel-focused-choice-cala-2026-05-20
node/5357552104,Awasi,,Chile,-22.9145791,-68.2005152,medium,55,osm-chile-hotel-focused-choice-cala-2026-05-20
node/5359552583,KM Zero,,Chile,-22.9135348,-68.1993659,medium,55,osm-chile-hotel-focused-choice-cala-2026-05-20
node/5359552584,Likancabur,,Chile,-22.9126618,-68.1995003,medium,55,osm-chile-hotel-focused-choice-cala-2026-05-20
node/5359552596,Andi Lodge,San Pedro de Atacama,Chile,-22.9120175,-68.1998161,high,75,osm-chile-hotel-focused-choice-cala-2026-05-20
node/5359623693,Cabanas Carola,,Chile,-41.9514289,-72.4580447,medium,55,osm-chile-hotel-focused-choice-cala-2026-05-20
node/5359673893,Cabañas el Fandango,,Chile,-42.8952593,-72.7302915,medium,60,osm-chile-hotel-focused-choice-cala-2026-05-20
node/5359754017,Las Cabañas Parque Michimahuida,Chaiten,Chile,-43.1090902,-72.4554884,high,75,osm-chile-hotel-focused-choice-cala-2026-05-20
node/5359799866,El Chucao,Puerto Cisnes,Chile,-44.6442159,-72.3349285,high,75,osm-chile-hotel-focused-choice-cala-2026-05-20
node/5361611835,Mari Mari Hostel and Grow Shop,Pucón,CL,-39.2741865,-71.9741165,high,75,osm-chile-hotel-focused-choice-cala-2026-05-20
node/5361759423,Edita,,Chile,-53.2986681,-70.3755672,medium,55,osm-chile-hotel-focused-choice-cala-2026-05-20
node/5362077129,Playa Mar,,Chile,-26.343362,-70.6198947,medium,55,osm-chile-hotel-focused-choice-cala-2026-05-20
node/5362077130,Carmona,,Chile,-26.3466523,-70.6227933,medium,55,osm-chile-hotel-focused-choice-cala-2026-05-20
node/5365012021,Dinka house,,Chile,-53.1575588,-70.8907626,medium,60,osm-chile-hotel-focused-choice-cala-2026-05-20
node/5366072325,Hostal Patagon,,Chile,-53.297063,-70.3678001,medium,55,osm-chile-hotel-focused-choice-cala-2026-05-20
node/5368699422,Hostal Danibastian,,Chile,-53.1643219,-70.917203,medium,55,osm-chile-hotel-focused-choice-cala-2026-05-20
node/5370900821,Cabañas Millalobo,,Chile,-41.8690763,-73.8169737,high,70,osm-chile-hotel-focused-choice-cala-2026-05-20
node/5373849626,Hostal,,Chile,-32.9256166,-71.5182723,medium,60,osm-chile-hotel-focused-choice-cala-2026-05-20
node/5375095224,Campamento Nandu,,Chile,-46.5414083,-71.7196674,high,75,osm-chile-hotel-focused-choice-cala-2026-05-20
node/5380380422,Green Hostel,Valdivia,CL,-39.8113876,-73.2421607,high,75,osm-chile-hotel-focused-choice-cala-2026-05-20
node/5382832021,Casa Suiza,,Chile,-34.6383001,-71.3646798,high,95,osm-chile-hotel-focused-choice-cala-2026-05-20
node/5382912847,Big Apple,,Chile,-29.9427576,-71.2874166,medium,55,osm-chile-hotel-focused-choice-cala-2026-05-20
node/5382912848,La Goleta,,Chile,-29.942509,-71.287314,medium,55,osm-chile-hotel-focused-choice-cala-2026-05-20
node/5384786222,La maison,,Chile,-33.044002,-71.6319976,medium,55,osm-chile-hotel-focused-choice-cala-2026-05-20
node/5387044323,La galería,,Chile,-33.0418732,-71.62837,medium,55,osm-chile-hotel-focused-choice-cala-2026-05-20
node/5390648524,Don Santiago,,Chile,-33.444162,-70.6677054,medium,55,osm-chile-hotel-focused-choice-cala-2026-05-20
node/5391439122,Cabañas Ulloa,Valdivia,CL,-39.8188078,-73.237763,high,85,osm-chile-hotel-focused-choice-cala-2026-05-20
node/5395188522,Hostal Luz del Valle,,Chile,-30.0147682,-70.6113585,medium,60,osm-chile-hotel-focused-choice-cala-2026-05-20
node/5395768624,Río Sur,,Chile,-39.3390493,-72.2207647,medium,55,osm-chile-hotel-focused-choice-cala-2026-05-20
node/5395774125,Donde Cristian,,Chile,-39.3660466,-72.2087693,medium,55,osm-chile-hotel-focused-choice-cala-2026-05-20
node/5400780135,Hotel Tortuga,,Chile,-42.6242229,-73.7724514,medium,55,osm-chile-hotel-focused-choice-cala-2026-05-20
node/5401281112,La Tranquera,,Chile,-47.2520053,-72.5777866,high,70,osm-chile-hotel-focused-choice-cala-2026-05-20
node/5401285954,Lago Esmeralda,,Chile,-47.2515178,-72.5789605,high,70,osm-chile-hotel-focused-choice-cala-2026-05-20
node/5401296799,Cabañas,,Chile,-46.6260055,-72.6769048,medium,55,osm-chile-hotel-focused-choice-cala-2026-05-20
node/5401296800,Cabañas Los Exploradores,,Chile,-46.6262861,-72.6762817,medium,55,osm-chile-hotel-focused-choice-cala-2026-05-20
node/5401302750,La Melita,,Chile,-46.6252087,-72.6772861,medium,55,osm-chile-hotel-focused-choice-cala-2026-05-20
node/5401302832,Cabañas Valle Exploradores,,Chile,-46.6247815,-72.6766569,medium,55,osm-chile-hotel-focused-choice-cala-2026-05-20
node/5401303154,Cabañas Don Hugo,,Chile,-46.6259937,-72.6759037,medium,55,osm-chile-hotel-focused-choice-cala-2026-05-20
node/5401786322,Cabañas LAR,,Chile,-41.4934201,-72.3074982,high,70,osm-chile-hotel-focused-choice-cala-2026-05-20
node/5406339030,Hosteria Laguna Verde & restaurante,,Chile,-33.1057955,-71.6686062,medium,60,osm-chile-hotel-focused-choice-cala-2026-05-20
node/5410284780,Hostal y Cafeteria Triwe,Puerto Octay,Chile,-40.9735882,-72.8826467,high,75,osm-chile-hotel-focused-choice-cala-2026-05-20
node/5414113724,Hostal Villablanca,,Chile,-36.4862924,-72.7026482,medium,55,osm-chile-hotel-focused-choice-cala-2026-05-20
node/5414441078,El Gringo,,Chile,-36.4128246,-72.8676355,medium,55,osm-chile-hotel-focused-choice-cala-2026-05-20
node/5414592222,Cabañas Laury,Caburgua,CL,-39.2023443,-71.8070727,high,85,osm-chile-hotel-focused-choice-cala-2026-05-20
node/5421511323,Hostal,,Chile,-41.8683544,-73.8235126,medium,60,osm-chile-hotel-focused-choice-cala-2026-05-20
node/5424653821,Trewa House,,Chile,-41.345007,-72.9397093,medium,55,osm-chile-hotel-focused-choice-cala-2026-05-20
node/5425824521,El Carmen,,Chile,-44.665778,-72.2816301,medium,55,osm-chile-hotel-focused-choice-cala-2026-05-20
node/5428855122,El Sauce Cabañas,,Chile,-41.2184668,-72.5533064,medium,55,osm-chile-hotel-focused-choice-cala-2026-05-20
node/5432272722,Feel Iquique Hostel,,Chile,-20.2236073,-70.1509482,high,70,osm-chile-hotel-focused-choice-cala-2026-05-20
node/5434417822,Cabañas Triny,,Chile,-32.1314723,-71.4935585,medium,60,osm-chile-hotel-focused-choice-cala-2026-05-20
node/5435800914,Huinca Terra,,Chile,-39.3917633,-72.0973913,medium,55,osm-chile-hotel-focused-choice-cala-2026-05-20
node/5435811660,Sotomayor,,Chile,-18.4795169,-70.3191149,medium,55,osm-chile-hotel-focused-choice-cala-2026-05-20
node/5435811661,Gavina,,Chile,-18.4792789,-70.3178397,medium,55,osm-chile-hotel-focused-choice-cala-2026-05-20
node/5438717023,Hostel Cápsula Patagonia,,Chile,-42.9195527,-72.7096164,medium,55,osm-chile-hotel-focused-choice-cala-2026-05-20
node/5440099623,Turismo Huillinco,,Chile,-37.7524031,-73.3859052,high,90,osm-chile-hotel-focused-choice-cala-2026-05-20
node/5440717098,Diego de Almagro,,Chile,-22.4646154,-68.9238104,medium,55,osm-chile-hotel-focused-choice-cala-2026-05-20
node/5440717100,Diego de Almagro Express,Calama,CL,-22.4649938,-68.9237005,high,75,osm-chile-hotel-focused-choice-cala-2026-05-20
node/5440778025,Santa Filomena,,Chile,-29.9374988,-71.2791364,medium,55,osm-chile-hotel-focused-choice-cala-2026-05-20
node/5441288224,Cabañas,,Chile,-41.8635252,-73.8108697,medium,55,osm-chile-hotel-focused-choice-cala-2026-05-20
node/5445216121,Hospedaje Bosque Patagón,,Chile,-45.5754739,-72.071781,medium,55,osm-chile-hotel-focused-choice-cala-2026-05-20
node/5445560571,Cabañas San Lorenzo,,Chile,-32.6958046,-71.2018137,medium,55,osm-chile-hotel-focused-choice-cala-2026-05-20
node/5446659131,Motel,,Chile,-40.6068042,-73.004778,medium,55,osm-chile-hotel-focused-choice-cala-2026-05-20
node/5447957023,Hostal Ganaderos,,Chile,-45.5795671,-72.0694451,high,70,osm-chile-hotel-focused-choice-cala-2026-05-20
node/5462678724,Phuqata,,Chile,-18.395684,-70.3124781,high,85,osm-chile-hotel-focused-choice-cala-2026-05-20
node/5469502821,Hostal,,Chile,-27.0796188,-70.8142877,medium,55,osm-chile-hotel-focused-choice-cala-2026-05-20
node/5471644340,Pampa Lodge,,Chile,-51.2312302,-72.979518,medium,55,osm-chile-hotel-focused-choice-cala-2026-05-20
node/5478901321,La Casa Azul (Sra. Nena),,Chile,-38.2366665,-72.3372938,high,70,osm-chile-hotel-focused-choice-cala-2026-05-20
node/5485273323,Hostel Kobbo,Puerto Varas,CL,-41.3154125,-72.9864666,high,75,osm-chile-hotel-focused-choice-cala-2026-05-20
node/5485273324,Tia Susi Refugio de Mochileros,Puerto Varas,CL,-41.3136202,-72.9946638,high,75,osm-chile-hotel-focused-choice-cala-2026-05-20
node/5487533889,Hostal Vista Mar - Vic Quintero,Quintero,CL,-32.7677331,-71.5360604,high,85,osm-chile-hotel-focused-choice-cala-2026-05-20
node/5489892241,Casa ancestral,,Chile,-22.9155142,-68.2065669,medium,60,osm-chile-hotel-focused-choice-cala-2026-05-20
node/5491856580,Hostería Ventanas,,Chile,-32.7418101,-71.4880674,medium,55,osm-chile-hotel-focused-choice-cala-2026-05-20
node/5496837221,Cabañas vista hermosa,,Chile,-38.3764887,-73.8822835,medium,65,osm-chile-hotel-focused-choice-cala-2026-05-20
node/5496984824,Camping Leo,,Chile,-42.3675754,-73.8229242,high,70,osm-chile-hotel-focused-choice-cala-2026-05-20
node/5501795021,Trafwe,,CL,-38.4752834,-71.5515323,high,85,osm-chile-hotel-focused-choice-cala-2026-05-20
node/5511901182,Ecolodge Ekilibre,,Chile,-35.8853646,-72.679866,high,80,osm-chile-hotel-focused-choice-cala-2026-05-20
node/5512215621,Hostal Truqueras,,Chile,-45.5756158,-72.0575572,medium,55,osm-chile-hotel-focused-choice-cala-2026-05-20
node/5517520434,Hostal Bellymar,,Chile,-34.3858422,-72.0174325,medium,55,osm-chile-hotel-focused-choice-cala-2026-05-20
node/5519032328,Die oma,,Chile,-29.9043447,-71.2448779,medium,55,osm-chile-hotel-focused-choice-cala-2026-05-20
node/5520603122,Hostal Sotomayor,Castro,Chile,-42.4806839,-73.766115,high,75,osm-chile-hotel-focused-choice-cala-2026-05-20
node/5528092365,Casa Primal Lodge,San Alfonso,Chile,-33.7274904,-70.3192514,high,75,osm-chile-hotel-focused-choice-cala-2026-05-20
node/5528419226,Comarca Contuy,,Chile,-42.8198683,-73.6079765,medium,65,osm-chile-hotel-focused-choice-cala-2026-05-20
node/5531425923,Apart Hotel,,Chile,-33.4289768,-70.6187235,medium,55,osm-chile-hotel-focused-choice-cala-2026-05-20
node/5534954723,Apart Hotel Aquamarina,Viña del Mar,Chile,-33.0216717,-71.5611386,high,75,osm-chile-hotel-focused-choice-cala-2026-05-20
node/5538614987,Hotel NovaPark,,Chile,-33.4443779,-70.6467316,medium,55,osm-chile-hotel-focused-choice-cala-2026-05-20
node/5541126227,Domos María Molina,Lautaro,Chile,-38.463562,-72.1322242,high,85,osm-chile-hotel-focused-choice-cala-2026-05-20
node/5542015021,Bed and Breakfast Brothers,Santiago,Chile,-33.4414258,-70.6759297,high,75,osm-chile-hotel-focused-choice-cala-2026-05-20
node/5542414828,Rocco House Backpackers,Puerto Montt,CL,-41.4798084,-72.9576849,high,75,osm-chile-hotel-focused-choice-cala-2026-05-20
node/5543297022,Hostal Gran Chile,,Chile,-22.4658452,-68.9254309,medium,55,osm-chile-hotel-focused-choice-cala-2026-05-20
node/5543514035,El Sendero,,Chile,-51.7318421,-72.507229,medium,55,osm-chile-hotel-focused-choice-cala-2026-05-20
node/5555043922,Lodge Deseado,,Chile,-54.3781425,-68.746517,medium,55,osm-chile-hotel-focused-choice-cala-2026-05-20
node/5556844119,Cabañas Los Alamos,,Chile,-41.2094432,-72.5407213,medium,55,osm-chile-hotel-focused-choice-cala-2026-05-20
node/5556845730,Martina Bungalows,,Chile,-41.2225416,-72.5552152,medium,55,osm-chile-hotel-focused-choice-cala-2026-05-20
node/5556845732,Cabañas Brisas del Lago,,Chile,-41.2165293,-72.5517937,medium,55,osm-chile-hotel-focused-choice-cala-2026-05-20
node/5556874816,La Granja del Tata,,Chile,-41.2271569,-72.5727134,medium,55,osm-chile-hotel-focused-choice-cala-2026-05-20
node/5556874817,Brazucas,,Chile,-41.2272699,-72.5705676,medium,55,osm-chile-hotel-focused-choice-cala-2026-05-20
node/5556874818,Hostal Escala II,,Chile,-41.2257698,-72.5647526,medium,55,osm-chile-hotel-focused-choice-cala-2026-05-20
node/5556876740,La Granja,,Chile,-41.2300133,-72.5821977,medium,55,osm-chile-hotel-focused-choice-cala-2026-05-20
node/5556883348,Quila,,Chile,-41.2555002,-72.5881388,medium,55,osm-chile-hotel-focused-choice-cala-2026-05-20
node/5556916333,Cabañas Rio Blanco,,Chile,-41.2282079,-72.6255287,medium,55,osm-chile-hotel-focused-choice-cala-2026-05-20
node/5556916347,El Mirador,,Chile,-41.2250209,-72.6493462,medium,55,osm-chile-hotel-focused-choice-cala-2026-05-20
node/5556941342,Hotel Puerto Pilar,,Chile,-41.2145137,-72.714857,high,75,osm-chile-hotel-focused-choice-cala-2026-05-20
node/5559268221,Cabañas mirador,,Chile,-39.2710927,-71.7780231,high,70,osm-chile-hotel-focused-choice-cala-2026-05-20
node/5569759224,Cabaña Fuentes Moya,,Chile,-36.9170565,-71.5035781,medium,55,osm-chile-hotel-focused-choice-cala-2026-05-20
node/5574533022,Hardy’s Hostal,,Chile,-31.9085237,-71.4966734,high,85,osm-chile-hotel-focused-choice-cala-2026-05-20
node/5579260129,Hostal vulca,,Chile,-38.4905246,-72.2513333,medium,55,osm-chile-hotel-focused-choice-cala-2026-05-20
node/5584728271,Hostal Etnica,,Chile,-22.907971,-68.1980702,medium,55,osm-chile-hotel-focused-choice-cala-2026-05-20
node/5586221761,Cabañas Roca Mar,,Chile,-32.7674427,-71.5362632,medium,55,osm-chile-hotel-focused-choice-cala-2026-05-20
node/5589649007,Hospedaje Nancy,,Chile,-41.4756995,-72.9530534,medium,55,osm-chile-hotel-focused-choice-cala-2026-05-20
node/5594787021,vista hermosa,,Chile,-41.4781732,-72.9533279,medium,55,osm-chile-hotel-focused-choice-cala-2026-05-20
node/5595226906,ApartHotel Kintumay,,Chile,-41.3102073,-72.9774871,medium,55,osm-chile-hotel-focused-choice-cala-2026-05-20
node/5596789060,Pensión ISA,Tijeral,CL,-37.7368557,-72.6154053,high,75,osm-chile-hotel-focused-choice-cala-2026-05-20
node/5597054125,Cabañas Mantilhue,,Chile,-40.6210717,-72.5024782,medium,65,osm-chile-hotel-focused-choice-cala-2026-05-20
node/5597254840,Cabañas Mira Elqui,,Chile,-30.1310909,-70.4976827,medium,55,osm-chile-hotel-focused-choice-cala-2026-05-20
node/5597254845,Los Sauzales,Pisco Elqui,Chile,-30.1238696,-70.4910716,high,75,osm-chile-hotel-focused-choice-cala-2026-05-20
node/5599458553,Dei Templi,,Chile,-32.9617887,-71.5448101,medium,55,osm-chile-hotel-focused-choice-cala-2026-05-20
node/5602265514,Altos del Huape,Curacautin,Chile,-38.4649167,-71.785816,high,75,osm-chile-hotel-focused-choice-cala-2026-05-20
node/5615397521,Refugio el claro,,Chile,-39.2992248,-71.9360613,medium,55,osm-chile-hotel-focused-choice-cala-2026-05-20
node/5615772125,Vortice Chile Eco-Lodge,,Chile,-38.4635462,-71.7541767,medium,55,osm-chile-hotel-focused-choice-cala-2026-05-20
node/5615885574,Hosteria Los Troncos,,Chile,-35.3931432,-71.7976693,medium,55,osm-chile-hotel-focused-choice-cala-2026-05-20
node/5620830489,Lodge Placaroja,,Chile,-33.825929,-70.0588926,medium,55,osm-chile-hotel-focused-choice-cala-2026-05-20
node/5621201201,La casa del Kori,,Chile,-27.1515136,-109.4225637,high,70,osm-chile-hotel-focused-choice-cala-2026-05-20
node/5624524088,Casa Doña Luisa,,Chile,-41.5179592,-71.9394058,medium,55,osm-chile-hotel-focused-choice-cala-2026-05-20
node/5629629927,Cabañas Anakena,,Chile,-27.1617875,-109.4397144,medium,55,osm-chile-hotel-focused-choice-cala-2026-05-20
node/5633696939,hospedaje Veronica,,Chile,-39.0948845,-71.4784342,medium,55,osm-chile-hotel-focused-choice-cala-2026-05-20
node/5633972628,Cabañas Marifilo - Rain,,Chile,-39.5129625,-72.0866121,high,80,osm-chile-hotel-focused-choice-cala-2026-05-20
node/5635161086,Hotel & Cabañas El Mirador Caldera,,Chile,-27.0629003,-70.8342794,medium,55,osm-chile-hotel-focused-choice-cala-2026-05-20
node/5640620212,Cabañas Quitrapillán,Pucón,CL,-39.284241,-71.9814532,high,75,osm-chile-hotel-focused-choice-cala-2026-05-20
node/5640620217,Bungalows Huarranchi,,Chile,-39.2838185,-71.9802798,medium,55,osm-chile-hotel-focused-choice-cala-2026-05-20
node/5640624026,Cabañas Pirilauquen,,Chile,-39.2876218,-71.9780697,medium,55,osm-chile-hotel-focused-choice-cala-2026-05-20
node/5648493855,Hostal Nómade,Concepción,Chile,-36.8234724,-73.0503353,high,75,osm-chile-hotel-focused-choice-cala-2026-05-20
node/5648633540,Motel Mol,Concepcion,Chile,-36.8218728,-73.0496996,high,75,osm-chile-hotel-focused-choice-cala-2026-05-20
node/5652127042,Hotel Salto del Laja,,Chile,-37.2187136,-72.3829532,high,80,osm-chile-hotel-focused-choice-cala-2026-05-20
node/5656420221,Open Hostel,,Chile,-29.9010428,-71.2523934,medium,55,osm-chile-hotel-focused-choice-cala-2026-05-20
node/5659143388,Riomar apart-hotel,Concón,Chile,-32.921162,-71.5089072,high,75,osm-chile-hotel-focused-choice-cala-2026-05-20
node/5659855021,Cabaña del huem,,Chile,-36.898965,-71.491105,medium,55,osm-chile-hotel-focused-choice-cala-2026-05-20
node/5667542558,Hostal LaTerraza,Mulchén,Chile,-37.720403,-72.238841,high,75,osm-chile-hotel-focused-choice-cala-2026-05-20
node/5667542573,Hotel Los Maitenes de Villalón,,Chile,-37.7195011,-72.2404557,medium,55,osm-chile-hotel-focused-choice-cala-2026-05-20
node/5667542574,Hotel Mulchén,,Chile,-37.7193418,-72.2411182,medium,55,osm-chile-hotel-focused-choice-cala-2026-05-20
node/5667542577,Hotel Comercio,,Chile,-37.7197822,-72.2456512,medium,55,osm-chile-hotel-focused-choice-cala-2026-05-20
node/5668142347,Residencial Los Almendros,,Chile,-37.7182345,-72.2423257,medium,55,osm-chile-hotel-focused-choice-cala-2026-05-20
node/5678584201,Hostal Beraca,,Chile,-47.254864,-72.5776874,medium,55,osm-chile-hotel-focused-choice-cala-2026-05-20
node/5679626821,Costa Cachagua,,Chile,-32.582018,-71.4500074,medium,55,osm-chile-hotel-focused-choice-cala-2026-05-20
node/5683454521,Chil'in Hostel,,Chile,-36.9185623,-71.4329714,high,80,osm-chile-hotel-focused-choice-cala-2026-05-20
node/5694726721,Pensión Tina,,Chile,-37.6695692,-72.0237807,medium,60,osm-chile-hotel-focused-choice-cala-2026-05-20
node/5695690123,Hostal Tocopilla 19A,,Chile,-22.9165261,-68.1996817,medium,55,osm-chile-hotel-focused-choice-cala-2026-05-20
node/5709594821,Trizano,,Chile,-33.4503105,-70.6135686,medium,55,osm-chile-hotel-focused-choice-cala-2026-05-20
node/5726834623,casa tía kati,,Chile,-41.4612387,-72.9266354,medium,55,osm-chile-hotel-focused-choice-cala-2026-05-20
node/5731081824,Cabañas Los Tilos,,Chile,-39.2719133,-71.9766901,medium,55,osm-chile-hotel-focused-choice-cala-2026-05-20
node/5739449221,Amanda Hostel & Restaurante,,Chile,-20.2262604,-70.1476624,high,70,osm-chile-hotel-focused-choice-cala-2026-05-20
node/5739486164,Hotel Nicolas,Temuco,CL,-38.7382259,-72.5864057,high,75,osm-chile-hotel-focused-choice-cala-2026-05-20
node/5747108759,"Cabaña El Mirador, El Quisco",El Quisco,Chile,-33.3971742,-71.6788334,high,75,osm-chile-hotel-focused-choice-cala-2026-05-20
node/5750953322,Cabañas Onde Juanito,,Chile,-35.6023339,-71.0786709,high,85,osm-chile-hotel-focused-choice-cala-2026-05-20
node/5752066122,San Ignacio Suite Departamentos Amoblados,,Chile,-33.4388686,-70.6448122,medium,55,osm-chile-hotel-focused-choice-cala-2026-05-20
node/5766065012,Los Cuernos Del Toro,San José De Maipo,CL,-33.5881393,-70.4626796,high,75,osm-chile-hotel-focused-choice-cala-2026-05-20
node/5766961233,Centro Cultural y Turístico Los Peñones,San José De Maipo,CL,-33.7245449,-70.3224912,high,75,osm-chile-hotel-focused-choice-cala-2026-05-20
node/5774296483,andBeyond Vira Vira,,Chile,-39.2522561,-71.8415747,medium,55,osm-chile-hotel-focused-choice-cala-2026-05-20
node/5789620353,Residencial Soho,,Chile,-20.2602323,-69.7834538,medium,60,osm-chile-hotel-focused-choice-cala-2026-05-20
node/5800064065,Hostal Mar,,Chile,-33.0232921,-71.5612472,medium,55,osm-chile-hotel-focused-choice-cala-2026-05-20
node/5802454053,Hostal Dorotea,,Chile,-51.7248716,-72.4870182,medium,60,osm-chile-hotel-focused-choice-cala-2026-05-20
node/5807038088,Hostal Dumestre,,Chile,-51.7300578,-72.5058536,medium,55,osm-chile-hotel-focused-choice-cala-2026-05-20
node/5807404067,Hostal San Vicente,,Chile,-27.3923554,-70.3121295,medium,55,osm-chile-hotel-focused-choice-cala-2026-05-20
node/5808999754,Agua Marina,,Chile,-29.9192083,-71.2757025,medium,60,osm-chile-hotel-focused-choice-cala-2026-05-20
node/5809286353,Valle del desierto,,Chile,-22.9241104,-68.1921805,medium,60,osm-chile-hotel-focused-choice-cala-2026-05-20
node/5813465686,Cabañas Santa Fe,,Chile,-33.3152157,-71.4118028,medium,55,osm-chile-hotel-focused-choice-cala-2026-05-20
node/5816706253,Hostal El Anexo,San Pedro de Atacama,Chile,-22.9108082,-68.196646,high,85,osm-chile-hotel-focused-choice-cala-2026-05-20
node/5819571053,Puerta Fucsia,Valdivia,CL,-39.8223269,-73.2322103,high,75,osm-chile-hotel-focused-choice-cala-2026-05-20
node/5820768800,Hospedaje Arrayanes del estero,,Chile,-41.832999,-73.0727505,medium,55,osm-chile-hotel-focused-choice-cala-2026-05-20
node/5821308222,Hostal Los Carrera,Concepción,CL,-36.8218252,-73.049107,high,85,osm-chile-hotel-focused-choice-cala-2026-05-20
node/5821358733,Club Recreativo Armada de Chile,,Chile,-36.6842302,-73.1143892,medium,55,osm-chile-hotel-focused-choice-cala-2026-05-20
node/5821386691,Valle Dorado,Villa Alemana,CL,-33.0321085,-71.3752985,high,75,osm-chile-hotel-focused-choice-cala-2026-05-20
node/5821427952,Residencial La Esperanza,,Chile,-29.9527841,-71.3392356,medium,55,osm-chile-hotel-focused-choice-cala-2026-05-20
node/5821428253,Hotel Iberia,,Chile,-29.9532235,-71.3384846,medium,60,osm-chile-hotel-focused-choice-cala-2026-05-20
node/5821467827,Hostal Terra Diaguita,,Chile,-29.9045013,-71.2509423,medium,60,osm-chile-hotel-focused-choice-cala-2026-05-20
node/5825279059,Casa Vogage,,Chile,-22.9170331,-68.1983531,medium,60,osm-chile-hotel-focused-choice-cala-2026-05-20
node/5831375946,Ojo del Desierto,,Chile,-22.9238271,-68.2137488,medium,60,osm-chile-hotel-focused-choice-cala-2026-05-20
node/5843178085,Riding,,Chile,-36.911809,-71.4819785,high,85,osm-chile-hotel-focused-choice-cala-2026-05-20
node/5846507538,Las Tacas de Arica,Arica,Chile,-18.4839341,-70.3156551,high,75,osm-chile-hotel-focused-choice-cala-2026-05-20
node/5846520023,Lamas Hostal,Arica,Chile,-18.4833647,-70.3153807,high,75,osm-chile-hotel-focused-choice-cala-2026-05-20
node/5852216209,Cabañas El Puquio,,Chile,-35.8176424,-72.5693449,medium,55,osm-chile-hotel-focused-choice-cala-2026-05-20
node/5852219268,Cabañas Pukara,,Chile,-35.7972252,-72.5645496,medium,55,osm-chile-hotel-focused-choice-cala-2026-05-20
node/5863941384,Hotel Puerto Mayor,San Antonio,Chile,-33.5868854,-71.6115971,high,75,osm-chile-hotel-focused-choice-cala-2026-05-20
node/5868464931,Hostal Las Cabrias,,Chile,-37.0893557,-73.1619744,medium,55,osm-chile-hotel-focused-choice-cala-2026-05-20
node/5871904701,Mítico Hostel,Valparaíso,CL,-33.04879,-71.6083879,high,75,osm-chile-hotel-focused-choice-cala-2026-05-20
node/5877093485,LOF Hostal Pichilemu,,Chile,-34.3876999,-72.0061933,high,85,osm-chile-hotel-focused-choice-cala-2026-05-20
node/5878525446,A Campo Abierto Lodge,,Chile,-33.009345,-71.2044031,medium,55,osm-chile-hotel-focused-choice-cala-2026-05-20
node/5882951933,casa kolping hospedaje,,Chile,-18.4848445,-70.3074052,medium,55,osm-chile-hotel-focused-choice-cala-2026-05-20
node/5891403401,MariosMar,,Chile,-33.395089,-71.7000251,medium,55,osm-chile-hotel-focused-choice-cala-2026-05-20
node/5891403405,Cabañas Ministerio Secretaria General de Gobierno,,Chile,-33.3941261,-71.7011638,medium,55,osm-chile-hotel-focused-choice-cala-2026-05-20
node/5896472028,Cabañas Los Pinos,,Chile,-41.226065,-72.5660115,medium,55,osm-chile-hotel-focused-choice-cala-2026-05-20
node/5897056988,Eco Refugio El Escape,,Chile,-41.0603346,-72.3456673,medium,55,osm-chile-hotel-focused-choice-cala-2026-05-20
node/5897317970,Hostal Curacautín,,Chile,-38.4370686,-71.8860509,medium,55,osm-chile-hotel-focused-choice-cala-2026-05-20
node/5897332717,Cabañas Curacautín,,Chile,-38.438104,-71.8831321,medium,60,osm-chile-hotel-focused-choice-cala-2026-05-20
node/5899277748,Hospedaje,,Chile,-40.6839806,-72.5992012,medium,55,osm-chile-hotel-focused-choice-cala-2026-05-20
node/5899633793,Cabañas Isauka,,Chile,-36.7428038,-72.4566643,medium,55,osm-chile-hotel-focused-choice-cala-2026-05-20
node/5899640079,Hotel Casa de Adobe,,Chile,-36.7502515,-72.3107582,medium,55,osm-chile-hotel-focused-choice-cala-2026-05-20
node/5904037514,Sahara Inn,,Chile,-33.4485843,-70.6560773,medium,60,osm-chile-hotel-focused-choice-cala-2026-05-20
node/5906506633,Hostal Moller,,Chile,-39.2808985,-72.3224141,medium,55,osm-chile-hotel-focused-choice-cala-2026-05-20
node/5908629685,Hostal Ruta 181,,Chile,-38.4734469,-71.5602624,high,80,osm-chile-hotel-focused-choice-cala-2026-05-20
node/5910515985,Hostal Doña Marta,,Chile,-40.6844803,-72.5999719,high,80,osm-chile-hotel-focused-choice-cala-2026-05-20
node/5911926976,Hostal Concepción,,Chile,-36.8277974,-73.0459639,high,85,osm-chile-hotel-focused-choice-cala-2026-05-20
node/5912952985,Hostal Villa Lo Araya,Combarbalá,Chile,-31.1743971,-71.0066941,high,75,osm-chile-hotel-focused-choice-cala-2026-05-20
node/5917185071,Cabañas La Punta,,Chile,-39.8474108,-72.8194908,medium,55,osm-chile-hotel-focused-choice-cala-2026-05-20
node/5917372030,Hotel Balia Casino,Viña del Mar,Chile,-33.0219218,-71.561196,high,75,osm-chile-hotel-focused-choice-cala-2026-05-20
node/5918879472,Complejo Turística Valle del itata,,Chile,-36.6951397,-72.4546009,medium,55,osm-chile-hotel-focused-choice-cala-2026-05-20
node/5921468231,Hotel Los Andes,,Chile,-32.8362173,-70.5992995,medium,55,osm-chile-hotel-focused-choice-cala-2026-05-20
node/5921468654,Hotel Gloria,,Chile,-32.8330959,-70.6001186,medium,55,osm-chile-hotel-focused-choice-cala-2026-05-20
node/5922953470,Hostería,,Chile,-28.5783822,-70.7596655,medium,55,osm-chile-hotel-focused-choice-cala-2026-05-20
node/5923052585,Hostal Refugio Montañista,,Chile,-33.8286266,-70.0658375,high,95,osm-chile-hotel-focused-choice-cala-2026-05-20
node/5928715002,Hostal,,Chile,-40.5726746,-73.1314906,medium,55,osm-chile-hotel-focused-choice-cala-2026-05-20
node/5932249066,Quechua,,Chile,-22.913271,-68.1960071,medium,55,osm-chile-hotel-focused-choice-cala-2026-05-20
node/5932249067,Donde Augusto,,Chile,-22.9118738,-68.1997359,medium,55,osm-chile-hotel-focused-choice-cala-2026-05-20
node/5932249068,guest house diaguitas,,Chile,-22.9140859,-68.1958759,medium,55,osm-chile-hotel-focused-choice-cala-2026-05-20
node/5932546452,Casa HUESPED Iquique,,Chile,-20.2507226,-70.1366535,medium,55,osm-chile-hotel-focused-choice-cala-2026-05-20
node/5935254589,Hotel Moderno,Papudo,Chile,-32.5084575,-71.4462586,high,75,osm-chile-hotel-focused-choice-cala-2026-05-20
node/5935482616,Restaurant Hostal EL CLUB,,Chile,-33.7566687,-70.8969544,medium,55,osm-chile-hotel-focused-choice-cala-2026-05-20
node/5936938976,Hostal Illapel,,Chile,-31.6462415,-71.1925074,medium,55,osm-chile-hotel-focused-choice-cala-2026-05-20
node/5937279386,Colorado Apart Hotel,,Chile,-33.3498459,-70.2924309,medium,55,osm-chile-hotel-focused-choice-cala-2026-05-20
node/5938909625,Cabañas Cardonal,,Chile,-35.8806532,-72.66992,medium,55,osm-chile-hotel-focused-choice-cala-2026-05-20
node/5938917789,Cabañas Mirador,,Chile,-35.817662,-72.5776354,medium,55,osm-chile-hotel-focused-choice-cala-2026-05-20
node/5938951276,Hostal Caffenen,,Chile,-34.985647,-71.9853183,medium,55,osm-chile-hotel-focused-choice-cala-2026-05-20
node/5938951277,Residencial Veloz,,Chile,-34.985903,-71.9840161,medium,55,osm-chile-hotel-focused-choice-cala-2026-05-20
node/5938951278,Residencial Las Camelias,,Chile,-34.9849959,-71.9850745,medium,55,osm-chile-hotel-focused-choice-cala-2026-05-20
node/5940008519,El Mirador de Guadal,,Chile,-46.8364409,-72.6867704,medium,55,osm-chile-hotel-focused-choice-cala-2026-05-20
node/5949595285,Sol De Invierno,,Chile,-53.1542761,-70.9044582,medium,60,osm-chile-hotel-focused-choice-cala-2026-05-20
node/5949813622,Cabaña Maronui,,Chile,-27.1609813,-109.4197741,medium,55,osm-chile-hotel-focused-choice-cala-2026-05-20
node/5949813623,Cabañas Maheva,,Chile,-27.1607343,-109.4202368,medium,55,osm-chile-hotel-focused-choice-cala-2026-05-20
node/5961694767,Hotel Taura'A,,Chile,-27.1516992,-109.4315047,medium,55,osm-chile-hotel-focused-choice-cala-2026-05-20
node/5961694770,Residencial Chez Erika,,Chile,-27.1515245,-109.4296612,medium,55,osm-chile-hotel-focused-choice-cala-2026-05-20
node/5961695815,Hotel Atariki,,Chile,-27.1516103,-109.430268,medium,55,osm-chile-hotel-focused-choice-cala-2026-05-20
node/5961711261,Hotel Gomero,,Chile,-27.151921,-109.4267904,medium,55,osm-chile-hotel-focused-choice-cala-2026-05-20
node/5961715905,Residencial Villa Tiki,,Chile,-27.1555073,-109.4286094,medium,55,osm-chile-hotel-focused-choice-cala-2026-05-20
node/5964302786,Hostal Lascar,,Chile,-23.1872362,-68.0058794,medium,55,osm-chile-hotel-focused-choice-cala-2026-05-20
node/5966792316,Refugio Hueitra,,Chile,-46.1160178,-72.2203593,medium,55,osm-chile-hotel-focused-choice-cala-2026-05-20
node/5969072984,Cabañas Puna Poho,,Chile,-27.1411485,-109.4266632,medium,55,osm-chile-hotel-focused-choice-cala-2026-05-20
node/5969073285,Mana Nui,,Chile,-27.1432652,-109.4254776,medium,55,osm-chile-hotel-focused-choice-cala-2026-05-20
node/5969073288,Heretaina Hostal,,Chile,-27.1445361,-109.4245845,medium,55,osm-chile-hotel-focused-choice-cala-2026-05-20
node/5969073290,Cabañas Raupa,,Chile,-27.144832,-109.4244854,medium,55,osm-chile-hotel-focused-choice-cala-2026-05-20
node/5969073291,Ana Vai,,Chile,-27.141998,-109.4265973,medium,55,osm-chile-hotel-focused-choice-cala-2026-05-20
node/5969197196,Pampa Hotel,,Chile,-20.2220896,-70.1497455,medium,55,osm-chile-hotel-focused-choice-cala-2026-05-20
node/5970631487,Hostal Doña Gilly,,Chile,-23.5882279,-67.8902345,medium,55,osm-chile-hotel-focused-choice-cala-2026-05-20
node/5986897385,Pito Haoa,,Chile,-27.1528968,-109.4171532,medium,60,osm-chile-hotel-focused-choice-cala-2026-05-20
node/5993793349,Hospedaje Klickmann,Temuco,CL,-38.7389801,-72.5927144,high,90,osm-chile-hotel-focused-choice-cala-2026-05-20
node/5994132088,Hotel Estancia El Ovejero Patagónico,Cerro Castillo,Chile,-51.2569729,-72.3431236,high,100,osm-chile-hotel-focused-choice-cala-2026-05-20
node/5994292487,Casa Liroi Hereveri,,Chile,-27.1470006,-109.4107306,medium,55,osm-chile-hotel-focused-choice-cala-2026-05-20
node/5994421707,Maki Hostel Valparaiso,Valparaíso,Chile,-33.0409714,-71.6283146,high,90,osm-chile-hotel-focused-choice-cala-2026-05-20
node/5996930125,Hotel Argentina,Chillán,Chile,-36.6047874,-72.0913075,high,75,osm-chile-hotel-focused-choice-cala-2026-05-20
node/6000896685,Hostal Kayser,,Chile,-40.5723639,-73.1240592,medium,55,osm-chile-hotel-focused-choice-cala-2026-05-20
node/6002513496,Hostal Melmac Patagonia,Puerto Varas,CL,-41.3192123,-72.9841914,high,75,osm-chile-hotel-focused-choice-cala-2026-05-20
node/6003307785,Angela pate avareipua casa celeste,,Chile,-27.1518827,-109.4320464,medium,55,osm-chile-hotel-focused-choice-cala-2026-05-20
node/6003745228,Pali Aike,,Chile,-52.3129107,-69.6834398,medium,55,osm-chile-hotel-focused-choice-cala-2026-05-20
node/6010338046,Liborio de Mar,,Chile,-34.481788,-72.0196592,medium,55,osm-chile-hotel-focused-choice-cala-2026-05-20
node/6015769486,Hotel camping Doris,,Chile,-45.402845,-72.6928967,medium,55,osm-chile-hotel-focused-choice-cala-2026-05-20
node/6018014493,Petero huke,,Chile,-27.1433439,-109.4178292,medium,55,osm-chile-hotel-focused-choice-cala-2026-05-20
node/6018103485,Al lado mana ika marieli,,Chile,-27.1424405,-109.4251503,medium,55,osm-chile-hotel-focused-choice-cala-2026-05-20
node/6018103487,Casa Elena Huke Tepuo Huke,,Chile,-27.1532697,-109.4298956,medium,55,osm-chile-hotel-focused-choice-cala-2026-05-20
node/6018192887,Jeny tuki,,Chile,-27.1410458,-109.4188805,medium,55,osm-chile-hotel-focused-choice-cala-2026-05-20
node/6020537185,Atilio lagos,,Chile,-27.1573012,-109.4172924,medium,55,osm-chile-hotel-focused-choice-cala-2026-05-20
node/6020602785,Detras monica pate veronica,,Chile,-27.1523902,-109.4243952,medium,55,osm-chile-hotel-focused-choice-cala-2026-05-20
node/6020866685,Hotel rapa nui,,Chile,-27.1489222,-109.4264524,medium,55,osm-chile-hotel-focused-choice-cala-2026-05-20
node/6023711085,Hostel El Tren,,Chile,-22.9035214,-68.2003004,medium,55,osm-chile-hotel-focused-choice-cala-2026-05-20
node/6025115794,Hotel Enjoy Pucón,Pucón,CL,-39.2724434,-71.9780412,high,100,osm-chile-hotel-focused-choice-cala-2026-05-20
node/6026225064,Refugio del Alma,,Chile,-41.6547082,-72.2850171,medium,60,osm-chile-hotel-focused-choice-cala-2026-05-20
node/6027433620,casa de Huéspedes Granaderos,,Chile,-20.2319546,-70.1455401,medium,55,osm-chile-hotel-focused-choice-cala-2026-05-20
node/6027584298,Moeŋa,,Chile,-27.1494514,-109.4250956,medium,55,osm-chile-hotel-focused-choice-cala-2026-05-20
node/6027584299,Hare Moana,,Chile,-27.1501871,-109.4236956,medium,55,osm-chile-hotel-focused-choice-cala-2026-05-20
node/6027584300,Akiko,,Chile,-27.1533988,-109.4261178,medium,55,osm-chile-hotel-focused-choice-cala-2026-05-20
node/6027584301,Gomero,,Chile,-27.1524831,-109.4264016,medium,55,osm-chile-hotel-focused-choice-cala-2026-05-20
node/6027584302,Korina’s,,Chile,-27.1539697,-109.4268724,medium,55,osm-chile-hotel-focused-choice-cala-2026-05-20
node/6027584303,Moana Nui,,Chile,-27.1527562,-109.4260784,medium,55,osm-chile-hotel-focused-choice-cala-2026-05-20
node/6027584304,Noa Ariki,,Chile,-27.150719,-109.4225099,medium,55,osm-chile-hotel-focused-choice-cala-2026-05-20
node/6027584305,Aoraŋi,,Chile,-27.1535281,-109.4274535,medium,55,osm-chile-hotel-focused-choice-cala-2026-05-20
node/6027584306,Maŋa’i,,Chile,-27.1530526,-109.4261657,medium,55,osm-chile-hotel-focused-choice-cala-2026-05-20
node/6032116786,La bicyclette,,Chile,-33.0435704,-71.6270198,medium,60,osm-chile-hotel-focused-choice-cala-2026-05-20
node/6032223686,Casa Mañio,,Chile,-42.1435575,-73.482684,medium,55,osm-chile-hotel-focused-choice-cala-2026-05-20
node/6035608485,Hotel otai,,Chile,-27.1476856,-109.4281794,medium,55,osm-chile-hotel-focused-choice-cala-2026-05-20
node/6037088585,Factoria,,Chile,-51.7264294,-72.511427,medium,60,osm-chile-hotel-focused-choice-cala-2026-05-20
node/6041555933,La Calma De Rita,Santiago,Chile,-33.6452182,-70.5341335,high,85,osm-chile-hotel-focused-choice-cala-2026-05-20
node/6055148002,Cabañas,,Chile,-28.5767011,-70.7767045,medium,55,osm-chile-hotel-focused-choice-cala-2026-05-20
node/6063578149,Hostal El Parque,,Chile,-43.1193221,-73.6224749,medium,55,osm-chile-hotel-focused-choice-cala-2026-05-20
node/6066106034,La Nueva Carintia,,Chile,-41.2162435,-72.5076265,medium,55,osm-chile-hotel-focused-choice-cala-2026-05-20
node/6068384988,El Puconino,,Chile,-39.2795986,-71.9683394,medium,55,osm-chile-hotel-focused-choice-cala-2026-05-20
node/6069193159,Tres Palmeras,,Chile,-29.9210314,-71.1952634,medium,55,osm-chile-hotel-focused-choice-cala-2026-05-20
node/6069208449,Donde Thomas,,Chile,-29.9242811,-71.2001857,medium,55,osm-chile-hotel-focused-choice-cala-2026-05-20
node/6069403792,Altos del Tuqui,,Chile,-30.5698011,-71.1833978,medium,55,osm-chile-hotel-focused-choice-cala-2026-05-20
node/6071833595,Cabaña Borde Río,,Chile,-36.1346252,-72.8000196,medium,55,osm-chile-hotel-focused-choice-cala-2026-05-20
node/6071905585,Cabaña,,Chile,-36.1368285,-72.7987717,medium,55,osm-chile-hotel-focused-choice-cala-2026-05-20
node/6074322887,Cabaña,,Chile,-36.116382,-72.805219,medium,55,osm-chile-hotel-focused-choice-cala-2026-05-20
node/6077798985,Casa Establo,Pucón,CL,-39.3072126,-72.0443187,high,100,osm-chile-hotel-focused-choice-cala-2026-05-20
node/6078011885,Casa de Nico,,Chile,-45.5918314,-72.0751154,medium,55,osm-chile-hotel-focused-choice-cala-2026-05-20
node/6079746392,Loncoterra,,Chile,-39.3102872,-72.0803542,medium,55,osm-chile-hotel-focused-choice-cala-2026-05-20
node/6080130689,Cunsa Turi,,Chile,-23.6836165,-68.0587871,medium,55,osm-chile-hotel-focused-choice-cala-2026-05-20
node/6080315185,Surf Hostel Selva del Mar,Niebla,Chile,-39.8657314,-73.3910527,high,85,osm-chile-hotel-focused-choice-cala-2026-05-20
node/6082506285,Hotel Atacama,,Chile,-27.3686345,-70.3350648,medium,55,osm-chile-hotel-focused-choice-cala-2026-05-20
node/6083051585,Estrellita del Sur,,Chile,-51.7297448,-72.4973666,medium,60,osm-chile-hotel-focused-choice-cala-2026-05-20
node/6091059686,Hostería Catalina,,Chile,-41.9668782,-72.4775274,medium,55,osm-chile-hotel-focused-choice-cala-2026-05-20
node/6093864191,Turismo Rural Los Alpes,,Chile,-43.1759954,-71.8851254,medium,55,osm-chile-hotel-focused-choice-cala-2026-05-20
node/6093936017,ALEMAPU Pieza privada Coñaripe,,Chile,-39.5678987,-71.9981874,medium,65,osm-chile-hotel-focused-choice-cala-2026-05-20
node/6100533417,Cabañas Licán,,Chile,-40.1992839,-72.2590682,medium,55,osm-chile-hotel-focused-choice-cala-2026-05-20
node/6100999941,Cabañas Caleta Gonzalo,,Chile,-42.5590978,-72.6048767,medium,55,osm-chile-hotel-focused-choice-cala-2026-05-20
node/6102793886,Hostal Suxso,,Chile,-17.5952838,-69.4817613,medium,55,osm-chile-hotel-focused-choice-cala-2026-05-20
node/6103024065,Alojamiento Domeyko Ceer,Santiago,Chile,-33.4551264,-70.6592533,high,75,osm-chile-hotel-focused-choice-cala-2026-05-20
node/6107701085,Hostel Torre de Babel,Castro,Chile,-42.4749456,-73.7651387,high,75,osm-chile-hotel-focused-choice-cala-2026-05-20
node/6109362192,Cabañas Daniel,Pichidangui,Chile,-32.1430251,-71.5242453,high,75,osm-chile-hotel-focused-choice-cala-2026-05-20
node/6109456217,Hostal Martita,San Pedro de Atacama,Chile,-22.9139066,-68.202568,high,85,osm-chile-hotel-focused-choice-cala-2026-05-20
node/6109694867,Mestizio Hostal,,Chile,-33.4532581,-70.6838486,medium,55,osm-chile-hotel-focused-choice-cala-2026-05-20
node/6110120685,Casa Adobe,,Chile,-22.9141755,-68.2033699,medium,60,osm-chile-hotel-focused-choice-cala-2026-05-20
node/6110668685,Terrantai Lodge Andino,,Chile,-22.9119935,-68.2012339,medium,55,osm-chile-hotel-focused-choice-cala-2026-05-20
node/6111201697,Hospedaje Mwono,,Chile,-51.7272785,-72.5098138,medium,55,osm-chile-hotel-focused-choice-cala-2026-05-20
node/6119104785,Alimapu,,Chile,-33.0430471,-71.6278692,high,75,osm-chile-hotel-focused-choice-cala-2026-05-20
node/6129000404,Hostal & Cabañas Verde Nativo,Puerto Varas,CL,-41.3290878,-72.960914,high,85,osm-chile-hotel-focused-choice-cala-2026-05-20
node/6131245186,Hotel Barlovento,Porvenir,Chile,-53.2871541,-70.3794309,high,90,osm-chile-hotel-focused-choice-cala-2026-05-20
node/6135935885,Ainil,,Chile,-53.1557997,-70.8978221,high,85,osm-chile-hotel-focused-choice-cala-2026-05-20
node/6137942800,Costa Pacífico,Arica,Chile,-18.4780464,-70.3149077,high,75,osm-chile-hotel-focused-choice-cala-2026-05-20
node/6142758485,Arken-Koo,,Chile,-38.9971525,-72.6732474,medium,55,osm-chile-hotel-focused-choice-cala-2026-05-20
node/6143233365,Pucará Cabañas,Puerto Varas,CL,-41.330557,-72.9607759,high,75,osm-chile-hotel-focused-choice-cala-2026-05-20
node/6149863686,La Serena Beach Hostal,,Chile,-29.9487483,-71.2926753,high,95,osm-chile-hotel-focused-choice-cala-2026-05-20
node/6150709644,Puerto Ramirez Hospedaje,,Chile,-43.480787,-72.1287203,medium,55,osm-chile-hotel-focused-choice-cala-2026-05-20
node/6150710549,Ventisqueros,,Chile,-32.9030533,-70.2672891,medium,55,osm-chile-hotel-focused-choice-cala-2026-05-20
node/6154336413,Cabañas Campoymar,,Chile,-32.8454881,-71.4857553,medium,55,osm-chile-hotel-focused-choice-cala-2026-05-20
node/6154402882,Centro Vacacional,,Chile,-38.6322094,-72.4408242,medium,55,osm-chile-hotel-focused-choice-cala-2026-05-20
node/6164369085,club cavancha,,Chile,-20.2289595,-70.1469577,medium,60,osm-chile-hotel-focused-choice-cala-2026-05-20
node/6167229066,Hospedaje Futrono,,Chile,-40.1339286,-72.3882965,high,80,osm-chile-hotel-focused-choice-cala-2026-05-20
node/6171140090,Hostel Jallala,,Chile,-22.4655218,-68.924362,medium,60,osm-chile-hotel-focused-choice-cala-2026-05-20
node/6171173432,Elsita,,Chile,-41.6647796,-72.2970442,medium,55,osm-chile-hotel-focused-choice-cala-2026-05-20
node/6173827985,Hostal Cruz de Atacama,,Chile,-22.9141794,-68.199419,medium,60,osm-chile-hotel-focused-choice-cala-2026-05-20
node/6174605685,Pre-U hostel,,Chile,-45.575879,-72.0703656,medium,55,osm-chile-hotel-focused-choice-cala-2026-05-20
node/6175063697,Hospedaje,,Chile,-40.1290388,-72.3929069,medium,55,osm-chile-hotel-focused-choice-cala-2026-05-20
node/6175108418,Hostal Mi Casa,,Chile,-40.1292423,-72.386244,medium,55,osm-chile-hotel-focused-choice-cala-2026-05-20
node/6175544162,Torres Castaño,,Chile,-43.6179205,-71.8028668,high,85,osm-chile-hotel-focused-choice-cala-2026-05-20
node/6175544785,Palena y Tú,,Chile,-43.6173686,-71.8047477,medium,55,osm-chile-hotel-focused-choice-cala-2026-05-20
node/6178380585,Hostal Dundo Ivo Spa,Punta Arenas,Chile,-53.1592023,-70.8941699,high,95,osm-chile-hotel-focused-choice-cala-2026-05-20
node/6179953145,Las Vertientes,,Chile,-35.477071,-70.9957284,medium,55,osm-chile-hotel-focused-choice-cala-2026-05-20
node/6179953146,Asociación de Funcionarios Municipales,,Chile,-35.4755813,-70.9939528,medium,55,osm-chile-hotel-focused-choice-cala-2026-05-20
node/6179953147,Club Rotario Cordillerano,,Chile,-35.4752122,-70.9936336,medium,55,osm-chile-hotel-focused-choice-cala-2026-05-20
node/6179953226,La Flor de la Canela,,Chile,-35.4750975,-70.9942277,medium,55,osm-chile-hotel-focused-choice-cala-2026-05-20
node/6182428407,Hostal CasaPlan,Valparaíso,Chile,-33.0452176,-71.6213141,high,100,osm-chile-hotel-focused-choice-cala-2026-05-20
node/6183717585,Eat sleep surf hostel,,Chile,-34.3891149,-72.0088519,medium,60,osm-chile-hotel-focused-choice-cala-2026-05-20
node/6185172385,Chucao Bosque y Cabañas,Chaitén,Chile,-42.9129243,-72.7114571,high,75,osm-chile-hotel-focused-choice-cala-2026-05-20
node/6186039555,La Rosa,,Chile,-41.9097988,-71.8961567,medium,55,osm-chile-hotel-focused-choice-cala-2026-05-20
node/6191182285,Hostería Antumapu,,Chile,-33.4099577,-71.1665981,medium,55,osm-chile-hotel-focused-choice-cala-2026-05-20
node/6192206286,Hostal Omama,Puerto Varas,CL,-41.3151911,-72.9890674,high,75,osm-chile-hotel-focused-choice-cala-2026-05-20
node/6195238686,Casa Galos Hotel & Lofts,Valparaíso,Chile,-33.0438588,-71.6301136,high,100,osm-chile-hotel-focused-choice-cala-2026-05-20
node/6199761524,Hostal El Viajero,,Chile,-43.7742558,-72.9542504,medium,55,osm-chile-hotel-focused-choice-cala-2026-05-20
node/6199761895,Hospedaje Melimoyu,,Chile,-43.7740726,-72.9553659,medium,65,osm-chile-hotel-focused-choice-cala-2026-05-20
node/6199762156,Hostería Isla del Palena,,Chile,-43.7759089,-72.9529474,medium,55,osm-chile-hotel-focused-choice-cala-2026-05-20
node/6199762159,El Faro,,Chile,-43.7765899,-72.9540871,medium,55,osm-chile-hotel-focused-choice-cala-2026-05-20
node/6200996186,Hospedaje Casa Blanca,,Chile,-38.2327469,-72.33202,medium,60,osm-chile-hotel-focused-choice-cala-2026-05-20
node/6202199243,Ebenezer,,Chile,-43.1825723,-71.8690682,medium,55,osm-chile-hotel-focused-choice-cala-2026-05-20
node/6202199261,Los Troncos,,Chile,-43.1829407,-71.8662402,medium,55,osm-chile-hotel-focused-choice-cala-2026-05-20
node/6202199275,Dany,,Chile,-43.1839583,-71.8694238,medium,55,osm-chile-hotel-focused-choice-cala-2026-05-20
node/6202199687,La Yunta,,Chile,-43.1847862,-71.8654297,medium,55,osm-chile-hotel-focused-choice-cala-2026-05-20
node/6202199705,Posada Ely,,Chile,-43.1837565,-71.8682254,medium,55,osm-chile-hotel-focused-choice-cala-2026-05-20
node/6202298302,Hospedaje Lupita,Castro,Chile,-42.4744907,-73.7661117,high,100,osm-chile-hotel-focused-choice-cala-2026-05-20
node/6203867401,Nuevo Estilo,,Chile,-43.1869788,-71.8630826,medium,55,osm-chile-hotel-focused-choice-cala-2026-05-20
node/6204090189,Cabaña Kial,,Chile,-41.5208818,-72.7597798,medium,55,osm-chile-hotel-focused-choice-cala-2026-05-20
node/6204559163,Nelda,,Chile,-43.1847926,-71.870887,medium,55,osm-chile-hotel-focused-choice-cala-2026-05-20
node/6204696787,Hospedaje Betty,Frutillar,CL,-41.1342396,-73.0324846,high,95,osm-chile-hotel-focused-choice-cala-2026-05-20
node/6204697288,Cabañas y Quincho Dónde Clemente.,Frutillar,CL,-41.1386254,-73.0330559,high,95,osm-chile-hotel-focused-choice-cala-2026-05-20
node/6209237697,Mielito,,Chile,-43.9729903,-72.4063737,medium,65,osm-chile-hotel-focused-choice-cala-2026-05-20
node/6211814910,El Pionero,,Chile,-44.3253061,-72.5592814,medium,55,osm-chile-hotel-focused-choice-cala-2026-05-20
node/6211814919,Los Mañios de Queulat,,Chile,-44.3248481,-72.5614104,medium,55,osm-chile-hotel-focused-choice-cala-2026-05-20
node/6213237914,Terrace Lodge & Tours,Putre,Chile,-18.1987597,-69.557446,high,100,osm-chile-hotel-focused-choice-cala-2026-05-20
node/6214674037,Ensenada,,Chile,-44.3256321,-72.5627561,medium,55,osm-chile-hotel-focused-choice-cala-2026-05-20
node/6214674041,Don Claudio Guesthouse,,Chile,-44.324327,-72.5569284,medium,55,osm-chile-hotel-focused-choice-cala-2026-05-20
node/6214674046,Evelin,,Chile,-44.3251627,-72.5636347,medium,55,osm-chile-hotel-focused-choice-cala-2026-05-20
node/6214674051,Maravilla de la Patagonia,,Chile,-44.3231299,-72.5593209,medium,55,osm-chile-hotel-focused-choice-cala-2026-05-20
node/6214674067,Scarlett,,Chile,-44.3244369,-72.5566258,medium,55,osm-chile-hotel-focused-choice-cala-2026-05-20
node/6214674073,Carretera Austral,,Chile,-44.3247531,-72.558299,medium,55,osm-chile-hotel-focused-choice-cala-2026-05-20
node/6219545753,La Casa de Otto,,Chile,-44.3286501,-72.5555613,medium,55,osm-chile-hotel-focused-choice-cala-2026-05-20
node/6219737413,El Encuentro,,Chile,-45.172869,-72.146445,medium,55,osm-chile-hotel-focused-choice-cala-2026-05-20
node/6221840785,Residencial El Botecito,,Chile,-41.9654817,-72.4686046,medium,60,osm-chile-hotel-focused-choice-cala-2026-05-20
node/6222135169,Hospedaje Gemita,,Chile,-46.1218115,-72.159021,medium,55,osm-chile-hotel-focused-choice-cala-2026-05-20
node/6222175310,Hostal Gaucho,,Chile,-45.5756619,-72.0704453,medium,55,osm-chile-hotel-focused-choice-cala-2026-05-20
node/6222640487,La Roca restaurante hostal y cabañas,,Chile,-42.918936,-72.7119338,medium,55,osm-chile-hotel-focused-choice-cala-2026-05-20
node/6222658885,Hostal La Roca,,Chile,-42.8970778,-72.7285991,high,70,osm-chile-hotel-focused-choice-cala-2026-05-20
node/6225562186,Hostal El Pensamiento,Futaleufú,Chile,-43.1831836,-71.8680881,high,75,osm-chile-hotel-focused-choice-cala-2026-05-20
node/6227560553,Hotel Patagonia Central,Coyhaique,Chile,-45.5737883,-72.07199,high,75,osm-chile-hotel-focused-choice-cala-2026-05-20
node/6227560584,Aonken,Coyhaique,Chile,-45.5724951,-72.0723531,high,75,osm-chile-hotel-focused-choice-cala-2026-05-20
node/6236001386,Hotel Barrio Yungay,,Chile,-33.4383245,-70.6775784,medium,60,osm-chile-hotel-focused-choice-cala-2026-05-20
node/6238094033,La Casona,,Chile,-46.430232,-72.7036567,medium,55,osm-chile-hotel-focused-choice-cala-2026-05-20
node/6240886311,Refugio Darwin,,Chile,-51.2413216,-72.9854355,high,70,osm-chile-hotel-focused-choice-cala-2026-05-20
node/6242337785,Domos Cumbres del Sur,,Chile,-46.6288944,-72.6702379,medium,55,osm-chile-hotel-focused-choice-cala-2026-05-20
node/6243231685,Hospedaje Tehuelche,,Chile,-47.8038478,-73.5470555,medium,55,osm-chile-hotel-focused-choice-cala-2026-05-20
node/6245793687,Hospedaje Pochita,,Chile,-41.9703078,-72.4755741,medium,55,osm-chile-hotel-focused-choice-cala-2026-05-20
node/6246554885,Hotel Milly,,Chile,-35.5946473,-71.733028,high,85,osm-chile-hotel-focused-choice-cala-2026-05-20
node/6248926344,Hospedaje Caretera Austral,,Chile,-41.7275823,-72.4774841,medium,55,osm-chile-hotel-focused-choice-cala-2026-05-20
node/6250553985,Hostal Júpiter,,Chile,-20.2610917,-69.7861367,medium,55,osm-chile-hotel-focused-choice-cala-2026-05-20
node/6251971409,Hospedaje Latue,,Chile,-40.5730368,-73.1241269,medium,55,osm-chile-hotel-focused-choice-cala-2026-05-20
node/6255739085,Ribera del Maule,,Chile,-35.3330937,-72.3866518,medium,55,osm-chile-hotel-focused-choice-cala-2026-05-20
node/6257034785,Hospedaje del Mochilero,Puerto Montt,CL,-41.4757596,-72.9567413,high,85,osm-chile-hotel-focused-choice-cala-2026-05-20
node/6258697397,Hospedaje El Arrayán,,Chile,-41.6611436,-72.2968826,medium,60,osm-chile-hotel-focused-choice-cala-2026-05-20
node/6259569885,casa hrna. Nancy bello,,Chile,-40.5890368,-73.1522349,medium,55,osm-chile-hotel-focused-choice-cala-2026-05-20
node/6262475085,Hospedaje Familiar Baquedano,,Chile,-51.7292686,-72.5021443,medium,55,osm-chile-hotel-focused-choice-cala-2026-05-20
node/6262637385,Hostal Restaurant Hidalgo,,Chile,-29.2486736,-71.4619238,medium,55,osm-chile-hotel-focused-choice-cala-2026-05-20
node/6264748593,Hospedaje Daniela,,Chile,-45.4609482,-72.8144243,high,85,osm-chile-hotel-focused-choice-cala-2026-05-20
node/6267108641,Hostal Roxanna,,Chile,-47.2496893,-72.5693687,high,70,osm-chile-hotel-focused-choice-cala-2026-05-20
node/6267109066,Wellmann,,Chile,-47.2526871,-72.5739463,medium,65,osm-chile-hotel-focused-choice-cala-2026-05-20
node/6268801685,cabañas Repuyen,,Chile,-38.5872649,-71.7922395,medium,65,osm-chile-hotel-focused-choice-cala-2026-05-20
node/6268833185,HomeStay Angel (6000 per night),,Chile,-46.1227459,-72.1568109,medium,55,osm-chile-hotel-focused-choice-cala-2026-05-20
node/6269489990,Hospedaje Artilugio,,Chile,-42.4747634,-73.4874239,high,70,osm-chile-hotel-focused-choice-cala-2026-05-20
node/6270538385,Club de Pesca y Caza Cerro Sombrero,,Chile,-54.0522146,-68.9553721,medium,55,osm-chile-hotel-focused-choice-cala-2026-05-20
node/6270768985,Backpackers Hostel,,Chile,-46.2933242,-71.9361466,high,75,osm-chile-hotel-focused-choice-cala-2026-05-20
node/6274276586,Hospedaje Valencia,Puerto Montt,CL,-41.4457806,-72.9245341,high,85,osm-chile-hotel-focused-choice-cala-2026-05-20
node/6276586685,Cabañas Calfurray,,Chile,-39.3015184,-72.0932396,high,85,osm-chile-hotel-focused-choice-cala-2026-05-20
node/6279290086,Hostal Los Paisas,,Chile,-23.6476498,-70.3944342,medium,55,osm-chile-hotel-focused-choice-cala-2026-05-20
node/6281635715,Cabañas El Estero,,Chile,-46.5384268,-71.725721,medium,55,osm-chile-hotel-focused-choice-cala-2026-05-20
node/6282850656,Hotel Los Cardenales,,Chile,-36.602938,-72.1107295,medium,55,osm-chile-hotel-focused-choice-cala-2026-05-20
node/6282850657,Hotel de la Avenida,,Chile,-36.6032997,-72.1083852,medium,55,osm-chile-hotel-focused-choice-cala-2026-05-20
node/6283569576,Cabañas,,Chile,-39.8446348,-73.2038649,medium,55,osm-chile-hotel-focused-choice-cala-2026-05-20
node/6285950885,Residencial Chañarcillo,,Chile,-27.3643503,-70.3319747,medium,55,osm-chile-hotel-focused-choice-cala-2026-05-20
node/6286115885,Hospedaje Normita,,Chile,-45.5733577,-72.0506943,high,70,osm-chile-hotel-focused-choice-cala-2026-05-20
node/6286365335,Chai Chai Hostel,Chaiten,Chile,-42.9192676,-72.7022077,high,75,osm-chile-hotel-focused-choice-cala-2026-05-20
node/6286991787,Hospedaje Papo,Osorno,CL,-40.5723846,-73.1315158,high,75,osm-chile-hotel-focused-choice-cala-2026-05-20
node/6289181387,Rimaya Hostel,,Chile,-46.6244599,-72.6782618,high,80,osm-chile-hotel-focused-choice-cala-2026-05-20
node/6290345785,Hostal Evelyn,,Chile,-44.3250931,-72.5637998,medium,55,osm-chile-hotel-focused-choice-cala-2026-05-20
node/6291778339,Hostel España,Panguipulli,CL,-39.6419204,-72.3322311,high,85,osm-chile-hotel-focused-choice-cala-2026-05-20
node/6291826656,Las Rosas,Panguipulli,CL,-39.6410474,-72.3299763,high,85,osm-chile-hotel-focused-choice-cala-2026-05-20
node/6291837560,Hostel Umantu,Panguipulli,CL,-39.6429801,-72.33028,high,85,osm-chile-hotel-focused-choice-cala-2026-05-20
node/6294084755,Estancia Río de Los Ciervos,,Chile,-53.2038773,-70.9404491,high,75,osm-chile-hotel-focused-choice-cala-2026-05-20
node/6295687385,Hospedajes Mallacún,Salamanca,Chile,-31.7797376,-70.9635318,high,75,osm-chile-hotel-focused-choice-cala-2026-05-20
node/6299384588,Hostal Campo Santy,,Chile,-41.601452,-72.6721677,medium,55,osm-chile-hotel-focused-choice-cala-2026-05-20
node/6301318069,Hotel Ventura,Chillán,Chile,-36.6065347,-72.1093767,high,75,osm-chile-hotel-focused-choice-cala-2026-05-20
node/6302196585,cabañas caramba,,Chile,-44.323949,-72.5588194,medium,55,osm-chile-hotel-focused-choice-cala-2026-05-20
node/6306449379,Hospedaje Alto Manzano,,Chile,-41.9933079,-72.6435549,medium,55,osm-chile-hotel-focused-choice-cala-2026-05-20
node/6316207909,Cabañas Población Los Jara,,Chile,-35.8170682,-72.5842702,medium,55,osm-chile-hotel-focused-choice-cala-2026-05-20
node/6317145183,Hostal Invunche Blanco,Ancud,Chile,-41.8691488,-73.823417,high,75,osm-chile-hotel-focused-choice-cala-2026-05-20
node/6317147285,Hospedaje,,Chile,-43.1207643,-73.6192856,medium,55,osm-chile-hotel-focused-choice-cala-2026-05-20
node/6317612086,Residencial Ancud,,Chile,-41.474346,-72.9499087,medium,55,osm-chile-hotel-focused-choice-cala-2026-05-20
node/6317777325,Hospedaje,,Chile,-38.248732,-72.6671818,medium,55,osm-chile-hotel-focused-choice-cala-2026-05-20
node/6318437985,Mar Azul,,Chile,-18.4768646,-70.3170411,high,75,osm-chile-hotel-focused-choice-cala-2026-05-20
node/6318613897,Hospedaje,,Chile,-37.8009947,-72.7012474,medium,55,osm-chile-hotel-focused-choice-cala-2026-05-20
node/6318644232,Hostal Centro,,Chile,-37.7983962,-72.705553,medium,55,osm-chile-hotel-focused-choice-cala-2026-05-20
node/6320261345,Hospedaje,,Chile,-37.7936812,-72.704993,medium,55,osm-chile-hotel-focused-choice-cala-2026-05-20
node/6320261349,Hospedaje,,Chile,-37.7939298,-72.7046543,medium,55,osm-chile-hotel-focused-choice-cala-2026-05-20
node/6320993145,Hotel Pettra Santiago,Lo Barnechea,Chile,-33.3596884,-70.515153,high,100,osm-chile-hotel-focused-choice-cala-2026-05-20
node/6336758985,Mon Repos,,Chile,-38.481301,-71.5781004,medium,55,osm-chile-hotel-focused-choice-cala-2026-05-20
node/6342072705,RQ Stay Antofagasta,,Chile,-23.6459057,-70.4018925,high,85,osm-chile-hotel-focused-choice-cala-2026-05-20
node/6343111064,Cabañas Entre Rieles,,Chile,-22.4695017,-68.9051437,medium,55,osm-chile-hotel-focused-choice-cala-2026-05-20
node/6344802910,Cabañas Casa Verde,,Chile,-34.4118797,-72.0235574,medium,55,osm-chile-hotel-focused-choice-cala-2026-05-20
node/6347763234,Mapu Hostal,Villarrica,CL,-39.2774024,-72.229254,high,75,osm-chile-hotel-focused-choice-cala-2026-05-20
node/6347812622,Hospedaje Alerce,,Chile,-41.800071,-72.7164891,medium,55,osm-chile-hotel-focused-choice-cala-2026-05-20
node/6348301537,Maki Hotel,,Chile,-39.2771733,-71.9705456,high,70,osm-chile-hotel-focused-choice-cala-2026-05-20
node/6351329686,Hostal Santa Eulalia,,Chile,-23.6206588,-70.3895968,medium,60,osm-chile-hotel-focused-choice-cala-2026-05-20
node/6353343185,Las Lomitas,,Chile,-45.5688874,-72.1244065,high,85,osm-chile-hotel-focused-choice-cala-2026-05-20
node/6354537988,hostel los boldos,,Chile,-39.280129,-71.9648866,medium,55,osm-chile-hotel-focused-choice-cala-2026-05-20
node/6356364185,Aiute,,Chile,-39.4375291,-72.1996918,high,95,osm-chile-hotel-focused-choice-cala-2026-05-20
node/6357341785,Casa California,,Chile,-33.0435613,-71.6268152,medium,60,osm-chile-hotel-focused-choice-cala-2026-05-20
node/6361490285,San Agustín,,Chile,-51.7335292,-72.4994601,medium,55,osm-chile-hotel-focused-choice-cala-2026-05-20
node/6364762885,Cabañas Ckapur,,Chile,-22.9261538,-68.2012551,medium,60,osm-chile-hotel-focused-choice-cala-2026-05-20
node/6364762887,Rosita Hospedaje,,Chile,-44.3232651,-72.5588756,medium,55,osm-chile-hotel-focused-choice-cala-2026-05-20
node/6364762888,Hospedaje,,Chile,-43.4151264,-72.3658491,medium,55,osm-chile-hotel-focused-choice-cala-2026-05-20
node/6364763385,Hospedaje al frente del Mar,,Chile,-41.9716358,-72.4737522,medium,55,osm-chile-hotel-focused-choice-cala-2026-05-20
node/6366258585,Aji Verde Beach Hostel,,Chile,-29.9820244,-71.3473544,high,95,osm-chile-hotel-focused-choice-cala-2026-05-20
node/6384317887,Cabañas Cerro Gilberto,,Chile,-44.7282979,-72.6829338,medium,65,osm-chile-hotel-focused-choice-cala-2026-05-20
node/6384347385,Cabañas Los Alamos,,Chile,-46.6246243,-72.6737174,medium,55,osm-chile-hotel-focused-choice-cala-2026-05-20
node/6386189385,La Magia del Cajón,,Chile,-33.5923226,-70.3820286,medium,65,osm-chile-hotel-focused-choice-cala-2026-05-20
node/6394072287,hostal freire,Coyhaique,Chile,-45.5727283,-72.0732937,high,75,osm-chile-hotel-focused-choice-cala-2026-05-20
node/6399452588,Habitación central Valparaíso,,Chile,-33.0463114,-71.6180098,medium,55,osm-chile-hotel-focused-choice-cala-2026-05-20
node/6400893653,Casona el Sauce,Curicó,Chile,-34.9903021,-71.2285895,high,85,osm-chile-hotel-focused-choice-cala-2026-05-20
node/6406530585,Ecoluna Lodge,,Chile,-22.8994719,-68.2002837,medium,60,osm-chile-hotel-focused-choice-cala-2026-05-20
node/6415126286,Ckausama,,Chile,-22.9194412,-68.1925974,medium,60,osm-chile-hotel-focused-choice-cala-2026-05-20
node/6416576886,Hotel Posada Curali,,Chile,-34.5879178,-70.9970419,high,85,osm-chile-hotel-focused-choice-cala-2026-05-20
node/6417164928,Moteles Larqui,,Chile,-36.7249211,-72.2738199,medium,55,osm-chile-hotel-focused-choice-cala-2026-05-20
node/6424496892,Cabanas y hospedaje Suizaike,,Chile,-46.4829171,-72.6695683,high,95,osm-chile-hotel-focused-choice-cala-2026-05-20
node/6436426627,ByB Campomar,,Chile,-33.6561317,-71.6034465,medium,55,osm-chile-hotel-focused-choice-cala-2026-05-20
node/6436438543,Hostal Fresamar,Coelemu,Chile,-36.4828415,-72.7010569,high,85,osm-chile-hotel-focused-choice-cala-2026-05-20
node/6441868185,Cabanas Hinariru Nui,,Chile,-27.1600212,-109.4237832,medium,55,osm-chile-hotel-focused-choice-cala-2026-05-20
node/6452755986,Valle Utopía,Pisco Elqui,Chile,-30.1217279,-70.4913626,high,100,osm-chile-hotel-focused-choice-cala-2026-05-20
node/6456241985,Hostal Belen,,Chile,-22.9069195,-68.1933917,medium,60,osm-chile-hotel-focused-choice-cala-2026-05-20
node/6463043893,Lacustre Trip Hostel,Pucón,CL,-39.2748488,-71.977726,high,100,osm-chile-hotel-focused-choice-cala-2026-05-20
node/6467188688,Hostal y Flores Mary,,Chile,-42.3790329,-73.6468206,medium,55,osm-chile-hotel-focused-choice-cala-2026-05-20
node/6484823533,Cabañas Recinto,,Chile,-36.8490681,-71.6527033,medium,55,osm-chile-hotel-focused-choice-cala-2026-05-20
node/6495105166,Casa Alejandra,Antofagasta,CL,-23.6692679,-70.4001237,high,85,osm-chile-hotel-focused-choice-cala-2026-05-20
node/6499987485,Hostal chapur,,Chile,-22.9106364,-68.1948372,high,70,osm-chile-hotel-focused-choice-cala-2026-05-20
node/6508837885,Las Terrazas de Borde Río Claro,,Chile,-35.3858224,-71.1041052,high,70,osm-chile-hotel-focused-choice-cala-2026-05-20
node/6509986085,Habitaciones La Playa,,Chile,-20.2265289,-70.1458576,medium,55,osm-chile-hotel-focused-choice-cala-2026-05-20
node/6509986087,Hostal Verona,,Chile,-23.6498464,-70.3943243,medium,60,osm-chile-hotel-focused-choice-cala-2026-05-20
node/6515281772,Recinto Las Cruces Fonasa,Las Cruces,Chile,-33.5015724,-71.6222955,high,75,osm-chile-hotel-focused-choice-cala-2026-05-20
node/6522189303,ViñaClub,,Chile,-33.0176933,-71.5464094,medium,55,osm-chile-hotel-focused-choice-cala-2026-05-20
node/6532188785,Hostal Casa Greda,,Chile,-22.9118968,-68.1958391,medium,55,osm-chile-hotel-focused-choice-cala-2026-05-20
node/6556314185,8 Al Mar,,Chile,-34.3926542,-72.0252537,medium,55,osm-chile-hotel-focused-choice-cala-2026-05-20
node/6556367785,Cabañas alto tierra bella,,Chile,-37.888727,-73.3468206,medium,65,osm-chile-hotel-focused-choice-cala-2026-05-20
node/6556416247,Hostel San Agustin,,Chile,-22.4398144,-68.9235593,medium,55,osm-chile-hotel-focused-choice-cala-2026-05-20
node/6560897085,Hotel y restaurant Curef,,Chile,-38.2475798,-73.485654,medium,65,osm-chile-hotel-focused-choice-cala-2026-05-20
node/6560897285,Hostería Gina,,Chile,-37.7940098,-72.706665,medium,65,osm-chile-hotel-focused-choice-cala-2026-05-20
node/6563058585,Hostal Andino,,Chile,-20.2412187,-70.1429326,medium,60,osm-chile-hotel-focused-choice-cala-2026-05-20
node/6563755187,Cabañas Doña Josefa,Paihuano,Chile,-30.1336639,-70.4964103,high,100,osm-chile-hotel-focused-choice-cala-2026-05-20
node/6565252460,Balcones de Diaguitas,,Chile,-30.0245765,-70.6404698,medium,55,osm-chile-hotel-focused-choice-cala-2026-05-20
node/6578970879,RQ Santiago,Santiago,Chile,-33.4444009,-70.6565706,high,100,osm-chile-hotel-focused-choice-cala-2026-05-20
node/6592343120,Hotel Casona del Cerro,Constitución,Chile,-35.3378627,-72.4178971,high,95,osm-chile-hotel-focused-choice-cala-2026-05-20
node/6592359447,Hostal Alameda,Constitución,Chile,-35.3323113,-72.4163631,high,85,osm-chile-hotel-focused-choice-cala-2026-05-20
node/6595471585,Hostal Tahiti Nui,,Chile,-35.3284808,-72.4115037,high,70,osm-chile-hotel-focused-choice-cala-2026-05-20
node/6604097092,Aliwen,,Chile,-43.1176059,-73.6127065,medium,55,osm-chile-hotel-focused-choice-cala-2026-05-20
node/6606857186,Cabaña Donde Juanito,,Chile,-42.4163383,-73.736884,medium,55,osm-chile-hotel-focused-choice-cala-2026-05-20
node/6614658618,Casa Paihuano Valle del Elqui,,Chile,-30.0305852,-70.515848,medium,55,osm-chile-hotel-focused-choice-cala-2026-05-20
node/6621496991,Residencial Castellón,Coelemu,Chile,-36.4878918,-72.7057195,high,85,osm-chile-hotel-focused-choice-cala-2026-05-20
node/6646719204,Cabañas Italia,,Chile,-37.5939103,-72.2799298,medium,55,osm-chile-hotel-focused-choice-cala-2026-05-20
node/6647031640,Cabañas Doña Javiera,,Chile,-37.1955717,-72.3937259,medium,55,osm-chile-hotel-focused-choice-cala-2026-05-20
node/6653008116,Licancabur,,Chile,-22.9156629,-68.1945523,medium,65,osm-chile-hotel-focused-choice-cala-2026-05-20
node/6653014753,Estancia Caleta Maria,,Chile,-54.4825404,-68.9918276,medium,55,osm-chile-hotel-focused-choice-cala-2026-05-20
node/6655027185,Los Canelos,,Chile,-37.3578809,-71.5361114,high,70,osm-chile-hotel-focused-choice-cala-2026-05-20
node/6661763678,Manquehue Aeropuerto,Santiago,Chile,-33.4290073,-70.7775295,high,85,osm-chile-hotel-focused-choice-cala-2026-05-20
node/6682243211,Da Carlo,,Chile,-33.45515,-70.6894088,medium,55,osm-chile-hotel-focused-choice-cala-2026-05-20
node/6690799925,Hotel Apacheta,Arica,Chile,-18.4920324,-70.3281651,high,100,osm-chile-hotel-focused-choice-cala-2026-05-20
node/6703044585,Chalet Valluga,,Chile,-33.3504127,-70.3094365,medium,55,osm-chile-hotel-focused-choice-cala-2026-05-20
node/6708030835,Portal del Puma,,Chile,-39.8408655,-71.9649859,medium,65,osm-chile-hotel-focused-choice-cala-2026-05-20
node/6711374885,Belem,,Chile,-41.4603627,-72.9619973,medium,55,osm-chile-hotel-focused-choice-cala-2026-05-20
node/6718345397,Cabañas,,Chile,-32.790977,-71.5425952,medium,55,osm-chile-hotel-focused-choice-cala-2026-05-20
node/6718702207,Cabaña el Pudu Ensenada,,Chile,-41.2182291,-72.5446244,medium,55,osm-chile-hotel-focused-choice-cala-2026-05-20
node/6734076482,Palafito Alanis,,Chile,-42.4819623,-73.7721133,medium,60,osm-chile-hotel-focused-choice-cala-2026-05-20
node/6737692091,cabañas Kalfukura,,Chile,-41.5066432,-72.7951517,medium,60,osm-chile-hotel-focused-choice-cala-2026-05-20
node/6744395685,Paranal,,Chile,-25.4037921,-70.4791714,medium,65,osm-chile-hotel-focused-choice-cala-2026-05-20
node/6751232468,Parque Ecológico Tren Sur,,Chile,-38.8586564,-72.6935032,medium,55,osm-chile-hotel-focused-choice-cala-2026-05-20
node/6754016687,Hotel Plaza Ñuñoa,Ñuñoa,Chile,-33.4551044,-70.5943812,high,75,osm-chile-hotel-focused-choice-cala-2026-05-20
node/6757566869,Hotel Terral,,Chile,-30.0324894,-70.7133831,medium,55,osm-chile-hotel-focused-choice-cala-2026-05-20
node/6757571985,Hotel,,Chile,-28.5660403,-70.7824066,medium,55,osm-chile-hotel-focused-choice-cala-2026-05-20
node/6770140085,Hostal Toño,,Chile,-22.4614119,-68.9246423,medium,55,osm-chile-hotel-focused-choice-cala-2026-05-20
node/6771029939,Marias Hostel,,Chile,-29.9060451,-71.2531524,medium,55,osm-chile-hotel-focused-choice-cala-2026-05-20
node/6771195709,Cahueles Chiloé,,Chile,-42.4425803,-73.653469,medium,55,osm-chile-hotel-focused-choice-cala-2026-05-20
node/6775428785,Casa Chucao Hostel,Puerto Montt,CL,-41.4709463,-72.9484607,high,85,osm-chile-hotel-focused-choice-cala-2026-05-20
node/6776162110,La Quinta by Wyndham Santiago Aeropuerto,,Chile,-33.4310559,-70.7855486,medium,55,osm-chile-hotel-focused-choice-cala-2026-05-20
node/6778571312,Residencial Gerizim,,Chile,-33.0279736,-71.5642527,medium,55,osm-chile-hotel-focused-choice-cala-2026-05-20
node/6778571378,Hotel Luciana,Viña del Mar,CL,-33.026215,-71.558657,high,75,osm-chile-hotel-focused-choice-cala-2026-05-20
node/6781805685,Hostal Pizani,,Chile,-37.4506296,-72.3379322,medium,60,osm-chile-hotel-focused-choice-cala-2026-05-20
node/6781846785,Hospedaje Ruta,,Chile,-37.4773629,-72.371606,medium,60,osm-chile-hotel-focused-choice-cala-2026-05-20
node/6782874309,Villa la montaña,,Chile,-37.4504374,-72.3874142,medium,55,osm-chile-hotel-focused-choice-cala-2026-05-20
node/6789127986,Valposada,,Chile,-33.0471996,-71.6253925,medium,55,osm-chile-hotel-focused-choice-cala-2026-05-20
node/6802402449,Vintage Surf Pichilemu,Pichilemu,Chile,-34.3887898,-72.0065239,high,85,osm-chile-hotel-focused-choice-cala-2026-05-20
node/6812065685,Hostal Michay,Puerto Cisnes,Chile,-44.7252911,-72.6831098,high,85,osm-chile-hotel-focused-choice-cala-2026-05-20
node/6812313991,Punta Osas,,Chile,-32.9910028,-71.5479451,medium,55,osm-chile-hotel-focused-choice-cala-2026-05-20
node/6812331323,Hotel Casona de los Rios,Futrono,Chile,-40.1318276,-72.3901367,high,85,osm-chile-hotel-focused-choice-cala-2026-05-20
node/6812331342,Deprtamentos Du Lac,,Chile,-40.132575,-72.3898,medium,55,osm-chile-hotel-focused-choice-cala-2026-05-20
node/6812347266,Hospedaje Futronhue,,Chile,-40.1295471,-72.3918911,medium,55,osm-chile-hotel-focused-choice-cala-2026-05-20
node/6814314302,Casa Voyage,,Chile,-22.9170806,-68.1980459,high,85,osm-chile-hotel-focused-choice-cala-2026-05-20
node/6818169089,Residencial Bembow,,Chile,-27.3642777,-70.3317868,medium,60,osm-chile-hotel-focused-choice-cala-2026-05-20
node/6819010331,Hotel Boutique Cutipay,,Chile,-39.8551303,-73.3283894,medium,60,osm-chile-hotel-focused-choice-cala-2026-05-20
node/6819016427,Cabañas Ayelen,,Chile,-42.464557,-73.7701856,medium,55,osm-chile-hotel-focused-choice-cala-2026-05-20
node/6828011485,Infante 521,,Chile,-27.363383,-70.3309912,medium,60,osm-chile-hotel-focused-choice-cala-2026-05-20
node/6831645389,Tike Hostel B&B,,Chile,-40.5854571,-73.7345066,high,70,osm-chile-hotel-focused-choice-cala-2026-05-20
node/6858578685,Lili Patagónicos,,Chile,-51.7292985,-72.5041299,high,85,osm-chile-hotel-focused-choice-cala-2026-05-20
node/6887402033,Sleep Cheap,,Chile,-33.0446557,-71.38303,medium,55,osm-chile-hotel-focused-choice-cala-2026-05-20
node/6895838086,Hospedaje La Picada De Tranquilo,,Chile,-46.6251956,-72.6793935,high,70,osm-chile-hotel-focused-choice-cala-2026-05-20
node/6901190477,Hostal Kalamarka,,Chile,-19.2789365,-68.6636508,medium,65,osm-chile-hotel-focused-choice-cala-2026-05-20
node/6914126791,W,,CL,-33.0299942,-71.6466761,medium,60,osm-chile-hotel-focused-choice-cala-2026-05-20
node/6914132387,La vieja de los cuchuflis,,Chile,-33.0278918,-71.5616167,medium,60,osm-chile-hotel-focused-choice-cala-2026-05-20
node/6914132388,Los rufianes,,Chile,-33.0242039,-71.5625212,medium,55,osm-chile-hotel-focused-choice-cala-2026-05-20
node/6914133286,Roberto,,Chile,-33.0286816,-71.5480746,medium,55,osm-chile-hotel-focused-choice-cala-2026-05-20
node/6938029485,Cabañas Tricahuilo,,Chile,-36.5428186,-72.9744241,medium,65,osm-chile-hotel-focused-choice-cala-2026-05-20
node/6952075655,Wild River Chile Lodge,,Chile,-41.3339128,-73.0250974,medium,55,osm-chile-hotel-focused-choice-cala-2026-05-20
node/6953056122,Hospedaje la picada de tranquilo,,Chile,-46.6252121,-72.6794205,medium,65,osm-chile-hotel-focused-choice-cala-2026-05-20
node/6953058614,Casa grande,,Chile,-42.9123236,-72.7071486,medium,60,osm-chile-hotel-focused-choice-cala-2026-05-20
node/6953081306,Aumkenk aike,,Chile,-45.5812569,-72.0567169,high,70,osm-chile-hotel-focused-choice-cala-2026-05-20
node/6967464385,Hostería Las Lengas,,Chile,-54.0285718,-68.9327568,medium,55,osm-chile-hotel-focused-choice-cala-2026-05-20
node/6979783885,Patagonian Vegetarian Eco Lodge,,Chile,-41.9768687,-71.928325,high,80,osm-chile-hotel-focused-choice-cala-2026-05-20
node/6979796485,Patagonian Vegetarian Ecolodge,,Chile,-42.0429095,-71.8176583,high,80,osm-chile-hotel-focused-choice-cala-2026-05-20
node/7006482285,De lepetite,Pucón,CL,-39.305686,-71.9829695,high,75,osm-chile-hotel-focused-choice-cala-2026-05-20
node/7037352793,Hostería El Bosque,,Chile,-37.4050797,-72.7965214,medium,55,osm-chile-hotel-focused-choice-cala-2026-05-20
node/7048038187,Puma House,,Chile,-51.7309974,-72.4987094,high,70,osm-chile-hotel-focused-choice-cala-2026-05-20
node/7058012450,Refugio Hoshken,,Chile,-51.7346426,-72.4950334,medium,60,osm-chile-hotel-focused-choice-cala-2026-05-20
node/7061639085,Emily Eva,Osorno,CL,-40.5819522,-73.1188362,high,85,osm-chile-hotel-focused-choice-cala-2026-05-20
node/7061650685,Hospedaje Familiar,,Chile,-38.4742682,-71.5788215,high,70,osm-chile-hotel-focused-choice-cala-2026-05-20
node/7073962285,Chillout Backpackers,,Chile,-22.8994153,-68.2001557,medium,55,osm-chile-hotel-focused-choice-cala-2026-05-20
node/7077965453,Casa Apel,Puerto Varas,CL,-41.3289948,-72.9660856,high,75,osm-chile-hotel-focused-choice-cala-2026-05-20
node/7080411492,Italia Suite B&B Hotel,,Chile,-33.4510258,-70.6222564,medium,55,osm-chile-hotel-focused-choice-cala-2026-05-20
node/7089171815,Taru Casa Refugio,,Chile,-22.9387942,-68.2101902,medium,55,osm-chile-hotel-focused-choice-cala-2026-05-20
node/7089833285,Hospedaje,,Chile,-43.1201481,-73.623225,medium,60,osm-chile-hotel-focused-choice-cala-2026-05-20
node/7099580287,Hostal Latinoamerica,,Chile,-39.2785412,-71.9718885,medium,65,osm-chile-hotel-focused-choice-cala-2026-05-20
node/7100583885,Refugio hoshken,,Chile,-51.7346649,-72.4953008,medium,55,osm-chile-hotel-focused-choice-cala-2026-05-20
node/7106717472,CABAÑAS EDILIA,,Chile,-39.5696069,-72.0034216,medium,55,osm-chile-hotel-focused-choice-cala-2026-05-20
node/7107438692,Acapulco Apart Motel,,Chile,-33.0437417,-71.6186003,medium,55,osm-chile-hotel-focused-choice-cala-2026-05-20
node/7111026285,Hostal Quilda,,Chile,-41.9700789,-72.4751668,medium,60,osm-chile-hotel-focused-choice-cala-2026-05-20
node/7114572414,Miel del desierto,,Chile,-22.9083583,-68.1931372,medium,60,osm-chile-hotel-focused-choice-cala-2026-05-20
node/7124632985,Puripica,,Chile,-22.9041943,-68.1996285,medium,60,osm-chile-hotel-focused-choice-cala-2026-05-20
node/7128299391,Konkashken Lodge,,Chile,-51.2365497,-72.9843189,medium,55,osm-chile-hotel-focused-choice-cala-2026-05-20
node/7128345086,Puma House,,Chile,-51.7309601,-72.4988067,medium,55,osm-chile-hotel-focused-choice-cala-2026-05-20
node/7128985385,Hostal San Rodrigo,,Chile,-51.7287745,-72.491748,medium,55,osm-chile-hotel-focused-choice-cala-2026-05-20
node/7129270886,Casa Doña Julia,,Chile,-18.5206469,-69.221999,medium,55,osm-chile-hotel-focused-choice-cala-2026-05-20
node/7147003986,Cabañas Villarrica,,Chile,-46.1211225,-72.161589,medium,55,osm-chile-hotel-focused-choice-cala-2026-05-20
node/7147307286,Hostal del Ciervo Rojo,,Chile,-45.4032079,-72.6919726,medium,55,osm-chile-hotel-focused-choice-cala-2026-05-20
node/7148761985,Hosteria Restobar El Patagon,,Chile,-43.184849,-71.8685912,medium,55,osm-chile-hotel-focused-choice-cala-2026-05-20
node/7149142009,Cabañas Terracrater,,Chile,-39.2991779,-72.1591053,medium,55,osm-chile-hotel-focused-choice-cala-2026-05-20
node/7155209286,Backpackers Hostal & Camping Hornopiren,,Chile,-41.9502168,-72.4514586,high,80,osm-chile-hotel-focused-choice-cala-2026-05-20
node/7165011187,Hostal Iscal,,Chile,-41.4916986,-72.3089276,medium,55,osm-chile-hotel-focused-choice-cala-2026-05-20
node/7167910205,Hostal Vergara,,Chile,-29.9097088,-71.254586,high,70,osm-chile-hotel-focused-choice-cala-2026-05-20
node/7167943526,Cabañas Valle Tulahuén,,Chile,-30.9526318,-70.7733979,medium,55,osm-chile-hotel-focused-choice-cala-2026-05-20
node/7168458685,Hotel Puerto Viejo,,Chile,-34.7540775,-72.0867978,medium,55,osm-chile-hotel-focused-choice-cala-2026-05-20
node/7173587039,Viento del Sur,Los Ángeles,CL,-37.4705751,-72.3551899,high,75,osm-chile-hotel-focused-choice-cala-2026-05-20
node/7178370635,Hostel Skorpio,Chonchi,Chile,-42.6212799,-73.7699945,high,75,osm-chile-hotel-focused-choice-cala-2026-05-20
node/7179933685,Refugio El Galpón,Hornopirén,Chile,-41.9602787,-72.464768,high,100,osm-chile-hotel-focused-choice-cala-2026-05-20
node/7185715506,Hostal Magnolia,,Chile,-37.4729678,-72.3552543,medium,55,osm-chile-hotel-focused-choice-cala-2026-05-20
node/7195378895,PapaHu,,Chile,-36.8708894,-71.5914211,medium,55,osm-chile-hotel-focused-choice-cala-2026-05-20
node/7198476294,Hostal Las Natalias,,Chile,-43.1821751,-71.8768233,high,85,osm-chile-hotel-focused-choice-cala-2026-05-20
node/7198916385,Hostal Preu,,Chile,-45.5760074,-72.0699448,high,85,osm-chile-hotel-focused-choice-cala-2026-05-20
node/7199042685,Habitaciones Kennedy Chillán,,Chile,-36.6017521,-72.0885924,medium,55,osm-chile-hotel-focused-choice-cala-2026-05-20
node/7209718385,Hospedaje Belén,,Chile,-42.2642146,-73.1547489,medium,55,osm-chile-hotel-focused-choice-cala-2026-05-20
node/7210300887,Chile Lodge,,Chile,-42.6567269,-73.9319619,medium,55,osm-chile-hotel-focused-choice-cala-2026-05-20
node/7211787286,Hospedaje y comida al paso,,Chile,-38.2521483,-71.3076004,medium,55,osm-chile-hotel-focused-choice-cala-2026-05-20
node/7211844685,Hospedaje y Agroturismo Montserrat,,Chile,-41.9383946,-74.0197247,medium,65,osm-chile-hotel-focused-choice-cala-2026-05-20
node/7217335285,casa familiar,,Chile,-41.4744613,-72.9598114,medium,55,osm-chile-hotel-focused-choice-cala-2026-05-20
node/7223698585,Hostal La Araucaria,,Chile,-51.7329482,-72.5070322,medium,55,osm-chile-hotel-focused-choice-cala-2026-05-20
node/7228773805,Hospedaje,,Chile,-43.4149078,-72.3664505,medium,55,osm-chile-hotel-focused-choice-cala-2026-05-20
node/7233521631,MDS Hotel,,Chile,-36.5599383,-72.0930934,medium,55,osm-chile-hotel-focused-choice-cala-2026-05-20
node/7234506986,Bahía Azul,,Chile,-36.5471024,-72.9342895,medium,55,osm-chile-hotel-focused-choice-cala-2026-05-20
node/7237067486,hostel Good Vibes,,Chile,-53.158883,-70.909879,medium,55,osm-chile-hotel-focused-choice-cala-2026-05-20
node/7237553085,bosque verde,,Chile,-39.8500717,-71.9434128,medium,60,osm-chile-hotel-focused-choice-cala-2026-05-20
node/7245500085,Hostal La Morenita,,Chile,-53.1672082,-70.9123661,high,85,osm-chile-hotel-focused-choice-cala-2026-05-20
node/7246325087,Sebastian casa,,Chile,-22.9268088,-68.2138463,medium,55,osm-chile-hotel-focused-choice-cala-2026-05-20
node/7248887892,Hospedaje los antiguos,,Chile,-42.9144946,-72.709772,high,70,osm-chile-hotel-focused-choice-cala-2026-05-20
node/7251638385,Hostel del Rey,,Chile,-53.1622077,-70.9112156,high,70,osm-chile-hotel-focused-choice-cala-2026-05-20
node/7253158985,El Chico Leo,,Chile,-43.1206696,-73.6175803,high,70,osm-chile-hotel-focused-choice-cala-2026-05-20
node/7253717092,Hotel Palo Santo,,Chile,-34.4282123,-72.0409023,medium,55,osm-chile-hotel-focused-choice-cala-2026-05-20
node/7253717099,Casas Hellenkamp,,Chile,-34.4297057,-72.0365169,medium,55,osm-chile-hotel-focused-choice-cala-2026-05-20
node/7253717112,Casa la Mar,,Chile,-34.4277146,-72.0302834,medium,55,osm-chile-hotel-focused-choice-cala-2026-05-20
node/7253717115,Loft Botacura,,Chile,-34.4235552,-72.0301118,medium,55,osm-chile-hotel-focused-choice-cala-2026-05-20
node/7258226285,Balmaceda 22,,Chile,-46.5380957,-71.7303208,medium,55,osm-chile-hotel-focused-choice-cala-2026-05-20
node/7258568581,Alabalti,,Chile,-22.9150365,-68.191853,medium,55,osm-chile-hotel-focused-choice-cala-2026-05-20
node/7258651084,Hostal Anpaymi,,Chile,-22.9149877,-68.1932739,medium,55,osm-chile-hotel-focused-choice-cala-2026-05-20
node/7261521685,Santiago Village Hostel,,Chile,-33.4200379,-70.6153335,medium,55,osm-chile-hotel-focused-choice-cala-2026-05-20
node/7261767485,Hostel BaseCamp Cerro Castillo,,Chile,-46.1141813,-72.1582528,medium,55,osm-chile-hotel-focused-choice-cala-2026-05-20
node/7261767685,Hostel RH,,Chile,-46.6242718,-72.6784474,medium,55,osm-chile-hotel-focused-choice-cala-2026-05-20
node/7270664185,Ospedaje Mamá Pasca,,Chile,-44.3252233,-72.5544713,medium,55,osm-chile-hotel-focused-choice-cala-2026-05-20
node/7280487812,Hostal Kintun,Calama,Chile,-22.4621107,-68.9328115,high,75,osm-chile-hotel-focused-choice-cala-2026-05-20
node/7281108385,Hospedaje Lucy,,Chile,-39.8108202,-73.241782,medium,55,osm-chile-hotel-focused-choice-cala-2026-05-20
node/7287416173,Motel Turismo el Campesino,,Chile,-51.7271327,-72.4943834,medium,60,osm-chile-hotel-focused-choice-cala-2026-05-20
node/7288922960,Hotel Las Taguas,,Chile,-18.4539722,-70.2996925,medium,55,osm-chile-hotel-focused-choice-cala-2026-05-20
node/7292441185,Hotel cumbres del Sur,Pucón,CL,-39.2766456,-71.970212,high,75,osm-chile-hotel-focused-choice-cala-2026-05-20
node/7293507585,Hospedaje Carina,,Chile,-41.4738199,-72.9558773,medium,55,osm-chile-hotel-focused-choice-cala-2026-05-20
node/7307476087,Hostal La Bicicleta,,Chile,-45.5679466,-72.0681302,medium,60,osm-chile-hotel-focused-choice-cala-2026-05-20
node/7313726739,Hotel La Coruña,,Chile,-20.0718128,-69.2153316,medium,60,osm-chile-hotel-focused-choice-cala-2026-05-20
node/7313750985,Hotel Tamarugal,Mamiña,Chile,-20.0749629,-69.21307,high,75,osm-chile-hotel-focused-choice-cala-2026-05-20
node/7322414532,Hotel Hara Kara,,Chile,-22.4697535,-68.9129877,medium,55,osm-chile-hotel-focused-choice-cala-2026-05-20
node/7332809709,Cabañas Bahia Inglesa,,Chile,-27.1003312,-70.8584046,medium,55,osm-chile-hotel-focused-choice-cala-2026-05-20
node/7335114860,Centro Turístico La Campana,,Chile,-32.9957738,-71.1898507,medium,60,osm-chile-hotel-focused-choice-cala-2026-05-20
node/7358912656,Hotel Orígenes,,Chile,-28.5661442,-70.8040899,medium,55,osm-chile-hotel-focused-choice-cala-2026-05-20
node/7387242926,Cabañas Punta de Choros,,Chile,-29.2486343,-71.4614242,medium,55,osm-chile-hotel-focused-choice-cala-2026-05-20
node/7389557329,Chimango_cara_cara,,Chile,-42.0417006,-73.9944681,high,85,osm-chile-hotel-focused-choice-cala-2026-05-20
node/7389624200,Meraki Cafeteria & Hostal,,Chile,-33.0466839,-71.6317916,medium,55,osm-chile-hotel-focused-choice-cala-2026-05-20
node/7407640886,Nosé,,Chile,-29.9687237,-71.332697,medium,55,osm-chile-hotel-focused-choice-cala-2026-05-20
node/7407766889,El Mirador de La Herradura,,Chile,-29.9728294,-71.3697866,medium,55,osm-chile-hotel-focused-choice-cala-2026-05-20
node/7407766890,Lodge Bahía Sol,,Chile,-29.9763343,-71.3669582,medium,55,osm-chile-hotel-focused-choice-cala-2026-05-20
node/7407766891,Las Terrazas,,Chile,-29.9767491,-71.3667047,medium,55,osm-chile-hotel-focused-choice-cala-2026-05-20
node/7407766892,Las Gaviotas,,Chile,-29.9746812,-71.3675469,medium,55,osm-chile-hotel-focused-choice-cala-2026-05-20
node/7408024085,Mistral,,Chile,-29.9785079,-71.3667798,medium,55,osm-chile-hotel-focused-choice-cala-2026-05-20
node/7414700557,Refugio El Molle,,Chile,-29.9775018,-70.9530544,medium,55,osm-chile-hotel-focused-choice-cala-2026-05-20
node/7414700558,Las Vertientes,,Chile,-29.9798903,-70.9554309,medium,55,osm-chile-hotel-focused-choice-cala-2026-05-20
node/7415142088,Turismo El Huerto,,Chile,-29.9983265,-70.5317438,medium,55,osm-chile-hotel-focused-choice-cala-2026-05-20
node/7416155147,Lodge Roca Negra,Chillan,Chile,-36.8936109,-71.4790776,high,90,osm-chile-hotel-focused-choice-cala-2026-05-20
node/7417352018,Morrillos,,Chile,-30.1579066,-71.3751268,medium,55,osm-chile-hotel-focused-choice-cala-2026-05-20
node/7438184185,Guesthouse Amanda,,Chile,-22.4446009,-68.9102114,high,80,osm-chile-hotel-focused-choice-cala-2026-05-20
node/7461289100,Casa Chagual,,Chile,-34.059389,-71.9409362,medium,55,osm-chile-hotel-focused-choice-cala-2026-05-20
node/7461289110,Wankalodge Playa,,Chile,-34.0602423,-71.9408638,medium,55,osm-chile-hotel-focused-choice-cala-2026-05-20
node/7473615425,"Hotel y Cabañas Hornitos, Antofagasta - Centro Turístico Caja los Andes",,Chile,-22.8955385,-70.2852112,medium,55,osm-chile-hotel-focused-choice-cala-2026-05-20
node/7477442397,Residencial 3 Hermanos,,Chile,-53.1572879,-70.8923424,medium,55,osm-chile-hotel-focused-choice-cala-2026-05-20
node/7494642421,Apart Hotel Maitencillo,,Chile,-32.6737357,-71.4288944,medium,55,osm-chile-hotel-focused-choice-cala-2026-05-20
node/7494650028,Cabañas La Flora,,Chile,-32.6848433,-71.4107251,medium,55,osm-chile-hotel-focused-choice-cala-2026-05-20
node/7500802221,Cabañas Rustik,,Chile,-32.821193,-71.5263712,medium,55,osm-chile-hotel-focused-choice-cala-2026-05-20
node/7543234876,Hotel Mon Reve,,Chile,-33.0522158,-71.6224024,medium,60,osm-chile-hotel-focused-choice-cala-2026-05-20
node/7607054716,Puertezión,,Chile,-34.0703946,-71.9410021,medium,55,osm-chile-hotel-focused-choice-cala-2026-05-20
node/7607054768,Hostal Aldea,,Chile,-34.0665574,-71.9409726,medium,55,osm-chile-hotel-focused-choice-cala-2026-05-20
node/7624446385,Hotel Alejandra,,Chile,-34.1714209,-70.7311356,medium,60,osm-chile-hotel-focused-choice-cala-2026-05-20
node/7633684619,Domos TreePod,,Chile,-36.9080393,-71.5131998,high,80,osm-chile-hotel-focused-choice-cala-2026-05-20
node/7654864859,Simple y Puro Lodge,,Chile,-33.9832609,-71.8818471,medium,55,osm-chile-hotel-focused-choice-cala-2026-05-20
node/7654864860,25 Nudos Lodge,,Chile,-33.9823268,-71.881418,medium,55,osm-chile-hotel-focused-choice-cala-2026-05-20
node/7695100087,Casa Fibonacci,,Chile,-33.0412202,-71.6302244,medium,60,osm-chile-hotel-focused-choice-cala-2026-05-20
node/7707542247,Aquí Es,,Chile,-33.1692295,-71.1506474,medium,55,osm-chile-hotel-focused-choice-cala-2026-05-20
node/7707542433,Santa María de los Quillayes,,Chile,-33.1559079,-71.3313317,medium,55,osm-chile-hotel-focused-choice-cala-2026-05-20
node/7714514885,good vibes,,Chile,-53.1574108,-70.9136554,medium,55,osm-chile-hotel-focused-choice-cala-2026-05-20
node/7722639883,Hostal El Faro,Caldera,Chile,-27.0634783,-70.8353788,high,90,osm-chile-hotel-focused-choice-cala-2026-05-20
node/7735184596,Hotel Saint Gregory,,Chile,-18.4980972,-70.3238028,medium,60,osm-chile-hotel-focused-choice-cala-2026-05-20
node/7775003605,Hospedaje Miramar Manquemapu,,Chile,-40.8874723,-73.8551783,medium,55,osm-chile-hotel-focused-choice-cala-2026-05-20
node/7775004288,Hospedaje Eliza,,Chile,-40.8877583,-73.8538842,medium,55,osm-chile-hotel-focused-choice-cala-2026-05-20
node/7787727781,Cabañas El Triángulo,,Chile,-38.81029,-73.3989126,medium,55,osm-chile-hotel-focused-choice-cala-2026-05-20
node/7847148485,Hardy's Cabañas,Los Vilos,Chile,-31.9080119,-71.4967097,high,75,osm-chile-hotel-focused-choice-cala-2026-05-20
node/7855257287,Casa Guzmán,San Felipe,Chile,-32.7406009,-70.7309517,high,85,osm-chile-hotel-focused-choice-cala-2026-05-20
node/7876640811,Hostería Los Lagos,,Chile,-37.5100845,-72.6549585,medium,55,osm-chile-hotel-focused-choice-cala-2026-05-20
node/7880070337,Hostería Dealy,,Chile,-37.5081841,-72.6611444,medium,55,osm-chile-hotel-focused-choice-cala-2026-05-20
node/7890658122,Cabañas Huilipán González,,Chile,-38.6977344,-72.8921557,medium,55,osm-chile-hotel-focused-choice-cala-2026-05-20
node/7894352930,Esencia Hotel Boutique,Viña del Mar,Chile,-33.0175495,-71.5535795,high,100,osm-chile-hotel-focused-choice-cala-2026-05-20
node/7899032701,Hostería Venegas,,Chile,-37.539407,-72.610975,medium,55,osm-chile-hotel-focused-choice-cala-2026-05-20
node/7900892232,Residencia Maderos,Nacimiento,Chile,-37.5106007,-72.6539854,high,85,osm-chile-hotel-focused-choice-cala-2026-05-20
node/7900892233,Hostería Las Montañas,,Chile,-37.5096161,-72.6604499,medium,55,osm-chile-hotel-focused-choice-cala-2026-05-20
node/7907080498,Hostería Scala de Milán,,Chile,-32.9956528,-71.1831853,medium,55,osm-chile-hotel-focused-choice-cala-2026-05-20
node/7914808896,Hostería Nacimiento,,Chile,-37.4892956,-72.6949814,medium,65,osm-chile-hotel-focused-choice-cala-2026-05-20
node/8038245841,Cabañas Tomén,Los Lagos,Chile,-39.8409599,-72.8164479,high,75,osm-chile-hotel-focused-choice-cala-2026-05-20
node/8069243767,Rincon del Gaucho Cabañas,,Chile,-41.948607,-72.5084192,medium,55,osm-chile-hotel-focused-choice-cala-2026-05-20
node/8076152617,Residencial Los Torres,,Chile,-36.7761427,-73.0840259,high,80,osm-chile-hotel-focused-choice-cala-2026-05-20
node/8088027957,Cabañas San Vicente,,Chile,-39.3514895,-71.7082572,medium,55,osm-chile-hotel-focused-choice-cala-2026-05-20
node/8156622112,Hotel Spa Termas Llifen,Futrono,Chile,-40.2059119,-72.2625135,high,85,osm-chile-hotel-focused-choice-cala-2026-05-20
node/8197682702,Hotel Astoreca,,Chile,-33.040653,-71.6288327,medium,55,osm-chile-hotel-focused-choice-cala-2026-05-20
node/8220854117,Cabaña Pie Grande,,Chile,-41.1421605,-72.4030378,medium,55,osm-chile-hotel-focused-choice-cala-2026-05-20
node/8229122802,Turismo Allipén,,Chile,-38.8543657,-71.6931605,medium,55,osm-chile-hotel-focused-choice-cala-2026-05-20
node/8229209994,Restaurant Residencial Melipeucano,,Chile,-38.8530133,-71.6932331,medium,55,osm-chile-hotel-focused-choice-cala-2026-05-20
node/8230716618,Hostel Mandala Pucón 2,,Chile,-39.2792862,-71.9696823,medium,55,osm-chile-hotel-focused-choice-cala-2026-05-20
node/8248463356,"Gatos de Campo, Tiernos y Traviesos",Santiago,Chile,-33.4696965,-70.6703447,high,95,osm-chile-hotel-focused-choice-cala-2026-05-20
node/8286020657,Isla Magdalena,,Chile,-53.0322071,-70.8375024,medium,55,osm-chile-hotel-focused-choice-cala-2026-05-20
node/8304091949,Hostería Hualle,,Chile,-37.3250954,-72.9158237,medium,55,osm-chile-hotel-focused-choice-cala-2026-05-20
node/8312401269,Agroturismo Lupawe,,Chile,-39.011131,-72.2529924,medium,55,osm-chile-hotel-focused-choice-cala-2026-05-20
node/8319140843,Chilcos del Sur,,Chile,-38.9758044,-72.5706679,medium,55,osm-chile-hotel-focused-choice-cala-2026-05-20
node/8336339418,Fio Fio,,Chile,-38.7525079,-71.6117084,medium,55,osm-chile-hotel-focused-choice-cala-2026-05-20
node/8343684241,Hostal Hernando de Magallanes,Punta Arenas,Chile,-53.1615896,-70.9211215,high,75,osm-chile-hotel-focused-choice-cala-2026-05-20
node/8343684242,Hostal Haiken,Punta arenas,Chile,-53.157528,-70.9102146,high,75,osm-chile-hotel-focused-choice-cala-2026-05-20
node/8372584117,Hospedaje y Pensión Coke,Panguipulli,Chile,-39.6447518,-72.3310598,high,75,osm-chile-hotel-focused-choice-cala-2026-05-20
node/8385558117,El Orfebre,,Chile,-29.2455954,-71.4605883,medium,60,osm-chile-hotel-focused-choice-cala-2026-05-20
node/8395035518,Epuleufu,,Chile,-39.8515446,-71.9316703,medium,55,osm-chile-hotel-focused-choice-cala-2026-05-20
node/8398560874,Carpintero Negro,,Chile,-38.4785029,-71.5384501,medium,55,osm-chile-hotel-focused-choice-cala-2026-05-20
node/8403376852,Hotel Patagonia B&B,Punta Arenas,Chile,-53.1601273,-70.9148984,high,75,osm-chile-hotel-focused-choice-cala-2026-05-20
node/8403377009,"Cabaña ""La Mia Nonna""",Punta Arenas,Chile,-53.1413472,-70.8943784,high,75,osm-chile-hotel-focused-choice-cala-2026-05-20
node/8430403389,Hostería Edi-Mac,,Chile,-37.548839,-72.6001212,medium,55,osm-chile-hotel-focused-choice-cala-2026-05-20
node/8438638118,Señora Ruth,,Chile,-32.4555325,-71.2359203,high,70,osm-chile-hotel-focused-choice-cala-2026-05-20
node/8439147176,Monte Cordillera,Monte Patria,Chile,-30.6960636,-70.9655216,high,100,osm-chile-hotel-focused-choice-cala-2026-05-20
node/8456044751,Tumuñan Lodge,,Chile,-34.7533327,-70.7801889,medium,55,osm-chile-hotel-focused-choice-cala-2026-05-20
node/8480515267,Enjoy Chiloé.,Castro,Chile,-42.4894358,-73.7705903,high,100,osm-chile-hotel-focused-choice-cala-2026-05-20
node/8486962417,Xinergia,,Chile,-33.441764,-70.6285835,medium,55,osm-chile-hotel-focused-choice-cala-2026-05-20
node/8489595017,Varonica salas Reyes,,Chile,-36.5767224,-72.7617039,medium,55,osm-chile-hotel-focused-choice-cala-2026-05-20
node/8491981507,Residencial An-Ros,,Chile,-37.5078054,-72.6619662,medium,55,osm-chile-hotel-focused-choice-cala-2026-05-20
node/8546258031,Hotel Diego de Almagro Temuco Express,Temuco,CL,-38.736634,-72.5914987,high,85,osm-chile-hotel-focused-choice-cala-2026-05-20
node/8546386516,Lanzarote,Temuco,CL,-38.7450646,-72.5899716,high,75,osm-chile-hotel-focused-choice-cala-2026-05-20
node/8546388000,Hospedaje Patagonia,Temuco,CL,-38.7345277,-72.5854982,high,85,osm-chile-hotel-focused-choice-cala-2026-05-20
node/8588536881,El Rebaño de Elsita,,Chile,-34.2423692,-70.4891375,high,75,osm-chile-hotel-focused-choice-cala-2026-05-20
node/8633871433,Hostal El Mirador,,Chile,-40.5776266,-73.7101398,medium,55,osm-chile-hotel-focused-choice-cala-2026-05-20
node/8633956378,Lodge Altos de Pichi Mallay,,Chile,-40.6050081,-73.7533904,medium,55,osm-chile-hotel-focused-choice-cala-2026-05-20
node/8637973506,Hotel Pitrufquén,Pitrufquén,CL,-38.9917499,-72.6269758,high,75,osm-chile-hotel-focused-choice-cala-2026-05-20
node/8649018838,Hotel Santa María,,Chile,-35.8279478,-71.4930743,medium,55,osm-chile-hotel-focused-choice-cala-2026-05-20
node/8674512617,Hospedaje Patricia,Valdivia,CL,-39.8204406,-73.2495892,high,85,osm-chile-hotel-focused-choice-cala-2026-05-20
node/8695282813,Chucao Climbing Hostel,Pucón,CL,-39.2771749,-71.973407,high,85,osm-chile-hotel-focused-choice-cala-2026-05-20
node/8695283773,Hotel Inti Küyen,Pucón,CL,-39.2734613,-71.9765912,high,100,osm-chile-hotel-focused-choice-cala-2026-05-20
node/8695284717,Hotel Pucón Indómito,Pucón,CL,-39.2748003,-71.9785164,high,100,osm-chile-hotel-focused-choice-cala-2026-05-20
node/8700033531,Residence Inn,,Chile,-35.424102,-71.6656944,medium,65,osm-chile-hotel-focused-choice-cala-2026-05-20
node/8725492249,Casa Los Guerrero,Curicó,Chile,-34.8929883,-71.9068484,high,75,osm-chile-hotel-focused-choice-cala-2026-05-20
node/8725772969,José Utreras,Lautaro,CL,-38.5435918,-72.4296832,high,75,osm-chile-hotel-focused-choice-cala-2026-05-20
node/8773186704,Residencial Los Pinos,,Chile,-37.756419,-73.3719134,medium,55,osm-chile-hotel-focused-choice-cala-2026-05-20
node/8832552317,Hotel CECIL,,Chile,-28.576743,-70.7586036,medium,55,osm-chile-hotel-focused-choice-cala-2026-05-20
node/8861118984,Hospedaje Pastene,Temuco,CL,-38.7408291,-72.5963508,high,75,osm-chile-hotel-focused-choice-cala-2026-05-20
node/8881532280,Hostal del Valle,San Vicente de Tagua Tagua,Chile,-34.4373192,-71.0806644,high,85,osm-chile-hotel-focused-choice-cala-2026-05-20
node/8911686562,Cabañas Estacion del Lago,Puerto Varas,CL,-41.3142448,-72.9881054,high,75,osm-chile-hotel-focused-choice-cala-2026-05-20
node/8914137404,Radisson Park Inn,Puerto Varas,CL,-41.3149096,-72.9856539,high,85,osm-chile-hotel-focused-choice-cala-2026-05-20
node/8914885195,Ruca Hostel Puerto Varas,Puerto Varas,CL,-41.3183676,-72.9861482,high,75,osm-chile-hotel-focused-choice-cala-2026-05-20
node/8917069024,Casa Celeste,Puerto Varas,CL,-41.3225722,-72.9855099,high,75,osm-chile-hotel-focused-choice-cala-2026-05-20
node/8922741344,Cabañas Icalma,Puerto Varas,CL,-41.3246655,-72.9848948,high,75,osm-chile-hotel-focused-choice-cala-2026-05-20
node/8933395001,Cabañas Soldan,Puerto Varas,CL,-41.3274836,-72.9658617,high,75,osm-chile-hotel-focused-choice-cala-2026-05-20
node/8933585507,Puerto Austral,Puerto Varas,CL,-41.3282278,-72.9629898,high,75,osm-chile-hotel-focused-choice-cala-2026-05-20
node/8933585510,Hospedaje Silvia Hott de Ellis,Puerto Varas,CL,-41.3283792,-72.9634487,high,75,osm-chile-hotel-focused-choice-cala-2026-05-20
node/8935813617,Hostal IZ Snova,,Chile,-46.5438164,-71.7283439,medium,60,osm-chile-hotel-focused-choice-cala-2026-05-20
node/8942249218,Cabañas Toty,,Chile,-39.7346438,-73.3892803,medium,65,osm-chile-hotel-focused-choice-cala-2026-05-20
node/8990902418,Cruz De Triana,,Chile,-34.2259236,-70.8110529,medium,55,osm-chile-hotel-focused-choice-cala-2026-05-20
node/9002411049,Cabañas Isla Mágica,Ancud,Chile,-41.8656861,-73.8290684,high,75,osm-chile-hotel-focused-choice-cala-2026-05-20
node/9004506418,K HOSTAL,Villarrica,CL,-39.278088,-72.22403,high,85,osm-chile-hotel-focused-choice-cala-2026-05-20
node/9008943217,Doña Ana,,Chile,-41.4909174,-72.3075677,high,75,osm-chile-hotel-focused-choice-cala-2026-05-20
node/9061022317,Hotel Faro Evangelista,,Chile,-53.1626174,-70.9060883,medium,55,osm-chile-hotel-focused-choice-cala-2026-05-20
node/9071286319,Milenio,,Chile,-37.5090426,-72.658731,medium,55,osm-chile-hotel-focused-choice-cala-2026-05-20
node/9074903668,El Corral,,Chile,-31.9328595,-71.1331642,medium,55,osm-chile-hotel-focused-choice-cala-2026-05-20
node/9081147951,Family Hostel,Villarrica,CL,-39.281716,-72.2229677,high,75,osm-chile-hotel-focused-choice-cala-2026-05-20
node/9084905504,Hostal Y Cabañas Don Juan,Villarrica,CL,-39.2855408,-72.227331,high,75,osm-chile-hotel-focused-choice-cala-2026-05-20
node/9173364105,Aldea Domo,,Chile,-34.7937778,-70.7654404,medium,55,osm-chile-hotel-focused-choice-cala-2026-05-20
node/9193632345,Ruka Lobos,,Chile,-34.4319898,-72.0262597,medium,55,osm-chile-hotel-focused-choice-cala-2026-05-20
node/9194962244,Hospedaje Mane,,Chile,-34.3843772,-72.0150688,medium,55,osm-chile-hotel-focused-choice-cala-2026-05-20
node/9194962245,Hostal Ipanema,,Chile,-34.3851077,-72.0134917,medium,55,osm-chile-hotel-focused-choice-cala-2026-05-20
node/9195003828,Hostal Traveland,,Chile,-34.3876687,-72.0027504,medium,55,osm-chile-hotel-focused-choice-cala-2026-05-20
node/9200945297,Refugio de Lobos,,Chile,-34.409762,-72.0272256,medium,55,osm-chile-hotel-focused-choice-cala-2026-05-20
node/9203205513,Cabañas Entre Lagos y Volcanes,Villarrica,CL,-39.2791748,-72.2246254,high,75,osm-chile-hotel-focused-choice-cala-2026-05-20
node/9278939515,hosteria_de_vilches,San Clemente,Chile,-35.5832945,-71.1139737,high,85,osm-chile-hotel-focused-choice-cala-2026-05-20
node/9296360815,Cabañas Don Francisco de Reñaca,Viña del Mar,CL,-32.9716907,-71.5380154,high,100,osm-chile-hotel-focused-choice-cala-2026-05-20
node/9311191112,Posada del Parque,,Chile,-32.8818487,-71.4958964,medium,55,osm-chile-hotel-focused-choice-cala-2026-05-20
node/9335948018,Residencial Puku Raŋi Uka,,Chile,-27.1497272,-109.417879,medium,55,osm-chile-hotel-focused-choice-cala-2026-05-20
node/9338511281,Ruta Costera,,Chile,-38.7094247,-73.1589389,medium,55,osm-chile-hotel-focused-choice-cala-2026-05-20
node/9358264577,Hotel Estancilla,,Chile,-39.8478874,-73.3181781,medium,55,osm-chile-hotel-focused-choice-cala-2026-05-20
node/9359346266,Cabañas Santa Clara,,Chile,-39.8715155,-73.3958334,medium,55,osm-chile-hotel-focused-choice-cala-2026-05-20
node/9360679934,Cabañas Fisher,,Chile,-39.8671327,-73.3988495,medium,55,osm-chile-hotel-focused-choice-cala-2026-05-20
node/9368803643,El Huarango Eco Retiro,,Chile,-20.40317,-69.6304959,medium,55,osm-chile-hotel-focused-choice-cala-2026-05-20
node/9377057451,Residencial San Marcos,,Chile,-37.505214,-72.6707988,medium,55,osm-chile-hotel-focused-choice-cala-2026-05-20
node/9380702745,Hostal Changos,,Chile,-29.0784524,-71.4888686,medium,55,osm-chile-hotel-focused-choice-cala-2026-05-20
node/9392455752,Cabañas Cerro Las Piedras,,Chile,-53.0742926,-70.8786069,medium,55,osm-chile-hotel-focused-choice-cala-2026-05-20
node/9392468383,Hostal Puerto Madera,,Chile,-35.8074553,-72.5684255,medium,55,osm-chile-hotel-focused-choice-cala-2026-05-20
node/9395418817,Hostal Cali,,Chile,-18.1979494,-69.5586573,medium,55,osm-chile-hotel-focused-choice-cala-2026-05-20
node/9404583738,Borde Rio Motel,,Chile,-53.1618458,-70.8938334,medium,55,osm-chile-hotel-focused-choice-cala-2026-05-20
node/9404589099,Refugio Pullao,,Chile,-42.4650724,-73.6847986,medium,55,osm-chile-hotel-focused-choice-cala-2026-05-20
node/9405783123,Patagonia Breath,,Chile,-53.3837262,-70.987755,medium,55,osm-chile-hotel-focused-choice-cala-2026-05-20
node/9420770823,Hostal Keoken,,Chile,-53.1551528,-70.898881,medium,55,osm-chile-hotel-focused-choice-cala-2026-05-20
node/9429764013,Columbia Hostel,Viña del Mar,Chile,-33.0248984,-71.5537365,high,75,osm-chile-hotel-focused-choice-cala-2026-05-20
node/9439785484,Voyages Atacama,,Chile,-22.9542837,-68.1701103,medium,65,osm-chile-hotel-focused-choice-cala-2026-05-20
node/9454428017,Juan & Camila,,Chile,-39.3234762,-72.142942,medium,55,osm-chile-hotel-focused-choice-cala-2026-05-20
node/9472198282,Hostal Martita,Punta Arenas,Chile,-53.1563838,-70.8887527,high,75,osm-chile-hotel-focused-choice-cala-2026-05-20
node/9472614540,Hostal Cordillera Inn,,Chile,-34.6554421,-71.3411003,medium,55,osm-chile-hotel-focused-choice-cala-2026-05-20
node/9483682019,Hostal Jacob,,Chile,-41.4796939,-72.9580674,medium,55,osm-chile-hotel-focused-choice-cala-2026-05-20
node/9501821182,Lilo,,Chile,-33.9236815,-71.8469318,medium,55,osm-chile-hotel-focused-choice-cala-2026-05-20
node/9506704617,Sipo Hostel,,Chile,-41.4794125,-72.9555995,high,70,osm-chile-hotel-focused-choice-cala-2026-05-20
node/9519462090,Blu,Santiago,Chile,-33.4684775,-70.6711858,high,100,osm-chile-hotel-focused-choice-cala-2026-05-20
node/9525846969,Huellas y Senderos Hotel,Coyhaique,Chile,-45.5718827,-72.0726916,high,75,osm-chile-hotel-focused-choice-cala-2026-05-20
node/9534813329,Atmani Yoga & Relax,,Chile,-32.96172,-71.5193358,medium,65,osm-chile-hotel-focused-choice-cala-2026-05-20
node/9548525857,Don Mario,,Chile,-33.962078,-71.8740836,medium,55,osm-chile-hotel-focused-choice-cala-2026-05-20
node/9558745368,Hostel My House,,Chile,-33.0253444,-71.5638227,medium,60,osm-chile-hotel-focused-choice-cala-2026-05-20
node/9571880271,Hotel Gran Quirihue,,Chile,-36.2831478,-72.5416451,medium,55,osm-chile-hotel-focused-choice-cala-2026-05-20
node/9601992350,Hotel Bosques de Reñaca,Viña del Mar,CL,-32.965809,-71.529555,high,75,osm-chile-hotel-focused-choice-cala-2026-05-20
node/9606014906,Gran Hotel del Pacífico,Viña del Mar,CL,-33.0206265,-71.5535353,high,75,osm-chile-hotel-focused-choice-cala-2026-05-20
node/9655076044,Hotel Shanghai,,Chile,-36.8149957,-73.0600894,medium,55,osm-chile-hotel-focused-choice-cala-2026-05-20
node/9661752877,Sentir Patagonia,,Chile,-33.0224437,-71.5442012,medium,55,osm-chile-hotel-focused-choice-cala-2026-05-20
node/9667371781,Cabaña Carmela,,Chile,-39.3602037,-72.1639258,medium,55,osm-chile-hotel-focused-choice-cala-2026-05-20
node/9689884817,Hospedaje Corcovado,,Chile,-42.9169544,-72.7122473,medium,65,osm-chile-hotel-focused-choice-cala-2026-05-20
node/9699448717,Hospedaje Ayelen,,Chile,-41.8690408,-73.8238749,medium,65,osm-chile-hotel-focused-choice-cala-2026-05-20
node/9708432503,Canales del Sur,Puerto Varas,Chile,-41.3284073,-72.9574846,high,75,osm-chile-hotel-focused-choice-cala-2026-05-20
node/9712853517,Hostal María Fresia,,Chile,-41.4756388,-72.9548087,medium,55,osm-chile-hotel-focused-choice-cala-2026-05-20
node/9717105787,Domos Dream Hotel y Cabañas,La Serena,Chile,-29.9222338,-71.2718584,high,100,osm-chile-hotel-focused-choice-cala-2026-05-20
node/9730974117,Hostal y Camping Arcoiris,,Chile,-41.4941265,-72.3095603,medium,55,osm-chile-hotel-focused-choice-cala-2026-05-20
node/9738204821,Cabañas La Cascada,,Chile,-45.404548,-72.6771167,medium,55,osm-chile-hotel-focused-choice-cala-2026-05-20
node/9738204822,Cabañas Oyarzún,,Chile,-45.4046685,-72.6773259,medium,55,osm-chile-hotel-focused-choice-cala-2026-05-20
node/9738204823,Cabañas Diego Ulloa,,Chile,-45.4059359,-72.6805043,medium,55,osm-chile-hotel-focused-choice-cala-2026-05-20
node/9758633517,Casa Kila Hostel,,Chile,-39.8182617,-73.2451505,medium,65,osm-chile-hotel-focused-choice-cala-2026-05-20
node/9787841410,Mirlo´s Hostel,Futaleufú,Chile,-43.1847407,-71.8636421,high,95,osm-chile-hotel-focused-choice-cala-2026-05-20
node/9788117746,Renacer,Futaleufú,Chile,-43.1866069,-71.863368,high,85,osm-chile-hotel-focused-choice-cala-2026-05-20
node/9791532556,Hotel Colón,,Chile,-23.6482961,-70.3993777,medium,55,osm-chile-hotel-focused-choice-cala-2026-05-20
node/9795771917,Hospedaje Evita,,Chile,-39.2796719,-72.2342308,medium,65,osm-chile-hotel-focused-choice-cala-2026-05-20
node/9800496617,Gecko Hostel,,Chile,-39.2804717,-71.975499,high,70,osm-chile-hotel-focused-choice-cala-2026-05-20
node/9818903217,Hospedaje La Ruta,,Chile,-37.4674681,-72.359693,high,70,osm-chile-hotel-focused-choice-cala-2026-05-20
node/9829032517,Siete colores,,Chile,-38.853051,-71.6899783,high,85,osm-chile-hotel-focused-choice-cala-2026-05-20
node/9833919518,Hostal Yasir,,Chile,-36.617948,-72.1166804,medium,55,osm-chile-hotel-focused-choice-cala-2026-05-20
node/9882491379,Hostal Dendal,,Chile,-45.403804,-72.6959246,medium,55,osm-chile-hotel-focused-choice-cala-2026-05-20
node/9888540366,Casa de José,,Chile,-22.9072133,-68.1925534,high,75,osm-chile-hotel-focused-choice-cala-2026-05-20
node/9897930324,Hotel Piedra Verde,,Chile,-34.1881273,-70.6469125,high,85,osm-chile-hotel-focused-choice-cala-2026-05-20
node/9910103730,Hostal Odeón,,Chile,-33.0328546,-71.6317409,medium,55,osm-chile-hotel-focused-choice-cala-2026-05-20
node/9955271017,Casa Rancagua,,Chile,-34.1763177,-70.7161765,medium,60,osm-chile-hotel-focused-choice-cala-2026-05-20
node/9955991539,Hostal Estado,,Chile,-34.1720569,-70.7411993,high,70,osm-chile-hotel-focused-choice-cala-2026-05-20
node/9961798041,Cabañas Di Mare,,Chile,-29.9571051,-71.3041019,medium,55,osm-chile-hotel-focused-choice-cala-2026-05-20
node/9969479817,Cabañas Pulelo,,Chile,-41.8465813,-73.5036363,high,70,osm-chile-hotel-focused-choice-cala-2026-05-20
node/9988524981,Blumen Platz Apart Hotel,,Chile,-32.9296951,-71.5487194,medium,60,osm-chile-hotel-focused-choice-cala-2026-05-20
node/10008790681,Nuevo Sol y Viento,,Chile,-22.9069243,-68.1923651,high,70,osm-chile-hotel-focused-choice-cala-2026-05-20
node/10010282648,Hostal El Rutero,La Serena,Chile,-29.9068393,-71.2548384,high,75,osm-chile-hotel-focused-choice-cala-2026-05-20
node/10010282649,Hostal Luna del Mar,La Serena,Chile,-29.9065138,-71.2547982,high,75,osm-chile-hotel-focused-choice-cala-2026-05-20
node/10046288345,Hostal La Oma,Viña del Mar,Chile,-33.0271099,-71.563424,high,75,osm-chile-hotel-focused-choice-cala-2026-05-20
node/10056576226,Hostal Princess,,Chile,-33.0250372,-71.5630001,medium,55,osm-chile-hotel-focused-choice-cala-2026-05-20
node/10057129911,Residencial Donna,,Chile,-33.0254547,-71.5630163,medium,55,osm-chile-hotel-focused-choice-cala-2026-05-20
node/10057331296,King Hostel,,Chile,-33.0253875,-71.5675834,medium,60,osm-chile-hotel-focused-choice-cala-2026-05-20
node/10057331300,Hostal Recreo,,Chile,-33.0301369,-71.5762711,medium,60,osm-chile-hotel-focused-choice-cala-2026-05-20
node/10057331301,Hostal La Cofa,,Chile,-33.0292115,-71.5777195,medium,60,osm-chile-hotel-focused-choice-cala-2026-05-20
node/10057331303,Hotel Vista Velero,,Chile,-33.0285279,-71.5795071,medium,60,osm-chile-hotel-focused-choice-cala-2026-05-20
node/10058639965,Hostal Von Schroeders,,Chile,-33.0225845,-71.5612351,medium,55,osm-chile-hotel-focused-choice-cala-2026-05-20
node/10058639966,Residencial Aransali,,Chile,-33.0232314,-71.5608252,medium,55,osm-chile-hotel-focused-choice-cala-2026-05-20
node/10059920036,Hotel Boutique Parque Brasil,Antofagasta,Chile,-23.6586009,-70.3980423,high,75,osm-chile-hotel-focused-choice-cala-2026-05-20
node/10065464115,Gran Hotel,Ovalle,Chile,-30.6030702,-71.2007737,high,100,osm-chile-hotel-focused-choice-cala-2026-05-20
node/10074230097,Residencial Don Albert,,Chile,-35.5963495,-71.5918118,medium,55,osm-chile-hotel-focused-choice-cala-2026-05-20
node/10076020036,Hotel Parque Brasil Boutique,Antofagasta,Chile,-23.65804,-70.4019271,high,100,osm-chile-hotel-focused-choice-cala-2026-05-20
node/10078968352,Hotelera Romeral,,Chile,-34.9626225,-71.1570579,medium,55,osm-chile-hotel-focused-choice-cala-2026-05-20
node/10080177025,Hotel 251 Viña Del Mar,,Chile,-33.0246437,-71.5654808,medium,60,osm-chile-hotel-focused-choice-cala-2026-05-20
node/10080207660,Casa Yolanda,,Chile,-33.0246872,-71.5658032,medium,60,osm-chile-hotel-focused-choice-cala-2026-05-20
node/10080738993,Hotel Boutique Cassinetta,Viña del Mar,CL,-33.0265524,-71.5647993,high,85,osm-chile-hotel-focused-choice-cala-2026-05-20
node/10080738994,Nautico,,Chile,-33.0253211,-71.5660773,medium,55,osm-chile-hotel-focused-choice-cala-2026-05-20
node/10080738995,Hostal Casa Del Maestro,Viña del Mar,CL,-33.0257102,-71.5653786,high,75,osm-chile-hotel-focused-choice-cala-2026-05-20
node/10080738996,Hostal Sweet Home,,Chile,-33.0258058,-71.5652123,medium,55,osm-chile-hotel-focused-choice-cala-2026-05-20
node/10087246125,Refugio Cumbres,,Chile,-32.9094953,-70.3027105,high,80,osm-chile-hotel-focused-choice-cala-2026-05-20
node/10117788505,"Hospedaje y Alojamiento ""Jessica""",,Chile,-35.7076864,-71.392006,medium,65,osm-chile-hotel-focused-choice-cala-2026-05-20
node/10118772527,Hotel Yatehue,,Chile,-42.8897453,-73.4742129,medium,55,osm-chile-hotel-focused-choice-cala-2026-05-20
node/10124024150,Palafito Cucao Hostel,,Chile,-42.629565,-74.1053045,medium,55,osm-chile-hotel-focused-choice-cala-2026-05-20
node/10129177753,Hotel Parque Brasil Boutique,Antofagasta,Chile,-23.6625036,-70.3980004,high,75,osm-chile-hotel-focused-choice-cala-2026-05-20
node/10140524017,La Minga Hostel,Castro,Chile,-42.4825727,-73.7668143,high,100,osm-chile-hotel-focused-choice-cala-2026-05-20
node/10155520639,Cervecería & Lodge Lonquimay,,Chile,-38.4425982,-71.3644195,medium,55,osm-chile-hotel-focused-choice-cala-2026-05-20
node/10157288063,La Araucaria,Yungay,Chile,-37.1176206,-72.0142554,high,100,osm-chile-hotel-focused-choice-cala-2026-05-20
node/10167298817,Hostal Entre Lagos,,Chile,-48.4656519,-72.5584687,medium,60,osm-chile-hotel-focused-choice-cala-2026-05-20
node/10170355774,Hotel Feudal,Antofagasta,Chile,-23.6624683,-70.3972121,high,75,osm-chile-hotel-focused-choice-cala-2026-05-20
node/10170355782,Hostal Quepay,Antofagasta,Chile,-23.6619557,-70.3964472,high,75,osm-chile-hotel-focused-choice-cala-2026-05-20
node/10171671880,Casa Jaime Erices,,Chile,-38.5434391,-72.429674,medium,55,osm-chile-hotel-focused-choice-cala-2026-05-20
node/10172205438,Campo Base,,Chile,-22.9151053,-68.1954882,medium,60,osm-chile-hotel-focused-choice-cala-2026-05-20
node/10172238017,Aruma Codpa,,Chile,-18.8331485,-69.7457635,medium,65,osm-chile-hotel-focused-choice-cala-2026-05-20
node/10181194217,Vientos - la Yareta,San Pedro de Atacama,Chile,-22.9106544,-68.2018529,high,75,osm-chile-hotel-focused-choice-cala-2026-05-20
node/10181296617,Residencia Correntoso,,Chile,-41.4663519,-72.675866,medium,55,osm-chile-hotel-focused-choice-cala-2026-05-20
node/10197994511,Casa de la Patagonia,,Chile,-51.727908,-72.5066283,high,85,osm-chile-hotel-focused-choice-cala-2026-05-20
node/10207622617,Hotel Guayasuik,,Chile,-33.4429135,-70.6430265,medium,60,osm-chile-hotel-focused-choice-cala-2026-05-20
node/10210199487,Hotel Alterra,Antofagasta,Chile,-23.6542205,-70.3991623,high,75,osm-chile-hotel-focused-choice-cala-2026-05-20
node/10212492475,Hospedaje Pichares,,Chile,-39.2637364,-71.7692573,medium,55,osm-chile-hotel-focused-choice-cala-2026-05-20
node/10218211817,Zeco Hostal,,Chile,-35.4237539,-71.6564901,high,85,osm-chile-hotel-focused-choice-cala-2026-05-20
node/10221359317,Hotel Boutique Tremo,,Chile,-33.4347552,-70.6330606,medium,60,osm-chile-hotel-focused-choice-cala-2026-05-20
node/10224797217,Complejo Turístico El Bagual,,Chile,-35.3676253,-71.1120427,high,70,osm-chile-hotel-focused-choice-cala-2026-05-20
node/10238110949,El Chilote,,Chile,-42.5108223,-73.7900752,medium,55,osm-chile-hotel-focused-choice-cala-2026-05-20
node/10238110951,Dalmacia,,Chile,-42.510241,-73.7896299,medium,55,osm-chile-hotel-focused-choice-cala-2026-05-20
node/10248724209,Hotel Don Alfredo,,Chile,-22.4461312,-68.9212112,medium,60,osm-chile-hotel-focused-choice-cala-2026-05-20
node/10276610909,Español,,Chile,-41.1310891,-73.0284475,high,70,osm-chile-hotel-focused-choice-cala-2026-05-20
node/10281283832,Cabañas liquiñe Alto,,Chile,-39.7552739,-71.8629627,medium,55,osm-chile-hotel-focused-choice-cala-2026-05-20
node/10281300888,Cabaña Las Rosas,,Chile,-32.1272526,-71.4946506,medium,55,osm-chile-hotel-focused-choice-cala-2026-05-20
node/10281311990,Alojamiento Los Chincoles,,Chile,-32.1396186,-71.4916201,medium,55,osm-chile-hotel-focused-choice-cala-2026-05-20
node/10290506209,Refugio Punta Arenas,,Chile,-53.1639541,-70.9216777,medium,55,osm-chile-hotel-focused-choice-cala-2026-05-20
node/10301294411,Lodge Patagonia East River,,Chile,-42.014289,-71.9408663,high,80,osm-chile-hotel-focused-choice-cala-2026-05-20
node/10308844009,Centro Vcacional Las Vertientes,,Chile,-41.4012471,-73.8002976,medium,55,osm-chile-hotel-focused-choice-cala-2026-05-20
node/10312251348,Habitaciones Valdihostal,,Chile,-39.8217813,-73.2376689,medium,55,osm-chile-hotel-focused-choice-cala-2026-05-20
node/10555582745,Residencial Alce,,Chile,-37.5099856,-72.6582099,medium,55,osm-chile-hotel-focused-choice-cala-2026-05-20
node/10558450609,Hostal Aldea patagonia,,Chile,-45.57137,-72.0605025,medium,60,osm-chile-hotel-focused-choice-cala-2026-05-20
node/10569181987,Hostal Makohe Rapanui,Hanga Roa,Chile,-27.1453894,-109.423692,high,100,osm-chile-hotel-focused-choice-cala-2026-05-20
node/10577867801,Cabañas Alicura,,Chile,-37.7703472,-71.7175442,medium,55,osm-chile-hotel-focused-choice-cala-2026-05-20
node/10580264705,Hotel Emilia,,Chile,-22.0853864,-70.1962182,medium,55,osm-chile-hotel-focused-choice-cala-2026-05-20
node/10582680605,cabaña Maoly,,Chile,-41.6585571,-72.2776952,medium,65,osm-chile-hotel-focused-choice-cala-2026-05-20
node/10607094705,El Camino Hotel,,Chile,-20.2215991,-70.1497295,medium,60,osm-chile-hotel-focused-choice-cala-2026-05-20
node/10612727705,Hotel Vicencio,,Chile,-22.4613567,-68.924516,medium,60,osm-chile-hotel-focused-choice-cala-2026-05-20
node/10650865968,Residencial Baquedano,Baquedano,Chile,-23.3334626,-69.8436045,high,100,osm-chile-hotel-focused-choice-cala-2026-05-20
node/10653184599,Tierra de Tehuelches,,Chile,-52.4246445,-71.4155655,medium,55,osm-chile-hotel-focused-choice-cala-2026-05-20
node/10655300397,Pueblo de Tierra,San Pedro De Atacama,Chile,-22.9081093,-68.1938486,high,75,osm-chile-hotel-focused-choice-cala-2026-05-20
node/10665526254,Hotel La Herradura,,Chile,-29.9844067,-71.3601843,medium,55,osm-chile-hotel-focused-choice-cala-2026-05-20
node/10671933480,Omili Haus,,Chile,-51.725969,-72.508169,medium,55,osm-chile-hotel-focused-choice-cala-2026-05-20
node/10671963879,Hotel Martin Gusinde,,Chile,-51.7260247,-72.5094542,medium,55,osm-chile-hotel-focused-choice-cala-2026-05-20
node/10672120606,Refugio Kurileufu,,Chile,-40.8096453,-73.3321432,medium,55,osm-chile-hotel-focused-choice-cala-2026-05-20
node/10692277609,Aventura,,Chile,-36.1462531,-71.8303685,medium,55,osm-chile-hotel-focused-choice-cala-2026-05-20
node/10696110305,cabañas y tinajas newen zomo,,Chile,-39.3126946,-72.5116692,high,70,osm-chile-hotel-focused-choice-cala-2026-05-20
node/10700231905,Cabañas Don Ángel,,Chile,-51.7328873,-72.4889723,high,70,osm-chile-hotel-focused-choice-cala-2026-05-20
node/10718032805,Zuhause Belinda,,Chile,-33.0168158,-71.5393884,medium,55,osm-chile-hotel-focused-choice-cala-2026-05-20
node/10720336542,Hotel Plaza Bulnes,,Chile,-36.7429438,-72.2976853,medium,55,osm-chile-hotel-focused-choice-cala-2026-05-20
node/10727957605,Rukaantu,,Chile,-36.1760644,-72.8109399,medium,55,osm-chile-hotel-focused-choice-cala-2026-05-20
node/10748507644,Tu Casita,,Chile,-34.2027629,-70.5271491,medium,55,osm-chile-hotel-focused-choice-cala-2026-05-20
node/10748507645,Residencial Renacer,,Chile,-34.2032244,-70.5284876,medium,65,osm-chile-hotel-focused-choice-cala-2026-05-20
node/10748507648,Residencial Sabores Cordilleranos,,Chile,-34.2060194,-70.5299681,medium,65,osm-chile-hotel-focused-choice-cala-2026-05-20
node/10761866705,El Tambo del Anakiri,,Chile,-41.3884104,-73.3802974,medium,55,osm-chile-hotel-focused-choice-cala-2026-05-20
node/10762159406,Punto Cerro,,Chile,-33.0413393,-71.6268602,medium,55,osm-chile-hotel-focused-choice-cala-2026-05-20
node/10762159407,Hotel Gervasoni,Valparaíso,CL,-33.0411268,-71.6268441,high,85,osm-chile-hotel-focused-choice-cala-2026-05-20
node/10764940405,hostel Posada del Gallo,,Chile,-18.4841307,-70.3159122,high,70,osm-chile-hotel-focused-choice-cala-2026-05-20
node/10797405605,Rey Legarto Hostel,,Chile,-22.9014843,-68.2019349,high,85,osm-chile-hotel-focused-choice-cala-2026-05-20
node/10798477805,Alojamiento Turístico,,Chile,-39.5674166,-72.0059308,high,85,osm-chile-hotel-focused-choice-cala-2026-05-20
node/10809279183,Hostal Patrimonial Angelmó,Puerto Montt,Chile,-41.4773243,-72.9548632,high,75,osm-chile-hotel-focused-choice-cala-2026-05-20
node/10813080225,Hostería Los Leones,,Chile,-32.740825,-71.4887519,medium,65,osm-chile-hotel-focused-choice-cala-2026-05-20
node/10813159252,Casa Newka,Valparaíso,CL,-33.0413151,-71.6292145,high,75,osm-chile-hotel-focused-choice-cala-2026-05-20
node/10814470832,Matildas Hotel Boutique,Santiago,Chile,-33.4420169,-70.6661622,high,100,osm-chile-hotel-focused-choice-cala-2026-05-20
node/10815499790,Hostal Tía Emilia,,Chile,-18.2640066,-69.6034755,high,80,osm-chile-hotel-focused-choice-cala-2026-05-20
node/10815499794,Amarca Lodge,,Chile,-18.2633673,-69.6010327,medium,55,osm-chile-hotel-focused-choice-cala-2026-05-20
node/10823491972,NH Collection Santiago,Vitacura,CL,-33.3985931,-70.5991427,high,95,osm-chile-hotel-focused-choice-cala-2026-05-20
node/10856680436,Casita Hostel,,Chile,-33.4370675,-70.6446834,medium,55,osm-chile-hotel-focused-choice-cala-2026-05-20
node/10860826305,Viva Chile Santiago Centro,,Chile,-33.436227,-70.657083,medium,60,osm-chile-hotel-focused-choice-cala-2026-05-20
node/10865570405,Beer&Beer,,Chile,-33.046694,-71.6228746,high,70,osm-chile-hotel-focused-choice-cala-2026-05-20
node/10881594172,Hotel La Caballeriza,,Chile,-32.9830901,-71.3205814,medium,55,osm-chile-hotel-focused-choice-cala-2026-05-20
node/10898493605,Cabañas Rústico Punucapa,,Chile,-39.7793059,-73.297849,high,85,osm-chile-hotel-focused-choice-cala-2026-05-20
node/10902704705,Hotel Patagonia House,,Chile,-45.589792,-72.0685798,medium,55,osm-chile-hotel-focused-choice-cala-2026-05-20
node/10913063200,Hotel y Café Bauda,Castro,Chile,-42.4767382,-73.7602854,high,75,osm-chile-hotel-focused-choice-cala-2026-05-20
node/10913063201,Bledford Chiloé,Castro,Chile,-42.4847695,-73.7724975,high,75,osm-chile-hotel-focused-choice-cala-2026-05-20
node/10913582413,Hostal Doña Ema,,Chile,-30.120608,-70.4936201,high,70,osm-chile-hotel-focused-choice-cala-2026-05-20
node/10988886607,AC Hotel by Marriott,Providencia,Chile,-33.418163,-70.6056947,high,85,osm-chile-hotel-focused-choice-cala-2026-05-20
node/11002588488,Casa Molle,Vicuña,Chile,-29.9815917,-70.9400634,high,90,osm-chile-hotel-focused-choice-cala-2026-05-20
node/11043049851,Ckoi Atacama Lodge,San Pedro de Atacama,Chile,-22.910788,-68.2061425,high,75,osm-chile-hotel-focused-choice-cala-2026-05-20
node/11043049877,Estancia Luza,San Pedro de Atacama,CL,-22.911607,-68.206113,high,75,osm-chile-hotel-focused-choice-cala-2026-05-20
node/11065752170,Hostal Nuevo Amanecer,,Chile,-22.9121308,-68.193984,medium,55,osm-chile-hotel-focused-choice-cala-2026-05-20
node/11067752934,Vernacular Lodge,,Chile,-22.9219621,-68.2051018,medium,55,osm-chile-hotel-focused-choice-cala-2026-05-20
node/11075312774,Casa Atipika,,Chile,-35.8857201,-72.6801064,medium,55,osm-chile-hotel-focused-choice-cala-2026-05-20
node/11076174724,La Casona,,Chile,-22.4879636,-68.9395468,medium,55,osm-chile-hotel-focused-choice-cala-2026-05-20
node/11076174725,Del Norte,,Chile,-22.4692575,-68.9187754,medium,55,osm-chile-hotel-focused-choice-cala-2026-05-20
node/11076174726,Diego de Almagro,,Chile,-22.462719,-68.9191133,medium,55,osm-chile-hotel-focused-choice-cala-2026-05-20
node/11126315573,Hostal Yungay,,Chile,-35.8442227,-71.6031893,medium,55,osm-chile-hotel-focused-choice-cala-2026-05-20
node/11135986402,Refugio,,Chile,-43.4342424,-72.3646962,medium,55,osm-chile-hotel-focused-choice-cala-2026-05-20
node/11151933705,Casa Rivera,,Chile,-29.976075,-70.5589714,medium,55,osm-chile-hotel-focused-choice-cala-2026-05-20
node/11170186350,Hotel Koyan,,Chile,-39.6398433,-72.3507536,medium,55,osm-chile-hotel-focused-choice-cala-2026-05-20
node/11172050164,Hostal Mauna,,Chile,-39.6635964,-72.3635048,medium,55,osm-chile-hotel-focused-choice-cala-2026-05-20
node/11180758137,Hotel Sommelier,,Chile,-33.4404675,-70.6464945,medium,60,osm-chile-hotel-focused-choice-cala-2026-05-20
node/11180758237,Hotel Casa Algarrobo,,Chile,-22.9075068,-68.1934814,medium,55,osm-chile-hotel-focused-choice-cala-2026-05-20
node/11189323337,Los Balcones de Andres,Iquique,Chile,-20.2207501,-70.1503551,high,85,osm-chile-hotel-focused-choice-cala-2026-05-20
node/11225990437,Hostal Perita,,Chile,-22.9081927,-68.2025226,medium,60,osm-chile-hotel-focused-choice-cala-2026-05-20
node/11230141137,Puma Cottage,,Chile,-30.1907099,-70.4793934,high,70,osm-chile-hotel-focused-choice-cala-2026-05-20
node/11243585942,Casa Ckelar Atacama,San Pedro de Atacama,Chile,-22.9297369,-68.2089035,high,85,osm-chile-hotel-focused-choice-cala-2026-05-20
node/11277651869,Tini House Pullinque,,Chile,-39.5722037,-72.1394459,medium,65,osm-chile-hotel-focused-choice-cala-2026-05-20
node/11290977505,Pankara,,Chile,-22.9459726,-68.1705905,high,70,osm-chile-hotel-focused-choice-cala-2026-05-20
node/11309715669,Pariwana hostal,,Chile,-33.4320486,-70.6399352,high,70,osm-chile-hotel-focused-choice-cala-2026-05-20
node/11310624869,Pariwana hostal,,Chile,-33.4325799,-70.63749,medium,55,osm-chile-hotel-focused-choice-cala-2026-05-20
node/11331785569,Casa de felix,,Chile,-22.9045104,-68.2013457,medium,60,osm-chile-hotel-focused-choice-cala-2026-05-20
node/11332297043,Hotel San Borja,Los Ángeles,Chile,-37.4692976,-72.3384752,high,75,osm-chile-hotel-focused-choice-cala-2026-05-20
node/11343649165,Hostería Monte Balmaceda,,Chile,-51.412702,-73.0798834,high,80,osm-chile-hotel-focused-choice-cala-2026-05-20
node/11345171471,Modular Express Calama,,Chile,-22.4607995,-68.9309806,high,75,osm-chile-hotel-focused-choice-cala-2026-05-20
node/11355551469,Dallas House,,Chile,-40.5805788,-73.131965,high,85,osm-chile-hotel-focused-choice-cala-2026-05-20
node/11359964770,Cabañas Mavi,,Chile,-36.8502354,-71.6507584,medium,55,osm-chile-hotel-focused-choice-cala-2026-05-20
node/11401924369,Hostal JC,,Chile,-51.7221913,-72.4920168,medium,60,osm-chile-hotel-focused-choice-cala-2026-05-20
node/11418691377,Hostal y Camping Casa Rio Futaleufu,,Chile,-43.3507492,-72.0543348,medium,55,osm-chile-hotel-focused-choice-cala-2026-05-20
node/11434650548,Casa Recreo,Viña del Mar,Chile,-33.0268552,-71.5663736,high,75,osm-chile-hotel-focused-choice-cala-2026-05-20
node/11434674616,Hostal Vista Recreo,Viña del Mar,Chile,-33.0267697,-71.5665493,high,75,osm-chile-hotel-focused-choice-cala-2026-05-20
node/11435927969,Hostal Don Felix,,Chile,-22.9279826,-68.2153893,medium,55,osm-chile-hotel-focused-choice-cala-2026-05-20
node/11438419269,Mata nui,,Chile,-27.1486334,-109.4237172,medium,55,osm-chile-hotel-focused-choice-cala-2026-05-20
node/11443432969,B&B Rocas Santo Domingo,,Chile,-33.6434315,-71.6232375,high,85,osm-chile-hotel-focused-choice-cala-2026-05-20
node/11471072395,Hostal SyR,,Chile,-22.4720598,-68.9265248,medium,55,osm-chile-hotel-focused-choice-cala-2026-05-20
node/11476495769,Domos Frutillar,,Chile,-41.1219454,-73.1409825,high,85,osm-chile-hotel-focused-choice-cala-2026-05-20
node/11477753669,Lodge la guarida del trauco,,Chile,-42.6162042,-73.6669173,medium,55,osm-chile-hotel-focused-choice-cala-2026-05-20
node/11493146811,Motel Flamingo,,Chile,-33.5584192,-71.5570335,medium,55,osm-chile-hotel-focused-choice-cala-2026-05-20
node/11499137468,Hotel San Pedro,El Quisco,Chile,-33.395742,-71.6947834,high,75,osm-chile-hotel-focused-choice-cala-2026-05-20
node/11505637023,Hostal Valdi-Bliss,Valdivia,Chile,-39.8267668,-73.2063902,high,100,osm-chile-hotel-focused-choice-cala-2026-05-20
node/11528413404,Hotel Saltos del Laja,,Chile,-37.2164799,-72.380392,medium,55,osm-chile-hotel-focused-choice-cala-2026-05-20
node/11528867457,La Casa de Barro Patagonia,,Chile,-51.7209305,-72.4893272,medium,55,osm-chile-hotel-focused-choice-cala-2026-05-20
node/11540589201,La Comarca,,Chile,-41.3283058,-72.956791,medium,55,osm-chile-hotel-focused-choice-cala-2026-05-20
node/11566341069,cabañas Valentina,,Chile,-39.845428,-73.2032829,medium,55,osm-chile-hotel-focused-choice-cala-2026-05-20
node/11576336050,Hotel Boutique Sommelier,,Chile,-33.4376651,-70.6437495,medium,55,osm-chile-hotel-focused-choice-cala-2026-05-20
node/11608355667,Nuevo Hotel Quintero,,Chile,-32.783915,-71.5274763,medium,60,osm-chile-hotel-focused-choice-cala-2026-05-20
node/11610367069,Hostal Melinda,,Chile,-51.7288682,-72.5044129,medium,60,osm-chile-hotel-focused-choice-cala-2026-05-20
node/11623778023,Travesía Austral Tiny House,,Chile,-41.2426245,-72.5662208,medium,55,osm-chile-hotel-focused-choice-cala-2026-05-20
node/11635419788,Hotel Mont Suite,,Chile,-37.0835746,-72.4388065,high,70,osm-chile-hotel-focused-choice-cala-2026-05-20
node/11669742969,Hospedería Yekchal,,Chile,-49.1294242,-74.4086718,medium,55,osm-chile-hotel-focused-choice-cala-2026-05-20
node/11691751098,Los Cantos del Agua,,Chile,-38.4743762,-71.5552586,medium,55,osm-chile-hotel-focused-choice-cala-2026-05-20
node/11691751116,Centro Turístico Malalcahuello,,Chile,-38.4722175,-71.5682513,medium,55,osm-chile-hotel-focused-choice-cala-2026-05-20
node/11693673055,Cabañas y Hostal Los Álamos,,Chile,-38.4732874,-71.5801603,medium,55,osm-chile-hotel-focused-choice-cala-2026-05-20
node/11702029242,Refugio Las Raíces,,Chile,-38.4698571,-71.5091407,medium,55,osm-chile-hotel-focused-choice-cala-2026-05-20
node/11702041729,Hostal Cerrito,,Chile,-38.4538912,-71.516785,medium,55,osm-chile-hotel-focused-choice-cala-2026-05-20
node/11702044104,Snowko,,Chile,-38.4745652,-71.5312958,medium,55,osm-chile-hotel-focused-choice-cala-2026-05-20
node/11702044105,Madre Natura,,Chile,-38.4760812,-71.5297937,medium,55,osm-chile-hotel-focused-choice-cala-2026-05-20
node/11708886840,Novotel Puerto Montt,Puerto Montt,Chile,-41.4733847,-72.9357778,high,100,osm-chile-hotel-focused-choice-cala-2026-05-20
node/11725895969,Cygnus Hostel,,Chile,-39.8235244,-73.240041,medium,65,osm-chile-hotel-focused-choice-cala-2026-05-20
node/11727806807,Hostal Vista al Mar,Ancud,Chile,-41.8723401,-73.8282704,high,100,osm-chile-hotel-focused-choice-cala-2026-05-20
node/11732320769,Casa Lastra,,Chile,-33.0496066,-71.616993,medium,60,osm-chile-hotel-focused-choice-cala-2026-05-20
node/11732374869,Hostal Valhere,,Chile,-27.1521114,-109.428932,medium,55,osm-chile-hotel-focused-choice-cala-2026-05-20
node/11745795969,Cygnus hostel,,Chile,-39.82363,-73.2400499,high,70,osm-chile-hotel-focused-choice-cala-2026-05-20
node/11749132464,Hosteria Agua Fresca,,Chile,-53.3936447,-70.9911125,medium,55,osm-chile-hotel-focused-choice-cala-2026-05-20
node/11749259443,Cabañas Altos De San Rafael,,Chile,-53.2084623,-70.9435292,medium,55,osm-chile-hotel-focused-choice-cala-2026-05-20
node/11749271998,Cabaña Doña Pepa,,Chile,-53.1981265,-70.9353293,medium,55,osm-chile-hotel-focused-choice-cala-2026-05-20
node/11749272097,Savoy,,Chile,-53.1633183,-70.901721,high,70,osm-chile-hotel-focused-choice-cala-2026-05-20
node/11749272099,Patagonia Apart Hotel,,Chile,-53.1626036,-70.900343,medium,55,osm-chile-hotel-focused-choice-cala-2026-05-20
node/11751805906,Estacion Nautica,,Chile,-53.0652296,-70.8597456,medium,55,osm-chile-hotel-focused-choice-cala-2026-05-20
node/11751805964,Hogar de Juanito,,Chile,-53.1017602,-70.8791337,medium,55,osm-chile-hotel-focused-choice-cala-2026-05-20
node/11770126969,Cabañas Cevallos,,Chile,-33.4401419,-71.6832725,medium,55,osm-chile-hotel-focused-choice-cala-2026-05-20
node/11772796166,Hospedaje Rural,,Chile,-41.2185899,-73.4895096,medium,65,osm-chile-hotel-focused-choice-cala-2026-05-20
node/11774637918,Cabañas Las Escalas,,Chile,-43.1858034,-71.8714417,medium,65,osm-chile-hotel-focused-choice-cala-2026-05-20
node/11774637919,Hotel El Barranco,,Chile,-43.1858081,-71.8721305,high,80,osm-chile-hotel-focused-choice-cala-2026-05-20
node/11807355775,Hotel Bello,,Chile,-38.7422009,-72.5868161,medium,55,osm-chile-hotel-focused-choice-cala-2026-05-20
node/11819632200,Hostal Gipuzkoa,,Chile,-33.031259,-71.5654551,medium,65,osm-chile-hotel-focused-choice-cala-2026-05-20
node/11819632201,Hostal Cotroneo,Viña del Mar,Chile,-33.0309352,-71.5659137,high,85,osm-chile-hotel-focused-choice-cala-2026-05-20
node/11819632202,Hostal del Aguila,,Chile,-33.0312107,-71.5656307,medium,65,osm-chile-hotel-focused-choice-cala-2026-05-20
node/11820046767,Hostal California Inn,,Chile,-33.0269212,-71.565384,medium,65,osm-chile-hotel-focused-choice-cala-2026-05-20
node/11876641206,Terra Sur,,Chile,-38.7460654,-72.5911307,medium,55,osm-chile-hotel-focused-choice-cala-2026-05-20
node/11876749670,Aitúe,,Chile,-38.7410329,-72.5877272,medium,55,osm-chile-hotel-focused-choice-cala-2026-05-20
node/11877212169,Hostal Illuaca,,Chile,-22.9063598,-68.1923033,medium,60,osm-chile-hotel-focused-choice-cala-2026-05-20
node/11879955469,Hostal Pirca,,Chile,-22.9084414,-68.1964139,medium,55,osm-chile-hotel-focused-choice-cala-2026-05-20
node/11882474009,Casa Arrayán Hotel Boutique,,Chile,-33.3646441,-70.4898572,high,80,osm-chile-hotel-focused-choice-cala-2026-05-20
node/11882474018,Hostal Minero La Ermita,,Chile,-33.3648371,-70.385122,high,80,osm-chile-hotel-focused-choice-cala-2026-05-20
node/11954638385,Blue Apart Hotel,,Chile,-32.9742262,-71.5376708,medium,55,osm-chile-hotel-focused-choice-cala-2026-05-20
node/11954638388,Apart & Hotel Costa Reñaca,,Chile,-32.9744874,-71.5378106,medium,55,osm-chile-hotel-focused-choice-cala-2026-05-20
node/11976913539,Atacama Loft & Glamp,,Chile,-22.9227588,-68.2034051,medium,55,osm-chile-hotel-focused-choice-cala-2026-05-20
node/12054153558,Hospedaje Galáctico,,Chile,-33.0330276,-71.6319142,medium,55,osm-chile-hotel-focused-choice-cala-2026-05-20
node/12056063510,Hostel Trekking de la Patagonia,,Chile,-53.1622987,-70.9286155,medium,55,osm-chile-hotel-focused-choice-cala-2026-05-20
node/12066903531,Cabañas Renacer,,Chile,-40.6838762,-72.5982517,medium,55,osm-chile-hotel-focused-choice-cala-2026-05-20
node/12070100351,Biosfera Lodge,,Chile,-33.0025567,-71.1259488,high,75,osm-chile-hotel-focused-choice-cala-2026-05-20
node/12070215077,Hostal La Reina,,Chile,-35.8425868,-71.5912806,medium,55,osm-chile-hotel-focused-choice-cala-2026-05-20
node/12077654568,Hacienda Tres Lagos,,Chile,-46.8950252,-72.788067,high,70,osm-chile-hotel-focused-choice-cala-2026-05-20
node/12077676398,Hosteria Huemules,,Chile,-46.8433542,-72.7018593,medium,55,osm-chile-hotel-focused-choice-cala-2026-05-20
node/12077676399,Camping y Alojamiento,,Chile,-46.8437099,-72.7018043,medium,55,osm-chile-hotel-focused-choice-cala-2026-05-20
node/12077676414,Sol de la Patagonia,,Chile,-46.8459398,-72.7055817,medium,55,osm-chile-hotel-focused-choice-cala-2026-05-20
node/12077676601,Patagonia Acres Lodge,,Chile,-46.6892476,-72.4432206,medium,55,osm-chile-hotel-focused-choice-cala-2026-05-20
node/12079249523,Posada Del Rio,,Chile,-46.5588175,-71.672246,high,70,osm-chile-hotel-focused-choice-cala-2026-05-20
node/12117133582,Hostal Casa Verde,Pichilemu,Chile,-34.4119564,-72.0225591,high,75,osm-chile-hotel-focused-choice-cala-2026-05-20
node/12151694213,Hotel Miramar,,Chile,-41.475028,-72.9487442,medium,55,osm-chile-hotel-focused-choice-cala-2026-05-20
node/12181036162,Cabañas Los Tamarugos,,Chile,-32.1432156,-71.5261084,high,95,osm-chile-hotel-focused-choice-cala-2026-05-20
node/12183041733,Hotel San Felipe,,Chile,-20.2183243,-70.1502424,medium,60,osm-chile-hotel-focused-choice-cala-2026-05-20
node/12209934763,Cabañas Río Maule,,Chile,-35.817309,-70.8293311,medium,55,osm-chile-hotel-focused-choice-cala-2026-05-20
node/12209934764,Cabañas Entre Huasos y Gauchos,,Chile,-35.8174812,-70.8289312,medium,55,osm-chile-hotel-focused-choice-cala-2026-05-20
node/12209934772,Cabañas Alto del Maule,,Chile,-35.8169745,-70.8299881,medium,55,osm-chile-hotel-focused-choice-cala-2026-05-20
node/12211568067,Cabañas Utopía,,Chile,-30.132026,-70.4975027,medium,55,osm-chile-hotel-focused-choice-cala-2026-05-20
node/12212136807,Bellavista Home,,Chile,-33.4311765,-70.630492,medium,55,osm-chile-hotel-focused-choice-cala-2026-05-20
node/12217468714,Hospedaje El Sol,,Chile,-38.9005229,-73.2535244,medium,65,osm-chile-hotel-focused-choice-cala-2026-05-20
node/12219285401,Tulvak Atacama,,Chile,-22.9150765,-68.1926767,medium,55,osm-chile-hotel-focused-choice-cala-2026-05-20
node/12230074101,Antawara Hostel,,Chile,-30.0326432,-70.7158011,medium,60,osm-chile-hotel-focused-choice-cala-2026-05-20
node/12232523001,Puerto de Vega,,Chile,-28.5720463,-70.7649558,high,70,osm-chile-hotel-focused-choice-cala-2026-05-20
node/12246677701,Hostal Misky Wasi,,Chile,-22.9018743,-68.2012295,high,70,osm-chile-hotel-focused-choice-cala-2026-05-20
node/12246850301,El Reloj,,Chile,-45.5707606,-72.0609801,high,75,osm-chile-hotel-focused-choice-cala-2026-05-20
node/12296821052,Hospedaje Oasis Modulares,Calama,Chile,-22.4596608,-68.9278462,high,85,osm-chile-hotel-focused-choice-cala-2026-05-20
node/12301695861,Habitas Atacama,,Chile,-22.9040755,-68.205397,medium,55,osm-chile-hotel-focused-choice-cala-2026-05-20
node/12305194340,Willhouse Hostel,,Chile,-39.2788591,-71.9761782,medium,55,osm-chile-hotel-focused-choice-cala-2026-05-20
node/12312607090,Hotel Solace Santiago,,Chile,-33.4238844,-70.6143714,high,80,osm-chile-hotel-focused-choice-cala-2026-05-20
node/12314213001,Vista al Paine - Refugio de Aventura,,Chile,-51.2405938,-72.9843192,high,70,osm-chile-hotel-focused-choice-cala-2026-05-20
node/12346010801,Residencial Chañarcillo,,Chile,-27.3649855,-70.3397809,medium,60,osm-chile-hotel-focused-choice-cala-2026-05-20
node/12365807501,Hostal y Camping Casa Lili,,Chile,-51.7266341,-72.511391,medium,55,osm-chile-hotel-focused-choice-cala-2026-05-20
node/12368397112,Patagon Backpackers,,Chile,-45.5753325,-72.0685628,medium,55,osm-chile-hotel-focused-choice-cala-2026-05-20
node/12375010737,Aotea Hostel Iquique,Iquique,Chile,-20.2235158,-70.1486226,high,75,osm-chile-hotel-focused-choice-cala-2026-05-20
node/12376164921,Willka Kuti Backpackers,Arica,Chile,-18.4633115,-70.304191,high,85,osm-chile-hotel-focused-choice-cala-2026-05-20
node/12376629101,Cumbres de Atacama,,Chile,-27.3669828,-70.3261656,medium,60,osm-chile-hotel-focused-choice-cala-2026-05-20
node/12382171001,El Paso del Chingue,,Chile,-51.7238501,-72.4944214,medium,60,osm-chile-hotel-focused-choice-cala-2026-05-20
node/12388263381,Hotel Nippon,,Chile,-33.4406131,-70.6351716,medium,55,osm-chile-hotel-focused-choice-cala-2026-05-20
node/12394892394,Hostal y Cabañas Mirando al Mar,,Chile,-41.4688979,-72.9565231,medium,55,osm-chile-hotel-focused-choice-cala-2026-05-20
node/12401235401,Hospedaje Republica cerca del Aeropuerto,,Chile,-33.4491701,-70.6659191,medium,55,osm-chile-hotel-focused-choice-cala-2026-05-20
node/12403755501,Karol Hostal B&B,,Chile,-53.1618423,-70.9022522,high,75,osm-chile-hotel-focused-choice-cala-2026-05-20
node/12405477001,Cabaña Ambar,,Chile,-47.7958993,-73.5332209,medium,65,osm-chile-hotel-focused-choice-cala-2026-05-20
node/12409435901,Origenes hostel,,Chile,-33.4390504,-70.6702131,medium,55,osm-chile-hotel-focused-choice-cala-2026-05-20
node/12414178820,La Casa Piola,Valparaíso,Chile,-33.0477746,-71.6262395,high,85,osm-chile-hotel-focused-choice-cala-2026-05-20
node/12431783466,Cabaña & Hospedaje Albita,,Chile,-47.805096,-73.5435708,medium,55,osm-chile-hotel-focused-choice-cala-2026-05-20
node/12434792601,Cabañas Yagan,,Chile,-43.9726057,-72.4067718,medium,55,osm-chile-hotel-focused-choice-cala-2026-05-20
node/12441836510,Hospedaje Picoyo,,Chile,-39.2813559,-71.9663005,medium,60,osm-chile-hotel-focused-choice-cala-2026-05-20
node/12461021001,Hosteria Lenca,,Chile,-41.6049886,-72.652941,medium,60,osm-chile-hotel-focused-choice-cala-2026-05-20
node/12461925501,Posada Atacameña hostel,,Chile,-22.9084362,-68.1980353,medium,55,osm-chile-hotel-focused-choice-cala-2026-05-20
node/12464115732,Hospedaje Tio Valentin,,Chile,-33.6422842,-70.3547225,medium,65,osm-chile-hotel-focused-choice-cala-2026-05-20
node/12464115739,Residencial Don Beto,,Chile,-33.6450485,-70.3540032,medium,55,osm-chile-hotel-focused-choice-cala-2026-05-20
node/12466045970,Aska Patagonia,,Chile,-53.1553432,-70.9041645,medium,60,osm-chile-hotel-focused-choice-cala-2026-05-20
node/12466072322,Hostal Reymer,,Chile,-51.7308952,-72.5013281,medium,60,osm-chile-hotel-focused-choice-cala-2026-05-20
node/12466076424,Isla Yu Patagonia,,Chile,-51.7347219,-72.4820242,high,70,osm-chile-hotel-focused-choice-cala-2026-05-20
node/12466134475,Calafate Apart Hotel,,Chile,-45.5932239,-72.1182382,medium,55,osm-chile-hotel-focused-choice-cala-2026-05-20
node/12467367201,Hostal Lago Cóndor Patagonia,,Chile,-51.7347337,-72.4880809,high,85,osm-chile-hotel-focused-choice-cala-2026-05-20
node/12467513170,endémiko,,Chile,-38.474276,-71.5494195,high,90,osm-chile-hotel-focused-choice-cala-2026-05-20
node/12472835901,Islanet Hostel,,Chile,-41.4708721,-72.9343381,medium,60,osm-chile-hotel-focused-choice-cala-2026-05-20
node/12476332628,Benjamin,,Chile,-20.7035073,-70.1871639,medium,55,osm-chile-hotel-focused-choice-cala-2026-05-20
node/12480648448,Loft Alto,Pichilemu,Chile,-34.4810433,-71.9063736,high,85,osm-chile-hotel-focused-choice-cala-2026-05-20
node/12503354027,duub Hostel & Cabañas,Las Trancas,Chile,-36.9080736,-71.5241024,high,95,osm-chile-hotel-focused-choice-cala-2026-05-20
node/12526217014,Jardín Silvestre,,Chile,-34.4373118,-72.0195695,medium,55,osm-chile-hotel-focused-choice-cala-2026-05-20
node/12534458102,Ckoinatur Hostel,,Chile,-22.9113244,-68.195142,medium,60,osm-chile-hotel-focused-choice-cala-2026-05-20
node/12587547601,Hospedaje Ely,,Chile,-42.9253546,-72.7091312,medium,60,osm-chile-hotel-focused-choice-cala-2026-05-20
node/12599898101,cabañas Monte Verde,,Chile,-45.5539972,-72.0768033,medium,65,osm-chile-hotel-focused-choice-cala-2026-05-20
node/12608942157,Hotel Max & Mar,,Chile,-34.3851682,-72.0033434,medium,55,osm-chile-hotel-focused-choice-cala-2026-05-20
node/12616320812,Pacifico,,Chile,-33.9614206,-71.8739153,medium,55,osm-chile-hotel-focused-choice-cala-2026-05-20
node/12644470601,Aquí estuvimos,,Chile,-51.7255579,-72.5120143,medium,55,osm-chile-hotel-focused-choice-cala-2026-05-20
node/12644477301,Hostal Erika,,Chile,-41.3223948,-72.9781943,medium,60,osm-chile-hotel-focused-choice-cala-2026-05-20
node/12649671878,Cabañas Anríquez Licanray,,Chile,-39.4865964,-72.1616913,high,70,osm-chile-hotel-focused-choice-cala-2026-05-20
node/12663433217,Hotel Aldea del Mar,PICHILEMU,Chile,-34.3899782,-72.0218028,high,75,osm-chile-hotel-focused-choice-cala-2026-05-20
node/12686082820,Hostal Erratic Rock,Puerto Natales,Chile,-51.7302138,-72.4934871,high,100,osm-chile-hotel-focused-choice-cala-2026-05-20
node/12724238790,Alessandria Apart - El Bosque Norte,,Chile,-33.4173402,-70.599742,high,70,osm-chile-hotel-focused-choice-cala-2026-05-20
node/12737457936,Hotel Plaza Los Leones,Curanilahue,Chile,-37.475914,-73.3451086,high,75,osm-chile-hotel-focused-choice-cala-2026-05-20
node/12754478453,Hostel 1760,,Chile,-35.4304453,-71.6513754,medium,60,osm-chile-hotel-focused-choice-cala-2026-05-20
node/12813530001,Casa de la Nani,,Chile,-22.9076339,-68.2024599,medium,55,osm-chile-hotel-focused-choice-cala-2026-05-20
node/12818390301,Hotel Asia Pacifico,,Chile,-33.4486515,-70.6757982,high,75,osm-chile-hotel-focused-choice-cala-2026-05-20
node/12823549303,Hostal Plaza,,Chile,-32.8733384,-71.234217,medium,55,osm-chile-hotel-focused-choice-cala-2026-05-20
node/12829449163,Hotel Los Troncos,Melipilla,Chile,-33.680846,-71.2145957,high,100,osm-chile-hotel-focused-choice-cala-2026-05-20
node/12829449164,Hostal Pomaire,,Chile,-33.6519495,-71.152943,medium,65,osm-chile-hotel-focused-choice-cala-2026-05-20
node/12829468033,Lodge & Spa Villa Alegre,,Chile,-33.6329765,-71.2478482,medium,65,osm-chile-hotel-focused-choice-cala-2026-05-20
node/12837580430,Cabaña Hostal Plaza Maule,,Chile,-35.4137541,-71.6230421,medium,55,osm-chile-hotel-focused-choice-cala-2026-05-20
node/12840516001,Hostal Grancasona,,Chile,-20.2169043,-70.1519438,medium,55,osm-chile-hotel-focused-choice-cala-2026-05-20
node/12879210609,Cabañas Huelemu,,Chile,-39.2759503,-71.9588037,medium,55,osm-chile-hotel-focused-choice-cala-2026-05-20
node/12879464968,Hotel Terra,Combarbalá,Chile,-31.1786569,-71.0038315,high,75,osm-chile-hotel-focused-choice-cala-2026-05-20
node/12896747676,Residencial Metro Republica,,Chile,-33.4491589,-70.6692204,medium,60,osm-chile-hotel-focused-choice-cala-2026-05-20
node/12911719301,Pensión sra Miriam,,Chile,-25.0082465,-70.4651208,medium,55,osm-chile-hotel-focused-choice-cala-2026-05-20
node/12943535838,360 Lodge Pichilemu,"Cahuil, Pichilemu, O'Higgins, Chile",Chile,-34.5038113,-72.018244,high,100,osm-chile-hotel-focused-choice-cala-2026-05-20
node/13014637690,Hotel Go-Go,,Chile,-32.9913514,-71.1835071,medium,55,osm-chile-hotel-focused-choice-cala-2026-05-20
node/13027142456,Cabañas El Llano de Chacayes,,Chile,-34.252189,-70.4826305,medium,65,osm-chile-hotel-focused-choice-cala-2026-05-20
node/13034080636,Cabañas Bosque Patagón,,Chile,-44.7262728,-72.6816307,medium,55,osm-chile-hotel-focused-choice-cala-2026-05-20
node/13034080656,Residencial Monchito,,Chile,-44.7335279,-72.678121,medium,65,osm-chile-hotel-focused-choice-cala-2026-05-20
node/13034080658,Cabañas Brisas del Sur,,Chile,-44.7359164,-72.6823862,medium,55,osm-chile-hotel-focused-choice-cala-2026-05-20
node/13034080663,Cabañas Cumbres 337,,Chile,-44.7315165,-72.6752722,medium,55,osm-chile-hotel-focused-choice-cala-2026-05-20
node/13034080665,Hostal Chucaita,,Chile,-44.7312333,-72.6740779,medium,65,osm-chile-hotel-focused-choice-cala-2026-05-20
node/13038384576,Hospedaje y Agrocamping Relmucura,,Chile,-38.8523113,-71.6827051,high,70,osm-chile-hotel-focused-choice-cala-2026-05-20
node/13050199219,Hotel Rangi Pucon,Pucón,CL,-39.2740598,-71.974622,high,75,osm-chile-hotel-focused-choice-cala-2026-05-20
node/13069264301,Hostal Sol de Atacama,,Chile,-27.3823944,-70.3193364,medium,55,osm-chile-hotel-focused-choice-cala-2026-05-20
node/13069885222,Capital Hotel Bellet,Providencia,Chile,-33.4260637,-70.6172641,high,75,osm-chile-hotel-focused-choice-cala-2026-05-20
node/13108910481,Motel Dunga Dunga,,Chile,-34.9525588,-71.1905574,medium,55,osm-chile-hotel-focused-choice-cala-2026-05-20
node/13120325702,Hostal Angy,,Chile,-34.3935291,-72.0226952,medium,65,osm-chile-hotel-focused-choice-cala-2026-05-20
node/13159599921,Cabañas Victoria,,Chile,-32.6931098,-71.406844,medium,55,osm-chile-hotel-focused-choice-cala-2026-05-20
node/13163874740,Residencial El Cobre,San Vicente de Taguatagua,Chile,-34.4408747,-71.0723898,high,75,osm-chile-hotel-focused-choice-cala-2026-05-20
node/13165887540,VIP Apartments Chile,Santiago,Chile,-33.4403127,-70.6566749,high,100,osm-chile-hotel-focused-choice-cala-2026-05-20
node/13244550629,Hostal Sol de Oriente,Puerto Montt,Chile,-41.4539338,-72.9267129,high,90,osm-chile-hotel-focused-choice-cala-2026-05-20
node/13254644539,Hospedaje Marluz,Coyhaique,Chile,-45.5748198,-72.070458,high,100,osm-chile-hotel-focused-choice-cala-2026-05-20
node/13259750770,Cabañas La Vega,,Chile,-41.9692227,-72.4777736,medium,55,osm-chile-hotel-focused-choice-cala-2026-05-20
node/13260610887,Hostal Malu,,Chile,-22.9125022,-68.1937031,medium,55,osm-chile-hotel-focused-choice-cala-2026-05-20
node/13270937735,El Fogón,,Chile,-47.2495599,-72.5590821,medium,55,osm-chile-hotel-focused-choice-cala-2026-05-20
node/13270961034,Hospedaje y Restaurant Catalina,,Chile,-47.2507151,-72.5713505,high,70,osm-chile-hotel-focused-choice-cala-2026-05-20
node/13271206206,Hostal Casa Raíces,,Chile,-47.251214,-72.5683417,high,70,osm-chile-hotel-focused-choice-cala-2026-05-20
node/13289958825,Hostal Brisa Serena Aeropuerto,,Chile,-33.4509901,-70.7665082,medium,60,osm-chile-hotel-focused-choice-cala-2026-05-20
node/13291195101,Conrado Hotel,,Chile,-40.578738,-73.13008,medium,60,osm-chile-hotel-focused-choice-cala-2026-05-20
node/13326962532,Casa del Ciclista San Antonio,,Chile,-33.6110611,-71.6083145,high,70,osm-chile-hotel-focused-choice-cala-2026-05-20
node/13330237125,Viento Bravo,Pichilemu,Chile,-34.3941946,-72.0231951,high,100,osm-chile-hotel-focused-choice-cala-2026-05-20
node/13356328516,Motel Los Aromos,,Chile,-33.7605846,-70.8086799,medium,65,osm-chile-hotel-focused-choice-cala-2026-05-20
node/13359644401,Vincenza 562,,Chile,-29.8973202,-71.264626,medium,55,osm-chile-hotel-focused-choice-cala-2026-05-20
node/13359973201,Hostal Sinaí,,Chile,-38.1964949,-72.9927601,medium,55,osm-chile-hotel-focused-choice-cala-2026-05-20
node/13362466431,EcoLodge Baita,,Chile,-38.7275264,-71.6253233,medium,55,osm-chile-hotel-focused-choice-cala-2026-05-20
node/13371711785,Hostal Omama,,Chile,-38.2495613,-72.662941,high,80,osm-chile-hotel-focused-choice-cala-2026-05-20
node/13387173501,Hospedaje Las Dalias,,Chile,-40.6824597,-72.6011399,medium,55,osm-chile-hotel-focused-choice-cala-2026-05-20
node/13388713662,Hostal Quechupehuen,,Chile,-39.3579369,-71.5899353,high,80,osm-chile-hotel-focused-choice-cala-2026-05-20
node/13390616869,Hostel Merced 88,,Chile,-33.4369969,-70.6365833,medium,60,osm-chile-hotel-focused-choice-cala-2026-05-20
node/13397495895,Lucky’s Hostel,,Chile,-39.2719383,-71.9721909,high,80,osm-chile-hotel-focused-choice-cala-2026-05-20
node/13409786620,Cabaña y Camping La Playa,,Chile,-44.3570012,-72.5649428,medium,55,osm-chile-hotel-focused-choice-cala-2026-05-20
node/13409786621,Cabañas BYGMAS,,Chile,-44.3515673,-72.5705449,medium,55,osm-chile-hotel-focused-choice-cala-2026-05-20
node/13409786622,Eco Cabañas Wanderlust,,Chile,-44.3317896,-72.5572695,medium,55,osm-chile-hotel-focused-choice-cala-2026-05-20
node/13409786623,RÜPÜ Puyuhuapi Cabañas,,Chile,-44.3292342,-72.5550169,medium,55,osm-chile-hotel-focused-choice-cala-2026-05-20
node/13409786625,Cabaña Mama Pasca,,Chile,-44.3253733,-72.5552294,medium,55,osm-chile-hotel-focused-choice-cala-2026-05-20
node/13409786626,Cabañas Victoria,,Chile,-44.3255676,-72.5534468,medium,55,osm-chile-hotel-focused-choice-cala-2026-05-20
node/13409786628,Cabañas Tía Berta,,Chile,-44.3230125,-72.5558853,medium,55,osm-chile-hotel-focused-choice-cala-2026-05-20
node/13409786630,Cabañas El Canelo,,Chile,-44.3247033,-72.5576251,medium,55,osm-chile-hotel-focused-choice-cala-2026-05-20
node/13409786633,Cabaña Carmencita,,Chile,-44.3224882,-72.562725,medium,65,osm-chile-hotel-focused-choice-cala-2026-05-20
node/13411795151,Piedra de Cóndores,,Chile,-46.5247872,-72.7253518,medium,65,osm-chile-hotel-focused-choice-cala-2026-05-20
node/13411795153,Cabaña Ecológica,,Chile,-46.4691463,-72.7040432,medium,55,osm-chile-hotel-focused-choice-cala-2026-05-20
node/13411795154,Patagonia Bay Lodge,,Chile,-46.4675587,-72.7027017,medium,65,osm-chile-hotel-focused-choice-cala-2026-05-20
node/13411795156,Cabañas Donde Los Tulipanes,,Chile,-46.4607792,-72.6700557,medium,55,osm-chile-hotel-focused-choice-cala-2026-05-20
node/13411795160,Cabañas La Cascada,,Chile,-46.459122,-72.6740303,medium,55,osm-chile-hotel-focused-choice-cala-2026-05-20
node/13411795161,Cabaña El Ciprés,,Chile,-46.4585449,-72.6735407,medium,55,osm-chile-hotel-focused-choice-cala-2026-05-20
node/13411795162,Cabañas La Aurora,,Chile,-46.4586234,-72.6702951,medium,65,osm-chile-hotel-focused-choice-cala-2026-05-20
node/13414431084,Teluj Patagonia,,Chile,-46.5908109,-72.5794914,medium,65,osm-chile-hotel-focused-choice-cala-2026-05-20
node/13414431085,Cabaña Julia,,Chile,-46.5912901,-72.579363,medium,65,osm-chile-hotel-focused-choice-cala-2026-05-20
node/13414431086,Cabañas Francisca,,Chile,-46.5910969,-72.578435,medium,55,osm-chile-hotel-focused-choice-cala-2026-05-20
node/13421270900,Hostería Iloca,,Chile,-34.940227,-72.184293,medium,60,osm-chile-hotel-focused-choice-cala-2026-05-20
node/13423065501,Punto Rockstar Osorno - Hostal,Osorno,CL,-40.5809809,-73.1310824,high,100,osm-chile-hotel-focused-choice-cala-2026-05-20
node/13424230501,Aldea del Sur Hostel,,Chile,-53.1489202,-70.9156433,high,75,osm-chile-hotel-focused-choice-cala-2026-05-20
node/13424233801,Gauchito Patagón,,Chile,-53.1522499,-70.8991495,medium,55,osm-chile-hotel-focused-choice-cala-2026-05-20
node/13436885436,Baquedano Boulevard,,Chile,-20.2219399,-70.1520165,medium,55,osm-chile-hotel-focused-choice-cala-2026-05-20
node/13451246668,Camping Las Carretas,,Chile,-42.9147849,-72.7063253,medium,55,osm-chile-hotel-focused-choice-cala-2026-05-20
node/13451268897,Hospedaje la Madre,,Chile,-42.9187106,-72.7109696,medium,55,osm-chile-hotel-focused-choice-cala-2026-05-20
node/13451483822,Cabañas Huife,,Chile,-39.2252314,-71.6793819,medium,55,osm-chile-hotel-focused-choice-cala-2026-05-20
node/13451797601,Hostal Las Cornizas de Catarpe,,Chile,-22.913525,-68.2007641,high,70,osm-chile-hotel-focused-choice-cala-2026-05-20
node/13456220190,Centro Montt,,Chile,-38.7378456,-72.5924873,medium,55,osm-chile-hotel-focused-choice-cala-2026-05-20
node/13457069193,Casa,,Chile,-42.9122564,-72.709622,medium,55,osm-chile-hotel-focused-choice-cala-2026-05-20
node/13457075088,Hostal Entre Volcanes,,Chile,-42.9186902,-72.706934,medium,55,osm-chile-hotel-focused-choice-cala-2026-05-20
node/13458541239,Del Centro,,Chile,-38.7362979,-72.5847006,medium,55,osm-chile-hotel-focused-choice-cala-2026-05-20
node/13458541240,Aldunate 187,,Chile,-38.7353677,-72.5867511,medium,55,osm-chile-hotel-focused-choice-cala-2026-05-20
node/13458541241,La Familia,,Chile,-38.7338774,-72.5866971,medium,55,osm-chile-hotel-focused-choice-cala-2026-05-20
node/13461285901,Hostal Donde Kike,,Chile,-51.7289321,-72.4994615,high,70,osm-chile-hotel-focused-choice-cala-2026-05-20
node/13471508877,Hotel Punakora Aconcagua,San Felipe,Chile,-32.8054656,-70.6516573,high,100,osm-chile-hotel-focused-choice-cala-2026-05-20
node/13482328174,Hostal Bella Vista,,Chile,-44.7251185,-72.6830429,medium,55,osm-chile-hotel-focused-choice-cala-2026-05-20
node/13482905901,Hostel Rosa de los Vientos,,Chile,-51.7364454,-72.4957003,medium,60,osm-chile-hotel-focused-choice-cala-2026-05-20
node/13505193001,Hospedaje Maria Elena,,Chile,-45.5834521,-72.0541065,medium,60,osm-chile-hotel-focused-choice-cala-2026-05-20
node/13505195501,Hospedaje de la Abu,,Chile,-45.5853623,-72.026539,medium,60,osm-chile-hotel-focused-choice-cala-2026-05-20
node/13505200801,Precioso Alojamiento,,Chile,-45.5721732,-72.0767943,medium,60,osm-chile-hotel-focused-choice-cala-2026-05-20
node/13505202702,Casa Quilanto,,Chile,-45.5769437,-72.0475277,medium,60,osm-chile-hotel-focused-choice-cala-2026-05-20
node/13505220801,Hostal Esquina Patagónica,,Chile,-45.577105,-72.067231,medium,60,osm-chile-hotel-focused-choice-cala-2026-05-20
node/13507827844,Orgánica Lodge Hotel Boutique,,Chile,-30.0157525,-70.6094527,medium,60,osm-chile-hotel-focused-choice-cala-2026-05-20
node/13515701282,Carrera,,Chile,-45.573937,-72.0734017,medium,55,osm-chile-hotel-focused-choice-cala-2026-05-20
node/13515744291,Turi Atacama,,Chile,-22.9124966,-68.2045953,medium,60,osm-chile-hotel-focused-choice-cala-2026-05-20
node/13515744847,Hospedaje Calafate,,Chile,-45.5740333,-72.0734479,medium,55,osm-chile-hotel-focused-choice-cala-2026-05-20
node/13517006664,Taha Tai Hotel,Haŋa Roa,Chile,-27.150225,-109.4350247,high,100,osm-chile-hotel-focused-choice-cala-2026-05-20
node/13517115902,Hospedaje Mirador Quellón,,Chile,-43.1156197,-73.6297216,medium,55,osm-chile-hotel-focused-choice-cala-2026-05-20
node/13520426792,Sea Lodge Algarrobo,Algarrobo,Chile,-33.3556434,-71.6525638,high,75,osm-chile-hotel-focused-choice-cala-2026-05-20
node/13522916495,Winery Hotel Boutique,Algarrobo,Chile,-33.36402,-71.6714971,high,75,osm-chile-hotel-focused-choice-cala-2026-05-20
node/13522916598,Hostal 180 Grados,Algarrobo,Chile,-33.3647797,-71.6671113,high,75,osm-chile-hotel-focused-choice-cala-2026-05-20
node/13523112501,Lodge El Taique,,Chile,-40.7796099,-72.4043545,medium,55,osm-chile-hotel-focused-choice-cala-2026-05-20
node/13524968487,Natureza,,Chile,-47.7970717,-73.5341086,medium,55,osm-chile-hotel-focused-choice-cala-2026-05-20
node/13525015090,Camino Viejo,,Chile,-38.68112,-72.5109724,medium,55,osm-chile-hotel-focused-choice-cala-2026-05-20
node/13525024268,Cruce Lago Vargas,,Chile,-47.7044242,-73.0770785,medium,65,osm-chile-hotel-focused-choice-cala-2026-05-20
node/13525033494,Las Muñecas,,Chile,-38.7282009,-72.5806445,medium,55,osm-chile-hotel-focused-choice-cala-2026-05-20
node/13525269053,Casa Kika Patagonia,,Chile,-45.4615248,-72.8145485,medium,55,osm-chile-hotel-focused-choice-cala-2026-05-20
node/13525649599,Estación Hostel,Castro,Chile,-42.4787203,-73.7607894,high,100,osm-chile-hotel-focused-choice-cala-2026-05-20
node/13531601343,Bosque Mágico Hostel,,Chile,-43.9756458,-72.4082306,high,70,osm-chile-hotel-focused-choice-cala-2026-05-20
node/13539356401,Alta Frontera Hostal,,Chile,-37.4740823,-72.3497755,high,85,osm-chile-hotel-focused-choice-cala-2026-05-20
node/13544550140,Hostal Patagonia Heritage Home,,Chile,-53.1545368,-70.909867,high,80,osm-chile-hotel-focused-choice-cala-2026-05-20
node/13544724651,Playa,,Chile,-43.1207198,-73.6203333,medium,55,osm-chile-hotel-focused-choice-cala-2026-05-20
node/13544760815,Mitos,,Chile,-43.1202952,-73.6162402,medium,55,osm-chile-hotel-focused-choice-cala-2026-05-20
node/13547253201,Hotel Plaza Pinto,Los Ángeles,Chile,-37.4762647,-72.3511126,high,85,osm-chile-hotel-focused-choice-cala-2026-05-20
node/13556427301,Loft Hotel by Sommelier Hoteles,,Chile,-33.4395501,-70.6454736,high,70,osm-chile-hotel-focused-choice-cala-2026-05-20
node/13556442701,Hostal los Guindos,,Chile,-38.7289866,-72.5986152,high,70,osm-chile-hotel-focused-choice-cala-2026-05-20
node/13563250842,Hospedaje El Canelo,Melipeuco,Chile,-38.848929,-71.6895957,high,75,osm-chile-hotel-focused-choice-cala-2026-05-20
node/13564369573,BW Ferrat Hotel,,Chile,-38.7319017,-72.6172255,medium,55,osm-chile-hotel-focused-choice-cala-2026-05-20
node/13564617615,Bellavista,,Chile,-38.7333489,-72.6122819,medium,55,osm-chile-hotel-focused-choice-cala-2026-05-20
node/13577850501,Hostal Micielo,,Chile,-39.2855029,-72.2264946,medium,60,osm-chile-hotel-focused-choice-cala-2026-05-20
node/13583034691,Valyes,,Chile,-42.3788983,-73.650954,medium,55,osm-chile-hotel-focused-choice-cala-2026-05-20
node/13583035432,Nercon,,Chile,-42.5022685,-73.7843658,medium,55,osm-chile-hotel-focused-choice-cala-2026-05-20
node/13583114956,Lüfkümen,,Chile,-42.3788463,-73.6497331,medium,55,osm-chile-hotel-focused-choice-cala-2026-05-20
node/13583125055,Emarley,,Chile,-42.6214079,-73.7697839,medium,55,osm-chile-hotel-focused-choice-cala-2026-05-20
node/13583413791,The Veat,,Chile,-51.7255766,-72.509252,high,85,osm-chile-hotel-focused-choice-cala-2026-05-20
node/13583413792,Wild,,Chile,-51.7274105,-72.5038596,high,75,osm-chile-hotel-focused-choice-cala-2026-05-20
node/13591224601,Hotel La Casa Temuco,,Chile,-38.7344485,-72.5956514,medium,60,osm-chile-hotel-focused-choice-cala-2026-05-20
node/13591537453,Hostel Natales,,Chile,-51.7278435,-72.5120168,high,85,osm-chile-hotel-focused-choice-cala-2026-05-20
node/13591676502,Hotel Cafetería La Otra Hacienda,,Chile,-40.7938881,-73.2135032,high,70,osm-chile-hotel-focused-choice-cala-2026-05-20
node/13593394454,Queltehue,,Chile,-41.8638008,-73.8276982,medium,55,osm-chile-hotel-focused-choice-cala-2026-05-20
node/13610211301,Hospedaje La Madre,,Chile,-42.9186966,-72.7109808,high,70,osm-chile-hotel-focused-choice-cala-2026-05-20
node/13619077517,Temuco,,Chile,-38.7198558,-72.5680632,medium,55,osm-chile-hotel-focused-choice-cala-2026-05-20
node/13621058536,Hostal Inglaterra,,Chile,-38.7333568,-72.6078761,medium,55,osm-chile-hotel-focused-choice-cala-2026-05-20
node/13625437401,Hostal Paragonia,,Chile,-39.4913207,-72.154229,medium,55,osm-chile-hotel-focused-choice-cala-2026-05-20
node/13625827801,Millantue,,Chile,-39.2033741,-71.8128224,medium,55,osm-chile-hotel-focused-choice-cala-2026-05-20
node/13644238585,Hostal Bulnes,,Chile,-38.7440895,-72.5906035,medium,55,osm-chile-hotel-focused-choice-cala-2026-05-20
node/13649957201,Casa Mondrian,,Chile,-33.4369959,-70.616611,medium,60,osm-chile-hotel-focused-choice-cala-2026-05-20
node/13665311841,Cabañas El Volcán,,Chile,-39.286522,-72.2270924,medium,55,osm-chile-hotel-focused-choice-cala-2026-05-20
node/13665316404,Kila Ruka,,Chile,-39.2852491,-72.2275162,medium,55,osm-chile-hotel-focused-choice-cala-2026-05-20
node/13665684065,Casa Vieja,,Chile,-39.2889215,-72.2245717,medium,55,osm-chile-hotel-focused-choice-cala-2026-05-20
node/13665690036,Cabañas Ruca Quimey,,Chile,-39.2865401,-72.2231883,medium,55,osm-chile-hotel-focused-choice-cala-2026-05-20
node/13665690302,Claro de Luna,,Chile,-39.2853956,-72.2232332,medium,55,osm-chile-hotel-focused-choice-cala-2026-05-20
node/13667776293,Andes Lodge,Cochamó,Chile,-41.6806854,-72.3740591,high,75,osm-chile-hotel-focused-choice-cala-2026-05-20
node/13667776294,Hostal Monte Verde,Cochamó,Chile,-41.684291,-72.3729942,high,75,osm-chile-hotel-focused-choice-cala-2026-05-20
node/13674576801,Cabañas Cerro Color,,Chile,-46.9245237,-72.7937874,high,85,osm-chile-hotel-focused-choice-cala-2026-05-20
node/13685571601,Camino del Río,,Chile,-39.8403559,-73.2734621,medium,60,osm-chile-hotel-focused-choice-cala-2026-05-20
node/13699047048,Hotel Madero,Talca,Chile,-35.4192368,-71.6619883,high,100,osm-chile-hotel-focused-choice-cala-2026-05-20
node/13699439841,El Cristo,,Chile,-38.4409232,-72.4156565,medium,55,osm-chile-hotel-focused-choice-cala-2026-05-20
node/13726778601,Hotel Ochen,,Chile,-53.1618149,-70.9063315,medium,60,osm-chile-hotel-focused-choice-cala-2026-05-20
node/13731116002,Cabaña Inés,,Chile,-38.7884198,-73.3982652,medium,55,osm-chile-hotel-focused-choice-cala-2026-05-20
node/13731117501,Cabañas,,Chile,-38.7938558,-73.3998315,medium,55,osm-chile-hotel-focused-choice-cala-2026-05-20
node/13731117801,Posada,,Chile,-38.7853435,-73.3989207,medium,55,osm-chile-hotel-focused-choice-cala-2026-05-20
node/13731184801,Pichi-ruka,,Chile,-38.7791286,-73.4009445,medium,55,osm-chile-hotel-focused-choice-cala-2026-05-20
node/13731255601,Bungalow by Toore Patagonia,,Chile,-51.7262017,-72.5099399,medium,60,osm-chile-hotel-focused-choice-cala-2026-05-20
node/13736621801,Lodge Atacama Horse,,Chile,-22.9193826,-68.2085429,medium,55,osm-chile-hotel-focused-choice-cala-2026-05-20
node/13767916394,Montemar,,Chile,-33.4584342,-71.6607567,medium,55,osm-chile-hotel-focused-choice-cala-2026-05-20
node/13778111640,Severino Rotelli,,Chile,-33.4195419,-71.6959253,medium,55,osm-chile-hotel-focused-choice-cala-2026-05-20
node/13785258505,Camy,,Chile,-38.7439092,-72.5881329,medium,55,osm-chile-hotel-focused-choice-cala-2026-05-20
node/13787007401,Illariy Wasi Hostal,,Chile,-18.4753684,-70.3160349,medium,55,osm-chile-hotel-focused-choice-cala-2026-05-20
node/13788223877,Libertad,,Chile,-33.3956159,-71.6926498,medium,55,osm-chile-hotel-focused-choice-cala-2026-05-20
node/13788232940,Capitán Gepo,,Chile,-33.3957268,-71.6940287,medium,55,osm-chile-hotel-focused-choice-cala-2026-05-20
node/13796396281,Arenas del Mar,,Chile,-33.0251731,-71.5433275,medium,60,osm-chile-hotel-focused-choice-cala-2026-05-20
way/25107520,The Ritz-Carlton,Las Condes,Chile,-33.4159622,-70.5952379,high,100,osm-chile-hotel-focused-choice-cala-2026-05-20
way/28355923,Robledal,,Chile,-36.916723,-71.4963673,high,70,osm-chile-hotel-focused-choice-cala-2026-05-20
way/40524258,Hotel Director,Las Condes,Chile,-33.4162771,-70.5984624,high,90,osm-chile-hotel-focused-choice-cala-2026-05-20
way/44638617,Novotel,,Chile,-33.4066726,-70.5761518,high,70,osm-chile-hotel-focused-choice-cala-2026-05-20
way/48270255,Hotel Los Nogales,Providencia,CL,-33.4268605,-70.6048361,high,75,osm-chile-hotel-focused-choice-cala-2026-05-20
way/51866555,Hotel Casa Pucclliana,,Chile,-35.3296307,-72.4306407,medium,55,osm-chile-hotel-focused-choice-cala-2026-05-20
way/56177875,W Hotels,Las Condes,CL,-33.4139112,-70.5983921,high,95,osm-chile-hotel-focused-choice-cala-2026-05-20
way/64877555,Santiago Park Plaza,Providencia,CL,-33.4237959,-70.6093895,high,75,osm-chile-hotel-focused-choice-cala-2026-05-20
way/64877610,Hotel Torre Mayor,Providencia,CL,-33.4245764,-70.6082827,high,75,osm-chile-hotel-focused-choice-cala-2026-05-20
way/64880629,Radisson,Huechuraba,Chile,-33.3896171,-70.619409,high,85,osm-chile-hotel-focused-choice-cala-2026-05-20
way/85033582,El Bosque Suites,Las Condes,Chile,-33.4151169,-70.6042808,high,75,osm-chile-hotel-focused-choice-cala-2026-05-20
way/89069041,Diego de Almagro,Talca,Chile,-35.4215768,-71.6617706,high,100,osm-chile-hotel-focused-choice-cala-2026-05-20
way/89381595,Las Vicuñas,Putre,Chile,-18.1960304,-69.5545611,high,75,osm-chile-hotel-focused-choice-cala-2026-05-20
way/89636923,Gran Hotel Vicente Costanera,Puerto Montt,Chile,-41.4725682,-72.9408351,high,75,osm-chile-hotel-focused-choice-cala-2026-05-20
way/90959400,Termas de Colina,,Chile,-33.1834513,-70.5989747,medium,55,osm-chile-hotel-focused-choice-cala-2026-05-20
way/91079014,NH Antofagasta,Antofagasta,Chile,-23.6816477,-70.414293,high,100,osm-chile-hotel-focused-choice-cala-2026-05-20
way/93168740,Hotel Agora,Viña del Mar,CL,-33.0188878,-71.5579195,high,75,osm-chile-hotel-focused-choice-cala-2026-05-20
way/96757618,Hotel Atton El Bosque,Las Condes,Chile,-33.4165374,-70.6012279,high,75,osm-chile-hotel-focused-choice-cala-2026-05-20
way/96762568,InterContinental Santiago,Las Condes,Chile,-33.4131262,-70.6029768,high,85,osm-chile-hotel-focused-choice-cala-2026-05-20
way/96762581,Holiday Inn Express - Santiago El Golf,Las Condes,Chile,-33.411817,-70.6025256,high,85,osm-chile-hotel-focused-choice-cala-2026-05-20
way/97509060,Hotel Alto Nevados,Pinto,Chile,-36.9031947,-71.4088612,high,75,osm-chile-hotel-focused-choice-cala-2026-05-20
way/97509064,Nevados de Chillán,,Chile,-36.9073513,-71.4196529,high,70,osm-chile-hotel-focused-choice-cala-2026-05-20
way/97509069,Hotel Termas Chillán,Las Termas de Chillán,Chile,-36.9097522,-71.4184595,high,90,osm-chile-hotel-focused-choice-cala-2026-05-20
way/101886327,Mi Lodge,,Chile,-36.9010832,-71.4894458,high,70,osm-chile-hotel-focused-choice-cala-2026-05-20
way/108528487,Hotel & Spa Monticello,Mostazal,Chile,-33.920608,-70.723289,high,95,osm-chile-hotel-focused-choice-cala-2026-05-20
way/109688240,Panamericana Hotel Antofagasta,,Chile,-23.6451401,-70.4004914,medium,55,osm-chile-hotel-focused-choice-cala-2026-05-20
way/109908257,Holiday Inn,,Chile,-36.7932738,-73.0636382,high,80,osm-chile-hotel-focused-choice-cala-2026-05-20
way/110280669,Holiday Inn Aeropuerto Santiago,Pudahuel,Chile,-33.3978354,-70.7936797,high,100,osm-chile-hotel-focused-choice-cala-2026-05-20
way/111496924,Portal del Inca,,Chile,-27.0716197,-70.8265037,medium,60,osm-chile-hotel-focused-choice-cala-2026-05-20
way/111500328,Rocas de Bahía,,Chile,-27.1023078,-70.8571656,medium,55,osm-chile-hotel-focused-choice-cala-2026-05-20
way/111608957,Pullman,Viña del Mar,CL,-33.0148292,-71.5558497,high,95,osm-chile-hotel-focused-choice-cala-2026-05-20
way/111626322,Hostelling Valle las Trancas,,Chile,-36.9106781,-71.4787638,medium,55,osm-chile-hotel-focused-choice-cala-2026-05-20
way/111766443,Club de Yates,,Chile,-23.6447344,-70.3995602,medium,55,osm-chile-hotel-focused-choice-cala-2026-05-20
way/116223525,Apart Hotel Colón,Puerto Montt,Chile,-41.4727954,-72.9425899,high,75,osm-chile-hotel-focused-choice-cala-2026-05-20
way/123276717,Cabañas El Arenal,,Chile,-39.7744366,-73.2181597,medium,55,osm-chile-hotel-focused-choice-cala-2026-05-20
way/123281228,Hotel Plaza,,Chile,-36.7381851,-72.9928227,medium,55,osm-chile-hotel-focused-choice-cala-2026-05-20
way/124130204,Naguilán,Valdivia,Chile,-39.8299871,-73.2510036,high,75,osm-chile-hotel-focused-choice-cala-2026-05-20
way/124186183,Centro Vacacional FACH,,Chile,-32.7845066,-71.5081289,medium,55,osm-chile-hotel-focused-choice-cala-2026-05-20
way/124479575,Gerlach,Valdivia,Chile,-39.8194337,-73.2493844,high,75,osm-chile-hotel-focused-choice-cala-2026-05-20
way/124492897,Esmeralda,Valdivia,CL,-39.8161513,-73.2446274,high,75,osm-chile-hotel-focused-choice-cala-2026-05-20
way/124953084,Casa Kolping,Valdivia,CL,-39.8263684,-73.2501017,high,85,osm-chile-hotel-focused-choice-cala-2026-05-20
way/125438858,Hotel Diego de Almagro,,Chile,-36.8013188,-73.0703024,medium,55,osm-chile-hotel-focused-choice-cala-2026-05-20
way/125669292,Cabañas Raitué,Valdivia,CL,-39.8239337,-73.249105,high,75,osm-chile-hotel-focused-choice-cala-2026-05-20
way/127258358,Holiday Inn Express,Temuco,CL,-38.7119952,-72.5610341,high,75,osm-chile-hotel-focused-choice-cala-2026-05-20
way/128032730,Hotel Villa del Río,Valdivia,CL,-39.8081354,-73.2362218,high,75,osm-chile-hotel-focused-choice-cala-2026-05-20
way/129928199,Explora Torres del Paine,,Chile,-51.1160037,-72.9913413,high,80,osm-chile-hotel-focused-choice-cala-2026-05-20
way/131504520,Hoteles Diego de Almagro,,Chile,-22.9128883,-68.1988003,medium,60,osm-chile-hotel-focused-choice-cala-2026-05-20
way/134052404,Hostería Vicuña,,Chile,-30.0334403,-70.7179976,medium,55,osm-chile-hotel-focused-choice-cala-2026-05-20
way/134196950,Hotel Casino Dreams Punta Arenas,,Chile,-53.1660916,-70.9057945,medium,55,osm-chile-hotel-focused-choice-cala-2026-05-20
way/135031638,Hotel Marina Vichuquén,,Chile,-34.8492239,-72.0415026,medium,55,osm-chile-hotel-focused-choice-cala-2026-05-20
way/135318829,Complejo Turístico BYP,,Chile,-30.2613274,-71.4901597,medium,55,osm-chile-hotel-focused-choice-cala-2026-05-20
way/135322655,Cabañas Anakena,,Chile,-30.2560158,-71.4916058,medium,55,osm-chile-hotel-focused-choice-cala-2026-05-20
way/135678981,Hotel Manoir Atkinson,Valparaíso,CL,-33.042885,-71.6254283,high,90,osm-chile-hotel-focused-choice-cala-2026-05-20
way/140570882,Cabañas Kontiki,,Chile,-32.1336093,-71.5338963,medium,55,osm-chile-hotel-focused-choice-cala-2026-05-20
way/141192753,Hotel Arica,,Chile,-18.4903227,-70.32795,medium,55,osm-chile-hotel-focused-choice-cala-2026-05-20
way/141210649,Las Pircas,,Chile,-27.3636481,-70.3457903,medium,55,osm-chile-hotel-focused-choice-cala-2026-05-20
way/144753597,Hotel Marina Del Sol,Calama,Chile,-22.4557181,-68.9225658,high,100,osm-chile-hotel-focused-choice-cala-2026-05-20
way/144824324,Hotel Minero By Park,,Chile,-22.4824398,-68.9241799,high,70,osm-chile-hotel-focused-choice-cala-2026-05-20
way/146375299,Sol de Arica,,Chile,-18.4880959,-70.2858301,medium,60,osm-chile-hotel-focused-choice-cala-2026-05-20
way/146375300,Hotel del Valle Azapa,,Chile,-18.4889727,-70.284801,medium,60,osm-chile-hotel-focused-choice-cala-2026-05-20
way/147214632,Hostal del Muelle,Valdivia,CL,-39.816491,-73.2482175,high,100,osm-chile-hotel-focused-choice-cala-2026-05-20
way/148165564,Cabañas Fx,,Chile,-41.4715746,-72.9656071,medium,55,osm-chile-hotel-focused-choice-cala-2026-05-20
way/149021286,Hotel Anchimallen,La Ligua,Chile,-32.4489042,-71.2330023,high,75,osm-chile-hotel-focused-choice-cala-2026-05-20
way/154187754,Hotel Boutique Il Giardino,,Chile,-34.1965885,-70.6744524,medium,60,osm-chile-hotel-focused-choice-cala-2026-05-20
way/155206255,Termas de Cauquenes,,Chile,-34.2486764,-70.5566537,high,70,osm-chile-hotel-focused-choice-cala-2026-05-20
way/160290320,Ibis Alameda,Estación Central,Chile,-33.4535669,-70.6873873,high,85,osm-chile-hotel-focused-choice-cala-2026-05-20
way/162584178,Rosa Agustina Conference Resort & Spa,Olmué,Chile,-33.0104628,-71.1754727,high,100,osm-chile-hotel-focused-choice-cala-2026-05-20
way/162802663,Hotel La Casona,Cartagena,Chile,-33.4768351,-71.4766314,high,75,osm-chile-hotel-focused-choice-cala-2026-05-20
way/163794162,Hostal Nuevo Mundo,Ancud,Chile,-41.870548,-73.8293113,high,75,osm-chile-hotel-focused-choice-cala-2026-05-20
way/164081994,Hotel & Apart,,Chile,-33.4498816,-70.6734624,medium,60,osm-chile-hotel-focused-choice-cala-2026-05-20
way/164587491,Lakutaia Lodge,Puerto Williams,Chile,-54.9370632,-67.6344375,high,100,osm-chile-hotel-focused-choice-cala-2026-05-20
way/166188487,Flor de Huara,,Chile,-19.9956945,-69.7681571,medium,55,osm-chile-hotel-focused-choice-cala-2026-05-20
way/166437166,Villa El Descanso,,Chile,-34.9740605,-71.2001992,high,80,osm-chile-hotel-focused-choice-cala-2026-05-20
way/168447066,Hotel Diego de Almagro,,Chile,-53.162952,-70.896562,medium,55,osm-chile-hotel-focused-choice-cala-2026-05-20
way/168520031,Cabañas Bahía Inglesa,,Chile,-27.1016484,-70.8530878,medium,55,osm-chile-hotel-focused-choice-cala-2026-05-20
way/168662326,Motel Refugio,,Chile,-53.1994302,-70.9351541,medium,55,osm-chile-hotel-focused-choice-cala-2026-05-20
way/168662535,Motel Las Tejas,,Chile,-53.1377607,-70.8848415,medium,55,osm-chile-hotel-focused-choice-cala-2026-05-20
way/169004208,Hostería Faro San Isidro,,Chile,-53.7826916,-70.9737775,medium,55,osm-chile-hotel-focused-choice-cala-2026-05-20
way/169620079,Hotel Ontiveros,,Chile,-34.603589,-70.9554687,medium,60,osm-chile-hotel-focused-choice-cala-2026-05-20
way/171484793,Hostería Constitución,,Chile,-35.3282296,-72.4070693,medium,55,osm-chile-hotel-focused-choice-cala-2026-05-20
way/172672764,Centro Vacacional Hualillemu Norte,,Chile,-33.4007687,-71.6787495,medium,60,osm-chile-hotel-focused-choice-cala-2026-05-20
way/172678205,Puerta del Sol,,Chile,-33.3928014,-71.7023718,medium,55,osm-chile-hotel-focused-choice-cala-2026-05-20
way/172715540,Cabañas Bahía Isidoro,,Chile,-33.3844795,-71.6870064,medium,60,osm-chile-hotel-focused-choice-cala-2026-05-20
way/178323021,Centro Recreacional Caja Los Héroes,,Chile,-41.189279,-73.0190645,medium,65,osm-chile-hotel-focused-choice-cala-2026-05-20
way/178323023,Centro Vacacional Caja Los Andes Punta Larga,,Chile,-41.1911099,-73.0027461,medium,65,osm-chile-hotel-focused-choice-cala-2026-05-20
way/178543614,Hotel Terrado,,Chile,-23.6453344,-70.4014543,medium,55,osm-chile-hotel-focused-choice-cala-2026-05-20
way/178852894,Oasis,,Chile,-23.5464078,-70.3928246,medium,55,osm-chile-hotel-focused-choice-cala-2026-05-20
way/180422271,Courtyard by Marriott,Puerto Montt,CL,-41.4677576,-72.9378902,high,85,osm-chile-hotel-focused-choice-cala-2026-05-20
way/186772837,Hotel Altos del Loa,,Chile,-23.5725614,-70.3906763,medium,60,osm-chile-hotel-focused-choice-cala-2026-05-20
way/187070106,Hostal Thayer,Providencia,CL,-33.4250363,-70.600095,high,75,osm-chile-hotel-focused-choice-cala-2026-05-20
way/187664248,Parque Alliyay,,Chile,-27.3284744,-70.553427,medium,55,osm-chile-hotel-focused-choice-cala-2026-05-20
way/187863202,Noi Vitacura,Vitacura,CL,-33.4013886,-70.5987502,high,75,osm-chile-hotel-focused-choice-cala-2026-05-20
way/188434292,Hotel Frontera,,Chile,-38.7409902,-72.589897,medium,55,osm-chile-hotel-focused-choice-cala-2026-05-20
way/189471673,Departamento Caburgua,Temuco,Chile,-38.7416262,-72.5955309,high,75,osm-chile-hotel-focused-choice-cala-2026-05-20
way/192544101,Hotel Marina de Antofagasta,,Chile,-23.6403887,-70.397722,medium,60,osm-chile-hotel-focused-choice-cala-2026-05-20
way/194645527,Hostal Las Lilas,,Chile,-37.6080017,-73.649187,medium,55,osm-chile-hotel-focused-choice-cala-2026-05-20
way/194715155,Hamilton's Place,,Chile,-41.2194378,-72.5448967,medium,55,osm-chile-hotel-focused-choice-cala-2026-05-20
way/195460193,Mejillones,,Chile,-23.09984,-70.4549516,medium,55,osm-chile-hotel-focused-choice-cala-2026-05-20
way/195666682,Holiday Inn Express,Antofagasta,Chile,-23.6617005,-70.4033738,high,75,osm-chile-hotel-focused-choice-cala-2026-05-20
way/195666684,Edificio Apart,Antofagasta,Chile,-23.6685283,-70.4062115,high,75,osm-chile-hotel-focused-choice-cala-2026-05-20
way/195666704,Hotel Ibis Antofagasta,Antofagasta,Chile,-23.6597648,-70.4021769,high,100,osm-chile-hotel-focused-choice-cala-2026-05-20
way/197657501,Refugio Antillanca,,Chile,-40.7756428,-72.2038388,medium,55,osm-chile-hotel-focused-choice-cala-2026-05-20
way/198049036,Hotel Santa Rosa,,Chile,-20.5068029,-69.3516281,medium,55,osm-chile-hotel-focused-choice-cala-2026-05-20
way/198104703,Chucao Lodge Rosselot,,Chile,-43.993516,-72.3054528,medium,55,osm-chile-hotel-focused-choice-cala-2026-05-20
way/199799342,Hostal Tuyasto,,Chile,-22.9111673,-68.1948637,medium,55,osm-chile-hotel-focused-choice-cala-2026-05-20
way/200123938,Casa Mosaico Backpacker Hostel,Santiago,Chile,-33.432384,-70.6421187,high,75,osm-chile-hotel-focused-choice-cala-2026-05-20
way/200124578,Hostel Cien Fuegos,Santiago,CL,-33.4426552,-70.6632472,high,90,osm-chile-hotel-focused-choice-cala-2026-05-20
way/200128994,Ovejero,,Chile,-53.1503293,-70.8955276,medium,55,osm-chile-hotel-focused-choice-cala-2026-05-20
way/200130670,Seminario,,Chile,-41.4676827,-72.9420952,medium,55,osm-chile-hotel-focused-choice-cala-2026-05-20
way/200131347,Atavai,,Chile,-27.1548521,-109.422085,high,80,osm-chile-hotel-focused-choice-cala-2026-05-20
way/200732530,Armaes,,Chile,-20.2566489,-69.7859156,medium,55,osm-chile-hotel-focused-choice-cala-2026-05-20
way/201063490,Cabañas del sol,,Chile,-35.8141622,-72.5772577,medium,55,osm-chile-hotel-focused-choice-cala-2026-05-20
way/201063491,Blanca Reyes,,Chile,-35.8143639,-72.5772925,medium,55,osm-chile-hotel-focused-choice-cala-2026-05-20
way/201459047,Kaimana Inn,,Chile,-27.1511573,-109.4317999,high,80,osm-chile-hotel-focused-choice-cala-2026-05-20
way/201785670,Casa de Descanso Codelco Tocopilla,,Chile,-22.1105675,-70.2133256,medium,55,osm-chile-hotel-focused-choice-cala-2026-05-20
way/201899884,Hotel Termas de Manzanar,,Chile,-38.4656786,-71.7079441,medium,55,osm-chile-hotel-focused-choice-cala-2026-05-20
way/203401347,Emalafquén,,Chile,-39.2769687,-71.971103,medium,60,osm-chile-hotel-focused-choice-cala-2026-05-20
way/203496685,Guanako,Providencia,Chile,-33.4344971,-70.6354245,high,75,osm-chile-hotel-focused-choice-cala-2026-05-20
way/205184986,Isluga,Colchane,Chile,-19.2760836,-68.6356478,high,75,osm-chile-hotel-focused-choice-cala-2026-05-20
way/205331432,Hotel Marie-Jeanne y David,,Chile,-18.4755633,-70.3160348,medium,55,osm-chile-hotel-focused-choice-cala-2026-05-20
way/207572992,Hostal San Francisco,Valdivia,CL,-39.8136044,-73.2376722,high,75,osm-chile-hotel-focused-choice-cala-2026-05-20
way/210822163,Hotel LV,Viña del Mar,CL,-33.0199925,-71.5578,high,75,osm-chile-hotel-focused-choice-cala-2026-05-20
way/216695170,Versailles Suites,Las Condes,Chile,-33.4195275,-70.5980666,high,75,osm-chile-hotel-focused-choice-cala-2026-05-20
way/220287844,Alojamiento,,Chile,-40.6550571,-72.1869102,medium,55,osm-chile-hotel-focused-choice-cala-2026-05-20
way/220499469,Hostería Ancud,Ancud,Chile,-41.8623132,-73.8298243,high,100,osm-chile-hotel-focused-choice-cala-2026-05-20
way/220781503,Ibis Providencia,Providencia,Chile,-33.4295548,-70.621053,high,85,osm-chile-hotel-focused-choice-cala-2026-05-20
way/222531468,Complejo Turístico Colonial Villa Alegre,,Chile,-35.6787179,-71.7367211,medium,55,osm-chile-hotel-focused-choice-cala-2026-05-20
way/223055881,Hotel Diego de Almagro,,Chile,-45.5847619,-72.0742389,medium,60,osm-chile-hotel-focused-choice-cala-2026-05-20
way/223231543,Cabañas,,Chile,-41.8702069,-73.8256829,medium,55,osm-chile-hotel-focused-choice-cala-2026-05-20
way/223357223,Crusoe Island Lodge,,Chile,-33.6433078,-78.8150268,high,70,osm-chile-hotel-focused-choice-cala-2026-05-20
way/225076727,Hotel Solace,Puerto Varas,CL,-41.3206338,-72.9839454,high,85,osm-chile-hotel-focused-choice-cala-2026-05-20
way/225083795,Hotel Haase,Puerto Octay,Chile,-40.9744917,-72.8832821,high,75,osm-chile-hotel-focused-choice-cala-2026-05-20
way/225083809,Hostal Truyaca,,Chile,-40.5877668,-73.0835865,high,95,osm-chile-hotel-focused-choice-cala-2026-05-20
way/225111480,Hostal Puerto Futrono,,Chile,-40.1395273,-72.3951048,medium,55,osm-chile-hotel-focused-choice-cala-2026-05-20
way/225121462,Elementos Eco Hostel,,Chile,-39.2753365,-71.9637563,medium,55,osm-chile-hotel-focused-choice-cala-2026-05-20
way/225121480,Club Marina del Fuy Lodge,,Chile,-39.8736464,-71.8902638,medium,55,osm-chile-hotel-focused-choice-cala-2026-05-20
way/225365777,Radisson Blu Plaza El Bosque,Las Condes,Chile,-33.4031769,-70.569987,high,100,osm-chile-hotel-focused-choice-cala-2026-05-20
way/225867965,Hotel Alejandra,Rancagua,Chile,-34.171558,-70.733603,high,75,osm-chile-hotel-focused-choice-cala-2026-05-20
way/226725451,Hotel Las Hortensias,Providencia,Chile,-33.4279462,-70.6029453,high,75,osm-chile-hotel-focused-choice-cala-2026-05-20
way/226726747,Hotel Nogales Express,Providencia,CL,-33.4256884,-70.6050397,high,75,osm-chile-hotel-focused-choice-cala-2026-05-20
way/226727528,Hotel El Vergel,Providencia,Chile,-33.4333271,-70.6049197,high,75,osm-chile-hotel-focused-choice-cala-2026-05-20
way/226996789,Loreto Hotel,,Chile,-33.4319759,-70.642597,high,85,osm-chile-hotel-focused-choice-cala-2026-05-20
way/230355818,Open Hotel,Quillota,CL,-32.8779282,-71.2353507,high,75,osm-chile-hotel-focused-choice-cala-2026-05-20
way/230617941,Centro Vacacional El Palomar (Caja Compensación Los Andes),,Chile,-32.7758506,-70.7960926,medium,55,osm-chile-hotel-focused-choice-cala-2026-05-20
way/231416094,Hotel El Dorado,Concepción,Chile,-36.8283651,-73.054248,high,100,osm-chile-hotel-focused-choice-cala-2026-05-20
way/231445848,Eurotel El Bosque,Las Condes,CL,-33.4162784,-70.6008846,high,75,osm-chile-hotel-focused-choice-cala-2026-05-20
way/231993100,Hostal Doña Irma,Punta Arenas,Chile,-53.1611891,-70.8952123,high,75,osm-chile-hotel-focused-choice-cala-2026-05-20
way/234457237,Hotel Club Alemán,La Unión,Chile,-40.2962796,-73.080715,high,90,osm-chile-hotel-focused-choice-cala-2026-05-20
way/235643668,Pullman Santiago Vitacura,Vitacura,Chile,-33.4074703,-70.5985647,high,95,osm-chile-hotel-focused-choice-cala-2026-05-20
way/236494375,Motel Pucara,,Chile,-40.3184201,-73.0087994,medium,55,osm-chile-hotel-focused-choice-cala-2026-05-20
way/238346762,Novotel,Vitacura,CL,-33.3995403,-70.5883599,high,85,osm-chile-hotel-focused-choice-cala-2026-05-20
way/241050399,Mar Andino,Rancagua,Chile,-34.1783049,-70.7432018,high,75,osm-chile-hotel-focused-choice-cala-2026-05-20
way/242368316,Hotel Santa Bárbara,,Chile,-29.9249462,-71.2736151,medium,60,osm-chile-hotel-focused-choice-cala-2026-05-20
way/242370679,Apart Hotel StellaMar,La Serena,Chile,-29.9288028,-71.2742745,high,100,osm-chile-hotel-focused-choice-cala-2026-05-20
way/242371345,Cabañas Mar Serena,La Serena,Chile,-29.9274257,-71.2773606,high,75,osm-chile-hotel-focused-choice-cala-2026-05-20
way/242372045,Malalcura,,Chile,-29.9210362,-71.2715045,medium,55,osm-chile-hotel-focused-choice-cala-2026-05-20
way/242669325,Apart Hotel San Vicente,SAN VICENTE DE TAGUA TAGUA,Chile,-34.4367258,-71.0832737,high,100,osm-chile-hotel-focused-choice-cala-2026-05-20
way/244040823,Lapostolle Residence,,Chile,-34.5926149,-71.2922587,high,80,osm-chile-hotel-focused-choice-cala-2026-05-20
way/244844821,Socoroma,,Chile,-18.4682936,-70.3105501,medium,55,osm-chile-hotel-focused-choice-cala-2026-05-20
way/244899060,"Hostal Puerto Edén ""José Navero""",,Chile,-49.1258406,-74.4128952,high,75,osm-chile-hotel-focused-choice-cala-2026-05-20
way/249027852,Mantagua Village,,Chile,-32.9011158,-71.5002634,medium,55,osm-chile-hotel-focused-choice-cala-2026-05-20
way/251057740,Hotel Militar,Providencia,Chile,-33.4293941,-70.6207392,high,75,osm-chile-hotel-focused-choice-cala-2026-05-20
way/252795571,Cabañas El Umbral,,Chile,-27.0956502,-70.8483182,medium,55,osm-chile-hotel-focused-choice-cala-2026-05-20
way/257696075,Hotel Rugendas,Las Condes,Chile,-33.4191653,-70.596345,high,75,osm-chile-hotel-focused-choice-cala-2026-05-20
way/260135151,Hotel Patagonia,Puerto Varas,CL,-41.328743,-72.9650804,high,75,osm-chile-hotel-focused-choice-cala-2026-05-20
way/260693519,Hotel Termas de Catillo,,Chile,-36.2934429,-71.6487276,medium,55,osm-chile-hotel-focused-choice-cala-2026-05-20
way/262388666,Hotel Director,Vitacura,CL,-33.4029677,-70.5957494,high,75,osm-chile-hotel-focused-choice-cala-2026-05-20
way/264753859,Hotel Lyon,Providencia,Chile,-33.4350915,-70.6050888,high,75,osm-chile-hotel-focused-choice-cala-2026-05-20
way/264762584,Hotel Bonaparte,Providencia,Chile,-33.4327177,-70.6063595,high,90,osm-chile-hotel-focused-choice-cala-2026-05-20
way/265249673,Hostal Pacífico,Puerto Montt,CL,-41.475188,-72.9515692,high,85,osm-chile-hotel-focused-choice-cala-2026-05-20
way/265400059,Cabañas Kitralhue,Puerto Varas,CL,-41.3334125,-72.9891594,high,75,osm-chile-hotel-focused-choice-cala-2026-05-20
way/265525447,Hotel y Cabañas Oelckers,Hualaihué,Chile,-41.9654673,-72.4722445,high,100,osm-chile-hotel-focused-choice-cala-2026-05-20
way/271201222,Hostal La Roca,Pisagua,Chile,-19.5957919,-70.2102002,high,75,osm-chile-hotel-focused-choice-cala-2026-05-20
way/273067669,Hotel Esmeralda,Castro,Chile,-42.4833183,-73.7638197,high,75,osm-chile-hotel-focused-choice-cala-2026-05-20
way/274295960,Hotel Mon Reve - SPA - Bar & Restaurant,Valparaiso,CL,-33.0528399,-71.6224609,high,75,osm-chile-hotel-focused-choice-cala-2026-05-20
way/274333913,Hostal Mariposa,,Chile,-33.0514589,-71.6178815,medium,55,osm-chile-hotel-focused-choice-cala-2026-05-20
way/275249913,Casa Azul Hostel,Puerto Varas,CL,-41.3216959,-72.9818181,high,100,osm-chile-hotel-focused-choice-cala-2026-05-20
way/275658552,Hotel Melillanca,Valdivia,CL,-39.8135058,-73.240293,high,100,osm-chile-hotel-focused-choice-cala-2026-05-20
way/276546230,Uta Kala de Don Leo,Parinacota,Chile,-18.2023214,-69.2684991,high,95,osm-chile-hotel-focused-choice-cala-2026-05-20
way/276741931,Hyatt Place Santiago/Vitacura,Vitacura,CL,-33.3993117,-70.5866046,high,75,osm-chile-hotel-focused-choice-cala-2026-05-20
way/276752597,Hotel Río Bidasoa,Vitacura,CL,-33.398371,-70.5852541,high,90,osm-chile-hotel-focused-choice-cala-2026-05-20
way/278140902,Hotel Quinchamali,Chillán,Chile,-36.6089999,-72.102728,high,75,osm-chile-hotel-focused-choice-cala-2026-05-20
way/278419486,DoubleTree,Las Condes,Chile,-33.4157207,-70.6039066,high,85,osm-chile-hotel-focused-choice-cala-2026-05-20
way/279564413,Hotel Reyall HB,Providencia,Chile,-33.4285968,-70.6021414,high,75,osm-chile-hotel-focused-choice-cala-2026-05-20
way/279573056,Oporto Hotel Boutique,Providencia,CL,-33.427002,-70.6021224,high,75,osm-chile-hotel-focused-choice-cala-2026-05-20
way/280951895,Hotel Presidente Suites,Providencia,Chile,-33.4220763,-70.6017578,high,75,osm-chile-hotel-focused-choice-cala-2026-05-20
way/280958716,Apart Hotel Presidente,,Chile,-33.4234778,-70.6004391,medium,60,osm-chile-hotel-focused-choice-cala-2026-05-20
way/281116329,Cabañas Bosque Sur,Puerto Varas,Chile,-41.3178623,-72.9941549,high,85,osm-chile-hotel-focused-choice-cala-2026-05-20
way/281344690,Ferienheim Limache,Limache,CL,-32.9883575,-71.2767537,high,90,osm-chile-hotel-focused-choice-cala-2026-05-20
way/281594192,Hostal Don Alfredo,Providencia,CL,-33.4293386,-70.6037785,high,75,osm-chile-hotel-focused-choice-cala-2026-05-20
way/281827147,Hotel Las Hortensias,Providencia,CL,-33.4283692,-70.6049369,high,75,osm-chile-hotel-focused-choice-cala-2026-05-20
way/281827175,Heidelberg Haus,Providencia,Chile,-33.4280016,-70.6047139,high,90,osm-chile-hotel-focused-choice-cala-2026-05-20
way/282056369,Intiwasi Hotel,Providencia,CL,-33.4238196,-70.6055543,high,90,osm-chile-hotel-focused-choice-cala-2026-05-20
way/282072184,Viña Chillán,,Chile,-36.7799359,-72.2167346,high,70,osm-chile-hotel-focused-choice-cala-2026-05-20
way/282078329,Casa Chueca,,Chile,-35.4072762,-71.590502,medium,55,osm-chile-hotel-focused-choice-cala-2026-05-20
way/282281321,Hotel NH Ciudad De Santiago,,Chile,-33.4354348,-70.6279616,medium,60,osm-chile-hotel-focused-choice-cala-2026-05-20
way/284689106,Ayacara,Frutillar,Chile,-41.1410144,-73.0255402,high,100,osm-chile-hotel-focused-choice-cala-2026-05-20
way/285165803,El Castillo,,Chile,-39.8734236,-73.394538,medium,55,osm-chile-hotel-focused-choice-cala-2026-05-20
way/285540632,Hotel Enjoy,Puerto Varas,CL,-41.3142909,-72.9837944,high,75,osm-chile-hotel-focused-choice-cala-2026-05-20
way/285965290,Hotel Kennedy,Vitacura,CL,-33.4029042,-70.584745,high,100,osm-chile-hotel-focused-choice-cala-2026-05-20
way/285975433,Renaissance Santiago Hotel,Vitacura,CL,-33.4025434,-70.5838007,high,100,osm-chile-hotel-focused-choice-cala-2026-05-20
way/286901207,El Candil del Sur,,Chile,-41.471842,-72.9362505,medium,55,osm-chile-hotel-focused-choice-cala-2026-05-20
way/287014622,Vik Suites,,Chile,-34.5388009,-71.2347256,high,90,osm-chile-hotel-focused-choice-cala-2026-05-20
way/287199348,Casa Tepa,,Chile,-42.379315,-72.4145873,medium,65,osm-chile-hotel-focused-choice-cala-2026-05-20
way/287199353,Casa Mañío,,Chile,-42.3803915,-72.4154056,medium,65,osm-chile-hotel-focused-choice-cala-2026-05-20
way/287199355,Casa Coigüe,,Chile,-42.3786255,-72.4136075,medium,65,osm-chile-hotel-focused-choice-cala-2026-05-20
way/287715375,Plava,Valdivia,CL,-39.8257229,-73.2506749,high,90,osm-chile-hotel-focused-choice-cala-2026-05-20
way/287737648,Hotel Don Luis,Puerto Montt,CL,-41.4714182,-72.9381167,high,100,osm-chile-hotel-focused-choice-cala-2026-05-20
way/288224301,Santiago Marriott,Las Condes,Chile,-33.4002022,-70.5742897,high,100,osm-chile-hotel-focused-choice-cala-2026-05-20
way/289165058,Hilton Garden Inn,Pudahuel,Chile,-33.4289753,-70.7849921,high,100,osm-chile-hotel-focused-choice-cala-2026-05-20
way/289165060,Diego de Almagro Aeropuerto,Pudahuel,Chile,-33.4286355,-70.7819181,high,100,osm-chile-hotel-focused-choice-cala-2026-05-20
way/289966950,Hostería Aire Puro,,Chile,-32.9931631,-71.1596416,medium,55,osm-chile-hotel-focused-choice-cala-2026-05-20
way/289966951,Olmué Club,,Chile,-32.9930327,-71.1573791,medium,55,osm-chile-hotel-focused-choice-cala-2026-05-20
way/290731615,Hotel Club Presidente,,Chile,-41.4733532,-72.9444022,medium,55,osm-chile-hotel-focused-choice-cala-2026-05-20
way/292670152,Stanford Hotel,Providencia,CL,-33.4221577,-70.605375,high,100,osm-chile-hotel-focused-choice-cala-2026-05-20
way/294007582,Cabañas Tierra de Colonos,,Chile,-41.3471207,-72.9545751,medium,55,osm-chile-hotel-focused-choice-cala-2026-05-20
way/296946999,Hostal Casa Condell,,Chile,-33.4361068,-70.628017,medium,60,osm-chile-hotel-focused-choice-cala-2026-05-20
way/297288250,Mr. Hotel,,Chile,-33.4248621,-70.6112662,high,75,osm-chile-hotel-focused-choice-cala-2026-05-20
way/298659705,Hotel Almasur,Providencia,CL,-33.4273699,-70.6104196,high,75,osm-chile-hotel-focused-choice-cala-2026-05-20
way/301801216,Hostal Forjadores del Cabo de Hornos,,Chile,-54.9369339,-67.6032367,medium,55,osm-chile-hotel-focused-choice-cala-2026-05-20
way/302439032,Ibis Manquehue,Las Condes,Chile,-33.4072829,-70.5685508,high,85,osm-chile-hotel-focused-choice-cala-2026-05-20
way/302587937,Pusaki,Puerto Williams,Chile,-54.9347668,-67.6010295,high,75,osm-chile-hotel-focused-choice-cala-2026-05-20
way/303260684,Hogar de Cristo,,Chile,-35.4052284,-71.652642,medium,55,osm-chile-hotel-focused-choice-cala-2026-05-20
way/305214911,Hostal Don Beña,Puerto Aguirre,Chile,-45.163309,-73.5245485,high,85,osm-chile-hotel-focused-choice-cala-2026-05-20
way/310819182,Albergue Cruz Roja Chilena,,Chile,-35.7216126,-71.1868283,medium,55,osm-chile-hotel-focused-choice-cala-2026-05-20
way/310837170,Albergue para Incendios,,Chile,-35.7223204,-71.1896055,medium,55,osm-chile-hotel-focused-choice-cala-2026-05-20
way/311210118,Hotel Servicio de Salud del Maule,,Chile,-35.3270189,-72.4223155,medium,55,osm-chile-hotel-focused-choice-cala-2026-05-20
way/311426496,Hostal Maule,,Chile,-35.3283608,-72.4130191,medium,55,osm-chile-hotel-focused-choice-cala-2026-05-20
way/311487983,Albergue,,Chile,-34.6525435,-71.2868634,medium,55,osm-chile-hotel-focused-choice-cala-2026-05-20
way/312869544,Hospedaje Marcela,,Chile,-43.0098822,-72.4832836,medium,55,osm-chile-hotel-focused-choice-cala-2026-05-20
way/312871283,Hostal Aituén,,Chile,-42.9188149,-72.7109736,medium,60,osm-chile-hotel-focused-choice-cala-2026-05-20
way/313510906,Hotel Brighton,Valparaíso,CL,-33.0428236,-71.625259,high,90,osm-chile-hotel-focused-choice-cala-2026-05-20
way/317111590,Las Vertientes,,Chile,-29.9795989,-70.9555426,medium,55,osm-chile-hotel-focused-choice-cala-2026-05-20
way/317112405,Kullu Kuri,,Chile,-30.2340396,-71.086633,medium,55,osm-chile-hotel-focused-choice-cala-2026-05-20
way/318932184,Mate Sur Cochrane,Cochrane,Chile,-47.254615,-72.5706938,high,85,osm-chile-hotel-focused-choice-cala-2026-05-20
way/319602580,Piscina y cabañas Akuatic,Valdivia,CL,-39.8123224,-73.2246756,high,75,osm-chile-hotel-focused-choice-cala-2026-05-20
way/320724329,Hotel Estancia Cerro Guido,Torres del Paine,Chile,-50.9384103,-72.4583296,high,90,osm-chile-hotel-focused-choice-cala-2026-05-20
way/321369489,Hotel Puelche,Puerto Varas,Chile,-41.3224776,-72.9768826,high,85,osm-chile-hotel-focused-choice-cala-2026-05-20
way/321809209,Hostal Cordillera,,Chile,-42.4804222,-73.7617587,medium,55,osm-chile-hotel-focused-choice-cala-2026-05-20
way/323051860,Espejo de Luna,,Chile,-42.8326378,-73.4772369,medium,55,osm-chile-hotel-focused-choice-cala-2026-05-20
way/323152521,Hotel de Castro,Castro,Chile,-42.4843569,-73.7621003,high,85,osm-chile-hotel-focused-choice-cala-2026-05-20
way/323732945,Lodge,,Chile,-47.116591,-72.488844,medium,55,osm-chile-hotel-focused-choice-cala-2026-05-20
way/324299767,Nuevo Hotel Constitución,Constitución,Chile,-35.3291715,-72.4093063,high,75,osm-chile-hotel-focused-choice-cala-2026-05-20
way/325257710,Octogono,,Chile,-32.8358171,-70.1301328,medium,65,osm-chile-hotel-focused-choice-cala-2026-05-20
way/326132362,Hostal Real Quillahue,,Chile,-28.5755501,-70.7618434,high,70,osm-chile-hotel-focused-choice-cala-2026-05-20
way/326166867,Hostería Yendegaia,Porvenir,CL,-53.2974959,-70.3734296,high,75,osm-chile-hotel-focused-choice-cala-2026-05-20
way/327487991,Residencia Histórica de Marchigüe,,Chile,-34.3472444,-71.5762102,medium,55,osm-chile-hotel-focused-choice-cala-2026-05-20
way/328701692,Cabañas Los Vilos,,Chile,-31.9128137,-71.4903997,medium,55,osm-chile-hotel-focused-choice-cala-2026-05-20
way/329539753,Hotel La Isla,,Chile,-42.3789047,-73.6537606,medium,55,osm-chile-hotel-focused-choice-cala-2026-05-20
way/330380248,Hotel Playa El Cable,,Chile,-35.3528503,-72.446574,medium,55,osm-chile-hotel-focused-choice-cala-2026-05-20
way/331901661,Hotel Altiplánico,MZ 47,CL,-27.1293914,-109.4206008,high,90,osm-chile-hotel-focused-choice-cala-2026-05-20
way/331990632,Hotel Oceanic,Viña del Mar,Chile,-32.9837358,-71.5481338,high,100,osm-chile-hotel-focused-choice-cala-2026-05-20
way/332189842,Casa de Huéspedes,,Chile,-39.7025591,-73.3087921,medium,55,osm-chile-hotel-focused-choice-cala-2026-05-20
way/332703924,Hotel Sheraton Miramar,Viña del Mar,CL,-33.0211179,-71.5680627,high,100,osm-chile-hotel-focused-choice-cala-2026-05-20
way/333171863,Hotel Reina Victoria,,Chile,-33.038136,-71.6290146,medium,55,osm-chile-hotel-focused-choice-cala-2026-05-20
way/333886740,Hostal Isla Mágica,,Chile,-42.3809551,-73.6494664,medium,55,osm-chile-hotel-focused-choice-cala-2026-05-20
way/335509640,Casa Ayukelen,Valparaíso,CL,-33.0424158,-71.624527,high,85,osm-chile-hotel-focused-choice-cala-2026-05-20
way/338169470,Hostería de Codpa,Codpa,Chile,-18.8325437,-69.7459396,high,75,osm-chile-hotel-focused-choice-cala-2026-05-20
way/353673525,Hotel Skorpios,Arica,Chile,-18.4581148,-70.3024301,high,75,osm-chile-hotel-focused-choice-cala-2026-05-20
way/353673529,Hotel Diego de Almagro,,Chile,-18.4548533,-70.3018428,medium,60,osm-chile-hotel-focused-choice-cala-2026-05-20
way/354202045,Wyndham Concepción Pettra,Hualpén,Chile,-36.7930207,-73.0706933,high,100,osm-chile-hotel-focused-choice-cala-2026-05-20
way/358728134,Lodge Salto Chancahua,,Chile,-37.9164435,-72.3014549,medium,65,osm-chile-hotel-focused-choice-cala-2026-05-20
way/361987691,Eclipse,Iquique,Chile,-20.284615,-70.1266011,high,75,osm-chile-hotel-focused-choice-cala-2026-05-20
way/362186937,Hotel Cabo de Hornos,Punta Arenas,CL,-53.1628944,-70.9067636,high,100,osm-chile-hotel-focused-choice-cala-2026-05-20
way/362684554,Cap Ducal,Viña del Mar,Chile,-33.0194125,-71.5635785,high,75,osm-chile-hotel-focused-choice-cala-2026-05-20
way/365021680,Valle Corralco Hotel & Spa,,Chile,-38.4187169,-71.5472162,medium,55,osm-chile-hotel-focused-choice-cala-2026-05-20
way/367091104,Weuuuupule,San Patricio,Chile,-38.6825898,-72.1623259,high,85,osm-chile-hotel-focused-choice-cala-2026-05-20
way/368075553,Hotel Cumbres,,Chile,-22.9218958,-68.2092382,medium,55,osm-chile-hotel-focused-choice-cala-2026-05-20
way/371060804,Hotel Diaguitas,,Chile,-31.6323197,-71.1664082,medium,55,osm-chile-hotel-focused-choice-cala-2026-05-20
way/371202591,Hotel Illapel,Illapel,Chile,-31.6313325,-71.163134,high,75,osm-chile-hotel-focused-choice-cala-2026-05-20
way/371314430,Hotel Iberia,Coquimbo,Chile,-29.9532525,-71.3384955,high,75,osm-chile-hotel-focused-choice-cala-2026-05-20
way/371568323,Motel Choapa,Los Vilos,Chile,-31.9102211,-71.4936019,high,75,osm-chile-hotel-focused-choice-cala-2026-05-20
way/371575112,Santa Emilia,Los Vilos,Chile,-31.9092078,-71.4929619,high,75,osm-chile-hotel-focused-choice-cala-2026-05-20
way/371756535,Hotel Liverpool,Coquimbo,Chile,-29.9518729,-71.3381481,high,75,osm-chile-hotel-focused-choice-cala-2026-05-20
way/371785762,Hostel Del Puerto,Coquimbo,CL,-29.9579845,-71.3397132,high,75,osm-chile-hotel-focused-choice-cala-2026-05-20
way/372720003,Serena Suite Hotel,,Chile,-29.9197744,-71.2620504,medium,60,osm-chile-hotel-focused-choice-cala-2026-05-20
way/372720355,Cabañas de Turismo 4 Esquinas,,Chile,-29.9287754,-71.2700283,medium,55,osm-chile-hotel-focused-choice-cala-2026-05-20
way/372842628,Gran Pacífico,,Chile,-29.9264178,-71.2757898,high,70,osm-chile-hotel-focused-choice-cala-2026-05-20
way/373233519,Hostal los Chaguales,,Chile,-29.9849407,-71.3434289,medium,55,osm-chile-hotel-focused-choice-cala-2026-05-20
way/373704013,Hospedaje Angélica,Frutillar,CL,-41.1343789,-73.0287524,high,75,osm-chile-hotel-focused-choice-cala-2026-05-20
way/374975709,Alojamiento Cabezas,,Chile,-34.1996066,-70.7587059,medium,55,osm-chile-hotel-focused-choice-cala-2026-05-20
way/376090082,Hotel Villanca,Talca,Chile,-35.4401247,-71.6097353,high,75,osm-chile-hotel-focused-choice-cala-2026-05-20
way/376930699,Refugio Humboldt,,Chile,-29.2490824,-71.4635524,high,70,osm-chile-hotel-focused-choice-cala-2026-05-20
way/376930880,Cabañas Marea Alta,,Chile,-29.2486411,-71.4646088,medium,55,osm-chile-hotel-focused-choice-cala-2026-05-20
way/377924860,Hotel Diego de Almagro,Providencia,Chile,-33.42057,-70.6031252,high,75,osm-chile-hotel-focused-choice-cala-2026-05-20
way/378480020,Casa del Maestro,Santiago,Chile,-33.4390782,-70.6701646,high,85,osm-chile-hotel-focused-choice-cala-2026-05-20
way/378582849,Aerotel,,Chile,-33.4473866,-70.7833271,medium,55,osm-chile-hotel-focused-choice-cala-2026-05-20
way/379171628,Hostal Prat,,Chile,-23.6484987,-70.3970337,medium,55,osm-chile-hotel-focused-choice-cala-2026-05-20
way/379781662,Explora Rapa Nui,,Chile,-27.1419154,-109.3573703,medium,55,osm-chile-hotel-focused-choice-cala-2026-05-20
way/379794375,Hotel Haŋaroa,,Chile,-27.151116,-109.4380918,high,80,osm-chile-hotel-focused-choice-cala-2026-05-20
way/379798118,Hotel Manavai,,Chile,-27.1474676,-109.428004,medium,55,osm-chile-hotel-focused-choice-cala-2026-05-20
way/379944841,Hotel Diego de Almagro,Copiapó,Chile,-27.3670834,-70.3330385,high,75,osm-chile-hotel-focused-choice-cala-2026-05-20
way/382599684,Rancho Vida Sana,Olmué,CL,-32.9851471,-71.1824164,high,100,osm-chile-hotel-focused-choice-cala-2026-05-20
way/383769182,Feel Atacama Hostel,,Chile,-22.9306634,-68.2038942,high,95,osm-chile-hotel-focused-choice-cala-2026-05-20
way/384856700,Apart Hotel Geotel Calama,Calama,Chile,-22.4677113,-68.9289731,high,85,osm-chile-hotel-focused-choice-cala-2026-05-20
way/384871748,Geotel Antofagasta,Antofagasta,Chile,-23.7082549,-70.4294972,high,85,osm-chile-hotel-focused-choice-cala-2026-05-20
way/388368118,Hostal Piedras Rojas,,Chile,-22.9125453,-68.1938351,medium,55,osm-chile-hotel-focused-choice-cala-2026-05-20
way/388368761,Hostal Solor,San Pedro de Atacama,Chile,-22.91485,-68.1922451,high,75,osm-chile-hotel-focused-choice-cala-2026-05-20
way/388368805,Callejón Reales,San Pedro de Atacama,CL,-22.917986,-68.2074722,high,75,osm-chile-hotel-focused-choice-cala-2026-05-20
way/388368816,Diablito Atacama,,Chile,-22.9139561,-68.1955584,medium,60,osm-chile-hotel-focused-choice-cala-2026-05-20
way/388368836,Hostel Tambor Norte,,Chile,-22.9118536,-68.1944606,medium,55,osm-chile-hotel-focused-choice-cala-2026-05-20
way/388368870,Hostal Montepardo,San Pedro de Atacama,Chile,-22.9139046,-68.1926298,high,75,osm-chile-hotel-focused-choice-cala-2026-05-20
way/388369061,Hostel Hara,,Chile,-22.9121096,-68.1969197,medium,60,osm-chile-hotel-focused-choice-cala-2026-05-20
way/390005550,Cabañas Montenegro,Villarrica,CL,-39.2783436,-72.2224296,high,90,osm-chile-hotel-focused-choice-cala-2026-05-20
way/390005920,Cabañas Bungalowlandia,Villarrica,CL,-39.2785004,-72.2221255,high,100,osm-chile-hotel-focused-choice-cala-2026-05-20
way/390281145,Montaña Mágica Lodge,,Chile,-39.8693904,-71.9151538,high,70,osm-chile-hotel-focused-choice-cala-2026-05-20
way/390281148,Nothofagus Hotel,,Chile,-39.869242,-71.9144687,high,80,osm-chile-hotel-focused-choice-cala-2026-05-20
way/390920503,HC Reñaca,Viña del Mar,Chile,-32.9722687,-71.5397832,high,100,osm-chile-hotel-focused-choice-cala-2026-05-20
way/392091758,EcoHotel,,Chile,-35.4229279,-71.659767,medium,60,osm-chile-hotel-focused-choice-cala-2026-05-20
way/396334059,Hotel Rey Don Felipe,Punta Arenas,Chile,-53.1605287,-70.9106915,high,100,osm-chile-hotel-focused-choice-cala-2026-05-20
way/397309020,Hotel Monte Verde,,Chile,-39.3039444,-72.0322661,medium,55,osm-chile-hotel-focused-choice-cala-2026-05-20
way/397665399,Hosteria Río Grande,Futaleufú,Chile,-43.1857878,-71.8692741,high,75,osm-chile-hotel-focused-choice-cala-2026-05-20
way/398351815,Hostal Chancerel,Puerto Varas,CL,-41.312455,-72.9852663,high,75,osm-chile-hotel-focused-choice-cala-2026-05-20
way/398524538,Complejo Turistico Coihuin,,Chile,-41.4873611,-72.8665987,medium,55,osm-chile-hotel-focused-choice-cala-2026-05-20
way/400903713,Mediterraneo B&B,Viña del Mar,Chile,-33.0148305,-71.548299,high,75,osm-chile-hotel-focused-choice-cala-2026-05-20
way/405942738,Hostalito,Quilpué,CL,-33.0491086,-71.4431548,high,100,osm-chile-hotel-focused-choice-cala-2026-05-20
way/405942747,Hostal Quilpué,Quilpué,CL,-33.049157,-71.4410506,high,85,osm-chile-hotel-focused-choice-cala-2026-05-20
way/406307529,Motel El Rey,Villa Santa Luisa,CL,-38.7571253,-72.6641037,high,75,osm-chile-hotel-focused-choice-cala-2026-05-20
way/406307531,Motel Paraiso,Villa Santa Luisa,CL,-38.7577318,-72.6643218,high,75,osm-chile-hotel-focused-choice-cala-2026-05-20
way/410283415,Hotel Martin Gusinde,,Chile,-51.7262851,-72.5112177,medium,55,osm-chile-hotel-focused-choice-cala-2026-05-20
way/410590126,La Yegua Loca,Punta Arenas,CL,-53.1603098,-70.9155095,high,100,osm-chile-hotel-focused-choice-cala-2026-05-20
way/411773299,Puma Lodge,,Chile,-34.359139,-70.3086825,medium,55,osm-chile-hotel-focused-choice-cala-2026-05-20
way/412850718,Hostal Don Carlos,,Chile,-42.913052,-72.7089922,medium,65,osm-chile-hotel-focused-choice-cala-2026-05-20
way/412850738,Hospedaje El Refugio,,Chile,-42.9142139,-72.7117735,medium,55,osm-chile-hotel-focused-choice-cala-2026-05-20
way/415666409,Resort Rui-Tai,El Quisco,Chile,-33.4112669,-71.6972692,high,75,osm-chile-hotel-focused-choice-cala-2026-05-20
way/417733914,Complejo Turístico La Palmilla,,Chile,-35.3725172,-72.3601398,medium,55,osm-chile-hotel-focused-choice-cala-2026-05-20
way/419915070,Hotel Diego de Almagro,,Chile,-36.8334675,-73.0539403,medium,55,osm-chile-hotel-focused-choice-cala-2026-05-20
way/422030591,Hotel Regal Pacific,Las Condes,Chile,-33.4094201,-70.5709631,high,75,osm-chile-hotel-focused-choice-cala-2026-05-20
way/423206651,Uva Dulce B&B,Tunca,Chile,-34.3785297,-71.0853746,high,100,osm-chile-hotel-focused-choice-cala-2026-05-20
way/424202177,Hostal Las Heras,Temuco,CL,-38.7407442,-72.5966441,high,75,osm-chile-hotel-focused-choice-cala-2026-05-20
way/424202192,hostal,,Chile,-38.7407937,-72.5961832,medium,55,osm-chile-hotel-focused-choice-cala-2026-05-20
way/426423393,Villarrica Park Lake Hotel,,Chile,-39.3009237,-72.087895,medium,60,osm-chile-hotel-focused-choice-cala-2026-05-20
way/431539805,Hostal Rocar,,Chile,-35.8156216,-72.5778989,medium,55,osm-chile-hotel-focused-choice-cala-2026-05-20
way/432654755,Hostal Lahuan La unión,,Chile,-40.2996112,-73.0847242,medium,60,osm-chile-hotel-focused-choice-cala-2026-05-20
way/433334852,Hostal Los Castaños,La Unión,Chile,-40.292941,-73.0783648,high,85,osm-chile-hotel-focused-choice-cala-2026-05-20
way/433348265,Residencial 21 de Mayo,La Unión,Chile,-40.2923164,-73.081041,high,85,osm-chile-hotel-focused-choice-cala-2026-05-20
way/434951792,Hostal Ana María,Valdivia,CL,-39.8153354,-73.2345229,high,85,osm-chile-hotel-focused-choice-cala-2026-05-20
way/434952420,Regional,Valdivia,CL,-39.816625,-73.2355762,high,75,osm-chile-hotel-focused-choice-cala-2026-05-20
way/437087577,Residencial y Cabañas Barros Arana,La Unión,Chile,-40.2910003,-73.0782899,high,85,osm-chile-hotel-focused-choice-cala-2026-05-20
way/438462689,Lodge Alto Yaquil,,Chile,-34.580408,-71.4698541,medium,55,osm-chile-hotel-focused-choice-cala-2026-05-20
way/438887834,Hospedaje Delicatessen,La Unión,Chile,-40.294836,-73.0782379,high,75,osm-chile-hotel-focused-choice-cala-2026-05-20
way/439702694,El Golfo (Donde Punto),Puerto Cisnes,Chile,-44.7245062,-72.6851094,high,75,osm-chile-hotel-focused-choice-cala-2026-05-20
way/439704047,Hostel Rio Anita,,Chile,-44.7257367,-72.6841057,medium,60,osm-chile-hotel-focused-choice-cala-2026-05-20
way/442213190,Fundo Ranco,,Chile,-40.2210629,-72.5523585,medium,55,osm-chile-hotel-focused-choice-cala-2026-05-20
way/442522779,Hotel Diego de Almagro,Valparaíso,CL,-33.0437633,-71.6200274,high,100,osm-chile-hotel-focused-choice-cala-2026-05-20
way/442628236,Centro Recreativo Asmar,,Chile,-33.3663384,-71.6824279,medium,55,osm-chile-hotel-focused-choice-cala-2026-05-20
way/443630316,Hospedaje,La Unión,Chile,-40.2916133,-73.0764679,high,85,osm-chile-hotel-focused-choice-cala-2026-05-20
way/443641803,Cariños del Sur,La Unión,Chile,-40.2920888,-73.0783556,high,85,osm-chile-hotel-focused-choice-cala-2026-05-20
way/443642828,Hospedaje,La Unión,Chile,-40.293614,-73.0777677,high,85,osm-chile-hotel-focused-choice-cala-2026-05-20
way/443652427,Residencial Ensueño,La Unión,Chile,-40.2870674,-73.0778095,high,85,osm-chile-hotel-focused-choice-cala-2026-05-20
way/443669828,Puerto Barón,Valparaíso,Chile,-33.0460549,-71.6062938,high,75,osm-chile-hotel-focused-choice-cala-2026-05-20
way/444059665,Bristol,,Chile,-33.046357,-71.6110294,medium,55,osm-chile-hotel-focused-choice-cala-2026-05-20
way/444218727,Hotel Kolpin,Valparaíso,CL,-33.0485843,-71.6145451,high,75,osm-chile-hotel-focused-choice-cala-2026-05-20
way/444348262,Boston,Valparaíso,Chile,-33.049468,-71.6107386,high,85,osm-chile-hotel-focused-choice-cala-2026-05-20
way/444812349,Hotel Rocha,,Chile,-34.6425169,-72.0423222,medium,55,osm-chile-hotel-focused-choice-cala-2026-05-20
way/444920884,Nativa,,Chile,-33.4311206,-70.6398975,medium,60,osm-chile-hotel-focused-choice-cala-2026-05-20
way/444924418,Casa Bellavista,,Chile,-33.4308374,-70.6312317,medium,60,osm-chile-hotel-focused-choice-cala-2026-05-20
way/444939165,Hotel Mansion,Recoleta,Chile,-33.4169639,-70.643467,high,75,osm-chile-hotel-focused-choice-cala-2026-05-20
way/444945346,Hotel Parlamento,,Chile,-33.4335251,-70.6439508,medium,60,osm-chile-hotel-focused-choice-cala-2026-05-20
way/444950630,Hotel Ralief,,Chile,-33.4517258,-70.6833875,medium,55,osm-chile-hotel-focused-choice-cala-2026-05-20
way/444953869,Hotel Alameda,,Chile,-33.4500021,-70.6770429,medium,55,osm-chile-hotel-focused-choice-cala-2026-05-20
way/444961162,Casaltura,,Chile,-33.4340614,-70.6487595,medium,60,osm-chile-hotel-focused-choice-cala-2026-05-20
way/445113571,Hotel Imperio,,Chile,-33.4507126,-70.6764433,medium,55,osm-chile-hotel-focused-choice-cala-2026-05-20
way/445483300,Hostal,Providencia,Chile,-33.4393467,-70.614071,high,75,osm-chile-hotel-focused-choice-cala-2026-05-20
way/445852300,Diego de Velásquez,,Chile,-33.4239907,-70.610131,medium,60,osm-chile-hotel-focused-choice-cala-2026-05-20
way/446194453,Hotel Puclaro,,Chile,-30.0076043,-70.8146816,medium,55,osm-chile-hotel-focused-choice-cala-2026-05-20
way/446326528,Cozumel,,Chile,-33.4947472,-70.6177009,medium,60,osm-chile-hotel-focused-choice-cala-2026-05-20
way/446361850,Motel Azzo,,Chile,-33.398611,-70.6234093,medium,55,osm-chile-hotel-focused-choice-cala-2026-05-20
way/446415923,Diagonal,,Chile,-33.3996025,-70.6478563,medium,60,osm-chile-hotel-focused-choice-cala-2026-05-20
way/446595257,Kan Kun,,Chile,-33.4074004,-70.6504567,medium,60,osm-chile-hotel-focused-choice-cala-2026-05-20
way/447090523,Hotel Mary Louis,,Chile,-33.6096547,-70.5728515,medium,55,osm-chile-hotel-focused-choice-cala-2026-05-20
way/447101687,Motel El Buda,,Chile,-33.4211656,-70.6408389,medium,60,osm-chile-hotel-focused-choice-cala-2026-05-20
way/447539257,Hotel Plaza,,Chile,-33.4165924,-70.663647,medium,60,osm-chile-hotel-focused-choice-cala-2026-05-20
way/447709164,Hotel Cumbres Vitacura,Vitacura,CL,-33.4033345,-70.5859972,high,100,osm-chile-hotel-focused-choice-cala-2026-05-20
way/447709176,Hotel Orly,Providencia,CL,-33.4230666,-70.6126915,high,75,osm-chile-hotel-focused-choice-cala-2026-05-20
way/447714110,Hotel Lafayette,Providencia,Chile,-33.4245264,-70.6132154,high,75,osm-chile-hotel-focused-choice-cala-2026-05-20
way/447767942,Hotel Tokio,,Chile,-33.4422711,-70.6621324,medium,60,osm-chile-hotel-focused-choice-cala-2026-05-20
way/447775512,Bambu Motel,,Chile,-33.4368398,-70.6590177,medium,60,osm-chile-hotel-focused-choice-cala-2026-05-20
way/447779248,Four Points By Sheraton,Providencia,Chile,-33.4201159,-70.609728,high,100,osm-chile-hotel-focused-choice-cala-2026-05-20
way/447779285,Riviera Maya,,Chile,-33.4443981,-70.6680664,medium,60,osm-chile-hotel-focused-choice-cala-2026-05-20
way/448180870,Capital Apart Hotel,,Chile,-33.4341462,-70.6582495,high,85,osm-chile-hotel-focused-choice-cala-2026-05-20
way/448180872,Hotel Olicar 1,,Chile,-33.4341352,-70.6554008,medium,60,osm-chile-hotel-focused-choice-cala-2026-05-20
way/448192597,Hotel Blue,,Chile,-33.4430166,-70.66972,medium,60,osm-chile-hotel-focused-choice-cala-2026-05-20
way/448196925,Bellas Artes Palace,,Chile,-33.4362462,-70.6439065,medium,60,osm-chile-hotel-focused-choice-cala-2026-05-20
way/448219718,Asturiano Motel,,Chile,-33.438841,-70.6626903,medium,60,osm-chile-hotel-focused-choice-cala-2026-05-20
way/448220555,Hotel Santa Lucia,Santiago,Chile,-33.4390123,-70.6479892,high,100,osm-chile-hotel-focused-choice-cala-2026-05-20
way/448335507,Hotel Casa Aure,Santiago,Chile,-33.4410021,-70.6734347,high,75,osm-chile-hotel-focused-choice-cala-2026-05-20
way/448337396,Hostal Americano,,Chile,-33.4398876,-70.6636506,medium,60,osm-chile-hotel-focused-choice-cala-2026-05-20
way/448341830,Hotel,,Chile,-33.4412565,-70.6680528,medium,60,osm-chile-hotel-focused-choice-cala-2026-05-20
way/448352773,Hotel Olicar,,Chile,-33.4351051,-70.6556365,medium,60,osm-chile-hotel-focused-choice-cala-2026-05-20
way/448354413,Hotel Di Maurier,,Chile,-33.4427571,-70.6579027,medium,60,osm-chile-hotel-focused-choice-cala-2026-05-20
way/448392281,"Hotel 198 (""Panda"")",,Chile,-33.4448675,-70.6363194,medium,55,osm-chile-hotel-focused-choice-cala-2026-05-20
way/448598514,Tulip Inn Presidente Hotel,Providencia,Chile,-33.4333332,-70.6242463,high,75,osm-chile-hotel-focused-choice-cala-2026-05-20
way/448667709,Hotel Montecarlo,,Chile,-33.4392836,-70.6421738,high,70,osm-chile-hotel-focused-choice-cala-2026-05-20
way/448682425,Hotel Sanoz,,Chile,-33.4534644,-70.6388501,medium,60,osm-chile-hotel-focused-choice-cala-2026-05-20
way/449280638,Mar sol,,Chile,-33.6011027,-70.8630357,medium,60,osm-chile-hotel-focused-choice-cala-2026-05-20
way/449417814,Conchita Flores,Providencia,CL,-33.4329676,-70.6173333,high,75,osm-chile-hotel-focused-choice-cala-2026-05-20
way/449487861,Mito,,Chile,-33.4366711,-70.6316599,medium,60,osm-chile-hotel-focused-choice-cala-2026-05-20
way/449553376,Motel La Vie’n Rose,La Cisterna,Chile,-33.5389589,-70.6599756,high,75,osm-chile-hotel-focused-choice-cala-2026-05-20
way/449960867,Ramdas - Hotelería Clínica,Providencia,Chile,-33.4385709,-70.618396,high,85,osm-chile-hotel-focused-choice-cala-2026-05-20
way/449981420,Hotel Jotabeche,,Chile,-33.4557554,-70.6855226,medium,60,osm-chile-hotel-focused-choice-cala-2026-05-20
way/450398184,Hotel Metro,,Chile,-33.4515211,-70.6750204,medium,60,osm-chile-hotel-focused-choice-cala-2026-05-20
way/454990819,Residencial Conaf,,Chile,-39.8147388,-73.2521339,medium,55,osm-chile-hotel-focused-choice-cala-2026-05-20
way/456279563,Hostel Dientes de Navarino,,Chile,-54.9370536,-67.6031823,medium,55,osm-chile-hotel-focused-choice-cala-2026-05-20
way/460056467,Balneario Banco del Estado,Villarrica,CL,-39.2859684,-72.2218678,high,75,osm-chile-hotel-focused-choice-cala-2026-05-20
way/461738898,Hotel Parada,,Chile,-35.843186,-71.6095136,medium,60,osm-chile-hotel-focused-choice-cala-2026-05-20
way/462198133,Entre Ríos,Valdivia,CL,-39.8100989,-73.2437636,high,75,osm-chile-hotel-focused-choice-cala-2026-05-20
way/463263892,Hostel Bosque Nativo,Valdivia,CL,-39.8106853,-73.2439317,high,90,osm-chile-hotel-focused-choice-cala-2026-05-20
way/463310359,AiresBuenos,Valdivia,CL,-39.8155724,-73.2402609,high,75,osm-chile-hotel-focused-choice-cala-2026-05-20
way/463588786,Hostal Villa Paulina,Valdivia,CL,-39.8182439,-73.245525,high,75,osm-chile-hotel-focused-choice-cala-2026-05-20
way/466489427,Balneario Banco Central de Chile,El Quisco,Chile,-33.4168234,-71.6991888,high,75,osm-chile-hotel-focused-choice-cala-2026-05-20
way/469928186,Rincon de Quitor,San Pedro de Atacama,Chile,-22.890989,-68.2090114,high,85,osm-chile-hotel-focused-choice-cala-2026-05-20
way/472369672,El Campesino,Futaleufú,Chile,-43.1842842,-71.8668246,high,75,osm-chile-hotel-focused-choice-cala-2026-05-20
way/473677826,Hotel Terrado,,Chile,-34.1731359,-70.7160243,high,85,osm-chile-hotel-focused-choice-cala-2026-05-20
way/474016119,Estancia 440,Puerto Varas,CL,-41.3125443,-72.9857224,high,75,osm-chile-hotel-focused-choice-cala-2026-05-20
way/474513414,Hospedaje Rita,,Chile,-42.9138918,-72.7081102,medium,65,osm-chile-hotel-focused-choice-cala-2026-05-20
way/474719554,Hostal Chaitén,Chaitén,Chile,-42.917509,-72.7106501,high,75,osm-chile-hotel-focused-choice-cala-2026-05-20
way/475100105,Hotel Schilling,Chaitén,Chile,-42.9149333,-72.7118116,high,75,osm-chile-hotel-focused-choice-cala-2026-05-20
way/475109141,Hosteria Llanos,Chaitén,Chile,-42.9165466,-72.7121842,high,75,osm-chile-hotel-focused-choice-cala-2026-05-20
way/475114000,Hospedaje Trekapangui,Chaitén,Chile,-42.9143709,-72.7059524,high,75,osm-chile-hotel-focused-choice-cala-2026-05-20
way/475114005,Hostel y Camping Las Nalcas,Chaitén,Chile,-42.9147068,-72.7065467,high,75,osm-chile-hotel-focused-choice-cala-2026-05-20
way/475164961,Park Hotel Calama,,Chile,-22.489237,-68.9231281,high,70,osm-chile-hotel-focused-choice-cala-2026-05-20
way/475169340,Cabañas Inti Khory,,Chile,-22.4847456,-68.9211325,medium,55,osm-chile-hotel-focused-choice-cala-2026-05-20
way/475654811,Casa Perla,,Chile,-41.474214,-72.9565071,medium,55,osm-chile-hotel-focused-choice-cala-2026-05-20
way/477592468,Tierra Patagonia,,Chile,-51.0355026,-72.5838157,medium,55,osm-chile-hotel-focused-choice-cala-2026-05-20
way/478247412,Hostería Taltal,,Chile,-25.405612,-70.4855055,medium,55,osm-chile-hotel-focused-choice-cala-2026-05-20
way/478247413,Hotel Plaza,,Chile,-25.4072623,-70.4877526,medium,55,osm-chile-hotel-focused-choice-cala-2026-05-20
way/478293869,Hotel Alto del Sol,Mejillones,Chile,-23.1004477,-70.4461766,high,75,osm-chile-hotel-focused-choice-cala-2026-05-20
way/482108608,Residencial Juanita,,Chile,-35.0909769,-72.0263914,medium,55,osm-chile-hotel-focused-choice-cala-2026-05-20
way/482133551,Hotel Curepto,,Chile,-35.0908135,-72.0210656,medium,55,osm-chile-hotel-focused-choice-cala-2026-05-20
way/485740762,Bellas Artes Hostel,Santiago,Chile,-33.4318835,-70.6421026,high,85,osm-chile-hotel-focused-choice-cala-2026-05-20
way/485980915,Los Olmos,,Chile,-35.4634188,-71.6943271,medium,55,osm-chile-hotel-focused-choice-cala-2026-05-20
way/485983204,Motel Enkuentro,,Chile,-35.4905797,-71.6592349,medium,55,osm-chile-hotel-focused-choice-cala-2026-05-20
way/485983206,Motel Pacífico,,Chile,-35.4922112,-71.6589288,medium,55,osm-chile-hotel-focused-choice-cala-2026-05-20
way/486621018,Cabañas la Nena,Pueto Gala,Chile,-44.2556011,-73.2174821,high,75,osm-chile-hotel-focused-choice-cala-2026-05-20
way/486651729,La Posada,Osorno,CL,-40.5757189,-73.1332288,high,75,osm-chile-hotel-focused-choice-cala-2026-05-20
way/487113972,Casa de Piedra,,Chile,-41.2537481,-73.0069556,medium,55,osm-chile-hotel-focused-choice-cala-2026-05-20
way/487836594,Mi Casa,,Chile,-35.0850823,-72.0178368,medium,65,osm-chile-hotel-focused-choice-cala-2026-05-20
way/488024595,Hotel Playa Sur,,Chile,-23.70882,-70.4310405,medium,55,osm-chile-hotel-focused-choice-cala-2026-05-20
way/490316977,Las Delicias,,Chile,-30.0368666,-70.7174635,medium,55,osm-chile-hotel-focused-choice-cala-2026-05-20
way/490517613,Hotel Innsbruck,Osorno,CL,-40.5774272,-73.1335563,high,75,osm-chile-hotel-focused-choice-cala-2026-05-20
way/490776119,Hospedaje Arrayanes,,Chile,-39.8230174,-73.2446058,medium,55,osm-chile-hotel-focused-choice-cala-2026-05-20
way/492836839,Hostal Borde del Mundo,Horcón,CL,-32.7158101,-71.5080095,high,90,osm-chile-hotel-focused-choice-cala-2026-05-20
way/492865188,Hotel Minero Pampinos SQM,,Chile,-22.3488593,-69.6664747,medium,55,osm-chile-hotel-focused-choice-cala-2026-05-20
way/502125318,El Cairo,,Chile,-23.5705877,-70.3864389,medium,60,osm-chile-hotel-focused-choice-cala-2026-05-20
way/502216989,Residencial Chez Joseph,MZ 28,CL,-27.1494287,-109.4264836,high,75,osm-chile-hotel-focused-choice-cala-2026-05-20
way/502217215,Residencial Chez Óscar,MZ 26,CL,-27.1549311,-109.4302838,high,75,osm-chile-hotel-focused-choice-cala-2026-05-20
way/502217248,Residencial Katarahi,MZ 27,CL,-27.1572423,-109.4318868,high,75,osm-chile-hotel-focused-choice-cala-2026-05-20
way/502217251,Residencial,MZ 7,CL,-27.1552575,-109.4337844,high,75,osm-chile-hotel-focused-choice-cala-2026-05-20
way/502217740,Hotel Victoria,MZ 7,CL,-27.1546385,-109.4344643,high,100,osm-chile-hotel-focused-choice-cala-2026-05-20
way/502217855,Residencial Mahina Taka Taka,MZ 19,CL,-27.1396257,-109.4232865,high,75,osm-chile-hotel-focused-choice-cala-2026-05-20
way/502218089,Hotel Oceana,MZ 31,CL,-27.1578751,-109.4292287,high,75,osm-chile-hotel-focused-choice-cala-2026-05-20
way/502218445,Hotel Orongo,MZ 25,CL,-27.1509419,-109.4298042,high,75,osm-chile-hotel-focused-choice-cala-2026-05-20
way/502218507,Residencial Apina Tupuna,MZ 9,CL,-27.1506264,-109.4351816,high,75,osm-chile-hotel-focused-choice-cala-2026-05-20
way/502218525,Residencial Tiare Anani,MZ 11,CL,-27.152348,-109.4319191,high,75,osm-chile-hotel-focused-choice-cala-2026-05-20
way/502218650,Residencial Chez Cecilia,MZ 17,CL,-27.1425534,-109.4241189,high,75,osm-chile-hotel-focused-choice-cala-2026-05-20
way/502218978,Hotel Hotu Matua,MZ 32,CL,-27.1579552,-109.4250343,high,75,osm-chile-hotel-focused-choice-cala-2026-05-20
way/502219522,Hotel Manutara,MZ 32,CL,-27.1593858,-109.4259356,high,100,osm-chile-hotel-focused-choice-cala-2026-05-20
way/502219573,Residencial Kaveriu,MZ 27,CL,-27.1548346,-109.4325731,high,75,osm-chile-hotel-focused-choice-cala-2026-05-20
way/502219651,Residencial Martn Hereveri,MZ 34-35-36,CL,-27.150901,-109.422453,high,75,osm-chile-hotel-focused-choice-cala-2026-05-20
way/502219731,Residencial Tauke,MZ 25,CL,-27.1485128,-109.4269226,high,75,osm-chile-hotel-focused-choice-cala-2026-05-20
way/502222148,Camping Mihinoa,MZ 7,CL,-27.1516814,-109.4396188,high,75,osm-chile-hotel-focused-choice-cala-2026-05-20
way/502222162,Hotel Tupa,Haŋa Roa,CL,-27.1516376,-109.4348076,high,100,osm-chile-hotel-focused-choice-cala-2026-05-20
way/502222182,Residencial Mahina Taka Taka,MZ 19,CL,-27.1397949,-109.423524,high,75,osm-chile-hotel-focused-choice-cala-2026-05-20
way/502222247,Residencial Vai Kaipua,MZ 28,CL,-27.1511592,-109.4275949,high,75,osm-chile-hotel-focused-choice-cala-2026-05-20
way/502222346,Residencial Rapa Nui Inn,MZ 27,CL,-27.1562394,-109.4333545,high,75,osm-chile-hotel-focused-choice-cala-2026-05-20
way/504812892,La Grinca Carioca,Futaleufú,Chile,-43.1876201,-71.869912,high,100,osm-chile-hotel-focused-choice-cala-2026-05-20
way/504812900,Los Pioneros,Futaleufú,Chile,-43.1873053,-71.8691135,high,75,osm-chile-hotel-focused-choice-cala-2026-05-20
way/504815685,El Barranco,Futaleufú,Chile,-43.18567,-71.8723863,high,100,osm-chile-hotel-focused-choice-cala-2026-05-20
way/504815686,Cañete,Futaleufú,Chile,-43.186545,-71.8708733,high,75,osm-chile-hotel-focused-choice-cala-2026-05-20
way/504841457,La Escondida,Futaleufú,Chile,-43.1838324,-71.8652135,high,75,osm-chile-hotel-focused-choice-cala-2026-05-20
way/505079002,Hospedaje Cordillera,Futaleufú,Chile,-43.1846583,-71.8733796,high,85,osm-chile-hotel-focused-choice-cala-2026-05-20
way/505955270,Alto del Sol,Antofagasta,CL,-23.6758286,-70.4079532,high,85,osm-chile-hotel-focused-choice-cala-2026-05-20
way/506749699,Cabañas Lonquimay,,Chile,-29.9564221,-71.2958295,medium,55,osm-chile-hotel-focused-choice-cala-2026-05-20
way/514835828,Río Colonia,Niebla,Chile,-39.8673597,-73.3943402,high,75,osm-chile-hotel-focused-choice-cala-2026-05-20
way/516869301,City Express by Marriott,,Chile,-33.4288951,-70.782645,medium,55,osm-chile-hotel-focused-choice-cala-2026-05-20
way/519080873,Alcantara II,Viña del Mar,CL,-33.0262343,-71.5550616,high,75,osm-chile-hotel-focused-choice-cala-2026-05-20
way/519080877,Mount Royal,Viña del Mar,CL,-33.0257549,-71.5591572,high,75,osm-chile-hotel-focused-choice-cala-2026-05-20
way/519429144,Mirador de Bucalemu,,Chile,-34.6400715,-72.0458227,medium,55,osm-chile-hotel-focused-choice-cala-2026-05-20
way/523854855,Mirage,,Chile,-38.7711886,-72.6308965,high,70,osm-chile-hotel-focused-choice-cala-2026-05-20
way/523914268,La Hostería,,Chile,-34.8470862,-72.0419491,medium,55,osm-chile-hotel-focused-choice-cala-2026-05-20
way/525747644,Apart Hotel Playa Blanca,Bahía Inglesa,Chile,-27.0994888,-70.8600957,high,75,osm-chile-hotel-focused-choice-cala-2026-05-20
way/526820010,Hotel Alto del Sol Plaza Mejillones,Mejillones,Chile,-23.1006,-70.448967,high,75,osm-chile-hotel-focused-choice-cala-2026-05-20
way/527408997,Hostal Casa Mutrún,Constitución,Chile,-35.3358593,-72.4084333,high,75,osm-chile-hotel-focused-choice-cala-2026-05-20
way/531513266,Ibis,,Chile,-22.4571756,-68.923987,high,70,osm-chile-hotel-focused-choice-cala-2026-05-20
way/531553527,Vitrali Beach,Bahía Loreto,Chile,-27.0834521,-70.8344698,high,75,osm-chile-hotel-focused-choice-cala-2026-05-20
way/532073183,Blanco Encalada,Bahía Inglesa,Chile,-27.1034772,-70.8550565,high,75,osm-chile-hotel-focused-choice-cala-2026-05-20
way/533028073,Hostal Central Cochrane,,Chile,-47.25294,-72.576244,high,70,osm-chile-hotel-focused-choice-cala-2026-05-20
way/533170834,Rosa Agustina Club Resort,,Chile,-33.0046016,-71.1718472,high,85,osm-chile-hotel-focused-choice-cala-2026-05-20
way/534585389,Hostería Chañaral,,Chile,-26.3480921,-70.6256331,medium,55,osm-chile-hotel-focused-choice-cala-2026-05-20
way/536945711,Hotel Boutique Quinta María,Santa Cruz,Chile,-34.6333977,-71.3534721,high,75,osm-chile-hotel-focused-choice-cala-2026-05-20
way/539618185,Alojamiento Emilia House y Camping,Punta Arenas,AR,-53.1599487,-70.8931586,high,85,osm-chile-hotel-focused-choice-cala-2026-05-20
way/540523345,Hostal CasaKarry,,Chile,-26.3597899,-70.6436251,medium,55,osm-chile-hotel-focused-choice-cala-2026-05-20
way/540836405,Hostal Playa Mar,Chañaral,Chile,-26.3433605,-70.6198986,high,75,osm-chile-hotel-focused-choice-cala-2026-05-20
way/543003084,El Paso,Valdivia,Chile,-39.8632393,-73.3927113,high,75,osm-chile-hotel-focused-choice-cala-2026-05-20
way/543944858,Hyatt Centric,Las Condes,Chile,-33.4159048,-70.5945342,high,100,osm-chile-hotel-focused-choice-cala-2026-05-20
way/544440122,Hospedaje Tenaún,,Chile,-42.332423,-73.3735557,medium,55,osm-chile-hotel-focused-choice-cala-2026-05-20
way/544440139,Hospedaje María,,Chile,-42.3322274,-73.3723436,medium,55,osm-chile-hotel-focused-choice-cala-2026-05-20
way/545098533,Internado de niñas,Doñihue,Chile,-34.2238788,-70.9617629,high,75,osm-chile-hotel-focused-choice-cala-2026-05-20
way/545174474,Hostal Aventura Austral,Punta Arenas,Chile,-53.1638095,-70.9204494,high,85,osm-chile-hotel-focused-choice-cala-2026-05-20
way/545989535,Hotel Maitencillo,Puchuncaví,Chile,-32.6501701,-71.4412313,high,95,osm-chile-hotel-focused-choice-cala-2026-05-20
way/546928078,Hospedaje La Unión,Puerto Ingeniero Ibáñez,Chile,-46.2934449,-71.9391063,high,75,osm-chile-hotel-focused-choice-cala-2026-05-20
way/546929508,Hospedaje Don Francisco,Puerto Ingeniero Ibáñez,Chile,-46.2944615,-71.9413607,high,75,osm-chile-hotel-focused-choice-cala-2026-05-20
way/546945808,Hospedaje,,Chile,-42.3027562,-73.423487,medium,55,osm-chile-hotel-focused-choice-cala-2026-05-20
way/547267281,Casa Ludwig,Puyuhuapi,Chile,-44.326092,-72.5546318,high,100,osm-chile-hotel-focused-choice-cala-2026-05-20
way/547682080,Cabañas Illampu,,Chile,-43.4135356,-72.3658518,medium,55,osm-chile-hotel-focused-choice-cala-2026-05-20
way/548175639,Alaia Hotel,,Chile,-34.4279308,-72.039688,medium,55,osm-chile-hotel-focused-choice-cala-2026-05-20
way/548469020,San Pedro,,Chile,-41.1273252,-73.0566232,medium,55,osm-chile-hotel-focused-choice-cala-2026-05-20
way/549481184,Costa Azul B&B,Valparaíso,Chile,-33.0381564,-71.6455663,high,85,osm-chile-hotel-focused-choice-cala-2026-05-20
way/549642248,Hotel de Viño,,Chile,-33.0257517,-71.5538048,medium,60,osm-chile-hotel-focused-choice-cala-2026-05-20
way/550008380,Hostel El Refugio,Los Lagos,Chile,-39.8618866,-72.8111281,high,85,osm-chile-hotel-focused-choice-cala-2026-05-20
way/551695449,Cabañas don Ivan Railaf,Chaihuín,Chile,-39.9491144,-73.5732889,high,85,osm-chile-hotel-focused-choice-cala-2026-05-20
way/551999687,Hotel,,Chile,-31.7802476,-70.9694368,medium,55,osm-chile-hotel-focused-choice-cala-2026-05-20
way/551999694,Valle Mineral,Salamanca,Chile,-31.7784761,-70.9655828,high,75,osm-chile-hotel-focused-choice-cala-2026-05-20
way/551999700,Hotel Tambo Diaguitas,,Chile,-31.7799852,-70.9700496,medium,55,osm-chile-hotel-focused-choice-cala-2026-05-20
way/551999702,Hotel San Enrique,Salamanca,Chile,-31.7808962,-70.967977,high,75,osm-chile-hotel-focused-choice-cala-2026-05-20
way/552619095,Hotel Versalles Suites Puerto Montt,Puerto Montt,Chile,-41.5120222,-73.0005419,high,75,osm-chile-hotel-focused-choice-cala-2026-05-20
way/553377616,Casa Club Hostel,Valparaíso,CL,-33.0296984,-71.6317403,high,75,osm-chile-hotel-focused-choice-cala-2026-05-20
way/555518899,Hotel Lodge Las Cascadas,"Puerto Octay, X Región, Chile",Chile,-41.0779369,-72.6451407,high,75,osm-chile-hotel-focused-choice-cala-2026-05-20
way/556778358,Refugio Ecobox Andino,,Chile,-36.9117686,-71.4875669,high,70,osm-chile-hotel-focused-choice-cala-2026-05-20
way/561020063,Hotel Termas de Panimavida,,Chile,-35.7623562,-71.4165412,medium,55,osm-chile-hotel-focused-choice-cala-2026-05-20
way/562589214,El Blanco,Coyhaique,Chile,-45.8081369,-71.9194525,high,75,osm-chile-hotel-focused-choice-cala-2026-05-20
way/562641299,Hostal Argomedo,,Chile,-34.9875435,-71.243106,medium,60,osm-chile-hotel-focused-choice-cala-2026-05-20
way/562641301,Diego de Almagro,Curicó,Chile,-34.9868464,-71.2349175,high,75,osm-chile-hotel-focused-choice-cala-2026-05-20
way/562765872,Radisson Hotel Curicó,Curicó,Chile,-34.9862626,-71.2332133,high,100,osm-chile-hotel-focused-choice-cala-2026-05-20
way/562881427,Hotel Boutique Raíces,,Chile,-34.9833986,-71.2392375,medium,60,osm-chile-hotel-focused-choice-cala-2026-05-20
way/564451886,Hotel Comercio,,Chile,-34.9833127,-71.2402369,medium,60,osm-chile-hotel-focused-choice-cala-2026-05-20
way/564729364,Hostal Charlotte,,Chile,-34.9774223,-71.2414429,medium,60,osm-chile-hotel-focused-choice-cala-2026-05-20
way/564848760,Hotel Terrano,,Chile,-36.8294365,-73.0536196,medium,60,osm-chile-hotel-focused-choice-cala-2026-05-20
way/565162485,Hotel Boutique Suri,La Serena,Chile,-29.9050279,-71.2458519,high,75,osm-chile-hotel-focused-choice-cala-2026-05-20
way/565185270,Cordillera,,Chile,-35.429241,-71.6577051,high,80,osm-chile-hotel-focused-choice-cala-2026-05-20
way/565185271,Hotel de Talca,,Chile,-35.4291987,-71.6578916,medium,60,osm-chile-hotel-focused-choice-cala-2026-05-20
way/565185272,Hostal del Monte,,Chile,-35.4292526,-71.6575729,medium,60,osm-chile-hotel-focused-choice-cala-2026-05-20
way/565185277,HostalSur,Talca,Chile,-35.4282413,-71.6690306,high,75,osm-chile-hotel-focused-choice-cala-2026-05-20
way/565584787,Hotel Bulness,,Chile,-36.820413,-73.0548222,medium,60,osm-chile-hotel-focused-choice-cala-2026-05-20
way/565588059,Hostal Pehuenche,,Chile,-35.4266442,-71.6592425,medium,60,osm-chile-hotel-focused-choice-cala-2026-05-20
way/565607941,Cristal Hotel,,Chile,-34.5921238,-70.9865185,medium,60,osm-chile-hotel-focused-choice-cala-2026-05-20
way/566820670,Dolvia,Rancagua,Chile,-34.1657807,-70.7345457,high,75,osm-chile-hotel-focused-choice-cala-2026-05-20
way/567137653,Hotel Las Rosas,,Chile,-36.8230916,-73.0571985,medium,60,osm-chile-hotel-focused-choice-cala-2026-05-20
way/567183953,Hostal Colo Colo,Concepción,Chile,-36.8232898,-73.0500832,high,75,osm-chile-hotel-focused-choice-cala-2026-05-20
way/567215747,Las Magdalenas,,Chile,-36.8613141,-73.0953257,medium,60,osm-chile-hotel-focused-choice-cala-2026-05-20
way/567595298,Hotel O'Higgins,Viña del Mar,CL,-33.0238592,-71.5507221,high,100,osm-chile-hotel-focused-choice-cala-2026-05-20
way/570033249,Hotel Neruda Express,Las Condes,Chile,-33.4177838,-70.5985897,high,100,osm-chile-hotel-focused-choice-cala-2026-05-20
way/571156319,Hostal Bella Costa,Viña del Mar,CL,-33.0171753,-71.5569986,high,75,osm-chile-hotel-focused-choice-cala-2026-05-20
way/574238120,Domvs Mare,Viña del Mar,CL,-33.0265569,-71.5736212,high,75,osm-chile-hotel-focused-choice-cala-2026-05-20
way/575158923,Hotel Mae,Puchuncaví,Chile,-32.6586131,-71.4421935,high,100,osm-chile-hotel-focused-choice-cala-2026-05-20
way/576357970,Hostal Los Castaños,San Alfonso,Chile,-33.7292109,-70.3163191,high,75,osm-chile-hotel-focused-choice-cala-2026-05-20
way/582808421,Hostal Patagonia Mística,,Chile,-53.1617684,-70.8993173,medium,60,osm-chile-hotel-focused-choice-cala-2026-05-20
way/584268682,Hospedaje Los Robles,Valdivia,CL,-39.8102808,-73.2546503,high,75,osm-chile-hotel-focused-choice-cala-2026-05-20
way/587788942,Mirella,,Chile,-42.3314236,-73.3762169,medium,55,osm-chile-hotel-focused-choice-cala-2026-05-20
way/588210773,Hostal Los Ciruelos,Valdivia,CL,-39.8280662,-73.2415298,high,75,osm-chile-hotel-focused-choice-cala-2026-05-20
way/588238004,Zuhause,Valdivia,CL,-39.8282157,-73.2489372,high,75,osm-chile-hotel-focused-choice-cala-2026-05-20
way/589548032,Eurohotel,Providencia,Chile,-33.4251075,-70.6098507,high,75,osm-chile-hotel-focused-choice-cala-2026-05-20
way/590590362,Club de Campo Carabineros de Chile,,Chile,-33.6435294,-71.6134517,medium,55,osm-chile-hotel-focused-choice-cala-2026-05-20
way/591314418,Hotel Palma de Mallorca,La Serena,Chile,-29.9029672,-71.2467184,high,75,osm-chile-hotel-focused-choice-cala-2026-05-20
way/593911599,Hotel Vivo Montaña,,Chile,-36.9133487,-71.488119,medium,55,osm-chile-hotel-focused-choice-cala-2026-05-20
way/595224890,Erratic Rock,Puerto Natales,Chile,-51.7314941,-72.4995677,high,75,osm-chile-hotel-focused-choice-cala-2026-05-20
way/595238628,Hostal Makita,Puerto Natales,Chile,-51.7323148,-72.4984902,high,75,osm-chile-hotel-focused-choice-cala-2026-05-20
way/595238629,Hostal Josmar,Puerto Natales,Chile,-51.7322894,-72.4981617,high,75,osm-chile-hotel-focused-choice-cala-2026-05-20
way/595300389,Corner Hostel,Puerto Natales,Chile,-51.7307838,-72.4981005,high,90,osm-chile-hotel-focused-choice-cala-2026-05-20
way/595301580,Casa Lucy,Puerto Natales,Chile,-51.7305048,-72.4949747,high,85,osm-chile-hotel-focused-choice-cala-2026-05-20
way/595309648,Camping Natales,Puerto Natales,Chile,-51.7222942,-72.5086388,high,75,osm-chile-hotel-focused-choice-cala-2026-05-20
way/597913580,Hostal Casablanca,Valdivia,CL,-39.8131704,-73.237183,high,75,osm-chile-hotel-focused-choice-cala-2026-05-20
way/598633819,Hotel Terrado Arturo Prat,Iquique,Chile,-20.2141839,-70.153153,high,75,osm-chile-hotel-focused-choice-cala-2026-05-20
way/600357734,Hotel Qantati,Putre,Chile,-18.1983897,-69.5652887,high,75,osm-chile-hotel-focused-choice-cala-2026-05-20
way/604384335,Ibis Budget,Providencia,Chile,-33.4306354,-70.61882,high,85,osm-chile-hotel-focused-choice-cala-2026-05-20
way/605653727,Hostal Oregon,,Chile,-33.0400486,-71.5915373,medium,55,osm-chile-hotel-focused-choice-cala-2026-05-20
way/607443446,Estación Hostel,Valparaiso,CL,-33.0240338,-71.636973,high,75,osm-chile-hotel-focused-choice-cala-2026-05-20
way/614945986,Hotel Magic,Viña del Mar,CL,-33.0217954,-71.554668,high,75,osm-chile-hotel-focused-choice-cala-2026-05-20
way/617224729,Hostal Altos del Maule,Coronel,Chile,-37.0055517,-73.1852592,high,100,osm-chile-hotel-focused-choice-cala-2026-05-20
way/618554597,Hotel Savona,Arica,Chile,-18.4808085,-70.3201711,high,75,osm-chile-hotel-focused-choice-cala-2026-05-20
way/619210546,Hosta La Frontera,,Chile,-41.4613405,-72.2269957,medium,55,osm-chile-hotel-focused-choice-cala-2026-05-20
way/619291699,Hotel Ibis Iquique,,Chile,-20.2200839,-70.1512849,medium,55,osm-chile-hotel-focused-choice-cala-2026-05-20
way/620165410,Holiday Inn Express,Iquique,Chile,-20.2396751,-70.1456467,high,85,osm-chile-hotel-focused-choice-cala-2026-05-20
way/620336528,Hotel Galvarino,Tocopilla,Chile,-22.0896006,-70.1959401,high,75,osm-chile-hotel-focused-choice-cala-2026-05-20
way/621762030,Hotel Foresta,Santiago,Chile,-33.4379584,-70.6428715,high,75,osm-chile-hotel-focused-choice-cala-2026-05-20
way/622735232,Hotel Maule,Cauquenes,Chile,-35.9667635,-72.3171631,high,95,osm-chile-hotel-focused-choice-cala-2026-05-20
way/622803487,Hostería Curanipe,Curanipe,Chile,-35.8456164,-72.6367202,high,100,osm-chile-hotel-focused-choice-cala-2026-05-20
way/622803488,Hostería Curanipe,Curanipe,Chile,-35.8452077,-72.6371401,high,85,osm-chile-hotel-focused-choice-cala-2026-05-20
way/624300652,Hotel Diego de Almagro,Chillán,Chile,-36.6032161,-72.1074608,high,75,osm-chile-hotel-focused-choice-cala-2026-05-20
way/624448389,Hotel Manso de Velasco,,Chile,-34.5862577,-70.9918955,medium,55,osm-chile-hotel-focused-choice-cala-2026-05-20
way/624718587,Alojamiento,,Chile,-40.6564803,-72.187538,medium,55,osm-chile-hotel-focused-choice-cala-2026-05-20
way/625463244,Hostal Pachamama,Putre,Chile,-18.1986353,-69.5588299,high,75,osm-chile-hotel-focused-choice-cala-2026-05-20
way/625592154,Hotel La Paloma,Putre,Chile,-18.1974532,-69.5588668,high,75,osm-chile-hotel-focused-choice-cala-2026-05-20
way/625603390,Jurasi Ecolodge,Putre,Chile,-18.2002757,-69.5604212,high,75,osm-chile-hotel-focused-choice-cala-2026-05-20
way/625606375,Hotel Kukuli,Putre,Chile,-18.1979159,-69.5582751,high,75,osm-chile-hotel-focused-choice-cala-2026-05-20
way/625768677,Hostal Cali,Putre,Chile,-18.1979591,-69.5586136,high,75,osm-chile-hotel-focused-choice-cala-2026-05-20
way/627058035,Hostal Camino del Inka,Colchane,Chile,-19.2763886,-68.6366933,high,75,osm-chile-hotel-focused-choice-cala-2026-05-20
way/628138612,Albergue Municipal,,Chile,-53.2937328,-70.3695446,medium,55,osm-chile-hotel-focused-choice-cala-2026-05-20
way/628569934,La Cornisa Lodge,Lo Barnechea,Chile,-33.3514034,-70.3151393,high,100,osm-chile-hotel-focused-choice-cala-2026-05-20
way/628571319,Punta Ballena,Pichilemu,Chile,-34.4031505,-72.0158129,high,75,osm-chile-hotel-focused-choice-cala-2026-05-20
way/628572762,Sirena,Pichilemu,Chile,-34.3899969,-72.0161652,high,75,osm-chile-hotel-focused-choice-cala-2026-05-20
way/628574046,Rodolfo Reyes,Las Cruces,Chile,-33.499006,-71.6158126,high,95,osm-chile-hotel-focused-choice-cala-2026-05-20
way/628831704,Centro Turístico Valle Verde,,Chile,-33.0355649,-71.295576,medium,55,osm-chile-hotel-focused-choice-cala-2026-05-20
way/629331926,Hostal El Marino,Pichidangui,Chile,-32.140299,-71.5294311,high,75,osm-chile-hotel-focused-choice-cala-2026-05-20
way/630023535,Hotel Manavai,MZ 15,CL,-27.1473179,-109.4276094,high,75,osm-chile-hotel-focused-choice-cala-2026-05-20
way/630023536,Hotel Otai,MZ 15,CL,-27.146596,-109.4275095,high,75,osm-chile-hotel-focused-choice-cala-2026-05-20
way/630023913,Residencial Tadeo Y Lili,MZ 9,CL,-27.149644,-109.4330584,high,75,osm-chile-hotel-focused-choice-cala-2026-05-20
way/630024408,Residencial Anita Rapu,MZ 9,Chile,-27.1509239,-109.4353292,high,75,osm-chile-hotel-focused-choice-cala-2026-05-20
way/630024411,Hotel Taha Tai,Haŋa Roa,CL,-27.150512,-109.4345258,high,100,osm-chile-hotel-focused-choice-cala-2026-05-20
way/630228157,Residencial Aloha Nui,MZ 7,CL,-27.1561763,-109.4339469,high,75,osm-chile-hotel-focused-choice-cala-2026-05-20
way/631449673,Hotel Central,,Chile,-34.5860301,-70.992489,medium,55,osm-chile-hotel-focused-choice-cala-2026-05-20
way/631712638,Santissimo,Viña del Mar,Chile,-33.0200545,-71.5572083,high,75,osm-chile-hotel-focused-choice-cala-2026-05-20
way/636068450,ICON Hotel Santiago,Las Condes,Chile,-33.4077276,-70.5680444,high,75,osm-chile-hotel-focused-choice-cala-2026-05-20
way/637621112,Olabonita Ritoque Lodge,,Chile,-32.8278092,-71.5293646,medium,55,osm-chile-hotel-focused-choice-cala-2026-05-20
way/637621116,La Ritoqueña,,Chile,-32.8279577,-71.529634,high,80,osm-chile-hotel-focused-choice-cala-2026-05-20
way/637692364,Hostal,,Chile,-39.2797304,-71.9691389,medium,65,osm-chile-hotel-focused-choice-cala-2026-05-20
way/638106448,Vo Hotel Barrio Italia,Providencia,Chile,-33.4463669,-70.6298102,high,75,osm-chile-hotel-focused-choice-cala-2026-05-20
way/639245457,Hostal,,Chile,-39.2779989,-71.9706533,medium,55,osm-chile-hotel-focused-choice-cala-2026-05-20
way/639494336,Hotel Rondo,Viña del Mar,CL,-33.0211393,-71.5580629,high,75,osm-chile-hotel-focused-choice-cala-2026-05-20
way/639494341,Hostal Viña Bella,Viña del Mar,CL,-33.0208042,-71.5583338,high,75,osm-chile-hotel-focused-choice-cala-2026-05-20
way/639687669,Mandarín Oriental Santiago,Las Condes,Chile,-33.4038932,-70.5828709,high,100,osm-chile-hotel-focused-choice-cala-2026-05-20
way/640524506,Hotel de la Amanda,,Chile,-36.732079,-72.4607043,medium,55,osm-chile-hotel-focused-choice-cala-2026-05-20
way/647488981,Hotel Restaurant Pencahue,Pencahue,Chile,-35.3955726,-71.7995065,high,75,osm-chile-hotel-focused-choice-cala-2026-05-20
way/648274758,Hostal Punta Sur,Isla Mocha,Chile,-38.3943379,-73.9222653,high,75,osm-chile-hotel-focused-choice-cala-2026-05-20
way/648274794,Hostal Sra María,,Chile,-38.3454558,-73.9131421,medium,55,osm-chile-hotel-focused-choice-cala-2026-05-20
way/648879773,Centro de Bienestar de Personal Banco Estado,,Chile,-29.9313713,-71.2775174,medium,55,osm-chile-hotel-focused-choice-cala-2026-05-20
way/649384553,Mar Blanco Hotel - Restaurant,Navidad,Chile,-33.9606105,-71.8734131,high,75,osm-chile-hotel-focused-choice-cala-2026-05-20
way/655482865,Hostel Patiperro,Pichilemu,Chile,-34.3952201,-72.0248639,high,75,osm-chile-hotel-focused-choice-cala-2026-05-20
way/656376863,Hotel Boston,Quillota,CL,-32.8687454,-71.2388617,high,75,osm-chile-hotel-focused-choice-cala-2026-05-20
way/659554574,No me Olvides,,Chile,-46.5430049,-71.7144227,medium,55,osm-chile-hotel-focused-choice-cala-2026-05-20
way/660355015,Quinta Vergara,Viña del Mar,CL,-33.0276145,-71.5528746,high,75,osm-chile-hotel-focused-choice-cala-2026-05-20
way/660635606,Hotel Bordeplaza,Viña del Mar,CL,-33.0201221,-71.559411,high,75,osm-chile-hotel-focused-choice-cala-2026-05-20
way/660635991,Casas del Mar,Viña del Mar,Chile,-32.9706671,-71.5401438,high,75,osm-chile-hotel-focused-choice-cala-2026-05-20
way/663359501,Mi Ruca,,Chile,-43.9710841,-72.4038744,medium,55,osm-chile-hotel-focused-choice-cala-2026-05-20
way/663359517,Alto Melimoyu,,Chile,-43.9709603,-72.4001377,medium,55,osm-chile-hotel-focused-choice-cala-2026-05-20
way/664943968,Doña Ruth,,Chile,-45.1752256,-72.1493291,medium,55,osm-chile-hotel-focused-choice-cala-2026-05-20
way/665418811,Loberías del Sur,Puerto Chacabuco,Chile,-45.4658265,-72.8177096,high,100,osm-chile-hotel-focused-choice-cala-2026-05-20
way/666715972,Isla Mocha Punta Norte Lodge,,Chile,-38.3385214,-73.9357165,high,70,osm-chile-hotel-focused-choice-cala-2026-05-20
way/668172957,Cabañas Pilolcura,,Chile,-39.6707703,-73.3496683,medium,55,osm-chile-hotel-focused-choice-cala-2026-05-20
way/671637713,Ugo Hotel,Providencia,Chile,-33.421931,-70.6035748,high,75,osm-chile-hotel-focused-choice-cala-2026-05-20
way/673748755,El Dorado,,Chile,-53.0946054,-70.8786577,medium,55,osm-chile-hotel-focused-choice-cala-2026-05-20
way/674129653,Hotel Central,Chimbarongo,Chile,-34.7072038,-71.0422655,high,75,osm-chile-hotel-focused-choice-cala-2026-05-20
way/676041000,Hostal Prat II,Valdivia,CL,-39.8115464,-73.2406843,high,75,osm-chile-hotel-focused-choice-cala-2026-05-20
way/676041004,Hostal Prat,Valdivia,CL,-39.8110396,-73.2399555,high,75,osm-chile-hotel-focused-choice-cala-2026-05-20
way/676041007,Encanto del Río,Valdivia,Chile,-39.8097981,-73.2425648,high,100,osm-chile-hotel-focused-choice-cala-2026-05-20
way/676386310,Hotel Diego de Almagro,Viña del Mar,CL,-33.0213057,-71.5572649,high,75,osm-chile-hotel-focused-choice-cala-2026-05-20
way/679823234,Hotel Canto del Mar,La Serena,Chile,-29.9162568,-71.2749603,high,75,osm-chile-hotel-focused-choice-cala-2026-05-20
way/684962703,Hostal Esenciadel Desierto,,Chile,-22.9156418,-68.1942645,medium,55,osm-chile-hotel-focused-choice-cala-2026-05-20
way/685737989,Copas Cabañas,,Chile,-34.9178585,-71.3050083,medium,55,osm-chile-hotel-focused-choice-cala-2026-05-20
way/689784249,Motel Los Jardines,,Chile,-33.0425085,-71.4758384,medium,55,osm-chile-hotel-focused-choice-cala-2026-05-20
way/689987129,Hotel Río Serrano,Torres del Paine,Chile,-51.2333557,-72.9793313,high,75,osm-chile-hotel-focused-choice-cala-2026-05-20
way/689987138,Hotel Lago Toro,Torres del Paine,Chile,-51.2340996,-72.978063,high,75,osm-chile-hotel-focused-choice-cala-2026-05-20
way/690596770,Lukas Mary Hostal,ancud,Chile,-41.8662693,-73.8254302,high,95,osm-chile-hotel-focused-choice-cala-2026-05-20
way/693703502,Hotel Fio Fio,Puerto Williams,Chile,-54.9366791,-67.613845,high,75,osm-chile-hotel-focused-choice-cala-2026-05-20
way/693868761,Pensión Chile,,Chile,-34.765762,-72.0767709,medium,55,osm-chile-hotel-focused-choice-cala-2026-05-20
way/697202505,Hostal Los Naranjos,Nancagua,Chile,-34.6525816,-71.2042541,high,75,osm-chile-hotel-focused-choice-cala-2026-05-20
way/697909501,Hostal Pillán,,Chile,-39.2747304,-71.967313,medium,55,osm-chile-hotel-focused-choice-cala-2026-05-20
way/700462123,Donde El Gringo,,Chile,-38.851331,-71.5040246,medium,60,osm-chile-hotel-focused-choice-cala-2026-05-20
way/700466299,Agro-Turismo Santa Carolina,,Chile,-38.8551487,-71.542148,medium,60,osm-chile-hotel-focused-choice-cala-2026-05-20
way/704408848,Cabañas Las Totoras,,Chile,-32.8468177,-70.9752201,medium,55,osm-chile-hotel-focused-choice-cala-2026-05-20
way/705255872,Nest Paris-Londres,Santiago,Chile,-33.4445009,-70.6482889,high,90,osm-chile-hotel-focused-choice-cala-2026-05-20
way/705582489,Cabañas San-Pedro,,Chile,-34.9835327,-71.7898512,medium,55,osm-chile-hotel-focused-choice-cala-2026-05-20
way/705795447,Ekos de Mar,,Chile,-29.2553646,-71.4482237,medium,55,osm-chile-hotel-focused-choice-cala-2026-05-20
way/709499859,Quimsayata Ajata,,Chile,-18.2320722,-69.1881606,medium,60,osm-chile-hotel-focused-choice-cala-2026-05-20
way/710759155,Hacienda Los Andes,Río Hurtado,Chile,-30.2954237,-70.7129055,high,75,osm-chile-hotel-focused-choice-cala-2026-05-20
way/712431791,Salvador Hostal y Café,Providencia,Chile,-33.4390286,-70.6251098,high,75,osm-chile-hotel-focused-choice-cala-2026-05-20
way/713180490,El Bandio,Matilla,Chile,-20.5122567,-69.3604706,high,75,osm-chile-hotel-focused-choice-cala-2026-05-20
way/714960177,Hotel Bayern,Temuco,CL,-38.734755,-72.5897434,high,100,osm-chile-hotel-focused-choice-cala-2026-05-20
way/719423237,El Guanaquito,,Chile,-30.1972696,-71.4293719,medium,55,osm-chile-hotel-focused-choice-cala-2026-05-20
way/721024088,Hostal Tótem,Valdivia,CL,-39.8105094,-73.2427274,high,75,osm-chile-hotel-focused-choice-cala-2026-05-20
way/722646519,Hotel Florencia,Viña del Mar,CL,-33.0197053,-71.5524516,high,75,osm-chile-hotel-focused-choice-cala-2026-05-20
way/722646521,Hg,Viña del Mar,CL,-33.0198149,-71.5525694,high,75,osm-chile-hotel-focused-choice-cala-2026-05-20
way/723297524,Residencial Imperio,Talca,Chile,-35.4173743,-71.6645223,high,100,osm-chile-hotel-focused-choice-cala-2026-05-20
way/723551699,El Pequeño,,Chile,-30.1970382,-71.4303826,medium,55,osm-chile-hotel-focused-choice-cala-2026-05-20
way/723631001,Ayelen Apart Hotel,Calama,Chile,-22.4630907,-68.9305411,high,90,osm-chile-hotel-focused-choice-cala-2026-05-20
way/724205352,El Rincón de la Nina,Cadillal,Chile,-39.9936857,-73.508875,high,100,osm-chile-hotel-focused-choice-cala-2026-05-20
way/725703285,Hotel Agua Santa,,Chile,-33.0266712,-71.5626213,medium,55,osm-chile-hotel-focused-choice-cala-2026-05-20
way/727955518,Hotel Cumbres Lastarria,Santiago,Chile,-33.4378405,-70.6408236,high,90,osm-chile-hotel-focused-choice-cala-2026-05-20
way/727955522,The Singular Santiago,Santiago,Chile,-33.4372755,-70.6406727,high,100,osm-chile-hotel-focused-choice-cala-2026-05-20
way/729246178,Lastarria Santiago Suite,Santiago,Chile,-33.4389324,-70.6417202,high,75,osm-chile-hotel-focused-choice-cala-2026-05-20
way/729795111,Restaurant y Pensión Donde Gonzalo,,Chile,-35.3955872,-71.7991243,medium,55,osm-chile-hotel-focused-choice-cala-2026-05-20
way/736589056,Despertar de Job,Porvenir,CL,-53.297561,-70.3766311,high,75,osm-chile-hotel-focused-choice-cala-2026-05-20
way/736596067,Colón,Porvenir,CL,-53.2957533,-70.3655823,high,75,osm-chile-hotel-focused-choice-cala-2026-05-20
way/738585880,Jatata Express,Calama,Chile,-22.4623682,-68.9234457,high,75,osm-chile-hotel-focused-choice-cala-2026-05-20
way/744200698,Secretos,Punta Arenas,Chile,-53.1607227,-70.8913441,high,75,osm-chile-hotel-focused-choice-cala-2026-05-20
way/744339572,Pérez Rosales,Valdivia,CL,-39.8169109,-73.2358954,high,75,osm-chile-hotel-focused-choice-cala-2026-05-20
way/754033158,Plaza Colón,Arica,Chile,-18.4790318,-70.3202193,high,75,osm-chile-hotel-focused-choice-cala-2026-05-20
way/755234581,Hostal Ruta del Norte,Huara,Chile,-19.9960987,-69.7678007,high,75,osm-chile-hotel-focused-choice-cala-2026-05-20
way/755774990,Espacio y Tiempo,,Chile,-43.9715613,-72.400273,medium,55,osm-chile-hotel-focused-choice-cala-2026-05-20
way/760392639,Apart Hotel Río Cruces,Valdivia,CL,-39.8188403,-73.2302292,high,75,osm-chile-hotel-focused-choice-cala-2026-05-20
way/760398582,Olmué Natura Lodge & Spa,Olmué,CL,-32.9902108,-71.1868233,high,75,osm-chile-hotel-focused-choice-cala-2026-05-20
way/761548314,Hotel Antillanca,,Chile,-40.7755693,-72.2026171,medium,55,osm-chile-hotel-focused-choice-cala-2026-05-20
way/766744737,Ismael Hotel,Santiago,Chile,-33.4365775,-70.6413682,high,100,osm-chile-hotel-focused-choice-cala-2026-05-20
way/772308053,Stop Over Hostel & Restobar,Valdivia,CL,-39.8195053,-73.2454218,high,75,osm-chile-hotel-focused-choice-cala-2026-05-20
way/775626376,Liquen Hostal,Valdivia,CL,-39.8346031,-73.2396356,high,85,osm-chile-hotel-focused-choice-cala-2026-05-20
way/775848699,Hotel Peuñomar 2,,Chile,-35.8741944,-72.6692793,medium,55,osm-chile-hotel-focused-choice-cala-2026-05-20
way/776108587,Hotel Punta Sirena,,Chile,-35.8742885,-72.667913,high,75,osm-chile-hotel-focused-choice-cala-2026-05-20
way/776909190,La Casa de Ana,Valdivia,CL,-39.8207075,-73.2473549,high,75,osm-chile-hotel-focused-choice-cala-2026-05-20
way/777411590,Zuhause,Valdivia,CL,-39.8282142,-73.2491258,high,75,osm-chile-hotel-focused-choice-cala-2026-05-20
way/779156287,Los Robles,,Chile,-38.6096412,-72.4494119,medium,60,osm-chile-hotel-focused-choice-cala-2026-05-20
way/779467886,Hotel Boutique,,Chile,-38.5219517,-72.4552221,medium,55,osm-chile-hotel-focused-choice-cala-2026-05-20
way/781660082,Gracias a la Vida,Llanquihue,Chile,-41.2629584,-73.0553766,high,75,osm-chile-hotel-focused-choice-cala-2026-05-20
way/782086190,Cabañas Primeras Piedras,,Chile,-20.2677386,-70.1302967,medium,55,osm-chile-hotel-focused-choice-cala-2026-05-20
way/783734367,Complejo Vacacional,,Chile,-23.1017095,-70.4668831,medium,55,osm-chile-hotel-focused-choice-cala-2026-05-20
way/783976100,Hotel Village Calama,,Chile,-22.4802223,-68.9186852,high,70,osm-chile-hotel-focused-choice-cala-2026-05-20
way/785920564,Cabañas Mirasol,,Chile,-33.3367379,-71.6471579,medium,55,osm-chile-hotel-focused-choice-cala-2026-05-20
way/789647463,Los Jardines de Bahía Inglesa,,Chile,-27.1020236,-70.8525185,high,75,osm-chile-hotel-focused-choice-cala-2026-05-20
way/790184148,Punta de Domos,,Chile,-29.2483885,-71.4663112,medium,55,osm-chile-hotel-focused-choice-cala-2026-05-20
way/791481504,Hotel Caja Los Andes,,Chile,-29.9149911,-71.272565,high,70,osm-chile-hotel-focused-choice-cala-2026-05-20
way/791481507,Mar de Rocas,,Chile,-29.9145611,-71.27127,medium,55,osm-chile-hotel-focused-choice-cala-2026-05-20
way/791800788,Cabañas Capilla del Sol,,Chile,-29.9519171,-71.2877887,medium,55,osm-chile-hotel-focused-choice-cala-2026-05-20
way/791800789,Cabañas Bella Mar,,Chile,-29.9521111,-71.2881263,medium,55,osm-chile-hotel-focused-choice-cala-2026-05-20
way/791800790,Cabañas Casa de Piedra,,Chile,-29.9523279,-71.288462,medium,55,osm-chile-hotel-focused-choice-cala-2026-05-20
way/795399314,Complejo Turístico Puerto Laguna,,Chile,-30.5937262,-71.152643,medium,55,osm-chile-hotel-focused-choice-cala-2026-05-20
way/795411509,Hotel Monte Cordillera,Monte Patria,Chile,-30.6966347,-70.9657507,high,75,osm-chile-hotel-focused-choice-cala-2026-05-20
way/796331580,Hostal Collins House,Temuco,CL,-38.7288622,-72.5850679,high,75,osm-chile-hotel-focused-choice-cala-2026-05-20
way/797495415,Hotel Suite Euro,,Chile,-31.8831662,-70.7303144,medium,55,osm-chile-hotel-focused-choice-cala-2026-05-20
way/797497465,Hotel del Cerro,,Chile,-31.8809172,-70.7202923,medium,55,osm-chile-hotel-focused-choice-cala-2026-05-20
way/801323122,Centro Recreacional Maintencillo FACH,,Chile,-32.649371,-71.4306809,medium,55,osm-chile-hotel-focused-choice-cala-2026-05-20
way/801789524,Hostería O'higgins,Pica,Chile,-20.4914669,-69.3299431,high,75,osm-chile-hotel-focused-choice-cala-2026-05-20
way/801789528,San Andrés,Pica,Chile,-20.4910209,-69.3281601,high,75,osm-chile-hotel-focused-choice-cala-2026-05-20
way/801918061,Yachting Hotel Quintero,,Chile,-32.7832933,-71.5332487,medium,55,osm-chile-hotel-focused-choice-cala-2026-05-20
way/803858760,Hotel Verona Plaza,,Chile,-37.4497709,-72.326155,medium,55,osm-chile-hotel-focused-choice-cala-2026-05-20
way/805340544,Club Presidente,Concepción,Chile,-36.8427064,-73.052965,high,75,osm-chile-hotel-focused-choice-cala-2026-05-20
way/808377016,Hostal La Serena,,Chile,-35.4265676,-71.6689303,medium,60,osm-chile-hotel-focused-choice-cala-2026-05-20
way/810751042,Centro Bienestar de Banco Estado,El Quisco,Chile,-33.396028,-71.6905985,high,75,osm-chile-hotel-focused-choice-cala-2026-05-20
way/816751633,Monica,,Chile,-45.5767719,-72.0697966,medium,55,osm-chile-hotel-focused-choice-cala-2026-05-20
way/817336057,Hotel de la Bahía,Coquimbo,Chile,-29.9462067,-71.2910085,high,100,osm-chile-hotel-focused-choice-cala-2026-05-20
way/819745116,Playa Blanca,,Chile,-30.2192367,-71.4790644,medium,55,osm-chile-hotel-focused-choice-cala-2026-05-20
way/822365009,Hostal Señora Anita,,Chile,-34.958718,-70.4376147,medium,55,osm-chile-hotel-focused-choice-cala-2026-05-20
way/822365010,Hostal La Gloria,,Chile,-34.9584385,-70.4374197,medium,55,osm-chile-hotel-focused-choice-cala-2026-05-20
way/822365023,Residencial La Frontera,,Chile,-34.9585649,-70.4367726,medium,55,osm-chile-hotel-focused-choice-cala-2026-05-20
way/822365025,Posada Donde Manolo,,Chile,-34.9577287,-70.4370743,medium,55,osm-chile-hotel-focused-choice-cala-2026-05-20
way/822365026,Hotel & Cabañas Las Vegas,,Chile,-34.9570588,-70.4344333,medium,55,osm-chile-hotel-focused-choice-cala-2026-05-20
way/823270295,Hostería La Finca,,Chile,-34.2644703,-71.4059585,medium,55,osm-chile-hotel-focused-choice-cala-2026-05-20
way/823270296,Hostería La Finca,,Chile,-34.2641231,-71.4062688,medium,55,osm-chile-hotel-focused-choice-cala-2026-05-20
way/824092335,Hotel Rocas de Santo Domingo,,Chile,-33.6320702,-71.6243228,medium,60,osm-chile-hotel-focused-choice-cala-2026-05-20
way/824445002,El Galpón,,Chile,-30.1111758,-70.4992954,medium,55,osm-chile-hotel-focused-choice-cala-2026-05-20
way/825716663,Hostal del Valle,Santa Cruz,Chile,-34.6389747,-71.3654528,high,85,osm-chile-hotel-focused-choice-cala-2026-05-20
way/827745912,Hogar Femenino Huachocopihue UACH,Valdivia,CL,-39.8337772,-73.2376943,high,75,osm-chile-hotel-focused-choice-cala-2026-05-20
way/828038668,La Casa de la Oma,,Chile,-41.1069179,-73.2223028,medium,60,osm-chile-hotel-focused-choice-cala-2026-05-20
way/831700229,Termas de Socos,,Chile,-30.7329556,-71.4937113,medium,65,osm-chile-hotel-focused-choice-cala-2026-05-20
way/843152704,Complejo Turístico Noctiluca,,Chile,-20.703488,-70.1845868,medium,55,osm-chile-hotel-focused-choice-cala-2026-05-20
way/846569936,Centro Recreacional Caja de Compensación los Héroes,,Chile,-20.4330599,-69.5449,medium,55,osm-chile-hotel-focused-choice-cala-2026-05-20
way/846569937,Cabañas Taquini,,Chile,-20.4220484,-69.5904659,medium,55,osm-chile-hotel-focused-choice-cala-2026-05-20
way/846569977,Centro Recreacional Caja de Compensacion Los Andes,,Chile,-20.4388448,-69.5267634,medium,55,osm-chile-hotel-focused-choice-cala-2026-05-20
way/846569985,Camping Del Tamarugal,,Chile,-20.4296334,-69.5624488,medium,55,osm-chile-hotel-focused-choice-cala-2026-05-20
way/850597742,Hostal Carlos Anwandter,Valdivia,CL,-39.8120262,-73.2406026,high,75,osm-chile-hotel-focused-choice-cala-2026-05-20
way/851088949,La Casita,Valdivia,CL,-39.8121166,-73.2405126,high,75,osm-chile-hotel-focused-choice-cala-2026-05-20
way/851088951,Hotel Nueve Ríos,Valdivia,CL,-39.8122595,-73.2403633,high,75,osm-chile-hotel-focused-choice-cala-2026-05-20
way/853864175,Motele,Padre Las Casas,CL,-38.7556855,-72.5947805,high,100,osm-chile-hotel-focused-choice-cala-2026-05-20
way/855685637,Chalet Providencia Costanera,Providencia,Chile,-33.4129876,-70.6099262,high,75,osm-chile-hotel-focused-choice-cala-2026-05-20
way/873339627,Hotel Golden,,Chile,-38.740961,-72.5885483,medium,55,osm-chile-hotel-focused-choice-cala-2026-05-20
way/874856956,Hospedaje Costanera,,Chile,-47.8025235,-73.5373034,high,70,osm-chile-hotel-focused-choice-cala-2026-05-20
way/881289263,Residencial Cumming,Villa Alemana,CL,-33.0479386,-71.3758391,high,75,osm-chile-hotel-focused-choice-cala-2026-05-20
way/886587470,Hostal Buenaventura,Valdivia,CL,-39.8250632,-73.225594,high,75,osm-chile-hotel-focused-choice-cala-2026-05-20
way/888643426,Complejo Turístico Montemalal,,Chile,-37.2143811,-72.3899948,medium,55,osm-chile-hotel-focused-choice-cala-2026-05-20
way/892271054,Hostería Millarepu,,Chile,-37.7382049,-72.6139199,medium,55,osm-chile-hotel-focused-choice-cala-2026-05-20
way/903858578,Diego de Almagro,Castro,Chile,-42.4637445,-73.7683129,high,75,osm-chile-hotel-focused-choice-cala-2026-05-20
way/906290448,BO Hotel,,Chile,-33.0441704,-71.6301456,medium,60,osm-chile-hotel-focused-choice-cala-2026-05-20
way/906402773,Ultramar,Valparaíso,Chile,-33.0488668,-71.6323269,high,75,osm-chile-hotel-focused-choice-cala-2026-05-20
way/915540338,Dreams,Temuco,Chile,-38.7328057,-72.6153043,high,75,osm-chile-hotel-focused-choice-cala-2026-05-20
way/918020339,Alto Atacama,,Chile,-22.8883082,-68.2191513,high,85,osm-chile-hotel-focused-choice-cala-2026-05-20
way/924364929,Hostal Felisa,Valdivia,CL,-39.816682,-73.2368223,high,75,osm-chile-hotel-focused-choice-cala-2026-05-20
way/930397269,Motel,,Chile,-36.4936157,-72.025464,medium,55,osm-chile-hotel-focused-choice-cala-2026-05-20
way/930863814,Maristas Chile,,Chile,-34.2389984,-70.4381891,medium,65,osm-chile-hotel-focused-choice-cala-2026-05-20
way/933649927,Hospedaje Arauco,Valdivia,CL,-39.816943,-73.2377982,high,75,osm-chile-hotel-focused-choice-cala-2026-05-20
way/933649929,Río Calle Calle,Valdivia,CL,-39.8166973,-73.2372523,high,75,osm-chile-hotel-focused-choice-cala-2026-05-20
way/935225373,Hospedaje Punta Arenas,Valdivia,CL,-39.8220239,-73.2312125,high,75,osm-chile-hotel-focused-choice-cala-2026-05-20
way/936544806,Residencial Pepito de Roma,,Chile,-34.5848214,-70.9856891,medium,55,osm-chile-hotel-focused-choice-cala-2026-05-20
way/939058717,Pucón Green Park,Pucón,CL,-39.2876955,-71.938467,high,75,osm-chile-hotel-focused-choice-cala-2026-05-20
way/939143559,Hotel Vieja Escuela,,Chile,-34.4123601,-71.0961141,medium,55,osm-chile-hotel-focused-choice-cala-2026-05-20
way/942926326,Le Mirage,Puerto Montt,CL,-41.4693378,-72.9413626,high,100,osm-chile-hotel-focused-choice-cala-2026-05-20
way/946466180,Motel Mediterráneo,,Chile,-36.4142737,-71.9376242,medium,55,osm-chile-hotel-focused-choice-cala-2026-05-20
way/949416063,Hotel He Wang,Santiago,Chile,-33.4479758,-70.6738438,high,75,osm-chile-hotel-focused-choice-cala-2026-05-20
way/957352513,Lodge ATMA,,Chile,-41.5186493,-72.7539456,high,75,osm-chile-hotel-focused-choice-cala-2026-05-20
way/958073621,Casa Silva,,Chile,-34.8005481,-71.7006335,medium,55,osm-chile-hotel-focused-choice-cala-2026-05-20
way/966580152,Hotel Cinco Tierras,,Chile,-36.4229139,-71.9588043,high,85,osm-chile-hotel-focused-choice-cala-2026-05-20
way/967407022,Radisson Blu Acqua Hotel & Spa Concón,Concón,Chile,-32.9187507,-71.5235038,high,100,osm-chile-hotel-focused-choice-cala-2026-05-20
way/969253506,Tantra,,Chile,-33.0534126,-71.3513248,medium,55,osm-chile-hotel-focused-choice-cala-2026-05-20
way/973005617,Hotel Sierra Bella,Santiago,Chile,-33.4584567,-70.6368551,high,85,osm-chile-hotel-focused-choice-cala-2026-05-20
way/978233633,Cabañas Las Araucanias,Villarrica,CL,-39.2774665,-72.2322602,high,75,osm-chile-hotel-focused-choice-cala-2026-05-20
way/983646224,Hostal Petit Verdot,Santa Cruz,Chile,-34.6364664,-71.3690932,high,75,osm-chile-hotel-focused-choice-cala-2026-05-20
way/986753821,Hostal Providencia,Providencia,Chile,-33.4408303,-70.6334688,high,90,osm-chile-hotel-focused-choice-cala-2026-05-20
way/989253623,Estancia Tercera Barranca,,Chile,-50.9469774,-72.646797,medium,55,osm-chile-hotel-focused-choice-cala-2026-05-20
way/993704310,Hotel Boutique San Giorgio,,Chile,-38.1957203,-72.9922818,medium,60,osm-chile-hotel-focused-choice-cala-2026-05-20
way/995228155,Verona Hotel,,Chile,-36.5768639,-72.0990688,medium,55,osm-chile-hotel-focused-choice-cala-2026-05-20
way/995726955,Sol Atacama,,Chile,-22.3351923,-68.6454298,medium,55,osm-chile-hotel-focused-choice-cala-2026-05-20
way/995777017,Küdun Apart Hotel,Pichilemu,Chile,-34.383942,-72.0144992,high,90,osm-chile-hotel-focused-choice-cala-2026-05-20
way/996465148,Pichilemu Domos,,Chile,-34.4110089,-72.0262546,medium,55,osm-chile-hotel-focused-choice-cala-2026-05-20
way/999055488,Hotel Diego de Almagro,,Chile,-40.5855662,-73.087484,medium,60,osm-chile-hotel-focused-choice-cala-2026-05-20
way/1001913044,Residencial Temuco,,Chile,-41.4745051,-72.9499127,medium,55,osm-chile-hotel-focused-choice-cala-2026-05-20
way/1001913045,Hospedaje Polz,,Chile,-41.4745047,-72.9497988,medium,55,osm-chile-hotel-focused-choice-cala-2026-05-20
way/1001913071,Portal Austral,,Chile,-41.4741741,-72.9505025,medium,55,osm-chile-hotel-focused-choice-cala-2026-05-20
way/1001922552,Terrazas del Mar,,Chile,-41.4744242,-72.9513635,medium,55,osm-chile-hotel-focused-choice-cala-2026-05-20
way/1002177209,Santo Domingo Lodge,,Chile,-33.6689049,-71.5839913,medium,55,osm-chile-hotel-focused-choice-cala-2026-05-20
way/1002826503,La Cuncuna,,Chile,-33.0682272,-71.4179199,medium,55,osm-chile-hotel-focused-choice-cala-2026-05-20
way/1004986205,Hotel Comunitario Tockolen,San Pedro de Atacama,Chile,-23.1910154,-67.9999356,high,90,osm-chile-hotel-focused-choice-cala-2026-05-20
way/1007152962,Hostal Boggen,,Chile,-38.7138702,-73.167017,medium,55,osm-chile-hotel-focused-choice-cala-2026-05-20
way/1007338907,Hotel Diego de Almagro,Valdivia,CL,-39.8101669,-73.242242,high,75,osm-chile-hotel-focused-choice-cala-2026-05-20
way/1007363345,Colinas de Villaverde,,Chile,-37.8143827,-72.6683786,medium,55,osm-chile-hotel-focused-choice-cala-2026-05-20
way/1013169117,Cabañas Isla Teja,,Chile,-39.8129475,-73.2615567,medium,55,osm-chile-hotel-focused-choice-cala-2026-05-20
way/1017041072,Kom Che Ñi Ruka,Villarrica,Chile,-39.4524143,-72.2089395,high,85,osm-chile-hotel-focused-choice-cala-2026-05-20
way/1018528060,Hotel Sol de Alicante,,Chile,-37.5105595,-72.3243271,medium,55,osm-chile-hotel-focused-choice-cala-2026-05-20
way/1018802477,Hotel Diego de Almagro,,Chile,-37.4609357,-72.3275002,medium,60,osm-chile-hotel-focused-choice-cala-2026-05-20
way/1025518538,Bahama´s,,Chile,-35.4861961,-71.657414,medium,60,osm-chile-hotel-focused-choice-cala-2026-05-20
way/1026274849,Aikén del Sur,,Chile,-45.470276,-72.7325541,medium,55,osm-chile-hotel-focused-choice-cala-2026-05-20
way/1027301339,Hospedaje Costanera del Estrecho,Punta Arenas,Chile,-53.1556851,-70.8907306,high,75,osm-chile-hotel-focused-choice-cala-2026-05-20
way/1037705748,Valle Paraiso,,Chile,-36.7526785,-72.480781,medium,60,osm-chile-hotel-focused-choice-cala-2026-05-20
way/1037968702,Hotel Anaconda,,Chile,-33.0360377,-71.3027791,medium,55,osm-chile-hotel-focused-choice-cala-2026-05-20
way/1049423232,Hostería Sabores del Elqui,El Molle,Chile,-29.9804576,-70.9529902,high,75,osm-chile-hotel-focused-choice-cala-2026-05-20
way/1052078429,Hotel Casablanca,,Chile,-33.3274572,-71.3851317,medium,55,osm-chile-hotel-focused-choice-cala-2026-05-20
way/1054267102,Hotel & Spa Pedro de Valdivia,Valdivia,CL,-39.8114718,-73.2466126,high,90,osm-chile-hotel-focused-choice-cala-2026-05-20
way/1054379153,Hostal Puelo Libre,,Chile,-41.9351561,-71.9258426,high,80,osm-chile-hotel-focused-choice-cala-2026-05-20
way/1054883030,Los Ríos,Valdivia,Chile,-39.810338,-73.243293,high,75,osm-chile-hotel-focused-choice-cala-2026-05-20
way/1055845421,Hostal Requínoa,,Chile,-34.2847809,-70.8267318,medium,55,osm-chile-hotel-focused-choice-cala-2026-05-20
way/1055850387,Hostel El Nogal,Requínoa,Chile,-34.2828329,-70.8144008,high,75,osm-chile-hotel-focused-choice-cala-2026-05-20
way/1055850563,Hotel Nubes,Viña del Mar,CL,-33.0148818,-71.5515975,high,75,osm-chile-hotel-focused-choice-cala-2026-05-20
way/1057876350,Residencial Chacance,María Elena,Chile,-22.3422945,-69.6636419,high,90,osm-chile-hotel-focused-choice-cala-2026-05-20
way/1059157205,Hostal El Punto,La Serena,Chile,-29.9084162,-71.2540312,high,100,osm-chile-hotel-focused-choice-cala-2026-05-20
way/1061242720,Casa Alerce,,Chile,-42.3784732,-72.4130329,medium,65,osm-chile-hotel-focused-choice-cala-2026-05-20
way/1064487629,Ají Verde Hostel,La Serena,Chile,-29.9020389,-71.2451244,high,85,osm-chile-hotel-focused-choice-cala-2026-05-20
way/1064487630,Hotel Casablanca,La Serena,Chile,-29.9019694,-71.2447707,high,75,osm-chile-hotel-focused-choice-cala-2026-05-20
way/1064487631,Residencial La Casona de Cantournet,La Serena,Chile,-29.9019845,-71.2445689,high,75,osm-chile-hotel-focused-choice-cala-2026-05-20
way/1081192408,Ensueño,,Chile,-32.7565272,-71.1943949,medium,55,osm-chile-hotel-focused-choice-cala-2026-05-20
way/1082445097,Hotel Plaza Concepción,Concepción,Chile,-36.8314656,-73.0463905,high,100,osm-chile-hotel-focused-choice-cala-2026-05-20
way/1083138085,Hotel Vendeval,Puerto Natales,Chile,-51.7272708,-72.5077529,high,75,osm-chile-hotel-focused-choice-cala-2026-05-20
way/1086865423,Hostería Don Wence,,Chile,-36.6302518,-72.1773321,medium,55,osm-chile-hotel-focused-choice-cala-2026-05-20
way/1087538660,Cabañas Vegasur,La Serena,Chile,-29.9295077,-71.2782253,high,75,osm-chile-hotel-focused-choice-cala-2026-05-20
way/1087538661,Cabañas Las Añañucas,,Chile,-29.929739,-71.2788221,medium,60,osm-chile-hotel-focused-choice-cala-2026-05-20
way/1088166736,Hotel y Cabañas Ensueño,,Chile,-29.9082396,-71.2736872,medium,55,osm-chile-hotel-focused-choice-cala-2026-05-20
way/1088166739,Tramonto del Sole,,Chile,-29.9092586,-71.2735081,medium,55,osm-chile-hotel-focused-choice-cala-2026-05-20
way/1088166743,Cabañas Don Gustavo,,Chile,-29.9136067,-71.2691992,medium,55,osm-chile-hotel-focused-choice-cala-2026-05-20
way/1088166745,La Serena Dream,,Chile,-29.912936,-71.2702606,medium,55,osm-chile-hotel-focused-choice-cala-2026-05-20
way/1088166746,Campanario,,Chile,-29.9133975,-71.2717626,medium,55,osm-chile-hotel-focused-choice-cala-2026-05-20
way/1088851168,Cabañas Añañucas V,La Serena,Chile,-29.9420072,-71.2846011,high,75,osm-chile-hotel-focused-choice-cala-2026-05-20
way/1092965731,Club de Campo Alto Copiapó,,Chile,-27.3394531,-70.6114121,medium,55,osm-chile-hotel-focused-choice-cala-2026-05-20
way/1095773436,Casona Alemana,,Chile,-41.4801844,-72.8423351,medium,55,osm-chile-hotel-focused-choice-cala-2026-05-20
way/1101585031,Lodge Cinco Ríos,,Chile,-45.6153294,-72.1064504,medium,55,osm-chile-hotel-focused-choice-cala-2026-05-20
way/1111562953,Apart Hotel Santiago,Ovalle,Chile,-30.6035579,-71.2064568,high,75,osm-chile-hotel-focused-choice-cala-2026-05-20
way/1114741909,Hotel Diego de Almagro Express,Providencia,CL,-33.4276606,-70.6202651,high,75,osm-chile-hotel-focused-choice-cala-2026-05-20
way/1116606906,Bután hotel,,Chile,-37.0069084,-73.1826116,medium,55,osm-chile-hotel-focused-choice-cala-2026-05-20
way/1116606907,Hostal Serranías Schwager,,Chile,-37.0072628,-73.1823821,medium,55,osm-chile-hotel-focused-choice-cala-2026-05-20
way/1117255534,Condominio Holiday Park,Viña del Mar,CL,-32.9711822,-71.5408551,high,85,osm-chile-hotel-focused-choice-cala-2026-05-20
way/1117880152,Hotel Campos,Rancagua,Chile,-34.1721443,-70.7427517,high,75,osm-chile-hotel-focused-choice-cala-2026-05-20
way/1118157183,Zuhause,Valdivia,CL,-39.8281315,-73.2491367,high,75,osm-chile-hotel-focused-choice-cala-2026-05-20
way/1122523976,Hostal Costa Mía,Valdivia,CL,-39.8157428,-73.2349157,high,75,osm-chile-hotel-focused-choice-cala-2026-05-20
way/1125444188,Chelenko Hot Springs and Lodge,,Chile,-46.3172956,-72.7859443,high,80,osm-chile-hotel-focused-choice-cala-2026-05-20
way/1126971862,NH Hotel,,Chile,-20.270005,-70.1303276,medium,60,osm-chile-hotel-focused-choice-cala-2026-05-20
way/1130769196,ALMA Residencia,San Pedro de Atacama,Chile,-23.0707754,-67.9841362,high,90,osm-chile-hotel-focused-choice-cala-2026-05-20
way/1132597145,Eco Hotel Antuco,Antuco,Chile,-37.3282856,-71.6657139,high,100,osm-chile-hotel-focused-choice-cala-2026-05-20
way/1139546193,Cabañas Malvina,,Chile,-38.0137953,-73.2284578,medium,55,osm-chile-hotel-focused-choice-cala-2026-05-20
way/1146167682,Restaurant La Araucaria,,Chile,-37.608345,-73.4094226,medium,55,osm-chile-hotel-focused-choice-cala-2026-05-20
way/1147401932,Hotel Diego de Almagro Express,La Serena,Chile,-29.9062613,-71.2630208,high,85,osm-chile-hotel-focused-choice-cala-2026-05-20
way/1147506140,Terrazas Patagual,Coronel,Chile,-37.0333776,-73.0383935,high,75,osm-chile-hotel-focused-choice-cala-2026-05-20
way/1148813522,Debaines Hotel,Santiago,Chile,-33.4407446,-70.6468488,high,75,osm-chile-hotel-focused-choice-cala-2026-05-20
way/1149252735,NH Hotel Iquique,Iquique,Chile,-20.2385723,-70.1447571,high,85,osm-chile-hotel-focused-choice-cala-2026-05-20
way/1150430388,Hostal Helios,Los Ángeles,Chile,-37.4501857,-72.3426656,high,75,osm-chile-hotel-focused-choice-cala-2026-05-20
way/1154043856,Cabañas Don Silvestro,,Chile,-29.9544948,-71.2992414,medium,55,osm-chile-hotel-focused-choice-cala-2026-05-20
way/1154655822,Residencial de Turismo,Navidad,Chile,-33.955558,-71.8295016,high,75,osm-chile-hotel-focused-choice-cala-2026-05-20
way/1155926574,Hotel Lican-Ray,Licán Ray,Chile,-39.4888304,-72.1584778,high,100,osm-chile-hotel-focused-choice-cala-2026-05-20
way/1170949672,Hotel Las Majadas,,Chile,-33.6327823,-70.5363832,medium,55,osm-chile-hotel-focused-choice-cala-2026-05-20
way/1173973850,Hotel Voilà Londres,Santiago,Chile,-33.4448408,-70.6485713,high,85,osm-chile-hotel-focused-choice-cala-2026-05-20
way/1180699573,Hotel Rocas del Norte,,Chile,-26.4017802,-70.0298166,medium,55,osm-chile-hotel-focused-choice-cala-2026-05-20
way/1180784343,Motel Romances Suites,,Chile,-23.5622016,-70.3852374,medium,60,osm-chile-hotel-focused-choice-cala-2026-05-20
way/1184638429,Hostería plaza,Pitrufquén,Chile,-38.9859973,-72.6380997,high,75,osm-chile-hotel-focused-choice-cala-2026-05-20
way/1189159532,Hospedaje Caminandes,,Chile,-22.9113397,-68.2068195,medium,60,osm-chile-hotel-focused-choice-cala-2026-05-20
way/1189248965,Ittai Hotel,San Pedro de Atacama,Chile,-22.9131347,-68.206855,high,75,osm-chile-hotel-focused-choice-cala-2026-05-20
way/1192155737,Kimal,,Chile,-22.9121697,-68.2025436,medium,60,osm-chile-hotel-focused-choice-cala-2026-05-20
way/1204950288,Cabañas Parque del Lago,Panguipulli,CL,-39.6439721,-72.3424494,high,75,osm-chile-hotel-focused-choice-cala-2026-05-20
way/1208801567,Hotel Big Sur,Puerto Natales,Chile,-51.728882,-72.5121443,high,75,osm-chile-hotel-focused-choice-cala-2026-05-20
way/1215386583,Hotel Cabernet,Providencia,Chile,-33.4322556,-70.6358211,high,75,osm-chile-hotel-focused-choice-cala-2026-05-20
way/1215647474,Hotel Vista Hermosa 17,Viña del Mar,Chile,-33.0241262,-71.5629818,high,75,osm-chile-hotel-focused-choice-cala-2026-05-20
way/1221292308,Cabañas Turismo Niebla,,Chile,-39.8672478,-73.3980234,medium,55,osm-chile-hotel-focused-choice-cala-2026-05-20
way/1221587444,Entre Tilos,Valdivia,Chile,-39.8117156,-73.2394972,high,100,osm-chile-hotel-focused-choice-cala-2026-05-20
way/1234414885,Hotel One Manquehue,Las Condes,Chile,-33.405319,-70.5681612,high,85,osm-chile-hotel-focused-choice-cala-2026-05-20
way/1237451623,Eco Hostal Tambo Verde,Santiago,Chile,-33.4312427,-70.6303746,high,100,osm-chile-hotel-focused-choice-cala-2026-05-20
way/1238133806,Shangrila Tunquén,Algarrobo,Chile,-33.3055276,-71.6214569,high,75,osm-chile-hotel-focused-choice-cala-2026-05-20
way/1238955768,Hotel Curapalihue,Linares,Chile,-35.8468311,-71.5986774,high,85,osm-chile-hotel-focused-choice-cala-2026-05-20
way/1242807147,Hotel Rancho Los Olivos,,Chile,-32.2796225,-71.3547927,medium,55,osm-chile-hotel-focused-choice-cala-2026-05-20
way/1246765879,Hostería de Vallenar,Vallenar,Chile,-28.5788794,-70.7589497,high,75,osm-chile-hotel-focused-choice-cala-2026-05-20
way/1249730569,Refugio Ballena Hostel,,Chile,-42.4827719,-73.7725031,medium,55,osm-chile-hotel-focused-choice-cala-2026-05-20
way/1250407933,Hospedaje Rio Bravo,,Chile,-47.7964202,-73.5319904,medium,55,osm-chile-hotel-focused-choice-cala-2026-05-20
way/1253314862,Resort Valle de Leones,,Chile,-33.5460724,-71.5725987,medium,55,osm-chile-hotel-focused-choice-cala-2026-05-20
way/1254231455,Hostal Oriente 105,Los Ángeles,Chile,-37.4519796,-72.3350655,high,95,osm-chile-hotel-focused-choice-cala-2026-05-20
way/1273575589,Maison Italia 1029,Providencia,Chile,-33.444165,-70.6259892,high,90,osm-chile-hotel-focused-choice-cala-2026-05-20
way/1293960600,Albergue Municipal de Las Condes,,Chile,-33.4220572,-70.5299715,medium,60,osm-chile-hotel-focused-choice-cala-2026-05-20
way/1302086858,Hotel Kolping San Ambrosio,,Chile,-35.8444387,-71.601239,high,80,osm-chile-hotel-focused-choice-cala-2026-05-20
way/1307405539,Hosteria El Bosque,El Bosque,Chile,-35.8350767,-71.5526942,high,75,osm-chile-hotel-focused-choice-cala-2026-05-20
way/1307847595,Ibis Budget Copiapó,Copiapó,Chile,-27.365508,-70.3299399,high,85,osm-chile-hotel-focused-choice-cala-2026-05-20
way/1307847597,Atacama Suites Hotel,Copiapó,Chile,-27.363688,-70.3281173,high,75,osm-chile-hotel-focused-choice-cala-2026-05-20
way/1317737092,Residencial Universitaria KasaBellavista,,Chile,-33.049004,-71.6230765,medium,55,osm-chile-hotel-focused-choice-cala-2026-05-20
way/1320091105,Casa Keule,,Chile,-35.9187583,-72.6976631,medium,55,osm-chile-hotel-focused-choice-cala-2026-05-20
way/1323868603,Gran Hotel Aysen,,Chile,-45.4092025,-72.7017568,medium,60,osm-chile-hotel-focused-choice-cala-2026-05-20
way/1324508562,Residencial El Pirquinero,Tierra Amarilla,Chile,-27.4955181,-70.2657045,high,90,osm-chile-hotel-focused-choice-cala-2026-05-20
way/1324855291,Hotel AKA Patagonia,,CL,-51.6988407,-72.4990383,high,85,osm-chile-hotel-focused-choice-cala-2026-05-20
way/1327579042,El Antiguo Chalet,Chonchi,Chile,-42.6170444,-73.7715036,high,75,osm-chile-hotel-focused-choice-cala-2026-05-20
way/1327737327,Hotel & Cava Estancia Rilán,Castro,Chile,-42.5489531,-73.7209263,high,75,osm-chile-hotel-focused-choice-cala-2026-05-20
way/1335131839,Cabañas La Campiña,,Chile,-33.3435341,-71.6469793,medium,55,osm-chile-hotel-focused-choice-cala-2026-05-20
way/1335584126,Centro Vacacional Hualillemu Sur,,Chile,-33.4026626,-71.6794484,medium,60,osm-chile-hotel-focused-choice-cala-2026-05-20
way/1339250998,Cabañas La Castilla MOP,,Chile,-33.4533639,-71.6732637,medium,55,osm-chile-hotel-focused-choice-cala-2026-05-20
way/1341655514,Marina Serena,La Serena,Chile,-29.9052719,-71.2629382,high,75,osm-chile-hotel-focused-choice-cala-2026-05-20
way/1347349512,Hostal Los Cisnes,Valdivia,Chile,-39.8140933,-73.2358354,high,85,osm-chile-hotel-focused-choice-cala-2026-05-20
way/1347434203,Mountain Lodge Posada del Río,,Chile,-38.4687956,-71.5206093,high,95,osm-chile-hotel-focused-choice-cala-2026-05-20
way/1347780434,Refugio La Rinconada,,Chile,-46.4407155,-72.7306788,medium,65,osm-chile-hotel-focused-choice-cala-2026-05-20
way/1347780439,Residencial Patagonia,,Chile,-46.4408282,-72.7116318,medium,55,osm-chile-hotel-focused-choice-cala-2026-05-20
way/1359361229,Marina Dunas,Viña del Mar,CL,-32.9582537,-71.5398584,high,75,osm-chile-hotel-focused-choice-cala-2026-05-20
way/1362742339,Sor Vicenta,Los Angeles,Chile,-37.4483768,-72.3354363,high,85,osm-chile-hotel-focused-choice-cala-2026-05-20
way/1364103564,Patagonia Green,,Chile,-45.4060401,-72.6789036,high,80,osm-chile-hotel-focused-choice-cala-2026-05-20
way/1365072030,Dunamar,,Chile,-34.4116408,-72.0281375,medium,55,osm-chile-hotel-focused-choice-cala-2026-05-20
way/1366303784,Cabañas Houseki,,Chile,-34.4540462,-72.0287532,medium,55,osm-chile-hotel-focused-choice-cala-2026-05-20
way/1367211970,Hotel Boutique BCW Casablanca,Lagunillas,Chile,-33.4362119,-71.4511835,high,100,osm-chile-hotel-focused-choice-cala-2026-05-20
way/1367602574,Hotel de Campo,Pelarco,Chile,-35.3841228,-71.4461662,high,75,osm-chile-hotel-focused-choice-cala-2026-05-20
way/1371026295,Parador Turístico Melipeuco,,Chile,-38.8548916,-71.7006679,medium,55,osm-chile-hotel-focused-choice-cala-2026-05-20
way/1371026296,Hostería Hue-Telen,Melipeuco,Chile,-38.8541957,-71.6979711,high,75,osm-chile-hotel-focused-choice-cala-2026-05-20
way/1374494269,Refugio Uno,Farellones,Chile,-33.3548361,-70.3180706,high,75,osm-chile-hotel-focused-choice-cala-2026-05-20
way/1374546720,Domos Kumanchacos,,Chile,-29.2382465,-71.4627076,medium,55,osm-chile-hotel-focused-choice-cala-2026-05-20
way/1381832768,Cabañas Antuken,,Chile,-32.7343841,-71.4982832,medium,55,osm-chile-hotel-focused-choice-cala-2026-05-20
way/1382767808,Hostal Treile,Pucón,Chile,-39.2982784,-71.9372726,high,75,osm-chile-hotel-focused-choice-cala-2026-05-20
way/1384397497,Hostel Ice Cap Patagonia,Puerto Natales,Chile,-51.7302004,-72.4968547,high,100,osm-chile-hotel-focused-choice-cala-2026-05-20
way/1390490125,Cabañas La Garza,,Chile,-32.8744456,-71.4943135,medium,55,osm-chile-hotel-focused-choice-cala-2026-05-20
way/1390490127,Cabañas Ensueño,,Chile,-32.8729363,-71.4940144,medium,55,osm-chile-hotel-focused-choice-cala-2026-05-20
way/1391295516,Hogar de la Embarazada Rural,Combarbalá,Chile,-31.1756096,-71.0092428,high,75,osm-chile-hotel-focused-choice-cala-2026-05-20
way/1391469649,Hogar Universitario Adventista de Concepción,Concepción,Chile,-36.8276554,-73.0424757,high,100,osm-chile-hotel-focused-choice-cala-2026-05-20
way/1395770034,Hotel Municipal,,Chile,-32.9095848,-70.307651,medium,55,osm-chile-hotel-focused-choice-cala-2026-05-20
way/1408709336,Recidencial Entre Puentes,Tilama,Chile,-32.1010268,-71.1684785,high,75,osm-chile-hotel-focused-choice-cala-2026-05-20
way/1414719491,Hotel Fuente Mayor,Viña del Mar,Chile,-32.970376,-71.5424195,high,90,osm-chile-hotel-focused-choice-cala-2026-05-20
way/1425506543,Carretera Austral,,Chile,-48.4672878,-72.5608514,medium,55,osm-chile-hotel-focused-choice-cala-2026-05-20
way/1425506545,Cordillera,,Chile,-48.466901,-72.5611659,medium,55,osm-chile-hotel-focused-choice-cala-2026-05-20
way/1425506553,Cabañas San Gabriel,,Chile,-48.46678,-72.5604301,medium,55,osm-chile-hotel-focused-choice-cala-2026-05-20
way/1425507493,Glaciares,,Chile,-48.4664767,-72.5606858,medium,55,osm-chile-hotel-focused-choice-cala-2026-05-20
way/1425510991,Quiyango,,Chile,-48.4624343,-72.5602552,medium,55,osm-chile-hotel-focused-choice-cala-2026-05-20
way/1429447733,Hospedaje El Aromo,,Chile,-37.0108904,-72.3647292,medium,55,osm-chile-hotel-focused-choice-cala-2026-05-20
way/1444904741,Ruta 7,,Chile,-45.1729885,-72.1450282,high,80,osm-chile-hotel-focused-choice-cala-2026-05-20
way/1451464042,Cabañas Domo Pucón,Pucón,Chile,-39.3224334,-72.0038503,high,90,osm-chile-hotel-focused-choice-cala-2026-05-20
way/1451611806,Hostal y Cabañas La Piscina,,Chile,-36.5468145,-72.0910497,medium,65,osm-chile-hotel-focused-choice-cala-2026-05-20
way/1456471085,El Encanto,,Chile,-44.7482739,-72.2112088,medium,55,osm-chile-hotel-focused-choice-cala-2026-05-20
way/1456471103,El Indio,,Chile,-44.7488811,-72.2107569,medium,55,osm-chile-hotel-focused-choice-cala-2026-05-20
way/1456471116,Hostería Casona del Bosque,,Chile,-44.750555,-72.2051679,high,70,osm-chile-hotel-focused-choice-cala-2026-05-20
way/1456680112,Refugio para Ciclistas,,Chile,-44.746962,-72.2135852,medium,55,osm-chile-hotel-focused-choice-cala-2026-05-20
way/1456680159,El Paso,,Chile,-44.7483625,-72.2119574,medium,55,osm-chile-hotel-focused-choice-cala-2026-05-20
way/1456680160,El Michay,,Chile,-44.7484907,-72.2117092,medium,55,osm-chile-hotel-focused-choice-cala-2026-05-20
way/1456878123,Residencial Davimar,,Chile,-44.7267796,-72.6783516,medium,55,osm-chile-hotel-focused-choice-cala-2026-05-20
way/1457109055,Residencial Don Juanito,,Chile,-44.7332477,-72.678258,medium,65,osm-chile-hotel-focused-choice-cala-2026-05-20
way/1457114016,El Guairao,,Chile,-44.7313423,-72.6823159,medium,55,osm-chile-hotel-focused-choice-cala-2026-05-20
way/1457114018,Lafquen Antu,,Chile,-44.7316875,-72.6822078,high,70,osm-chile-hotel-focused-choice-cala-2026-05-20
way/1457114028,Hostal Cisne Blanco,,Chile,-44.7336014,-72.6804704,medium,65,osm-chile-hotel-focused-choice-cala-2026-05-20
way/1457736631,Hostal One,,Chile,-44.7321104,-72.6758128,high,70,osm-chile-hotel-focused-choice-cala-2026-05-20
way/1458457873,Cabañas Michay,,Chile,-44.7317685,-72.6809547,medium,65,osm-chile-hotel-focused-choice-cala-2026-05-20
way/1458457876,Don Mario,,Chile,-44.7320114,-72.6801463,medium,55,osm-chile-hotel-focused-choice-cala-2026-05-20
way/1458642441,Complejo Antu,,Chile,-36.7399987,-72.4966376,medium,60,osm-chile-hotel-focused-choice-cala-2026-05-20
way/1459267883,Hostal Casablanca,,Chile,-44.7247778,-72.6828827,medium,55,osm-chile-hotel-focused-choice-cala-2026-05-20
way/1459267897,Residencial Don Roberto,Puerto Cisnes,Chile,-44.7249241,-72.6838451,high,75,osm-chile-hotel-focused-choice-cala-2026-05-20
way/1459267900,Camping y hostal El Patagon,,Chile,-44.724171,-72.6842725,medium,55,osm-chile-hotel-focused-choice-cala-2026-05-20
way/1459519106,El Refugio,,Chile,-44.7253374,-72.6818845,high,95,osm-chile-hotel-focused-choice-cala-2026-05-20
way/1459519119,Hostal Santa Teresita,,Chile,-44.7255648,-72.6829204,medium,60,osm-chile-hotel-focused-choice-cala-2026-05-20
way/1461889518,"Cabañas ""El Chucao""",,Chile,-44.746173,-72.2118723,medium,55,osm-chile-hotel-focused-choice-cala-2026-05-20
way/1461889520,Las Lumas,,Chile,-44.7032297,-72.2333135,medium,55,osm-chile-hotel-focused-choice-cala-2026-05-20
way/1461933151,Sheraton San Cristobal,,Chile,-33.4217333,-70.6210523,high,70,osm-chile-hotel-focused-choice-cala-2026-05-20
way/1461987985,MIllaray,Pitrufquén,CL,-38.9847946,-72.638693,high,75,osm-chile-hotel-focused-choice-cala-2026-05-20
way/1462983250,Hotel Mucura,La Serena,Chile,-29.9002517,-71.2464998,high,75,osm-chile-hotel-focused-choice-cala-2026-05-20
way/1473735433,La Otra Orilla,,Chile,-47.2555766,-72.5470341,high,80,osm-chile-hotel-focused-choice-cala-2026-05-20
way/1499322023,Centro Recreacional Río Quepe,,Chile,-38.8475876,-72.5173724,medium,65,osm-chile-hotel-focused-choice-cala-2026-05-20
way/1503597252,Los Gatitos,Macul,Chile,-33.4983668,-70.5981076,high,75,osm-chile-hotel-focused-choice-cala-2026-05-20
way/1511792978,Hotel Cava Colchagua,Santa Cruz,Chile,-34.6161853,-71.370087,high,75,osm-chile-hotel-focused-choice-cala-2026-05-20
way/1511792981,Hotel Boutique Cava,Santa Cruz,Chile,-34.6167284,-71.3689462,high,75,osm-chile-hotel-focused-choice-cala-2026-05-20
relation/2032663,La Lobería B&B,Cobquecura,Chile,-36.1306825,-72.7900669,high,75,osm-chile-hotel-focused-choice-cala-2026-05-20
relation/6964021,Oasis Eco Hotel,,Chile,-22.4736317,-68.907406,medium,55,osm-chile-hotel-focused-choice-cala-2026-05-20
relation/8254686,Vilacoyo,,Chile,-22.9105579,-68.2010345,medium,55,osm-chile-hotel-focused-choice-cala-2026-05-20
relation/8464143,Complejo Turístico Banco Estado - El Retiro,,Chile,-33.0371572,-71.4367232,medium,55,osm-chile-hotel-focused-choice-cala-2026-05-20
relation/8891215,Cabañas Inaki Uhi,MZ 26,CL,-27.1516499,-109.4305481,high,75,osm-chile-hotel-focused-choice-cala-2026-05-20
relation/9565912,Hotel Terracentro,,Chile,-34.5884559,-70.9841967,medium,55,osm-chile-hotel-focused-choice-cala-2026-05-20
relation/10790060,Residencia Guggenheim,,Chile,-22.3406489,-69.6658744,medium,55,osm-chile-hotel-focused-choice-cala-2026-05-20
relation/14467350,Club Naval de Campo Las Salinas,,Chile,-29.9844838,-71.3559087,medium,55,osm-chile-hotel-focused-choice-cala-2026-05-20
relation/19397390,Cabañas Kas,Algarrobo,Chile,-33.3707692,-71.6721268,high,100,osm-chile-hotel-focused-choice-cala-2026-05-20
relation/19947974,Hotel Londres,,Chile,-29.9029203,-71.2491153,medium,55,osm-chile-hotel-focused-choice-cala-2026-05-20
relation/20030141,Hotel San Agustín,La Serena,Chile,-29.9025515,-71.2468683,high,75,osm-chile-hotel-focused-choice-cala-2026-05-20
relation/20030150,Hostal Croata,La Serena,Chile,-29.9001846,-71.2464912,high,85,osm-chile-hotel-focused-choice-cala-2026-05-20
