url,urlClass,inferredBrandSlug,inferredHotelSlug,inferredCountry,inferredState,inferredCity,matchedChoiceBrands,childSitemap
https://www.choicehotels.com/argentina/rosario/radisson-red-hotels/aa024,likely_property_url,radisson-red,aa024,argentina,,rosario,Radisson RED  (Choice); Radisson (Choice),https://www.choicehotels.com/propertysitemap.xml.gz
https://www.choicehotels.com/argentina/san-carlos-de-bariloche/radisson-blu-hotels/aa022,likely_property_url,radisson-blu,aa022,argentina,,san-carlos-de-bariloche,Radisson Blu (Choice); Radisson (Choice),https://www.choicehotels.com/propertysitemap.xml.gz
https://www.choicehotels.com/northern-territory/darwin/comfort-inn-hotels/aua02,likely_property_url,comfort-inn,aua02,northern-territory,,darwin,Comfort Inn & Suites,https://www.choicehotels.com/propertysitemap.xml.gz
https://www.choicehotels.com/new-south-wales/leura/comfort-inn-hotels/aua24,likely_property_url,comfort-inn,aua24,new-south-wales,,leura,Comfort Inn & Suites,https://www.choicehotels.com/propertysitemap.xml.gz
https://www.choicehotels.com/andorra/stockton/ascend-hotels/tr690,likely_property_url,ascend,tr690,andorra,,stockton,Ascend Hotel Collection,https://www.choicehotels.com/propertysitemap.xml.gz
https://www.choicehotels.com/austria/vienna/quality-inn-hotels/at014,likely_property_url,quality-inn,at014,austria,,vienna,Quality Inn,https://www.choicehotels.com/propertysitemap.xml.gz
https://www.choicehotels.com/australia-capital-territory/canberra/quality-inn-hotels/au499,likely_property_url,quality-inn,au499,australia-capital-territory,,canberra,Quality Inn,https://www.choicehotels.com/propertysitemap.xml.gz
https://www.choicehotels.com/austria/vienna/clarion-hotels/at015,likely_property_url,clarion,at015,austria,,vienna,Clarion; Clarion Pointe,https://www.choicehotels.com/propertysitemap.xml.gz
https://www.choicehotels.com/kentucky/owensboro/ascend-hotels/tr705,likely_property_url,ascend,tr705,kentucky,,owensboro,Ascend Hotel Collection,https://www.choicehotels.com/propertysitemap.xml.gz
https://www.choicehotels.com/andorra/escaldes-engordany/ascend-hotels/ad001,likely_property_url,ascend,ad001,andorra,,escaldes-engordany,Ascend Hotel Collection,https://www.choicehotels.com/propertysitemap.xml.gz
https://www.choicehotels.com/new-south-wales/batemans-bay/quality-inn-hotels/au925,likely_property_url,quality-inn,au925,new-south-wales,,batemans-bay,Quality Inn,https://www.choicehotels.com/propertysitemap.xml.gz
https://www.choicehotels.com/new-south-wales/bathurst/comfort-inn-hotels/au982,likely_property_url,comfort-inn,au982,new-south-wales,,bathurst,Comfort Inn & Suites,https://www.choicehotels.com/propertysitemap.xml.gz
https://www.choicehotels.com/new-south-wales/ballina/comfort-inn-hotels/au099,likely_property_url,comfort-inn,au099,new-south-wales,,ballina,Comfort Inn & Suites,https://www.choicehotels.com/propertysitemap.xml.gz
https://www.choicehotels.com/new-south-wales/albury/comfort-inn-hotels/au984,likely_property_url,comfort-inn,au984,new-south-wales,,albury,Comfort Inn & Suites,https://www.choicehotels.com/propertysitemap.xml.gz
https://www.choicehotels.com/new-south-wales/bowral/ascend-hotels/au851,likely_property_url,ascend,au851,new-south-wales,,bowral,Ascend Hotel Collection,https://www.choicehotels.com/propertysitemap.xml.gz
https://www.choicehotels.com/new-south-wales/albury/quality-inn-hotels/au094,likely_property_url,quality-inn,au094,new-south-wales,,albury,Quality Inn,https://www.choicehotels.com/propertysitemap.xml.gz
https://www.choicehotels.com/new-south-wales/barham/comfort-suites-hotels/au977,likely_property_url,comfort-suites,au977,new-south-wales,,barham,,https://www.choicehotels.com/propertysitemap.xml.gz
https://www.choicehotels.com/new-south-wales/armidale/ascend-hotels/au999,likely_property_url,ascend,au999,new-south-wales,,armidale,Ascend Hotel Collection,https://www.choicehotels.com/propertysitemap.xml.gz
https://www.choicehotels.com/new-south-wales/broken-hill/comfort-inn-hotels/au107,likely_property_url,comfort-inn,au107,new-south-wales,,broken-hill,Comfort Inn & Suites,https://www.choicehotels.com/propertysitemap.xml.gz
https://www.choicehotels.com/new-south-wales/barham/comfort-inn-hotels/au976,likely_property_url,comfort-inn,au976,new-south-wales,,barham,Comfort Inn & Suites,https://www.choicehotels.com/propertysitemap.xml.gz
https://www.choicehotels.com/new-south-wales/grafton/comfort-inn-hotels/au131,likely_property_url,comfort-inn,au131,new-south-wales,,grafton,Comfort Inn & Suites,https://www.choicehotels.com/propertysitemap.xml.gz
https://www.choicehotels.com/new-south-wales/coffs-harbour/comfort-inn-hotels/au915,likely_property_url,comfort-inn,au915,new-south-wales,,coffs-harbour,Comfort Inn & Suites,https://www.choicehotels.com/propertysitemap.xml.gz
https://www.choicehotels.com/new-south-wales/forresters-beach/ascend-hotels/au981,likely_property_url,ascend,au981,new-south-wales,,forresters-beach,Ascend Hotel Collection,https://www.choicehotels.com/propertysitemap.xml.gz
https://www.choicehotels.com/new-south-wales/dubbo/comfort-inn-hotels/au123,likely_property_url,comfort-inn,au123,new-south-wales,,dubbo,Comfort Inn & Suites,https://www.choicehotels.com/propertysitemap.xml.gz
https://www.choicehotels.com/new-south-wales/dubbo/comfort-inn-hotels/au975,likely_property_url,comfort-inn,au975,new-south-wales,,dubbo,Comfort Inn & Suites,https://www.choicehotels.com/propertysitemap.xml.gz
https://www.choicehotels.com/new-south-wales/burwood/comfort-inn-hotels/au699,likely_property_url,comfort-inn,au699,new-south-wales,,burwood,Comfort Inn & Suites,https://www.choicehotels.com/propertysitemap.xml.gz
https://www.choicehotels.com/new-south-wales/cowra/econo-lodge-hotels/au863,likely_property_url,econo-lodge,au863,new-south-wales,,cowra,Econo Lodge,https://www.choicehotels.com/propertysitemap.xml.gz
https://www.choicehotels.com/new-south-wales/coffs-harbour/quality-inn-hotels/au114,likely_property_url,quality-inn,au114,new-south-wales,,coffs-harbour,Quality Inn,https://www.choicehotels.com/propertysitemap.xml.gz
https://www.choicehotels.com/new-south-wales/dubbo/quality-inn-hotels/au736,likely_property_url,quality-inn,au736,new-south-wales,,dubbo,Quality Inn,https://www.choicehotels.com/propertysitemap.xml.gz
https://www.choicehotels.com/new-south-wales/griffith/econo-lodge-hotels/au757,likely_property_url,econo-lodge,au757,new-south-wales,,griffith,Econo Lodge,https://www.choicehotels.com/propertysitemap.xml.gz
https://www.choicehotels.com/new-south-wales/moree/comfort-inn-hotels/au805,likely_property_url,comfort-inn,au805,new-south-wales,,moree,Comfort Inn & Suites,https://www.choicehotels.com/propertysitemap.xml.gz
https://www.choicehotels.com/new-south-wales/newcastle/ascend-hotels/au918,likely_property_url,ascend,au918,new-south-wales,,newcastle,Ascend Hotel Collection,https://www.choicehotels.com/propertysitemap.xml.gz
https://www.choicehotels.com/new-south-wales/lismore/comfort-inn-hotels/au136,likely_property_url,comfort-inn,au136,new-south-wales,,lismore,Comfort Inn & Suites,https://www.choicehotels.com/propertysitemap.xml.gz
https://www.choicehotels.com/new-south-wales/hillvue/econo-lodge-hotels/au950,likely_property_url,econo-lodge,au950,new-south-wales,,hillvue,Econo Lodge,https://www.choicehotels.com/propertysitemap.xml.gz
https://www.choicehotels.com/new-south-wales/hay/comfort-inn-hotels/au979,likely_property_url,comfort-inn,au979,new-south-wales,,hay,Comfort Inn & Suites,https://www.choicehotels.com/propertysitemap.xml.gz
https://www.choicehotels.com/australia/parramatta/comfort-inn-hotels/au957,likely_property_url,comfort-inn,au957,australia,,parramatta,Comfort Inn & Suites,https://www.choicehotels.com/propertysitemap.xml.gz
https://www.choicehotels.com/australia/mount-view/ascend-hotels/au988,likely_property_url,ascend,au988,australia,,mount-view,Ascend Hotel Collection,https://www.choicehotels.com/propertysitemap.xml.gz
https://www.choicehotels.com/new-south-wales/haberfield/quality-inn-hotels/au932,likely_property_url,quality-inn,au932,new-south-wales,,haberfield,Quality Inn,https://www.choicehotels.com/propertysitemap.xml.gz
https://www.choicehotels.com/new-south-wales/haberfield/clarion-hotels/aua18,likely_property_url,clarion,aua18,new-south-wales,,haberfield,Clarion; Clarion Pointe,https://www.choicehotels.com/propertysitemap.xml.gz
https://www.choicehotels.com/australia/sydney/comfort-inn-hotels/au958,likely_property_url,comfort-inn,au958,australia,,sydney,Comfort Inn & Suites,https://www.choicehotels.com/propertysitemap.xml.gz
https://www.choicehotels.com/new-south-wales/parramatta/ascend-hotels/aua23,likely_property_url,ascend,aua23,new-south-wales,,parramatta,Ascend Hotel Collection,https://www.choicehotels.com/propertysitemap.xml.gz
https://www.choicehotels.com/new-south-wales/port-macquarie/comfort-inn-hotels/au980,likely_property_url,comfort-inn,au980,new-south-wales,,port-macquarie,Comfort Inn & Suites,https://www.choicehotels.com/propertysitemap.xml.gz
https://www.choicehotels.com/new-south-wales/sydney/quality-inn-hotels/au595,likely_property_url,quality-inn,au595,new-south-wales,,sydney,Quality Inn,https://www.choicehotels.com/propertysitemap.xml.gz
https://www.choicehotels.com/new-south-wales/tamworth/ascend-hotels/au942,likely_property_url,ascend,au942,new-south-wales,,tamworth,Ascend Hotel Collection,https://www.choicehotels.com/propertysitemap.xml.gz
https://www.choicehotels.com/new-south-wales/tamworth/quality-inn-hotels/au941,likely_property_url,quality-inn,au941,new-south-wales,,tamworth,Quality Inn,https://www.choicehotels.com/propertysitemap.xml.gz
https://www.choicehotels.com/new-south-wales/sydney/ascend-hotels/au852,likely_property_url,ascend,au852,new-south-wales,,sydney,Ascend Hotel Collection,https://www.choicehotels.com/propertysitemap.xml.gz
https://www.choicehotels.com/new-south-wales/sydney/ascend-hotels/au763,likely_property_url,ascend,au763,new-south-wales,,sydney,Ascend Hotel Collection,https://www.choicehotels.com/propertysitemap.xml.gz
https://www.choicehotels.com/australia/sydney/comfort-inn-hotels/au956,likely_property_url,comfort-inn,au956,australia,,sydney,Comfort Inn & Suites,https://www.choicehotels.com/propertysitemap.xml.gz
https://www.choicehotels.com/new-south-wales/tamworth/comfort-inn-hotels/au191,likely_property_url,comfort-inn,au191,new-south-wales,,tamworth,Comfort Inn & Suites,https://www.choicehotels.com/propertysitemap.xml.gz
https://www.choicehotels.com/victoria/dandenong/comfort-inn-hotels/au409,likely_property_url,comfort-inn,au409,victoria,,dandenong,Comfort Inn & Suites,https://www.choicehotels.com/propertysitemap.xml.gz
https://www.choicehotels.com/victoria/brunswick/econo-lodge-hotels/aua13,likely_property_url,econo-lodge,aua13,victoria,,brunswick,Econo Lodge,https://www.choicehotels.com/propertysitemap.xml.gz
https://www.choicehotels.com/new-south-wales/wagga-wagga/comfort-inn-hotels/au882,likely_property_url,comfort-inn,au882,new-south-wales,,wagga-wagga,Comfort Inn & Suites,https://www.choicehotels.com/propertysitemap.xml.gz
https://www.choicehotels.com/new-south-wales/toukley/ascend-hotels/au199,likely_property_url,ascend,au199,new-south-wales,,toukley,Ascend Hotel Collection,https://www.choicehotels.com/propertysitemap.xml.gz
https://www.choicehotels.com/victoria/box-hill/comfort-inn-hotels/au990,likely_property_url,comfort-inn,au990,victoria,,box-hill,Comfort Inn & Suites,https://www.choicehotels.com/propertysitemap.xml.gz
https://www.choicehotels.com/new-south-wales/tamworth/ascend-hotels/aua28,likely_property_url,ascend,aua28,new-south-wales,,tamworth,Ascend Hotel Collection,https://www.choicehotels.com/propertysitemap.xml.gz
https://www.choicehotels.com/new-south-wales/towradgi/comfort-inn-hotels/au885,likely_property_url,comfort-inn,au885,new-south-wales,,towradgi,Comfort Inn & Suites,https://www.choicehotels.com/propertysitemap.xml.gz
https://www.choicehotels.com/new-south-wales/wagga-wagga/quality-inn-hotels/au203,likely_property_url,quality-inn,au203,new-south-wales,,wagga-wagga,Quality Inn,https://www.choicehotels.com/propertysitemap.xml.gz
https://www.choicehotels.com/victoria/dandenong/quality-inn-hotels/au946,likely_property_url,quality-inn,au946,victoria,,dandenong,Quality Inn,https://www.choicehotels.com/propertysitemap.xml.gz
https://www.choicehotels.com/new-south-wales/towradgi/quality-inn-hotels/au758,likely_property_url,quality-inn,au758,new-south-wales,,towradgi,Quality Inn,https://www.choicehotels.com/propertysitemap.xml.gz
https://www.choicehotels.com/northern-territory/litchfield/comfort-inn-hotels/aua20,likely_property_url,comfort-inn,aua20,northern-territory,,litchfield,Comfort Inn & Suites,https://www.choicehotels.com/propertysitemap.xml.gz
https://www.choicehotels.com/new-south-wales/wagga-wagga/quality-inn-hotels/au883,likely_property_url,quality-inn,au883,new-south-wales,,wagga-wagga,Quality Inn,https://www.choicehotels.com/propertysitemap.xml.gz
https://www.choicehotels.com/northern-territory/mataranka/comfort-inn-hotels/aua21,likely_property_url,comfort-inn,aua21,northern-territory,,mataranka,Comfort Inn & Suites,https://www.choicehotels.com/propertysitemap.xml.gz
https://www.choicehotels.com/queensland/bokarina/ascend-hotels/au995,likely_property_url,ascend,au995,queensland,,bokarina,Ascend Hotel Collection,https://www.choicehotels.com/propertysitemap.xml.gz
https://www.choicehotels.com/northern-territory/venn/comfort-inn-hotels/aua04,likely_property_url,comfort-inn,aua04,northern-territory,,venn,Comfort Inn & Suites,https://www.choicehotels.com/propertysitemap.xml.gz
https://www.choicehotels.com/south-australia/port-pirie/ascend-hotels/aua26,likely_property_url,ascend,aua26,south-australia,,port-pirie,Ascend Hotel Collection,https://www.choicehotels.com/propertysitemap.xml.gz
https://www.choicehotels.com/new-south-wales/west-ballina/econo-lodge-hotels/au983,likely_property_url,econo-lodge,au983,new-south-wales,,west-ballina,Econo Lodge,https://www.choicehotels.com/propertysitemap.xml.gz
https://www.choicehotels.com/queensland/beenleigh/quality-inn-hotels/aua25,likely_property_url,quality-inn,aua25,queensland,,beenleigh,Quality Inn,https://www.choicehotels.com/propertysitemap.xml.gz
https://www.choicehotels.com/northern-territory/darwin/quality-inn-hotels/au899,likely_property_url,quality-inn,au899,northern-territory,,darwin,Quality Inn,https://www.choicehotels.com/propertysitemap.xml.gz
https://www.choicehotels.com/queensland/brisbane/comfort-inn-hotels/au241,likely_property_url,comfort-inn,au241,queensland,,brisbane,Comfort Inn & Suites,https://www.choicehotels.com/propertysitemap.xml.gz
https://www.choicehotels.com/queensland/bundaberg/econo-lodge-hotels/au784,likely_property_url,econo-lodge,au784,queensland,,bundaberg,Econo Lodge,https://www.choicehotels.com/propertysitemap.xml.gz
https://www.choicehotels.com/queensland/brisbane/quality-inn-hotels/au242,likely_property_url,quality-inn,au242,queensland,,brisbane,Quality Inn,https://www.choicehotels.com/propertysitemap.xml.gz
https://www.choicehotels.com/queensland/hervey-bay/comfort-inn-hotels/au546,likely_property_url,comfort-inn,au546,queensland,,hervey-bay,Comfort Inn & Suites,https://www.choicehotels.com/propertysitemap.xml.gz
https://www.choicehotels.com/australia/cairns/ascend-hotels/au964,likely_property_url,ascend,au964,australia,,cairns,Ascend Hotel Collection,https://www.choicehotels.com/propertysitemap.xml.gz
https://www.choicehotels.com/queensland/cairns/comfort-inn-hotels/au248,likely_property_url,comfort-inn,au248,queensland,,cairns,Comfort Inn & Suites,https://www.choicehotels.com/propertysitemap.xml.gz
https://www.choicehotels.com/queensland/brisbane/ascend-hotels/au874,likely_property_url,ascend,au874,queensland,,brisbane,Ascend Hotel Collection,https://www.choicehotels.com/propertysitemap.xml.gz
https://www.choicehotels.com/queensland/carseldine/comfort-inn-hotels/au924,likely_property_url,comfort-inn,au924,queensland,,carseldine,Comfort Inn & Suites,https://www.choicehotels.com/propertysitemap.xml.gz
https://www.choicehotels.com/australia/calliope/comfort-inn-hotels/au845,likely_property_url,comfort-inn,au845,australia,,calliope,Comfort Inn & Suites,https://www.choicehotels.com/propertysitemap.xml.gz
https://www.choicehotels.com/queensland/cleveland/comfort-inn-hotels/au910,likely_property_url,comfort-inn,au910,queensland,,cleveland,Comfort Inn & Suites,https://www.choicehotels.com/propertysitemap.xml.gz
https://www.choicehotels.com/queensland/mooloolaba/ascend-hotels/au906,likely_property_url,ascend,au906,queensland,,mooloolaba,Ascend Hotel Collection,https://www.choicehotels.com/propertysitemap.xml.gz
https://www.choicehotels.com/queensland/toowoomba/comfort-inn-hotels/au289,likely_property_url,comfort-inn,au289,queensland,,toowoomba,Comfort Inn & Suites,https://www.choicehotels.com/propertysitemap.xml.gz
https://www.choicehotels.com/queensland/toowoomba/comfort-inn-hotels/au288,likely_property_url,comfort-inn,au288,queensland,,toowoomba,Comfort Inn & Suites,https://www.choicehotels.com/propertysitemap.xml.gz
https://www.choicehotels.com/australia/southport/ascend-hotels/au929,likely_property_url,ascend,au929,australia,,southport,Ascend Hotel Collection,https://www.choicehotels.com/propertysitemap.xml.gz
https://www.choicehotels.com/queensland/mackay/comfort-inn-hotels/au656,likely_property_url,comfort-inn,au656,queensland,,mackay,Comfort Inn & Suites,https://www.choicehotels.com/propertysitemap.xml.gz
https://www.choicehotels.com/queensland/rockhampton/quality-inn-hotels/au853,likely_property_url,quality-inn,au853,queensland,,rockhampton,Quality Inn,https://www.choicehotels.com/propertysitemap.xml.gz
https://www.choicehotels.com/queensland/mackay/mainstay-hotels/aua05,likely_property_url,mainstay,aua05,queensland,,mackay,MainStay Suites,https://www.choicehotels.com/propertysitemap.xml.gz
https://www.choicehotels.com/queensland/mooloolaba/ascend-hotels/au978,likely_property_url,ascend,au978,queensland,,mooloolaba,Ascend Hotel Collection,https://www.choicehotels.com/propertysitemap.xml.gz
https://www.choicehotels.com/queensland/hervey-bay/quality-inn-hotels/aua19,likely_property_url,quality-inn,aua19,queensland,,hervey-bay,Quality Inn,https://www.choicehotels.com/propertysitemap.xml.gz
https://www.choicehotels.com/queensland/parkhurst/quality-inn-hotels/au987,likely_property_url,quality-inn,au987,queensland,,parkhurst,Quality Inn,https://www.choicehotels.com/propertysitemap.xml.gz
https://www.choicehotels.com/australia/warwick/comfort-inn-hotels/au294,likely_property_url,comfort-inn,au294,australia,,warwick,Comfort Inn & Suites,https://www.choicehotels.com/propertysitemap.xml.gz
https://www.choicehotels.com/queensland/waterford/econo-lodge-hotels/au892,likely_property_url,econo-lodge,au892,queensland,,waterford,Econo Lodge,https://www.choicehotels.com/propertysitemap.xml.gz
https://www.choicehotels.com/australia/tully/comfort-inn-hotels/aua00,likely_property_url,comfort-inn,aua00,australia,,tully,Comfort Inn & Suites,https://www.choicehotels.com/propertysitemap.xml.gz
https://www.choicehotels.com/queensland/townsville/mainstay-hotels/aua06,likely_property_url,mainstay,aua06,queensland,,townsville,MainStay Suites,https://www.choicehotels.com/propertysitemap.xml.gz
https://www.choicehotels.com/australia/resville/clarion-hotels/tr814,likely_property_url,clarion,tr814,australia,,resville,Clarion; Clarion Pointe,https://www.choicehotels.com/propertysitemap.xml.gz
https://www.choicehotels.com/australia/resville/clarion-hotels/tr813,likely_property_url,clarion,tr813,australia,,resville,Clarion; Clarion Pointe,https://www.choicehotels.com/propertysitemap.xml.gz
https://www.choicehotels.com/australia/resville/clarion-hotels/tr815,likely_property_url,clarion,tr815,australia,,resville,Clarion; Clarion Pointe,https://www.choicehotels.com/propertysitemap.xml.gz
https://www.choicehotels.com/queensland/townsville/clarion-hotels/au869,likely_property_url,clarion,au869,queensland,,townsville,Clarion; Clarion Pointe,https://www.choicehotels.com/propertysitemap.xml.gz
https://www.choicehotels.com/australia/resville/clarion-hotels/tr812,likely_property_url,clarion,tr812,australia,,resville,Clarion; Clarion Pointe,https://www.choicehotels.com/propertysitemap.xml.gz
https://www.choicehotels.com/australia/resville/clarion-hotels/tr811,likely_property_url,clarion,tr811,australia,,resville,Clarion; Clarion Pointe,https://www.choicehotels.com/propertysitemap.xml.gz
https://www.choicehotels.com/south-australia/glenelg/comfort-inn-hotels/au296,likely_property_url,comfort-inn,au296,south-australia,,glenelg,Comfort Inn & Suites,https://www.choicehotels.com/propertysitemap.xml.gz
https://www.choicehotels.com/south-australia/adelaide/comfort-inn-hotels/au663,likely_property_url,comfort-inn,au663,south-australia,,adelaide,Comfort Inn & Suites,https://www.choicehotels.com/propertysitemap.xml.gz
https://www.choicehotels.com/south-australia/glenelg/econo-lodge-hotels/au997,likely_property_url,econo-lodge,au997,south-australia,,glenelg,Econo Lodge,https://www.choicehotels.com/propertysitemap.xml.gz
https://www.choicehotels.com/south-australia/adelaide/quality-inn-hotels/au963,likely_property_url,quality-inn,au963,south-australia,,adelaide,Quality Inn,https://www.choicehotels.com/propertysitemap.xml.gz
https://www.choicehotels.com/south-australia/barmera/comfort-inn-hotels/au930,likely_property_url,comfort-inn,au930,south-australia,,barmera,Comfort Inn & Suites,https://www.choicehotels.com/propertysitemap.xml.gz
https://www.choicehotels.com/south-australia/glenelg/ascend-hotels/au972,likely_property_url,ascend,au972,south-australia,,glenelg,Ascend Hotel Collection,https://www.choicehotels.com/propertysitemap.xml.gz
https://www.choicehotels.com/south-australia/glenelg/econo-lodge-hotels/au994,likely_property_url,econo-lodge,au994,south-australia,,glenelg,Econo Lodge,https://www.choicehotels.com/propertysitemap.xml.gz
https://www.choicehotels.com/south-australia/coober-pedy/comfort-inn-hotels/au318,likely_property_url,comfort-inn,au318,south-australia,,coober-pedy,Comfort Inn & Suites,https://www.choicehotels.com/propertysitemap.xml.gz
https://www.choicehotels.com/south-australia/adelaide/comfort-inn-hotels/au305,likely_property_url,comfort-inn,au305,south-australia,,adelaide,Comfort Inn & Suites,https://www.choicehotels.com/propertysitemap.xml.gz
https://www.choicehotels.com/south-australia/adelaide/ascend-hotels/au877,likely_property_url,ascend,au877,south-australia,,adelaide,Ascend Hotel Collection,https://www.choicehotels.com/propertysitemap.xml.gz
https://www.choicehotels.com/south-australia/hahndorf/ascend-hotels/au959,likely_property_url,ascend,au959,south-australia,,hahndorf,Ascend Hotel Collection,https://www.choicehotels.com/propertysitemap.xml.gz
https://www.choicehotels.com/south-australia/mt-gambier/comfort-inn-hotels/au953,likely_property_url,comfort-inn,au953,south-australia,,mt-gambier,Comfort Inn & Suites,https://www.choicehotels.com/propertysitemap.xml.gz
https://www.choicehotels.com/south-australia/north-adelaide/comfort-inn-hotels/au898,likely_property_url,comfort-inn,au898,south-australia,,north-adelaide,Comfort Inn & Suites,https://www.choicehotels.com/propertysitemap.xml.gz
https://www.choicehotels.com/south-australia/oaklands-park/quality-inn-hotels/au985,likely_property_url,quality-inn,au985,south-australia,,oaklands-park,Quality Inn,https://www.choicehotels.com/propertysitemap.xml.gz
https://www.choicehotels.com/south-australia/port-augusta/econo-lodge-hotels/au996,likely_property_url,econo-lodge,au996,south-australia,,port-augusta,Econo Lodge,https://www.choicehotels.com/propertysitemap.xml.gz
https://www.choicehotels.com/south-australia/kent-town/econo-lodge-hotels/au973,likely_property_url,econo-lodge,au973,south-australia,,kent-town,Econo Lodge,https://www.choicehotels.com/propertysitemap.xml.gz
https://www.choicehotels.com/south-australia/north-adelaide/quality-inn-hotels/au945,likely_property_url,quality-inn,au945,south-australia,,north-adelaide,Quality Inn,https://www.choicehotels.com/propertysitemap.xml.gz
https://www.choicehotels.com/south-australia/north-adelaide/comfort-inn-hotels/au966,likely_property_url,comfort-inn,au966,south-australia,,north-adelaide,Comfort Inn & Suites,https://www.choicehotels.com/propertysitemap.xml.gz
https://www.choicehotels.com/south-australia/north-adelaide/econo-lodge-hotels/au965,likely_property_url,econo-lodge,au965,south-australia,,north-adelaide,Econo Lodge,https://www.choicehotels.com/propertysitemap.xml.gz
https://www.choicehotels.com/south-australia/port-augusta/comfort-inn-hotels/au327,likely_property_url,comfort-inn,au327,south-australia,,port-augusta,Comfort Inn & Suites,https://www.choicehotels.com/propertysitemap.xml.gz
https://www.choicehotels.com/tasmania/george-town/comfort-inn-hotels/au343,likely_property_url,comfort-inn,au343,tasmania,,george-town,Comfort Inn & Suites,https://www.choicehotels.com/propertysitemap.xml.gz
https://www.choicehotels.com/australia/port-lincoln/comfort-inn-hotels/aua01,likely_property_url,comfort-inn,aua01,australia,,port-lincoln,Comfort Inn & Suites,https://www.choicehotels.com/propertysitemap.xml.gz
https://www.choicehotels.com/tasmania/devonport/comfort-inn-hotels/au341,likely_property_url,comfort-inn,au341,tasmania,,devonport,Comfort Inn & Suites,https://www.choicehotels.com/propertysitemap.xml.gz
https://www.choicehotels.com/south-australia/whyalla/mainstay-hotels/aua10,likely_property_url,mainstay,aua10,south-australia,,whyalla,MainStay Suites,https://www.choicehotels.com/propertysitemap.xml.gz
https://www.choicehotels.com/tasmania/battery-point/ascend-hotels/aua15,likely_property_url,ascend,aua15,tasmania,,battery-point,Ascend Hotel Collection,https://www.choicehotels.com/propertysitemap.xml.gz
https://www.choicehotels.com/south-australia/port-pirie/comfort-inn-hotels/au940,likely_property_url,comfort-inn,au940,south-australia,,port-pirie,Comfort Inn & Suites,https://www.choicehotels.com/propertysitemap.xml.gz
https://www.choicehotels.com/south-australia/robe/comfort-inn-hotels/aua03,likely_property_url,comfort-inn,aua03,south-australia,,robe,Comfort Inn & Suites,https://www.choicehotels.com/propertysitemap.xml.gz
https://www.choicehotels.com/south-australia/whyalla/comfort-inn-hotels/au334,likely_property_url,comfort-inn,au334,south-australia,,whyalla,Comfort Inn & Suites,https://www.choicehotels.com/propertysitemap.xml.gz
https://www.choicehotels.com/tasmania/launceston/quality-inn-hotels/au739,likely_property_url,quality-inn,au739,tasmania,,launceston,Quality Inn,https://www.choicehotels.com/propertysitemap.xml.gz
https://www.choicehotels.com/victoria/apollo-bay/comfort-inn-hotels/au360,likely_property_url,comfort-inn,au360,victoria,,apollo-bay,Comfort Inn & Suites,https://www.choicehotels.com/propertysitemap.xml.gz
https://www.choicehotels.com/victoria/benalla/comfort-inn-hotels/au371,likely_property_url,comfort-inn,au371,victoria,,benalla,Comfort Inn & Suites,https://www.choicehotels.com/propertysitemap.xml.gz
https://www.choicehotels.com/tasmania/launceston/ascend-hotels/aua12,likely_property_url,ascend,aua12,tasmania,,launceston,Ascend Hotel Collection,https://www.choicehotels.com/propertysitemap.xml.gz
https://www.choicehotels.com/victoria/bendigo/quality-inn-hotels/au374,likely_property_url,quality-inn,au374,victoria,,bendigo,Quality Inn,https://www.choicehotels.com/propertysitemap.xml.gz
https://www.choicehotels.com/tasmania/resville/quality-inn-hotels/tr725,likely_property_url,quality-inn,tr725,tasmania,,resville,Quality Inn,https://www.choicehotels.com/propertysitemap.xml.gz
https://www.choicehotels.com/victoria/ballarat/quality-inn-hotels/au830,likely_property_url,quality-inn,au830,victoria,,ballarat,Quality Inn,https://www.choicehotels.com/propertysitemap.xml.gz
https://www.choicehotels.com/victoria/ballarat/quality-inn-hotels/au637,likely_property_url,quality-inn,au637,victoria,,ballarat,Quality Inn,https://www.choicehotels.com/propertysitemap.xml.gz
https://www.choicehotels.com/victoria/abbotsford/mainstay-hotels/aua08,likely_property_url,mainstay,aua08,victoria,,abbotsford,MainStay Suites,https://www.choicehotels.com/propertysitemap.xml.gz
https://www.choicehotels.com/victoria/ballarat/comfort-inn-hotels/au636,likely_property_url,comfort-inn,au636,victoria,,ballarat,Comfort Inn & Suites,https://www.choicehotels.com/propertysitemap.xml.gz
https://www.choicehotels.com/sao-paulo/sao-paulo/radisson-hotels/br160,likely_property_url,radisson,br160,sao-paulo,,sao-paulo,Radisson (Choice); Radisson Inn & Suites; Park Inn by Radisson (Choice); Radisson Collection  (Choice); Radisson Individual (Choice); Radisson Blu (Choice); Country Inn & Suites by Radisson (Choice); Radisson RED  (Choice),https://www.choicehotels.com/propertysitemap.xml.gz
https://www.choicehotels.com/alberta/airdrie/comfort-inn-hotels/cn903,likely_property_url,comfort-inn,cn903,alberta,,airdrie,Comfort Inn & Suites,https://www.choicehotels.com/propertysitemap.xml.gz
https://www.choicehotels.com/botswana/kampala/clarion-hotels/tr792,likely_property_url,clarion,tr792,botswana,,kampala,Clarion; Clarion Pointe,https://www.choicehotels.com/propertysitemap.xml.gz
https://www.choicehotels.com/bahamas/nassau/comfort-suites-hotels/bs003,likely_property_url,comfort-suites,bs003,bahamas,,nassau,,https://www.choicehotels.com/propertysitemap.xml.gz
https://www.choicehotels.com/sao-paulo/sao-paulo/radisson-hotels/br168,likely_property_url,radisson,br168,sao-paulo,,sao-paulo,Radisson (Choice); Radisson Inn & Suites; Park Inn by Radisson (Choice); Radisson Collection  (Choice); Radisson Individual (Choice); Radisson Blu (Choice); Country Inn & Suites by Radisson (Choice); Radisson RED  (Choice),https://www.choicehotels.com/propertysitemap.xml.gz
https://www.choicehotels.com/sao-paulo/sertozinho/comfort-inn-hotels/br103,likely_property_url,comfort-inn,br103,sao-paulo,,sertozinho,Comfort Inn & Suites,https://www.choicehotels.com/propertysitemap.xml.gz
https://www.choicehotels.com/victoria/bentleigh/quality-inn-hotels/au968,likely_property_url,quality-inn,au968,victoria,,bentleigh,Quality Inn,https://www.choicehotels.com/propertysitemap.xml.gz
https://www.choicehotels.com/victoria/bendigo/quality-inn-hotels/au922,likely_property_url,quality-inn,au922,victoria,,bendigo,Quality Inn,https://www.choicehotels.com/propertysitemap.xml.gz
https://www.choicehotels.com/sao-paulo/sao-jose-do-rio-preto/quality-inn-hotels/br090,likely_property_url,quality-inn,br090,sao-paulo,,sao-jose-do-rio-preto,Quality Inn,https://www.choicehotels.com/propertysitemap.xml.gz
https://www.choicehotels.com/alberta/calgary/comfort-inn-hotels/cn385,likely_property_url,comfort-inn,cn385,alberta,,calgary,Comfort Inn & Suites,https://www.choicehotels.com/propertysitemap.xml.gz
https://www.choicehotels.com/alberta/calgary/comfort-inn-hotels/cn387,likely_property_url,comfort-inn,cn387,alberta,,calgary,Comfort Inn & Suites,https://www.choicehotels.com/propertysitemap.xml.gz
https://www.choicehotels.com/alberta/calgary/comfort-inn-hotels/cn803,likely_property_url,comfort-inn,cn803,alberta,,calgary,Comfort Inn & Suites,https://www.choicehotels.com/propertysitemap.xml.gz
https://www.choicehotels.com/alberta/calgary/econo-lodge-hotels/cn659,likely_property_url,econo-lodge,cn659,alberta,,calgary,Econo Lodge,https://www.choicehotels.com/propertysitemap.xml.gz
https://www.choicehotels.com/alberta/calgary/comfort-inn-hotels/cna14,likely_property_url,comfort-inn,cna14,alberta,,calgary,Comfort Inn & Suites,https://www.choicehotels.com/propertysitemap.xml.gz
https://www.choicehotels.com/alberta/calgary/park-inn-hotels/cnc23,likely_property_url,park-inn,cnc23,alberta,,calgary,Park Inn by Radisson (Choice),https://www.choicehotels.com/propertysitemap.xml.gz
https://www.choicehotels.com/alberta/calgary/country-hotels/cnc13,likely_property_url,country,cnc13,alberta,,calgary,Country Inn & Suites by Radisson (Choice),https://www.choicehotels.com/propertysitemap.xml.gz
https://www.choicehotels.com/alberta/calgary/econo-lodge-hotels/cn610,likely_property_url,econo-lodge,cn610,alberta,,calgary,Econo Lodge,https://www.choicehotels.com/propertysitemap.xml.gz
https://www.choicehotels.com/alberta/bonnyville/comfort-inn-hotels/cna49,likely_property_url,comfort-inn,cna49,alberta,,bonnyville,Comfort Inn & Suites,https://www.choicehotels.com/propertysitemap.xml.gz
https://www.choicehotels.com/alberta/calgary/ascend-hotels/cnb59,likely_property_url,ascend,cnb59,alberta,,calgary,Ascend Hotel Collection,https://www.choicehotels.com/propertysitemap.xml.gz
https://www.choicehotels.com/alberta/drumheller/quality-inn-hotels/cn939,likely_property_url,quality-inn,cn939,alberta,,drumheller,Quality Inn,https://www.choicehotels.com/propertysitemap.xml.gz
https://www.choicehotels.com/alberta/canmore/ascend-hotels/cnb44,likely_property_url,ascend,cnb44,alberta,,canmore,Ascend Hotel Collection,https://www.choicehotels.com/propertysitemap.xml.gz
https://www.choicehotels.com/alberta/drumheller/econo-lodge-hotels/cn825,likely_property_url,econo-lodge,cn825,alberta,,drumheller,Econo Lodge,https://www.choicehotels.com/propertysitemap.xml.gz
https://www.choicehotels.com/alberta/edmonton/comfort-inn-hotels/cn811,likely_property_url,comfort-inn,cn811,alberta,,edmonton,Comfort Inn & Suites,https://www.choicehotels.com/propertysitemap.xml.gz
https://www.choicehotels.com/alberta/calgary/radisson-hotels/cnc28,likely_property_url,radisson,cnc28,alberta,,calgary,Radisson (Choice); Radisson Inn & Suites; Park Inn by Radisson (Choice); Radisson Collection  (Choice); Radisson Individual (Choice); Radisson Blu (Choice); Country Inn & Suites by Radisson (Choice); Radisson RED  (Choice),https://www.choicehotels.com/propertysitemap.xml.gz
https://www.choicehotels.com/alberta/drayton-valley/rocketfuel-hotels/cnd27,likely_property_url,rocketfuel,cnd27,alberta,,drayton-valley,,https://www.choicehotels.com/propertysitemap.xml.gz
https://www.choicehotels.com/alberta/edmonton/quality-inn-hotels/cn889,likely_property_url,quality-inn,cn889,alberta,,edmonton,Quality Inn,https://www.choicehotels.com/propertysitemap.xml.gz
https://www.choicehotels.com/alberta/calgary/ascend-hotels/cnd39,likely_property_url,ascend,cnd39,alberta,,calgary,Ascend Hotel Collection,https://www.choicehotels.com/propertysitemap.xml.gz
https://www.choicehotels.com/alberta/edmonton/comfort-inn-hotels/cn234,likely_property_url,comfort-inn,cn234,alberta,,edmonton,Comfort Inn & Suites,https://www.choicehotels.com/propertysitemap.xml.gz
https://www.choicehotels.com/alberta/edmonton/ascend-hotels/cnb24,likely_property_url,ascend,cnb24,alberta,,edmonton,Ascend Hotel Collection,https://www.choicehotels.com/propertysitemap.xml.gz
https://www.choicehotels.com/alberta/edson/rodeway-inn-hotels/cnb66,likely_property_url,rodeway-inn,cnb66,alberta,,edson,Rodeway Inn,https://www.choicehotels.com/propertysitemap.xml.gz
https://www.choicehotels.com/alberta/fort-mcmurray/radisson-hotels/cnc21,likely_property_url,radisson,cnc21,alberta,,fort-mcmurray,Radisson (Choice); Radisson Inn & Suites; Park Inn by Radisson (Choice); Radisson Collection  (Choice); Radisson Individual (Choice); Radisson Blu (Choice); Country Inn & Suites by Radisson (Choice); Radisson RED  (Choice),https://www.choicehotels.com/propertysitemap.xml.gz
https://www.choicehotels.com/alberta/edmonton/ascend-hotels/cnc08,likely_property_url,ascend,cnc08,alberta,,edmonton,Ascend Hotel Collection,https://www.choicehotels.com/propertysitemap.xml.gz
https://www.choicehotels.com/alberta/edson/econo-lodge-hotels/cn905,likely_property_url,econo-lodge,cn905,alberta,,edson,Econo Lodge,https://www.choicehotels.com/propertysitemap.xml.gz
https://www.choicehotels.com/alberta/fort-saskatchewan/comfort-inn-hotels/cn976,likely_property_url,comfort-inn,cn976,alberta,,fort-saskatchewan,Comfort Inn & Suites,https://www.choicehotels.com/propertysitemap.xml.gz
https://www.choicehotels.com/alberta/fox-creek/comfort-inn-hotels/cna07,likely_property_url,comfort-inn,cna07,alberta,,fox-creek,Comfort Inn & Suites,https://www.choicehotels.com/propertysitemap.xml.gz
https://www.choicehotels.com/alberta/edson/comfort-inn-hotels/cn784,likely_property_url,comfort-inn,cn784,alberta,,edson,Comfort Inn & Suites,https://www.choicehotels.com/propertysitemap.xml.gz
https://www.choicehotels.com/alberta/edmonton/radisson-hotels/cnc46,likely_property_url,radisson,cnc46,alberta,,edmonton,Radisson (Choice); Radisson Inn & Suites; Park Inn by Radisson (Choice); Radisson Collection  (Choice); Radisson Individual (Choice); Radisson Blu (Choice); Country Inn & Suites by Radisson (Choice); Radisson RED  (Choice),https://www.choicehotels.com/propertysitemap.xml.gz
https://www.choicehotels.com/alberta/fort-mcmurray/quality-inn-hotels/cn456,likely_property_url,quality-inn,cn456,alberta,,fort-mcmurray,Quality Inn,https://www.choicehotels.com/propertysitemap.xml.gz
https://www.choicehotels.com/alberta/edmonton/radisson-hotels/cnc36,likely_property_url,radisson,cnc36,alberta,,edmonton,Radisson (Choice); Radisson Inn & Suites; Park Inn by Radisson (Choice); Radisson Collection  (Choice); Radisson Individual (Choice); Radisson Blu (Choice); Country Inn & Suites by Radisson (Choice); Radisson RED  (Choice),https://www.choicehotels.com/propertysitemap.xml.gz
https://www.choicehotels.com/alberta/fox-creek/econo-lodge-hotels/cna77,likely_property_url,econo-lodge,cna77,alberta,,fox-creek,Econo Lodge,https://www.choicehotels.com/propertysitemap.xml.gz
https://www.choicehotels.com/alberta/leduc/quality-inn-hotels/cnb82,likely_property_url,quality-inn,cnb82,alberta,,leduc,Quality Inn,https://www.choicehotels.com/propertysitemap.xml.gz
https://www.choicehotels.com/alberta/high-level/econo-lodge-hotels/cn949,likely_property_url,econo-lodge,cn949,alberta,,high-level,Econo Lodge,https://www.choicehotels.com/propertysitemap.xml.gz
https://www.choicehotels.com/alberta/hinton/rocketfuel-hotels/cnd25,likely_property_url,rocketfuel,cnd25,alberta,,hinton,,https://www.choicehotels.com/propertysitemap.xml.gz
https://www.choicehotels.com/alberta/leduc/radisson-hotels/cnc26,likely_property_url,radisson,cnc26,alberta,,leduc,Radisson (Choice); Radisson Inn & Suites; Park Inn by Radisson (Choice); Radisson Collection  (Choice); Radisson Individual (Choice); Radisson Blu (Choice); Country Inn & Suites by Radisson (Choice); Radisson RED  (Choice),https://www.choicehotels.com/propertysitemap.xml.gz
https://www.choicehotels.com/alberta/grande-prairie/quality-inn-hotels/cna80,likely_property_url,quality-inn,cna80,alberta,,grande-prairie,Quality Inn,https://www.choicehotels.com/propertysitemap.xml.gz
https://www.choicehotels.com/canada/grande-prairie/park-inn-hotels/cnd17,likely_property_url,park-inn,cnd17,canada,,grande-prairie,Park Inn by Radisson (Choice),https://www.choicehotels.com/propertysitemap.xml.gz
https://www.choicehotels.com/alberta/leduc/park-inn-hotels/cnc22,likely_property_url,park-inn,cnc22,alberta,,leduc,Park Inn by Radisson (Choice),https://www.choicehotels.com/propertysitemap.xml.gz
https://www.choicehotels.com/alberta/high-level/quality-inn-hotels/cn961,likely_property_url,quality-inn,cn961,alberta,,high-level,Quality Inn,https://www.choicehotels.com/propertysitemap.xml.gz
https://www.choicehotels.com/alberta/hinton/ascend-hotels/cna59,likely_property_url,ascend,cna59,alberta,,hinton,Ascend Hotel Collection,https://www.choicehotels.com/propertysitemap.xml.gz
https://www.choicehotels.com/alberta/medicine-hat/econo-lodge-hotels/cnb85,likely_property_url,econo-lodge,cnb85,alberta,,medicine-hat,Econo Lodge,https://www.choicehotels.com/propertysitemap.xml.gz
https://www.choicehotels.com/alberta/lloydminster/econo-lodge-hotels/cn915,likely_property_url,econo-lodge,cn915,alberta,,lloydminster,Econo Lodge,https://www.choicehotels.com/propertysitemap.xml.gz
https://www.choicehotels.com/alberta/nisku/comfort-inn-hotels/cna41,likely_property_url,comfort-inn,cna41,alberta,,nisku,Comfort Inn & Suites,https://www.choicehotels.com/propertysitemap.xml.gz
https://www.choicehotels.com/alberta/lethbridge/quality-inn-hotels/cn828,likely_property_url,quality-inn,cn828,alberta,,lethbridge,Quality Inn,https://www.choicehotels.com/propertysitemap.xml.gz
https://www.choicehotels.com/alberta/medicine-hat/clarion-hotels/cnb79,likely_property_url,clarion,cnb79,alberta,,medicine-hat,Clarion; Clarion Pointe,https://www.choicehotels.com/propertysitemap.xml.gz
https://www.choicehotels.com/canada/medicine-hat/rocketfuel-hotels/cnd33,likely_property_url,rocketfuel,cnd33,canada,,medicine-hat,,https://www.choicehotels.com/propertysitemap.xml.gz
https://www.choicehotels.com/alberta/medicine-hat/quality-inn-hotels/cnb03,likely_property_url,quality-inn,cnb03,alberta,,medicine-hat,Quality Inn,https://www.choicehotels.com/propertysitemap.xml.gz
https://www.choicehotels.com/alberta/lethbridge/econo-lodge-hotels/cn038,likely_property_url,econo-lodge,cn038,alberta,,lethbridge,Econo Lodge,https://www.choicehotels.com/propertysitemap.xml.gz
https://www.choicehotels.com/alberta/medicine-hat/comfort-inn-hotels/cn731,likely_property_url,comfort-inn,cn731,alberta,,medicine-hat,Comfort Inn & Suites,https://www.choicehotels.com/propertysitemap.xml.gz
https://www.choicehotels.com/alberta/lethbridge/comfort-inn-hotels/cn424,likely_property_url,comfort-inn,cn424,alberta,,lethbridge,Comfort Inn & Suites,https://www.choicehotels.com/propertysitemap.xml.gz
https://www.choicehotels.com/alberta/rimbey/quality-inn-hotels/cnb75,likely_property_url,quality-inn,cnb75,alberta,,rimbey,Quality Inn,https://www.choicehotels.com/propertysitemap.xml.gz
https://www.choicehotels.com/alberta/taber/econo-lodge-hotels/cna44,likely_property_url,econo-lodge,cna44,alberta,,taber,Econo Lodge,https://www.choicehotels.com/propertysitemap.xml.gz
https://www.choicehotels.com/alberta/okotoks/econo-lodge-hotels/cnb50,likely_property_url,econo-lodge,cnb50,alberta,,okotoks,Econo Lodge,https://www.choicehotels.com/propertysitemap.xml.gz
https://www.choicehotels.com/alberta/red-deer/quality-inn-hotels/cn927,likely_property_url,quality-inn,cn927,alberta,,red-deer,Quality Inn,https://www.choicehotels.com/propertysitemap.xml.gz
https://www.choicehotels.com/alberta/rimbey/clarion-hotels/cn570,likely_property_url,clarion,cn570,alberta,,rimbey,Clarion; Clarion Pointe,https://www.choicehotels.com/propertysitemap.xml.gz
https://www.choicehotels.com/alberta/red-deer/comfort-inn-hotels/cn503,likely_property_url,comfort-inn,cn503,alberta,,red-deer,Comfort Inn & Suites,https://www.choicehotels.com/propertysitemap.xml.gz
https://www.choicehotels.com/alberta/sherwood-park/clarion-hotels/cnb06,likely_property_url,clarion,cnb06,alberta,,sherwood-park,Clarion; Clarion Pointe,https://www.choicehotels.com/propertysitemap.xml.gz
https://www.choicehotels.com/alberta/peace-river/quality-inn-hotels/cnb90,likely_property_url,quality-inn,cnb90,alberta,,peace-river,Quality Inn,https://www.choicehotels.com/propertysitemap.xml.gz
https://www.choicehotels.com/alberta/red-deer/radisson-hotels/cn047,likely_property_url,radisson,cn047,alberta,,red-deer,Radisson (Choice); Radisson Inn & Suites; Park Inn by Radisson (Choice); Radisson Collection  (Choice); Radisson Individual (Choice); Radisson Blu (Choice); Country Inn & Suites by Radisson (Choice); Radisson RED  (Choice),https://www.choicehotels.com/propertysitemap.xml.gz
https://www.choicehotels.com/alberta/pincher-creek/econo-lodge-hotels/cnc02,likely_property_url,econo-lodge,cnc02,alberta,,pincher-creek,Econo Lodge,https://www.choicehotels.com/propertysitemap.xml.gz
https://www.choicehotels.com/alberta/whitecourt/quality-inn-hotels/cnb86,likely_property_url,quality-inn,cnb86,alberta,,whitecourt,Quality Inn,https://www.choicehotels.com/propertysitemap.xml.gz
https://www.choicehotels.com/british-columbia/fort-st-john/radisson-hotels/cnc32,likely_property_url,radisson,cnc32,british-columbia,,fort-st-john,Radisson (Choice); Radisson Inn & Suites; Park Inn by Radisson (Choice); Radisson Collection  (Choice); Radisson Individual (Choice); Radisson Blu (Choice); Country Inn & Suites by Radisson (Choice); Radisson RED  (Choice),https://www.choicehotels.com/propertysitemap.xml.gz
https://www.choicehotels.com/british-columbia/abbotsford/clarion-hotels/cna93,likely_property_url,clarion,cna93,british-columbia,,abbotsford,Clarion; Clarion Pointe,https://www.choicehotels.com/propertysitemap.xml.gz
https://www.choicehotels.com/british-columbia/harrison-hot-springs/ascend-hotels/cnd07,likely_property_url,ascend,cnd07,british-columbia,,harrison-hot-springs,Ascend Hotel Collection,https://www.choicehotels.com/propertysitemap.xml.gz
https://www.choicehotels.com/british-columbia/clearwater/quality-inn-hotels/cnb83,likely_property_url,quality-inn,cnb83,british-columbia,,clearwater,Quality Inn,https://www.choicehotels.com/propertysitemap.xml.gz
https://www.choicehotels.com/british-columbia/dawson-creek/comfort-inn-hotels/cn934,likely_property_url,comfort-inn,cn934,british-columbia,,dawson-creek,Comfort Inn & Suites,https://www.choicehotels.com/propertysitemap.xml.gz
https://www.choicehotels.com/british-columbia/grand-forks/ascend-hotels/cnd21,likely_property_url,ascend,cnd21,british-columbia,,grand-forks,Ascend Hotel Collection,https://www.choicehotels.com/propertysitemap.xml.gz
https://www.choicehotels.com/british-columbia/chilliwack/comfort-inn-hotels/cn235,likely_property_url,comfort-inn,cn235,british-columbia,,chilliwack,Comfort Inn & Suites,https://www.choicehotels.com/propertysitemap.xml.gz
https://www.choicehotels.com/british-columbia/harrison-hot-springs/ascend-hotels/cna25,likely_property_url,ascend,cna25,british-columbia,,harrison-hot-springs,Ascend Hotel Collection,https://www.choicehotels.com/propertysitemap.xml.gz
https://www.choicehotels.com/british-columbia/campbell-river/comfort-inn-hotels/cna27,likely_property_url,comfort-inn,cna27,british-columbia,,campbell-river,Comfort Inn & Suites,https://www.choicehotels.com/propertysitemap.xml.gz
https://www.choicehotels.com/british-columbia/kelowna/park-inn-hotels/cnc65,likely_property_url,park-inn,cnc65,british-columbia,,kelowna,Park Inn by Radisson (Choice),https://www.choicehotels.com/propertysitemap.xml.gz
https://www.choicehotels.com/british-columbia/kamloops/quality-inn-hotels/cn517,likely_property_url,quality-inn,cn517,british-columbia,,kamloops,Quality Inn,https://www.choicehotels.com/propertysitemap.xml.gz
https://www.choicehotels.com/british-columbia/kelowna/econo-lodge-hotels/cnb81,likely_property_url,econo-lodge,cnb81,british-columbia,,kelowna,Econo Lodge,https://www.choicehotels.com/propertysitemap.xml.gz
https://www.choicehotels.com/canada/kelowna/radisson-hotels/cnd18,likely_property_url,radisson,cnd18,canada,,kelowna,Radisson (Choice); Radisson Inn & Suites; Park Inn by Radisson (Choice); Radisson Collection  (Choice); Radisson Individual (Choice); Radisson Blu (Choice); Country Inn & Suites by Radisson (Choice); Radisson RED  (Choice),https://www.choicehotels.com/propertysitemap.xml.gz
https://www.choicehotels.com/canada/lake-country/country-hotels/cnd19,likely_property_url,country,cnd19,canada,,lake-country,Country Inn & Suites by Radisson (Choice),https://www.choicehotels.com/propertysitemap.xml.gz
https://www.choicehotels.com/british-columbia/kamloops/ascend-hotels/cnb28,likely_property_url,ascend,cnb28,british-columbia,,kamloops,Ascend Hotel Collection,https://www.choicehotels.com/propertysitemap.xml.gz
https://www.choicehotels.com/british-columbia/langley/ascend-hotels/cn702,likely_property_url,ascend,cn702,british-columbia,,langley,Ascend Hotel Collection,https://www.choicehotels.com/propertysitemap.xml.gz
https://www.choicehotels.com/british-columbia/hope/ascend-hotels/cnd10,likely_property_url,ascend,cnd10,british-columbia,,hope,Ascend Hotel Collection,https://www.choicehotels.com/propertysitemap.xml.gz
https://www.choicehotels.com/british-columbia/kamloops/rodeway-inn-hotels/cnb68,likely_property_url,rodeway-inn,cnb68,british-columbia,,kamloops,Rodeway Inn,https://www.choicehotels.com/propertysitemap.xml.gz
https://www.choicehotels.com/british-columbia/kelowna/comfort-suites-hotels/cn522,likely_property_url,comfort-suites,cn522,british-columbia,,kelowna,,https://www.choicehotels.com/propertysitemap.xml.gz
https://www.choicehotels.com/british-columbia/prince-george/econo-lodge-hotels/cna31,likely_property_url,econo-lodge,cna31,british-columbia,,prince-george,Econo Lodge,https://www.choicehotels.com/propertysitemap.xml.gz
https://www.choicehotels.com/british-columbia/merritt/quality-inn-hotels/cna21,likely_property_url,quality-inn,cna21,british-columbia,,merritt,Quality Inn,https://www.choicehotels.com/propertysitemap.xml.gz
https://www.choicehotels.com/british-columbia/merritt/comfort-inn-hotels/cna43,likely_property_url,comfort-inn,cna43,british-columbia,,merritt,Comfort Inn & Suites,https://www.choicehotels.com/propertysitemap.xml.gz
https://www.choicehotels.com/british-columbia/nanaimo/quality-inn-hotels/cnb20,likely_property_url,quality-inn,cnb20,british-columbia,,nanaimo,Quality Inn,https://www.choicehotels.com/propertysitemap.xml.gz
https://www.choicehotels.com/british-columbia/parksville/ascend-hotels/cn596,likely_property_url,ascend,cn596,british-columbia,,parksville,Ascend Hotel Collection,https://www.choicehotels.com/propertysitemap.xml.gz
https://www.choicehotels.com/british-columbia/powell-river/ascend-hotels/cnd09,likely_property_url,ascend,cnd09,british-columbia,,powell-river,Ascend Hotel Collection,https://www.choicehotels.com/propertysitemap.xml.gz
https://www.choicehotels.com/british-columbia/osoyoos/park-inn-hotels/cnc61,likely_property_url,park-inn,cnc61,british-columbia,,osoyoos,Park Inn by Radisson (Choice),https://www.choicehotels.com/propertysitemap.xml.gz
https://www.choicehotels.com/british-columbia/langley/comfort-inn-hotels/cna70,likely_property_url,comfort-inn,cna70,british-columbia,,langley,Comfort Inn & Suites,https://www.choicehotels.com/propertysitemap.xml.gz
https://www.choicehotels.com/british-columbia/penticton/comfort-inn-hotels/cnb67,likely_property_url,comfort-inn,cnb67,british-columbia,,penticton,Comfort Inn & Suites,https://www.choicehotels.com/propertysitemap.xml.gz
https://www.choicehotels.com/british-columbia/north-vancouver/econo-lodge-hotels/cn554,likely_property_url,econo-lodge,cn554,british-columbia,,north-vancouver,Econo Lodge,https://www.choicehotels.com/propertysitemap.xml.gz
https://www.choicehotels.com/british-columbia/richmond/radisson-blu-hotels/cnc30,likely_property_url,radisson-blu,cnc30,british-columbia,,richmond,Radisson Blu (Choice); Radisson (Choice),https://www.choicehotels.com/propertysitemap.xml.gz
https://www.choicehotels.com/british-columbia/richmond/radisson-hotels/cnc31,likely_property_url,radisson,cnc31,british-columbia,,richmond,Radisson (Choice); Radisson Inn & Suites; Park Inn by Radisson (Choice); Radisson Collection  (Choice); Radisson Individual (Choice); Radisson Blu (Choice); Country Inn & Suites by Radisson (Choice); Radisson RED  (Choice),https://www.choicehotels.com/propertysitemap.xml.gz
https://www.choicehotels.com/british-columbia/richmond/ascend-hotels/cnc75,likely_property_url,ascend,cnc75,british-columbia,,richmond,Ascend Hotel Collection,https://www.choicehotels.com/propertysitemap.xml.gz
https://www.choicehotels.com/british-columbia/surrey/radisson-hotels/cnc93,likely_property_url,radisson,cnc93,british-columbia,,surrey,Radisson (Choice); Radisson Inn & Suites; Park Inn by Radisson (Choice); Radisson Collection  (Choice); Radisson Individual (Choice); Radisson Blu (Choice); Country Inn & Suites by Radisson (Choice); Radisson RED  (Choice),https://www.choicehotels.com/propertysitemap.xml.gz
https://www.choicehotels.com/british-columbia/richmond/comfort-inn-hotels/cn459,likely_property_url,comfort-inn,cn459,british-columbia,,richmond,Comfort Inn & Suites,https://www.choicehotels.com/propertysitemap.xml.gz
https://www.choicehotels.com/canada/quesnel/quality-inn-hotels/cn977,likely_property_url,quality-inn,cn977,canada,,quesnel,Quality Inn,https://www.choicehotels.com/propertysitemap.xml.gz
https://www.choicehotels.com/british-columbia/saanichton/quality-inn-hotels/cn614,likely_property_url,quality-inn,cn614,british-columbia,,saanichton,Quality Inn,https://www.choicehotels.com/propertysitemap.xml.gz
https://www.choicehotels.com/british-columbia/surrey/comfort-inn-hotels/cn922,likely_property_url,comfort-inn,cn922,british-columbia,,surrey,Comfort Inn & Suites,https://www.choicehotels.com/propertysitemap.xml.gz
https://www.choicehotels.com/british-columbia/quesnel/rocketfuel-hotels/cnc99,likely_property_url,rocketfuel,cnc99,british-columbia,,quesnel,,https://www.choicehotels.com/propertysitemap.xml.gz
https://www.choicehotels.com/british-columbia/salmon-arm/comfort-inn-hotels/cn984,likely_property_url,comfort-inn,cn984,british-columbia,,salmon-arm,Comfort Inn & Suites,https://www.choicehotels.com/propertysitemap.xml.gz
https://www.choicehotels.com/british-columbia/vernon/quality-inn-hotels/cn661,likely_property_url,quality-inn,cn661,british-columbia,,vernon,Quality Inn,https://www.choicehotels.com/propertysitemap.xml.gz
https://www.choicehotels.com/ontario/blind-river/comfort-inn-hotels/cnd30,likely_property_url,comfort-inn,cnd30,ontario,,blind-river,Comfort Inn & Suites,https://www.choicehotels.com/propertysitemap.xml.gz
https://www.choicehotels.com/british-columbia/vancouver/ascend-hotels/cnc76,likely_property_url,ascend,cnc76,british-columbia,,vancouver,Ascend Hotel Collection,https://www.choicehotels.com/propertysitemap.xml.gz
https://www.choicehotels.com/british-columbia/victoria/quality-inn-hotels/cn376,likely_property_url,quality-inn,cn376,british-columbia,,victoria,Quality Inn,https://www.choicehotels.com/propertysitemap.xml.gz
https://www.choicehotels.com/british-columbia/victoria/ascend-hotels/cnc09,likely_property_url,ascend,cnc09,british-columbia,,victoria,Ascend Hotel Collection,https://www.choicehotels.com/propertysitemap.xml.gz
https://www.choicehotels.com/british-columbia/valemount/comfort-inn-hotels/cnb29,likely_property_url,comfort-inn,cnb29,british-columbia,,valemount,Comfort Inn & Suites,https://www.choicehotels.com/propertysitemap.xml.gz
https://www.choicehotels.com/british-columbia/terrace/quality-inn-hotels/cnc07,likely_property_url,quality-inn,cnc07,british-columbia,,terrace,Quality Inn,https://www.choicehotels.com/propertysitemap.xml.gz
https://www.choicehotels.com/british-columbia/terrace/comfort-inn-hotels/cna58,likely_property_url,comfort-inn,cna58,british-columbia,,terrace,Comfort Inn & Suites,https://www.choicehotels.com/propertysitemap.xml.gz
https://www.choicehotels.com/british-columbia/vancouver/quality-inn-hotels/cnc12,likely_property_url,quality-inn,cnc12,british-columbia,,vancouver,Quality Inn,https://www.choicehotels.com/propertysitemap.xml.gz
https://www.choicehotels.com/british-columbia/vernon/econo-lodge-hotels/cn994,likely_property_url,econo-lodge,cn994,british-columbia,,vernon,Econo Lodge,https://www.choicehotels.com/propertysitemap.xml.gz
https://www.choicehotels.com/canada/flin-flon/park-inn-hotels/cnc84,likely_property_url,park-inn,cnc84,canada,,flin-flon,Park Inn by Radisson (Choice),https://www.choicehotels.com/propertysitemap.xml.gz
https://www.choicehotels.com/ontario/cornwall/radisson-hotels/cnc29,likely_property_url,radisson,cnc29,ontario,,cornwall,Radisson (Choice); Radisson Inn & Suites; Park Inn by Radisson (Choice); Radisson Collection  (Choice); Radisson Individual (Choice); Radisson Blu (Choice); Country Inn & Suites by Radisson (Choice); Radisson RED  (Choice),https://www.choicehotels.com/propertysitemap.xml.gz
https://www.choicehotels.com/new-brunswick/grand-falls/ascend-hotels/cnd00,likely_property_url,ascend,cnd00,new-brunswick,,grand-falls,Ascend Hotel Collection,https://www.choicehotels.com/propertysitemap.xml.gz
https://www.choicehotels.com/manitoba/brandon/comfort-inn-hotels/cn236,likely_property_url,comfort-inn,cn236,manitoba,,brandon,Comfort Inn & Suites,https://www.choicehotels.com/propertysitemap.xml.gz
https://www.choicehotels.com/canada/dawson-creek/econo-lodge-hotels/cnc47,likely_property_url,econo-lodge,cnc47,canada,,dawson-creek,Econo Lodge,https://www.choicehotels.com/propertysitemap.xml.gz
https://www.choicehotels.com/manitoba/winnipeg/comfort-inn-hotels/cn354,likely_property_url,comfort-inn,cn354,manitoba,,winnipeg,Comfort Inn & Suites,https://www.choicehotels.com/propertysitemap.xml.gz
https://www.choicehotels.com/manitoba/winnipeg/quality-inn-hotels/cn715,likely_property_url,quality-inn,cn715,manitoba,,winnipeg,Quality Inn,https://www.choicehotels.com/propertysitemap.xml.gz
https://www.choicehotels.com/manitoba/southport/rocketfuel-hotels/cnc81,likely_property_url,rocketfuel,cnc81,manitoba,,southport,,https://www.choicehotels.com/propertysitemap.xml.gz
https://www.choicehotels.com/manitoba/winkler/quality-inn-hotels/cn876,likely_property_url,quality-inn,cn876,manitoba,,winkler,Quality Inn,https://www.choicehotels.com/propertysitemap.xml.gz
https://www.choicehotels.com/manitoba/winnipeg/mainstay-hotels/cn921,likely_property_url,mainstay,cn921,manitoba,,winnipeg,MainStay Suites,https://www.choicehotels.com/propertysitemap.xml.gz
https://www.choicehotels.com/manitoba/thompson/quality-inn-hotels/cn911,likely_property_url,quality-inn,cn911,manitoba,,thompson,Quality Inn,https://www.choicehotels.com/propertysitemap.xml.gz
https://www.choicehotels.com/manitoba/virden/comfort-inn-hotels/cn966,likely_property_url,comfort-inn,cn966,manitoba,,virden,Comfort Inn & Suites,https://www.choicehotels.com/propertysitemap.xml.gz
https://www.choicehotels.com/manitoba/brandon/clarion-hotels/cnb01,likely_property_url,clarion,cnb01,manitoba,,brandon,Clarion; Clarion Pointe,https://www.choicehotels.com/propertysitemap.xml.gz
https://www.choicehotels.com/manitoba/winnipeg/comfort-inn-hotels/cn237,likely_property_url,comfort-inn,cn237,manitoba,,winnipeg,Comfort Inn & Suites,https://www.choicehotels.com/propertysitemap.xml.gz
https://www.choicehotels.com/canada/mississauga/cambria-hotels/cnc73,likely_property_url,cambria,cnc73,canada,,mississauga,Cambria Hotels,https://www.choicehotels.com/propertysitemap.xml.gz
https://www.choicehotels.com/new-brunswick/bathurst/quality-inn-hotels/cnb09,likely_property_url,quality-inn,cnb09,new-brunswick,,bathurst,Quality Inn,https://www.choicehotels.com/propertysitemap.xml.gz
https://www.choicehotels.com/manitoba/winnipeg/ascend-hotels/cnb72,likely_property_url,ascend,cnb72,manitoba,,winnipeg,Ascend Hotel Collection,https://www.choicehotels.com/propertysitemap.xml.gz
https://www.choicehotels.com/manitoba/winnipeg/clarion-hotels/cn959,likely_property_url,clarion,cn959,manitoba,,winnipeg,Clarion; Clarion Pointe,https://www.choicehotels.com/propertysitemap.xml.gz
https://www.choicehotels.com/new-brunswick/bathurst/comfort-inn-hotels/cn238,likely_property_url,comfort-inn,cn238,new-brunswick,,bathurst,Comfort Inn & Suites,https://www.choicehotels.com/propertysitemap.xml.gz
https://www.choicehotels.com/new-brunswick/moncton/ascend-hotels/cnd36,likely_property_url,ascend,cnd36,new-brunswick,,moncton,Ascend Hotel Collection,https://www.choicehotels.com/propertysitemap.xml.gz
https://www.choicehotels.com/new-brunswick/campbellton/clarion-hotels/cn239,likely_property_url,clarion,cn239,new-brunswick,,campbellton,Clarion; Clarion Pointe,https://www.choicehotels.com/propertysitemap.xml.gz
https://www.choicehotels.com/new-brunswick/campbellton/quality-inn-hotels/cn850,likely_property_url,quality-inn,cn850,new-brunswick,,campbellton,Quality Inn,https://www.choicehotels.com/propertysitemap.xml.gz
https://www.choicehotels.com/manitoba/winnipeg/radisson-hotels/cnc33,likely_property_url,radisson,cnc33,manitoba,,winnipeg,Radisson (Choice); Radisson Inn & Suites; Park Inn by Radisson (Choice); Radisson Collection  (Choice); Radisson Individual (Choice); Radisson Blu (Choice); Country Inn & Suites by Radisson (Choice); Radisson RED  (Choice),https://www.choicehotels.com/propertysitemap.xml.gz
https://www.choicehotels.com/manitoba/winnipeg/country-hotels/cnb47,likely_property_url,country,cnb47,manitoba,,winnipeg,Country Inn & Suites by Radisson (Choice),https://www.choicehotels.com/propertysitemap.xml.gz
https://www.choicehotels.com/new-brunswick/fredericton/comfort-inn-hotels/cn241,likely_property_url,comfort-inn,cn241,new-brunswick,,fredericton,Comfort Inn & Suites,https://www.choicehotels.com/propertysitemap.xml.gz
https://www.choicehotels.com/new-brunswick/grand-falls/rodeway-inn-hotels/cn858,likely_property_url,rodeway-inn,cn858,new-brunswick,,grand-falls,Rodeway Inn,https://www.choicehotels.com/propertysitemap.xml.gz
https://www.choicehotels.com/new-brunswick/florenceville-bristol/ascend-hotels/cnc91,likely_property_url,ascend,cnc91,new-brunswick,,florenceville-bristol,Ascend Hotel Collection,https://www.choicehotels.com/propertysitemap.xml.gz
https://www.choicehotels.com/new-brunswick/dieppe/quality-inn-hotels/cna72,likely_property_url,quality-inn,cna72,new-brunswick,,dieppe,Quality Inn,https://www.choicehotels.com/propertysitemap.xml.gz
https://www.choicehotels.com/new-brunswick/fredericton/quality-inn-hotels/cna73,likely_property_url,quality-inn,cna73,new-brunswick,,fredericton,Quality Inn,https://www.choicehotels.com/propertysitemap.xml.gz
https://www.choicehotels.com/ontario/stratford/rodeway-inn-hotels/cnb51,likely_property_url,rodeway-inn,cnb51,ontario,,stratford,Rodeway Inn,https://www.choicehotels.com/propertysitemap.xml.gz
https://www.choicehotels.com/new-brunswick/edmundston/comfort-inn-hotels/cn240,likely_property_url,comfort-inn,cn240,new-brunswick,,edmundston,Comfort Inn & Suites,https://www.choicehotels.com/propertysitemap.xml.gz
https://www.choicehotels.com/new-brunswick/edmundston/quality-inn-hotels/cnb12,likely_property_url,quality-inn,cnb12,new-brunswick,,edmundston,Quality Inn,https://www.choicehotels.com/propertysitemap.xml.gz
https://www.choicehotels.com/ontario/st-thomas/comfort-inn-hotels/cn005,likely_property_url,comfort-inn,cn005,ontario,,st-thomas,Comfort Inn & Suites,https://www.choicehotels.com/propertysitemap.xml.gz
https://www.choicehotels.com/ontario/sudbury/quality-inn-hotels/cn397,likely_property_url,quality-inn,cn397,ontario,,sudbury,Quality Inn,https://www.choicehotels.com/propertysitemap.xml.gz
https://www.choicehotels.com/ontario/sudbury/clarion-hotels/cna60,likely_property_url,clarion,cna60,ontario,,sudbury,Clarion; Clarion Pointe,https://www.choicehotels.com/propertysitemap.xml.gz
https://www.choicehotels.com/ontario/sudbury/rodeway-inn-hotels/cnb95,likely_property_url,rodeway-inn,cnb95,ontario,,sudbury,Rodeway Inn,https://www.choicehotels.com/propertysitemap.xml.gz
https://www.choicehotels.com/ontario/temiskaming/ascend-hotels/cnc83,likely_property_url,ascend,cnc83,ontario,,temiskaming,Ascend Hotel Collection,https://www.choicehotels.com/propertysitemap.xml.gz
https://www.choicehotels.com/ontario/sudbury/comfort-inn-hotels/cn305,likely_property_url,comfort-inn,cn305,ontario,,sudbury,Comfort Inn & Suites,https://www.choicehotels.com/propertysitemap.xml.gz
https://www.choicehotels.com/ontario/sudbury/radisson-hotels/cnc38,likely_property_url,radisson,cnc38,ontario,,sudbury,Radisson (Choice); Radisson Inn & Suites; Park Inn by Radisson (Choice); Radisson Collection  (Choice); Radisson Individual (Choice); Radisson Blu (Choice); Country Inn & Suites by Radisson (Choice); Radisson RED  (Choice),https://www.choicehotels.com/propertysitemap.xml.gz
https://www.choicehotels.com/ontario/sudbury/comfort-inn-hotels/cn306,likely_property_url,comfort-inn,cn306,ontario,,sudbury,Comfort Inn & Suites,https://www.choicehotels.com/propertysitemap.xml.gz
https://www.choicehotels.com/ontario/sudbury/econo-lodge-hotels/cna92,likely_property_url,econo-lodge,cna92,ontario,,sudbury,Econo Lodge,https://www.choicehotels.com/propertysitemap.xml.gz
https://www.choicehotels.com/ontario/stratford/ascend-hotels/cnb57,likely_property_url,ascend,cnb57,ontario,,stratford,Ascend Hotel Collection,https://www.choicehotels.com/propertysitemap.xml.gz
https://www.choicehotels.com/ontario/sturgeon-falls/comfort-inn-hotels/cn567,likely_property_url,comfort-inn,cn567,ontario,,sturgeon-falls,Comfort Inn & Suites,https://www.choicehotels.com/propertysitemap.xml.gz
https://www.choicehotels.com/ontario/toronto/ascend-hotels/cna56,likely_property_url,ascend,cna56,ontario,,toronto,Ascend Hotel Collection,https://www.choicehotels.com/propertysitemap.xml.gz
https://www.choicehotels.com/ontario/toronto/econo-lodge-hotels/cn761,likely_property_url,econo-lodge,cn761,ontario,,toronto,Econo Lodge,https://www.choicehotels.com/propertysitemap.xml.gz
https://www.choicehotels.com/ontario/timmins/comfort-inn-hotels/cn308,likely_property_url,comfort-inn,cn308,ontario,,timmins,Comfort Inn & Suites,https://www.choicehotels.com/propertysitemap.xml.gz
https://www.choicehotels.com/ontario/timmins/ascend-hotels/cnc80,likely_property_url,ascend,cnc80,ontario,,timmins,Ascend Hotel Collection,https://www.choicehotels.com/propertysitemap.xml.gz
https://www.choicehotels.com/ontario/thunder-bay/quality-inn-hotels/cnc94,likely_property_url,quality-inn,cnc94,ontario,,thunder-bay,Quality Inn,https://www.choicehotels.com/propertysitemap.xml.gz
https://www.choicehotels.com/ontario/timmins/park-inn-hotels/cn916,likely_property_url,park-inn,cn916,ontario,,timmins,Park Inn by Radisson (Choice),https://www.choicehotels.com/propertysitemap.xml.gz
https://www.choicehotels.com/canada/thunder-bay/cambria-hotels/cnd03,likely_property_url,cambria,cnd03,canada,,thunder-bay,Cambria Hotels,https://www.choicehotels.com/propertysitemap.xml.gz
https://www.choicehotels.com/ontario/thunder-bay/ascend-hotels/cnb19,likely_property_url,ascend,cnb19,ontario,,thunder-bay,Ascend Hotel Collection,https://www.choicehotels.com/propertysitemap.xml.gz
https://www.choicehotels.com/ontario/thunder-bay/comfort-inn-hotels/cn307,likely_property_url,comfort-inn,cn307,ontario,,thunder-bay,Comfort Inn & Suites,https://www.choicehotels.com/propertysitemap.xml.gz
https://www.choicehotels.com/ontario/toronto/comfort-inn-hotels/cn478,likely_property_url,comfort-inn,cn478,ontario,,toronto,Comfort Inn & Suites,https://www.choicehotels.com/propertysitemap.xml.gz
https://www.choicehotels.com/ontario/woodstock/quality-inn-hotels/cn066,likely_property_url,quality-inn,cn066,ontario,,woodstock,Quality Inn,https://www.choicehotels.com/propertysitemap.xml.gz
https://www.choicehotels.com/ontario/toronto/radisson-blu-hotels/cnc41,likely_property_url,radisson-blu,cnc41,ontario,,toronto,Radisson Blu (Choice); Radisson (Choice),https://www.choicehotels.com/propertysitemap.xml.gz
https://www.choicehotels.com/ontario/vaughan/quality-inn-hotels/cna45,likely_property_url,quality-inn,cna45,ontario,,vaughan,Quality Inn,https://www.choicehotels.com/propertysitemap.xml.gz
https://www.choicehotels.com/ontario/whitby/quality-inn-hotels/cn316,likely_property_url,quality-inn,cn316,ontario,,whitby,Quality Inn,https://www.choicehotels.com/propertysitemap.xml.gz
https://www.choicehotels.com/ontario/windsor/comfort-inn-hotels/cn318,likely_property_url,comfort-inn,cn318,ontario,,windsor,Comfort Inn & Suites,https://www.choicehotels.com/propertysitemap.xml.gz
https://www.choicehotels.com/ontario/windsor/comfort-inn-hotels/cn901,likely_property_url,comfort-inn,cn901,ontario,,windsor,Comfort Inn & Suites,https://www.choicehotels.com/propertysitemap.xml.gz
https://www.choicehotels.com/ontario/toronto/ascend-hotels/cnb91,likely_property_url,ascend,cnb91,ontario,,toronto,Ascend Hotel Collection,https://www.choicehotels.com/propertysitemap.xml.gz
https://www.choicehotels.com/ontario/toronto/comfort-inn-hotels/cnb89,likely_property_url,comfort-inn,cnb89,ontario,,toronto,Comfort Inn & Suites,https://www.choicehotels.com/propertysitemap.xml.gz
https://www.choicehotels.com/ontario/trenton/comfort-inn-hotels/cn313,likely_property_url,comfort-inn,cn313,ontario,,trenton,Comfort Inn & Suites,https://www.choicehotels.com/propertysitemap.xml.gz
https://www.choicehotels.com/ontario/windsor/quality-inn-hotels/cn665,likely_property_url,quality-inn,cn665,ontario,,windsor,Quality Inn,https://www.choicehotels.com/propertysitemap.xml.gz
https://www.choicehotels.com/prince-edward-island/charlottetown/comfort-inn-hotels/cn320,likely_property_url,comfort-inn,cn320,prince-edward-island,,charlottetown,Comfort Inn & Suites,https://www.choicehotels.com/propertysitemap.xml.gz
https://www.choicehotels.com/canada/woodstock/econo-lodge-hotels/cn881,likely_property_url,econo-lodge,cn881,canada,,woodstock,Econo Lodge,https://www.choicehotels.com/propertysitemap.xml.gz
https://www.choicehotels.com/quebec/alma/comfort-inn-hotels/cn321,likely_property_url,comfort-inn,cn321,quebec,,alma,Comfort Inn & Suites,https://www.choicehotels.com/propertysitemap.xml.gz
https://www.choicehotels.com/quebec/ancienne-lorette/comfort-inn-hotels/cn337,likely_property_url,comfort-inn,cn337,quebec,,ancienne-lorette,Comfort Inn & Suites,https://www.choicehotels.com/propertysitemap.xml.gz
https://www.choicehotels.com/quebec/anjou/quality-inn-hotels/cn326,likely_property_url,quality-inn,cn326,quebec,,anjou,Quality Inn,https://www.choicehotels.com/propertysitemap.xml.gz
https://www.choicehotels.com/prince-edward-island/charlottetown/quality-inn-hotels/cn669,likely_property_url,quality-inn,cn669,prince-edward-island,,charlottetown,Quality Inn,https://www.choicehotels.com/propertysitemap.xml.gz
https://www.choicehotels.com/prince-edward-island/summerside/quality-inn-hotels/cn009,likely_property_url,quality-inn,cn009,prince-edward-island,,summerside,Quality Inn,https://www.choicehotels.com/propertysitemap.xml.gz
https://www.choicehotels.com/quebec/baie-comeau/comfort-inn-hotels/cn322,likely_property_url,comfort-inn,cn322,quebec,,baie-comeau,Comfort Inn & Suites,https://www.choicehotels.com/propertysitemap.xml.gz
https://www.choicehotels.com/quebec/boischatel/sleep-inn-hotels/cn787,likely_property_url,sleep-inn,cn787,quebec,,boischatel,Sleep Inn,https://www.choicehotels.com/propertysitemap.xml.gz
https://www.choicehotels.com/quebec/brossard/quality-inn-hotels/cn044,likely_property_url,quality-inn,cn044,quebec,,brossard,Quality Inn,https://www.choicehotels.com/propertysitemap.xml.gz
https://www.choicehotels.com/quebec/dorval/comfort-inn-hotels/cn330,likely_property_url,comfort-inn,cn330,quebec,,dorval,Comfort Inn & Suites,https://www.choicehotels.com/propertysitemap.xml.gz
https://www.choicehotels.com/quebec/brossard/ascend-hotels/cnd14,likely_property_url,ascend,cnd14,quebec,,brossard,Ascend Hotel Collection,https://www.choicehotels.com/propertysitemap.xml.gz
https://www.choicehotels.com/quebec/boucherville/comfort-inn-hotels/cn327,likely_property_url,comfort-inn,cn327,quebec,,boucherville,Comfort Inn & Suites,https://www.choicehotels.com/propertysitemap.xml.gz
https://www.choicehotels.com/quebec/brossard/econo-lodge-hotels/cn778,likely_property_url,econo-lodge,cn778,quebec,,brossard,Econo Lodge,https://www.choicehotels.com/propertysitemap.xml.gz
https://www.choicehotels.com/quebec/brossard/comfort-inn-hotels/cn328,likely_property_url,comfort-inn,cn328,quebec,,brossard,Comfort Inn & Suites,https://www.choicehotels.com/propertysitemap.xml.gz
https://www.choicehotels.com/quebec/dorval/quality-inn-hotels/cn218,likely_property_url,quality-inn,cn218,quebec,,dorval,Quality Inn,https://www.choicehotels.com/propertysitemap.xml.gz
https://www.choicehotels.com/quebec/deschambault/econo-lodge-hotels/cnc11,likely_property_url,econo-lodge,cnc11,quebec,,deschambault,Econo Lodge,https://www.choicehotels.com/propertysitemap.xml.gz
https://www.choicehotels.com/quebec/chicoutimi/comfort-inn-hotels/cn323,likely_property_url,comfort-inn,cn323,quebec,,chicoutimi,Comfort Inn & Suites,https://www.choicehotels.com/propertysitemap.xml.gz
https://www.choicehotels.com/quebec/temiscouata-sur-le-lac/quality-inn-hotels/cnc89,likely_property_url,quality-inn,cnc89,quebec,,temiscouata-sur-le-lac,Quality Inn,https://www.choicehotels.com/propertysitemap.xml.gz
https://www.choicehotels.com/quebec/drummondville/quality-inn-hotels/cn541,likely_property_url,quality-inn,cn541,quebec,,drummondville,Quality Inn,https://www.choicehotels.com/propertysitemap.xml.gz
https://www.choicehotels.com/quebec/gatineau/quality-inn-hotels/cn497,likely_property_url,quality-inn,cn497,quebec,,gatineau,Quality Inn,https://www.choicehotels.com/propertysitemap.xml.gz
https://www.choicehotels.com/quebec/gatineau/ascend-hotels/cna29,likely_property_url,ascend,cna29,quebec,,gatineau,Ascend Hotel Collection,https://www.choicehotels.com/propertysitemap.xml.gz
https://www.choicehotels.com/quebec/granby/ascend-hotels/cn972,likely_property_url,ascend,cn972,quebec,,granby,Ascend Hotel Collection,https://www.choicehotels.com/propertysitemap.xml.gz
https://www.choicehotels.com/quebec/gatineau/ascend-hotels/cnc45,likely_property_url,ascend,cnc45,quebec,,gatineau,Ascend Hotel Collection,https://www.choicehotels.com/propertysitemap.xml.gz
https://www.choicehotels.com/quebec/drummondville/comfort-inn-hotels/cn324,likely_property_url,comfort-inn,cn324,quebec,,drummondville,Comfort Inn & Suites,https://www.choicehotels.com/propertysitemap.xml.gz
https://www.choicehotels.com/quebec/gaspe/rodeway-inn-hotels/cnb37,likely_property_url,rodeway-inn,cnb37,quebec,,gaspe,Rodeway Inn,https://www.choicehotels.com/propertysitemap.xml.gz
https://www.choicehotels.com/quebec/gatineau/comfort-inn-hotels/cn325,likely_property_url,comfort-inn,cn325,quebec,,gatineau,Comfort Inn & Suites,https://www.choicehotels.com/propertysitemap.xml.gz
https://www.choicehotels.com/quebec/granby/ascend-hotels/cnd13,likely_property_url,ascend,cnd13,quebec,,granby,Ascend Hotel Collection,https://www.choicehotels.com/propertysitemap.xml.gz
https://www.choicehotels.com/quebec/forestville/econo-lodge-hotels/cn479,likely_property_url,econo-lodge,cn479,quebec,,forestville,Econo Lodge,https://www.choicehotels.com/propertysitemap.xml.gz
https://www.choicehotels.com/quebec/laval/comfort-inn-hotels/cn331,likely_property_url,comfort-inn,cn331,quebec,,laval,Comfort Inn & Suites,https://www.choicehotels.com/propertysitemap.xml.gz
https://www.choicehotels.com/quebec/la-malbaie/clarion-hotels/cnc10,likely_property_url,clarion,cnc10,quebec,,la-malbaie,Clarion; Clarion Pointe,https://www.choicehotels.com/propertysitemap.xml.gz
https://www.choicehotels.com/quebec/mont-joli/quality-inn-hotels/cnb33,likely_property_url,quality-inn,cnb33,quebec,,mont-joli,Quality Inn,https://www.choicehotels.com/propertysitemap.xml.gz
https://www.choicehotels.com/quebec/grenville-sur-la-rouge/ascend-hotels/cnb70,likely_property_url,ascend,cnb70,quebec,,grenville-sur-la-rouge,Ascend Hotel Collection,https://www.choicehotels.com/propertysitemap.xml.gz
https://www.choicehotels.com/quebec/mont-laurier/quality-inn-hotels/cn859,likely_property_url,quality-inn,cn859,quebec,,mont-laurier,Quality Inn,https://www.choicehotels.com/propertysitemap.xml.gz
https://www.choicehotels.com/quebec/levis/comfort-inn-hotels/cn849,likely_property_url,comfort-inn,cn849,quebec,,levis,Comfort Inn & Suites,https://www.choicehotels.com/propertysitemap.xml.gz
https://www.choicehotels.com/quebec/levis/comfort-inn-hotels/cn338,likely_property_url,comfort-inn,cn338,quebec,,levis,Comfort Inn & Suites,https://www.choicehotels.com/propertysitemap.xml.gz
https://www.choicehotels.com/quebec/mont-laurier/comfort-inn-hotels/cn663,likely_property_url,comfort-inn,cn663,quebec,,mont-laurier,Comfort Inn & Suites,https://www.choicehotels.com/propertysitemap.xml.gz
https://www.choicehotels.com/quebec/levis/quality-inn-hotels/cn852,likely_property_url,quality-inn,cn852,quebec,,levis,Quality Inn,https://www.choicehotels.com/propertysitemap.xml.gz
https://www.choicehotels.com/quebec/matane/quality-inn-hotels/cn688,likely_property_url,quality-inn,cn688,quebec,,matane,Quality Inn,https://www.choicehotels.com/propertysitemap.xml.gz
https://www.choicehotels.com/quebec/pessamit/quality-inn-hotels/cnc95,likely_property_url,quality-inn,cnc95,quebec,,pessamit,Quality Inn,https://www.choicehotels.com/propertysitemap.xml.gz
https://www.choicehotels.com/quebec/montmagny/econo-lodge-hotels/cn929,likely_property_url,econo-lodge,cn929,quebec,,montmagny,Econo Lodge,https://www.choicehotels.com/propertysitemap.xml.gz
https://www.choicehotels.com/quebec/montreal/econo-lodge-hotels/cnb88,likely_property_url,econo-lodge,cnb88,quebec,,montreal,Econo Lodge,https://www.choicehotels.com/propertysitemap.xml.gz
https://www.choicehotels.com/quebec/montreal/comfort-suites-hotels/cn139,likely_property_url,comfort-suites,cn139,quebec,,montreal,,https://www.choicehotels.com/propertysitemap.xml.gz
https://www.choicehotels.com/quebec/orford/ascend-hotels/cnd15,likely_property_url,ascend,cnd15,quebec,,orford,Ascend Hotel Collection,https://www.choicehotels.com/propertysitemap.xml.gz
https://www.choicehotels.com/quebec/montreal/quality-inn-hotels/cnb18,likely_property_url,quality-inn,cnb18,quebec,,montreal,Quality Inn,https://www.choicehotels.com/propertysitemap.xml.gz
https://www.choicehotels.com/quebec/montreal/ascend-hotels/cnd16,likely_property_url,ascend,cnd16,quebec,,montreal,Ascend Hotel Collection,https://www.choicehotels.com/propertysitemap.xml.gz
https://www.choicehotels.com/quebec/montreal/quality-inn-hotels/cn967,likely_property_url,quality-inn,cn967,quebec,,montreal,Quality Inn,https://www.choicehotels.com/propertysitemap.xml.gz
https://www.choicehotels.com/quebec/pikogan/rodeway-inn-hotels/cna35,likely_property_url,rodeway-inn,cna35,quebec,,pikogan,Rodeway Inn,https://www.choicehotels.com/propertysitemap.xml.gz
https://www.choicehotels.com/quebec/orford/ascend-hotels/cnd12,likely_property_url,ascend,cnd12,quebec,,orford,Ascend Hotel Collection,https://www.choicehotels.com/propertysitemap.xml.gz
https://www.choicehotels.com/quebec/rimouski/comfort-inn-hotels/cn340,likely_property_url,comfort-inn,cn340,quebec,,rimouski,Comfort Inn & Suites,https://www.choicehotels.com/propertysitemap.xml.gz
https://www.choicehotels.com/quebec/quebec/quality-inn-hotels/cnb74,likely_property_url,quality-inn,cnb74,quebec,,quebec,Quality Inn,https://www.choicehotels.com/propertysitemap.xml.gz
https://www.choicehotels.com/quebec/riviere-du-loup/comfort-inn-hotels/cn341,likely_property_url,comfort-inn,cn341,quebec,,riviere-du-loup,Comfort Inn & Suites,https://www.choicehotels.com/propertysitemap.xml.gz
https://www.choicehotels.com/quebec/quebec/clarion-hotels/cnb97,likely_property_url,clarion,cnb97,quebec,,quebec,Clarion; Clarion Pointe,https://www.choicehotels.com/propertysitemap.xml.gz
https://www.choicehotels.com/quebec/quebec/ascend-hotels/cnb10,likely_property_url,ascend,cnb10,quebec,,quebec,Ascend Hotel Collection,https://www.choicehotels.com/propertysitemap.xml.gz
https://www.choicehotels.com/quebec/quebec-city/ascend-hotels/cn953,likely_property_url,ascend,cn953,quebec,,quebec-city,Ascend Hotel Collection,https://www.choicehotels.com/propertysitemap.xml.gz
https://www.choicehotels.com/quebec/quebec/econo-lodge-hotels/cn339,likely_property_url,econo-lodge,cn339,quebec,,quebec,Econo Lodge,https://www.choicehotels.com/propertysitemap.xml.gz
https://www.choicehotels.com/quebec/pointe-claire/comfort-inn-hotels/cn334,likely_property_url,comfort-inn,cn334,quebec,,pointe-claire,Comfort Inn & Suites,https://www.choicehotels.com/propertysitemap.xml.gz
https://www.choicehotels.com/quebec/quebec/quality-inn-hotels/cn335,likely_property_url,quality-inn,cn335,quebec,,quebec,Quality Inn,https://www.choicehotels.com/propertysitemap.xml.gz
https://www.choicehotels.com/quebec/riviere-du-loup/quality-inn-hotels/cn765,likely_property_url,quality-inn,cn765,quebec,,riviere-du-loup,Quality Inn,https://www.choicehotels.com/propertysitemap.xml.gz
https://www.choicehotels.com/quebec/rouyn-noranda/comfort-inn-hotels/cn342,likely_property_url,comfort-inn,cn342,quebec,,rouyn-noranda,Comfort Inn & Suites,https://www.choicehotels.com/propertysitemap.xml.gz
https://www.choicehotels.com/quebec/shawinigan/comfort-inn-hotels/cn370,likely_property_url,comfort-inn,cn370,quebec,,shawinigan,Comfort Inn & Suites,https://www.choicehotels.com/propertysitemap.xml.gz
https://www.choicehotels.com/quebec/rouyn-noranda/quality-inn-hotels/cna17,likely_property_url,quality-inn,cna17,quebec,,rouyn-noranda,Quality Inn,https://www.choicehotels.com/propertysitemap.xml.gz
https://www.choicehotels.com/quebec/saint-laurent/radisson-hotels/cnc37,likely_property_url,radisson,cnc37,quebec,,saint-laurent,Radisson (Choice); Radisson Inn & Suites; Park Inn by Radisson (Choice); Radisson Collection  (Choice); Radisson Individual (Choice); Radisson Blu (Choice); Country Inn & Suites by Radisson (Choice); Radisson RED  (Choice),https://www.choicehotels.com/propertysitemap.xml.gz
https://www.choicehotels.com/quebec/saint-jerome/comfort-inn-hotels/cn416,likely_property_url,comfort-inn,cn416,quebec,,saint-jerome,Comfort Inn & Suites,https://www.choicehotels.com/propertysitemap.xml.gz
https://www.choicehotels.com/quebec/sept-iles/comfort-inn-hotels/cn344,likely_property_url,comfort-inn,cn344,quebec,,sept-iles,Comfort Inn & Suites,https://www.choicehotels.com/propertysitemap.xml.gz
https://www.choicehotels.com/quebec/sept-iles/quality-inn-hotels/cna46,likely_property_url,quality-inn,cna46,quebec,,sept-iles,Quality Inn,https://www.choicehotels.com/propertysitemap.xml.gz
https://www.choicehotels.com/quebec/saint-jean-sur-richelieu/quality-inn-hotels/cnb13,likely_property_url,quality-inn,cnb13,quebec,,saint-jean-sur-richelieu,Quality Inn,https://www.choicehotels.com/propertysitemap.xml.gz
https://www.choicehotels.com/canada/riviere-du-loup/ascend-hotels/cnd22,likely_property_url,ascend,cnd22,canada,,riviere-du-loup,Ascend Hotel Collection,https://www.choicehotels.com/propertysitemap.xml.gz
https://www.choicehotels.com/quebec/rouyn-noranda/ascend-hotels/cnb26,likely_property_url,ascend,cnb26,quebec,,rouyn-noranda,Ascend Hotel Collection,https://www.choicehotels.com/propertysitemap.xml.gz
https://www.choicehotels.com/quebec/ste-anne-de-beaupre/quality-inn-hotels/cn818,likely_property_url,quality-inn,cn818,quebec,,ste-anne-de-beaupre,Quality Inn,https://www.choicehotels.com/propertysitemap.xml.gz
https://www.choicehotels.com/quebec/st-jean-sur-richelieu/quality-inn-hotels/cn343,likely_property_url,quality-inn,cn343,quebec,,st-jean-sur-richelieu,Quality Inn,https://www.choicehotels.com/propertysitemap.xml.gz
https://www.choicehotels.com/quebec/thetford-mines/ascend-hotels/cnb61,likely_property_url,ascend,cnb61,quebec,,thetford-mines,Ascend Hotel Collection,https://www.choicehotels.com/propertysitemap.xml.gz
https://www.choicehotels.com/quebec/sherbrooke/quality-inn-hotels/cn504,likely_property_url,quality-inn,cn504,quebec,,sherbrooke,Quality Inn,https://www.choicehotels.com/propertysitemap.xml.gz
https://www.choicehotels.com/quebec/st-apollinaire/econo-lodge-hotels/cn779,likely_property_url,econo-lodge,cn779,quebec,,st-apollinaire,Econo Lodge,https://www.choicehotels.com/propertysitemap.xml.gz
https://www.choicehotels.com/quebec/st-georges-de-beauce/comfort-inn-hotels/cn812,likely_property_url,comfort-inn,cn812,quebec,,st-georges-de-beauce,Comfort Inn & Suites,https://www.choicehotels.com/propertysitemap.xml.gz
https://www.choicehotels.com/quebec/sherbrooke/comfort-inn-hotels/cn345,likely_property_url,comfort-inn,cn345,quebec,,sherbrooke,Comfort Inn & Suites,https://www.choicehotels.com/propertysitemap.xml.gz
https://www.choicehotels.com/quebec/trois-rivieres/ascend-hotels/cnb69,likely_property_url,ascend,cnb69,quebec,,trois-rivieres,Ascend Hotel Collection,https://www.choicehotels.com/propertysitemap.xml.gz
https://www.choicehotels.com/quebec/thetford-mines/comfort-inn-hotels/cn347,likely_property_url,comfort-inn,cn347,quebec,,thetford-mines,Comfort Inn & Suites,https://www.choicehotels.com/propertysitemap.xml.gz
https://www.choicehotels.com/quebec/val-dor/quality-inn-hotels/cn937,likely_property_url,quality-inn,cn937,quebec,,val-dor,Quality Inn,https://www.choicehotels.com/propertysitemap.xml.gz
https://www.choicehotels.com/canada/trois-rivieres/econo-lodge-hotels/cnc82,likely_property_url,econo-lodge,cnc82,canada,,trois-rivieres,Econo Lodge,https://www.choicehotels.com/propertysitemap.xml.gz
https://www.choicehotels.com/quebec/trois-rivieres/comfort-inn-hotels/cn348,likely_property_url,comfort-inn,cn348,quebec,,trois-rivieres,Comfort Inn & Suites,https://www.choicehotels.com/propertysitemap.xml.gz
https://www.choicehotels.com/quebec/val-dor/comfort-inn-hotels/cn349,likely_property_url,comfort-inn,cn349,quebec,,val-dor,Comfort Inn & Suites,https://www.choicehotels.com/propertysitemap.xml.gz
https://www.choicehotels.com/quebec/venise-en-quebec/ascend-hotels/cnd04,likely_property_url,ascend,cnd04,quebec,,venise-en-quebec,Ascend Hotel Collection,https://www.choicehotels.com/propertysitemap.xml.gz
https://www.choicehotels.com/quebec/trois-rivieres/ascend-hotels/tr659,likely_property_url,ascend,tr659,quebec,,trois-rivieres,Ascend Hotel Collection,https://www.choicehotels.com/propertysitemap.xml.gz
https://www.choicehotels.com/quebec/victoriaville/quality-inn-hotels/cn978,likely_property_url,quality-inn,cn978,quebec,,victoriaville,Quality Inn,https://www.choicehotels.com/propertysitemap.xml.gz
https://www.choicehotels.com/quebec/trois-rivieres/ascend-hotels/tr658,likely_property_url,ascend,tr658,quebec,,trois-rivieres,Ascend Hotel Collection,https://www.choicehotels.com/propertysitemap.xml.gz
https://www.choicehotels.com/saskatchewan/north-battleford/comfort-inn-hotels/cna76,likely_property_url,comfort-inn,cna76,saskatchewan,,north-battleford,Comfort Inn & Suites,https://www.choicehotels.com/propertysitemap.xml.gz
https://www.choicehotels.com/quebec/victoriaville/ascend-hotels/cnb76,likely_property_url,ascend,cnb76,quebec,,victoriaville,Ascend Hotel Collection,https://www.choicehotels.com/propertysitemap.xml.gz
https://www.choicehotels.com/saskatchewan/emerald-park/sleep-inn-hotels/cn991,likely_property_url,sleep-inn,cn991,saskatchewan,,emerald-park,Sleep Inn,https://www.choicehotels.com/propertysitemap.xml.gz
https://www.choicehotels.com/saskatchewan/moose-jaw/comfort-inn-hotels/cn035,likely_property_url,comfort-inn,cn035,saskatchewan,,moose-jaw,Comfort Inn & Suites,https://www.choicehotels.com/propertysitemap.xml.gz
https://www.choicehotels.com/saskatchewan/prince-albert/comfort-inn-hotels/cn350,likely_property_url,comfort-inn,cn350,saskatchewan,,prince-albert,Comfort Inn & Suites,https://www.choicehotels.com/propertysitemap.xml.gz
https://www.choicehotels.com/saskatchewan/moose-jaw/quality-inn-hotels/cn998,likely_property_url,quality-inn,cn998,saskatchewan,,moose-jaw,Quality Inn,https://www.choicehotels.com/propertysitemap.xml.gz
https://www.choicehotels.com/saskatchewan/estevan/quality-inn-hotels/cn923,likely_property_url,quality-inn,cn923,saskatchewan,,estevan,Quality Inn,https://www.choicehotels.com/propertysitemap.xml.gz
https://www.choicehotels.com/saskatchewan/kindersley/quality-inn-hotels/cn996,likely_property_url,quality-inn,cn996,saskatchewan,,kindersley,Quality Inn,https://www.choicehotels.com/propertysitemap.xml.gz
https://www.choicehotels.com/saskatchewan/regina/comfort-inn-hotels/cn351,likely_property_url,comfort-inn,cn351,saskatchewan,,regina,Comfort Inn & Suites,https://www.choicehotels.com/propertysitemap.xml.gz
https://www.choicehotels.com/saskatchewan/saskatoon/comfort-inn-hotels/cn352,likely_property_url,comfort-inn,cn352,saskatchewan,,saskatoon,Comfort Inn & Suites,https://www.choicehotels.com/propertysitemap.xml.gz
https://www.choicehotels.com/saskatchewan/regina/econo-lodge-hotels/cna98,likely_property_url,econo-lodge,cna98,saskatchewan,,regina,Econo Lodge,https://www.choicehotels.com/propertysitemap.xml.gz
https://www.choicehotels.com/saskatchewan/saskatoon/quality-inn-hotels/cna87,likely_property_url,quality-inn,cna87,saskatchewan,,saskatoon,Quality Inn,https://www.choicehotels.com/propertysitemap.xml.gz
https://www.choicehotels.com/saskatchewan/swift-current/comfort-inn-hotels/cn353,likely_property_url,comfort-inn,cn353,saskatchewan,,swift-current,Comfort Inn & Suites,https://www.choicehotels.com/propertysitemap.xml.gz
https://www.choicehotels.com/saskatchewan/regina/quality-inn-hotels/cnc17,likely_property_url,quality-inn,cnc17,saskatchewan,,regina,Quality Inn,https://www.choicehotels.com/propertysitemap.xml.gz
https://www.choicehotels.com/saskatchewan/regina/comfort-suites-hotels/cna24,likely_property_url,comfort-suites,cna24,saskatchewan,,regina,,https://www.choicehotels.com/propertysitemap.xml.gz
https://www.choicehotels.com/saskatchewan/yorkton/comfort-inn-hotels/cn356,likely_property_url,comfort-inn,cn356,saskatchewan,,yorkton,Comfort Inn & Suites,https://www.choicehotels.com/propertysitemap.xml.gz
https://www.choicehotels.com/saskatchewan/saskatoon/comfort-suites-hotels/cn962,likely_property_url,comfort-suites,cn962,saskatchewan,,saskatoon,,https://www.choicehotels.com/propertysitemap.xml.gz
https://www.choicehotels.com/saskatchewan/saskatoon/country-hotels/cnb48,likely_property_url,country,cnb48,saskatchewan,,saskatoon,Country Inn & Suites by Radisson (Choice),https://www.choicehotels.com/propertysitemap.xml.gz
https://www.choicehotels.com/yukon-territory/whitehorse/quality-inn-hotels/cnb87,likely_property_url,quality-inn,cnb87,yukon-territory,,whitehorse,Quality Inn,https://www.choicehotels.com/propertysitemap.xml.gz
https://www.choicehotels.com/nova-scotia/truro/ascend-hotels/cnd31,likely_property_url,ascend,cnd31,nova-scotia,,truro,Ascend Hotel Collection,https://www.choicehotels.com/propertysitemap.xml.gz
https://www.choicehotels.com/yukon-territory/test-hotels/comfort-inn-hotels/tr100,likely_property_url,comfort-inn,tr100,yukon-territory,,test-hotels,Comfort Inn & Suites,https://www.choicehotels.com/propertysitemap.xml.gz
https://www.choicehotels.com/canada/winnipeg/rocketfuel-hotels/cn986,likely_property_url,rocketfuel,cn986,canada,,winnipeg,,https://www.choicehotels.com/propertysitemap.xml.gz
https://www.choicehotels.com/new-brunswick/st-stephen/ascend-hotels/cnd37,likely_property_url,ascend,cnd37,new-brunswick,,st-stephen,Ascend Hotel Collection,https://www.choicehotels.com/propertysitemap.xml.gz
https://www.choicehotels.com/saskatchewan/yorkton/quality-inn-hotels/cna79,likely_property_url,quality-inn,cna79,saskatchewan,,yorkton,Quality Inn,https://www.choicehotels.com/propertysitemap.xml.gz
https://www.choicehotels.com/canada/south-porcupine/comfort-inn-hotels/cnd23,likely_property_url,comfort-inn,cnd23,canada,,south-porcupine,Comfort Inn & Suites,https://www.choicehotels.com/propertysitemap.xml.gz
https://www.choicehotels.com/chile/concon/radisson-blu-hotels/cl009,likely_property_url,radisson-blu,cl009,chile,,concon,Radisson Blu (Choice); Radisson (Choice),https://www.choicehotels.com/propertysitemap.xml.gz
https://www.choicehotels.com/dominican-republic/juan-dolio-beach/ascend-hotels/do012,likely_property_url,ascend,do012,dominican-republic,,juan-dolio-beach,Ascend Hotel Collection,https://www.choicehotels.com/propertysitemap.xml.gz
https://www.choicehotels.com/chile/calama-antofagasta/ascend-hotels/cl022,likely_property_url,ascend,cl022,chile,,calama-antofagasta,Ascend Hotel Collection,https://www.choicehotels.com/propertysitemap.xml.gz
https://www.choicehotels.com/chile/curico/radisson-hotels/cl010,likely_property_url,radisson,cl010,chile,,curico,Radisson (Choice); Radisson Inn & Suites; Park Inn by Radisson (Choice); Radisson Collection  (Choice); Radisson Individual (Choice); Radisson Blu (Choice); Country Inn & Suites by Radisson (Choice); Radisson RED  (Choice),https://www.choicehotels.com/propertysitemap.xml.gz
https://www.choicehotels.com/dominican-republic/playa-dorada/ascend-hotels/do013,likely_property_url,ascend,do013,dominican-republic,,playa-dorada,Ascend Hotel Collection,https://www.choicehotels.com/propertysitemap.xml.gz
https://www.choicehotels.com/denmark/resville/stopover-hotels/tr729,likely_property_url,stopover,tr729,denmark,,resville,,https://www.choicehotels.com/propertysitemap.xml.gz
https://www.choicehotels.com/dominica/roseau/ascend-hotels/dm004,likely_property_url,ascend,dm004,dominica,,roseau,Ascend Hotel Collection,https://www.choicehotels.com/propertysitemap.xml.gz
https://www.choicehotels.com/dominica/parish-of-st-andrews/ascend-hotels/dm003,likely_property_url,ascend,dm003,dominica,,parish-of-st-andrews,Ascend Hotel Collection,https://www.choicehotels.com/propertysitemap.xml.gz
https://www.choicehotels.com/yukon-territory/whitehorse/clarion-hotels/cnc90,likely_property_url,clarion,cnc90,yukon-territory,,whitehorse,Clarion; Clarion Pointe,https://www.choicehotels.com/propertysitemap.xml.gz
https://www.choicehotels.com/chile/antofagasta/park-inn-hotels/cl023,likely_property_url,park-inn,cl023,chile,,antofagasta,Park Inn by Radisson (Choice),https://www.choicehotels.com/propertysitemap.xml.gz
https://www.choicehotels.com/dominican-republic/sosua/ascend-hotels/do030,likely_property_url,ascend,do030,dominican-republic,,sosua,Ascend Hotel Collection,https://www.choicehotels.com/propertysitemap.xml.gz
https://www.choicehotels.com/dominican-republic/santo-domingo/quality-inn-hotels/do002,likely_property_url,quality-inn,do002,dominican-republic,,santo-domingo,Quality Inn,https://www.choicehotels.com/propertysitemap.xml.gz
https://www.choicehotels.com/dominican-republic/santiago/ascend-hotels/do032,likely_property_url,ascend,do032,dominican-republic,,santiago,Ascend Hotel Collection,https://www.choicehotels.com/propertysitemap.xml.gz
https://www.choicehotels.com/spain/alcoy/ascend-hotels/es036,likely_property_url,ascend,es036,spain,,alcoy,Ascend Hotel Collection,https://www.choicehotels.com/propertysitemap.xml.gz
https://www.choicehotels.com/ecuador/quito/ascend-hotels/ec001,likely_property_url,ascend,ec001,ecuador,,quito,Ascend Hotel Collection,https://www.choicehotels.com/propertysitemap.xml.gz
https://www.choicehotels.com/dominican-republic/santo-domingo/radisson-hotels/do003,likely_property_url,radisson,do003,dominican-republic,,santo-domingo,Radisson (Choice); Radisson Inn & Suites; Park Inn by Radisson (Choice); Radisson Collection  (Choice); Radisson Individual (Choice); Radisson Blu (Choice); Country Inn & Suites by Radisson (Choice); Radisson RED  (Choice),https://www.choicehotels.com/propertysitemap.xml.gz
https://www.choicehotels.com/ecuador/quito-pichincha/park-inn-hotels/ec005,likely_property_url,park-inn,ec005,ecuador,,quito-pichincha,Park Inn by Radisson (Choice),https://www.choicehotels.com/propertysitemap.xml.gz
https://www.choicehotels.com/ecuador/guayaquil/radisson-hotels/ec003,likely_property_url,radisson,ec003,ecuador,,guayaquil,Radisson (Choice); Radisson Inn & Suites; Park Inn by Radisson (Choice); Radisson Collection  (Choice); Radisson Individual (Choice); Radisson Blu (Choice); Country Inn & Suites by Radisson (Choice); Radisson RED  (Choice),https://www.choicehotels.com/propertysitemap.xml.gz
https://www.choicehotels.com/ecuador/guayaquil/ascend-hotels/ec002,likely_property_url,ascend,ec002,ecuador,,guayaquil,Ascend Hotel Collection,https://www.choicehotels.com/propertysitemap.xml.gz
https://www.choicehotels.com/spain/albacete/ascend-hotels/es072,likely_property_url,ascend,es072,spain,,albacete,Ascend Hotel Collection,https://www.choicehotels.com/propertysitemap.xml.gz
https://www.choicehotels.com/spain/algeciras/ascend-hotels/es099,likely_property_url,ascend,es099,spain,,algeciras,Ascend Hotel Collection,https://www.choicehotels.com/propertysitemap.xml.gz
https://www.choicehotels.com/spain/barcelona/ascend-hotels/es077,likely_property_url,ascend,es077,spain,,barcelona,Ascend Hotel Collection,https://www.choicehotels.com/propertysitemap.xml.gz
https://www.choicehotels.com/spain/badajoz/ascend-hotels/es042,likely_property_url,ascend,es042,spain,,badajoz,Ascend Hotel Collection,https://www.choicehotels.com/propertysitemap.xml.gz
https://www.choicehotels.com/spain/barcelona/ascend-hotels/es025,likely_property_url,ascend,es025,spain,,barcelona,Ascend Hotel Collection,https://www.choicehotels.com/propertysitemap.xml.gz
https://www.choicehotels.com/spain/alicante--alacant/ascend-hotels/es118,likely_property_url,ascend,es118,spain,,alicante--alacant,Ascend Hotel Collection,https://www.choicehotels.com/propertysitemap.xml.gz
https://www.choicehotels.com/spain/barcelona/ascend-hotels/es092,likely_property_url,ascend,es092,spain,,barcelona,Ascend Hotel Collection,https://www.choicehotels.com/propertysitemap.xml.gz
https://www.choicehotels.com/spain/bilbao/ascend-hotels/es040,likely_property_url,ascend,es040,spain,,bilbao,Ascend Hotel Collection,https://www.choicehotels.com/propertysitemap.xml.gz
https://www.choicehotels.com/spain/almeria/ascend-hotels/es063,likely_property_url,ascend,es063,spain,,almeria,Ascend Hotel Collection,https://www.choicehotels.com/propertysitemap.xml.gz
https://www.choicehotels.com/spain/barcelona/ascend-hotels/es093,likely_property_url,ascend,es093,spain,,barcelona,Ascend Hotel Collection,https://www.choicehotels.com/propertysitemap.xml.gz
https://www.choicehotels.com/spain/avila/ascend-hotels/es061,likely_property_url,ascend,es061,spain,,avila,Ascend Hotel Collection,https://www.choicehotels.com/propertysitemap.xml.gz
https://www.choicehotels.com/spain/cartagena---murcia/ascend-hotels/es055,likely_property_url,ascend,es055,spain,,cartagena---murcia,Ascend Hotel Collection,https://www.choicehotels.com/propertysitemap.xml.gz
https://www.choicehotels.com/spain/bilbao/ascend-hotels/es053,likely_property_url,ascend,es053,spain,,bilbao,Ascend Hotel Collection,https://www.choicehotels.com/propertysitemap.xml.gz
https://www.choicehotels.com/spain/cantabria/ascend-hotels/es075,likely_property_url,ascend,es075,spain,,cantabria,Ascend Hotel Collection,https://www.choicehotels.com/propertysitemap.xml.gz
https://www.choicehotels.com/spain/cartagena---murcia/ascend-hotels/es054,likely_property_url,ascend,es054,spain,,cartagena---murcia,Ascend Hotel Collection,https://www.choicehotels.com/propertysitemap.xml.gz
https://www.choicehotels.com/spain/cornella-de-llobregat/ascend-hotels/es079,likely_property_url,ascend,es079,spain,,cornella-de-llobregat,Ascend Hotel Collection,https://www.choicehotels.com/propertysitemap.xml.gz
https://www.choicehotels.com/spain/chipiona/ascend-hotels/es113,likely_property_url,ascend,es113,spain,,chipiona,Ascend Hotel Collection,https://www.choicehotels.com/propertysitemap.xml.gz
https://www.choicehotels.com/spain/bilbao/ascend-hotels/es070,likely_property_url,ascend,es070,spain,,bilbao,Ascend Hotel Collection,https://www.choicehotels.com/propertysitemap.xml.gz
https://www.choicehotels.com/spain/cordoba/ascend-hotels/es090,likely_property_url,ascend,es090,spain,,cordoba,Ascend Hotel Collection,https://www.choicehotels.com/propertysitemap.xml.gz
https://www.choicehotels.com/spain/cordoba/ascend-hotels/es095,likely_property_url,ascend,es095,spain,,cordoba,Ascend Hotel Collection,https://www.choicehotels.com/propertysitemap.xml.gz
https://www.choicehotels.com/spain/candas/ascend-hotels/es109,likely_property_url,ascend,es109,spain,,candas,Ascend Hotel Collection,https://www.choicehotels.com/propertysitemap.xml.gz
https://www.choicehotels.com/spain/el-puerto-de-sta-maria/ascend-hotels/es121,likely_property_url,ascend,es121,spain,,el-puerto-de-sta-maria,Ascend Hotel Collection,https://www.choicehotels.com/propertysitemap.xml.gz
https://www.choicehotels.com/spain/donostia/ascend-hotels/es100,likely_property_url,ascend,es100,spain,,donostia,Ascend Hotel Collection,https://www.choicehotels.com/propertysitemap.xml.gz
https://www.choicehotels.com/spain/figueres/ascend-hotels/es078,likely_property_url,ascend,es078,spain,,figueres,Ascend Hotel Collection,https://www.choicehotels.com/propertysitemap.xml.gz
https://www.choicehotels.com/spain/el-prat-de-llobregat/ascend-hotels/es115,likely_property_url,ascend,es115,spain,,el-prat-de-llobregat,Ascend Hotel Collection,https://www.choicehotels.com/propertysitemap.xml.gz
https://www.choicehotels.com/spain/gijon/ascend-hotels/es107,likely_property_url,ascend,es107,spain,,gijon,Ascend Hotel Collection,https://www.choicehotels.com/propertysitemap.xml.gz
https://www.choicehotels.com/spain/granada/ascend-hotels/es091,likely_property_url,ascend,es091,spain,,granada,Ascend Hotel Collection,https://www.choicehotels.com/propertysitemap.xml.gz
https://www.choicehotels.com/spain/granada/ascend-hotels/es116,likely_property_url,ascend,es116,spain,,granada,Ascend Hotel Collection,https://www.choicehotels.com/propertysitemap.xml.gz
https://www.choicehotels.com/spain/ibiza/ascend-hotels/es028,likely_property_url,ascend,es028,spain,,ibiza,Ascend Hotel Collection,https://www.choicehotels.com/propertysitemap.xml.gz
https://www.choicehotels.com/spain/las-palmas-de-gran-canaria/ascend-hotels/es082,likely_property_url,ascend,es082,spain,,las-palmas-de-gran-canaria,Ascend Hotel Collection,https://www.choicehotels.com/propertysitemap.xml.gz
https://www.choicehotels.com/spain/granada/ascend-hotels/es083,likely_property_url,ascend,es083,spain,,granada,Ascend Hotel Collection,https://www.choicehotels.com/propertysitemap.xml.gz
https://www.choicehotels.com/spain/logrono/ascend-hotels/es044,likely_property_url,ascend,es044,spain,,logrono,Ascend Hotel Collection,https://www.choicehotels.com/propertysitemap.xml.gz
https://www.choicehotels.com/spain/las-palmas-de-gran-canaria/ascend-hotels/es097,likely_property_url,ascend,es097,spain,,las-palmas-de-gran-canaria,Ascend Hotel Collection,https://www.choicehotels.com/propertysitemap.xml.gz
https://www.choicehotels.com/spain/las-palmas-de-gran-canaria/ascend-hotels/es098,likely_property_url,ascend,es098,spain,,las-palmas-de-gran-canaria,Ascend Hotel Collection,https://www.choicehotels.com/propertysitemap.xml.gz
https://www.choicehotels.com/spain/logrono/ascend-hotels/es087,likely_property_url,ascend,es087,spain,,logrono,Ascend Hotel Collection,https://www.choicehotels.com/propertysitemap.xml.gz
https://www.choicehotels.com/spain/madrid/ascend-hotels/es026,likely_property_url,ascend,es026,spain,,madrid,Ascend Hotel Collection,https://www.choicehotels.com/propertysitemap.xml.gz
https://www.choicehotels.com/spain/logrono/ascend-hotels/es049,likely_property_url,ascend,es049,spain,,logrono,Ascend Hotel Collection,https://www.choicehotels.com/propertysitemap.xml.gz
https://www.choicehotels.com/spain/madrid/ascend-hotels/es027,likely_property_url,ascend,es027,spain,,madrid,Ascend Hotel Collection,https://www.choicehotels.com/propertysitemap.xml.gz
https://www.choicehotels.com/spain/madrid/ascend-hotels/es024,likely_property_url,ascend,es024,spain,,madrid,Ascend Hotel Collection,https://www.choicehotels.com/propertysitemap.xml.gz
https://www.choicehotels.com/spain/les-alqueries/ascend-hotels/es057,likely_property_url,ascend,es057,spain,,les-alqueries,Ascend Hotel Collection,https://www.choicehotels.com/propertysitemap.xml.gz
https://www.choicehotels.com/spain/logrono/ascend-hotels/es119,likely_property_url,ascend,es119,spain,,logrono,Ascend Hotel Collection,https://www.choicehotels.com/propertysitemap.xml.gz
https://www.choicehotels.com/spain/murcia/ascend-hotels/es033,likely_property_url,ascend,es033,spain,,murcia,Ascend Hotel Collection,https://www.choicehotels.com/propertysitemap.xml.gz
https://www.choicehotels.com/spain/madrid/ascend-hotels/es076,likely_property_url,ascend,es076,spain,,madrid,Ascend Hotel Collection,https://www.choicehotels.com/propertysitemap.xml.gz
https://www.choicehotels.com/spain/malaga/ascend-hotels/es037,likely_property_url,ascend,es037,spain,,malaga,Ascend Hotel Collection,https://www.choicehotels.com/propertysitemap.xml.gz
https://www.choicehotels.com/spain/montcada-i-reixac/ascend-hotels/es046,likely_property_url,ascend,es046,spain,,montcada-i-reixac,Ascend Hotel Collection,https://www.choicehotels.com/propertysitemap.xml.gz
https://www.choicehotels.com/spain/madrid/ascend-hotels/es101,likely_property_url,ascend,es101,spain,,madrid,Ascend Hotel Collection,https://www.choicehotels.com/propertysitemap.xml.gz
https://www.choicehotels.com/spain/madrid/ascend-hotels/es047,likely_property_url,ascend,es047,spain,,madrid,Ascend Hotel Collection,https://www.choicehotels.com/propertysitemap.xml.gz
https://www.choicehotels.com/spain/malaga/ascend-hotels/es080,likely_property_url,ascend,es080,spain,,malaga,Ascend Hotel Collection,https://www.choicehotels.com/propertysitemap.xml.gz
https://www.choicehotels.com/spain/madrid/ascend-hotels/es051,likely_property_url,ascend,es051,spain,,madrid,Ascend Hotel Collection,https://www.choicehotels.com/propertysitemap.xml.gz
https://www.choicehotels.com/spain/madrid/ascend-hotels/es052,likely_property_url,ascend,es052,spain,,madrid,Ascend Hotel Collection,https://www.choicehotels.com/propertysitemap.xml.gz
https://www.choicehotels.com/spain/murcia/ascend-hotels/es096,likely_property_url,ascend,es096,spain,,murcia,Ascend Hotel Collection,https://www.choicehotels.com/propertysitemap.xml.gz
https://www.choicehotels.com/spain/sabadell/ascend-hotels/es089,likely_property_url,ascend,es089,spain,,sabadell,Ascend Hotel Collection,https://www.choicehotels.com/propertysitemap.xml.gz
