sourceRecordId,sourceName,sourceType,sourceLicense,sourceUrl,rawHotelName,rawAddress,rawCity,rawCountry,rawLatitude,rawLongitude,rawWebsite,rawPhone,rawBrand,importBatchId,importedAt,reviewStatus,possibleMatchConfidence,recommendedAction,candidateDedupeKey,qualityScore,qualityTier,osmElementType,osmTourismTag,missingFields
node/9829772,OpenStreetMap,osm,ODbL,https://www.openstreetmap.org/node/9829772,Bohio Cabarete,,,Dominican Republic,19.7835466,-70.4617385,,,,osm-dominican-republic-hotel-focused-2026-05-20,2026-05-20T19:38:55.292Z,pending,none,needs_research,bohio cabarete|19.7835|-70.4617,55,medium,node,hotel,missingCity; missingWebsite; missingPhone
node/270997923,OpenStreetMap,osm,ODbL,https://www.openstreetmap.org/node/270997923,Breezes,,,Dominican Republic,19.7822269,-70.4698729,,,,osm-dominican-republic-hotel-focused-2026-05-20,2026-05-20T19:38:55.292Z,pending,none,needs_research,breezes|19.7822|-70.4699,55,medium,node,hotel,missingCity; missingWebsite; missingPhone
node/287032841,OpenStreetMap,osm,ODbL,https://www.openstreetmap.org/node/287032841,Dreams Palm Beach Resort,,,Dominican Republic,18.6507341,-68.3634913,,,,osm-dominican-republic-hotel-focused-2026-05-20,2026-05-20T19:38:55.292Z,pending,none,needs_research,dreams palm beach resort|18.6507|-68.3635,55,medium,node,hotel,missingCity; missingWebsite; missingPhone
node/302771731,OpenStreetMap,osm,ODbL,https://www.openstreetmap.org/node/302771731,Natura Park Beach Eco Resort & Spa,"Carretera Cabeza de Toro, Punta Cana, 23000",Punta Cana,Dominican Republic,18.6525071,-68.3662716,https://www.blaunaturapark.com/en/,,Blau Hotels,osm-dominican-republic-hotel-focused-2026-05-20,2026-05-20T19:38:55.292Z,pending,none,needs_research,natura park beach eco resort & spa|punta cana|dominican republic,100,high,node,hotel,missingPhone
node/302771860,OpenStreetMap,osm,ODbL,https://www.openstreetmap.org/node/302771860,Catalonia Punta Cana,,,Dominican Republic,18.6398025,-68.3483754,,,Catalonia,osm-dominican-republic-hotel-focused-2026-05-20,2026-05-20T19:38:55.292Z,pending,none,needs_research,catalonia punta cana|18.6398|-68.3484,65,medium,node,hotel,missingCity; missingWebsite; missingPhone
node/302771929,OpenStreetMap,osm,ODbL,https://www.openstreetmap.org/node/302771929,Be Live Grand Bavaro,,,Dominican Republic,18.6497257,-68.3619285,,,,osm-dominican-republic-hotel-focused-2026-05-20,2026-05-20T19:38:55.292Z,pending,none,needs_research,be live grand bavaro|18.6497|-68.3619,55,medium,node,hotel,missingCity; missingWebsite; missingPhone
node/302800763,OpenStreetMap,osm,ODbL,https://www.openstreetmap.org/node/302800763,Wyndham Alltra Punta Cana,,,Dominican Republic,18.8034072,-68.5747262,,,,osm-dominican-republic-hotel-focused-2026-05-20,2026-05-20T19:38:55.292Z,pending,none,needs_research,wyndham alltra punta cana|18.8034|-68.5747,55,medium,node,hotel,missingCity; missingWebsite; missingPhone
node/314357718,OpenStreetMap,osm,ODbL,https://www.openstreetmap.org/node/314357718,Paraiso Caño Hondo,,,Dominican Republic,19.0571229,-69.4545133,https://www.paraisocanohondo.com/home.aspx,+1 829 2598549,,osm-dominican-republic-hotel-focused-2026-05-20,2026-05-20T19:38:55.292Z,pending,none,needs_research,paraiso cano hondo|19.0571|-69.4545,80,high,node,hotel,missingCity
node/314446408,OpenStreetMap,osm,ODbL,https://www.openstreetmap.org/node/314446408,Hamaca,,,Dominican Republic,18.4492217,-69.6040935,,,,osm-dominican-republic-hotel-focused-2026-05-20,2026-05-20T19:38:55.292Z,pending,none,needs_research,hamaca|18.4492|-69.6041,55,medium,node,hotel,missingCity; missingWebsite; missingPhone
node/340092385,OpenStreetMap,osm,ODbL,https://www.openstreetmap.org/node/340092385,Natura Cabañas,,,Dominican Republic,19.783527,-70.4625371,,,,osm-dominican-republic-hotel-focused-2026-05-20,2026-05-20T19:38:55.292Z,pending,none,needs_research,natura cabanas|19.7835|-70.4625,55,medium,node,hotel,missingCity; missingWebsite; missingPhone
node/349121944,OpenStreetMap,osm,ODbL,https://www.openstreetmap.org/node/349121944,Camp David Ranch,"Carretera Gregorio Luperón, Santiago, 51000, DO",Santiago,DO,19.5121629,-70.6366163,https://www.campdavidranch.com/,809-276-6400,,osm-dominican-republic-hotel-focused-2026-05-20,2026-05-20T19:38:55.292Z,pending,none,needs_research,camp david ranch|santiago|do,100,high,node,hotel,
node/349126361,OpenStreetMap,osm,ODbL,https://www.openstreetmap.org/node/349126361,Cabaña Touristicá,,,Dominican Republic,19.7176017,-71.3905844,,,,osm-dominican-republic-hotel-focused-2026-05-20,2026-05-20T19:38:55.292Z,pending,none,needs_research,cabana touristica|19.7176|-71.3906,55,medium,node,motel,missingCity; missingWebsite; missingPhone
node/349129742,OpenStreetMap,osm,ODbL,https://www.openstreetmap.org/node/349129742,Hotel RIU Mambo,"Maimón, DO",Maimón,DO,19.8332371,-70.7649585,http://www.riu.com/de/clubhotel-riu-mambo-puerto-plata-dominikanische-republik.html,809-320-1212,RIU,osm-dominican-republic-hotel-focused-2026-05-20,2026-05-20T19:38:55.292Z,pending,none,needs_research,hotel riu mambo|maimon|do,100,high,node,hotel,
node/349134300,OpenStreetMap,osm,ODbL,https://www.openstreetmap.org/node/349134300,Hotel Llave Del Mar,,,Dominican Republic,18.4682486,-69.8880275,,,,osm-dominican-republic-hotel-focused-2026-05-20,2026-05-20T19:38:55.292Z,pending,none,needs_research,hotel llave del mar|18.4682|-69.888,55,medium,node,hotel,missingCity; missingWebsite; missingPhone
node/349174881,OpenStreetMap,osm,ODbL,https://www.openstreetmap.org/node/349174881,Hotel Ambar,,,Dominican Republic,19.4853005,-70.7112262,,,,osm-dominican-republic-hotel-focused-2026-05-20,2026-05-20T19:38:55.292Z,pending,none,needs_research,hotel ambar|19.4853|-70.7112,55,medium,node,hotel,missingCity; missingWebsite; missingPhone
node/353014054,OpenStreetMap,osm,ODbL,https://www.openstreetmap.org/node/353014054,Hotel Monterrey,"Salvador Cucurulo, Santiago, DO",Santiago,DO,19.4547384,-70.7050605,,,,osm-dominican-republic-hotel-focused-2026-05-20,2026-05-20T19:38:55.292Z,pending,none,needs_research,hotel monterrey|santiago|do,75,high,node,hotel,missingWebsite; missingPhone
node/354626498,OpenStreetMap,osm,ODbL,https://www.openstreetmap.org/node/354626498,Hotel Sun Village,,,Dominican Republic,19.8186903,-70.7313754,,,,osm-dominican-republic-hotel-focused-2026-05-20,2026-05-20T19:38:55.292Z,pending,none,needs_research,hotel sun village|19.8187|-70.7314,55,medium,node,hotel,missingCity; missingWebsite; missingPhone
node/354627440,OpenStreetMap,osm,ODbL,https://www.openstreetmap.org/node/354627440,Hotel RIU Merengue,"Maimón, DO",Maimón,DO,19.8333542,-70.7674704,http://www.riu.com/de/clubhotel-riu-merengue-puerto-plata-dominikanische-republik.html,809-320-4000,RIU,osm-dominican-republic-hotel-focused-2026-05-20,2026-05-20T19:38:55.292Z,pending,none,needs_research,hotel riu merengue|maimon|do,100,high,node,hotel,
node/354627549,OpenStreetMap,osm,ODbL,https://www.openstreetmap.org/node/354627549,Hotel RIU Bachata,"Maimón, DO",Maimón,DO,19.834013,-70.7704647,http://www.riu.com/de/clubhotel-riu-bachata-puerto-plata-dominikanische-republik.html,809-320-1010,RIU,osm-dominican-republic-hotel-focused-2026-05-20,2026-05-20T19:38:55.292Z,pending,none,needs_research,hotel riu bachata|maimon|do,100,high,node,hotel,
node/370189077,OpenStreetMap,osm,ODbL,https://www.openstreetmap.org/node/370189077,Hostal del Cibao,"Bto. Monción, Santiago, DO",Santiago,DO,19.4523701,-70.7068137,,,,osm-dominican-republic-hotel-focused-2026-05-20,2026-05-20T19:38:55.292Z,pending,none,needs_research,hostal del cibao|santiago|do,75,high,node,hotel,missingWebsite; missingPhone
node/373851323,OpenStreetMap,osm,ODbL,https://www.openstreetmap.org/node/373851323,Hotel Europa,"Pedro Clisante, Sosua, DO",Sosua,DO,19.7664933,-70.5114132,http://www.hotelplazaeuropa.com,809-571-3335,,osm-dominican-republic-hotel-focused-2026-05-20,2026-05-20T19:38:55.292Z,pending,none,needs_research,hotel europa|sosua|do,100,high,node,hotel,
node/374309471,OpenStreetMap,osm,ODbL,https://www.openstreetmap.org/node/374309471,Hotel Luperón,"Ciudad Marina, DO",Ciudad Marina,DO,19.907778,-70.954167,,809-571-8303,,osm-dominican-republic-hotel-focused-2026-05-20,2026-05-20T19:38:55.292Z,pending,none,needs_research,hotel luperon|ciudad marina|do,85,high,node,hotel,missingWebsite
node/431025349,OpenStreetMap,osm,ODbL,https://www.openstreetmap.org/node/431025349,Barceló Bávaro Palace Deluxe,,,Dominican Republic,18.6636871,-68.3960501,http://www.barcelobavarocaribe.com/,,,osm-dominican-republic-hotel-focused-2026-05-20,2026-05-20T19:38:55.292Z,pending,none,needs_research,barcelo bavaro palace deluxe|18.6637|-68.3961,70,high,node,hotel,missingCity; missingPhone
node/587971075,OpenStreetMap,osm,ODbL,https://www.openstreetmap.org/node/587971075,Sosua by the sea Boutique Beach Resort,,,Dominican Republic,19.7682463,-70.5164916,,,,osm-dominican-republic-hotel-focused-2026-05-20,2026-05-20T19:38:55.292Z,pending,none,needs_research,sosua by the sea boutique beach resort|19.7682|-70.5165,55,medium,node,hotel,missingCity; missingWebsite; missingPhone
node/593861352,OpenStreetMap,osm,ODbL,https://www.openstreetmap.org/node/593861352,Hotel Casa Cayena Club,,,Dominican Republic,19.7650088,-70.5171221,,,,osm-dominican-republic-hotel-focused-2026-05-20,2026-05-20T19:38:55.292Z,pending,none,needs_research,hotel casa cayena club|19.765|-70.5171,55,medium,node,hotel,missingCity; missingWebsite; missingPhone
node/593861356,OpenStreetMap,osm,ODbL,https://www.openstreetmap.org/node/593861356,Hotel El Rancho Sosua,,,Dominican Republic,19.7651861,-70.5168845,,,,osm-dominican-republic-hotel-focused-2026-05-20,2026-05-20T19:38:55.292Z,pending,none,needs_research,hotel el rancho sosua|19.7652|-70.5169,55,medium,node,hotel,missingCity; missingWebsite; missingPhone
node/593861357,OpenStreetMap,osm,ODbL,https://www.openstreetmap.org/node/593861357,Hotel Sea Breeze,,,Dominican Republic,19.7653938,-70.5162983,,,,osm-dominican-republic-hotel-focused-2026-05-20,2026-05-20T19:38:55.292Z,pending,none,needs_research,hotel sea breeze|19.7654|-70.5163,55,medium,node,hotel,missingCity; missingWebsite; missingPhone
node/593865998,OpenStreetMap,osm,ODbL,https://www.openstreetmap.org/node/593865998,Hotel Central,,,Dominican Republic,19.7641152,-70.5148208,,,,osm-dominican-republic-hotel-focused-2026-05-20,2026-05-20T19:38:55.292Z,pending,none,needs_research,hotel central|19.7641|-70.5148,55,medium,node,hotel,missingCity; missingWebsite; missingPhone
node/596663088,OpenStreetMap,osm,ODbL,https://www.openstreetmap.org/node/596663088,Hotel Crowne Plaza,"218 Avenue George Washington, Santo Domingo, 2890",Santo Domingo,Dominican Republic,18.4635836,-69.8960441,,+18092210000,,osm-dominican-republic-hotel-focused-2026-05-20,2026-05-20T19:38:55.292Z,pending,none,needs_research,hotel crowne plaza|santo domingo|dominican republic,85,high,node,hotel,missingWebsite
node/596733948,OpenStreetMap,osm,ODbL,https://www.openstreetmap.org/node/596733948,Hotel Dorado,,,Dominican Republic,19.454384,-70.7046896,,,,osm-dominican-republic-hotel-focused-2026-05-20,2026-05-20T19:38:55.292Z,pending,none,needs_research,hotel dorado|19.4544|-70.7047,55,medium,node,hotel,missingCity; missingWebsite; missingPhone
node/596733953,OpenStreetMap,osm,ODbL,https://www.openstreetmap.org/node/596733953,Hotel Colonial Delux,,,Dominican Republic,19.4545393,-70.7048637,,,,osm-dominican-republic-hotel-focused-2026-05-20,2026-05-20T19:38:55.292Z,pending,none,needs_research,hotel colonial delux|19.4545|-70.7049,55,medium,node,hotel,missingCity; missingWebsite; missingPhone
node/596733956,OpenStreetMap,osm,ODbL,https://www.openstreetmap.org/node/596733956,Hotel Colonial,,,Dominican Republic,19.4546279,-70.7050808,,,,osm-dominican-republic-hotel-focused-2026-05-20,2026-05-20T19:38:55.292Z,pending,none,needs_research,hotel colonial|19.4546|-70.7051,55,medium,node,hotel,missingCity; missingWebsite; missingPhone
node/597453526,OpenStreetMap,osm,ODbL,https://www.openstreetmap.org/node/597453526,Hostal Nicolas De Ovando,,,Dominican Republic,18.4751443,-69.8827005,,,,osm-dominican-republic-hotel-focused-2026-05-20,2026-05-20T19:38:55.292Z,pending,none,needs_research,hostal nicolas de ovando|18.4751|-69.8827,55,medium,node,hotel,missingCity; missingWebsite; missingPhone
node/597456591,OpenStreetMap,osm,ODbL,https://www.openstreetmap.org/node/597456591,Hodelpa Novus Plaza,,,Dominican Republic,18.4734399,-69.8854304,,,,osm-dominican-republic-hotel-focused-2026-05-20,2026-05-20T19:38:55.292Z,pending,none,needs_research,hodelpa novus plaza|18.4734|-69.8854,55,medium,node,hotel,missingCity; missingWebsite; missingPhone
node/635204441,OpenStreetMap,osm,ODbL,https://www.openstreetmap.org/node/635204441,Club Med,,,Dominican Republic,18.5456978,-68.3513581,,,Club Med,osm-dominican-republic-hotel-focused-2026-05-20,2026-05-20T19:38:55.292Z,pending,none,needs_research,club med|18.5457|-68.3514,65,medium,node,hotel,missingCity; missingWebsite; missingPhone
node/711144134,OpenStreetMap,osm,ODbL,https://www.openstreetmap.org/node/711144134,Ecocampo La Sangría,,,Dominican Republic,19.2609949,-69.2588233,,,,osm-dominican-republic-hotel-focused-2026-05-20,2026-05-20T19:38:55.292Z,pending,none,needs_research,ecocampo la sangria|19.261|-69.2588,55,medium,node,hotel,missingCity; missingWebsite; missingPhone
node/735974664,OpenStreetMap,osm,ODbL,https://www.openstreetmap.org/node/735974664,Tierra Plana Hostal,,,Dominican Republic,18.4771045,-69.8854438,,,,osm-dominican-republic-hotel-focused-2026-05-20,2026-05-20T19:38:55.292Z,pending,none,needs_research,tierra plana hostal|18.4771|-69.8854,55,medium,node,guest_house,missingCity; missingWebsite; missingPhone
node/862661684,OpenStreetMap,osm,ODbL,https://www.openstreetmap.org/node/862661684,Hotel La Mansion,,,Dominican Republic,19.3460483,-70.9308523,,,,osm-dominican-republic-hotel-focused-2026-05-20,2026-05-20T19:38:55.292Z,pending,none,needs_research,hotel la mansion|19.346|-70.9309,55,medium,node,hotel,missingCity; missingWebsite; missingPhone
node/928315117,OpenStreetMap,osm,ODbL,https://www.openstreetmap.org/node/928315117,Apartahotel Drake,,,Dominican Republic,18.4759905,-69.933337,,,,osm-dominican-republic-hotel-focused-2026-05-20,2026-05-20T19:38:55.292Z,pending,none,needs_research,apartahotel drake|18.476|-69.9333,55,medium,node,motel,missingCity; missingWebsite; missingPhone
node/988991741,OpenStreetMap,osm,ODbL,https://www.openstreetmap.org/node/988991741,Costa Las Ballenas,,,Dominican Republic,19.3117497,-69.5680317,,,,osm-dominican-republic-hotel-focused-2026-05-20,2026-05-20T19:38:55.292Z,pending,none,needs_research,costa las ballenas|19.3117|-69.568,55,medium,node,hotel,missingCity; missingWebsite; missingPhone
node/989009324,OpenStreetMap,osm,ODbL,https://www.openstreetmap.org/node/989009324,Acaya,,,Dominican Republic,19.313192,-69.5644458,,,,osm-dominican-republic-hotel-focused-2026-05-20,2026-05-20T19:38:55.292Z,pending,none,needs_research,acaya|19.3132|-69.5644,55,medium,node,hotel,missingCity; missingWebsite; missingPhone
node/1069945606,OpenStreetMap,osm,ODbL,https://www.openstreetmap.org/node/1069945606,Hotel Atarazana,19 Vicente Celestino Duarte,,Dominican Republic,18.4782742,-69.8838741,http://www.hotel-atarazana.com,+8096883693,,osm-dominican-republic-hotel-focused-2026-05-20,2026-05-20T19:38:55.292Z,pending,none,needs_research,hotel atarazana|18.4783|-69.8839,85,high,node,hotel,missingCity
node/1188149592,OpenStreetMap,osm,ODbL,https://www.openstreetmap.org/node/1188149592,Hotel Pinar Dorado,,,Dominican Republic,19.1174533,-70.6334667,,,,osm-dominican-republic-hotel-focused-2026-05-20,2026-05-20T19:38:55.292Z,pending,none,needs_research,hotel pinar dorado|19.1175|-70.6335,55,medium,node,hotel,missingCity; missingWebsite; missingPhone
node/1207422127,OpenStreetMap,osm,ODbL,https://www.openstreetmap.org/node/1207422127,Be Live Grand Marien Hotel,,,Dominican Republic,19.778444,-70.658505,,,,osm-dominican-republic-hotel-focused-2026-05-20,2026-05-20T19:38:55.292Z,pending,none,needs_research,be live grand marien hotel|19.7784|-70.6585,55,medium,node,hotel,missingCity; missingWebsite; missingPhone
node/1234382123,OpenStreetMap,osm,ODbL,https://www.openstreetmap.org/node/1234382123,Emotion By Hodelpa.,,,Dominican Republic,19.7703127,-70.6449925,,,,osm-dominican-republic-hotel-focused-2026-05-20,2026-05-20T19:38:55.292Z,pending,none,needs_research,emotion by hodelpa.|19.7703|-70.645,55,medium,node,hotel,missingCity; missingWebsite; missingPhone
node/1238948840,OpenStreetMap,osm,ODbL,https://www.openstreetmap.org/node/1238948840,hotel arcardo,,,Dominican Republic,18.477292,-69.8854892,,,,osm-dominican-republic-hotel-focused-2026-05-20,2026-05-20T19:38:55.292Z,pending,none,needs_research,hotel arcardo|18.4773|-69.8855,55,medium,node,hotel,missingCity; missingWebsite; missingPhone
node/1238959353,OpenStreetMap,osm,ODbL,https://www.openstreetmap.org/node/1238959353,"ALJIBE CAFE, Cocktail",,,Dominican Republic,18.4723713,-69.8852245,,,,osm-dominican-republic-hotel-focused-2026-05-20,2026-05-20T19:38:55.292Z,pending,none,needs_research,"aljibe cafe, cocktail|18.4724|-69.8852",55,medium,node,hotel,missingCity; missingWebsite; missingPhone
node/1249539089,OpenStreetMap,osm,ODbL,https://www.openstreetmap.org/node/1249539089,Hotel Salinas,,,Dominican Republic,18.2121932,-70.5448082,,809 310-8141,,osm-dominican-republic-hotel-focused-2026-05-20,2026-05-20T19:38:55.292Z,pending,none,needs_research,hotel salinas|18.2122|-70.5448,65,medium,node,hotel,missingCity; missingWebsite
node/1249982946,OpenStreetMap,osm,ODbL,https://www.openstreetmap.org/node/1249982946,Ocean resort,,,Dominican Republic,18.7081098,-68.4436144,,,,osm-dominican-republic-hotel-focused-2026-05-20,2026-05-20T19:38:55.292Z,pending,none,needs_research,ocean resort|18.7081|-68.4436,55,medium,node,hotel,missingCity; missingWebsite; missingPhone
node/1259953316,OpenStreetMap,osm,ODbL,https://www.openstreetmap.org/node/1259953316,Hotel Playazul,,,Dominican Republic,18.1551682,-71.0592845,,,,osm-dominican-republic-hotel-focused-2026-05-20,2026-05-20T19:38:55.292Z,pending,none,needs_research,hotel playazul|18.1552|-71.0593,55,medium,node,hotel,missingCity; missingWebsite; missingPhone
node/1259992880,OpenStreetMap,osm,ODbL,https://www.openstreetmap.org/node/1259992880,Hotel Casablanca,,,Dominican Republic,18.1277744,-71.0668618,http://www.hotelcasablanca.com.do/de-ch/,829-794-1230,,osm-dominican-republic-hotel-focused-2026-05-20,2026-05-20T19:38:55.292Z,pending,none,needs_research,hotel casablanca|18.1278|-71.0669,80,high,node,hotel,missingCity
node/1259992888,OpenStreetMap,osm,ODbL,https://www.openstreetmap.org/node/1259992888,Hotel Quemaito,,,Dominican Republic,18.1275574,-71.0674529,,,,osm-dominican-republic-hotel-focused-2026-05-20,2026-05-20T19:38:55.292Z,pending,none,needs_research,hotel quemaito|18.1276|-71.0675,55,medium,node,hotel,missingCity; missingWebsite; missingPhone
node/1391142503,OpenStreetMap,osm,ODbL,https://www.openstreetmap.org/node/1391142503,terra linda,,,Dominican Republic,19.7652283,-70.5148132,,,,osm-dominican-republic-hotel-focused-2026-05-20,2026-05-20T19:38:55.292Z,pending,none,needs_research,terra linda|19.7652|-70.5148,55,medium,node,hotel,missingCity; missingWebsite; missingPhone
node/1391142506,OpenStreetMap,osm,ODbL,https://www.openstreetmap.org/node/1391142506,Casa Valeria,,,Dominican Republic,19.7651828,-70.5152692,,,,osm-dominican-republic-hotel-focused-2026-05-20,2026-05-20T19:38:55.292Z,pending,none,needs_research,casa valeria|19.7652|-70.5153,55,medium,node,hotel,missingCity; missingWebsite; missingPhone
node/1391142519,OpenStreetMap,osm,ODbL,https://www.openstreetmap.org/node/1391142519,Hotel Orchidee,,,Dominican Republic,19.7651084,-70.5144058,http://www.hotelorchidee.ch,,,osm-dominican-republic-hotel-focused-2026-05-20,2026-05-20T19:38:55.292Z,pending,none,needs_research,hotel orchidee|19.7651|-70.5144,70,high,node,hotel,missingCity; missingPhone
node/1391142522,OpenStreetMap,osm,ODbL,https://www.openstreetmap.org/node/1391142522,New Garden,,,Dominican Republic,19.7652485,-70.5156179,,,,osm-dominican-republic-hotel-focused-2026-05-20,2026-05-20T19:38:55.292Z,pending,none,needs_research,new garden|19.7652|-70.5156,55,medium,node,hotel,missingCity; missingWebsite; missingPhone
node/1405141122,OpenStreetMap,osm,ODbL,https://www.openstreetmap.org/node/1405141122,Lifestyle Holidays Vacation Club,,,Dominican Republic,19.8170831,-70.7281402,,,,osm-dominican-republic-hotel-focused-2026-05-20,2026-05-20T19:38:55.292Z,pending,none,needs_research,lifestyle holidays vacation club|19.8171|-70.7281,55,medium,node,hotel,missingCity; missingWebsite; missingPhone
node/1414756925,OpenStreetMap,osm,ODbL,https://www.openstreetmap.org/node/1414756925,Aventura,"Calle Principal, La Canela, 51103, DO",La Canela,DO,19.4766028,-70.8022389,,,,osm-dominican-republic-hotel-focused-2026-05-20,2026-05-20T19:38:55.292Z,pending,none,needs_research,aventura|la canela|do,75,high,node,motel,missingWebsite; missingPhone
node/1454279355,OpenStreetMap,osm,ODbL,https://www.openstreetmap.org/node/1454279355,Aladino,,,Dominican Republic,18.4813663,-69.9252391,,,,osm-dominican-republic-hotel-focused-2026-05-20,2026-05-20T19:38:55.292Z,pending,none,needs_research,aladino|18.4814|-69.9252,55,medium,node,hotel,missingCity; missingWebsite; missingPhone
node/1600567851,OpenStreetMap,osm,ODbL,https://www.openstreetmap.org/node/1600567851,Hotel,,,Dominican Republic,18.2020655,-71.0877667,,,,osm-dominican-republic-hotel-focused-2026-05-20,2026-05-20T19:38:55.292Z,pending,none,needs_research,hotel|18.2021|-71.0878,55,medium,node,hotel,missingCity; missingWebsite; missingPhone
node/1635256169,OpenStreetMap,osm,ODbL,https://www.openstreetmap.org/node/1635256169,Coconut Palms Resort,,,Dominican Republic,19.7751504,-70.4463858,,,,osm-dominican-republic-hotel-focused-2026-05-20,2026-05-20T19:38:55.292Z,pending,none,needs_research,coconut palms resort|19.7752|-70.4464,55,medium,node,hotel,missingCity; missingWebsite; missingPhone
node/1643715292,OpenStreetMap,osm,ODbL,https://www.openstreetmap.org/node/1643715292,Eva Luna,,,Dominican Republic,19.3222319,-69.5519427,,,,osm-dominican-republic-hotel-focused-2026-05-20,2026-05-20T19:38:55.292Z,pending,none,needs_research,eva luna|19.3222|-69.5519,55,medium,node,hotel,missingCity; missingWebsite; missingPhone
node/1650284822,OpenStreetMap,osm,ODbL,https://www.openstreetmap.org/node/1650284822,Hotel Palapa,,,Dominican Republic,19.324616,-69.5297463,https://www.palapabeachclub.com/,,,osm-dominican-republic-hotel-focused-2026-05-20,2026-05-20T19:38:55.292Z,pending,none,needs_research,hotel palapa|19.3246|-69.5297,70,high,node,hotel,missingCity; missingPhone
node/1653013577,OpenStreetMap,osm,ODbL,https://www.openstreetmap.org/node/1653013577,Secrets Royal Beach Punta Cana,"Avenida Alemania, Punta Cana",Punta Cana,Dominican Republic,18.679197,-68.4157602,https://www.hyatt.com/en-US/hotel/dominican-republic/secrets-royal-beach/serpc,+1 809 221 46 46,,osm-dominican-republic-hotel-focused-2026-05-20,2026-05-20T19:38:55.292Z,pending,none,needs_research,secrets royal beach punta cana|punta cana|dominican republic,100,high,node,hotel,
node/1739578195,OpenStreetMap,osm,ODbL,https://www.openstreetmap.org/node/1739578195,Hotel Las Caobas,,,Dominican Republic,19.2988932,-70.2668643,,,,osm-dominican-republic-hotel-focused-2026-05-20,2026-05-20T19:38:55.292Z,pending,none,needs_research,hotel las caobas|19.2989|-70.2669,55,medium,node,hotel,missingCity; missingWebsite; missingPhone
node/1745039683,OpenStreetMap,osm,ODbL,https://www.openstreetmap.org/node/1745039683,Aparta Hotel Plaza del Sol,,,Dominican Republic,18.4653437,-69.9158948,,,,osm-dominican-republic-hotel-focused-2026-05-20,2026-05-20T19:38:55.292Z,pending,none,needs_research,aparta hotel plaza del sol|18.4653|-69.9159,55,medium,node,hotel,missingCity; missingWebsite; missingPhone
node/1825887426,OpenStreetMap,osm,ODbL,https://www.openstreetmap.org/node/1825887426,Sivory Punta Cana,,,Dominican Republic,18.838849,-68.612924,,,,osm-dominican-republic-hotel-focused-2026-05-20,2026-05-20T19:38:55.292Z,pending,none,needs_research,sivory punta cana|18.8388|-68.6129,55,medium,node,hotel,missingCity; missingWebsite; missingPhone
node/1837180673,OpenStreetMap,osm,ODbL,https://www.openstreetmap.org/node/1837180673,Hotel Dilenia,,,Dominican Republic,18.9081858,-70.7413032,,,,osm-dominican-republic-hotel-focused-2026-05-20,2026-05-20T19:38:55.292Z,pending,none,needs_research,hotel dilenia|18.9082|-70.7413,55,medium,node,hotel,missingCity; missingWebsite; missingPhone
node/1837180781,OpenStreetMap,osm,ODbL,https://www.openstreetmap.org/node/1837180781,Hotel Colinas del Valle,,,Dominican Republic,18.9085614,-70.7414052,,,,osm-dominican-republic-hotel-focused-2026-05-20,2026-05-20T19:38:55.292Z,pending,none,needs_research,hotel colinas del valle|18.9086|-70.7414,55,medium,node,hotel,missingCity; missingWebsite; missingPhone
node/1837226525,OpenStreetMap,osm,ODbL,https://www.openstreetmap.org/node/1837226525,Hote Mi Casa,,,Dominican Republic,18.9078493,-70.742701,,,,osm-dominican-republic-hotel-focused-2026-05-20,2026-05-20T19:38:55.292Z,pending,none,needs_research,hote mi casa|18.9078|-70.7427,55,medium,node,hotel,missingCity; missingWebsite; missingPhone
node/1846307890,OpenStreetMap,osm,ODbL,https://www.openstreetmap.org/node/1846307890,Hotel Vista del Valle,,,Dominican Republic,18.9078545,-70.7462546,,,,osm-dominican-republic-hotel-focused-2026-05-20,2026-05-20T19:38:55.292Z,pending,none,needs_research,hotel vista del valle|18.9079|-70.7463,55,medium,node,hotel,missingCity; missingWebsite; missingPhone
node/1853487108,OpenStreetMap,osm,ODbL,https://www.openstreetmap.org/node/1853487108,AltoCerro,,,Dominican Republic,18.9150951,-70.7276836,,,,osm-dominican-republic-hotel-focused-2026-05-20,2026-05-20T19:38:55.292Z,pending,none,needs_research,altocerro|18.9151|-70.7277,55,medium,node,hotel,missingCity; missingWebsite; missingPhone
node/1857882814,OpenStreetMap,osm,ODbL,https://www.openstreetmap.org/node/1857882814,Rancho Wendy,,,Dominican Republic,18.8876305,-70.4610898,,,,osm-dominican-republic-hotel-focused-2026-05-20,2026-05-20T19:38:55.292Z,pending,none,needs_research,rancho wendy|18.8876|-70.4611,55,medium,node,hotel,missingCity; missingWebsite; missingPhone
node/1869448927,OpenStreetMap,osm,ODbL,https://www.openstreetmap.org/node/1869448927,Rancho Guaraguao,,,Dominican Republic,18.8847637,-70.6856934,,,,osm-dominican-republic-hotel-focused-2026-05-20,2026-05-20T19:38:55.292Z,pending,none,needs_research,rancho guaraguao|18.8848|-70.6857,55,medium,node,hotel,missingCity; missingWebsite; missingPhone
node/1869448950,OpenStreetMap,osm,ODbL,https://www.openstreetmap.org/node/1869448950,Rancho Guaraguao,,,Dominican Republic,18.8850093,-70.6866397,,,,osm-dominican-republic-hotel-focused-2026-05-20,2026-05-20T19:38:55.292Z,pending,none,needs_research,rancho guaraguao|18.885|-70.6866,55,medium,node,hostel,missingCity; missingWebsite; missingPhone
node/1882822690,OpenStreetMap,osm,ODbL,https://www.openstreetmap.org/node/1882822690,Hostal Condo Parque,,,Dominican Republic,18.4702366,-69.8907043,,,,osm-dominican-republic-hotel-focused-2026-05-20,2026-05-20T19:38:55.292Z,pending,none,needs_research,hostal condo parque|18.4702|-69.8907,55,medium,node,hotel,missingCity; missingWebsite; missingPhone
node/1888636757,OpenStreetMap,osm,ODbL,https://www.openstreetmap.org/node/1888636757,Las Canas,,,Dominican Republic,19.7619784,-70.4938719,,,,osm-dominican-republic-hotel-focused-2026-05-20,2026-05-20T19:38:55.292Z,pending,none,needs_research,las canas|19.762|-70.4939,55,medium,node,hotel,missingCity; missingWebsite; missingPhone
node/1923936533,OpenStreetMap,osm,ODbL,https://www.openstreetmap.org/node/1923936533,Habitaciones Don Pedro,,,Dominican Republic,18.425685,-69.4235968,,,,osm-dominican-republic-hotel-focused-2026-05-20,2026-05-20T19:38:55.292Z,pending,none,needs_research,habitaciones don pedro|18.4257|-69.4236,55,medium,node,guest_house,missingCity; missingWebsite; missingPhone
node/1923964921,OpenStreetMap,osm,ODbL,https://www.openstreetmap.org/node/1923964921,Fior Di Loto,,,Dominican Republic,18.4249216,-69.4289022,,,,osm-dominican-republic-hotel-focused-2026-05-20,2026-05-20T19:38:55.292Z,pending,none,needs_research,fior di loto|18.4249|-69.4289,55,medium,node,hotel,missingCity; missingWebsite; missingPhone
node/1982167840,OpenStreetMap,osm,ODbL,https://www.openstreetmap.org/node/1982167840,Hotel Piedra Marron,,,Dominican Republic,19.3189396,-69.540699,,,,osm-dominican-republic-hotel-focused-2026-05-20,2026-05-20T19:38:55.292Z,pending,none,needs_research,hotel piedra marron|19.3189|-69.5407,55,medium,node,hotel,missingCity; missingWebsite; missingPhone
node/2020735712,OpenStreetMap,osm,ODbL,https://www.openstreetmap.org/node/2020735712,Hotel Gran Jimenoa,,,Dominican Republic,19.1407155,-70.6310367,,,,osm-dominican-republic-hotel-focused-2026-05-20,2026-05-20T19:38:55.292Z,pending,none,needs_research,hotel gran jimenoa|19.1407|-70.631,55,medium,node,hotel,missingCity; missingWebsite; missingPhone
node/2088794004,OpenStreetMap,osm,ODbL,https://www.openstreetmap.org/node/2088794004,Casa Cosón,,,Dominican Republic,19.295719,-69.5971532,,,,osm-dominican-republic-hotel-focused-2026-05-20,2026-05-20T19:38:55.292Z,pending,none,needs_research,casa coson|19.2957|-69.5972,55,medium,node,hotel,missingCity; missingWebsite; missingPhone
node/2099118549,OpenStreetMap,osm,ODbL,https://www.openstreetmap.org/node/2099118549,Hotel Coco Plaza,,,Dominican Republic,19.3256103,-69.5449759,,,,osm-dominican-republic-hotel-focused-2026-05-20,2026-05-20T19:38:55.292Z,pending,none,needs_research,hotel coco plaza|19.3256|-69.545,55,medium,node,hotel,missingCity; missingWebsite; missingPhone
node/2100292687,OpenStreetMap,osm,ODbL,https://www.openstreetmap.org/node/2100292687,Hotel Rancho La Cueva,,,Dominican Republic,18.9901807,-68.874144,,,,osm-dominican-republic-hotel-focused-2026-05-20,2026-05-20T19:38:55.292Z,pending,none,needs_research,hotel rancho la cueva|18.9902|-68.8741,55,medium,node,hotel,missingCity; missingWebsite; missingPhone
node/2101999280,OpenStreetMap,osm,ODbL,https://www.openstreetmap.org/node/2101999280,Hotel San Ramon,"Avenida Duarte, Azua",Azua,Dominican Republic,18.4493804,-70.723575,,809-521-3529,,osm-dominican-republic-hotel-focused-2026-05-20,2026-05-20T19:38:55.292Z,pending,none,needs_research,hotel san ramon|azua|dominican republic,85,high,node,motel,missingWebsite
node/2106184527,OpenStreetMap,osm,ODbL,https://www.openstreetmap.org/node/2106184527,Hard Rock Hotel & Casino Punta Cana - All inclusive,"No.74 Boulevard Turístico del Este Km.28, Punta Cana, 23000",Punta Cana,Dominican Republic,18.7334438,-68.4826329,https://hotel.hardrock.com/punta-cana,+1 809 687 0000,Hard Rock Hotel,osm-dominican-republic-hotel-focused-2026-05-20,2026-05-20T19:38:55.292Z,pending,none,needs_research,hard rock hotel & casino punta cana - all inclusive|punta cana|dominican republic,100,high,node,hotel,
node/2106239024,OpenStreetMap,osm,ODbL,https://www.openstreetmap.org/node/2106239024,Hostal Kevin,,,Dominican Republic,19.7979751,-70.692113,,,,osm-dominican-republic-hotel-focused-2026-05-20,2026-05-20T19:38:55.292Z,pending,none,needs_research,hostal kevin|19.798|-70.6921,55,medium,node,hotel,missingCity; missingWebsite; missingPhone
node/2110576737,OpenStreetMap,osm,ODbL,https://www.openstreetmap.org/node/2110576737,Casa de Campo,,,Dominican Republic,18.4163009,-68.9232404,,,,osm-dominican-republic-hotel-focused-2026-05-20,2026-05-20T19:38:55.292Z,pending,none,needs_research,casa de campo|18.4163|-68.9232,55,medium,node,hotel,missingCity; missingWebsite; missingPhone
node/2172701438,OpenStreetMap,osm,ODbL,https://www.openstreetmap.org/node/2172701438,Casa Bonita,,,Dominican Republic,18.0800789,-71.0929989,https://www.slh.com/,,,osm-dominican-republic-hotel-focused-2026-05-20,2026-05-20T19:38:55.292Z,pending,none,needs_research,casa bonita|18.0801|-71.093,70,high,node,hotel,missingCity; missingPhone
node/2175061135,OpenStreetMap,osm,ODbL,https://www.openstreetmap.org/node/2175061135,Hotel San Jose,,,Dominican Republic,19.3157522,-71.6913602,,,,osm-dominican-republic-hotel-focused-2026-05-20,2026-05-20T19:38:55.292Z,pending,none,needs_research,hotel san jose|19.3158|-71.6914,55,medium,node,hotel,missingCity; missingWebsite; missingPhone
node/2175099044,OpenStreetMap,osm,ODbL,https://www.openstreetmap.org/node/2175099044,Hotel Santa Clara,,,Dominican Republic,19.4204177,-71.6156871,,,,osm-dominican-republic-hotel-focused-2026-05-20,2026-05-20T19:38:55.292Z,pending,none,needs_research,hotel santa clara|19.4204|-71.6157,55,medium,node,hotel,missingCity; missingWebsite; missingPhone
node/2175099050,OpenStreetMap,osm,ODbL,https://www.openstreetmap.org/node/2175099050,Master Hotel La Ceiba,,,Dominican Republic,19.4119866,-71.6122609,,,,osm-dominican-republic-hotel-focused-2026-05-20,2026-05-20T19:38:55.292Z,pending,none,needs_research,master hotel la ceiba|19.412|-71.6123,55,medium,node,hotel,missingCity; missingWebsite; missingPhone
node/2178758745,OpenStreetMap,osm,ODbL,https://www.openstreetmap.org/node/2178758745,Cacique Hotel,2 Calle Jose Francisco Peña Gómez,,Dominican Republic,18.2067668,-71.093641,,(809)524-4620,,osm-dominican-republic-hotel-focused-2026-05-20,2026-05-20T19:38:55.292Z,pending,none,needs_research,cacique hotel|18.2068|-71.0936,70,high,node,motel,missingCity; missingWebsite
node/2223972849,OpenStreetMap,osm,ODbL,https://www.openstreetmap.org/node/2223972849,Centro de Servicios Comunitarios,"121 Avenida Los Beisbolistas, Santo Domingo Oeste, 10902",Santo Domingo Oeste,Dominican Republic,18.486228,-69.9907426,,,,osm-dominican-republic-hotel-focused-2026-05-20,2026-05-20T19:38:55.292Z,pending,none,needs_research,centro de servicios comunitarios|santo domingo oeste|dominican republic,75,high,node,guest_house,missingWebsite; missingPhone
node/2262714721,OpenStreetMap,osm,ODbL,https://www.openstreetmap.org/node/2262714721,Dreams Royal Beach Punta Cana,"Avenida Alemania, Punta Cana",Punta Cana,Dominican Republic,18.6785547,-68.41471,https://www.dreamsresorts.com/en/resorts-hotels/dreams/,+1 809 221 46 46,,osm-dominican-republic-hotel-focused-2026-05-20,2026-05-20T19:38:55.292Z,pending,none,needs_research,dreams royal beach punta cana|punta cana|dominican republic,100,high,node,hotel,
node/2290696239,OpenStreetMap,osm,ODbL,https://www.openstreetmap.org/node/2290696239,Principe Bahia Cayo Levantado,,,Dominican Republic,19.1666871,-69.2762256,,,,osm-dominican-republic-hotel-focused-2026-05-20,2026-05-20T19:38:55.292Z,pending,none,needs_research,principe bahia cayo levantado|19.1667|-69.2762,55,medium,node,hotel,missingCity; missingWebsite; missingPhone
node/2333150150,OpenStreetMap,osm,ODbL,https://www.openstreetmap.org/node/2333150150,Caliente Caribe,"Rio San Juan-Cabrera, Cabrera",Cabrera,Dominican Republic,19.6794627,-69.9722897,,,,osm-dominican-republic-hotel-focused-2026-05-20,2026-05-20T19:38:55.292Z,pending,none,needs_research,caliente caribe|cabrera|dominican republic,75,high,node,hotel,missingWebsite; missingPhone
node/2340839097,OpenStreetMap,osm,ODbL,https://www.openstreetmap.org/node/2340839097,Consejo Nacional para la Niñez y la Adolescencia,,,Dominican Republic,19.2167486,-70.5386773,,,,osm-dominican-republic-hotel-focused-2026-05-20,2026-05-20T19:38:55.292Z,pending,none,needs_research,consejo nacional para la ninez y la adolescencia|19.2167|-70.5387,55,medium,node,hostel,missingCity; missingWebsite; missingPhone
node/2365189081,OpenStreetMap,osm,ODbL,https://www.openstreetmap.org/node/2365189081,Hotel Brisas del Yaque,13 Independencia,,Dominican Republic,19.1210699,-70.6432761,,,,osm-dominican-republic-hotel-focused-2026-05-20,2026-05-20T19:38:55.292Z,pending,none,needs_research,hotel brisas del yaque|19.1211|-70.6433,60,medium,node,hotel,missingCity; missingWebsite; missingPhone
node/2377448089,OpenStreetMap,osm,ODbL,https://www.openstreetmap.org/node/2377448089,Aurora del Sol Hotel y Casino,"Carretera Mella, Santo Domingo Este",Santo Domingo Este,Dominican Republic,18.5155001,-69.8427114,,,,osm-dominican-republic-hotel-focused-2026-05-20,2026-05-20T19:38:55.292Z,pending,none,needs_research,aurora del sol hotel y casino|santo domingo este|dominican republic,75,high,node,hotel,missingWebsite; missingPhone
node/2554070792,OpenStreetMap,osm,ODbL,https://www.openstreetmap.org/node/2554070792,Independencia,Calle Arzobispo Nouel,,Dominican Republic,18.470614,-69.8919381,,8096861663,,osm-dominican-republic-hotel-focused-2026-05-20,2026-05-20T19:38:55.292Z,pending,none,needs_research,independencia|18.4706|-69.8919,70,high,node,hotel,missingCity; missingWebsite
node/2590998150,OpenStreetMap,osm,ODbL,https://www.openstreetmap.org/node/2590998150,Cabana Elke,,,Dominican Republic,18.3498824,-68.8295534,,,,osm-dominican-republic-hotel-focused-2026-05-20,2026-05-20T19:38:55.292Z,pending,none,needs_research,cabana elke|18.3499|-68.8296,55,medium,node,hotel,missingCity; missingWebsite; missingPhone
node/2613933314,OpenStreetMap,osm,ODbL,https://www.openstreetmap.org/node/2613933314,Los Gringos,,,Dominican Republic,19.6211673,-70.1689092,,,,osm-dominican-republic-hotel-focused-2026-05-20,2026-05-20T19:38:55.292Z,pending,none,needs_research,los gringos|19.6212|-70.1689,55,medium,node,hotel,missingCity; missingWebsite; missingPhone
node/2613949124,OpenStreetMap,osm,ODbL,https://www.openstreetmap.org/node/2613949124,Four Points by Sheraton,"Boulevard 1º de Noviembre, Punta Cana, 23000",Punta Cana,Dominican Republic,18.5591959,-68.3729673,,+18099592222,Four Points by Sheraton,osm-dominican-republic-hotel-focused-2026-05-20,2026-05-20T19:38:55.292Z,pending,none,needs_research,four points by sheraton|punta cana|dominican republic,95,high,node,hotel,missingWebsite
node/2720148366,OpenStreetMap,osm,ODbL,https://www.openstreetmap.org/node/2720148366,New Parisian,,,Dominican Republic,19.2935722,-70.2529536,,,,osm-dominican-republic-hotel-focused-2026-05-20,2026-05-20T19:38:55.292Z,pending,none,needs_research,new parisian|19.2936|-70.253,55,medium,node,hotel,missingCity; missingWebsite; missingPhone
node/2724424280,OpenStreetMap,osm,ODbL,https://www.openstreetmap.org/node/2724424280,Cabaña Anwis,"Salida a Tenares, SAN FRANCISCO DE MACORIS",SAN FRANCISCO DE MACORIS,Dominican Republic,19.3262656,-70.2781032,,,,osm-dominican-republic-hotel-focused-2026-05-20,2026-05-20T19:38:55.292Z,pending,none,needs_research,cabana anwis|san francisco de macoris|dominican republic,75,high,node,hotel,missingWebsite; missingPhone
node/2724999922,OpenStreetMap,osm,ODbL,https://www.openstreetmap.org/node/2724999922,Hotel Libano,,,Dominican Republic,19.2977859,-70.2576696,,,,osm-dominican-republic-hotel-focused-2026-05-20,2026-05-20T19:38:55.292Z,pending,none,needs_research,hotel libano|19.2978|-70.2577,55,medium,node,hotel,missingCity; missingWebsite; missingPhone
node/2778735252,OpenStreetMap,osm,ODbL,https://www.openstreetmap.org/node/2778735252,Sheraton,,,Dominican Republic,18.463431,-69.8979402,,,Sheraton,osm-dominican-republic-hotel-focused-2026-05-20,2026-05-20T19:38:55.292Z,pending,none,needs_research,sheraton|18.4634|-69.8979,65,medium,node,hotel,missingCity; missingWebsite; missingPhone
node/2836668830,OpenStreetMap,osm,ODbL,https://www.openstreetmap.org/node/2836668830,Las Olas Luxury Villas,,,Dominican Republic,19.3126871,-69.5668556,https://www.dominicana.life/,,,osm-dominican-republic-hotel-focused-2026-05-20,2026-05-20T19:38:55.292Z,pending,none,needs_research,las olas luxury villas|19.3127|-69.5669,70,high,node,hotel,missingCity; missingPhone
node/2866813906,OpenStreetMap,osm,ODbL,https://www.openstreetmap.org/node/2866813906,Sensimar Punta Cana Villas & Suites,,,Dominican Republic,18.7193615,-68.453179,,,RIU,osm-dominican-republic-hotel-focused-2026-05-20,2026-05-20T19:38:55.292Z,pending,none,needs_research,sensimar punta cana villas & suites|18.7194|-68.4532,65,medium,node,hotel,missingCity; missingWebsite; missingPhone
node/2955259538,OpenStreetMap,osm,ODbL,https://www.openstreetmap.org/node/2955259538,Hotel Villa Colonial,"157 Calle Sanchez, Santo Domingo, DO",Santo Domingo,DO,18.470899,-69.888196,,,,osm-dominican-republic-hotel-focused-2026-05-20,2026-05-20T19:38:55.292Z,pending,none,needs_research,hotel villa colonial|santo domingo|do,75,high,node,hotel,missingWebsite; missingPhone
node/2966028861,OpenStreetMap,osm,ODbL,https://www.openstreetmap.org/node/2966028861,Hotel Alegria,,,Dominican Republic,19.7510559,-70.4024362,,,,osm-dominican-republic-hotel-focused-2026-05-20,2026-05-20T19:38:55.292Z,pending,none,needs_research,hotel alegria|19.7511|-70.4024,55,medium,node,hotel,missingCity; missingWebsite; missingPhone
node/2998189889,OpenStreetMap,osm,ODbL,https://www.openstreetmap.org/node/2998189889,Hotel Occidental Allegro Playa Dorada,,,Dominican Republic,19.7693703,-70.6452375,,,,osm-dominican-republic-hotel-focused-2026-05-20,2026-05-20T19:38:55.292Z,pending,none,needs_research,hotel occidental allegro playa dorada|19.7694|-70.6452,55,medium,node,hotel,missingCity; missingWebsite; missingPhone
node/2998191668,OpenStreetMap,osm,ODbL,https://www.openstreetmap.org/node/2998191668,Barceló Puerto Plata,,,Dominican Republic,19.7715218,-70.6412773,,,,osm-dominican-republic-hotel-focused-2026-05-20,2026-05-20T19:38:55.292Z,pending,none,needs_research,barcelo puerto plata|19.7715|-70.6413,55,medium,node,hotel,missingCity; missingWebsite; missingPhone
node/2998191669,OpenStreetMap,osm,ODbL,https://www.openstreetmap.org/node/2998191669,Hotel Gran Ventana,,,Dominican Republic,19.7723664,-70.6402715,,,,osm-dominican-republic-hotel-focused-2026-05-20,2026-05-20T19:38:55.292Z,pending,none,needs_research,hotel gran ventana|19.7724|-70.6403,55,medium,node,hotel,missingCity; missingWebsite; missingPhone
node/2998196506,OpenStreetMap,osm,ODbL,https://www.openstreetmap.org/node/2998196506,Sunshade Puerto Plata All Inclusive,,,Dominican Republic,19.7701917,-70.6412903,,,,osm-dominican-republic-hotel-focused-2026-05-20,2026-05-20T19:38:55.292Z,pending,none,needs_research,sunshade puerto plata all inclusive|19.7702|-70.6413,55,medium,node,hotel,missingCity; missingWebsite; missingPhone
node/2998208193,OpenStreetMap,osm,ODbL,https://www.openstreetmap.org/node/2998208193,Celuisma Playa Dorada Beach Hotel,,,Dominican Republic,19.7699833,-70.6439673,,,,osm-dominican-republic-hotel-focused-2026-05-20,2026-05-20T19:38:55.292Z,pending,none,needs_research,celuisma playa dorada beach hotel|19.77|-70.644,55,medium,node,hotel,missingCity; missingWebsite; missingPhone
node/3015649822,OpenStreetMap,osm,ODbL,https://www.openstreetmap.org/node/3015649822,Occidental Caribe (former Barcelo Punta Cana),,,Dominican Republic,18.7340742,-68.4720325,,,Occidental,osm-dominican-republic-hotel-focused-2026-05-20,2026-05-20T19:38:55.292Z,pending,none,needs_research,occidental caribe (former barcelo punta cana)|18.7341|-68.472,65,medium,node,hotel,missingCity; missingWebsite; missingPhone
node/3051207800,OpenStreetMap,osm,ODbL,https://www.openstreetmap.org/node/3051207800,Castillo Romano,,,Dominican Republic,19.3169723,-69.5382971,,,,osm-dominican-republic-hotel-focused-2026-05-20,2026-05-20T19:38:55.292Z,pending,none,needs_research,castillo romano|19.317|-69.5383,55,medium,node,hotel,missingCity; missingWebsite; missingPhone
node/3066001703,OpenStreetMap,osm,ODbL,https://www.openstreetmap.org/node/3066001703,312 by Estancia,,,Dominican Republic,18.458518,-69.9569368,,,,osm-dominican-republic-hotel-focused-2026-05-20,2026-05-20T19:38:55.292Z,pending,none,needs_research,312 by estancia|18.4585|-69.9569,55,medium,node,guest_house,missingCity; missingWebsite; missingPhone
node/3073004437,OpenStreetMap,osm,ODbL,https://www.openstreetmap.org/node/3073004437,Hotel Del Valle,,,Dominican Republic,18.3953074,-71.2008479,,,,osm-dominican-republic-hotel-focused-2026-05-20,2026-05-20T19:38:55.292Z,pending,none,needs_research,hotel del valle|18.3953|-71.2008,55,medium,node,hotel,missingCity; missingWebsite; missingPhone
node/3076134847,OpenStreetMap,osm,ODbL,https://www.openstreetmap.org/node/3076134847,Ultravioleta Boutique Residences,,,Dominican Republic,19.7568943,-70.417365,,,,osm-dominican-republic-hotel-focused-2026-05-20,2026-05-20T19:38:55.292Z,pending,none,needs_research,ultravioleta boutique residences|19.7569|-70.4174,55,medium,node,hotel,missingCity; missingWebsite; missingPhone
node/3125134748,OpenStreetMap,osm,ODbL,https://www.openstreetmap.org/node/3125134748,Hotel Restaurante El Barcon,,,Dominican Republic,18.5459062,-70.5086851,,,,osm-dominican-republic-hotel-focused-2026-05-20,2026-05-20T19:38:55.292Z,pending,none,needs_research,hotel restaurante el barcon|18.5459|-70.5087,55,medium,node,hotel,missingCity; missingWebsite; missingPhone
node/3145200062,OpenStreetMap,osm,ODbL,https://www.openstreetmap.org/node/3145200062,Royalton hotel punta cana,,,Dominican Republic,18.7329276,-68.4694249,,,,osm-dominican-republic-hotel-focused-2026-05-20,2026-05-20T19:38:55.292Z,pending,none,needs_research,royalton hotel punta cana|18.7329|-68.4694,55,medium,node,hotel,missingCity; missingWebsite; missingPhone
node/3145204521,OpenStreetMap,osm,ODbL,https://www.openstreetmap.org/node/3145204521,Occidental Caribe (former Barcelo Punta Cana),"Carr. El Macao - Arena Gorda, Bavaro",Bavaro,Dominican Republic,18.7335332,-68.4722336,,,Occidental,osm-dominican-republic-hotel-focused-2026-05-20,2026-05-20T19:38:55.292Z,pending,none,needs_research,occidental caribe (former barcelo punta cana)|bavaro|dominican republic,85,high,node,hotel,missingWebsite; missingPhone
node/3145252104,OpenStreetMap,osm,ODbL,https://www.openstreetmap.org/node/3145252104,Grand Bahia Principe Punta Cana,,,Dominican Republic,18.7211395,-68.4648253,,,,osm-dominican-republic-hotel-focused-2026-05-20,2026-05-20T19:38:55.292Z,pending,none,needs_research,grand bahia principe punta cana|18.7211|-68.4648,55,medium,node,hotel,missingCity; missingWebsite; missingPhone
node/3145261362,OpenStreetMap,osm,ODbL,https://www.openstreetmap.org/node/3145261362,Riu Palace Punta Cana,"Punta Cana, 23000",Punta Cana,Dominican Republic,18.7225799,-68.4595414,,,RIU,osm-dominican-republic-hotel-focused-2026-05-20,2026-05-20T19:38:55.292Z,pending,none,needs_research,riu palace punta cana|punta cana|dominican republic,85,high,node,hotel,missingWebsite; missingPhone
node/3154070396,OpenStreetMap,osm,ODbL,https://www.openstreetmap.org/node/3154070396,Excellence Punta Cana,"Playas Uvero Alto, Punta Cana, 23000",Punta Cana,Dominican Republic,18.8271737,-68.6015537,https://www.excellenceresorts.com/resorts/excellence-punta-cana/destination/,18096859880,,osm-dominican-republic-hotel-focused-2026-05-20,2026-05-20T19:38:55.292Z,pending,none,needs_research,excellence punta cana|punta cana|dominican republic,100,high,node,hotel,
node/3154071208,OpenStreetMap,osm,ODbL,https://www.openstreetmap.org/node/3154071208,Zoetry Agua,,,Dominican Republic,18.8363647,-68.6103942,,,,osm-dominican-republic-hotel-focused-2026-05-20,2026-05-20T19:38:55.292Z,pending,none,needs_research,zoetry agua|18.8364|-68.6104,55,medium,node,hotel,missingCity; missingWebsite; missingPhone
node/3154209897,OpenStreetMap,osm,ODbL,https://www.openstreetmap.org/node/3154209897,TIPICAS CASETAS HOTEL,,,Dominican Republic,18.8086454,-68.5806619,,,,osm-dominican-republic-hotel-focused-2026-05-20,2026-05-20T19:38:55.292Z,pending,none,needs_research,tipicas casetas hotel|18.8086|-68.5807,55,medium,node,hotel,missingCity; missingWebsite; missingPhone
node/3158269100,OpenStreetMap,osm,ODbL,https://www.openstreetmap.org/node/3158269100,Hotel Plaza Coral,,,Dominican Republic,18.5832906,-68.3978268,http://hotel.plazacoral.net,+1 809 455 1839,,osm-dominican-republic-hotel-focused-2026-05-20,2026-05-20T19:38:55.292Z,pending,none,needs_research,hotel plaza coral|18.5833|-68.3978,80,high,node,hotel,missingCity
node/3159460065,OpenStreetMap,osm,ODbL,https://www.openstreetmap.org/node/3159460065,Sanctuary Cap Cana,,,Dominican Republic,18.4727015,-68.3995798,,,,osm-dominican-republic-hotel-focused-2026-05-20,2026-05-20T19:38:55.292Z,pending,none,needs_research,sanctuary cap cana|18.4727|-68.3996,55,medium,node,hotel,missingCity; missingWebsite; missingPhone
node/3161538019,OpenStreetMap,osm,ODbL,https://www.openstreetmap.org/node/3161538019,Real Intercontinental,"Avenida Winston Churchill, Santo Domingo , Rep Dominicana","Santo Domingo , Rep Dominicana",Dominican Republic,18.4683192,-69.9389109,,,,osm-dominican-republic-hotel-focused-2026-05-20,2026-05-20T19:38:55.292Z,pending,none,needs_research,"real intercontinental|santo domingo , rep dominicana|dominican republic",75,high,node,hotel,missingWebsite; missingPhone
node/3198643977,OpenStreetMap,osm,ODbL,https://www.openstreetmap.org/node/3198643977,Villa Serena Hotel,,,Dominican Republic,19.2935552,-69.2007724,,,,osm-dominican-republic-hotel-focused-2026-05-20,2026-05-20T19:38:55.292Z,pending,none,needs_research,villa serena hotel|19.2936|-69.2008,55,medium,node,hotel,missingCity; missingWebsite; missingPhone
node/3216771022,OpenStreetMap,osm,ODbL,https://www.openstreetmap.org/node/3216771022,Radisson Hotel Santo Domingo,"10 Calle Presidente Gonzalez, Santo Domingo, 10124",Santo Domingo,Dominican Republic,18.4778937,-69.9287341,https://www.radisson.com/santo-domingo-hotel-do-10124/domsddr,+1 8095416226,Radisson,osm-dominican-republic-hotel-focused-2026-05-20,2026-05-20T19:38:55.292Z,pending,none,needs_research,radisson hotel santo domingo|santo domingo|dominican republic,100,high,node,hotel,
node/3228673796,OpenStreetMap,osm,ODbL,https://www.openstreetmap.org/node/3228673796,Hostel Punta Cana,,,Dominican Republic,18.6674112,-68.4107209,,,,osm-dominican-republic-hotel-focused-2026-05-20,2026-05-20T19:38:55.292Z,pending,none,needs_research,hostel punta cana|18.6674|-68.4107,55,medium,node,hostel,missingCity; missingWebsite; missingPhone
node/3287789561,OpenStreetMap,osm,ODbL,https://www.openstreetmap.org/node/3287789561,Breathless Resort,"Km 275 Carr Uvero Alto, Playas, 23000",Playas,Dominican Republic,18.8094016,-68.5795966,,+1 809-551-0000,,osm-dominican-republic-hotel-focused-2026-05-20,2026-05-20T19:38:55.292Z,pending,none,needs_research,breathless resort|playas|dominican republic,85,high,node,hotel,missingWebsite
node/3331904445,OpenStreetMap,osm,ODbL,https://www.openstreetmap.org/node/3331904445,Centro Ecoturistico Nalga de Maco,,,Dominican Republic,19.2451051,-71.5332854,https://es-es.facebook.com/media/set/?set=a.341349045923308.79631.155184987873049&type=3,,,osm-dominican-republic-hotel-focused-2026-05-20,2026-05-20T19:38:55.292Z,pending,none,needs_research,centro ecoturistico nalga de maco|19.2451|-71.5333,70,high,node,hostel,missingCity; missingPhone
node/3348737439,OpenStreetMap,osm,ODbL,https://www.openstreetmap.org/node/3348737439,casa heuspedes,,,Dominican Republic,19.1150141,-70.6311801,,0895742778,,osm-dominican-republic-hotel-focused-2026-05-20,2026-05-20T19:38:55.292Z,pending,none,needs_research,casa heuspedes|19.115|-70.6312,65,medium,node,hotel,missingCity; missingWebsite
node/3354152914,OpenStreetMap,osm,ODbL,https://www.openstreetmap.org/node/3354152914,Bungalows of Las Galeras,"Main Intersection Calle Principal, Las Galeras, 32000",Las Galeras,Dominican Republic,19.2917124,-69.198647,http://bungalowsoflasgaleras.com,+809-708-7424,,osm-dominican-republic-hotel-focused-2026-05-20,2026-05-20T19:38:55.292Z,pending,none,needs_research,bungalows of las galeras|las galeras|dominican republic,100,high,node,hotel,
node/3381376286,OpenStreetMap,osm,ODbL,https://www.openstreetmap.org/node/3381376286,Costa Caribe,,,Dominican Republic,18.4269287,-69.4123851,,,,osm-dominican-republic-hotel-focused-2026-05-20,2026-05-20T19:38:55.292Z,pending,none,needs_research,costa caribe|18.4269|-69.4124,55,medium,node,hotel,missingCity; missingWebsite; missingPhone
node/3391618918,OpenStreetMap,osm,ODbL,https://www.openstreetmap.org/node/3391618918,La Hacienda,,,Dominican Republic,19.2895294,-69.1771281,http://www.lahaciendahostel.com/,1.829.9398285,,osm-dominican-republic-hotel-focused-2026-05-20,2026-05-20T19:38:55.292Z,pending,none,needs_research,la hacienda|19.2895|-69.1771,80,high,node,hostel,missingCity
node/3391618919,OpenStreetMap,osm,ODbL,https://www.openstreetmap.org/node/3391618919,Aparta hotel Mi Casa,,,Dominican Republic,19.6450279,-70.0751265,,,,osm-dominican-republic-hotel-focused-2026-05-20,2026-05-20T19:38:55.292Z,pending,none,needs_research,aparta hotel mi casa|19.645|-70.0751,55,medium,node,hotel,missingCity; missingWebsite; missingPhone
node/3391618928,OpenStreetMap,osm,ODbL,https://www.openstreetmap.org/node/3391618928,Hotel Central,Mario Nelson Galan,,Dominican Republic,19.1217626,-70.6420412,,809-574-2497,,osm-dominican-republic-hotel-focused-2026-05-20,2026-05-20T19:38:55.292Z,pending,none,needs_research,hotel central|19.1218|-70.642,70,high,node,hotel,missingCity; missingWebsite
node/3391619482,OpenStreetMap,osm,ODbL,https://www.openstreetmap.org/node/3391619482,Hotel Docia,,,Dominican Republic,19.2050592,-69.3333067,https://facebook.com/profile.php?id=208183975884379,,,osm-dominican-republic-hotel-focused-2026-05-20,2026-05-20T19:38:55.292Z,pending,none,needs_research,hotel docia|19.2051|-69.3333,70,high,node,hostel,missingCity; missingPhone
node/3396264728,OpenStreetMap,osm,ODbL,https://www.openstreetmap.org/node/3396264728,KMA Hotel,,,Dominican Republic,19.7864452,-70.6857332,,,,osm-dominican-republic-hotel-focused-2026-05-20,2026-05-20T19:38:55.292Z,pending,none,needs_research,kma hotel|19.7864|-70.6857,55,medium,node,hotel,missingCity; missingWebsite; missingPhone
node/3412619503,OpenStreetMap,osm,ODbL,https://www.openstreetmap.org/node/3412619503,Armada,,,Dominican Republic,18.4483853,-69.6051291,,,,osm-dominican-republic-hotel-focused-2026-05-20,2026-05-20T19:38:55.292Z,pending,none,needs_research,armada|18.4484|-69.6051,55,medium,node,hotel,missingCity; missingWebsite; missingPhone
node/3415002993,OpenStreetMap,osm,ODbL,https://www.openstreetmap.org/node/3415002993,Sans Souci Appartments,,,Dominican Republic,19.7515505,-70.4028424,http://sanssoucicabarete.com/,,,osm-dominican-republic-hotel-focused-2026-05-20,2026-05-20T19:38:55.292Z,pending,none,needs_research,sans souci appartments|19.7516|-70.4028,70,high,node,hotel,missingCity; missingPhone
node/3425607182,OpenStreetMap,osm,ODbL,https://www.openstreetmap.org/node/3425607182,Monte Placido,,,Dominican Republic,19.3088026,-69.4731392,https://www.monteplacido.com/,,,osm-dominican-republic-hotel-focused-2026-05-20,2026-05-20T19:38:55.292Z,pending,none,needs_research,monte placido|19.3088|-69.4731,70,high,node,guest_house,missingCity; missingPhone
node/3448846954,OpenStreetMap,osm,ODbL,https://www.openstreetmap.org/node/3448846954,Villa Las Palmas,"Calle Jimi Hendrix, Las Galeras",Las Galeras,Dominican Republic,19.2919589,-69.2003782,,,,osm-dominican-republic-hotel-focused-2026-05-20,2026-05-20T19:38:55.292Z,pending,none,needs_research,villa las palmas|las galeras|dominican republic,75,high,node,motel,missingWebsite; missingPhone
node/3469337532,OpenStreetMap,osm,ODbL,https://www.openstreetmap.org/node/3469337532,Jarabacua River Club & Resort,,,Dominican Republic,19.0924647,-70.6665701,http://riverclubjarabacoa.com/,+1 809-574-2456,,osm-dominican-republic-hotel-focused-2026-05-20,2026-05-20T19:38:55.292Z,pending,none,needs_research,jarabacua river club & resort|19.0925|-70.6666,80,high,node,hotel,missingCity
node/3471324300,OpenStreetMap,osm,ODbL,https://www.openstreetmap.org/node/3471324300,Hotelito Oasi Italiana,,,Dominican Republic,17.9581702,-71.1854601,,,,osm-dominican-republic-hotel-focused-2026-05-20,2026-05-20T19:38:55.292Z,pending,none,needs_research,hotelito oasi italiana|17.9582|-71.1855,55,medium,node,hotel,missingCity; missingWebsite; missingPhone
node/3499180062,OpenStreetMap,osm,ODbL,https://www.openstreetmap.org/node/3499180062,Residence - 4 bedrooms/baths,,,Dominican Republic,19.6118627,-70.1895741,,,,osm-dominican-republic-hotel-focused-2026-05-20,2026-05-20T19:38:55.292Z,pending,none,needs_research,residence - 4 bedrooms/baths|19.6119|-70.1896,55,medium,node,guest_house,missingCity; missingWebsite; missingPhone
node/3501119758,OpenStreetMap,osm,ODbL,https://www.openstreetmap.org/node/3501119758,Viva Dominicus Palace by Wyndham,,,Dominican Republic,18.3468544,-68.826165,https://vivaresortsbywyndham.com/viva-dominicus-palace/,,,osm-dominican-republic-hotel-focused-2026-05-20,2026-05-20T19:38:55.292Z,pending,none,needs_research,viva dominicus palace by wyndham|18.3469|-68.8262,70,high,node,hotel,missingCity; missingPhone
node/3507207294,OpenStreetMap,osm,ODbL,https://www.openstreetmap.org/node/3507207294,"Playa Turquesa Ocean Club, Apartaments, Condos",,,Dominican Republic,18.685743,-68.416064,,,,osm-dominican-republic-hotel-focused-2026-05-20,2026-05-20T19:38:55.292Z,pending,none,needs_research,"playa turquesa ocean club, apartaments, condos|18.6857|-68.4161",55,medium,node,hotel,missingCity; missingWebsite; missingPhone
node/3507207295,OpenStreetMap,osm,ODbL,https://www.openstreetmap.org/node/3507207295,"Stanza Mare, Apartaments, Condos",,,Dominican Republic,18.683981,-68.414127,,,,osm-dominican-republic-hotel-focused-2026-05-20,2026-05-20T19:38:55.292Z,pending,none,needs_research,"stanza mare, apartaments, condos|18.684|-68.4141",55,medium,node,hotel,missingCity; missingWebsite; missingPhone
node/3523794277,OpenStreetMap,osm,ODbL,https://www.openstreetmap.org/node/3523794277,Bella Vista,"43 Avenida Doctor Fernando Arturo Defillo, Santo domingo",Santo domingo,Dominican Republic,18.4557147,-69.9468062,www.hotelbellavista.net,+1809 508 1800,,osm-dominican-republic-hotel-focused-2026-05-20,2026-05-20T19:38:55.292Z,pending,none,needs_research,bella vista|santo domingo|dominican republic,100,high,node,hotel,
node/3562603793,OpenStreetMap,osm,ODbL,https://www.openstreetmap.org/node/3562603793,Villas San Francisco,,,Dominican Republic,19.2668873,-70.2199381,,,,osm-dominican-republic-hotel-focused-2026-05-20,2026-05-20T19:38:55.292Z,pending,none,needs_research,villas san francisco|19.2669|-70.2199,55,medium,node,hotel,missingCity; missingWebsite; missingPhone
node/3571267812,OpenStreetMap,osm,ODbL,https://www.openstreetmap.org/node/3571267812,Cabaña Girasoles,"San Francisco - Las Guáranas, Duarte, 33000",Duarte,Dominican Republic,19.2633826,-70.2214362,,,,osm-dominican-republic-hotel-focused-2026-05-20,2026-05-20T19:38:55.292Z,pending,none,needs_research,cabana girasoles|duarte|dominican republic,75,high,node,hotel,missingWebsite; missingPhone
node/3589029764,OpenStreetMap,osm,ODbL,https://www.openstreetmap.org/node/3589029764,Cabañas Perla,,,Dominican Republic,19.2619651,-70.2214593,,,,osm-dominican-republic-hotel-focused-2026-05-20,2026-05-20T19:38:55.292Z,pending,none,needs_research,cabanas perla|19.262|-70.2215,55,medium,node,hotel,missingCity; missingWebsite; missingPhone
node/3613770891,OpenStreetMap,osm,ODbL,https://www.openstreetmap.org/node/3613770891,Hotel Rossy,,,Dominican Republic,18.033742,-71.7394982,,,,osm-dominican-republic-hotel-focused-2026-05-20,2026-05-20T19:38:55.292Z,pending,none,needs_research,hotel rossy|18.0337|-71.7395,55,medium,node,hotel,missingCity; missingWebsite; missingPhone
node/3677079525,OpenStreetMap,osm,ODbL,https://www.openstreetmap.org/node/3677079525,Hotel Jacaranda,,,Dominican Republic,18.9673668,-70.4137388,,,,osm-dominican-republic-hotel-focused-2026-05-20,2026-05-20T19:38:55.292Z,pending,none,needs_research,hotel jacaranda|18.9674|-70.4137,55,medium,node,hotel,missingCity; missingWebsite; missingPhone
node/3679038778,OpenStreetMap,osm,ODbL,https://www.openstreetmap.org/node/3679038778,Hotel La Casacada,,,Dominican Republic,18.8974486,-70.2690183,,,,osm-dominican-republic-hotel-focused-2026-05-20,2026-05-20T19:38:55.292Z,pending,none,needs_research,hotel la casacada|18.8974|-70.269,55,medium,node,hotel,missingCity; missingWebsite; missingPhone
node/3681551947,OpenStreetMap,osm,ODbL,https://www.openstreetmap.org/node/3681551947,Embassy Suites by Hilton,,,Dominican Republic,18.4756481,-69.9272198,,,,osm-dominican-republic-hotel-focused-2026-05-20,2026-05-20T19:38:55.292Z,pending,none,needs_research,embassy suites by hilton|18.4756|-69.9272,55,medium,node,hotel,missingCity; missingWebsite; missingPhone
node/3682839239,OpenStreetMap,osm,ODbL,https://www.openstreetmap.org/node/3682839239,Hotel Arco Iris,,,Dominican Republic,18.9054971,-70.279468,,,,osm-dominican-republic-hotel-focused-2026-05-20,2026-05-20T19:38:55.292Z,pending,none,needs_research,hotel arco iris|18.9055|-70.2795,55,medium,node,hotel,missingCity; missingWebsite; missingPhone
node/3682839259,OpenStreetMap,osm,ODbL,https://www.openstreetmap.org/node/3682839259,Hotel Banjer,,,Dominican Republic,18.9047004,-70.279527,,,,osm-dominican-republic-hotel-focused-2026-05-20,2026-05-20T19:38:55.292Z,pending,none,needs_research,hotel banjer|18.9047|-70.2795,55,medium,node,hotel,missingCity; missingWebsite; missingPhone
node/3684480772,OpenStreetMap,osm,ODbL,https://www.openstreetmap.org/node/3684480772,Villa Mariposas,,,Dominican Republic,19.3205062,-69.5430084,,,,osm-dominican-republic-hotel-focused-2026-05-20,2026-05-20T19:38:55.292Z,pending,none,needs_research,villa mariposas|19.3205|-69.543,55,medium,node,hotel,missingCity; missingWebsite; missingPhone
node/3685285263,OpenStreetMap,osm,ODbL,https://www.openstreetmap.org/node/3685285263,Aparta Hotel Lomar,,,Dominican Republic,19.7927548,-70.6783684,,,,osm-dominican-republic-hotel-focused-2026-05-20,2026-05-20T19:38:55.292Z,pending,none,needs_research,aparta hotel lomar|19.7928|-70.6784,55,medium,node,hotel,missingCity; missingWebsite; missingPhone
node/3685591775,OpenStreetMap,osm,ODbL,https://www.openstreetmap.org/node/3685591775,Puerto Plata Beach Resort,,,Dominican Republic,19.7894589,-70.6714357,,,,osm-dominican-republic-hotel-focused-2026-05-20,2026-05-20T19:38:55.292Z,pending,none,needs_research,puerto plata beach resort|19.7895|-70.6714,55,medium,node,hotel,missingCity; missingWebsite; missingPhone
node/3754705960,OpenStreetMap,osm,ODbL,https://www.openstreetmap.org/node/3754705960,Bayahibe Guest House,,,Dominican Republic,18.367656,-68.8389308,,,,osm-dominican-republic-hotel-focused-2026-05-20,2026-05-20T19:38:55.292Z,pending,none,needs_research,bayahibe guest house|18.3677|-68.8389,55,medium,node,hotel,missingCity; missingWebsite; missingPhone
node/3758021425,OpenStreetMap,osm,ODbL,https://www.openstreetmap.org/node/3758021425,Casa Rural el Paraiso de Saona,,,Dominican Republic,18.1297261,-68.7346533,,,,osm-dominican-republic-hotel-focused-2026-05-20,2026-05-20T19:38:55.292Z,pending,none,needs_research,casa rural el paraiso de saona|18.1297|-68.7347,55,medium,node,guest_house,missingCity; missingWebsite; missingPhone
node/3800719312,OpenStreetMap,osm,ODbL,https://www.openstreetmap.org/node/3800719312,La Mami River Beach Carribean House,,,Dominican Republic,17.9607729,-71.1807715,,,,osm-dominican-republic-hotel-focused-2026-05-20,2026-05-20T19:38:55.292Z,pending,none,needs_research,la mami river beach carribean house|17.9608|-71.1808,55,medium,node,hotel,missingCity; missingWebsite; missingPhone
node/3800724133,OpenStreetMap,osm,ODbL,https://www.openstreetmap.org/node/3800724133,Vista Sur,,,Dominican Republic,17.9579957,-71.1836533,,,,osm-dominican-republic-hotel-focused-2026-05-20,2026-05-20T19:38:55.292Z,pending,none,needs_research,vista sur|17.958|-71.1837,55,medium,node,hotel,missingCity; missingWebsite; missingPhone
node/3823328338,OpenStreetMap,osm,ODbL,https://www.openstreetmap.org/node/3823328338,Hotel Juan José,,,Dominican Republic,17.8997706,-71.2312254,,,,osm-dominican-republic-hotel-focused-2026-05-20,2026-05-20T19:38:55.292Z,pending,none,needs_research,hotel juan jose|17.8998|-71.2312,55,medium,node,hotel,missingCity; missingWebsite; missingPhone
node/3831572259,OpenStreetMap,osm,ODbL,https://www.openstreetmap.org/node/3831572259,Chaykovsky Boutique h,Playa Estillero,,Dominican Republic,19.3195011,-69.4516915,,+1(8097788075,Chaykovsky Boutique h,osm-dominican-republic-hotel-focused-2026-05-20,2026-05-20T19:38:55.292Z,pending,none,needs_research,chaykovsky boutique h|19.3195|-69.4517,80,high,node,hotel,missingCity; missingWebsite
node/3977902978,OpenStreetMap,osm,ODbL,https://www.openstreetmap.org/node/3977902978,Hotel,,,Dominican Republic,18.7825536,-70.261046,,,,osm-dominican-republic-hotel-focused-2026-05-20,2026-05-20T19:38:55.292Z,pending,none,needs_research,hotel|18.7826|-70.261,55,medium,node,hotel,missingCity; missingWebsite; missingPhone
node/4023347101,OpenStreetMap,osm,ODbL,https://www.openstreetmap.org/node/4023347101,Excellence El Carmen,"Zona Harriers de Km5, Punta Cana, 23000",Punta Cana,Dominican Republic,18.8119463,-68.5871317,https://www.excellenceresorts.com/resorts/excellence-el-carmen/,18096855980,,osm-dominican-republic-hotel-focused-2026-05-20,2026-05-20T19:38:55.292Z,pending,none,needs_research,excellence el carmen|punta cana|dominican republic,100,high,node,hotel,
node/4037102403,OpenStreetMap,osm,ODbL,https://www.openstreetmap.org/node/4037102403,Kasablanka,,,Dominican Republic,18.0207065,-71.1406666,,,LAS AHU ENAS,osm-dominican-republic-hotel-focused-2026-05-20,2026-05-20T19:38:55.292Z,pending,none,needs_research,kasablanka|18.0207|-71.1407,65,medium,node,guest_house,missingCity; missingWebsite; missingPhone
node/4089100900,OpenStreetMap,osm,ODbL,https://www.openstreetmap.org/node/4089100900,Hotel Belta Mar,"Avenida España, Santo Domingo",Santo Domingo,Dominican Republic,18.4687962,-69.8444762,,,,osm-dominican-republic-hotel-focused-2026-05-20,2026-05-20T19:38:55.292Z,pending,none,needs_research,hotel belta mar|santo domingo|dominican republic,75,high,node,hotel,missingWebsite; missingPhone
node/4090479282,OpenStreetMap,osm,ODbL,https://www.openstreetmap.org/node/4090479282,Motel Ximara,André,André,Dominican Republic,18.4478916,-69.6341695,,,,osm-dominican-republic-hotel-focused-2026-05-20,2026-05-20T19:38:55.292Z,pending,none,needs_research,motel ximara|andre|dominican republic,75,high,node,motel,missingWebsite; missingPhone
node/4105320791,OpenStreetMap,osm,ODbL,https://www.openstreetmap.org/node/4105320791,Dan y Manty's Hostel and Guesthouse,105,,Dominican Republic,19.3148624,-69.5407682,lasterrenashostels.com,+18498735742,,osm-dominican-republic-hotel-focused-2026-05-20,2026-05-20T19:38:55.292Z,pending,none,needs_research,dan y manty's hostel and guesthouse|19.3149|-69.5408,85,high,node,guest_house,missingCity
node/4105363389,OpenStreetMap,osm,ODbL,https://www.openstreetmap.org/node/4105363389,Dan and Manty's Guesthouse and Hostel,105 Nuestra Señora del Carmen,,Dominican Republic,19.3148871,-69.5407538,lasterrenashostels.com,+18498735742,,osm-dominican-republic-hotel-focused-2026-05-20,2026-05-20T19:38:55.292Z,pending,none,needs_research,dan and manty's guesthouse and hostel|19.3149|-69.5408,85,high,node,guest_house,missingCity
node/4114901553,OpenStreetMap,osm,ODbL,https://www.openstreetmap.org/node/4114901553,GAVA hostel,"Calle Russia, Bavaro - Punta Cana, 23000",Bavaro - Punta Cana,Dominican Republic,18.6855537,-68.4208871,,,,osm-dominican-republic-hotel-focused-2026-05-20,2026-05-20T19:38:55.292Z,pending,none,needs_research,gava hostel|bavaro - punta cana|dominican republic,75,high,node,hostel,missingWebsite; missingPhone
node/4122705989,OpenStreetMap,osm,ODbL,https://www.openstreetmap.org/node/4122705989,Residence Paradise Hotel,15 Juan Bautista Vicini,,Dominican Republic,18.4496599,-69.6095399,,+18097055254,,osm-dominican-republic-hotel-focused-2026-05-20,2026-05-20T19:38:55.292Z,pending,none,needs_research,residence paradise hotel|18.4497|-69.6095,70,high,node,hotel,missingCity; missingWebsite
node/4124230260,OpenStreetMap,osm,ODbL,https://www.openstreetmap.org/node/4124230260,Hotel Espinal,,,Dominican Republic,19.4527626,-70.709734,,,,osm-dominican-republic-hotel-focused-2026-05-20,2026-05-20T19:38:55.292Z,pending,none,needs_research,hotel espinal|19.4528|-70.7097,55,medium,node,hotel,missingCity; missingWebsite; missingPhone
node/4131250990,OpenStreetMap,osm,ODbL,https://www.openstreetmap.org/node/4131250990,hotel el príncipe,,,Dominican Republic,18.494392,-69.909476,,,,osm-dominican-republic-hotel-focused-2026-05-20,2026-05-20T19:38:55.292Z,pending,none,needs_research,hotel el principe|18.4944|-69.9095,55,medium,node,hotel,missingCity; missingWebsite; missingPhone
node/4162401789,OpenStreetMap,osm,ODbL,https://www.openstreetmap.org/node/4162401789,Residencial Costa Azul,Calle Rojas Alou,,Dominican Republic,18.4221923,-69.9945136,,,,osm-dominican-republic-hotel-focused-2026-05-20,2026-05-20T19:38:55.292Z,pending,none,needs_research,residencial costa azul|18.4222|-69.9945,60,medium,node,guest_house,missingCity; missingWebsite; missingPhone
node/4178501205,OpenStreetMap,osm,ODbL,https://www.openstreetmap.org/node/4178501205,Hostal Don Gregor,#74 Duarte,,Dominican Republic,18.4482138,-69.6116162,,,,osm-dominican-republic-hotel-focused-2026-05-20,2026-05-20T19:38:55.292Z,pending,none,needs_research,hostal don gregor|18.4482|-69.6116,60,medium,node,hotel,missingCity; missingWebsite; missingPhone
node/4202607890,OpenStreetMap,osm,ODbL,https://www.openstreetmap.org/node/4202607890,Villa Taina,Samaná - Puerto Plata,,Dominican Republic,19.7497256,-70.409317,,8095710722,,osm-dominican-republic-hotel-focused-2026-05-20,2026-05-20T19:38:55.292Z,pending,none,needs_research,villa taina|19.7497|-70.4093,70,high,node,hotel,missingCity; missingWebsite
node/4207688396,OpenStreetMap,osm,ODbL,https://www.openstreetmap.org/node/4207688396,Hotel Century Plaza,,,Dominican Republic,19.4492018,-70.664905,,,,osm-dominican-republic-hotel-focused-2026-05-20,2026-05-20T19:38:55.292Z,pending,none,needs_research,hotel century plaza|19.4492|-70.6649,55,medium,node,hotel,missingCity; missingWebsite; missingPhone
node/4214843120,OpenStreetMap,osm,ODbL,https://www.openstreetmap.org/node/4214843120,El Pelicano Apart-Hotel,"Calle Jimi Hendrix, Las Galeras, 32000",Las Galeras,Dominican Republic,19.2939772,-69.2033384,https://www.elpelicanosamana.com/,+1 8099621246,,osm-dominican-republic-hotel-focused-2026-05-20,2026-05-20T19:38:55.292Z,pending,none,needs_research,el pelicano apart-hotel|las galeras|dominican republic,100,high,node,hotel,
node/4214864111,OpenStreetMap,osm,ODbL,https://www.openstreetmap.org/node/4214864111,Las Galeras Village,"Calle a la Planta, Las Galeras, 32000",Las Galeras,Dominican Republic,19.2795593,-69.2098194,https://www.lasgalerasvillage.com/,+1-829-944-8499,Sergio Boschetti,osm-dominican-republic-hotel-focused-2026-05-20,2026-05-20T19:38:55.292Z,pending,none,needs_research,las galeras village|las galeras|dominican republic,100,high,node,hotel,
node/4239744248,OpenStreetMap,osm,ODbL,https://www.openstreetmap.org/node/4239744248,Cofresi Palm,,,Dominican Republic,19.8187231,-70.7303509,,,,osm-dominican-republic-hotel-focused-2026-05-20,2026-05-20T19:38:55.292Z,pending,none,needs_research,cofresi palm|19.8187|-70.7304,55,medium,node,hotel,missingCity; missingWebsite; missingPhone
node/4246303893,OpenStreetMap,osm,ODbL,https://www.openstreetmap.org/node/4246303893,Cabaña Rubí,"San Francisco - Las Guáranas, Duarte, 33000",Duarte,Dominican Republic,19.2614627,-70.2214797,,,,osm-dominican-republic-hotel-focused-2026-05-20,2026-05-20T19:38:55.292Z,pending,none,needs_research,cabana rubi|duarte|dominican republic,75,high,node,hotel,missingWebsite; missingPhone
node/4268870091,OpenStreetMap,osm,ODbL,https://www.openstreetmap.org/node/4268870091,Melia Caribe Tropical,"Playa Bavaro, 23301",,Dominican Republic,18.6735715,-68.4072849,,,,osm-dominican-republic-hotel-focused-2026-05-20,2026-05-20T19:38:55.292Z,pending,none,needs_research,melia caribe tropical|18.6736|-68.4073,60,medium,node,hotel,missingCity; missingWebsite; missingPhone
node/4291376989,OpenStreetMap,osm,ODbL,https://www.openstreetmap.org/node/4291376989,La Castilla,,,Dominican Republic,18.471584,-69.8865798,http://lacastillacolonial.com,,,osm-dominican-republic-hotel-focused-2026-05-20,2026-05-20T19:38:55.292Z,pending,none,needs_research,la castilla|18.4716|-69.8866,70,high,node,hotel,missingCity; missingPhone
node/4317234196,OpenStreetMap,osm,ODbL,https://www.openstreetmap.org/node/4317234196,Casa Sanchez Boutique Hotel,260 Calle Sanchez,,Dominican Republic,18.4731004,-69.8890039,,,,osm-dominican-republic-hotel-focused-2026-05-20,2026-05-20T19:38:55.292Z,pending,none,needs_research,casa sanchez boutique hotel|18.4731|-69.889,60,medium,node,hotel,missingCity; missingWebsite; missingPhone
node/4331249886,OpenStreetMap,osm,ODbL,https://www.openstreetmap.org/node/4331249886,Sonido del Yaque,,,Dominican Republic,19.0774059,-70.7257795,,,,osm-dominican-republic-hotel-focused-2026-05-20,2026-05-20T19:38:55.292Z,pending,none,needs_research,sonido del yaque|19.0774|-70.7258,55,medium,node,hotel,missingCity; missingWebsite; missingPhone
node/4367302200,OpenStreetMap,osm,ODbL,https://www.openstreetmap.org/node/4367302200,Marianela,,,Dominican Republic,18.5805495,-70.767523,,,,osm-dominican-republic-hotel-focused-2026-05-20,2026-05-20T19:38:55.292Z,pending,none,needs_research,marianela|18.5805|-70.7675,55,medium,node,guest_house,missingCity; missingWebsite; missingPhone
node/4368198266,OpenStreetMap,osm,ODbL,https://www.openstreetmap.org/node/4368198266,Tubagua Plantation Eco Lodge,,,Dominican Republic,19.6796537,-70.6176838,https://www.tubagua.com/,809 6966932,,osm-dominican-republic-hotel-focused-2026-05-20,2026-05-20T19:38:55.292Z,pending,none,needs_research,tubagua plantation eco lodge|19.6797|-70.6177,80,high,node,hotel,missingCity
node/4379236990,OpenStreetMap,osm,ODbL,https://www.openstreetmap.org/node/4379236990,Res. Las Canas,Hatillo Champaña,,Dominican Republic,18.4908731,-70.0046561,,,,osm-dominican-republic-hotel-focused-2026-05-20,2026-05-20T19:38:55.292Z,pending,none,needs_research,res. las canas|18.4909|-70.0047,60,medium,node,motel,missingCity; missingWebsite; missingPhone
node/4408964472,OpenStreetMap,osm,ODbL,https://www.openstreetmap.org/node/4408964472,Paramount Hotel 40,,,Dominican Republic,17.9579896,-71.1837581,,,,osm-dominican-republic-hotel-focused-2026-05-20,2026-05-20T19:38:55.292Z,pending,none,needs_research,paramount hotel 40|17.958|-71.1838,55,medium,node,hotel,missingCity; missingWebsite; missingPhone
node/4413183691,OpenStreetMap,osm,ODbL,https://www.openstreetmap.org/node/4413183691,El Gran Nelson,San Vincente de Paul,,Dominican Republic,18.488365,-69.8508784,,,,osm-dominican-republic-hotel-focused-2026-05-20,2026-05-20T19:38:55.292Z,pending,none,needs_research,el gran nelson|18.4884|-69.8509,60,medium,node,hotel,missingCity; missingWebsite; missingPhone
node/4414072089,OpenStreetMap,osm,ODbL,https://www.openstreetmap.org/node/4414072089,Boca Chica Beach,Dr Jose F. Peña Gomez,,Dominican Republic,18.4509343,-69.6058861,,,,osm-dominican-republic-hotel-focused-2026-05-20,2026-05-20T19:38:55.292Z,pending,none,needs_research,boca chica beach|18.4509|-69.6059,60,medium,node,hotel,missingCity; missingWebsite; missingPhone
node/4414414490,OpenStreetMap,osm,ODbL,https://www.openstreetmap.org/node/4414414490,Hotel Novus Caoba,"Estanislao Reyes, 54000",,Dominican Republic,19.5631291,-71.0723036,,8095723856,,osm-dominican-republic-hotel-focused-2026-05-20,2026-05-20T19:38:55.292Z,pending,none,needs_research,hotel novus caoba|19.5631|-71.0723,70,high,node,hotel,missingCity; missingWebsite
node/4418061395,OpenStreetMap,osm,ODbL,https://www.openstreetmap.org/node/4418061395,Boca Chica Beach,,,Dominican Republic,18.4505184,-69.6063194,,,,osm-dominican-republic-hotel-focused-2026-05-20,2026-05-20T19:38:55.292Z,pending,none,needs_research,boca chica beach|18.4505|-69.6063,55,medium,node,hotel,missingCity; missingWebsite; missingPhone
node/4419741355,OpenStreetMap,osm,ODbL,https://www.openstreetmap.org/node/4419741355,Villa Ibiscus,Calle Chalet Tropical,,Dominican Republic,19.2951636,-69.2035488,https://www.cariway.com/,+ 1 809 9621246,,osm-dominican-republic-hotel-focused-2026-05-20,2026-05-20T19:38:55.292Z,pending,none,needs_research,villa ibiscus|19.2952|-69.2035,85,high,node,hotel,missingCity
node/4425294491,OpenStreetMap,osm,ODbL,https://www.openstreetmap.org/node/4425294491,sea & garden realty,,,Dominican Republic,18.4514986,-69.608666,,,,osm-dominican-republic-hotel-focused-2026-05-20,2026-05-20T19:38:55.292Z,pending,none,needs_research,sea & garden realty|18.4515|-69.6087,55,medium,node,hotel,missingCity; missingWebsite; missingPhone
node/4425298692,OpenStreetMap,osm,ODbL,https://www.openstreetmap.org/node/4425298692,hotel magic tropical,jose de Jesús lutriano,,Dominican Republic,18.4511922,-69.6079223,,(809) 523-4254,,osm-dominican-republic-hotel-focused-2026-05-20,2026-05-20T19:38:55.292Z,pending,none,needs_research,hotel magic tropical|18.4512|-69.6079,70,high,node,hotel,missingCity; missingWebsite
node/4429212789,OpenStreetMap,osm,ODbL,https://www.openstreetmap.org/node/4429212789,Tahiti Apartahotel,51000,,Dominican Republic,19.4354294,-70.6302069,,,,osm-dominican-republic-hotel-focused-2026-05-20,2026-05-20T19:38:55.292Z,pending,none,needs_research,tahiti apartahotel|19.4354|-70.6302,60,medium,node,hotel,missingCity; missingWebsite; missingPhone
node/4438429730,OpenStreetMap,osm,ODbL,https://www.openstreetmap.org/node/4438429730,Villa Ixora,Calle Chalet Tropical,,Dominican Republic,19.2952241,-69.2041005,https://www.cariway.com/,+1 809 962 1246,,osm-dominican-republic-hotel-focused-2026-05-20,2026-05-20T19:38:55.292Z,pending,none,needs_research,villa ixora|19.2952|-69.2041,85,high,node,hotel,missingCity
node/4438479511,OpenStreetMap,osm,ODbL,https://www.openstreetmap.org/node/4438479511,Villa Flamboyan,Calle Chalet Tropical,,Dominican Republic,19.2952278,-69.2039663,https://www.cariway.com/,+1 809 9621246,,osm-dominican-republic-hotel-focused-2026-05-20,2026-05-20T19:38:55.292Z,pending,none,needs_research,villa flamboyan|19.2952|-69.204,85,high,node,hotel,missingCity
node/4438479996,OpenStreetMap,osm,ODbL,https://www.openstreetmap.org/node/4438479996,Jasmine La Playita,Calle Chalet Tropical,,Dominican Republic,19.2952278,-69.203918,https://www.cariway.com/,+1 809 962 1246,,osm-dominican-republic-hotel-focused-2026-05-20,2026-05-20T19:38:55.292Z,pending,none,needs_research,jasmine la playita|19.2952|-69.2039,85,high,node,hotel,missingCity
node/4438901904,OpenStreetMap,osm,ODbL,https://www.openstreetmap.org/node/4438901904,Aparta Hotel Losta Linda,1 Abrahan Ñuñez,,Dominican Republic,18.4474494,-69.6084,,,,osm-dominican-republic-hotel-focused-2026-05-20,2026-05-20T19:38:55.292Z,pending,none,needs_research,aparta hotel losta linda|18.4474|-69.6084,60,medium,node,hotel,missingCity; missingWebsite; missingPhone
node/4439105995,OpenStreetMap,osm,ODbL,https://www.openstreetmap.org/node/4439105995,CARIBE TROPICAL & PRINCESS,,,Dominican Republic,18.7004206,-68.4444265,,,,osm-dominican-republic-hotel-focused-2026-05-20,2026-05-20T19:38:55.292Z,pending,none,needs_research,caribe tropical & princess|18.7004|-68.4444,55,medium,node,hotel,missingCity; missingWebsite; missingPhone
node/4449225891,OpenStreetMap,osm,ODbL,https://www.openstreetmap.org/node/4449225891,Mi Frontera,,,Dominican Republic,18.0325564,-71.7335373,,,,osm-dominican-republic-hotel-focused-2026-05-20,2026-05-20T19:38:55.292Z,pending,none,needs_research,mi frontera|18.0326|-71.7335,55,medium,node,hotel,missingCity; missingWebsite; missingPhone
node/4455315990,OpenStreetMap,osm,ODbL,https://www.openstreetmap.org/node/4455315990,Hotel Valle Nuevo,Calle Gratereaux,,Dominican Republic,18.9046306,-70.7459359,,,,osm-dominican-republic-hotel-focused-2026-05-20,2026-05-20T19:38:55.292Z,pending,none,needs_research,hotel valle nuevo|18.9046|-70.7459,60,medium,node,hotel,missingCity; missingWebsite; missingPhone
node/4463815191,OpenStreetMap,osm,ODbL,https://www.openstreetmap.org/node/4463815191,El Viajante,,,Dominican Republic,18.5947169,-68.4533731,,,,osm-dominican-republic-hotel-focused-2026-05-20,2026-05-20T19:38:55.292Z,pending,none,needs_research,el viajante|18.5947|-68.4534,55,medium,node,hotel,missingCity; missingWebsite; missingPhone
node/4476137645,OpenStreetMap,osm,ODbL,https://www.openstreetmap.org/node/4476137645,Chronos Aparta Hotel,,,Dominican Republic,19.4784768,-70.5980413,,,,osm-dominican-republic-hotel-focused-2026-05-20,2026-05-20T19:38:55.292Z,pending,none,needs_research,chronos aparta hotel|19.4785|-70.598,55,medium,node,hotel,missingCity; missingWebsite; missingPhone
node/4478889890,OpenStreetMap,osm,ODbL,https://www.openstreetmap.org/node/4478889890,hotel,,,Dominican Republic,18.4065303,-70.14834,,,,osm-dominican-republic-hotel-focused-2026-05-20,2026-05-20T19:38:55.292Z,pending,none,needs_research,hotel|18.4065|-70.1483,55,medium,node,hotel,missingCity; missingWebsite; missingPhone
node/4481983591,OpenStreetMap,osm,ODbL,https://www.openstreetmap.org/node/4481983591,Casa de Evans,"8095709040 Calle Real Tamboril, 51500",,Dominican Republic,19.4855884,-70.6095432,,,,osm-dominican-republic-hotel-focused-2026-05-20,2026-05-20T19:38:55.292Z,pending,none,needs_research,casa de evans|19.4856|-70.6095,60,medium,node,guest_house,missingCity; missingWebsite; missingPhone
node/4483195390,OpenStreetMap,osm,ODbL,https://www.openstreetmap.org/node/4483195390,kapi,,,Dominican Republic,18.4530237,-69.604337,,,,osm-dominican-republic-hotel-focused-2026-05-20,2026-05-20T19:38:55.292Z,pending,none,needs_research,kapi|18.453|-69.6043,55,medium,node,motel,missingCity; missingWebsite; missingPhone
node/4494584099,OpenStreetMap,osm,ODbL,https://www.openstreetmap.org/node/4494584099,La Estancia Golf Resort,,,Dominican Republic,18.4415076,-68.8654727,,,,osm-dominican-republic-hotel-focused-2026-05-20,2026-05-20T19:38:55.292Z,pending,none,needs_research,la estancia golf resort|18.4415|-68.8655,55,medium,node,hotel,missingCity; missingWebsite; missingPhone
node/4511839291,OpenStreetMap,osm,ODbL,https://www.openstreetmap.org/node/4511839291,Yonu,,,Dominican Republic,18.5965498,-68.4433022,,,,osm-dominican-republic-hotel-focused-2026-05-20,2026-05-20T19:38:55.292Z,pending,none,needs_research,yonu|18.5965|-68.4433,55,medium,node,hotel,missingCity; missingWebsite; missingPhone
node/4543399590,OpenStreetMap,osm,ODbL,https://www.openstreetmap.org/node/4543399590,Mi casa,,,Dominican Republic,18.2043478,-71.0929643,,,,osm-dominican-republic-hotel-focused-2026-05-20,2026-05-20T19:38:55.292Z,pending,none,needs_research,mi casa|18.2043|-71.093,55,medium,node,guest_house,missingCity; missingWebsite; missingPhone
node/4557149392,OpenStreetMap,osm,ODbL,https://www.openstreetmap.org/node/4557149392,14 de junio,,,Dominican Republic,18.9111596,-70.7458209,,,,osm-dominican-republic-hotel-focused-2026-05-20,2026-05-20T19:38:55.292Z,pending,none,needs_research,14 de junio|18.9112|-70.7458,55,medium,node,hotel,missingCity; missingWebsite; missingPhone
node/4559226076,OpenStreetMap,osm,ODbL,https://www.openstreetmap.org/node/4559226076,Centro Educativo Albergue Divino Niño Jesús,,,Dominican Republic,18.5229235,-69.865567,,,,osm-dominican-republic-hotel-focused-2026-05-20,2026-05-20T19:38:55.292Z,pending,none,needs_research,centro educativo albergue divino nino jesus|18.5229|-69.8656,55,medium,node,hostel,missingCity; missingWebsite; missingPhone
node/4573520294,OpenStreetMap,osm,ODbL,https://www.openstreetmap.org/node/4573520294,El Mundo del Amor,,,Dominican Republic,18.4972844,-69.9220089,,,,osm-dominican-republic-hotel-focused-2026-05-20,2026-05-20T19:38:55.292Z,pending,none,needs_research,el mundo del amor|18.4973|-69.922,55,medium,node,hotel,missingCity; missingWebsite; missingPhone
node/4574256090,OpenStreetMap,osm,ODbL,https://www.openstreetmap.org/node/4574256090,Res. Kamila,14 Viento Mistral,,Dominican Republic,18.4330214,-69.9721399,,,,osm-dominican-republic-hotel-focused-2026-05-20,2026-05-20T19:38:55.292Z,pending,none,needs_research,res. kamila|18.433|-69.9721,60,medium,node,guest_house,missingCity; missingWebsite; missingPhone
node/4574256989,OpenStreetMap,osm,ODbL,https://www.openstreetmap.org/node/4574256989,Res. Porto Bello,Avenida República De Argentina,,Dominican Republic,19.4507747,-70.6776376,,,,osm-dominican-republic-hotel-focused-2026-05-20,2026-05-20T19:38:55.292Z,pending,none,needs_research,res. porto bello|19.4508|-70.6776,60,medium,node,guest_house,missingCity; missingWebsite; missingPhone
node/4576227595,OpenStreetMap,osm,ODbL,https://www.openstreetmap.org/node/4576227595,fata morgana,,,Dominican Republic,19.3083697,-69.5530541,http://fatamorganalasterrenas.com,8098365541,Edit de jong,osm-dominican-republic-hotel-focused-2026-05-20,2026-05-20T19:38:55.292Z,pending,none,needs_research,fata morgana|19.3084|-69.5531,90,high,node,hotel,missingCity
node/4580475290,OpenStreetMap,osm,ODbL,https://www.openstreetmap.org/node/4580475290,Las Galeras Island Hostel,,,Dominican Republic,19.2792321,-69.2020456,http://tropicalislandbb.com/LasGalerasIslandHostel.htm,8292762592,Jose Miguel,osm-dominican-republic-hotel-focused-2026-05-20,2026-05-20T19:38:55.292Z,pending,none,needs_research,las galeras island hostel|19.2792|-69.202,90,high,node,hostel,missingCity
node/4581697230,OpenStreetMap,osm,ODbL,https://www.openstreetmap.org/node/4581697230,Kite Boarding School Cabarete,Samaná - Puerto Plata,,Dominican Republic,19.7626757,-70.4220309,,,,osm-dominican-republic-hotel-focused-2026-05-20,2026-05-20T19:38:55.292Z,pending,none,needs_research,kite boarding school cabarete|19.7627|-70.422,60,medium,node,hotel,missingCity; missingWebsite; missingPhone
node/4590930889,OpenStreetMap,osm,ODbL,https://www.openstreetmap.org/node/4590930889,Defensa civil,,,Dominican Republic,18.9393312,-70.4019513,,,,osm-dominican-republic-hotel-focused-2026-05-20,2026-05-20T19:38:55.292Z,pending,none,needs_research,defensa civil|18.9393|-70.402,55,medium,node,guest_house,missingCity; missingWebsite; missingPhone
node/4595203289,OpenStreetMap,osm,ODbL,https://www.openstreetmap.org/node/4595203289,Apartamento,,,Dominican Republic,18.9232148,-70.4154151,,,,osm-dominican-republic-hotel-focused-2026-05-20,2026-05-20T19:38:55.292Z,pending,none,needs_research,apartamento|18.9232|-70.4154,55,medium,node,guest_house,missingCity; missingWebsite; missingPhone
node/4599759989,OpenStreetMap,osm,ODbL,https://www.openstreetmap.org/node/4599759989,Chino Restaurant & Hotel,,,Dominican Republic,19.2052717,-69.3329586,,,,osm-dominican-republic-hotel-focused-2026-05-20,2026-05-20T19:38:55.292Z,pending,none,needs_research,chino restaurant & hotel|19.2053|-69.333,55,medium,node,hotel,missingCity; missingWebsite; missingPhone
node/4602678989,OpenStreetMap,osm,ODbL,https://www.openstreetmap.org/node/4602678989,Villa Alegría,7,,Dominican Republic,18.4104046,-68.9003023,,,,osm-dominican-republic-hotel-focused-2026-05-20,2026-05-20T19:38:55.292Z,pending,none,needs_research,villa alegria|18.4104|-68.9003,60,medium,node,guest_house,missingCity; missingWebsite; missingPhone
node/4610643992,OpenStreetMap,osm,ODbL,https://www.openstreetmap.org/node/4610643992,Hotel Kaoba,,,Dominican Republic,19.7492994,-70.410094,,,,osm-dominican-republic-hotel-focused-2026-05-20,2026-05-20T19:38:55.292Z,pending,none,needs_research,hotel kaoba|19.7493|-70.4101,55,medium,node,hotel,missingCity; missingWebsite; missingPhone
node/4638810890,OpenStreetMap,osm,ODbL,https://www.openstreetmap.org/node/4638810890,La Isabela,Los Hidalgos - Villa Isabela,,Dominican Republic,19.8238377,-71.0569574,,,,osm-dominican-republic-hotel-focused-2026-05-20,2026-05-20T19:38:55.292Z,pending,none,needs_research,la isabela|19.8238|-71.057,60,medium,node,hotel,missingCity; missingWebsite; missingPhone
node/4660748798,OpenStreetMap,osm,ODbL,https://www.openstreetmap.org/node/4660748798,Grand Bahia Principe Bavaro,,,Dominican Republic,18.721967,-68.4658096,,,,osm-dominican-republic-hotel-focused-2026-05-20,2026-05-20T19:38:55.292Z,pending,none,needs_research,grand bahia principe bavaro|18.722|-68.4658,55,medium,node,hotel,missingCity; missingWebsite; missingPhone
node/4660748808,OpenStreetMap,osm,ODbL,https://www.openstreetmap.org/node/4660748808,Grand Bahia Principe Aquamarine,,,Dominican Republic,18.7253891,-68.4640801,,,,osm-dominican-republic-hotel-focused-2026-05-20,2026-05-20T19:38:55.292Z,pending,none,needs_research,grand bahia principe aquamarine|18.7254|-68.4641,55,medium,node,hotel,missingCity; missingWebsite; missingPhone
node/4665843493,OpenStreetMap,osm,ODbL,https://www.openstreetmap.org/node/4665843493,Maunaloa Hotel y casino,,,Dominican Republic,18.4465038,-69.9286413,,,,osm-dominican-republic-hotel-focused-2026-05-20,2026-05-20T19:38:55.292Z,pending,none,needs_research,maunaloa hotel y casino|18.4465|-69.9286,55,medium,node,hotel,missingCity; missingWebsite; missingPhone
node/4674062489,OpenStreetMap,osm,ODbL,https://www.openstreetmap.org/node/4674062489,hotel Navarro,,,Dominican Republic,18.4656059,-69.8968155,,,,osm-dominican-republic-hotel-focused-2026-05-20,2026-05-20T19:38:55.292Z,pending,none,needs_research,hotel navarro|18.4656|-69.8968,55,medium,node,hotel,missingCity; missingWebsite; missingPhone
node/4687866270,OpenStreetMap,osm,ODbL,https://www.openstreetmap.org/node/4687866270,Villa Diana,,,Dominican Republic,19.2936587,-69.2034026,https://www.cariway.com/,+1 809 9621246,,osm-dominican-republic-hotel-focused-2026-05-20,2026-05-20T19:38:55.292Z,pending,none,needs_research,villa diana|19.2937|-69.2034,80,high,node,hotel,missingCity
node/4687868978,OpenStreetMap,osm,ODbL,https://www.openstreetmap.org/node/4687868978,Villa Maxime,Calle Chalet Tropical,,Dominican Republic,19.2952162,-69.2040274,https://www.cariway.com/,+18099621246,,osm-dominican-republic-hotel-focused-2026-05-20,2026-05-20T19:38:55.292Z,pending,none,needs_research,villa maxime|19.2952|-69.204,85,high,node,hotel,missingCity
node/4694290991,OpenStreetMap,osm,ODbL,https://www.openstreetmap.org/node/4694290991,Aunt's House,,,Dominican Republic,18.4826337,-69.8352688,,,,osm-dominican-republic-hotel-focused-2026-05-20,2026-05-20T19:38:55.292Z,pending,none,needs_research,aunt's house|18.4826|-69.8353,55,medium,node,guest_house,missingCity; missingWebsite; missingPhone
node/4696009189,OpenStreetMap,osm,ODbL,https://www.openstreetmap.org/node/4696009189,Miyoue's House,,,Dominican Republic,18.4789538,-69.7787572,,,,osm-dominican-republic-hotel-focused-2026-05-20,2026-05-20T19:38:55.292Z,pending,none,needs_research,miyoue's house|18.479|-69.7788,55,medium,node,guest_house,missingCity; missingWebsite; missingPhone
node/4698253090,OpenStreetMap,osm,ODbL,https://www.openstreetmap.org/node/4698253090,El Caribeño,,,Dominican Republic,18.4839593,-69.8927067,,,,osm-dominican-republic-hotel-focused-2026-05-20,2026-05-20T19:38:55.292Z,pending,none,needs_research,el caribeno|18.484|-69.8927,55,medium,node,hotel,missingCity; missingWebsite; missingPhone
node/4699506992,OpenStreetMap,osm,ODbL,https://www.openstreetmap.org/node/4699506992,La casa,809-736-1379,,Dominican Republic,19.4630218,-70.6420425,,8097361379,,osm-dominican-republic-hotel-focused-2026-05-20,2026-05-20T19:38:55.292Z,pending,none,needs_research,la casa|19.463|-70.642,70,high,node,guest_house,missingCity; missingWebsite
node/4702442791,OpenStreetMap,osm,ODbL,https://www.openstreetmap.org/node/4702442791,El Caribeño,,,Dominican Republic,18.4840603,-69.8926889,,,,osm-dominican-republic-hotel-focused-2026-05-20,2026-05-20T19:38:55.292Z,pending,none,needs_research,el caribeno|18.4841|-69.8927,55,medium,node,hotel,missingCity; missingWebsite; missingPhone
node/4712643689,OpenStreetMap,osm,ODbL,https://www.openstreetmap.org/node/4712643689,Moricete House,2 Calle Palma,,Dominican Republic,18.514577,-70.0043174,,,,osm-dominican-republic-hotel-focused-2026-05-20,2026-05-20T19:38:55.292Z,pending,none,needs_research,moricete house|18.5146|-70.0043,60,medium,node,guest_house,missingCity; missingWebsite; missingPhone
node/4713495592,OpenStreetMap,osm,ODbL,https://www.openstreetmap.org/node/4713495592,Casa edwardp,#56 Carretera Don Pedro,,Dominican Republic,19.4621414,-70.6425954,,8097361379,,osm-dominican-republic-hotel-focused-2026-05-20,2026-05-20T19:38:55.292Z,pending,none,needs_research,casa edwardp|19.4621|-70.6426,70,high,node,guest_house,missingCity; missingWebsite
node/4713682901,OpenStreetMap,osm,ODbL,https://www.openstreetmap.org/node/4713682901,Brisas de la Montaña,Federico Basilis,,Dominican Republic,19.1435679,-70.6098986,,,,osm-dominican-republic-hotel-focused-2026-05-20,2026-05-20T19:38:55.292Z,pending,none,needs_research,brisas de la montana|19.1436|-70.6099,60,medium,node,motel,missingCity; missingWebsite; missingPhone
node/4713827691,OpenStreetMap,osm,ODbL,https://www.openstreetmap.org/node/4713827691,Hotel Brisas del Yaque,Pelegrina Herrera,,Dominican Republic,19.1233074,-70.6430204,,,,osm-dominican-republic-hotel-focused-2026-05-20,2026-05-20T19:38:55.292Z,pending,none,needs_research,hotel brisas del yaque|19.1233|-70.643,60,medium,node,hotel,missingCity; missingWebsite; missingPhone
node/4715193291,OpenStreetMap,osm,ODbL,https://www.openstreetmap.org/node/4715193291,Francis house,,,Dominican Republic,18.4513563,-69.6509908,,,,osm-dominican-republic-hotel-focused-2026-05-20,2026-05-20T19:38:55.292Z,pending,none,needs_research,francis house|18.4514|-69.651,55,medium,node,guest_house,missingCity; missingWebsite; missingPhone
node/4719222390,OpenStreetMap,osm,ODbL,https://www.openstreetmap.org/node/4719222390,Glamourus Salon de eventos,,,Dominican Republic,19.4619796,-70.6542295,,,,osm-dominican-republic-hotel-focused-2026-05-20,2026-05-20T19:38:55.292Z,pending,none,needs_research,glamourus salon de eventos|19.462|-70.6542,55,medium,node,guest_house,missingCity; missingWebsite; missingPhone
node/4719780492,OpenStreetMap,osm,ODbL,https://www.openstreetmap.org/node/4719780492,Dany's House,,,Dominican Republic,18.5439138,-69.9067057,,,,osm-dominican-republic-hotel-focused-2026-05-20,2026-05-20T19:38:55.292Z,pending,none,needs_research,dany's house|18.5439|-69.9067,55,medium,node,guest_house,missingCity; missingWebsite; missingPhone
node/4719836692,OpenStreetMap,osm,ODbL,https://www.openstreetmap.org/node/4719836692,Hantz 's House,,,Dominican Republic,18.4603804,-69.9796638,,,,osm-dominican-republic-hotel-focused-2026-05-20,2026-05-20T19:38:55.292Z,pending,none,needs_research,hantz 's house|18.4604|-69.9797,55,medium,node,guest_house,missingCity; missingWebsite; missingPhone
node/4721514190,OpenStreetMap,osm,ODbL,https://www.openstreetmap.org/node/4721514190,tolentino PN,,,Dominican Republic,18.4685429,-69.682238,,,,osm-dominican-republic-hotel-focused-2026-05-20,2026-05-20T19:38:55.292Z,pending,none,needs_research,tolentino pn|18.4685|-69.6822,55,medium,node,guest_house,missingCity; missingWebsite; missingPhone
node/4724610560,OpenStreetMap,osm,ODbL,https://www.openstreetmap.org/node/4724610560,Villa Caribeña,,,Dominican Republic,19.2936306,-69.2014923,https://www.cariway.com/,+1 809 962 1246,,osm-dominican-republic-hotel-focused-2026-05-20,2026-05-20T19:38:55.292Z,pending,none,needs_research,villa caribena|19.2936|-69.2015,80,high,node,hotel,missingCity
node/4725033690,OpenStreetMap,osm,ODbL,https://www.openstreetmap.org/node/4725033690,Esmeralda,,,Dominican Republic,18.4630715,-69.9110295,,,,osm-dominican-republic-hotel-focused-2026-05-20,2026-05-20T19:38:55.292Z,pending,none,needs_research,esmeralda|18.4631|-69.911,55,medium,node,hotel,missingCity; missingWebsite; missingPhone
node/4728384589,OpenStreetMap,osm,ODbL,https://www.openstreetmap.org/node/4728384589,Cabañas Turísticas Dominicantica Spanish,Sabaneta - Villa Los Almácigos,,Dominican Republic,19.4611728,-71.3606088,,,,osm-dominican-republic-hotel-focused-2026-05-20,2026-05-20T19:38:55.292Z,pending,none,needs_research,cabanas turisticas dominicantica spanish|19.4612|-71.3606,60,medium,node,motel,missingCity; missingWebsite; missingPhone
node/4734649323,OpenStreetMap,osm,ODbL,https://www.openstreetmap.org/node/4734649323,Punta Rucia Lodge,A Punta Rucia,,Dominican Republic,19.8496291,-71.2126079,,8498588400,,osm-dominican-republic-hotel-focused-2026-05-20,2026-05-20T19:38:55.292Z,pending,none,needs_research,punta rucia lodge|19.8496|-71.2126,70,high,node,hotel,missingCity; missingWebsite
node/4737380481,OpenStreetMap,osm,ODbL,https://www.openstreetmap.org/node/4737380481,Hotel Puerto Plaza,,,Dominican Republic,19.3213841,-69.5407231,,,,osm-dominican-republic-hotel-focused-2026-05-20,2026-05-20T19:38:55.292Z,pending,none,needs_research,hotel puerto plaza|19.3214|-69.5407,55,medium,node,hotel,missingCity; missingWebsite; missingPhone
node/4739029122,OpenStreetMap,osm,ODbL,https://www.openstreetmap.org/node/4739029122,Sol Azul,,,Dominican Republic,19.2902953,-69.1977803,,,,osm-dominican-republic-hotel-focused-2026-05-20,2026-05-20T19:38:55.292Z,pending,none,needs_research,sol azul|19.2903|-69.1978,55,medium,node,hotel,missingCity; missingWebsite; missingPhone
node/4740698628,OpenStreetMap,osm,ODbL,https://www.openstreetmap.org/node/4740698628,Hotel sol de verano,,,Dominican Republic,18.5000107,-69.910898,,,,osm-dominican-republic-hotel-focused-2026-05-20,2026-05-20T19:38:55.292Z,pending,none,needs_research,hotel sol de verano|18.5|-69.9109,55,medium,node,hotel,missingCity; missingWebsite; missingPhone
node/4742281821,OpenStreetMap,osm,ODbL,https://www.openstreetmap.org/node/4742281821,Barrio los quemao bonao,Doctor Jose Francisco Pena Gomez,,Dominican Republic,18.8892884,-70.457728,,,,osm-dominican-republic-hotel-focused-2026-05-20,2026-05-20T19:38:55.292Z,pending,none,needs_research,barrio los quemao bonao|18.8893|-70.4577,60,medium,node,guest_house,missingCity; missingWebsite; missingPhone
node/4744188329,OpenStreetMap,osm,ODbL,https://www.openstreetmap.org/node/4744188329,La cueva,,,Dominican Republic,19.2777605,-69.1985518,,,,osm-dominican-republic-hotel-focused-2026-05-20,2026-05-20T19:38:55.292Z,pending,none,needs_research,la cueva|19.2778|-69.1986,55,medium,node,guest_house,missingCity; missingWebsite; missingPhone
node/4744190221,OpenStreetMap,osm,ODbL,https://www.openstreetmap.org/node/4744190221,Estancia Principe,Avenida Duarte,,Dominican Republic,19.8873207,-70.9649744,,,,osm-dominican-republic-hotel-focused-2026-05-20,2026-05-20T19:38:55.292Z,pending,none,needs_research,estancia principe|19.8873|-70.965,60,medium,node,hotel,missingCity; missingWebsite; missingPhone
node/4744190223,OpenStreetMap,osm,ODbL,https://www.openstreetmap.org/node/4744190223,Laguna Park Hostel,,,Dominican Republic,19.7446176,-70.4076488,,,,osm-dominican-republic-hotel-focused-2026-05-20,2026-05-20T19:38:55.292Z,pending,none,needs_research,laguna park hostel|19.7446|-70.4076,55,medium,node,hostel,missingCity; missingWebsite; missingPhone
node/4744190224,OpenStreetMap,osm,ODbL,https://www.openstreetmap.org/node/4744190224,La iguana,,,Dominican Republic,18.5696014,-71.7268985,,,,osm-dominican-republic-hotel-focused-2026-05-20,2026-05-20T19:38:55.292Z,pending,none,needs_research,la iguana|18.5696|-71.7269,55,medium,node,hotel,missingCity; missingWebsite; missingPhone
node/4753601222,OpenStreetMap,osm,ODbL,https://www.openstreetmap.org/node/4753601222,Palmetto Hotel,132 Juan Pablo Duarte,,Dominican Republic,19.4588138,-70.6803243,,8092414821,,osm-dominican-republic-hotel-focused-2026-05-20,2026-05-20T19:38:55.292Z,pending,none,needs_research,palmetto hotel|19.4588|-70.6803,70,high,node,hotel,missingCity; missingWebsite
node/4756073823,OpenStreetMap,osm,ODbL,https://www.openstreetmap.org/node/4756073823,Solazul,,,Dominican Republic,19.2902411,-69.1975967,http://www.elsolazul.com,+1829-882-8790,,osm-dominican-republic-hotel-focused-2026-05-20,2026-05-20T19:38:55.292Z,pending,none,needs_research,solazul|19.2902|-69.1976,80,high,node,guest_house,missingCity
node/4756935032,OpenStreetMap,osm,ODbL,https://www.openstreetmap.org/node/4756935032,Sassoue 's House,,,Dominican Republic,18.4604152,-69.9809856,,,,osm-dominican-republic-hotel-focused-2026-05-20,2026-05-20T19:38:55.292Z,pending,none,needs_research,sassoue 's house|18.4604|-69.981,55,medium,node,guest_house,missingCity; missingWebsite; missingPhone
node/4768918344,OpenStreetMap,osm,ODbL,https://www.openstreetmap.org/node/4768918344,Llave Del Mar Hotel,,,Dominican Republic,18.3688888,-68.8390795,,,,osm-dominican-republic-hotel-focused-2026-05-20,2026-05-20T19:38:55.292Z,pending,none,needs_research,llave del mar hotel|18.3689|-68.8391,55,medium,node,hotel,missingCity; missingWebsite; missingPhone
node/4777950921,OpenStreetMap,osm,ODbL,https://www.openstreetmap.org/node/4777950921,Maria 's House,,,Dominican Republic,18.486928,-69.8253787,,,,osm-dominican-republic-hotel-focused-2026-05-20,2026-05-20T19:38:55.292Z,pending,none,needs_research,maria 's house|18.4869|-69.8254,55,medium,node,guest_house,missingCity; missingWebsite; missingPhone
node/4785388022,OpenStreetMap,osm,ODbL,https://www.openstreetmap.org/node/4785388022,Sol Azul,,,Dominican Republic,19.2901024,-69.197649,http://www.elsolazul.com,,,osm-dominican-republic-hotel-focused-2026-05-20,2026-05-20T19:38:55.292Z,pending,none,needs_research,sol azul|19.2901|-69.1976,70,high,node,guest_house,missingCity; missingPhone
node/4787082928,OpenStreetMap,osm,ODbL,https://www.openstreetmap.org/node/4787082928,Maria ' s House,,,Dominican Republic,18.485645,-69.8224795,,,,osm-dominican-republic-hotel-focused-2026-05-20,2026-05-20T19:38:55.292Z,pending,none,needs_research,maria ' s house|18.4856|-69.8225,55,medium,node,guest_house,missingCity; missingWebsite; missingPhone
node/4787293524,OpenStreetMap,osm,ODbL,https://www.openstreetmap.org/node/4787293524,Villa Baya,,,Dominican Republic,18.3683538,-68.8382337,,,,osm-dominican-republic-hotel-focused-2026-05-20,2026-05-20T19:38:55.292Z,pending,none,needs_research,villa baya|18.3684|-68.8382,55,medium,node,hotel,missingCity; missingWebsite; missingPhone
node/4788290621,OpenStreetMap,osm,ODbL,https://www.openstreetmap.org/node/4788290621,Todo blanco,,,Dominican Republic,19.2916675,-69.1966238,,,,osm-dominican-republic-hotel-focused-2026-05-20,2026-05-20T19:38:55.292Z,pending,none,needs_research,todo blanco|19.2917|-69.1966,55,medium,node,hotel,missingCity; missingWebsite; missingPhone
node/4790764821,OpenStreetMap,osm,ODbL,https://www.openstreetmap.org/node/4790764821,Casa bella caribe,,,Dominican Republic,18.3677587,-68.8361046,,,,osm-dominican-republic-hotel-focused-2026-05-20,2026-05-20T19:38:55.292Z,pending,none,needs_research,casa bella caribe|18.3678|-68.8361,55,medium,node,hotel,missingCity; missingWebsite; missingPhone
node/4793271688,OpenStreetMap,osm,ODbL,https://www.openstreetmap.org/node/4793271688,White Sands Aparta Hotel,,,Dominican Republic,18.6685025,-68.4041836,,,,osm-dominican-republic-hotel-focused-2026-05-20,2026-05-20T19:38:55.292Z,pending,none,needs_research,white sands aparta hotel|18.6685|-68.4042,55,medium,node,hotel,missingCity; missingWebsite; missingPhone
node/4794193227,OpenStreetMap,osm,ODbL,https://www.openstreetmap.org/node/4794193227,Don Olivo,,,Dominican Republic,18.7579362,-69.245931,,,,osm-dominican-republic-hotel-focused-2026-05-20,2026-05-20T19:38:55.292Z,pending,none,needs_research,don olivo|18.7579|-69.2459,55,medium,node,hotel,missingCity; missingWebsite; missingPhone
node/4819701721,OpenStreetMap,osm,ODbL,https://www.openstreetmap.org/node/4819701721,Home,,,Dominican Republic,18.4600336,-69.9750993,,,,osm-dominican-republic-hotel-focused-2026-05-20,2026-05-20T19:38:55.292Z,pending,none,needs_research,home|18.46|-69.9751,55,medium,node,guest_house,missingCity; missingWebsite; missingPhone
node/4840627721,OpenStreetMap,osm,ODbL,https://www.openstreetmap.org/node/4840627721,Eco hotel Centro Verde,,,Dominican Republic,19.238806,-71.525251,,,,osm-dominican-republic-hotel-focused-2026-05-20,2026-05-20T19:38:55.292Z,pending,none,needs_research,eco hotel centro verde|19.2388|-71.5253,55,medium,node,guest_house,missingCity; missingWebsite; missingPhone
node/4844011423,OpenStreetMap,osm,ODbL,https://www.openstreetmap.org/node/4844011423,White Sands B&B,Espinal 2 Playa Bavaro,,Dominican Republic,18.6683749,-68.4041222,,8095046206,Lance & Marianna,osm-dominican-republic-hotel-focused-2026-05-20,2026-05-20T19:38:55.292Z,pending,none,needs_research,white sands b&b|18.6684|-68.4041,80,high,node,hotel,missingCity; missingWebsite
node/4850900022,OpenStreetMap,osm,ODbL,https://www.openstreetmap.org/node/4850900022,Bayahibe Guest House,,,Dominican Republic,18.3668985,-68.8395798,,,,osm-dominican-republic-hotel-focused-2026-05-20,2026-05-20T19:38:55.292Z,pending,none,needs_research,bayahibe guest house|18.3669|-68.8396,55,medium,node,guest_house,missingCity; missingWebsite; missingPhone
node/4856382922,OpenStreetMap,osm,ODbL,https://www.openstreetmap.org/node/4856382922,Cutty's House,,,Dominican Republic,18.4606422,-69.9787553,,,,osm-dominican-republic-hotel-focused-2026-05-20,2026-05-20T19:38:55.292Z,pending,none,needs_research,cutty's house|18.4606|-69.9788,55,medium,node,guest_house,missingCity; missingWebsite; missingPhone
node/4864427224,OpenStreetMap,osm,ODbL,https://www.openstreetmap.org/node/4864427224,Casa de minda,Santomé,,Dominican Republic,19.2300794,-69.6151896,,,,osm-dominican-republic-hotel-focused-2026-05-20,2026-05-20T19:38:55.292Z,pending,none,needs_research,casa de minda|19.2301|-69.6152,60,medium,node,guest_house,missingCity; missingWebsite; missingPhone
node/4867339721,OpenStreetMap,osm,ODbL,https://www.openstreetmap.org/node/4867339721,hotel central,,,Dominican Republic,19.3763273,-69.8472881,,,,osm-dominican-republic-hotel-focused-2026-05-20,2026-05-20T19:38:55.292Z,pending,none,needs_research,hotel central|19.3763|-69.8473,55,medium,node,hotel,missingCity; missingWebsite; missingPhone
node/4880615522,OpenStreetMap,osm,ODbL,https://www.openstreetmap.org/node/4880615522,Angee,,,Dominican Republic,19.4635507,-70.6998724,,,,osm-dominican-republic-hotel-focused-2026-05-20,2026-05-20T19:38:55.292Z,pending,none,needs_research,angee|19.4636|-70.6999,55,medium,node,guest_house,missingCity; missingWebsite; missingPhone
node/4882910121,OpenStreetMap,osm,ODbL,https://www.openstreetmap.org/node/4882910121,Primaveral,,,Dominican Republic,18.4714742,-69.8965941,,,,osm-dominican-republic-hotel-focused-2026-05-20,2026-05-20T19:38:55.292Z,pending,none,needs_research,primaveral|18.4715|-69.8966,55,medium,node,hotel,missingCity; missingWebsite; missingPhone
node/4889719121,OpenStreetMap,osm,ODbL,https://www.openstreetmap.org/node/4889719121,La Casa Amarilla,Calle Luna,,Dominican Republic,19.3095109,-69.4743037,http://www.la-casa-amarilla.com,,,osm-dominican-republic-hotel-focused-2026-05-20,2026-05-20T19:38:55.292Z,pending,none,needs_research,la casa amarilla|19.3095|-69.4743,75,high,node,guest_house,missingCity; missingPhone
node/4896032821,OpenStreetMap,osm,ODbL,https://www.openstreetmap.org/node/4896032821,Blas 33,27 Juan Alberto Sorio,,Dominican Republic,18.451125,-69.6102252,,8498374339,,osm-dominican-republic-hotel-focused-2026-05-20,2026-05-20T19:38:55.292Z,pending,none,needs_research,blas 33|18.4511|-69.6102,70,high,node,hotel,missingCity; missingWebsite
node/4901757124,OpenStreetMap,osm,ODbL,https://www.openstreetmap.org/node/4901757124,Asilo de Ancianos,,,Dominican Republic,19.3455301,-70.944095,,,,osm-dominican-republic-hotel-focused-2026-05-20,2026-05-20T19:38:55.292Z,pending,none,needs_research,asilo de ancianos|19.3455|-70.9441,55,medium,node,guest_house,missingCity; missingWebsite; missingPhone
node/4901959222,OpenStreetMap,osm,ODbL,https://www.openstreetmap.org/node/4901959222,Hotel Riu República,"El Macao Arena Gorda, 23000",,Dominican Republic,18.7329556,-68.4751796,https://www.riu.com/,+1 809-933-0101,,osm-dominican-republic-hotel-focused-2026-05-20,2026-05-20T19:38:55.292Z,pending,none,needs_research,hotel riu republica|18.733|-68.4752,85,high,node,hotel,missingCity
node/4906431721,OpenStreetMap,osm,ODbL,https://www.openstreetmap.org/node/4906431721,Hostal Casa 51,"51 Calle Sanchez, 10210",,Dominican Republic,18.4688886,-69.8876938,http://www.casa51guesthouse.com,8295947473,Bless Diaz,osm-dominican-republic-hotel-focused-2026-05-20,2026-05-20T19:38:55.292Z,pending,none,needs_research,hostal casa 51|18.4689|-69.8877,95,high,node,hostel,missingCity
node/4918991365,OpenStreetMap,osm,ODbL,https://www.openstreetmap.org/node/4918991365,Paradisus Punta cana,,,Dominican Republic,18.6771617,-68.4118325,,,,osm-dominican-republic-hotel-focused-2026-05-20,2026-05-20T19:38:55.292Z,pending,none,needs_research,paradisus punta cana|18.6772|-68.4118,55,medium,node,hotel,missingCity; missingWebsite; missingPhone
node/4938248923,OpenStreetMap,osm,ODbL,https://www.openstreetmap.org/node/4938248923,Finca Yajaira,,,Dominican Republic,19.7738539,-70.8691251,,,,osm-dominican-republic-hotel-focused-2026-05-20,2026-05-20T19:38:55.292Z,pending,none,needs_research,finca yajaira|19.7739|-70.8691,55,medium,node,guest_house,missingCity; missingWebsite; missingPhone
node/4938256423,OpenStreetMap,osm,ODbL,https://www.openstreetmap.org/node/4938256423,Finca tío rico,,,Dominican Republic,19.7721038,-70.8680313,,,,osm-dominican-republic-hotel-focused-2026-05-20,2026-05-20T19:38:55.292Z,pending,none,needs_research,finca tio rico|19.7721|-70.868,55,medium,node,guest_house,missingCity; missingWebsite; missingPhone
node/4943248421,OpenStreetMap,osm,ODbL,https://www.openstreetmap.org/node/4943248421,Seminario Nuestra Señora Las Mercedes,camino a duran,,Dominican Republic,19.4069637,-71.1626778,,,,osm-dominican-republic-hotel-focused-2026-05-20,2026-05-20T19:38:55.292Z,pending,none,needs_research,seminario nuestra senora las mercedes|19.407|-71.1627,60,medium,node,hostel,missingCity; missingWebsite; missingPhone
node/4944858821,OpenStreetMap,osm,ODbL,https://www.openstreetmap.org/node/4944858821,Club havana house renta de habitacion por noche,,,Dominican Republic,18.6130031,-68.41397,,+18096022302,,osm-dominican-republic-hotel-focused-2026-05-20,2026-05-20T19:38:55.292Z,pending,none,needs_research,club havana house renta de habitacion por noche|18.613|-68.414,65,medium,node,guest_house,missingCity; missingWebsite
node/4946633123,OpenStreetMap,osm,ODbL,https://www.openstreetmap.org/node/4946633123,casa Mari karina,,,Dominican Republic,18.502986,-69.8693982,,,,osm-dominican-republic-hotel-focused-2026-05-20,2026-05-20T19:38:55.292Z,pending,none,needs_research,casa mari karina|18.503|-69.8694,55,medium,node,guest_house,missingCity; missingWebsite; missingPhone
node/4947065426,OpenStreetMap,osm,ODbL,https://www.openstreetmap.org/node/4947065426,Sharon Palm beach,,,Dominican Republic,18.6860995,-68.4172726,,,,osm-dominican-republic-hotel-focused-2026-05-20,2026-05-20T19:38:55.292Z,pending,none,needs_research,sharon palm beach|18.6861|-68.4173,55,medium,node,hotel,missingCity; missingWebsite; missingPhone
node/4950101005,OpenStreetMap,osm,ODbL,https://www.openstreetmap.org/node/4950101005,Grand Palladium Bavaro Suites Resort & Spa,,,Dominican Republic,18.6944561,-68.4319551,,,,osm-dominican-republic-hotel-focused-2026-05-20,2026-05-20T19:38:55.292Z,pending,none,needs_research,grand palladium bavaro suites resort & spa|18.6945|-68.432,55,medium,node,hotel,missingCity; missingWebsite; missingPhone
node/4967005421,OpenStreetMap,osm,ODbL,https://www.openstreetmap.org/node/4967005421,Hotel Al Mare,"#69 Carretera Barahona-Paraíso Km12, 81000",,Dominican Republic,18.1202523,-71.0705712,https://www.booking.com/hotel/do/al-mare-barahona.es.html,8095102240,,osm-dominican-republic-hotel-focused-2026-05-20,2026-05-20T19:38:55.292Z,pending,none,needs_research,hotel al mare|18.1203|-71.0706,85,high,node,hotel,missingCity
node/4978572049,OpenStreetMap,osm,ODbL,https://www.openstreetmap.org/node/4978572049,Hôtel Atabey,San Antonio,,Dominican Republic,18.9849685,-69.0471159,,,,osm-dominican-republic-hotel-focused-2026-05-20,2026-05-20T19:38:55.292Z,pending,none,needs_research,hotel atabey|18.985|-69.0471,60,medium,node,hotel,missingCity; missingWebsite; missingPhone
node/4978573527,OpenStreetMap,osm,ODbL,https://www.openstreetmap.org/node/4978573527,Hotel Brenda,,,Dominican Republic,18.9843865,-69.0448798,,,,osm-dominican-republic-hotel-focused-2026-05-20,2026-05-20T19:38:55.292Z,pending,none,needs_research,hotel brenda|18.9844|-69.0449,55,medium,node,hotel,missingCity; missingWebsite; missingPhone
node/5002266421,OpenStreetMap,osm,ODbL,https://www.openstreetmap.org/node/5002266421,hotel guacamayos,Doctor Jose Francisco Pena Gomez,,Dominican Republic,18.8874406,-70.4484722,,,,osm-dominican-republic-hotel-focused-2026-05-20,2026-05-20T19:38:55.292Z,pending,none,needs_research,hotel guacamayos|18.8874|-70.4485,60,medium,node,motel,missingCity; missingWebsite; missingPhone
node/5002268121,OpenStreetMap,osm,ODbL,https://www.openstreetmap.org/node/5002268121,Rancho Guacamayos,"Doctor Jose Francisco Pena Gomez, BONAO",BONAO,Dominican Republic,18.8876368,-70.4484167,,,,osm-dominican-republic-hotel-focused-2026-05-20,2026-05-20T19:38:55.292Z,pending,none,needs_research,rancho guacamayos|bonao|dominican republic,75,high,node,motel,missingWebsite; missingPhone
node/5007285024,OpenStreetMap,osm,ODbL,https://www.openstreetmap.org/node/5007285024,Casa lisbeth,Calle Manzana 46 y 41,,Dominican Republic,18.4799232,-69.9928094,,,,osm-dominican-republic-hotel-focused-2026-05-20,2026-05-20T19:38:55.292Z,pending,none,needs_research,casa lisbeth|18.4799|-69.9928,60,medium,node,motel,missingCity; missingWebsite; missingPhone
node/5017189124,OpenStreetMap,osm,ODbL,https://www.openstreetmap.org/node/5017189124,Mena House,,,Dominican Republic,18.5088571,-69.9806642,,,,osm-dominican-republic-hotel-focused-2026-05-20,2026-05-20T19:38:55.292Z,pending,none,needs_research,mena house|18.5089|-69.9807,55,medium,node,guest_house,missingCity; missingWebsite; missingPhone
node/5025787021,OpenStreetMap,osm,ODbL,https://www.openstreetmap.org/node/5025787021,Hotel Esmeralda,,,Dominican Republic,18.4630606,-69.9109224,,,,osm-dominican-republic-hotel-focused-2026-05-20,2026-05-20T19:38:55.292Z,pending,none,needs_research,hotel esmeralda|18.4631|-69.9109,55,medium,node,hotel,missingCity; missingWebsite; missingPhone
node/5029505780,OpenStreetMap,osm,ODbL,https://www.openstreetmap.org/node/5029505780,Santo Domingo Bed & Breakfast,"11 Calle B Pichardo, Santo Domingo, 10209",Santo Domingo,Dominican Republic,18.4693415,-69.8950906,http://santodomingobb.com/,+1 809 807 7210,,osm-dominican-republic-hotel-focused-2026-05-20,2026-05-20T19:38:55.292Z,pending,none,needs_research,santo domingo bed & breakfast|santo domingo|dominican republic,100,high,node,guest_house,
node/5037222221,OpenStreetMap,osm,ODbL,https://www.openstreetmap.org/node/5037222221,Los Corales Village RECEPTION,,,Dominican Republic,18.6816378,-68.4141964,https://www.loscoralesvillage.com,+18099156584,Los Corales Village - Grupo Dos,osm-dominican-republic-hotel-focused-2026-05-20,2026-05-20T19:38:55.292Z,pending,none,needs_research,los corales village reception|18.6816|-68.4142,90,high,node,hotel,missingCity
node/5037222222,OpenStreetMap,osm,ODbL,https://www.openstreetmap.org/node/5037222222,Hotel Tropicana Deluxe,"Avenida Alemania, Punta Cana, DO",Punta Cana,DO,18.6833711,-68.4166244,tropicana-deluxe-do.book.direct,+1 849 8593737,,osm-dominican-republic-hotel-focused-2026-05-20,2026-05-20T19:38:55.292Z,pending,none,needs_research,hotel tropicana deluxe|punta cana|do,100,high,node,hotel,
node/5047214658,OpenStreetMap,osm,ODbL,https://www.openstreetmap.org/node/5047214658,HOTEL METROPOLITANO,Calle Dr. Dario Gomez,,Dominican Republic,19.4756214,-71.3445847,,,,osm-dominican-republic-hotel-focused-2026-05-20,2026-05-20T19:38:55.292Z,pending,none,needs_research,hotel metropolitano|19.4756|-71.3446,60,medium,node,hotel,missingCity; missingWebsite; missingPhone
node/5047235080,OpenStreetMap,osm,ODbL,https://www.openstreetmap.org/node/5047235080,HOTEL MARIEN,Av. Próceres de la Restauración,,Dominican Republic,19.4778461,-71.3397385,,,,osm-dominican-republic-hotel-focused-2026-05-20,2026-05-20T19:38:55.292Z,pending,none,needs_research,hotel marien|19.4778|-71.3397,60,medium,node,hotel,missingCity; missingWebsite; missingPhone
node/5047235081,OpenStreetMap,osm,ODbL,https://www.openstreetmap.org/node/5047235081,HOTEL DON CHUCHO,Av. Próceres de la Restauración,,Dominican Republic,19.4777027,-71.3391566,,,,osm-dominican-republic-hotel-focused-2026-05-20,2026-05-20T19:38:55.292Z,pending,none,needs_research,hotel don chucho|19.4777|-71.3392,60,medium,node,hotel,missingCity; missingWebsite; missingPhone
node/5047243323,OpenStreetMap,osm,ODbL,https://www.openstreetmap.org/node/5047243323,HOTEL LA PLAZA,Av. Próceres de la Restauración,,Dominican Republic,19.4802544,-71.332176,,,,osm-dominican-republic-hotel-focused-2026-05-20,2026-05-20T19:38:55.292Z,pending,none,needs_research,hotel la plaza|19.4803|-71.3322,60,medium,node,hotel,missingCity; missingWebsite; missingPhone
node/5060398041,OpenStreetMap,osm,ODbL,https://www.openstreetmap.org/node/5060398041,Plaza Lusitania,Calle Principal,,Dominican Republic,19.2912431,-69.1985263,https://www.cariway.com/,8099621246,,osm-dominican-republic-hotel-focused-2026-05-20,2026-05-20T19:38:55.292Z,pending,none,needs_research,plaza lusitania|19.2912|-69.1985,85,high,node,hotel,missingCity
node/5082013621,OpenStreetMap,osm,ODbL,https://www.openstreetmap.org/node/5082013621,Mxnc,Pedro A. Lluberes,,Dominican Republic,18.4751306,-69.9049402,,,,osm-dominican-republic-hotel-focused-2026-05-20,2026-05-20T19:38:55.292Z,pending,none,needs_research,mxnc|18.4751|-69.9049,60,medium,node,hostel,missingCity; missingWebsite; missingPhone
node/5103798423,OpenStreetMap,osm,ODbL,https://www.openstreetmap.org/node/5103798423,El Señorial,58 Vicini Burgos,,Dominican Republic,18.466038,-69.8953794,,8096874367,,osm-dominican-republic-hotel-focused-2026-05-20,2026-05-20T19:38:55.292Z,pending,none,needs_research,el senorial|18.466|-69.8954,70,high,node,hotel,missingCity; missingWebsite
node/5113439323,OpenStreetMap,osm,ODbL,https://www.openstreetmap.org/node/5113439323,Hotel Carmen,Carr. Belarminio Ramirez,,Dominican Republic,19.114861,-70.648381,,8295998646,,osm-dominican-republic-hotel-focused-2026-05-20,2026-05-20T19:38:55.292Z,pending,none,needs_research,hotel carmen|19.1149|-70.6484,70,high,node,hotel,missingCity; missingWebsite
node/5133859195,OpenStreetMap,osm,ODbL,https://www.openstreetmap.org/node/5133859195,Hotel Mercedes,,,Dominican Republic,19.4519522,-70.7061538,,,,osm-dominican-republic-hotel-focused-2026-05-20,2026-05-20T19:38:55.292Z,pending,none,needs_research,hotel mercedes|19.452|-70.7062,55,medium,node,hotel,missingCity; missingWebsite; missingPhone
node/5169979322,OpenStreetMap,osm,ODbL,https://www.openstreetmap.org/node/5169979322,Casa dylan,,,Dominican Republic,18.4789971,-69.8962791,,,,osm-dominican-republic-hotel-focused-2026-05-20,2026-05-20T19:38:55.292Z,pending,none,needs_research,casa dylan|18.479|-69.8963,55,medium,node,guest_house,missingCity; missingWebsite; missingPhone
node/5169980221,OpenStreetMap,osm,ODbL,https://www.openstreetmap.org/node/5169980221,Casa jazmin tía,,,Dominican Republic,18.5054544,-69.8921363,,,,osm-dominican-republic-hotel-focused-2026-05-20,2026-05-20T19:38:55.292Z,pending,none,needs_research,casa jazmin tia|18.5055|-69.8921,55,medium,node,guest_house,missingCity; missingWebsite; missingPhone
node/5180976697,OpenStreetMap,osm,ODbL,https://www.openstreetmap.org/node/5180976697,Plaza Lusitania,,,Dominican Republic,19.2912592,-69.1983641,https://www.cariway.com/,+18099621246,,osm-dominican-republic-hotel-focused-2026-05-20,2026-05-20T19:38:55.292Z,pending,none,needs_research,plaza lusitania|19.2913|-69.1984,80,high,node,hotel,missingCity
node/5181801658,OpenStreetMap,osm,ODbL,https://www.openstreetmap.org/node/5181801658,Amhsa Marina Grand Paradise Playa Dorada,,,Dominican Republic,19.7716769,-70.6417964,,,,osm-dominican-republic-hotel-focused-2026-05-20,2026-05-20T19:38:55.292Z,pending,none,needs_research,amhsa marina grand paradise playa dorada|19.7717|-70.6418,55,medium,node,hotel,missingCity; missingWebsite; missingPhone
node/5207508821,OpenStreetMap,osm,ODbL,https://www.openstreetmap.org/node/5207508821,Villa los Gorgones,"Calle Chalet Tropical, 32000",,Dominican Republic,19.2951819,-69.2035993,,8299448499,Hans De Schryver,osm-dominican-republic-hotel-focused-2026-05-20,2026-05-20T19:38:55.292Z,pending,none,needs_research,villa los gorgones|19.2952|-69.2036,80,high,node,guest_house,missingCity; missingWebsite
node/5210894623,OpenStreetMap,osm,ODbL,https://www.openstreetmap.org/node/5210894623,Capi festival,,,Dominican Republic,18.4296117,-69.9809129,,,,osm-dominican-republic-hotel-focused-2026-05-20,2026-05-20T19:38:55.292Z,pending,none,needs_research,capi festival|18.4296|-69.9809,55,medium,node,hotel,missingCity; missingWebsite; missingPhone
node/5213115020,OpenStreetMap,osm,ODbL,https://www.openstreetmap.org/node/5213115020,Hotel Bohío,,,Dominican Republic,18.9100146,-70.7450977,,,,osm-dominican-republic-hotel-focused-2026-05-20,2026-05-20T19:38:55.292Z,pending,none,needs_research,hotel bohio|18.91|-70.7451,55,medium,node,hotel,missingCity; missingWebsite; missingPhone
node/5217259622,OpenStreetMap,osm,ODbL,https://www.openstreetmap.org/node/5217259622,Cadaques Weare,,,Dominican Republic,18.3341948,-68.8123714,,,,osm-dominican-republic-hotel-focused-2026-05-20,2026-05-20T19:38:55.292Z,pending,none,needs_research,cadaques weare|18.3342|-68.8124,55,medium,node,hotel,missingCity; missingWebsite; missingPhone
node/5249076522,OpenStreetMap,osm,ODbL,https://www.openstreetmap.org/node/5249076522,Casa Cayuco,Boulevard Turístico del Atlántico,,Dominican Republic,19.2918406,-69.5686728,http://www.praderinmo.com,+18295761412,Elodie Prader,osm-dominican-republic-hotel-focused-2026-05-20,2026-05-20T19:38:55.292Z,pending,none,needs_research,casa cayuco|19.2918|-69.5687,95,high,node,guest_house,missingCity
node/5250624222,OpenStreetMap,osm,ODbL,https://www.openstreetmap.org/node/5250624222,"Calle 7, #4",4 Calle 7,,Dominican Republic,18.5362886,-69.9008978,,8493411683,,osm-dominican-republic-hotel-focused-2026-05-20,2026-05-20T19:38:55.292Z,pending,none,needs_research,"calle 7, #4|18.5363|-69.9009",70,high,node,guest_house,missingCity; missingWebsite
node/5261898622,OpenStreetMap,osm,ODbL,https://www.openstreetmap.org/node/5261898622,Casa de vilca (el toro),,,Dominican Republic,18.5220369,-69.6909623,,,,osm-dominican-republic-hotel-focused-2026-05-20,2026-05-20T19:38:55.292Z,pending,none,needs_research,casa de vilca (el toro)|18.522|-69.691,55,medium,node,guest_house,missingCity; missingWebsite; missingPhone
node/5277775422,OpenStreetMap,osm,ODbL,https://www.openstreetmap.org/node/5277775422,Casa de mami,,,Dominican Republic,18.8471702,-71.4115867,,,,osm-dominican-republic-hotel-focused-2026-05-20,2026-05-20T19:38:55.292Z,pending,none,needs_research,casa de mami|18.8472|-71.4116,55,medium,node,hostel,missingCity; missingWebsite; missingPhone
node/5280875644,OpenStreetMap,osm,ODbL,https://www.openstreetmap.org/node/5280875644,Hostal Rural Backpackers,"Polo, 81503",Polo,Dominican Republic,18.0893369,-71.2755343,https://web.facebook.com/hostalpolo/,829-852-6164,Vicente Sempere,osm-dominican-republic-hotel-focused-2026-05-20,2026-05-20T19:38:55.292Z,pending,none,needs_research,hostal rural backpackers|polo|dominican republic,100,high,node,hotel,
node/5324749024,OpenStreetMap,osm,ODbL,https://www.openstreetmap.org/node/5324749024,casa de raque,,,Dominican Republic,18.4895978,-69.98727,,,,osm-dominican-republic-hotel-focused-2026-05-20,2026-05-20T19:38:55.292Z,pending,none,needs_research,casa de raque|18.4896|-69.9873,55,medium,node,guest_house,missingCity; missingWebsite; missingPhone
node/5326175222,OpenStreetMap,osm,ODbL,https://www.openstreetmap.org/node/5326175222,Hostal Plaza Yu,,,Dominican Republic,18.4688116,-69.899986,,,,osm-dominican-republic-hotel-focused-2026-05-20,2026-05-20T19:38:55.292Z,pending,none,needs_research,hostal plaza yu|18.4688|-69.9,55,medium,node,hostel,missingCity; missingWebsite; missingPhone
node/5326175226,OpenStreetMap,osm,ODbL,https://www.openstreetmap.org/node/5326175226,Rancho Platón,,,Dominican Republic,18.0901534,-71.195743,,,,osm-dominican-republic-hotel-focused-2026-05-20,2026-05-20T19:38:55.292Z,pending,none,needs_research,rancho platon|18.0902|-71.1957,55,medium,node,hotel,missingCity; missingWebsite; missingPhone
node/5329844221,OpenStreetMap,osm,ODbL,https://www.openstreetmap.org/node/5329844221,Hostel laguna park,,,Dominican Republic,19.7446005,-70.4074073,,,,osm-dominican-republic-hotel-focused-2026-05-20,2026-05-20T19:38:55.292Z,pending,none,needs_research,hostel laguna park|19.7446|-70.4074,55,medium,node,hostel,missingCity; missingWebsite; missingPhone
node/5332349322,OpenStreetMap,osm,ODbL,https://www.openstreetmap.org/node/5332349322,korona hotel,,,Dominican Republic,19.7860223,-70.6872562,,,,osm-dominican-republic-hotel-focused-2026-05-20,2026-05-20T19:38:55.292Z,pending,none,needs_research,korona hotel|19.786|-70.6873,55,medium,node,hotel,missingCity; missingWebsite; missingPhone
node/5335310822,OpenStreetMap,osm,ODbL,https://www.openstreetmap.org/node/5335310822,Parador El Cachimbo de Mama,,,Dominican Republic,19.2083163,-70.5866872,,,,osm-dominican-republic-hotel-focused-2026-05-20,2026-05-20T19:38:55.292Z,pending,none,needs_research,parador el cachimbo de mama|19.2083|-70.5867,55,medium,node,hostel,missingCity; missingWebsite; missingPhone
node/5340908321,OpenStreetMap,osm,ODbL,https://www.openstreetmap.org/node/5340908321,sunset,,,Dominican Republic,19.2906183,-69.2111837,,,,osm-dominican-republic-hotel-focused-2026-05-20,2026-05-20T19:38:55.292Z,pending,none,needs_research,sunset|19.2906|-69.2112,55,medium,node,hostel,missingCity; missingWebsite; missingPhone
node/5343543031,OpenStreetMap,osm,ODbL,https://www.openstreetmap.org/node/5343543031,AHNVEE Resorts Spa,Pedro Clisante,,Dominican Republic,19.7707061,-70.5071945,https://ahnveeresort.com/,,,osm-dominican-republic-hotel-focused-2026-05-20,2026-05-20T19:38:55.292Z,pending,none,needs_research,ahnvee resorts spa|19.7707|-70.5072,75,high,node,hotel,missingCity; missingPhone
node/5354918621,OpenStreetMap,osm,ODbL,https://www.openstreetmap.org/node/5354918621,Rancho Platón,,,Dominican Republic,18.036017,-71.200801,,,,osm-dominican-republic-hotel-focused-2026-05-20,2026-05-20T19:38:55.292Z,pending,none,needs_research,rancho platon|18.036|-71.2008,55,medium,node,hotel,missingCity; missingWebsite; missingPhone
node/5399147196,OpenStreetMap,osm,ODbL,https://www.openstreetmap.org/node/5399147196,Hotel Zapata,27 Abraham Nunez,,Dominican Republic,18.4478916,-69.612764,,,,osm-dominican-republic-hotel-focused-2026-05-20,2026-05-20T19:38:55.292Z,pending,none,needs_research,hotel zapata|18.4479|-69.6128,60,medium,node,hotel,missingCity; missingWebsite; missingPhone
node/5405414236,OpenStreetMap,osm,ODbL,https://www.openstreetmap.org/node/5405414236,Casa Ruso,,,Dominican Republic,18.4252817,-69.4273844,,,,osm-dominican-republic-hotel-focused-2026-05-20,2026-05-20T19:38:55.292Z,pending,none,needs_research,casa ruso|18.4253|-69.4274,55,medium,node,hotel,missingCity; missingWebsite; missingPhone
node/5411042221,OpenStreetMap,osm,ODbL,https://www.openstreetmap.org/node/5411042221,Villa Alexandra,Calle Principal,,Dominican Republic,18.4301256,-69.3997058,http://juandolio.ru,,,osm-dominican-republic-hotel-focused-2026-05-20,2026-05-20T19:38:55.292Z,pending,none,needs_research,villa alexandra|18.4301|-69.3997,75,high,node,guest_house,missingCity; missingPhone
node/5434970048,OpenStreetMap,osm,ODbL,https://www.openstreetmap.org/node/5434970048,El Morro Eco Adventure Hotel,,,Dominican Republic,19.8870254,-71.6547015,https://www.elmorro.com.do/,,,osm-dominican-republic-hotel-focused-2026-05-20,2026-05-20T19:38:55.292Z,pending,none,needs_research,el morro eco adventure hotel|19.887|-71.6547,70,high,node,hotel,missingCity; missingPhone
node/5435064148,OpenStreetMap,osm,ODbL,https://www.openstreetmap.org/node/5435064148,Hotel La Saladilla Beach Club,,,Dominican Republic,18.1804281,-71.0721606,http://www.hotellasaladilla.com/,,,osm-dominican-republic-hotel-focused-2026-05-20,2026-05-20T19:38:55.292Z,pending,none,needs_research,hotel la saladilla beach club|18.1804|-71.0722,70,high,node,hotel,missingCity; missingPhone
node/5435135971,OpenStreetMap,osm,ODbL,https://www.openstreetmap.org/node/5435135971,Hotel Casa Hemingway,,,Dominican Republic,18.4300646,-69.3973797,,,,osm-dominican-republic-hotel-focused-2026-05-20,2026-05-20T19:38:55.292Z,pending,none,needs_research,hotel casa hemingway|18.4301|-69.3974,55,medium,node,hotel,missingCity; missingWebsite; missingPhone
node/5513968241,OpenStreetMap,osm,ODbL,https://www.openstreetmap.org/node/5513968241,The Reserve at Paradisus Palma Real,,,Dominican Republic,18.6744676,-68.4163828,,,,osm-dominican-republic-hotel-focused-2026-05-20,2026-05-20T19:38:55.292Z,pending,none,needs_research,the reserve at paradisus palma real|18.6745|-68.4164,55,medium,node,hotel,missingCity; missingWebsite; missingPhone
node/5565305910,OpenStreetMap,osm,ODbL,https://www.openstreetmap.org/node/5565305910,El Beaterio Guest House,8 Calle Duarte,,Dominican Republic,18.4714971,-69.8857359,,,,osm-dominican-republic-hotel-focused-2026-05-20,2026-05-20T19:38:55.292Z,pending,none,needs_research,el beaterio guest house|18.4715|-69.8857,60,medium,node,hotel,missingCity; missingWebsite; missingPhone
node/5595144823,OpenStreetMap,osm,ODbL,https://www.openstreetmap.org/node/5595144823,Swell Surf Camp,las Palmeras,,Dominican Republic,19.7496697,-70.4157005,https://swellsurfcamp.com/,,,osm-dominican-republic-hotel-focused-2026-05-20,2026-05-20T19:38:55.292Z,pending,none,needs_research,swell surf camp|19.7497|-70.4157,75,high,node,hotel,missingCity; missingPhone
node/5614046221,OpenStreetMap,osm,ODbL,https://www.openstreetmap.org/node/5614046221,Casa,,,Dominican Republic,19.4348271,-70.6647493,,,,osm-dominican-republic-hotel-focused-2026-05-20,2026-05-20T19:38:55.292Z,pending,none,needs_research,casa|19.4348|-70.6647,55,medium,node,guest_house,missingCity; missingWebsite; missingPhone
node/5648139622,OpenStreetMap,osm,ODbL,https://www.openstreetmap.org/node/5648139622,Hostal Mendez,"Calle AMELIA RICART, La Boruga, 10804, Dominican Republic, 10804",,Dominican Republic,18.5108946,-70.0154626,,+1 809-530-4177,,osm-dominican-republic-hotel-focused-2026-05-20,2026-05-20T19:38:55.292Z,pending,none,needs_research,hostal mendez|18.5109|-70.0155,70,high,node,guest_house,missingCity; missingWebsite
node/5688089045,OpenStreetMap,osm,ODbL,https://www.openstreetmap.org/node/5688089045,"Lopesan Costa Bávaro Resort, Spa & Casino","Playa Bavaro, Punta Cana, 23301, DO",Punta Cana,DO,18.6702253,-68.4056539,https://www.lopesan.com/es/hoteles/republica-dominicana/punta-cana/playa-bavaro/costa-bavaro/,+1 809-200-2101,Lopesan,osm-dominican-republic-hotel-focused-2026-05-20,2026-05-20T19:38:55.292Z,pending,none,needs_research,"lopesan costa bavaro resort, spa & casino|punta cana|do",100,high,node,hotel,
node/5848180986,OpenStreetMap,osm,ODbL,https://www.openstreetmap.org/node/5848180986,San Martin,,,Dominican Republic,19.3973471,-70.522083,,,,osm-dominican-republic-hotel-focused-2026-05-20,2026-05-20T19:38:55.292Z,pending,none,needs_research,san martin|19.3973|-70.5221,55,medium,node,hotel,missingCity; missingWebsite; missingPhone
node/5867352185,OpenStreetMap,osm,ODbL,https://www.openstreetmap.org/node/5867352185,San Martin,,,Dominican Republic,19.3973807,-70.5222278,,,,osm-dominican-republic-hotel-focused-2026-05-20,2026-05-20T19:38:55.292Z,pending,none,needs_research,san martin|19.3974|-70.5222,55,medium,node,hotel,missingCity; missingWebsite; missingPhone
node/5916285505,OpenStreetMap,osm,ODbL,https://www.openstreetmap.org/node/5916285505,Hotel La Fuente,,,Dominican Republic,18.9157094,-70.7399671,,,,osm-dominican-republic-hotel-focused-2026-05-20,2026-05-20T19:38:55.292Z,pending,none,needs_research,hotel la fuente|18.9157|-70.74,55,medium,node,hotel,missingCity; missingWebsite; missingPhone
node/5916667511,OpenStreetMap,osm,ODbL,https://www.openstreetmap.org/node/5916667511,Hotel WC,,,Dominican Republic,18.9101855,-70.7445233,,,,osm-dominican-republic-hotel-focused-2026-05-20,2026-05-20T19:38:55.292Z,pending,none,needs_research,hotel wc|18.9102|-70.7445,55,medium,node,hotel,missingCity; missingWebsite; missingPhone
node/5930313289,OpenStreetMap,osm,ODbL,https://www.openstreetmap.org/node/5930313289,Hotel Mi Cabaña,,,Dominican Republic,18.9088058,-70.7452848,,,,osm-dominican-republic-hotel-focused-2026-05-20,2026-05-20T19:38:55.292Z,pending,none,needs_research,hotel mi cabana|18.9088|-70.7453,55,medium,node,hotel,missingCity; missingWebsite; missingPhone
node/5935898328,OpenStreetMap,osm,ODbL,https://www.openstreetmap.org/node/5935898328,Resort Bahía de los Dioses,,,Dominican Republic,19.210062,-69.4790175,,,,osm-dominican-republic-hotel-focused-2026-05-20,2026-05-20T19:38:55.292Z,pending,none,needs_research,resort bahia de los dioses|19.2101|-69.479,55,medium,node,hotel,missingCity; missingWebsite; missingPhone
node/5936807188,OpenStreetMap,osm,ODbL,https://www.openstreetmap.org/node/5936807188,Hotel Cotubanamá,,,Dominican Republic,19.2040937,-69.3379862,,,,osm-dominican-republic-hotel-focused-2026-05-20,2026-05-20T19:38:55.292Z,pending,none,needs_research,hotel cotubanama|19.2041|-69.338,55,medium,node,hotel,missingCity; missingWebsite; missingPhone
node/5936880385,OpenStreetMap,osm,ODbL,https://www.openstreetmap.org/node/5936880385,Hotel El Paraíso,,,Dominican Republic,19.203909,-69.3391031,,,,osm-dominican-republic-hotel-focused-2026-05-20,2026-05-20T19:38:55.292Z,pending,none,needs_research,hotel el paraiso|19.2039|-69.3391,55,medium,node,hotel,missingCity; missingWebsite; missingPhone
node/5936880386,OpenStreetMap,osm,ODbL,https://www.openstreetmap.org/node/5936880386,Hotel Mildania,,,Dominican Republic,19.2037619,-69.3395808,,,,osm-dominican-republic-hotel-focused-2026-05-20,2026-05-20T19:38:55.292Z,pending,none,needs_research,hotel mildania|19.2038|-69.3396,55,medium,node,hotel,missingCity; missingWebsite; missingPhone
node/5984420795,OpenStreetMap,osm,ODbL,https://www.openstreetmap.org/node/5984420795,casa mama Adrian,,,Dominican Republic,18.4743841,-69.8723723,,,,osm-dominican-republic-hotel-focused-2026-05-20,2026-05-20T19:38:55.292Z,pending,none,needs_research,casa mama adrian|18.4744|-69.8724,55,medium,node,guest_house,missingCity; missingWebsite; missingPhone
node/5984422591,OpenStreetMap,osm,ODbL,https://www.openstreetmap.org/node/5984422591,hotel El toro,,,Dominican Republic,18.8114069,-69.7840223,,,,osm-dominican-republic-hotel-focused-2026-05-20,2026-05-20T19:38:55.292Z,pending,none,needs_research,hotel el toro|18.8114|-69.784,55,medium,node,hotel,missingCity; missingWebsite; missingPhone
node/5985277192,OpenStreetMap,osm,ODbL,https://www.openstreetmap.org/node/5985277192,dormitorio hato mayor,,,Dominican Republic,18.7580676,-69.2459222,,,,osm-dominican-republic-hotel-focused-2026-05-20,2026-05-20T19:38:55.292Z,pending,none,needs_research,dormitorio hato mayor|18.7581|-69.2459,55,medium,node,hotel,missingCity; missingWebsite; missingPhone
node/6008398122,OpenStreetMap,osm,ODbL,https://www.openstreetmap.org/node/6008398122,Habana,,,Dominican Republic,18.4823403,-69.8167769,,,,osm-dominican-republic-hotel-focused-2026-05-20,2026-05-20T19:38:55.292Z,pending,none,needs_research,habana|18.4823|-69.8168,55,medium,node,hostel,missingCity; missingWebsite; missingPhone
node/6017605988,OpenStreetMap,osm,ODbL,https://www.openstreetmap.org/node/6017605988,Altos de virella,,,Dominican Republic,19.4841866,-70.7290905,,,,osm-dominican-republic-hotel-focused-2026-05-20,2026-05-20T19:38:55.292Z,pending,none,needs_research,altos de virella|19.4842|-70.7291,55,medium,node,guest_house,missingCity; missingWebsite; missingPhone
node/6020419629,OpenStreetMap,osm,ODbL,https://www.openstreetmap.org/node/6020419629,The Circle by Meliá,,,Dominican Republic,18.675371,-68.4200334,https://twitter.com/CirclebyMelia,,,osm-dominican-republic-hotel-focused-2026-05-20,2026-05-20T19:38:55.292Z,pending,none,needs_research,the circle by melia|18.6754|-68.42,70,high,node,hotel,missingCity; missingPhone
node/6022237072,OpenStreetMap,osm,ODbL,https://www.openstreetmap.org/node/6022237072,Hotel Galsi,"175 Avenida Luis Ginebra, Puerto Plata, 57000",Puerto Plata,Dominican Republic,19.7858364,-70.6742262,,18097124321,,osm-dominican-republic-hotel-focused-2026-05-20,2026-05-20T19:38:55.292Z,pending,none,needs_research,hotel galsi|puerto plata|dominican republic,85,high,node,hotel,missingWebsite
node/6032173384,OpenStreetMap,osm,ODbL,https://www.openstreetmap.org/node/6032173384,Hotel Leidy,,,Dominican Republic,19.2041008,-69.3391196,,,,osm-dominican-republic-hotel-focused-2026-05-20,2026-05-20T19:38:55.292Z,pending,none,needs_research,hotel leidy|19.2041|-69.3391,55,medium,node,hotel,missingCity; missingWebsite; missingPhone
node/6032173891,OpenStreetMap,osm,ODbL,https://www.openstreetmap.org/node/6032173891,Hotel Angelito,,,Dominican Republic,19.2038128,-69.3394556,,,,osm-dominican-republic-hotel-focused-2026-05-20,2026-05-20T19:38:55.292Z,pending,none,needs_research,hotel angelito|19.2038|-69.3395,55,medium,node,hotel,missingCity; missingWebsite; missingPhone
node/6044023488,OpenStreetMap,osm,ODbL,https://www.openstreetmap.org/node/6044023488,Hotel Las Colinas,,,Dominican Republic,19.0456981,-69.3856333,,8095567801,,osm-dominican-republic-hotel-focused-2026-05-20,2026-05-20T19:38:55.292Z,pending,none,needs_research,hotel las colinas|19.0457|-69.3856,65,medium,node,motel,missingCity; missingWebsite
node/6186383052,OpenStreetMap,osm,ODbL,https://www.openstreetmap.org/node/6186383052,Casa Gio Las Terrenas,"12 Calle Fabio Abreu, Las Terrenas, 32000",Las Terrenas,Dominican Republic,19.3089533,-69.5482067,,,Affitta camere,osm-dominican-republic-hotel-focused-2026-05-20,2026-05-20T19:38:55.292Z,pending,none,needs_research,casa gio las terrenas|las terrenas|dominican republic,85,high,node,guest_house,missingWebsite; missingPhone
node/6223357785,OpenStreetMap,osm,ODbL,https://www.openstreetmap.org/node/6223357785,Black Beards Resort,Calle Enriquillo,,Dominican Republic,19.812684,-70.7109548,,,,osm-dominican-republic-hotel-focused-2026-05-20,2026-05-20T19:38:55.292Z,pending,none,needs_research,black beards resort|19.8127|-70.711,60,medium,node,hotel,missingCity; missingWebsite; missingPhone
node/6235248905,OpenStreetMap,osm,ODbL,https://www.openstreetmap.org/node/6235248905,Villa Lotus,,,Dominican Republic,19.6247885,-69.9294365,,,,osm-dominican-republic-hotel-focused-2026-05-20,2026-05-20T19:38:55.292Z,pending,none,needs_research,villa lotus|19.6248|-69.9294,55,medium,node,hotel,missingCity; missingWebsite; missingPhone
node/6250137987,OpenStreetMap,osm,ODbL,https://www.openstreetmap.org/node/6250137987,Cabañas Manhattan,Avenida Los Beisbolistas,,Dominican Republic,18.4837283,-69.9799914,,,,osm-dominican-republic-hotel-focused-2026-05-20,2026-05-20T19:38:55.292Z,pending,none,needs_research,cabanas manhattan|18.4837|-69.98,60,medium,node,motel,missingCity; missingWebsite; missingPhone
node/6253504396,OpenStreetMap,osm,ODbL,https://www.openstreetmap.org/node/6253504396,Hostel Quintonido,,,Dominican Republic,19.1216251,-70.6429075,,,,osm-dominican-republic-hotel-focused-2026-05-20,2026-05-20T19:38:55.292Z,pending,none,needs_research,hostel quintonido|19.1216|-70.6429,55,medium,node,hostel,missingCity; missingWebsite; missingPhone
node/6259007985,OpenStreetMap,osm,ODbL,https://www.openstreetmap.org/node/6259007985,Hotel Jimaní,,,Dominican Republic,18.4958508,-71.8472336,,,,osm-dominican-republic-hotel-focused-2026-05-20,2026-05-20T19:38:55.292Z,pending,none,needs_research,hotel jimani|18.4959|-71.8472,55,medium,node,hotel,missingCity; missingWebsite; missingPhone
node/6281684685,OpenStreetMap,osm,ODbL,https://www.openstreetmap.org/node/6281684685,Casa grande,,,Dominican Republic,19.4855558,-70.6518261,,,,osm-dominican-republic-hotel-focused-2026-05-20,2026-05-20T19:38:55.292Z,pending,none,needs_research,casa grande|19.4856|-70.6518,55,medium,node,guest_house,missingCity; missingWebsite; missingPhone
node/6294161985,OpenStreetMap,osm,ODbL,https://www.openstreetmap.org/node/6294161985,Tia de Lisa,,,Dominican Republic,18.5137164,-70.0244939,,,,osm-dominican-republic-hotel-focused-2026-05-20,2026-05-20T19:38:55.292Z,pending,none,needs_research,tia de lisa|18.5137|-70.0245,55,medium,node,guest_house,missingCity; missingWebsite; missingPhone
node/6313032685,OpenStreetMap,osm,ODbL,https://www.openstreetmap.org/node/6313032685,Hotel Taíno Fronterizo,,,Dominican Republic,18.4960565,-71.8457794,,,,osm-dominican-republic-hotel-focused-2026-05-20,2026-05-20T19:38:55.292Z,pending,none,needs_research,hotel taino fronterizo|18.4961|-71.8458,55,medium,node,motel,missingCity; missingWebsite; missingPhone
node/6314999313,OpenStreetMap,osm,ODbL,https://www.openstreetmap.org/node/6314999313,Catalonia Bavaro Royal,,,Dominican Republic,18.6391094,-68.3465322,,,Catalonia,osm-dominican-republic-hotel-focused-2026-05-20,2026-05-20T19:38:55.292Z,pending,none,needs_research,catalonia bavaro royal|18.6391|-68.3465,65,medium,node,hotel,missingCity; missingWebsite; missingPhone
node/6402906489,OpenStreetMap,osm,ODbL,https://www.openstreetmap.org/node/6402906489,casa de esperanza,,,Dominican Republic,18.4747972,-69.9792464,,,,osm-dominican-republic-hotel-focused-2026-05-20,2026-05-20T19:38:55.292Z,pending,none,needs_research,casa de esperanza|18.4748|-69.9792,55,medium,node,guest_house,missingCity; missingWebsite; missingPhone
node/6425797885,OpenStreetMap,osm,ODbL,https://www.openstreetmap.org/node/6425797885,Виталий Олесик,,,Dominican Republic,18.4501549,-69.6039902,,,,osm-dominican-republic-hotel-focused-2026-05-20,2026-05-20T19:38:55.292Z,pending,none,needs_research,виталии олесик|18.4502|-69.604,55,medium,node,hotel,missingCity; missingWebsite; missingPhone
node/6429388223,OpenStreetMap,osm,ODbL,https://www.openstreetmap.org/node/6429388223,HOTEL BRISOL,,,Dominican Republic,19.5501679,-71.7110441,,,,osm-dominican-republic-hotel-focused-2026-05-20,2026-05-20T19:38:55.292Z,pending,none,needs_research,hotel brisol|19.5502|-71.711,55,medium,node,hotel,missingCity; missingWebsite; missingPhone
node/6448141485,OpenStreetMap,osm,ODbL,https://www.openstreetmap.org/node/6448141485,Lopesa,Calle Bibijagua,,Dominican Republic,18.6702365,-68.4015843,,,,osm-dominican-republic-hotel-focused-2026-05-20,2026-05-20T19:38:55.292Z,pending,none,needs_research,lopesa|18.6702|-68.4016,60,medium,node,hotel,missingCity; missingWebsite; missingPhone
node/6467016348,OpenStreetMap,osm,ODbL,https://www.openstreetmap.org/node/6467016348,Complejo Turístico Hora Azul,,,Dominican Republic,19.5607655,-71.0793301,,,,osm-dominican-republic-hotel-focused-2026-05-20,2026-05-20T19:38:55.292Z,pending,none,needs_research,complejo turistico hora azul|19.5608|-71.0793,55,medium,node,hostel,missingCity; missingWebsite; missingPhone
node/6468314516,OpenStreetMap,osm,ODbL,https://www.openstreetmap.org/node/6468314516,Hotel Emotions by Hodelpa,,,Dominican Republic,18.4279217,-69.4048733,,,,osm-dominican-republic-hotel-focused-2026-05-20,2026-05-20T19:38:55.292Z,pending,none,needs_research,hotel emotions by hodelpa|18.4279|-69.4049,55,medium,node,hotel,missingCity; missingWebsite; missingPhone
node/6476870837,OpenStreetMap,osm,ODbL,https://www.openstreetmap.org/node/6476870837,Hotel Nueva York,,,Dominican Republic,18.2462651,-71.2063832,,,,osm-dominican-republic-hotel-focused-2026-05-20,2026-05-20T19:38:55.292Z,pending,none,needs_research,hotel nueva york|18.2463|-71.2064,55,medium,node,hotel,missingCity; missingWebsite; missingPhone
node/6482988314,OpenStreetMap,osm,ODbL,https://www.openstreetmap.org/node/6482988314,Hotel Perla del Sur,,,Dominican Republic,18.06869,-71.0966438,,,,osm-dominican-republic-hotel-focused-2026-05-20,2026-05-20T19:38:55.292Z,pending,none,needs_research,hotel perla del sur|18.0687|-71.0966,55,medium,node,hotel,missingCity; missingWebsite; missingPhone
node/6508652186,OpenStreetMap,osm,ODbL,https://www.openstreetmap.org/node/6508652186,Cabañas Kiss,Autopista 30 de Mayo,,Dominican Republic,18.4257307,-69.9939077,,(829) 274-3387,,osm-dominican-republic-hotel-focused-2026-05-20,2026-05-20T19:38:55.292Z,pending,none,needs_research,cabanas kiss|18.4257|-69.9939,70,high,node,motel,missingCity; missingWebsite
node/6514622885,OpenStreetMap,osm,ODbL,https://www.openstreetmap.org/node/6514622885,El Conde,,,Dominican Republic,18.2045659,-71.0930346,,,,osm-dominican-republic-hotel-focused-2026-05-20,2026-05-20T19:38:55.292Z,pending,none,needs_research,el conde|18.2046|-71.093,55,medium,node,hotel,missingCity; missingWebsite; missingPhone
node/6514622986,OpenStreetMap,osm,ODbL,https://www.openstreetmap.org/node/6514622986,EL Conde,,,Dominican Republic,19.123021,-70.6410273,,,,osm-dominican-republic-hotel-focused-2026-05-20,2026-05-20T19:38:55.292Z,pending,none,needs_research,el conde|19.123|-70.641,55,medium,node,hotel,missingCity; missingWebsite; missingPhone
node/6561542253,OpenStreetMap,osm,ODbL,https://www.openstreetmap.org/node/6561542253,Cabrera Chalet,"12 Magic Spot, Cabrera, 33000",Cabrera,Dominican Republic,19.6392919,-69.9306226,https://www.cabrera-chalet.com,,Boutique Hotel,osm-dominican-republic-hotel-focused-2026-05-20,2026-05-20T19:38:55.292Z,pending,none,needs_research,cabrera chalet|cabrera|dominican republic,100,high,node,hotel,missingPhone
node/6566452585,OpenStreetMap,osm,ODbL,https://www.openstreetmap.org/node/6566452585,Casa,,,Dominican Republic,18.5074977,-69.8697291,,,,osm-dominican-republic-hotel-focused-2026-05-20,2026-05-20T19:38:55.292Z,pending,none,needs_research,casa|18.5075|-69.8697,55,medium,node,guest_house,missingCity; missingWebsite; missingPhone
node/6592115592,OpenStreetMap,osm,ODbL,https://www.openstreetmap.org/node/6592115592,Punta Rucia,Carretera al Papayo,,Dominican Republic,19.8431618,-71.2122986,,,,osm-dominican-republic-hotel-focused-2026-05-20,2026-05-20T19:38:55.292Z,pending,none,needs_research,punta rucia|19.8432|-71.2123,60,medium,node,hotel,missingCity; missingWebsite; missingPhone
node/6592115593,OpenStreetMap,osm,ODbL,https://www.openstreetmap.org/node/6592115593,Hotel Sand Bay Oceanfront,Carretera al Papayo,,Dominican Republic,19.8432203,-71.2122008,,,,osm-dominican-republic-hotel-focused-2026-05-20,2026-05-20T19:38:55.292Z,pending,none,needs_research,hotel sand bay oceanfront|19.8432|-71.2122,60,medium,node,hotel,missingCity; missingWebsite; missingPhone
node/6604034360,OpenStreetMap,osm,ODbL,https://www.openstreetmap.org/node/6604034360,Casa de Huespedes Colonial,"103 Calle Espaillat, Santo Domingo, 11111",Santo Domingo,Dominican Republic,18.468898,-69.8891659,,,,osm-dominican-republic-hotel-focused-2026-05-20,2026-05-20T19:38:55.292Z,pending,none,needs_research,casa de huespedes colonial|santo domingo|dominican republic,75,high,node,hotel,missingWebsite; missingPhone
node/6604081464,OpenStreetMap,osm,ODbL,https://www.openstreetmap.org/node/6604081464,Share Melvi Apartment,"Viuda Martinez, Punta Cana, 23000",Punta Cana,Dominican Republic,18.6680759,-68.4044643,,,Residencial Barceló,osm-dominican-republic-hotel-focused-2026-05-20,2026-05-20T19:38:55.292Z,pending,none,needs_research,share melvi apartment|punta cana|dominican republic,85,high,node,hotel,missingWebsite; missingPhone
node/6615239085,OpenStreetMap,osm,ODbL,https://www.openstreetmap.org/node/6615239085,MT hotel,,,Dominican Republic,18.688491,-68.4439485,,,,osm-dominican-republic-hotel-focused-2026-05-20,2026-05-20T19:38:55.292Z,pending,none,needs_research,mt hotel|18.6885|-68.4439,55,medium,node,hotel,missingCity; missingWebsite; missingPhone
node/6709861386,OpenStreetMap,osm,ODbL,https://www.openstreetmap.org/node/6709861386,Jaraba,,,Dominican Republic,19.1236256,-70.6429704,,,,osm-dominican-republic-hotel-focused-2026-05-20,2026-05-20T19:38:55.292Z,pending,none,needs_research,jaraba|19.1236|-70.643,55,medium,node,hotel,missingCity; missingWebsite; missingPhone
node/6778035756,OpenStreetMap,osm,ODbL,https://www.openstreetmap.org/node/6778035756,"7""S""",,,Dominican Republic,19.1835106,-70.4987031,,,,osm-dominican-republic-hotel-focused-2026-05-20,2026-05-20T19:38:55.292Z,pending,none,needs_research,"7""s""|19.1835|-70.4987",55,medium,node,hostel,missingCity; missingWebsite; missingPhone
node/6803118224,OpenStreetMap,osm,ODbL,https://www.openstreetmap.org/node/6803118224,Hotel Patria,,,Dominican Republic,19.2300993,-69.6149468,,+18095527371,,osm-dominican-republic-hotel-focused-2026-05-20,2026-05-20T19:38:55.292Z,pending,none,needs_research,hotel patria|19.2301|-69.6149,65,medium,node,hotel,missingCity; missingWebsite
node/6803118225,OpenStreetMap,osm,ODbL,https://www.openstreetmap.org/node/6803118225,Hotel Gri Gri,,,Dominican Republic,19.228729,-69.6173429,,+18095527371,,osm-dominican-republic-hotel-focused-2026-05-20,2026-05-20T19:38:55.292Z,pending,none,needs_research,hotel gri gri|19.2287|-69.6173,65,medium,node,hotel,missingCity; missingWebsite
node/6803329397,OpenStreetMap,osm,ODbL,https://www.openstreetmap.org/node/6803329397,Hotel Balcones De La Bahia,,,Dominican Republic,19.2312157,-69.61287,,+18095528137,,osm-dominican-republic-hotel-focused-2026-05-20,2026-05-20T19:38:55.292Z,pending,none,needs_research,hotel balcones de la bahia|19.2312|-69.6129,65,medium,node,hotel,missingCity; missingWebsite
node/6847561182,OpenStreetMap,osm,ODbL,https://www.openstreetmap.org/node/6847561182,Mira Cielo,,,Dominican Republic,19.6470315,-69.9082243,,,,osm-dominican-republic-hotel-focused-2026-05-20,2026-05-20T19:38:55.292Z,pending,none,needs_research,mira cielo|19.647|-69.9082,55,medium,node,hotel,missingCity; missingWebsite; missingPhone
node/6908171775,OpenStreetMap,osm,ODbL,https://www.openstreetmap.org/node/6908171775,Casa Ana,,,Dominican Republic,19.3132589,-69.5688775,,,,osm-dominican-republic-hotel-focused-2026-05-20,2026-05-20T19:38:55.292Z,pending,none,needs_research,casa ana|19.3133|-69.5689,55,medium,node,guest_house,missingCity; missingWebsite; missingPhone
node/6939934185,OpenStreetMap,osm,ODbL,https://www.openstreetmap.org/node/6939934185,Mosquito Hotel,,,Dominican Republic,19.3127227,-69.5657884,,,,osm-dominican-republic-hotel-focused-2026-05-20,2026-05-20T19:38:55.292Z,pending,none,needs_research,mosquito hotel|19.3127|-69.5658,55,medium,node,hotel,missingCity; missingWebsite; missingPhone
node/6996449236,OpenStreetMap,osm,ODbL,https://www.openstreetmap.org/node/6996449236,Hotel Coco,,,Dominican Republic,19.7732211,-70.5107316,,,,osm-dominican-republic-hotel-focused-2026-05-20,2026-05-20T19:38:55.292Z,pending,none,needs_research,hotel coco|19.7732|-70.5107,55,medium,node,hotel,missingCity; missingWebsite; missingPhone
node/7098867211,OpenStreetMap,osm,ODbL,https://www.openstreetmap.org/node/7098867211,Louisa Apart Hotel,,,Dominican Republic,19.3238262,-69.5512057,http://www.louisahotel.com,8092405871,,osm-dominican-republic-hotel-focused-2026-05-20,2026-05-20T19:38:55.292Z,pending,none,needs_research,louisa apart hotel|19.3238|-69.5512,80,high,node,hotel,missingCity
node/7104816985,OpenStreetMap,osm,ODbL,https://www.openstreetmap.org/node/7104816985,Hostal juana,,,Dominican Republic,18.4849379,-69.8965701,,,,osm-dominican-republic-hotel-focused-2026-05-20,2026-05-20T19:38:55.292Z,pending,none,needs_research,hostal juana|18.4849|-69.8966,55,medium,node,hostel,missingCity; missingWebsite; missingPhone
node/7137367776,OpenStreetMap,osm,ODbL,https://www.openstreetmap.org/node/7137367776,Hotel Green Palace,"Autopista Ramón Cáceres, Moca, 56011",Moca,Dominican Republic,19.3910078,-70.5250449,,809 823-3242,,osm-dominican-republic-hotel-focused-2026-05-20,2026-05-20T19:38:55.292Z,pending,none,needs_research,hotel green palace|moca|dominican republic,85,high,node,hotel,missingWebsite
node/7243009922,OpenStreetMap,osm,ODbL,https://www.openstreetmap.org/node/7243009922,Casa PorqueNo,,,Dominican Republic,19.2918021,-69.1976958,,,,osm-dominican-republic-hotel-focused-2026-05-20,2026-05-20T19:38:55.292Z,pending,none,needs_research,casa porqueno|19.2918|-69.1977,55,medium,node,guest_house,missingCity; missingWebsite; missingPhone
node/7243015034,OpenStreetMap,osm,ODbL,https://www.openstreetmap.org/node/7243015034,La Isleta,,,Dominican Republic,19.2920415,-69.198925,,,,osm-dominican-republic-hotel-focused-2026-05-20,2026-05-20T19:38:55.292Z,pending,none,needs_research,la isleta|19.292|-69.1989,55,medium,node,hotel,missingCity; missingWebsite; missingPhone
node/7243015035,OpenStreetMap,osm,ODbL,https://www.openstreetmap.org/node/7243015035,Arena Oceanview Hotel & La Terraza Restaurant,Las Galeres,Las Galeres,Dominican Republic,19.2923904,-69.1993454,https://arenahotelboutique.com,+18098719153 +18293906080,Private,osm-dominican-republic-hotel-focused-2026-05-20,2026-05-20T19:38:55.292Z,pending,none,needs_research,arena oceanview hotel & la terraza restaurant|las galeres|dominican republic,100,high,node,hotel,
node/7243024423,OpenStreetMap,osm,ODbL,https://www.openstreetmap.org/node/7243024423,La Ballena Backpackers,,,Dominican Republic,19.2886872,-69.2007872,,,,osm-dominican-republic-hotel-focused-2026-05-20,2026-05-20T19:38:55.292Z,pending,none,needs_research,la ballena backpackers|19.2887|-69.2008,55,medium,node,hostel,missingCity; missingWebsite; missingPhone
node/7243024569,OpenStreetMap,osm,ODbL,https://www.openstreetmap.org/node/7243024569,Chalet Tropical,,,Dominican Republic,19.2911184,-69.2034094,,,,osm-dominican-republic-hotel-focused-2026-05-20,2026-05-20T19:38:55.292Z,pending,none,needs_research,chalet tropical|19.2911|-69.2034,55,medium,node,hotel,missingCity; missingWebsite; missingPhone
node/7243040458,OpenStreetMap,osm,ODbL,https://www.openstreetmap.org/node/7243040458,Il Triangolo,,,Dominican Republic,19.2893346,-69.2013283,,,,osm-dominican-republic-hotel-focused-2026-05-20,2026-05-20T19:38:55.292Z,pending,none,needs_research,il triangolo|19.2893|-69.2013,55,medium,node,hostel,missingCity; missingWebsite; missingPhone
node/7243041990,OpenStreetMap,osm,ODbL,https://www.openstreetmap.org/node/7243041990,Hotel Playita,,,Dominican Republic,19.2889461,-69.2015345,,,,osm-dominican-republic-hotel-focused-2026-05-20,2026-05-20T19:38:55.292Z,pending,none,needs_research,hotel playita|19.2889|-69.2015,55,medium,node,hotel,missingCity; missingWebsite; missingPhone
node/7243042685,OpenStreetMap,osm,ODbL,https://www.openstreetmap.org/node/7243042685,Hotel GriGri,,,Dominican Republic,19.291145,-69.1988455,,,,osm-dominican-republic-hotel-focused-2026-05-20,2026-05-20T19:38:55.292Z,pending,none,needs_research,hotel grigri|19.2911|-69.1988,55,medium,node,hotel,missingCity; missingWebsite; missingPhone
node/7274607989,OpenStreetMap,osm,ODbL,https://www.openstreetmap.org/node/7274607989,Las Galeras Hotel,Calle Jimi Hendrix,,Dominican Republic,19.2913532,-69.1989739,https://las-galeras.com/,,,osm-dominican-republic-hotel-focused-2026-05-20,2026-05-20T19:38:55.292Z,pending,none,needs_research,las galeras hotel|19.2914|-69.199,75,high,node,hotel,missingCity; missingPhone
node/7353668140,OpenStreetMap,osm,ODbL,https://www.openstreetmap.org/node/7353668140,La Dolce Vita,,,Dominican Republic,19.3228551,-69.5337764,,,,osm-dominican-republic-hotel-focused-2026-05-20,2026-05-20T19:38:55.292Z,pending,none,needs_research,la dolce vita|19.3229|-69.5338,55,medium,node,hotel,missingCity; missingWebsite; missingPhone
node/7353680458,OpenStreetMap,osm,ODbL,https://www.openstreetmap.org/node/7353680458,Residencial Miralar,,,Dominican Republic,19.3249196,-69.5518857,,,,osm-dominican-republic-hotel-focused-2026-05-20,2026-05-20T19:38:55.292Z,pending,none,needs_research,residencial miralar|19.3249|-69.5519,55,medium,node,hotel,missingCity; missingWebsite; missingPhone
node/7353712778,OpenStreetMap,osm,ODbL,https://www.openstreetmap.org/node/7353712778,Hotel Atlantis,,,Dominican Republic,19.3136099,-69.5709925,,,,osm-dominican-republic-hotel-focused-2026-05-20,2026-05-20T19:38:55.292Z,pending,none,needs_research,hotel atlantis|19.3136|-69.571,55,medium,node,hotel,missingCity; missingWebsite; missingPhone
node/7353715793,OpenStreetMap,osm,ODbL,https://www.openstreetmap.org/node/7353715793,Las Cayenas,,,Dominican Republic,19.3257027,-69.5484826,,,,osm-dominican-republic-hotel-focused-2026-05-20,2026-05-20T19:38:55.292Z,pending,none,needs_research,las cayenas|19.3257|-69.5485,55,medium,node,hotel,missingCity; missingWebsite; missingPhone
node/7353716226,OpenStreetMap,osm,ODbL,https://www.openstreetmap.org/node/7353716226,CostArena,,,Dominican Republic,19.3262195,-69.5449746,,,,osm-dominican-republic-hotel-focused-2026-05-20,2026-05-20T19:38:55.292Z,pending,none,needs_research,costarena|19.3262|-69.545,55,medium,node,hotel,missingCity; missingWebsite; missingPhone
node/7353717218,OpenStreetMap,osm,ODbL,https://www.openstreetmap.org/node/7353717218,Residencial Corte del Mar,,,Dominican Republic,19.3222805,-69.5354609,,,,osm-dominican-republic-hotel-focused-2026-05-20,2026-05-20T19:38:55.292Z,pending,none,needs_research,residencial corte del mar|19.3223|-69.5355,55,medium,node,hotel,missingCity; missingWebsite; missingPhone
node/7353717750,OpenStreetMap,osm,ODbL,https://www.openstreetmap.org/node/7353717750,Don Cesar,,,Dominican Republic,19.3228244,-69.5422126,,,,osm-dominican-republic-hotel-focused-2026-05-20,2026-05-20T19:38:55.292Z,pending,none,needs_research,don cesar|19.3228|-69.5422,55,medium,node,hotel,missingCity; missingWebsite; missingPhone
node/7353719286,OpenStreetMap,osm,ODbL,https://www.openstreetmap.org/node/7353719286,Palmeraie,,,Dominican Republic,19.3251638,-69.5506045,,,,osm-dominican-republic-hotel-focused-2026-05-20,2026-05-20T19:38:55.292Z,pending,none,needs_research,palmeraie|19.3252|-69.5506,55,medium,node,hotel,missingCity; missingWebsite; missingPhone
node/7353721699,OpenStreetMap,osm,ODbL,https://www.openstreetmap.org/node/7353721699,Josefina,,,Dominican Republic,19.3229781,-69.5339525,,,,osm-dominican-republic-hotel-focused-2026-05-20,2026-05-20T19:38:55.292Z,pending,none,needs_research,josefina|19.323|-69.534,55,medium,node,hotel,missingCity; missingWebsite; missingPhone
node/7353722254,OpenStreetMap,osm,ODbL,https://www.openstreetmap.org/node/7353722254,Aligio Apart-Hotel,,,Dominican Republic,19.322666,-69.534587,,,,osm-dominican-republic-hotel-focused-2026-05-20,2026-05-20T19:38:55.292Z,pending,none,needs_research,aligio apart-hotel|19.3227|-69.5346,55,medium,node,hotel,missingCity; missingWebsite; missingPhone
node/7477488347,OpenStreetMap,osm,ODbL,https://www.openstreetmap.org/node/7477488347,villa pajon,constanza,constanza,Dominican Republic,18.8231698,-70.6873977,,,,osm-dominican-republic-hotel-focused-2026-05-20,2026-05-20T19:38:55.292Z,pending,none,needs_research,villa pajon|constanza|dominican republic,75,high,node,hotel,missingWebsite; missingPhone
node/7555156150,OpenStreetMap,osm,ODbL,https://www.openstreetmap.org/node/7555156150,Sunrise Villa,,,Dominican Republic,19.6277058,-69.8929483,,,,osm-dominican-republic-hotel-focused-2026-05-20,2026-05-20T19:38:55.292Z,pending,none,needs_research,sunrise villa|19.6277|-69.8929,55,medium,node,hotel,missingCity; missingWebsite; missingPhone
node/7560527285,OpenStreetMap,osm,ODbL,https://www.openstreetmap.org/node/7560527285,Castillo del Mar,,,Dominican Republic,19.6351026,-69.8962801,,,,osm-dominican-republic-hotel-focused-2026-05-20,2026-05-20T19:38:55.292Z,pending,none,needs_research,castillo del mar|19.6351|-69.8963,55,medium,node,hotel,missingCity; missingWebsite; missingPhone
node/7741588385,OpenStreetMap,osm,ODbL,https://www.openstreetmap.org/node/7741588385,Green Coast hotel,,,Dominican Republic,18.6877246,-68.4212449,https://www.booking.com/hotel/do/bravo-mare.html?aid=1595464,,,osm-dominican-republic-hotel-focused-2026-05-20,2026-05-20T19:38:55.292Z,pending,none,needs_research,green coast hotel|18.6877|-68.4212,70,high,node,hotel,missingCity; missingPhone
node/7949317139,OpenStreetMap,osm,ODbL,https://www.openstreetmap.org/node/7949317139,Villa Querida,,,Dominican Republic,19.3134468,-69.5649956,https://dominicana.life/,,,osm-dominican-republic-hotel-focused-2026-05-20,2026-05-20T19:38:55.292Z,pending,none,needs_research,villa querida|19.3134|-69.565,70,high,node,guest_house,missingCity; missingPhone
node/8026710897,OpenStreetMap,osm,ODbL,https://www.openstreetmap.org/node/8026710897,Hyatt Zilara Cap Cana,,,Dominican Republic,18.481834,-68.3970198,,,Hyatt,osm-dominican-republic-hotel-focused-2026-05-20,2026-05-20T19:38:55.292Z,pending,none,needs_research,hyatt zilara cap cana|18.4818|-68.397,65,medium,node,hotel,missingCity; missingWebsite; missingPhone
node/8078244124,OpenStreetMap,osm,ODbL,https://www.openstreetmap.org/node/8078244124,Hotel Patria,,,Dominican Republic,18.6105361,-68.7070556,,,,osm-dominican-republic-hotel-focused-2026-05-20,2026-05-20T19:38:55.292Z,pending,none,needs_research,hotel patria|18.6105|-68.7071,55,medium,node,motel,missingCity; missingWebsite; missingPhone
node/8078244168,OpenStreetMap,osm,ODbL,https://www.openstreetmap.org/node/8078244168,Hotel Brisas del Este,,,Dominican Republic,18.615911,-68.713811,,,,osm-dominican-republic-hotel-focused-2026-05-20,2026-05-20T19:38:55.292Z,pending,none,needs_research,hotel brisas del este|18.6159|-68.7138,55,medium,node,motel,missingCity; missingWebsite; missingPhone
node/8078244181,OpenStreetMap,osm,ODbL,https://www.openstreetmap.org/node/8078244181,Dormitorio San Miguel,,,Dominican Republic,18.6177438,-68.7070638,,,,osm-dominican-republic-hotel-focused-2026-05-20,2026-05-20T19:38:55.292Z,pending,none,needs_research,dormitorio san miguel|18.6177|-68.7071,55,medium,node,motel,missingCity; missingWebsite; missingPhone
node/8105435331,OpenStreetMap,osm,ODbL,https://www.openstreetmap.org/node/8105435331,Casa Larimar,73 Calle Bahía,,Dominican Republic,19.7465963,-70.4074897,,,,osm-dominican-republic-hotel-focused-2026-05-20,2026-05-20T19:38:55.292Z,pending,none,needs_research,casa larimar|19.7466|-70.4075,60,medium,node,guest_house,missingCity; missingWebsite; missingPhone
node/8116547995,OpenStreetMap,osm,ODbL,https://www.openstreetmap.org/node/8116547995,Majestic Mirage Punta Cana - All-Suite Resort,"Playa Arena Gorda, Carr. El Macao - Arena Gorda, Punta Cana, 23000",Punta Cana,Dominican Republic,18.7285006,-68.4657023,https://www.majestic-resorts.com/punta-cana/resorts/majestic-mirage-punta-cana-all-suite-resort,+1 888-477-7227,Majestic Resorts,osm-dominican-republic-hotel-focused-2026-05-20,2026-05-20T19:38:55.292Z,pending,none,needs_research,majestic mirage punta cana - all-suite resort|punta cana|dominican republic,100,high,node,hotel,
node/8262599417,OpenStreetMap,osm,ODbL,https://www.openstreetmap.org/node/8262599417,Casa Amelia,,,Dominican Republic,19.8461922,-71.2109023,,,,osm-dominican-republic-hotel-focused-2026-05-20,2026-05-20T19:38:55.292Z,pending,none,needs_research,casa amelia|19.8462|-71.2109,55,medium,node,hotel,missingCity; missingWebsite; missingPhone
node/8291988618,OpenStreetMap,osm,ODbL,https://www.openstreetmap.org/node/8291988618,villa bebé,,,Dominican Republic,18.9719655,-70.4430313,,,,osm-dominican-republic-hotel-focused-2026-05-20,2026-05-20T19:38:55.292Z,pending,none,needs_research,villa bebe|18.972|-70.443,55,medium,node,guest_house,missingCity; missingWebsite; missingPhone
node/8327794617,OpenStreetMap,osm,ODbL,https://www.openstreetmap.org/node/8327794617,hotel Maison Gautreaux,,,Dominican Republic,18.4642127,-69.8958331,,,,osm-dominican-republic-hotel-focused-2026-05-20,2026-05-20T19:38:55.292Z,pending,none,needs_research,hotel maison gautreaux|18.4642|-69.8958,55,medium,node,hotel,missingCity; missingWebsite; missingPhone
node/8327794618,OpenStreetMap,osm,ODbL,https://www.openstreetmap.org/node/8327794618,playa la poza de bojolo,,,Dominican Republic,19.3648137,-69.835053,,,,osm-dominican-republic-hotel-focused-2026-05-20,2026-05-20T19:38:55.292Z,pending,none,needs_research,playa la poza de bojolo|19.3648|-69.8351,55,medium,node,hotel,missingCity; missingWebsite; missingPhone
node/8379439887,OpenStreetMap,osm,ODbL,https://www.openstreetmap.org/node/8379439887,Hotel Casa Robinson,,,Dominican Republic,19.3217485,-69.5359939,,,,osm-dominican-republic-hotel-focused-2026-05-20,2026-05-20T19:38:55.292Z,pending,none,needs_research,hotel casa robinson|19.3217|-69.536,55,medium,node,hotel,missingCity; missingWebsite; missingPhone
node/8412574318,OpenStreetMap,osm,ODbL,https://www.openstreetmap.org/node/8412574318,Hotel New Ark,,,Dominican Republic,19.5530593,-69.9058872,,,,osm-dominican-republic-hotel-focused-2026-05-20,2026-05-20T19:38:55.292Z,pending,none,needs_research,hotel new ark|19.5531|-69.9059,55,medium,node,hotel,missingCity; missingWebsite; missingPhone
node/8439135417,OpenStreetMap,osm,ODbL,https://www.openstreetmap.org/node/8439135417,Hotel El Maca,,,Dominican Republic,19.4209739,-71.6148537,,,,osm-dominican-republic-hotel-focused-2026-05-20,2026-05-20T19:38:55.292Z,pending,none,needs_research,hotel el maca|19.421|-71.6149,55,medium,node,hotel,missingCity; missingWebsite; missingPhone
node/8439138417,OpenStreetMap,osm,ODbL,https://www.openstreetmap.org/node/8439138417,Hotel Natalie,,,Dominican Republic,19.4217639,-71.6180272,,,,osm-dominican-republic-hotel-focused-2026-05-20,2026-05-20T19:38:55.292Z,pending,none,needs_research,hotel natalie|19.4218|-71.618,55,medium,node,hotel,missingCity; missingWebsite; missingPhone
node/8451322921,OpenStreetMap,osm,ODbL,https://www.openstreetmap.org/node/8451322921,Hotel Doña Sol,,,Dominican Republic,18.0900591,-71.2793884,,,,osm-dominican-republic-hotel-focused-2026-05-20,2026-05-20T19:38:55.292Z,pending,none,needs_research,hotel dona sol|18.0901|-71.2794,55,medium,node,hotel,missingCity; missingWebsite; missingPhone
node/8542028917,OpenStreetMap,osm,ODbL,https://www.openstreetmap.org/node/8542028917,Miguel Francisco Guerrero,Calle J,,Dominican Republic,18.5397857,-69.8337186,,,,osm-dominican-republic-hotel-focused-2026-05-20,2026-05-20T19:38:55.292Z,pending,none,needs_research,miguel francisco guerrero|18.5398|-69.8337,60,medium,node,guest_house,missingCity; missingWebsite; missingPhone
node/8568212422,OpenStreetMap,osm,ODbL,https://www.openstreetmap.org/node/8568212422,Bellevue Dominican Bay,,,Dominican Republic,18.449508,-69.6113636,,,,osm-dominican-republic-hotel-focused-2026-05-20,2026-05-20T19:38:55.292Z,pending,none,needs_research,bellevue dominican bay|18.4495|-69.6114,55,medium,node,hotel,missingCity; missingWebsite; missingPhone
node/8710203019,OpenStreetMap,osm,ODbL,https://www.openstreetmap.org/node/8710203019,Aparta Hotel La Bahia,,,Dominican Republic,19.0615121,-69.3858158,,,,osm-dominican-republic-hotel-focused-2026-05-20,2026-05-20T19:38:55.292Z,pending,none,needs_research,aparta hotel la bahia|19.0615|-69.3858,55,medium,node,hostel,missingCity; missingWebsite; missingPhone
node/8777942017,OpenStreetMap,osm,ODbL,https://www.openstreetmap.org/node/8777942017,King Hotel,,,Dominican Republic,19.2035105,-69.3405698,,,,osm-dominican-republic-hotel-focused-2026-05-20,2026-05-20T19:38:55.292Z,pending,none,needs_research,king hotel|19.2035|-69.3406,55,medium,node,hotel,missingCity; missingWebsite; missingPhone
node/8796382545,OpenStreetMap,osm,ODbL,https://www.openstreetmap.org/node/8796382545,Casa Jardín Montesacro,"10 Calle José María Cabral Bermúdez, Polo",Polo,Dominican Republic,18.1378708,-71.2643609,,+1-809-565-6801,,osm-dominican-republic-hotel-focused-2026-05-20,2026-05-20T19:38:55.292Z,pending,none,needs_research,casa jardin montesacro|polo|dominican republic,85,high,node,hotel,missingWebsite
node/8796411064,OpenStreetMap,osm,ODbL,https://www.openstreetmap.org/node/8796411064,Altos de La Caobita Ecolodge,"Carretera a la Playa El Uvero, Barrera",Barrera,Dominican Republic,18.3106212,-70.8867645,,+1-809-964-3888,,osm-dominican-republic-hotel-focused-2026-05-20,2026-05-20T19:38:55.292Z,pending,none,needs_research,altos de la caobita ecolodge|barrera|dominican republic,85,high,node,hotel,missingWebsite
node/8817747617,OpenStreetMap,osm,ODbL,https://www.openstreetmap.org/node/8817747617,Mi Vista Mountain Resort,,,Dominican Republic,19.1500021,-70.6307159,,,,osm-dominican-republic-hotel-focused-2026-05-20,2026-05-20T19:38:55.292Z,pending,none,needs_research,mi vista mountain resort|19.15|-70.6307,55,medium,node,hotel,missingCity; missingWebsite; missingPhone
node/8818855013,OpenStreetMap,osm,ODbL,https://www.openstreetmap.org/node/8818855013,Diamond Hotel Cabarete,,,Dominican Republic,19.7639697,-70.4285099,,,,osm-dominican-republic-hotel-focused-2026-05-20,2026-05-20T19:38:55.292Z,pending,none,needs_research,diamond hotel cabarete|19.764|-70.4285,55,medium,node,hotel,missingCity; missingWebsite; missingPhone
node/8870231217,OpenStreetMap,osm,ODbL,https://www.openstreetmap.org/node/8870231217,Alojamiento,,,Dominican Republic,18.0658392,-71.1049036,,,,osm-dominican-republic-hotel-focused-2026-05-20,2026-05-20T19:38:55.292Z,pending,none,needs_research,alojamiento|18.0658|-71.1049,55,medium,node,guest_house,missingCity; missingWebsite; missingPhone
node/8881479779,OpenStreetMap,osm,ODbL,https://www.openstreetmap.org/node/8881479779,Hotel Caserma,,,Dominican Republic,18.4381197,-68.8678155,,,,osm-dominican-republic-hotel-focused-2026-05-20,2026-05-20T19:38:55.292Z,pending,none,needs_research,hotel caserma|18.4381|-68.8678,55,medium,node,hotel,missingCity; missingWebsite; missingPhone
node/8928125790,OpenStreetMap,osm,ODbL,https://www.openstreetmap.org/node/8928125790,Hotel Riviera Campo Verde,,,Dominican Republic,19.3524627,-70.9858973,,,,osm-dominican-republic-hotel-focused-2026-05-20,2026-05-20T19:38:55.292Z,pending,none,needs_research,hotel riviera campo verde|19.3525|-70.9859,55,medium,node,hotel,missingCity; missingWebsite; missingPhone
node/8999961404,OpenStreetMap,osm,ODbL,https://www.openstreetmap.org/node/8999961404,Aparta Hotel Caribe Paraíso,,,Dominican Republic,18.4250608,-69.4250069,,,,osm-dominican-republic-hotel-focused-2026-05-20,2026-05-20T19:38:55.292Z,pending,none,needs_research,aparta hotel caribe paraiso|18.4251|-69.425,55,medium,node,hotel,missingCity; missingWebsite; missingPhone
node/9027266036,OpenStreetMap,osm,ODbL,https://www.openstreetmap.org/node/9027266036,Altea Palace,,,Dominican Republic,18.3700492,-68.8360949,https://alteapalace.com,+18294062443,,osm-dominican-republic-hotel-focused-2026-05-20,2026-05-20T19:38:55.292Z,pending,none,needs_research,altea palace|18.37|-68.8361,80,high,node,guest_house,missingCity
node/9028309788,OpenStreetMap,osm,ODbL,https://www.openstreetmap.org/node/9028309788,Hotel Loro Tuerto,,,Dominican Republic,18.2077323,-71.0968349,,,,osm-dominican-republic-hotel-focused-2026-05-20,2026-05-20T19:38:55.292Z,pending,none,needs_research,hotel loro tuerto|18.2077|-71.0968,55,medium,node,hotel,missingCity; missingWebsite; missingPhone
node/9028346259,OpenStreetMap,osm,ODbL,https://www.openstreetmap.org/node/9028346259,La Rancheta,,,Dominican Republic,19.2915882,-69.1812178,,,,osm-dominican-republic-hotel-focused-2026-05-20,2026-05-20T19:38:55.292Z,pending,none,needs_research,la rancheta|19.2916|-69.1812,55,medium,node,guest_house,missingCity; missingWebsite; missingPhone
node/9051047481,OpenStreetMap,osm,ODbL,https://www.openstreetmap.org/node/9051047481,Surfbreak Cabarete,,,Dominican Republic,19.7758853,-70.444467,https://www.surfbreakcabarete.com/,+1 8299214080,Romario,osm-dominican-republic-hotel-focused-2026-05-20,2026-05-20T19:38:55.292Z,pending,none,needs_research,surfbreak cabarete|19.7759|-70.4445,90,high,node,guest_house,missingCity
node/9054291383,OpenStreetMap,osm,ODbL,https://www.openstreetmap.org/node/9054291383,Class Colonial,205 Calle Espaillat,,Dominican Republic,18.4715749,-69.8901103,,+1 809 6884044,,osm-dominican-republic-hotel-focused-2026-05-20,2026-05-20T19:38:55.292Z,pending,none,needs_research,class colonial|18.4716|-69.8901,70,high,node,hotel,missingCity; missingWebsite
node/9143633569,OpenStreetMap,osm,ODbL,https://www.openstreetmap.org/node/9143633569,La Serenissima,,,Dominican Republic,19.3238104,-69.5016129,,,,osm-dominican-republic-hotel-focused-2026-05-20,2026-05-20T19:38:55.292Z,pending,none,needs_research,la serenissima|19.3238|-69.5016,55,medium,node,hotel,missingCity; missingWebsite; missingPhone
node/9165301517,OpenStreetMap,osm,ODbL,https://www.openstreetmap.org/node/9165301517,Unique Exotic Hotel,"El Valle road, km 7,5 El Valle, Samaná, 32000",,Dominican Republic,19.2753578,-69.3328925,,,,osm-dominican-republic-hotel-focused-2026-05-20,2026-05-20T19:38:55.292Z,pending,none,needs_research,unique exotic hotel|19.2754|-69.3329,60,medium,node,hotel,missingCity; missingWebsite; missingPhone
node/9167682913,OpenStreetMap,osm,ODbL,https://www.openstreetmap.org/node/9167682913,Hotel Naragua,,,Dominican Republic,18.6449754,-68.356058,,,Hotel,osm-dominican-republic-hotel-focused-2026-05-20,2026-05-20T19:38:55.292Z,pending,none,needs_research,hotel naragua|18.645|-68.3561,65,medium,node,hotel,missingCity; missingWebsite; missingPhone
node/9184126458,OpenStreetMap,osm,ODbL,https://www.openstreetmap.org/node/9184126458,Hostel La Junglita,,,Dominican Republic,19.2904801,-69.2016338,,,,osm-dominican-republic-hotel-focused-2026-05-20,2026-05-20T19:38:55.292Z,pending,none,needs_research,hostel la junglita|19.2905|-69.2016,55,medium,node,hostel,missingCity; missingWebsite; missingPhone
node/9184126460,OpenStreetMap,osm,ODbL,https://www.openstreetmap.org/node/9184126460,La Orilla Las Galeras,,,Dominican Republic,19.2912786,-69.2114874,,,,osm-dominican-republic-hotel-focused-2026-05-20,2026-05-20T19:38:55.292Z,pending,none,needs_research,la orilla las galeras|19.2913|-69.2115,55,medium,node,hotel,missingCity; missingWebsite; missingPhone
node/9284022017,OpenStreetMap,osm,ODbL,https://www.openstreetmap.org/node/9284022017,Hotel Boutique Santiago Apostol,E. L. Eikman,,Dominican Republic,19.4627563,-70.6905609,http://hotelboutique-santiagoapostol.com,+1 (809) 806-1692,,osm-dominican-republic-hotel-focused-2026-05-20,2026-05-20T19:38:55.292Z,pending,none,needs_research,hotel boutique santiago apostol|19.4628|-70.6906,85,high,node,hotel,missingCity
node/9296353657,OpenStreetMap,osm,ODbL,https://www.openstreetmap.org/node/9296353657,"Radisson Blu Resort & Residence, Punta Cana","Punta Cana, 23000",Punta Cana,Dominican Republic,18.6470019,-68.3568795,https://www.radissonhotelsamericas.com/en-us/hotels/radisson-blu-resort-punta-cana,,Radisson Blu,osm-dominican-republic-hotel-focused-2026-05-20,2026-05-20T19:38:55.292Z,pending,none,needs_research,"radisson blu resort & residence, punta cana|punta cana|dominican republic",100,high,node,hotel,missingPhone
node/9296353739,OpenStreetMap,osm,ODbL,https://www.openstreetmap.org/node/9296353739,AC Hotel by Marriott Punta Cana,"9 Avenida Barceló, Punta Cana, 23301",Punta Cana,Dominican Republic,18.6405432,-68.3974202,https://www.marriott.com/hotels/travel/PUJAC-ac-hotel-punta-cana/,,AC Hotel,osm-dominican-republic-hotel-focused-2026-05-20,2026-05-20T19:38:55.292Z,pending,none,needs_research,ac hotel by marriott punta cana|punta cana|dominican republic,100,high,node,hotel,missingPhone
node/9320997860,OpenStreetMap,osm,ODbL,https://www.openstreetmap.org/node/9320997860,Oasi Encantada Beach Resort,,,Dominican Republic,18.1057992,-71.0753531,https://hotel-oasi-encantada.negocio.site/,(849) 357-2473,,osm-dominican-republic-hotel-focused-2026-05-20,2026-05-20T19:38:55.292Z,pending,none,needs_research,oasi encantada beach resort|18.1058|-71.0754,80,high,node,hotel,missingCity
node/9330856129,OpenStreetMap,osm,ODbL,https://www.openstreetmap.org/node/9330856129,Hotel Savas Salinas,Frente a las Dunas de Bani,,Dominican Republic,18.2137295,-70.5310742,https://sava.do/,(809) 323-1965,,osm-dominican-republic-hotel-focused-2026-05-20,2026-05-20T19:38:55.292Z,pending,none,needs_research,hotel savas salinas|18.2137|-70.5311,85,high,node,hotel,missingCity
node/9381445917,OpenStreetMap,osm,ODbL,https://www.openstreetmap.org/node/9381445917,Ocean El Faro,,,Dominican Republic,18.7879156,-68.5667793,,,,osm-dominican-republic-hotel-focused-2026-05-20,2026-05-20T19:38:55.292Z,pending,none,needs_research,ocean el faro|18.7879|-68.5668,55,medium,node,hotel,missingCity; missingWebsite; missingPhone
node/9470231876,OpenStreetMap,osm,ODbL,https://www.openstreetmap.org/node/9470231876,Gasque,,,Dominican Republic,18.4668758,-69.8964033,,,,osm-dominican-republic-hotel-focused-2026-05-20,2026-05-20T19:38:55.292Z,pending,none,needs_research,gasque|18.4669|-69.8964,55,medium,node,hotel,missingCity; missingWebsite; missingPhone
node/9483852883,OpenStreetMap,osm,ODbL,https://www.openstreetmap.org/node/9483852883,Hotel Caribani,"12 B Calle Padre Billini, 94000",,Dominican Republic,18.279903,-70.3332046,,8095223871,,osm-dominican-republic-hotel-focused-2026-05-20,2026-05-20T19:38:55.292Z,pending,none,needs_research,hotel caribani|18.2799|-70.3332,70,high,node,hotel,missingCity; missingWebsite
node/9490531017,OpenStreetMap,osm,ODbL,https://www.openstreetmap.org/node/9490531017,Hotel park,,,Dominican Republic,18.2080208,-71.0990468,,,,osm-dominican-republic-hotel-focused-2026-05-20,2026-05-20T19:38:55.292Z,pending,none,needs_research,hotel park|18.208|-71.099,55,medium,node,hostel,missingCity; missingWebsite; missingPhone
node/9525549270,OpenStreetMap,osm,ODbL,https://www.openstreetmap.org/node/9525549270,Bamboojam Villa,,,Dominican Republic,19.3057124,-69.558459,bamboojamvilla.com,,,osm-dominican-republic-hotel-focused-2026-05-20,2026-05-20T19:38:55.292Z,pending,none,needs_research,bamboojam villa|19.3057|-69.5585,70,high,node,guest_house,missingCity; missingPhone
node/9566324244,OpenStreetMap,osm,ODbL,https://www.openstreetmap.org/node/9566324244,Las Puertas Del Paraiso,,,Dominican Republic,19.6432241,-70.0578806,,,,osm-dominican-republic-hotel-focused-2026-05-20,2026-05-20T19:38:55.292Z,pending,none,needs_research,las puertas del paraiso|19.6432|-70.0579,55,medium,node,hotel,missingCity; missingWebsite; missingPhone
node/9631615727,OpenStreetMap,osm,ODbL,https://www.openstreetmap.org/node/9631615727,Terramar,,,Dominican Republic,19.6402205,-69.9010572,,,,osm-dominican-republic-hotel-focused-2026-05-20,2026-05-20T19:38:55.292Z,pending,none,needs_research,terramar|19.6402|-69.9011,55,medium,node,hotel,missingCity; missingWebsite; missingPhone
node/9668071343,OpenStreetMap,osm,ODbL,https://www.openstreetmap.org/node/9668071343,El Encuentro Surf Lodge,,,Dominican Republic,19.7789266,-70.4500804,https://elencuentrosurflodge.com/,,,osm-dominican-republic-hotel-focused-2026-05-20,2026-05-20T19:38:55.292Z,pending,none,needs_research,el encuentro surf lodge|19.7789|-70.4501,70,high,node,hotel,missingCity; missingPhone
node/9671944817,OpenStreetMap,osm,ODbL,https://www.openstreetmap.org/node/9671944817,Heidy’s Guesthouse,257 Calle Isabel la Católica,,Dominican Republic,18.4770715,-69.8839962,,,,osm-dominican-republic-hotel-focused-2026-05-20,2026-05-20T19:38:55.292Z,pending,none,needs_research,heidy’s guesthouse|18.4771|-69.884,60,medium,node,guest_house,missingCity; missingWebsite; missingPhone
node/9856719770,OpenStreetMap,osm,ODbL,https://www.openstreetmap.org/node/9856719770,Hotel Villa La Plantacion,"8 calle adriano reyes, Las Galeras, 32000",Las Galeras,Dominican Republic,19.2905418,-69.1975057,https://villalaplantacion.com,+1 829 9169055,,osm-dominican-republic-hotel-focused-2026-05-20,2026-05-20T19:38:55.292Z,pending,none,needs_research,hotel villa la plantacion|las galeras|dominican republic,100,high,node,hotel,
node/10093756817,OpenStreetMap,osm,ODbL,https://www.openstreetmap.org/node/10093756817,Casa de Bethania,,,Dominican Republic,19.4605656,-70.6757994,,,,osm-dominican-republic-hotel-focused-2026-05-20,2026-05-20T19:38:55.292Z,pending,none,needs_research,casa de bethania|19.4606|-70.6758,55,medium,node,guest_house,missingCity; missingWebsite; missingPhone
node/10095525617,OpenStreetMap,osm,ODbL,https://www.openstreetmap.org/node/10095525617,Catalina Tropical Lodge,,,Dominican Republic,19.6442174,-69.9262502,,,,osm-dominican-republic-hotel-focused-2026-05-20,2026-05-20T19:38:55.292Z,pending,none,needs_research,catalina tropical lodge|19.6442|-69.9263,55,medium,node,hotel,missingCity; missingWebsite; missingPhone
node/10176619116,OpenStreetMap,osm,ODbL,https://www.openstreetmap.org/node/10176619116,Hacienda La Promesa,,,Dominican Republic,18.7136243,-69.9023877,,,,osm-dominican-republic-hotel-focused-2026-05-20,2026-05-20T19:38:55.292Z,pending,none,needs_research,hacienda la promesa|18.7136|-69.9024,55,medium,node,hotel,missingCity; missingWebsite; missingPhone
node/10208337426,OpenStreetMap,osm,ODbL,https://www.openstreetmap.org/node/10208337426,The water melon house,,,Dominican Republic,19.2067839,-69.3281173,,,,osm-dominican-republic-hotel-focused-2026-05-20,2026-05-20T19:38:55.292Z,pending,none,needs_research,the water melon house|19.2068|-69.3281,55,medium,node,hostel,missingCity; missingWebsite; missingPhone
node/10262424309,OpenStreetMap,osm,ODbL,https://www.openstreetmap.org/node/10262424309,Villa Paula,"6 Los Puentes de Tomines/ Entrada Blanco uceta, 64000",,Dominican Republic,19.4830449,-71.3086971,,,,osm-dominican-republic-hotel-focused-2026-05-20,2026-05-20T19:38:55.292Z,pending,none,needs_research,villa paula|19.483|-71.3087,60,medium,node,guest_house,missingCity; missingWebsite; missingPhone
node/10596455107,OpenStreetMap,osm,ODbL,https://www.openstreetmap.org/node/10596455107,Hotel Glamour,Calle Juan Pablo Duarte,,Dominican Republic,18.2829821,-70.3320327,,809 522 3888,,osm-dominican-republic-hotel-focused-2026-05-20,2026-05-20T19:38:55.292Z,pending,none,needs_research,hotel glamour|18.283|-70.332,70,high,node,hotel,missingCity; missingWebsite
node/10681170892,OpenStreetMap,osm,ODbL,https://www.openstreetmap.org/node/10681170892,Triton Hotel Boutique & Restaurant,"Autovia del Este Km 45, Calle 1era",,Dominican Republic,18.4065609,-69.5048936,,,,osm-dominican-republic-hotel-focused-2026-05-20,2026-05-20T19:38:55.292Z,pending,none,needs_research,triton hotel boutique & restaurant|18.4066|-69.5049,60,medium,node,hotel,missingCity; missingWebsite; missingPhone
node/10681194938,OpenStreetMap,osm,ODbL,https://www.openstreetmap.org/node/10681194938,La Cueva del Che,Autopista Las Américas km 45 Playa Caribe,,Dominican Republic,18.4065858,-69.504759,,,,osm-dominican-republic-hotel-focused-2026-05-20,2026-05-20T19:38:55.292Z,pending,none,needs_research,la cueva del che|18.4066|-69.5048,60,medium,node,hotel,missingCity; missingWebsite; missingPhone
node/10702912612,OpenStreetMap,osm,ODbL,https://www.openstreetmap.org/node/10702912612,Villas Mana Las Terrenas,,,Dominican Republic,19.3104425,-69.5662278,,,,osm-dominican-republic-hotel-focused-2026-05-20,2026-05-20T19:38:55.292Z,pending,none,needs_research,villas mana las terrenas|19.3104|-69.5662,55,medium,node,guest_house,missingCity; missingWebsite; missingPhone
node/10716313546,OpenStreetMap,osm,ODbL,https://www.openstreetmap.org/node/10716313546,Palms Lounge,,,Dominican Republic,19.7209719,-70.3821164,,,,osm-dominican-republic-hotel-focused-2026-05-20,2026-05-20T19:38:55.292Z,pending,none,needs_research,palms lounge|19.721|-70.3821,55,medium,node,hotel,missingCity; missingWebsite; missingPhone
node/10823294756,OpenStreetMap,osm,ODbL,https://www.openstreetmap.org/node/10823294756,Domescape Glamping Miches,,,Dominican Republic,18.9846791,-68.8701632,https://www.facebook.com/domescapeglamping,,Domescape,osm-dominican-republic-hotel-focused-2026-05-20,2026-05-20T19:38:55.292Z,pending,none,needs_research,domescape glamping miches|18.9847|-68.8702,80,high,node,guest_house,missingCity; missingPhone
node/10880951451,OpenStreetMap,osm,ODbL,https://www.openstreetmap.org/node/10880951451,Hermosa Suites,,,Dominican Republic,18.6673362,-68.4155749,,,,osm-dominican-republic-hotel-focused-2026-05-20,2026-05-20T19:38:55.292Z,pending,none,needs_research,hermosa suites|18.6673|-68.4156,55,medium,node,guest_house,missingCity; missingWebsite; missingPhone
node/11035653720,OpenStreetMap,osm,ODbL,https://www.openstreetmap.org/node/11035653720,Hotel Casa Coco,"8 Calle Domínguez, Boca Chica",Boca Chica,Dominican Republic,18.4488406,-69.608473,https://hotelcasacoco.com,,,osm-dominican-republic-hotel-focused-2026-05-20,2026-05-20T19:38:55.292Z,pending,none,needs_research,hotel casa coco|boca chica|dominican republic,90,high,node,hotel,missingPhone
node/11035653721,OpenStreetMap,osm,ODbL,https://www.openstreetmap.org/node/11035653721,Bicicletas Boca Chica,,,Dominican Republic,18.4489098,-69.6084001,,,,osm-dominican-republic-hotel-focused-2026-05-20,2026-05-20T19:38:55.292Z,pending,none,needs_research,bicicletas boca chica|18.4489|-69.6084,55,medium,node,hotel,missingCity; missingWebsite; missingPhone
node/11057172205,OpenStreetMap,osm,ODbL,https://www.openstreetmap.org/node/11057172205,Casa Papa Loco,,,Dominican Republic,18.6144463,-68.4105402,,,,osm-dominican-republic-hotel-focused-2026-05-20,2026-05-20T19:38:55.292Z,pending,none,needs_research,casa papa loco|18.6144|-68.4105,55,medium,node,guest_house,missingCity; missingWebsite; missingPhone
node/11102602341,OpenStreetMap,osm,ODbL,https://www.openstreetmap.org/node/11102602341,Villa Mamanita,"Camino interno, villa altagracia, 91000",villa altagracia,Dominican Republic,18.7223211,-70.2485889,https://instagram.com/villamamanita?utm_source=qr&igshid=MzNlNGNkZWQ4Mg%3D%3D,8492012297,Villa Mamanita,osm-dominican-republic-hotel-focused-2026-05-20,2026-05-20T19:38:55.292Z,pending,none,needs_research,villa mamanita|villa altagracia|dominican republic,100,high,node,guest_house,
node/11106056290,OpenStreetMap,osm,ODbL,https://www.openstreetmap.org/node/11106056290,Villa Scooby,,,Dominican Republic,19.316302,-69.5338134,https://villascooby.com,,,osm-dominican-republic-hotel-focused-2026-05-20,2026-05-20T19:38:55.292Z,pending,none,needs_research,villa scooby|19.3163|-69.5338,70,high,node,guest_house,missingCity; missingPhone
node/11158547600,OpenStreetMap,osm,ODbL,https://www.openstreetmap.org/node/11158547600,Los Corales Beach Village Suites,,,Dominican Republic,18.6821326,-68.4126113,https://www.loscoralesvillage.com,+18099156584,Los Corales Village - Grupo Dos,osm-dominican-republic-hotel-focused-2026-05-20,2026-05-20T19:38:55.292Z,pending,none,needs_research,los corales beach village suites|18.6821|-68.4126,90,high,node,hotel,missingCity
node/11158547601,OpenStreetMap,osm,ODbL,https://www.openstreetmap.org/node/11158547601,Las Terrazas Condo Apartment,,,Dominican Republic,18.682313,-68.4138424,https://www.loscoralesvillage.com,+18099156584,Los Corales Village - Grupo Dos,osm-dominican-republic-hotel-focused-2026-05-20,2026-05-20T19:38:55.292Z,pending,none,needs_research,las terrazas condo apartment|18.6823|-68.4138,90,high,node,hotel,missingCity
node/11158547602,OpenStreetMap,osm,ODbL,https://www.openstreetmap.org/node/11158547602,Flor del Mar Condo Apartment,,,Dominican Republic,18.6830117,-68.4135393,https://www.loscoralesvillage.com,+18099156584,Los Corales Village - Grupo Dos,osm-dominican-republic-hotel-focused-2026-05-20,2026-05-20T19:38:55.292Z,pending,none,needs_research,flor del mar condo apartment|18.683|-68.4135,90,high,node,hotel,missingCity
node/11158547603,OpenStreetMap,osm,ODbL,https://www.openstreetmap.org/node/11158547603,La Piazzetta PREMIUM Suites,,,Dominican Republic,18.6821935,-68.4147892,https://www.loscoralesvillage.com,+18099156584,Los Corales Village - Grupo Dos,osm-dominican-republic-hotel-focused-2026-05-20,2026-05-20T19:38:55.292Z,pending,none,needs_research,la piazzetta premium suites|18.6822|-68.4148,90,high,node,hotel,missingCity
node/11196218131,OpenStreetMap,osm,ODbL,https://www.openstreetmap.org/node/11196218131,hotel fundacipe,,,Dominican Republic,18.0313455,-71.7456757,,,,osm-dominican-republic-hotel-focused-2026-05-20,2026-05-20T19:38:55.292Z,pending,none,needs_research,hotel fundacipe|18.0313|-71.7457,55,medium,node,hotel,missingCity; missingWebsite; missingPhone
node/11216277399,OpenStreetMap,osm,ODbL,https://www.openstreetmap.org/node/11216277399,"Marriott Miches Beach, An All-Inclusive Resort",,,Dominican Republic,18.9817594,-69.0345651,,,Marriott,osm-dominican-republic-hotel-focused-2026-05-20,2026-05-20T19:38:55.292Z,pending,none,needs_research,"marriott miches beach, an all-inclusive resort|18.9818|-69.0346",65,medium,node,hotel,missingCity; missingWebsite; missingPhone
node/11258546274,OpenStreetMap,osm,ODbL,https://www.openstreetmap.org/node/11258546274,Villa Castellamonte,,,Dominican Republic,19.6347271,-69.8959467,,,,osm-dominican-republic-hotel-focused-2026-05-20,2026-05-20T19:38:55.292Z,pending,none,needs_research,villa castellamonte|19.6347|-69.8959,55,medium,node,hotel,missingCity; missingWebsite; missingPhone
node/11628073769,OpenStreetMap,osm,ODbL,https://www.openstreetmap.org/node/11628073769,Melia caribe beach resort,,,Dominican Republic,18.6731734,-68.4145065,,,,osm-dominican-republic-hotel-focused-2026-05-20,2026-05-20T19:38:55.292Z,pending,none,needs_research,melia caribe beach resort|18.6732|-68.4145,55,medium,node,hotel,missingCity; missingWebsite; missingPhone
node/11700822269,OpenStreetMap,osm,ODbL,https://www.openstreetmap.org/node/11700822269,Pofirio rojas,,,Dominican Republic,19.2531054,-69.7248578,,8296025309,,osm-dominican-republic-hotel-focused-2026-05-20,2026-05-20T19:38:55.292Z,pending,none,needs_research,pofirio rojas|19.2531|-69.7249,65,medium,node,guest_house,missingCity; missingWebsite
node/11701328169,OpenStreetMap,osm,ODbL,https://www.openstreetmap.org/node/11701328169,Claudio Polanco,,,Dominican Republic,19.2277305,-69.6189437,,8492038493,,osm-dominican-republic-hotel-focused-2026-05-20,2026-05-20T19:38:55.292Z,pending,none,needs_research,claudio polanco|19.2277|-69.6189,65,medium,node,guest_house,missingCity; missingWebsite
node/11701333069,OpenStreetMap,osm,ODbL,https://www.openstreetmap.org/node/11701333069,Claudio Polanco,,,Dominican Republic,19.2278106,-69.619011,,8492038493,,osm-dominican-republic-hotel-focused-2026-05-20,2026-05-20T19:38:55.292Z,pending,none,needs_research,claudio polanco|19.2278|-69.619,65,medium,node,guest_house,missingCity; missingWebsite
node/11724531571,OpenStreetMap,osm,ODbL,https://www.openstreetmap.org/node/11724531571,Francisco Villar,,,Dominican Republic,19.3016785,-70.3832786,,8292729908,,osm-dominican-republic-hotel-focused-2026-05-20,2026-05-20T19:38:55.292Z,pending,none,needs_research,francisco villar|19.3017|-70.3833,65,medium,node,guest_house,missingCity; missingWebsite
node/11724680769,OpenStreetMap,osm,ODbL,https://www.openstreetmap.org/node/11724680769,Mario María Toribio,,,Dominican Republic,19.3048008,-70.3967598,,,,osm-dominican-republic-hotel-focused-2026-05-20,2026-05-20T19:38:55.292Z,pending,none,needs_research,mario maria toribio|19.3048|-70.3968,55,medium,node,guest_house,missingCity; missingWebsite; missingPhone
node/11724857670,OpenStreetMap,osm,ODbL,https://www.openstreetmap.org/node/11724857670,Roberto Robinson,,,Dominican Republic,19.3676589,-70.431625,,,,osm-dominican-republic-hotel-focused-2026-05-20,2026-05-20T19:38:55.292Z,pending,none,needs_research,roberto robinson|19.3677|-70.4316,55,medium,node,guest_house,missingCity; missingWebsite; missingPhone
node/11724900469,OpenStreetMap,osm,ODbL,https://www.openstreetmap.org/node/11724900469,José Alejandro Payan,,,Dominican Republic,19.3656361,-70.4351058,,,,osm-dominican-republic-hotel-focused-2026-05-20,2026-05-20T19:38:55.292Z,pending,none,needs_research,jose alejandro payan|19.3656|-70.4351,55,medium,node,guest_house,missingCity; missingWebsite; missingPhone
node/11725161869,OpenStreetMap,osm,ODbL,https://www.openstreetmap.org/node/11725161869,Rafael Severino,,,Dominican Republic,19.3619329,-70.4409893,,,,osm-dominican-republic-hotel-focused-2026-05-20,2026-05-20T19:38:55.292Z,pending,none,needs_research,rafael severino|19.3619|-70.441,55,medium,node,guest_house,missingCity; missingWebsite; missingPhone
node/11725181469,OpenStreetMap,osm,ODbL,https://www.openstreetmap.org/node/11725181469,Ana Mercedes Joaquín,,,Dominican Republic,19.362502,-70.4470846,,,,osm-dominican-republic-hotel-focused-2026-05-20,2026-05-20T19:38:55.292Z,pending,none,needs_research,ana mercedes joaquin|19.3625|-70.4471,55,medium,node,guest_house,missingCity; missingWebsite; missingPhone
node/11732267879,OpenStreetMap,osm,ODbL,https://www.openstreetmap.org/node/11732267879,"Hotel Santiago, Curio Collection by Hilton","Av. Juan Pablo Duarte Esq, Santiago de los Caballeros, 51000",Santiago de los Caballeros,Dominican Republic,19.4581742,-70.6866037,https://www.hilton.com/en/hotels/stisaqq-hotel-santiago/?SEO_id=GMB-AMER-QQ-STISAQQ&y_source=1_OTgxMzcxNjUtNzE1LWxvY2F0aW9uLndlYnNpdGU%3D,+1 809 894 7000,Hilton,osm-dominican-republic-hotel-focused-2026-05-20,2026-05-20T19:38:55.292Z,pending,none,needs_research,"hotel santiago, curio collection by hilton|santiago de los caballeros|dominican republic",100,high,node,hotel,
node/11766192870,OpenStreetMap,osm,ODbL,https://www.openstreetmap.org/node/11766192870,Nelson Yunior Meléndez,,,Dominican Republic,19.2579614,-69.5656663,,,,osm-dominican-republic-hotel-focused-2026-05-20,2026-05-20T19:38:55.292Z,pending,none,needs_research,nelson yunior melendez|19.258|-69.5657,55,medium,node,guest_house,missingCity; missingWebsite; missingPhone
node/11766386269,OpenStreetMap,osm,ODbL,https://www.openstreetmap.org/node/11766386269,César Javier de la Cruz,,,Dominican Republic,19.2220725,-69.5463026,,,,osm-dominican-republic-hotel-focused-2026-05-20,2026-05-20T19:38:55.292Z,pending,none,needs_research,cesar javier de la cruz|19.2221|-69.5463,55,medium,node,guest_house,missingCity; missingWebsite; missingPhone
node/11826535303,OpenStreetMap,osm,ODbL,https://www.openstreetmap.org/node/11826535303,Gato Colonial,,,Dominican Republic,18.4761299,-69.88602,,,,osm-dominican-republic-hotel-focused-2026-05-20,2026-05-20T19:38:55.292Z,pending,none,needs_research,gato colonial|18.4761|-69.886,55,medium,node,hostel,missingCity; missingWebsite; missingPhone
node/11831271471,OpenStreetMap,osm,ODbL,https://www.openstreetmap.org/node/11831271471,Watermelon House,,,Dominican Republic,19.2060468,-69.3314173,,,,osm-dominican-republic-hotel-focused-2026-05-20,2026-05-20T19:38:55.292Z,pending,none,needs_research,watermelon house|19.206|-69.3314,55,medium,node,hostel,missingCity; missingWebsite; missingPhone
node/11844917769,OpenStreetMap,osm,ODbL,https://www.openstreetmap.org/node/11844917769,Ramón,,,Dominican Republic,19.2269333,-69.6199533,,,,osm-dominican-republic-hotel-focused-2026-05-20,2026-05-20T19:38:55.292Z,pending,none,needs_research,ramon|19.2269|-69.62,55,medium,node,guest_house,missingCity; missingWebsite; missingPhone
node/11847656972,OpenStreetMap,osm,ODbL,https://www.openstreetmap.org/node/11847656972,Sola de Alexander en Hipódromo,,,Dominican Republic,18.4815905,-69.7873467,,,,osm-dominican-republic-hotel-focused-2026-05-20,2026-05-20T19:38:55.292Z,pending,none,needs_research,sola de alexander en hipodromo|18.4816|-69.7873,55,medium,node,guest_house,missingCity; missingWebsite; missingPhone
node/11874240474,OpenStreetMap,osm,ODbL,https://www.openstreetmap.org/node/11874240474,Hotel Garrido,"Calle 13, Higuey",Higuey,Dominican Republic,18.5940052,-68.7163504,,,,osm-dominican-republic-hotel-focused-2026-05-20,2026-05-20T19:38:55.292Z,pending,none,needs_research,hotel garrido|higuey|dominican republic,75,high,node,hotel,missingWebsite; missingPhone
node/12038454403,OpenStreetMap,osm,ODbL,https://www.openstreetmap.org/node/12038454403,madame aparta hotel,Pedernales,Pedernales,Dominican Republic,18.0327721,-71.7393289,,+1 849-473-0730,,osm-dominican-republic-hotel-focused-2026-05-20,2026-05-20T19:38:55.292Z,pending,none,needs_research,madame aparta hotel|pedernales|dominican republic,85,high,node,hotel,missingWebsite
node/12044776625,OpenStreetMap,osm,ODbL,https://www.openstreetmap.org/node/12044776625,Hotel Óleo Méndez,,,Dominican Republic,18.0353108,-71.7424865,,,,osm-dominican-republic-hotel-focused-2026-05-20,2026-05-20T19:38:55.292Z,pending,none,needs_research,hotel oleo mendez|18.0353|-71.7425,55,medium,node,hotel,missingCity; missingWebsite; missingPhone
node/12044776626,OpenStreetMap,osm,ODbL,https://www.openstreetmap.org/node/12044776626,hotel adelaida,,,Dominican Republic,18.0352853,-71.7422724,,,,osm-dominican-republic-hotel-focused-2026-05-20,2026-05-20T19:38:55.292Z,pending,none,needs_research,hotel adelaida|18.0353|-71.7423,55,medium,node,hotel,missingCity; missingWebsite; missingPhone
node/12044785937,OpenStreetMap,osm,ODbL,https://www.openstreetmap.org/node/12044785937,hotel Isla beata,,,Dominican Republic,18.0394733,-71.7419535,,,,osm-dominican-republic-hotel-focused-2026-05-20,2026-05-20T19:38:55.292Z,pending,none,needs_research,hotel isla beata|18.0395|-71.742,55,medium,node,hotel,missingCity; missingWebsite; missingPhone
node/12044986428,OpenStreetMap,osm,ODbL,https://www.openstreetmap.org/node/12044986428,restauran,,,Dominican Republic,18.8088021,-71.0092908,,,,osm-dominican-republic-hotel-focused-2026-05-20,2026-05-20T19:38:55.292Z,pending,none,needs_research,restauran|18.8088|-71.0093,55,medium,node,hotel,missingCity; missingWebsite; missingPhone
node/12536259200,OpenStreetMap,osm,ODbL,https://www.openstreetmap.org/node/12536259200,Cabarete Morning Breeze,,,Dominican Republic,19.750541,-70.4050465,,+18095710585,,osm-dominican-republic-hotel-focused-2026-05-20,2026-05-20T19:38:55.292Z,pending,none,needs_research,cabarete morning breeze|19.7505|-70.405,65,medium,node,hotel,missingCity; missingWebsite
node/12542637990,OpenStreetMap,osm,ODbL,https://www.openstreetmap.org/node/12542637990,Hotel Teresa,,,Dominican Republic,19.6471878,-70.076313,,,,osm-dominican-republic-hotel-focused-2026-05-20,2026-05-20T19:38:55.292Z,pending,none,needs_research,hotel teresa|19.6472|-70.0763,55,medium,node,hotel,missingCity; missingWebsite; missingPhone
node/12546573956,OpenStreetMap,osm,ODbL,https://www.openstreetmap.org/node/12546573956,Riviera Punta Cana,,,Dominican Republic,18.6857465,-68.4176638,,,,osm-dominican-republic-hotel-focused-2026-05-20,2026-05-20T19:38:55.292Z,pending,none,needs_research,riviera punta cana|18.6857|-68.4177,55,medium,node,hotel,missingCity; missingWebsite; missingPhone
node/12546573958,OpenStreetMap,osm,ODbL,https://www.openstreetmap.org/node/12546573958,Honky Tonky Punta Cana,,,Dominican Republic,18.6856499,-68.4178972,,,,osm-dominican-republic-hotel-focused-2026-05-20,2026-05-20T19:38:55.292Z,pending,none,needs_research,honky tonky punta cana|18.6856|-68.4179,55,medium,node,hotel,missingCity; missingWebsite; missingPhone
node/12546573960,OpenStreetMap,osm,ODbL,https://www.openstreetmap.org/node/12546573960,Noé Hotel,,,Dominican Republic,18.6839606,-68.421439,,,,osm-dominican-republic-hotel-focused-2026-05-20,2026-05-20T19:38:55.292Z,pending,none,needs_research,noe hotel|18.684|-68.4214,55,medium,node,hotel,missingCity; missingWebsite; missingPhone
node/12659951042,OpenStreetMap,osm,ODbL,https://www.openstreetmap.org/node/12659951042,Rig Hotel Boutique,,,Dominican Republic,18.4679487,-69.8904433,,,,osm-dominican-republic-hotel-focused-2026-05-20,2026-05-20T19:38:55.292Z,pending,none,needs_research,rig hotel boutique|18.4679|-69.8904,55,medium,node,hotel,missingCity; missingWebsite; missingPhone
node/12798112370,OpenStreetMap,osm,ODbL,https://www.openstreetmap.org/node/12798112370,Hotel & Apartments Buchen,"13 Calle 27 de Febrero, Samaná, 32000",Samaná,Dominican Republic,19.2050438,-69.3313655,https://gosamana-dominicanrepublic.com/buchen-apartments-samana-town.html,+1-829-364-3025,,osm-dominican-republic-hotel-focused-2026-05-20,2026-05-20T19:38:55.292Z,pending,none,needs_research,hotel & apartments buchen|samana|dominican republic,100,high,node,hotel,
node/12818363772,OpenStreetMap,osm,ODbL,https://www.openstreetmap.org/node/12818363772,Holiday Inn Santo Domingo,,,Dominican Republic,18.4762894,-69.9364942,,,Holiday Inn,osm-dominican-republic-hotel-focused-2026-05-20,2026-05-20T19:38:55.292Z,pending,none,needs_research,holiday inn santo domingo|18.4763|-69.9365,65,medium,node,hotel,missingCity; missingWebsite; missingPhone
node/12849541339,OpenStreetMap,osm,ODbL,https://www.openstreetmap.org/node/12849541339,Hotel Faranda Single 1,,,Dominican Republic,18.6337841,-68.3972712,https://www.farandahotels.com/hotel/faranda-single-1-punta-cana,,,osm-dominican-republic-hotel-focused-2026-05-20,2026-05-20T19:38:55.292Z,pending,none,needs_research,hotel faranda single 1|18.6338|-68.3973,70,high,node,hotel,missingCity; missingPhone
node/12914358579,OpenStreetMap,osm,ODbL,https://www.openstreetmap.org/node/12914358579,Leysi's Garden,"Carretera El Valle, Samana",Samana,Dominican Republic,19.2791306,-69.3318864,https://www.instagram.com/leisysgarden/?hl=es,+1 (829) 386-4733,,osm-dominican-republic-hotel-focused-2026-05-20,2026-05-20T19:38:55.292Z,pending,none,needs_research,leysi's garden|samana|dominican republic,100,high,node,hostel,
node/12919682928,OpenStreetMap,osm,ODbL,https://www.openstreetmap.org/node/12919682928,Hotel el Escondite,"Calle Francisco del Rosario Sánchez, Samana, 32000",Samana,Dominican Republic,19.3125793,-69.5469487,,+1 (809) 427-3244,,osm-dominican-republic-hotel-focused-2026-05-20,2026-05-20T19:38:55.292Z,pending,none,needs_research,hotel el escondite|samana|dominican republic,85,high,node,hotel,missingWebsite
node/12947207545,OpenStreetMap,osm,ODbL,https://www.openstreetmap.org/node/12947207545,hotel villasol Pedernales,"Joaquín balaguer, Pedernales",Pedernales,Dominican Republic,18.0393934,-71.734728,,+18096092788,,osm-dominican-republic-hotel-focused-2026-05-20,2026-05-20T19:38:55.292Z,pending,none,needs_research,hotel villasol pedernales|pedernales|dominican republic,85,high,node,hotel,missingWebsite
node/12947286799,OpenStreetMap,osm,ODbL,https://www.openstreetmap.org/node/12947286799,HOTEL MADRID,Pedernales,Pedernales,Dominican Republic,18.0347666,-71.7358322,,+1 809-696-4959,,osm-dominican-republic-hotel-focused-2026-05-20,2026-05-20T19:38:55.292Z,pending,none,needs_research,hotel madrid|pedernales|dominican republic,85,high,node,hotel,missingWebsite
node/12947329313,OpenStreetMap,osm,ODbL,https://www.openstreetmap.org/node/12947329313,La casa de mamita,,,Dominican Republic,18.0369261,-71.743666,,,,osm-dominican-republic-hotel-focused-2026-05-20,2026-05-20T19:38:55.292Z,pending,none,needs_research,la casa de mamita|18.0369|-71.7437,55,medium,node,motel,missingCity; missingWebsite; missingPhone
node/12947329314,OpenStreetMap,osm,ODbL,https://www.openstreetmap.org/node/12947329314,Hotel Casa Oasis,,,Dominican Republic,18.0354993,-71.7476954,,+1 809-467-0062,,osm-dominican-republic-hotel-focused-2026-05-20,2026-05-20T19:38:55.292Z,pending,none,needs_research,hotel casa oasis|18.0355|-71.7477,65,medium,node,hotel,missingCity; missingWebsite
node/12952042987,OpenStreetMap,osm,ODbL,https://www.openstreetmap.org/node/12952042987,Hotel Decameron (CERRADO),,,Dominican Republic,18.4288705,-69.4073696,,,,osm-dominican-republic-hotel-focused-2026-05-20,2026-05-20T19:38:55.292Z,pending,none,needs_research,hotel decameron (cerrado)|18.4289|-69.4074,55,medium,node,hotel,missingCity; missingWebsite; missingPhone
node/12961247392,OpenStreetMap,osm,ODbL,https://www.openstreetmap.org/node/12961247392,Hilton Garden Inn La Romana,,,Dominican Republic,18.4029461,-68.989494,,,Hilton Garden Inn,osm-dominican-republic-hotel-focused-2026-05-20,2026-05-20T19:38:55.292Z,pending,none,needs_research,hilton garden inn la romana|18.4029|-68.9895,65,medium,node,hotel,missingCity; missingWebsite; missingPhone
node/12998607201,OpenStreetMap,osm,ODbL,https://www.openstreetmap.org/node/12998607201,Impressive Punta Cana - All Inclusive,"AB 108 Avenida Alemania, 23000",,Dominican Republic,18.6884029,-68.4182155,,,,osm-dominican-republic-hotel-focused-2026-05-20,2026-05-20T19:38:55.292Z,pending,none,needs_research,impressive punta cana - all inclusive|18.6884|-68.4182,60,medium,node,hotel,missingCity; missingWebsite; missingPhone
node/12998788201,OpenStreetMap,osm,ODbL,https://www.openstreetmap.org/node/12998788201,Hotel Bocaino,"Calle Mella Boca de Yuma, 23000",,Dominican Republic,18.3741788,-68.6101255,,,,osm-dominican-republic-hotel-focused-2026-05-20,2026-05-20T19:38:55.292Z,pending,none,needs_research,hotel bocaino|18.3742|-68.6101,60,medium,node,hotel,missingCity; missingWebsite; missingPhone
node/13050362262,OpenStreetMap,osm,ODbL,https://www.openstreetmap.org/node/13050362262,Hostal Shivas,"Km #8 Carretera El Valle, El Valle, Samana, 35000","El Valle, Samana",Dominican Republic,19.279798,-69.3315889,https://www.instagram.com/ganeshvillage/,+1 (809) 769-1723,,osm-dominican-republic-hotel-focused-2026-05-20,2026-05-20T19:38:55.292Z,pending,none,needs_research,"hostal shivas|el valle, samana|dominican republic",100,high,node,hostel,
node/13081433749,OpenStreetMap,osm,ODbL,https://www.openstreetmap.org/node/13081433749,Viva Dominicus Beach by Wyndham,,,Dominican Republic,18.3490053,-68.8288237,https://vivaresortsbywyndham.com/viva-dominicus-beach/,,,osm-dominican-republic-hotel-focused-2026-05-20,2026-05-20T19:38:55.292Z,pending,none,needs_research,viva dominicus beach by wyndham|18.349|-68.8288,70,high,node,hotel,missingCity; missingPhone
node/13154430213,OpenStreetMap,osm,ODbL,https://www.openstreetmap.org/node/13154430213,Motel El Triangulo,,,Dominican Republic,19.0578696,-69.3888504,,,,osm-dominican-republic-hotel-focused-2026-05-20,2026-05-20T19:38:55.292Z,pending,none,needs_research,motel el triangulo|19.0579|-69.3889,55,medium,node,motel,missingCity; missingWebsite; missingPhone
node/13154430322,OpenStreetMap,osm,ODbL,https://www.openstreetmap.org/node/13154430322,Antiguo Hotel El 3,,,Dominican Republic,19.0298779,-69.3851036,,,,osm-dominican-republic-hotel-focused-2026-05-20,2026-05-20T19:38:55.292Z,pending,none,needs_research,antiguo hotel el 3|19.0299|-69.3851,55,medium,node,hotel,missingCity; missingWebsite; missingPhone
node/13165874914,OpenStreetMap,osm,ODbL,https://www.openstreetmap.org/node/13165874914,Casa Barbara Las Terrenas,"25 Calle Rancho La Playa, Las Terrenas, 32200",Las Terrenas,Dominican Republic,19.3173495,-69.5419982,https://www.casabarbara.net,+1 809-899-1511,,osm-dominican-republic-hotel-focused-2026-05-20,2026-05-20T19:38:55.292Z,pending,none,needs_research,casa barbara las terrenas|las terrenas|dominican republic,100,high,node,guest_house,
node/13231723317,OpenStreetMap,osm,ODbL,https://www.openstreetmap.org/node/13231723317,Hotel karymi,,,Dominican Republic,18.0374862,-71.7424113,,,,osm-dominican-republic-hotel-focused-2026-05-20,2026-05-20T19:38:55.292Z,pending,none,needs_research,hotel karymi|18.0375|-71.7424,55,medium,node,hotel,missingCity; missingWebsite; missingPhone
node/13231723318,OpenStreetMap,osm,ODbL,https://www.openstreetmap.org/node/13231723318,Hostal y Restaurant Doña Cuca Jordan,,,Dominican Republic,18.0381329,-71.7424954,,,,osm-dominican-republic-hotel-focused-2026-05-20,2026-05-20T19:38:55.292Z,pending,none,needs_research,hostal y restaurant dona cuca jordan|18.0381|-71.7425,55,medium,node,hotel,missingCity; missingWebsite; missingPhone
node/13231723319,OpenStreetMap,osm,ODbL,https://www.openstreetmap.org/node/13231723319,hostal rincónsito cibaeño,,,Dominican Republic,18.0381696,-71.7420836,,,,osm-dominican-republic-hotel-focused-2026-05-20,2026-05-20T19:38:55.292Z,pending,none,needs_research,hostal rinconsito cibaeno|18.0382|-71.7421,55,medium,node,hotel,missingCity; missingWebsite; missingPhone
node/13231723320,OpenStreetMap,osm,ODbL,https://www.openstreetmap.org/node/13231723320,hotel la flor de ale,,,Dominican Republic,18.0369895,-71.7425103,,,,osm-dominican-republic-hotel-focused-2026-05-20,2026-05-20T19:38:55.292Z,pending,none,needs_research,hotel la flor de ale|18.037|-71.7425,55,medium,node,hotel,missingCity; missingWebsite; missingPhone
node/13231723321,OpenStreetMap,osm,ODbL,https://www.openstreetmap.org/node/13231723321,hotel zoila antonio,,,Dominican Republic,18.0368925,-71.7428788,,,,osm-dominican-republic-hotel-focused-2026-05-20,2026-05-20T19:38:55.292Z,pending,none,needs_research,hotel zoila antonio|18.0369|-71.7429,55,medium,node,hotel,missingCity; missingWebsite; missingPhone
node/13278847933,OpenStreetMap,osm,ODbL,https://www.openstreetmap.org/node/13278847933,"Villas Maranata, Las Terrenas",,,Dominican Republic,19.295938,-69.5959483,,,,osm-dominican-republic-hotel-focused-2026-05-20,2026-05-20T19:38:55.292Z,pending,none,needs_research,"villas maranata, las terrenas|19.2959|-69.5959",55,medium,node,hotel,missingCity; missingWebsite; missingPhone
node/13278847939,OpenStreetMap,osm,ODbL,https://www.openstreetmap.org/node/13278847939,Hotel Playa Coson,,,Dominican Republic,19.2955595,-69.5981861,,,,osm-dominican-republic-hotel-focused-2026-05-20,2026-05-20T19:38:55.292Z,pending,none,needs_research,hotel playa coson|19.2956|-69.5982,55,medium,node,hotel,missingCity; missingWebsite; missingPhone
node/13311173931,OpenStreetMap,osm,ODbL,https://www.openstreetmap.org/node/13311173931,The Hub by Acunmedya,,,Dominican Republic,18.4395961,-68.8697398,,,,osm-dominican-republic-hotel-focused-2026-05-20,2026-05-20T19:38:55.292Z,pending,none,needs_research,the hub by acunmedya|18.4396|-68.8697,55,medium,node,hotel,missingCity; missingWebsite; missingPhone
node/13322473574,OpenStreetMap,osm,ODbL,https://www.openstreetmap.org/node/13322473574,hotel undanda,,,Dominican Republic,18.0382628,-71.7494698,,,,osm-dominican-republic-hotel-focused-2026-05-20,2026-05-20T19:38:55.292Z,pending,none,needs_research,hotel undanda|18.0383|-71.7495,55,medium,node,hotel,missingCity; missingWebsite; missingPhone
node/13322473576,OpenStreetMap,osm,ODbL,https://www.openstreetmap.org/node/13322473576,hotel Ruber,,,Dominican Republic,18.0380948,-71.749211,,,,osm-dominican-republic-hotel-focused-2026-05-20,2026-05-20T19:38:55.292Z,pending,none,needs_research,hotel ruber|18.0381|-71.7492,55,medium,node,hotel,missingCity; missingWebsite; missingPhone
node/13322963399,OpenStreetMap,osm,ODbL,https://www.openstreetmap.org/node/13322963399,sfm hotel,,,Dominican Republic,18.0344212,-71.7432088,,,,osm-dominican-republic-hotel-focused-2026-05-20,2026-05-20T19:38:55.292Z,pending,none,needs_research,sfm hotel|18.0344|-71.7432,55,medium,node,motel,missingCity; missingWebsite; missingPhone
node/13323009901,OpenStreetMap,osm,ODbL,https://www.openstreetmap.org/node/13323009901,hotel pegui,,,Dominican Republic,18.0345657,-71.7433899,,,,osm-dominican-republic-hotel-focused-2026-05-20,2026-05-20T19:38:55.292Z,pending,none,needs_research,hotel pegui|18.0346|-71.7434,55,medium,node,motel,missingCity; missingWebsite; missingPhone
node/13424222116,OpenStreetMap,osm,ODbL,https://www.openstreetmap.org/node/13424222116,Cabañas La Uni,,,Dominican Republic,18.4248245,-69.9940327,,,,osm-dominican-republic-hotel-focused-2026-05-20,2026-05-20T19:38:55.292Z,pending,none,needs_research,cabanas la uni|18.4248|-69.994,55,medium,node,motel,missingCity; missingWebsite; missingPhone
node/13424222118,OpenStreetMap,osm,ODbL,https://www.openstreetmap.org/node/13424222118,Cabañas Yes,,,Dominican Republic,18.4253454,-69.9927506,,,,osm-dominican-republic-hotel-focused-2026-05-20,2026-05-20T19:38:55.292Z,pending,none,needs_research,cabanas yes|18.4253|-69.9928,55,medium,node,motel,missingCity; missingWebsite; missingPhone
node/13503259301,OpenStreetMap,osm,ODbL,https://www.openstreetmap.org/node/13503259301,Punta Cana Ecolodge Costa Arrecife Lavacama,,,Dominican Republic,18.8850667,-68.6543617,https://www.cabareteecolodgebeach.com/,+18098531113,,osm-dominican-republic-hotel-focused-2026-05-20,2026-05-20T19:38:55.292Z,pending,none,needs_research,punta cana ecolodge costa arrecife lavacama|18.8851|-68.6544,80,high,node,hotel,missingCity
node/13591844893,OpenStreetMap,osm,ODbL,https://www.openstreetmap.org/node/13591844893,PF Hotel,"Avenida Dr. José Augusto Puig, puerto plata, 57000",puerto plata,Dominican Republic,19.7799312,-70.6821241,,,,osm-dominican-republic-hotel-focused-2026-05-20,2026-05-20T19:38:55.292Z,pending,none,needs_research,pf hotel|puerto plata|dominican republic,75,high,node,hotel,missingWebsite; missingPhone
node/13623931536,OpenStreetMap,osm,ODbL,https://www.openstreetmap.org/node/13623931536,Hotel Anselmo,"Autopista las Américas KM 36, Boca Chica",Boca Chica,Dominican Republic,18.4519907,-69.5993668,https://anselmohotelrd.com/,8099602807,,osm-dominican-republic-hotel-focused-2026-05-20,2026-05-20T19:38:55.292Z,pending,none,needs_research,hotel anselmo|boca chica|dominican republic,100,high,node,hotel,
node/13801667501,OpenStreetMap,osm,ODbL,https://www.openstreetmap.org/node/13801667501,Hotel Restaurante Abys Nefertiti,"6 Amatista, 22000",,Dominican Republic,18.4354629,-68.9652297,,+18093499472,,osm-dominican-republic-hotel-focused-2026-05-20,2026-05-20T19:38:55.292Z,pending,none,needs_research,hotel restaurante abys nefertiti|18.4355|-68.9652,70,high,node,hotel,missingCity; missingWebsite
node/13801667502,OpenStreetMap,osm,ODbL,https://www.openstreetmap.org/node/13801667502,Onyx Luxury,"6 Amatista, 22000",,Dominican Republic,18.4355307,-68.9654079,https://onyxluxuryrd.com/,+18093497372,,osm-dominican-republic-hotel-focused-2026-05-20,2026-05-20T19:38:55.292Z,pending,none,needs_research,onyx luxury|18.4355|-68.9654,85,high,node,hotel,missingCity
way/27956819,OpenStreetMap,osm,ODbL,https://www.openstreetmap.org/way/27956819,Iberostar Waves Punta Cana,"Carretera Arena Gorda Playa Bávaro, Punta Cana, 23000",Punta Cana,Dominican Republic,18.7173048,-68.4523189,https://www.iberostar.com/en/hotels/punta-cana/iberostar-waves-punta-cana/,+1-809-221-6500,Iberostar Hotels & Resorts,osm-dominican-republic-hotel-focused-2026-05-20,2026-05-20T19:38:55.292Z,pending,none,needs_research,iberostar waves punta cana|punta cana|dominican republic,100,high,way,hotel,
way/27956853,OpenStreetMap,osm,ODbL,https://www.openstreetmap.org/way/27956853,Iberostar Waves Dominicana,"Carr. El Macao - Arena Gorda, Punta Cana, 23000",Punta Cana,Dominican Republic,18.7164959,-68.4512567,https://www.iberostar.com/en/hotels/punta-cana/iberostar-dominicana/,+1 809-221-6500,Iberostar Hotels & Resorts,osm-dominican-republic-hotel-focused-2026-05-20,2026-05-20T19:38:55.292Z,pending,none,needs_research,iberostar waves dominicana|punta cana|dominican republic,100,high,way,hotel,
way/27957139,OpenStreetMap,osm,ODbL,https://www.openstreetmap.org/way/27957139,Hotel Riu Palace Macao,"Avenida Estados Unidos, Punta Cana, 23302",Punta Cana,Dominican Republic,18.7203349,-68.4555171,https://www.riu.com/en/hotel/dominican-republic/punta-cana/hotel-riu-palace-macao/,+1 809-221-7171,RIU,osm-dominican-republic-hotel-focused-2026-05-20,2026-05-20T19:38:55.292Z,pending,none,needs_research,hotel riu palace macao|punta cana|dominican republic,100,high,way,hotel,
way/31854366,OpenStreetMap,osm,ODbL,https://www.openstreetmap.org/way/31854366,Cabaña Turística Poseidon,"Autopista Presidente Dr. Joaquín Balaguer, Santiago, DO",Santiago,DO,19.5006533,-70.7417359,,,,osm-dominican-republic-hotel-focused-2026-05-20,2026-05-20T19:38:55.292Z,pending,none,needs_research,cabana turistica poseidon|santiago|do,75,high,way,motel,missingWebsite; missingPhone
way/31854755,OpenStreetMap,osm,ODbL,https://www.openstreetmap.org/way/31854755,Gran Hotel Cibao,"Autopista Duarte, Santiago, DO",Santiago,DO,19.4315483,-70.654675,,,,osm-dominican-republic-hotel-focused-2026-05-20,2026-05-20T19:38:55.292Z,pending,none,needs_research,gran hotel cibao|santiago|do,75,high,way,hotel,missingWebsite; missingPhone
way/31854875,OpenStreetMap,osm,ODbL,https://www.openstreetmap.org/way/31854875,Cabaña Touristica,"Autopista Duarte, Santiago, DO",Santiago,DO,19.4271495,-70.6520311,,,,osm-dominican-republic-hotel-focused-2026-05-20,2026-05-20T19:38:55.292Z,pending,none,needs_research,cabana touristica|santiago|do,75,high,way,motel,missingWebsite; missingPhone
way/31855485,OpenStreetMap,osm,ODbL,https://www.openstreetmap.org/way/31855485,Cabaña Touristica Ethics,,,Dominican Republic,19.4113035,-70.6382555,,,,osm-dominican-republic-hotel-focused-2026-05-20,2026-05-20T19:38:55.292Z,pending,none,needs_research,cabana touristica ethics|19.4113|-70.6383,55,medium,way,motel,missingCity; missingWebsite; missingPhone
way/31856075,OpenStreetMap,osm,ODbL,https://www.openstreetmap.org/way/31856075,Cabaña Turística Palmar,,,Dominican Republic,19.4198599,-70.6503277,,,,osm-dominican-republic-hotel-focused-2026-05-20,2026-05-20T19:38:55.292Z,pending,none,needs_research,cabana turistica palmar|19.4199|-70.6503,55,medium,way,motel,missingCity; missingWebsite; missingPhone
way/31856119,OpenStreetMap,osm,ODbL,https://www.openstreetmap.org/way/31856119,Cabaña Turística Bora Bora,,,Dominican Republic,19.4184028,-70.6489285,,,,osm-dominican-republic-hotel-focused-2026-05-20,2026-05-20T19:38:55.292Z,pending,none,needs_research,cabana turistica bora bora|19.4184|-70.6489,55,medium,way,motel,missingCity; missingWebsite; missingPhone
way/31858860,OpenStreetMap,osm,ODbL,https://www.openstreetmap.org/way/31858860,Cabaña Turistica,,,Dominican Republic,19.5069667,-70.7453222,,,,osm-dominican-republic-hotel-focused-2026-05-20,2026-05-20T19:38:55.292Z,pending,none,needs_research,cabana turistica|19.507|-70.7453,55,medium,way,motel,missingCity; missingWebsite; missingPhone
way/31865735,OpenStreetMap,osm,ODbL,https://www.openstreetmap.org/way/31865735,Centro Español,,,Dominican Republic,19.4207194,-70.6691618,,,,osm-dominican-republic-hotel-focused-2026-05-20,2026-05-20T19:38:55.292Z,pending,none,needs_research,centro espanol|19.4207|-70.6692,55,medium,way,hotel,missingCity; missingWebsite; missingPhone
way/31874599,OpenStreetMap,osm,ODbL,https://www.openstreetmap.org/way/31874599,Cabaña Turística Eclipse,,,Dominican Republic,19.4194289,-70.6484634,,,,osm-dominican-republic-hotel-focused-2026-05-20,2026-05-20T19:38:55.292Z,pending,none,needs_research,cabana turistica eclipse|19.4194|-70.6485,55,medium,way,motel,missingCity; missingWebsite; missingPhone
way/31874725,OpenStreetMap,osm,ODbL,https://www.openstreetmap.org/way/31874725,Cabaña Turística Helios,,,Dominican Republic,19.417395,-70.6489799,,,,osm-dominican-republic-hotel-focused-2026-05-20,2026-05-20T19:38:55.292Z,pending,none,needs_research,cabana turistica helios|19.4174|-70.649,55,medium,way,motel,missingCity; missingWebsite; missingPhone
way/31874957,OpenStreetMap,osm,ODbL,https://www.openstreetmap.org/way/31874957,Cabaña Turística Bora Bora,,,Dominican Republic,19.4195432,-70.6489457,,,,osm-dominican-republic-hotel-focused-2026-05-20,2026-05-20T19:38:55.292Z,pending,none,needs_research,cabana turistica bora bora|19.4195|-70.6489,55,medium,way,motel,missingCity; missingWebsite; missingPhone
way/31895158,OpenStreetMap,osm,ODbL,https://www.openstreetmap.org/way/31895158,Zeus Aparta Hotel,,,Dominican Republic,19.4180019,-70.6400407,,,,osm-dominican-republic-hotel-focused-2026-05-20,2026-05-20T19:38:55.292Z,pending,none,needs_research,zeus aparta hotel|19.418|-70.64,55,medium,way,motel,missingCity; missingWebsite; missingPhone
way/33120922,OpenStreetMap,osm,ODbL,https://www.openstreetmap.org/way/33120922,Hotel Occidental Allegro Playa Dorada,,,Dominican Republic,19.765833,-70.6388762,,,,osm-dominican-republic-hotel-focused-2026-05-20,2026-05-20T19:38:55.292Z,pending,none,needs_research,hotel occidental allegro playa dorada|19.7658|-70.6389,55,medium,way,hotel,missingCity; missingWebsite; missingPhone
way/33143969,OpenStreetMap,osm,ODbL,https://www.openstreetmap.org/way/33143969,Hotel Luperón,,,Dominican Republic,19.9085997,-70.9534082,,,,osm-dominican-republic-hotel-focused-2026-05-20,2026-05-20T19:38:55.292Z,pending,none,needs_research,hotel luperon|19.9086|-70.9534,55,medium,way,hotel,missingCity; missingWebsite; missingPhone
way/34879211,OpenStreetMap,osm,ODbL,https://www.openstreetmap.org/way/34879211,Barcelo Punta Cana Hotel,,,Dominican Republic,18.7336433,-68.4718416,,,,osm-dominican-republic-hotel-focused-2026-05-20,2026-05-20T19:38:55.292Z,pending,none,needs_research,barcelo punta cana hotel|18.7336|-68.4718,55,medium,way,hotel,missingCity; missingWebsite; missingPhone
way/53581002,OpenStreetMap,osm,ODbL,https://www.openstreetmap.org/way/53581002,Hotel Riu Bambu,"Playa Arena Gorda, Punta Cana, 23302",Punta Cana,Dominican Republic,18.7226758,-68.4572682,https://www.riu.com/en/hotel/dominican-republic/punta-cana/hotel-riu-bambu,+1 809-221-7575,Riu Hotels & Resorts,osm-dominican-republic-hotel-focused-2026-05-20,2026-05-20T19:38:55.292Z,pending,none,needs_research,hotel riu bambu|punta cana|dominican republic,100,high,way,hotel,
way/93553072,OpenStreetMap,osm,ODbL,https://www.openstreetmap.org/way/93553072,Hotel Dominican Fiesta,,,Dominican Republic,18.4396732,-69.9692967,,,Fiesta,osm-dominican-republic-hotel-focused-2026-05-20,2026-05-20T19:38:55.292Z,pending,none,needs_research,hotel dominican fiesta|18.4397|-69.9693,65,medium,way,hotel,missingCity; missingWebsite; missingPhone
way/100550993,OpenStreetMap,osm,ODbL,https://www.openstreetmap.org/way/100550993,Paradius Punta Cana Hotel,,,Dominican Republic,18.7016038,-68.439241,,,,osm-dominican-republic-hotel-focused-2026-05-20,2026-05-20T19:38:55.292Z,pending,none,needs_research,paradius punta cana hotel|18.7016|-68.4392,55,medium,way,hotel,missingCity; missingWebsite; missingPhone
way/104646167,OpenStreetMap,osm,ODbL,https://www.openstreetmap.org/way/104646167,Barceló Bávaro Beach – Adults only,,,Dominican Republic,18.6676765,-68.399608,https://www.barcelo.com/en-us/barcelo-bavaro-beach/?utm_source=google&utm_medium=organic&utm_campaign=my_business&utm_content=7389,+18096865797,,osm-dominican-republic-hotel-focused-2026-05-20,2026-05-20T19:38:55.292Z,pending,none,needs_research,barcelo bavaro beach – adults only|18.6677|-68.3996,80,high,way,hotel,missingCity
way/110955858,OpenStreetMap,osm,ODbL,https://www.openstreetmap.org/way/110955858,Iberostar Selection Bavaro Suites,"Carr. El Macao - Arena Gorda, Punta Cana, 23000",Punta Cana,Dominican Republic,18.7132868,-68.4504159,https://www.iberostar.com/en/hotels/punta-cana/iberostar-selection-bavaro-suites/,+1 809-221-6500,Iberostar Hotels & Resorts,osm-dominican-republic-hotel-focused-2026-05-20,2026-05-20T19:38:55.292Z,pending,none,needs_research,iberostar selection bavaro suites|punta cana|dominican republic,100,high,way,hotel,
way/110962847,OpenStreetMap,osm,ODbL,https://www.openstreetmap.org/way/110962847,Iberostar Selection Coral Bávaro,"Carr. El Macao - Arena Gorda, Punta Cana, 23001",Punta Cana,Dominican Republic,18.7170623,-68.4502253,https://www.iberostar.com/en/hotels/punta-cana/iberostar-selection-coral-bavaro/,+1 809-221-6500,Iberostar Hotels & Resorts,osm-dominican-republic-hotel-focused-2026-05-20,2026-05-20T19:38:55.292Z,pending,none,needs_research,iberostar selection coral bavaro|punta cana|dominican republic,100,high,way,hotel,
way/127931752,OpenStreetMap,osm,ODbL,https://www.openstreetmap.org/way/127931752,Aventura,"Calle Principal, La Canela, 51103, DO",La Canela,DO,19.4765033,-70.8023376,,,,osm-dominican-republic-hotel-focused-2026-05-20,2026-05-20T19:38:55.292Z,pending,none,needs_research,aventura|la canela|do,75,high,way,motel,missingWebsite; missingPhone
way/136390467,OpenStreetMap,osm,ODbL,https://www.openstreetmap.org/way/136390467,Iberostar Waves Costa Dorada,"Km 4 Carretera Luperón, Marapica, 57000",Marapica,Dominican Republic,19.7759797,-70.6580692,https://www.iberostar.com/en/hotels/puerto-plata/iberostar-waves-costa-dorada/,+1 809-320-1000,Iberostar Hotels & Resorts,osm-dominican-republic-hotel-focused-2026-05-20,2026-05-20T19:38:55.292Z,pending,none,needs_research,iberostar waves costa dorada|marapica|dominican republic,100,high,way,hotel,
way/142306645,OpenStreetMap,osm,ODbL,https://www.openstreetmap.org/way/142306645,Hotel Riu Naiboa,"Carr. El Macao - Arena Gorda, Punta Cana, 23000",Punta Cana,Dominican Republic,18.7176172,-68.4553328,https://www.riu.com/en/hotel/dominican-republic/punta-cana/hotel-riu-naiboa/,+1 809-221-7515,RIU,osm-dominican-republic-hotel-focused-2026-05-20,2026-05-20T19:38:55.292Z,pending,none,needs_research,hotel riu naiboa|punta cana|dominican republic,100,high,way,hotel,
way/142306646,OpenStreetMap,osm,ODbL,https://www.openstreetmap.org/way/142306646,Hotel Riu Palace Punta Cana,"Playa de Arena Gorda, Punta Cana, 23000",Punta Cana,Dominican Republic,18.7233055,-68.4589037,https://www.riu.com/en/hotel/dominican-republic/punta-cana/hotel-riu-palace-punta-cana/,+1 809-687-4242,RIU,osm-dominican-republic-hotel-focused-2026-05-20,2026-05-20T19:38:55.292Z,pending,none,needs_research,hotel riu palace punta cana|punta cana|dominican republic,100,high,way,hotel,
way/151713273,OpenStreetMap,osm,ODbL,https://www.openstreetmap.org/way/151713273,Alisei,,,Dominican Republic,19.3259916,-69.5457683,https://www.aliseihotelspa.com/,809-240-5555,,osm-dominican-republic-hotel-focused-2026-05-20,2026-05-20T19:38:55.292Z,pending,none,needs_research,alisei|19.326|-69.5458,80,high,way,hotel,missingCity
way/151713281,OpenStreetMap,osm,ODbL,https://www.openstreetmap.org/way/151713281,Lomita Maravilla,,,Dominican Republic,19.31751,-69.5375222,http://www.lomitamaravilla.com,,,osm-dominican-republic-hotel-focused-2026-05-20,2026-05-20T19:38:55.292Z,pending,none,needs_research,lomita maravilla|19.3175|-69.5375,70,high,way,guest_house,missingCity; missingPhone
way/151743389,OpenStreetMap,osm,ODbL,https://www.openstreetmap.org/way/151743389,La Residencia del Paseo,,,Dominican Republic,19.3207984,-69.5391781,,,,osm-dominican-republic-hotel-focused-2026-05-20,2026-05-20T19:38:55.292Z,pending,none,needs_research,la residencia del paseo|19.3208|-69.5392,55,medium,way,hotel,missingCity; missingWebsite; missingPhone
way/153864150,OpenStreetMap,osm,ODbL,https://www.openstreetmap.org/way/153864150,Hotel Barceló Santo Domingo,,,Dominican Republic,18.4748726,-69.912525,https://www.barcelo.com/en-us/barcelo-hotels/hotels/dominican-republic/santo-domingo/barcelo-santo-domingo,+ 1 809 563 5000,,osm-dominican-republic-hotel-focused-2026-05-20,2026-05-20T19:38:55.292Z,pending,none,needs_research,hotel barcelo santo domingo|18.4749|-69.9125,80,high,way,hotel,missingCity
way/164232205,OpenStreetMap,osm,ODbL,https://www.openstreetmap.org/way/164232205,Hodelpa Centro Plaza Hotel,"Calle Mella, Santiago de los Caballeros",Santiago de los Caballeros,Dominican Republic,19.4504476,-70.7021693,,,Hodelpa,osm-dominican-republic-hotel-focused-2026-05-20,2026-05-20T19:38:55.292Z,pending,none,needs_research,hodelpa centro plaza hotel|santiago de los caballeros|dominican republic,85,high,way,hotel,missingWebsite; missingPhone
way/167127064,OpenStreetMap,osm,ODbL,https://www.openstreetmap.org/way/167127064,el cabaret,,,Dominican Republic,19.3553388,-69.829108,,,,osm-dominican-republic-hotel-focused-2026-05-20,2026-05-20T19:38:55.292Z,pending,none,needs_research,el cabaret|19.3553|-69.8291,55,medium,way,motel,missingCity; missingWebsite; missingPhone
way/173202187,OpenStreetMap,osm,ODbL,https://www.openstreetmap.org/way/173202187,Rancho Guaraguao,,,Dominican Republic,18.8854831,-70.6856541,,,,osm-dominican-republic-hotel-focused-2026-05-20,2026-05-20T19:38:55.292Z,pending,none,needs_research,rancho guaraguao|18.8855|-70.6857,55,medium,way,hostel,missingCity; missingWebsite; missingPhone
way/174466662,OpenStreetMap,osm,ODbL,https://www.openstreetmap.org/way/174466662,Courtyard by Marriott Santo Domingo,"50 Avenida Máximo Gómez, Santo Domingo",Santo Domingo,Dominican Republic,18.4680363,-69.911924,https://www.marriott.com/hotels/travel/sdqcy-courtyard-santo-domingo/,+1 809-685-1010,Courtyard,osm-dominican-republic-hotel-focused-2026-05-20,2026-05-20T19:38:55.292Z,pending,none,needs_research,courtyard by marriott santo domingo|santo domingo|dominican republic,100,high,way,hotel,
way/174695425,OpenStreetMap,osm,ODbL,https://www.openstreetmap.org/way/174695425,Hotel Alto Cerro,,,Dominican Republic,18.9151723,-70.7283973,,,,osm-dominican-republic-hotel-focused-2026-05-20,2026-05-20T19:38:55.292Z,pending,none,needs_research,hotel alto cerro|18.9152|-70.7284,55,medium,way,hotel,missingCity; missingWebsite; missingPhone
way/175357851,OpenStreetMap,osm,ODbL,https://www.openstreetmap.org/way/175357851,Gran Bahia Principe Cayacoa,,,Dominican Republic,19.1975216,-69.3373164,,,,osm-dominican-republic-hotel-focused-2026-05-20,2026-05-20T19:38:55.292Z,pending,none,needs_research,gran bahia principe cayacoa|19.1975|-69.3373,55,medium,way,hotel,missingCity; missingWebsite; missingPhone
way/176411662,OpenStreetMap,osm,ODbL,https://www.openstreetmap.org/way/176411662,Mi Cabana Resort,,,Dominican Republic,18.8918019,-70.7384347,,,,osm-dominican-republic-hotel-focused-2026-05-20,2026-05-20T19:38:55.292Z,pending,none,needs_research,mi cabana resort|18.8918|-70.7384,55,medium,way,hotel,missingCity; missingWebsite; missingPhone
way/177332376,OpenStreetMap,osm,ODbL,https://www.openstreetmap.org/way/177332376,Crowne Plaza,"Avenida George Washington, Santo Domingo",Santo Domingo,Dominican Republic,18.4639693,-69.8963633,,,Crowne Plaza,osm-dominican-republic-hotel-focused-2026-05-20,2026-05-20T19:38:55.292Z,pending,none,needs_research,crowne plaza|santo domingo|dominican republic,85,high,way,hotel,missingWebsite; missingPhone
way/177332379,OpenStreetMap,osm,ODbL,https://www.openstreetmap.org/way/177332379,Renaissance Hotel,"Avenida George Washington, Santo Domingo",Santo Domingo,Dominican Republic,18.4622555,-69.8999642,,,Renaissance,osm-dominican-republic-hotel-focused-2026-05-20,2026-05-20T19:38:55.292Z,pending,none,needs_research,renaissance hotel|santo domingo|dominican republic,85,high,way,hotel,missingWebsite; missingPhone
way/198177958,OpenStreetMap,osm,ODbL,https://www.openstreetmap.org/way/198177958,Hotel Residence Playa Colibrí,,,Dominican Republic,19.3249768,-69.5512611,https://www.tripadvisor.com/Hotel_Review-g259440-d489768-Reviews-Hotel_Residence_Playa_Colibri-Las_Terrenas_Samana_Province_Dominican_Republic.html,,,osm-dominican-republic-hotel-focused-2026-05-20,2026-05-20T19:38:55.292Z,pending,none,needs_research,hotel residence playa colibri|19.325|-69.5513,70,high,way,hotel,missingCity; missingPhone
way/198178374,OpenStreetMap,osm,ODbL,https://www.openstreetmap.org/way/198178374,Apartamentos Caribey,,,Dominican Republic,19.3221838,-69.5420082,,,,osm-dominican-republic-hotel-focused-2026-05-20,2026-05-20T19:38:55.292Z,pending,none,needs_research,apartamentos caribey|19.3222|-69.542,55,medium,way,hotel,missingCity; missingWebsite; missingPhone
way/198178378,OpenStreetMap,osm,ODbL,https://www.openstreetmap.org/way/198178378,Hotel Albachiara,,,Dominican Republic,19.3215942,-69.5367495,,,,osm-dominican-republic-hotel-focused-2026-05-20,2026-05-20T19:38:55.292Z,pending,none,needs_research,hotel albachiara|19.3216|-69.5367,55,medium,way,hotel,missingCity; missingWebsite; missingPhone
way/198787989,OpenStreetMap,osm,ODbL,https://www.openstreetmap.org/way/198787989,Sublime Samana Hotel & Residences,,,Dominican Republic,19.2986764,-69.5821259,,,,osm-dominican-republic-hotel-focused-2026-05-20,2026-05-20T19:38:55.292Z,pending,none,needs_research,sublime samana hotel & residences|19.2987|-69.5821,55,medium,way,hotel,missingCity; missingWebsite; missingPhone
way/199921835,OpenStreetMap,osm,ODbL,https://www.openstreetmap.org/way/199921835,Gran Bahia Principe El Portillo,,,Dominican Republic,19.32368,-69.4955,https://www.bahia-principe.com/en/resorts-in-dominican-republic/resort-el-portillo/,,,osm-dominican-republic-hotel-focused-2026-05-20,2026-05-20T19:38:55.292Z,pending,none,needs_research,gran bahia principe el portillo|19.3237|-69.4955,70,high,way,hotel,missingCity; missingPhone
way/199921836,OpenStreetMap,osm,ODbL,https://www.openstreetmap.org/way/199921836,Hotel Palococo,,,Dominican Republic,19.3059646,-69.5470343,,,,osm-dominican-republic-hotel-focused-2026-05-20,2026-05-20T19:38:55.292Z,pending,none,needs_research,hotel palococo|19.306|-69.547,55,medium,way,hotel,missingCity; missingWebsite; missingPhone
way/200927855,OpenStreetMap,osm,ODbL,https://www.openstreetmap.org/way/200927855,Cabañas Okey,,,Dominican Republic,18.4232281,-69.990369,,,,osm-dominican-republic-hotel-focused-2026-05-20,2026-05-20T19:38:55.292Z,pending,none,needs_research,cabanas okey|18.4232|-69.9904,55,medium,way,motel,missingCity; missingWebsite; missingPhone
way/200927856,OpenStreetMap,osm,ODbL,https://www.openstreetmap.org/way/200927856,Cabañas Si o No,,,Dominican Republic,18.4250317,-69.9909761,,,,osm-dominican-republic-hotel-focused-2026-05-20,2026-05-20T19:38:55.292Z,pending,none,needs_research,cabanas si o no|18.425|-69.991,55,medium,way,motel,missingCity; missingWebsite; missingPhone
way/200928828,OpenStreetMap,osm,ODbL,https://www.openstreetmap.org/way/200928828,Cabañas Costa Azul,,,Dominican Republic,18.4260112,-69.9905871,,,,osm-dominican-republic-hotel-focused-2026-05-20,2026-05-20T19:38:55.292Z,pending,none,needs_research,cabanas costa azul|18.426|-69.9906,55,medium,way,motel,missingCity; missingWebsite; missingPhone
way/200930776,OpenStreetMap,osm,ODbL,https://www.openstreetmap.org/way/200930776,Cabañas Príncipe,,,Dominican Republic,18.4253417,-69.9901842,,,,osm-dominican-republic-hotel-focused-2026-05-20,2026-05-20T19:38:55.292Z,pending,none,needs_research,cabanas principe|18.4253|-69.9902,55,medium,way,motel,missingCity; missingWebsite; missingPhone
way/200931206,OpenStreetMap,osm,ODbL,https://www.openstreetmap.org/way/200931206,Cabañas Madrid,,,Dominican Republic,18.4251409,-69.9893875,,,,osm-dominican-republic-hotel-focused-2026-05-20,2026-05-20T19:38:55.292Z,pending,none,needs_research,cabanas madrid|18.4251|-69.9894,55,medium,way,motel,missingCity; missingWebsite; missingPhone
way/200931207,OpenStreetMap,osm,ODbL,https://www.openstreetmap.org/way/200931207,Cabañas Bayadesa,,,Dominican Republic,18.4253391,-69.9897309,,,,osm-dominican-republic-hotel-focused-2026-05-20,2026-05-20T19:38:55.292Z,pending,none,needs_research,cabanas bayadesa|18.4253|-69.9897,55,medium,way,motel,missingCity; missingWebsite; missingPhone
way/200933443,OpenStreetMap,osm,ODbL,https://www.openstreetmap.org/way/200933443,Cabañas Tía Tania,,,Dominican Republic,18.4232502,-69.9918015,,,,osm-dominican-republic-hotel-focused-2026-05-20,2026-05-20T19:38:55.292Z,pending,none,needs_research,cabanas tia tania|18.4233|-69.9918,55,medium,way,motel,missingCity; missingWebsite; missingPhone
way/200933444,OpenStreetMap,osm,ODbL,https://www.openstreetmap.org/way/200933444,Cabañas Hey,,,Dominican Republic,18.4233466,-69.9922502,,,,osm-dominican-republic-hotel-focused-2026-05-20,2026-05-20T19:38:55.292Z,pending,none,needs_research,cabanas hey|18.4233|-69.9923,55,medium,way,motel,missingCity; missingWebsite; missingPhone
way/200933445,OpenStreetMap,osm,ODbL,https://www.openstreetmap.org/way/200933445,Cabañas Preve,,,Dominican Republic,18.423339,-69.9914743,,,,osm-dominican-republic-hotel-focused-2026-05-20,2026-05-20T19:38:55.292Z,pending,none,needs_research,cabanas preve|18.4233|-69.9915,55,medium,way,motel,missingCity; missingWebsite; missingPhone
way/201100083,OpenStreetMap,osm,ODbL,https://www.openstreetmap.org/way/201100083,Cabañas Chévere,,,Dominican Republic,18.4231786,-69.9907239,,,,osm-dominican-republic-hotel-focused-2026-05-20,2026-05-20T19:38:55.292Z,pending,none,needs_research,cabanas chevere|18.4232|-69.9907,55,medium,way,motel,missingCity; missingWebsite; missingPhone
way/204089278,OpenStreetMap,osm,ODbL,https://www.openstreetmap.org/way/204089278,Casa Marina Beach & Reef,,,Dominican Republic,19.7668734,-70.517382,,,Amhsa Marina Hotels & Resorts,osm-dominican-republic-hotel-focused-2026-05-20,2026-05-20T19:38:55.292Z,pending,none,needs_research,casa marina beach & reef|19.7669|-70.5174,65,medium,way,hotel,missingCity; missingWebsite; missingPhone
way/206776565,OpenStreetMap,osm,ODbL,https://www.openstreetmap.org/way/206776565,Millenium,,,Dominican Republic,19.7520631,-70.4141845,,,,osm-dominican-republic-hotel-focused-2026-05-20,2026-05-20T19:38:55.292Z,pending,none,needs_research,millenium|19.7521|-70.4142,55,medium,way,hotel,missingCity; missingWebsite; missingPhone
way/207310964,OpenStreetMap,osm,ODbL,https://www.openstreetmap.org/way/207310964,Hotel San Jose,,,Dominican Republic,19.3158028,-71.6913502,,,,osm-dominican-republic-hotel-focused-2026-05-20,2026-05-20T19:38:55.292Z,pending,none,needs_research,hotel san jose|19.3158|-71.6914,55,medium,way,hotel,missingCity; missingWebsite; missingPhone
way/213867957,OpenStreetMap,osm,ODbL,https://www.openstreetmap.org/way/213867957,Ciudad de Oro,,,Dominican Republic,18.4841577,-69.9786879,,,,osm-dominican-republic-hotel-focused-2026-05-20,2026-05-20T19:38:55.292Z,pending,none,needs_research,ciudad de oro|18.4842|-69.9787,55,medium,way,motel,missingCity; missingWebsite; missingPhone
way/213870000,OpenStreetMap,osm,ODbL,https://www.openstreetmap.org/way/213870000,Cabañas Populares,,,Dominican Republic,18.48384,-69.9847344,,,,osm-dominican-republic-hotel-focused-2026-05-20,2026-05-20T19:38:55.292Z,pending,none,needs_research,cabanas populares|18.4838|-69.9847,55,medium,way,hotel,missingCity; missingWebsite; missingPhone
way/213871070,OpenStreetMap,osm,ODbL,https://www.openstreetmap.org/way/213871070,Cabañas Primavera,"Avenida Los Beisbolistas, Santo Domingo Oeste, 10902",Santo Domingo Oeste,Dominican Republic,18.4845543,-69.9823443,,,,osm-dominican-republic-hotel-focused-2026-05-20,2026-05-20T19:38:55.292Z,pending,none,needs_research,cabanas primavera|santo domingo oeste|dominican republic,75,high,way,motel,missingWebsite; missingPhone
way/213871593,OpenStreetMap,osm,ODbL,https://www.openstreetmap.org/way/213871593,Florida,,,Dominican Republic,18.4843192,-69.9796537,,,,osm-dominican-republic-hotel-focused-2026-05-20,2026-05-20T19:38:55.292Z,pending,none,needs_research,florida|18.4843|-69.9797,55,medium,way,motel,missingCity; missingWebsite; missingPhone
way/214222991,OpenStreetMap,osm,ODbL,https://www.openstreetmap.org/way/214222991,Cabaña Nuevo Mundo,,,Dominican Republic,18.4872386,-69.9971459,,,,osm-dominican-republic-hotel-focused-2026-05-20,2026-05-20T19:38:55.292Z,pending,none,needs_research,cabana nuevo mundo|18.4872|-69.9971,55,medium,way,motel,missingCity; missingWebsite; missingPhone
way/221554173,OpenStreetMap,osm,ODbL,https://www.openstreetmap.org/way/221554173,Hotel Salida del Sol,,,Dominican Republic,18.6229998,-68.7286527,,,,osm-dominican-republic-hotel-focused-2026-05-20,2026-05-20T19:38:55.292Z,pending,none,needs_research,hotel salida del sol|18.623|-68.7287,55,medium,way,hotel,missingCity; missingWebsite; missingPhone
way/225437792,OpenStreetMap,osm,ODbL,https://www.openstreetmap.org/way/225437792,Grand Hotel,,,Dominican Republic,18.5930131,-68.7169418,,+18095541780,,osm-dominican-republic-hotel-focused-2026-05-20,2026-05-20T19:38:55.292Z,pending,none,needs_research,grand hotel|18.593|-68.7169,65,medium,way,hotel,missingCity; missingWebsite
way/228619815,OpenStreetMap,osm,ODbL,https://www.openstreetmap.org/way/228619815,Hotel Tropicana,Marginal Las Américas,,Dominican Republic,18.472982,-69.8336687,,,,osm-dominican-republic-hotel-focused-2026-05-20,2026-05-20T19:38:55.292Z,pending,none,needs_research,hotel tropicana|18.473|-69.8337,60,medium,way,hotel,missingCity; missingWebsite; missingPhone
way/228692072,OpenStreetMap,osm,ODbL,https://www.openstreetmap.org/way/228692072,Hotel Aloha Sol,"30 Calle Del Sol, Santiago",Santiago,Dominican Republic,19.4505123,-70.7015543,,,,osm-dominican-republic-hotel-focused-2026-05-20,2026-05-20T19:38:55.292Z,pending,none,needs_research,hotel aloha sol|santiago|dominican republic,75,high,way,hotel,missingWebsite; missingPhone
way/228747277,OpenStreetMap,osm,ODbL,https://www.openstreetmap.org/way/228747277,Hotel Villa España,,,Dominican Republic,18.4828345,-69.8462154,,,,osm-dominican-republic-hotel-focused-2026-05-20,2026-05-20T19:38:55.292Z,pending,none,needs_research,hotel villa espana|18.4828|-69.8462,55,medium,way,hotel,missingCity; missingWebsite; missingPhone
way/232029893,OpenStreetMap,osm,ODbL,https://www.openstreetmap.org/way/232029893,Cabañas Miramar,,,Dominican Republic,18.466523,-69.8212022,,,,osm-dominican-republic-hotel-focused-2026-05-20,2026-05-20T19:38:55.292Z,pending,none,needs_research,cabanas miramar|18.4665|-69.8212,55,medium,way,motel,missingCity; missingWebsite; missingPhone
way/233060472,OpenStreetMap,osm,ODbL,https://www.openstreetmap.org/way/233060472,Sivory Punta Cana,,,Dominican Republic,18.8391442,-68.613069,,,,osm-dominican-republic-hotel-focused-2026-05-20,2026-05-20T19:38:55.292Z,pending,none,needs_research,sivory punta cana|18.8391|-68.6131,55,medium,way,hotel,missingCity; missingWebsite; missingPhone
way/233446403,OpenStreetMap,osm,ODbL,https://www.openstreetmap.org/way/233446403,Hodelpa Gran Almirante,Avenida Salvador Estrella Sadhala,,Dominican Republic,19.4653439,-70.6872776,,,Hodelpa,osm-dominican-republic-hotel-focused-2026-05-20,2026-05-20T19:38:55.292Z,pending,none,needs_research,hodelpa gran almirante|19.4653|-70.6873,70,high,way,hotel,missingCity; missingWebsite; missingPhone
way/233515118,OpenStreetMap,osm,ODbL,https://www.openstreetmap.org/way/233515118,Hotel Platino,"Avenida Salvador Estrella Sadhala, Santiago",Santiago,Dominican Republic,19.4438055,-70.6879407,,,,osm-dominican-republic-hotel-focused-2026-05-20,2026-05-20T19:38:55.292Z,pending,none,needs_research,hotel platino|santiago|dominican republic,75,high,way,hotel,missingWebsite; missingPhone
way/236000172,OpenStreetMap,osm,ODbL,https://www.openstreetmap.org/way/236000172,Luxury Bahia Principe Samana,,,Dominican Republic,19.1842032,-69.2708708,,,,osm-dominican-republic-hotel-focused-2026-05-20,2026-05-20T19:38:55.292Z,pending,none,needs_research,luxury bahia principe samana|19.1842|-69.2709,55,medium,way,hotel,missingCity; missingWebsite; missingPhone
way/245917690,OpenStreetMap,osm,ODbL,https://www.openstreetmap.org/way/245917690,Cabañas Monte Lola,,,Dominican Republic,19.6637088,-71.2017364,,,Cesar Ureña,osm-dominican-republic-hotel-focused-2026-05-20,2026-05-20T19:38:55.292Z,pending,none,needs_research,cabanas monte lola|19.6637|-71.2017,65,medium,way,motel,missingCity; missingWebsite; missingPhone
way/248236165,OpenStreetMap,osm,ODbL,https://www.openstreetmap.org/way/248236165,Cabañas La Paz,,,Dominican Republic,18.5360012,-69.8473135,,,,osm-dominican-republic-hotel-focused-2026-05-20,2026-05-20T19:38:55.292Z,pending,none,needs_research,cabanas la paz|18.536|-69.8473,55,medium,way,motel,missingCity; missingWebsite; missingPhone
way/249685175,OpenStreetMap,osm,ODbL,https://www.openstreetmap.org/way/249685175,Villa Pajon Ecolodge,,,Dominican Republic,18.824125,-70.688016,,,,osm-dominican-republic-hotel-focused-2026-05-20,2026-05-20T19:38:55.292Z,pending,none,needs_research,villa pajon ecolodge|18.8241|-70.688,55,medium,way,hotel,missingCity; missingWebsite; missingPhone
way/251860535,OpenStreetMap,osm,ODbL,https://www.openstreetmap.org/way/251860535,Quality Inn,,,Dominican Republic,18.4569491,-69.706117,,,Quality Inn,osm-dominican-republic-hotel-focused-2026-05-20,2026-05-20T19:38:55.292Z,pending,none,needs_research,quality inn|18.4569|-69.7061,65,medium,way,hotel,missingCity; missingWebsite; missingPhone
way/252828092,OpenStreetMap,osm,ODbL,https://www.openstreetmap.org/way/252828092,Vista Sol Punta Cana,,,Dominican Republic,18.6896303,-68.4216364,,,,osm-dominican-republic-hotel-focused-2026-05-20,2026-05-20T19:38:55.292Z,pending,none,needs_research,vista sol punta cana|18.6896|-68.4216,55,medium,way,hotel,missingCity; missingWebsite; missingPhone
way/252975393,OpenStreetMap,osm,ODbL,https://www.openstreetmap.org/way/252975393,Green Coast,"10 Avenida Alemania, Bávaro, 23000",Bávaro,Dominican Republic,18.6876928,-68.4212297,,+18095520868,,osm-dominican-republic-hotel-focused-2026-05-20,2026-05-20T19:38:55.292Z,pending,none,needs_research,green coast|bavaro|dominican republic,85,high,way,hotel,missingWebsite
way/252975412,OpenStreetMap,osm,ODbL,https://www.openstreetmap.org/way/252975412,nh Hotels,,,Dominican Republic,18.6823127,-68.4205428,,,,osm-dominican-republic-hotel-focused-2026-05-20,2026-05-20T19:38:55.292Z,pending,none,needs_research,nh hotels|18.6823|-68.4205,55,medium,way,hotel,missingCity; missingWebsite; missingPhone
way/253121969,OpenStreetMap,osm,ODbL,https://www.openstreetmap.org/way/253121969,El Eden,,,Dominican Republic,18.3507741,-68.8275474,,,,osm-dominican-republic-hotel-focused-2026-05-20,2026-05-20T19:38:55.292Z,pending,none,needs_research,el eden|18.3508|-68.8275,55,medium,way,hotel,missingCity; missingWebsite; missingPhone
way/253123206,OpenStreetMap,osm,ODbL,https://www.openstreetmap.org/way/253123206,Catalonia Royal La Romana,,,Dominican Republic,18.3449962,-68.8218655,https://www.cataloniahotels.com/en/hotel/catalonia-royal-la-romana-adults-only,,Catalonia Hotels & Resorts,osm-dominican-republic-hotel-focused-2026-05-20,2026-05-20T19:38:55.292Z,pending,none,needs_research,catalonia royal la romana|18.345|-68.8219,80,high,way,hotel,missingCity; missingPhone
way/253123207,OpenStreetMap,osm,ODbL,https://www.openstreetmap.org/way/253123207,Cadaques Caribe,,,Dominican Republic,18.3339036,-68.8102949,,,,osm-dominican-republic-hotel-focused-2026-05-20,2026-05-20T19:38:55.292Z,pending,none,needs_research,cadaques caribe|18.3339|-68.8103,55,medium,way,hotel,missingCity; missingWebsite; missingPhone
way/253125050,OpenStreetMap,osm,ODbL,https://www.openstreetmap.org/way/253125050,Hilton La Romana,,,Dominican Republic,18.3766482,-68.845207,,,Hilton,osm-dominican-republic-hotel-focused-2026-05-20,2026-05-20T19:38:55.292Z,pending,none,needs_research,hilton la romana|18.3766|-68.8452,65,medium,way,hotel,missingCity; missingWebsite; missingPhone
way/255788067,OpenStreetMap,osm,ODbL,https://www.openstreetmap.org/way/255788067,Hard Rock Hotel,,,Dominican Republic,18.7337121,-68.4823028,,,Hard Rock Hotel,osm-dominican-republic-hotel-focused-2026-05-20,2026-05-20T19:38:55.292Z,pending,none,needs_research,hard rock hotel|18.7337|-68.4823,65,medium,way,hotel,missingCity; missingWebsite; missingPhone
way/255806141,OpenStreetMap,osm,ODbL,https://www.openstreetmap.org/way/255806141,Barceló Dominican Beach,,,Dominican Republic,18.6876446,-68.4179156,http://www.barcelodominicanbeach.com/,,,osm-dominican-republic-hotel-focused-2026-05-20,2026-05-20T19:38:55.292Z,pending,none,needs_research,barcelo dominican beach|18.6876|-68.4179,70,high,way,hotel,missingCity; missingPhone
way/272974124,OpenStreetMap,osm,ODbL,https://www.openstreetmap.org/way/272974124,Melia Santo Domingo Hotel,"Avenida George Washington, Santo Domingo",Santo Domingo,Dominican Republic,18.4631093,-69.8978204,,,Meliá,osm-dominican-republic-hotel-focused-2026-05-20,2026-05-20T19:38:55.292Z,pending,none,needs_research,melia santo domingo hotel|santo domingo|dominican republic,85,high,way,hotel,missingWebsite; missingPhone
way/273377518,OpenStreetMap,osm,ODbL,https://www.openstreetmap.org/way/273377518,Bahia Blanca,,,Dominican Republic,19.6478379,-70.0794683,,,,osm-dominican-republic-hotel-focused-2026-05-20,2026-05-20T19:38:55.292Z,pending,none,needs_research,bahia blanca|19.6478|-70.0795,55,medium,way,hotel,missingCity; missingWebsite; missingPhone
way/279441521,OpenStreetMap,osm,ODbL,https://www.openstreetmap.org/way/279441521,Albatros Cabarete Apartahotel,,,Dominican Republic,19.7487147,-70.4105298,,,,osm-dominican-republic-hotel-focused-2026-05-20,2026-05-20T19:38:55.292Z,pending,none,needs_research,albatros cabarete apartahotel|19.7487|-70.4105,55,medium,way,hotel,missingCity; missingWebsite; missingPhone
way/279441553,OpenStreetMap,osm,ODbL,https://www.openstreetmap.org/way/279441553,Kaoba Hotel,Cabarete,Cabarete,Dominican Republic,19.7492767,-70.4099332,,,,osm-dominican-republic-hotel-focused-2026-05-20,2026-05-20T19:38:55.292Z,pending,none,needs_research,kaoba hotel|cabarete|dominican republic,75,high,way,hotel,missingWebsite; missingPhone
way/284214289,OpenStreetMap,osm,ODbL,https://www.openstreetmap.org/way/284214289,Piergiorgio Palace Hotel,,,Dominican Republic,19.7626202,-70.5192233,,,,osm-dominican-republic-hotel-focused-2026-05-20,2026-05-20T19:38:55.292Z,pending,none,needs_research,piergiorgio palace hotel|19.7626|-70.5192,55,medium,way,hotel,missingCity; missingWebsite; missingPhone
way/307232015,OpenStreetMap,osm,ODbL,https://www.openstreetmap.org/way/307232015,The Hummingbird,,,Dominican Republic,19.749188,-70.4156449,http://www.hummingbird-cabarete.com/,,,osm-dominican-republic-hotel-focused-2026-05-20,2026-05-20T19:38:55.292Z,pending,none,needs_research,the hummingbird|19.7492|-70.4156,70,high,way,hotel,missingCity; missingPhone
way/309203833,OpenStreetMap,osm,ODbL,https://www.openstreetmap.org/way/309203833,JOIA Bávaro by Iberostar,"Carretera Arena Gorda Bavaro, Punta Cana, 23000",Punta Cana,Dominican Republic,18.7124876,-68.4478444,https://www.iberostar.com/en/hotels/punta-cana/joia-bavaro-by-iberostar/,+1 809-221-6500,Iberostar Hotels & Resorts,osm-dominican-republic-hotel-focused-2026-05-20,2026-05-20T19:38:55.292Z,pending,none,needs_research,joia bavaro by iberostar|punta cana|dominican republic,100,high,way,hotel,
way/309203834,OpenStreetMap,osm,ODbL,https://www.openstreetmap.org/way/309203834,Ocean Blue & Sand,,,Dominican Republic,18.7075239,-68.4466956,,,,osm-dominican-republic-hotel-focused-2026-05-20,2026-05-20T19:38:55.292Z,pending,none,needs_research,ocean blue & sand|18.7075|-68.4467,55,medium,way,hotel,missingCity; missingWebsite; missingPhone
way/309221481,OpenStreetMap,osm,ODbL,https://www.openstreetmap.org/way/309221481,VIK Hotel Arena Blanca,,,Dominican Republic,18.7082579,-68.4435623,,,,osm-dominican-republic-hotel-focused-2026-05-20,2026-05-20T19:38:55.292Z,pending,none,needs_research,vik hotel arena blanca|18.7083|-68.4436,55,medium,way,hotel,missingCity; missingWebsite; missingPhone
way/309228608,OpenStreetMap,osm,ODbL,https://www.openstreetmap.org/way/309228608,Majestic Colonial Hotel,"Playa Arena Gorda, Carr. El Macao - Arena Gorda, Punta Cana, 23000",Punta Cana,Dominican Republic,18.7313806,-68.4678523,https://www.majestic-resorts.com/punta-cana/resorts/majestic-colonial-punta-cana,+1 888-477-7227,Majestic Resorts,osm-dominican-republic-hotel-focused-2026-05-20,2026-05-20T19:38:55.292Z,pending,none,needs_research,majestic colonial hotel|punta cana|dominican republic,100,high,way,hotel,
way/309228614,OpenStreetMap,osm,ODbL,https://www.openstreetmap.org/way/309228614,Majestic Elegance Punta Cana,"Playa Arena Gorda, Carr. El Macao - Arena Gorda, Punta Cana, 23000",Punta Cana,Dominican Republic,18.7297268,-68.4667024,https://www.majestic-resorts.com/punta-cana/resorts/majestic-elegance-punta-cana,+1 888-477-7227,Majestic Resorts,osm-dominican-republic-hotel-focused-2026-05-20,2026-05-20T19:38:55.292Z,pending,none,needs_research,majestic elegance punta cana|punta cana|dominican republic,100,high,way,hotel,
way/309243773,OpenStreetMap,osm,ODbL,https://www.openstreetmap.org/way/309243773,Punta Cana Princess All suites Hotel,,,Dominican Republic,18.7051718,-68.4434483,,,,osm-dominican-republic-hotel-focused-2026-05-20,2026-05-20T19:38:55.292Z,pending,none,needs_research,punta cana princess all suites hotel|18.7052|-68.4434,55,medium,way,hotel,missingCity; missingWebsite; missingPhone
way/309243774,OpenStreetMap,osm,ODbL,https://www.openstreetmap.org/way/309243774,Tropical Princess Hotel,,,Dominican Republic,18.7041162,-68.4435254,,,,osm-dominican-republic-hotel-focused-2026-05-20,2026-05-20T19:38:55.292Z,pending,none,needs_research,tropical princess hotel|18.7041|-68.4435,55,medium,way,hotel,missingCity; missingWebsite; missingPhone
way/309246410,OpenStreetMap,osm,ODbL,https://www.openstreetmap.org/way/309246410,Paradius Punta cana Hotel,,,Dominican Republic,18.696483,-68.4418792,,,,osm-dominican-republic-hotel-focused-2026-05-20,2026-05-20T19:38:55.292Z,pending,none,needs_research,paradius punta cana hotel|18.6965|-68.4419,55,medium,way,hotel,missingCity; missingWebsite; missingPhone
way/309247729,OpenStreetMap,osm,ODbL,https://www.openstreetmap.org/way/309247729,Paradius Punta Cana Hotel,,,Dominican Republic,18.698157,-68.4425924,,,,osm-dominican-republic-hotel-focused-2026-05-20,2026-05-20T19:38:55.292Z,pending,none,needs_research,paradius punta cana hotel|18.6982|-68.4426,55,medium,way,hotel,missingCity; missingWebsite; missingPhone
way/309248313,OpenStreetMap,osm,ODbL,https://www.openstreetmap.org/way/309248313,Bavaro Princess Hotel All suites Spa and Casino,,,Dominican Republic,18.6946254,-68.4388786,https://www.princess-hotels.com/en/hotels-punta-cana-hotel-bavaro-princess-all-suites-resort-spa-casino-5-stars.html,+1 809 221 23 11,,osm-dominican-republic-hotel-focused-2026-05-20,2026-05-20T19:38:55.292Z,pending,none,needs_research,bavaro princess hotel all suites spa and casino|18.6946|-68.4389,80,high,way,hotel,missingCity
way/309366606,OpenStreetMap,osm,ODbL,https://www.openstreetmap.org/way/309366606,Grand Palladium Punta Cana Resort & Spa,,,Dominican Republic,18.6937022,-68.4277963,https://www.palladiumhotelgroup.com/en/punta-cana/grand-palladium-punta-cana-resort-spa/,,,osm-dominican-republic-hotel-focused-2026-05-20,2026-05-20T19:38:55.292Z,pending,none,needs_research,grand palladium punta cana resort & spa|18.6937|-68.4278,70,high,way,hotel,missingCity; missingPhone
way/309367983,OpenStreetMap,osm,ODbL,https://www.openstreetmap.org/way/309367983,Grand Palladium palace resort hotel,,,Dominican Republic,18.692897,-68.4266615,,,,osm-dominican-republic-hotel-focused-2026-05-20,2026-05-20T19:38:55.292Z,pending,none,needs_research,grand palladium palace resort hotel|18.6929|-68.4267,55,medium,way,hotel,missingCity; missingWebsite; missingPhone
way/309368486,OpenStreetMap,osm,ODbL,https://www.openstreetmap.org/way/309368486,TRS Turquesa Hotel,,,Dominican Republic,18.6916365,-68.4246491,,,,osm-dominican-republic-hotel-focused-2026-05-20,2026-05-20T19:38:55.292Z,pending,none,needs_research,trs turquesa hotel|18.6916|-68.4246,55,medium,way,hotel,missingCity; missingWebsite; missingPhone
way/310072877,OpenStreetMap,osm,ODbL,https://www.openstreetmap.org/way/310072877,Dreams Resort Hotel,,,Dominican Republic,18.8026888,-68.5753048,,,,osm-dominican-republic-hotel-focused-2026-05-20,2026-05-20T19:38:55.292Z,pending,none,needs_research,dreams resort hotel|18.8027|-68.5753,55,medium,way,hotel,missingCity; missingWebsite; missingPhone
way/310074838,OpenStreetMap,osm,ODbL,https://www.openstreetmap.org/way/310074838,TIPICAS CASETAS HOTEL,,,Dominican Republic,18.8083888,-68.5806209,,,,osm-dominican-republic-hotel-focused-2026-05-20,2026-05-20T19:38:55.292Z,pending,none,needs_research,tipicas casetas hotel|18.8084|-68.5806,55,medium,way,hotel,missingCity; missingWebsite; missingPhone
way/310075723,OpenStreetMap,osm,ODbL,https://www.openstreetmap.org/way/310075723,Grand Sirenis Punta Cana Resort,,,Dominican Republic,18.8181888,-68.5907075,https://sirenishotels.com,,Sirenis Hotels & Resorts,osm-dominican-republic-hotel-focused-2026-05-20,2026-05-20T19:38:55.292Z,pending,none,needs_research,grand sirenis punta cana resort|18.8182|-68.5907,80,high,way,hotel,missingCity; missingPhone
way/310076079,OpenStreetMap,osm,ODbL,https://www.openstreetmap.org/way/310076079,Excellence Punta Cana Hotel,,,Dominican Republic,18.8274581,-68.6013611,,,,osm-dominican-republic-hotel-focused-2026-05-20,2026-05-20T19:38:55.292Z,pending,none,needs_research,excellence punta cana hotel|18.8275|-68.6014,55,medium,way,hotel,missingCity; missingWebsite; missingPhone
way/310436420,OpenStreetMap,osm,ODbL,https://www.openstreetmap.org/way/310436420,Grand Palladium Bavaro Hotel,,,Dominican Republic,18.6930807,-68.4291025,,,,osm-dominican-republic-hotel-focused-2026-05-20,2026-05-20T19:38:55.292Z,pending,none,needs_research,grand palladium bavaro hotel|18.6931|-68.4291,55,medium,way,hotel,missingCity; missingWebsite; missingPhone
way/310436422,OpenStreetMap,osm,ODbL,https://www.openstreetmap.org/way/310436422,Occidental Grand Punta Cana Hotel,,,Dominican Republic,18.6970933,-68.4338138,,+1 809 221-8787,Occidental,osm-dominican-republic-hotel-focused-2026-05-20,2026-05-20T19:38:55.292Z,pending,none,needs_research,occidental grand punta cana hotel|18.6971|-68.4338,75,high,way,hotel,missingCity; missingWebsite
way/310694392,OpenStreetMap,osm,ODbL,https://www.openstreetmap.org/way/310694392,Real Intercontinental Hotel,"Avenida Winston Churchill, Santo Domingo , Rep Dominicana","Santo Domingo , Rep Dominicana",Dominican Republic,18.4684917,-69.9388876,,,,osm-dominican-republic-hotel-focused-2026-05-20,2026-05-20T19:38:55.292Z,pending,none,needs_research,"real intercontinental hotel|santo domingo , rep dominicana|dominican republic",75,high,way,hotel,missingWebsite; missingPhone
way/312016532,OpenStreetMap,osm,ODbL,https://www.openstreetmap.org/way/312016532,Hotel Olimpo,,,Dominican Republic,18.4329421,-68.9710116,,,,osm-dominican-republic-hotel-focused-2026-05-20,2026-05-20T19:38:55.292Z,pending,none,needs_research,hotel olimpo|18.4329|-68.971,55,medium,way,hotel,missingCity; missingWebsite; missingPhone
way/312016739,OpenStreetMap,osm,ODbL,https://www.openstreetmap.org/way/312016739,Hotel Frano,,,Dominican Republic,18.4328235,-68.9715383,,,,osm-dominican-republic-hotel-focused-2026-05-20,2026-05-20T19:38:55.292Z,pending,none,needs_research,hotel frano|18.4328|-68.9715,55,medium,way,hotel,missingCity; missingWebsite; missingPhone
way/312593390,OpenStreetMap,osm,ODbL,https://www.openstreetmap.org/way/312593390,Hodelpa Garden Court Hotel,,,Dominican Republic,19.3993701,-70.6292536,https://www.hodelpa.com/,+1 (809) 612-7000,Hodelpa,osm-dominican-republic-hotel-focused-2026-05-20,2026-05-20T19:38:55.292Z,pending,none,needs_research,hodelpa garden court hotel|19.3994|-70.6293,90,high,way,hotel,missingCity
way/313829668,OpenStreetMap,osm,ODbL,https://www.openstreetmap.org/way/313829668,Grand Paradise Samana,,,Dominican Republic,19.2919118,-69.1899243,,,,osm-dominican-republic-hotel-focused-2026-05-20,2026-05-20T19:38:55.292Z,pending,none,needs_research,grand paradise samana|19.2919|-69.1899,55,medium,way,hotel,missingCity; missingWebsite; missingPhone
way/315997821,OpenStreetMap,osm,ODbL,https://www.openstreetmap.org/way/315997821,Hotel Montemar,"Km.2 Carretera Sánchez, Azua, 71000",Azua,Dominican Republic,18.4426462,-70.7151164,,+809-521-5599,,osm-dominican-republic-hotel-focused-2026-05-20,2026-05-20T19:38:55.292Z,pending,none,needs_research,hotel montemar|azua|dominican republic,85,high,way,hotel,missingWebsite
way/316385782,OpenStreetMap,osm,ODbL,https://www.openstreetmap.org/way/316385782,Hotel La Atac,Calle Arzobispo Meriño,,Dominican Republic,18.4763537,-69.8849651,,,,osm-dominican-republic-hotel-focused-2026-05-20,2026-05-20T19:38:55.292Z,pending,none,needs_research,hotel la atac|18.4764|-69.885,60,medium,way,hotel,missingCity; missingWebsite; missingPhone
way/320381815,OpenStreetMap,osm,ODbL,https://www.openstreetmap.org/way/320381815,Blue JackTar,,,Dominican Republic,19.7721563,-70.6507117,https://www.bluejacktar.com/es/,+1 (809) 320 - 3800,,osm-dominican-republic-hotel-focused-2026-05-20,2026-05-20T19:38:55.292Z,pending,none,needs_research,blue jacktar|19.7722|-70.6507,80,high,way,hotel,missingCity
way/323830323,OpenStreetMap,osm,ODbL,https://www.openstreetmap.org/way/323830323,Iberostar Hacienda Dominicus,"Playa Bayahibe, Higüey, 23000",Higüey,Dominican Republic,18.3477867,-68.8224984,https://www.iberostar.com/en/hotels/bayahibe/iberostar-selection-hacienda-dominicus/,1 809-688-3600,Iberostar Hotels & Resorts,osm-dominican-republic-hotel-focused-2026-05-20,2026-05-20T19:38:55.292Z,pending,none,needs_research,iberostar hacienda dominicus|higuey|dominican republic,100,high,way,hotel,
way/325724382,OpenStreetMap,osm,ODbL,https://www.openstreetmap.org/way/325724382,El Cabito,,,Dominican Republic,19.3002786,-69.1733571,,,,osm-dominican-republic-hotel-focused-2026-05-20,2026-05-20T19:38:55.292Z,pending,none,needs_research,el cabito|19.3003|-69.1734,55,medium,way,hotel,missingCity; missingWebsite; missingPhone
way/328364682,OpenStreetMap,osm,ODbL,https://www.openstreetmap.org/way/328364682,Cabañas Campo Amor,,,Dominican Republic,18.5040591,-69.8627148,,,,osm-dominican-republic-hotel-focused-2026-05-20,2026-05-20T19:38:55.292Z,pending,none,needs_research,cabanas campo amor|18.5041|-69.8627,55,medium,way,motel,missingCity; missingWebsite; missingPhone
way/333932122,OpenStreetMap,osm,ODbL,https://www.openstreetmap.org/way/333932122,Hotel Diamante Azul,San Vincente de Paul,,Dominican Republic,18.4940504,-69.85078,,,,osm-dominican-republic-hotel-focused-2026-05-20,2026-05-20T19:38:55.292Z,pending,none,needs_research,hotel diamante azul|18.4941|-69.8508,60,medium,way,hotel,missingCity; missingWebsite; missingPhone
way/334173540,OpenStreetMap,osm,ODbL,https://www.openstreetmap.org/way/334173540,Bellevue Dominican Bay,,,Dominican Republic,18.4502106,-69.6113855,,,,osm-dominican-republic-hotel-focused-2026-05-20,2026-05-20T19:38:55.292Z,pending,none,needs_research,bellevue dominican bay|18.4502|-69.6114,55,medium,way,hotel,missingCity; missingWebsite; missingPhone
way/335856652,OpenStreetMap,osm,ODbL,https://www.openstreetmap.org/way/335856652,Hotel Breathless Punta Cana,,,Dominican Republic,18.8087322,-68.5797242,,,,osm-dominican-republic-hotel-focused-2026-05-20,2026-05-20T19:38:55.292Z,pending,none,needs_research,hotel breathless punta cana|18.8087|-68.5797,55,medium,way,hotel,missingCity; missingWebsite; missingPhone
way/335856784,OpenStreetMap,osm,ODbL,https://www.openstreetmap.org/way/335856784,Dreams Punta Cana Resort & Spa,"Carretera Uvero Alto, Punta Cana, 23002",Punta Cana,Dominican Republic,18.8036592,-68.5743011,,,,osm-dominican-republic-hotel-focused-2026-05-20,2026-05-20T19:38:55.292Z,pending,none,needs_research,dreams punta cana resort & spa|punta cana|dominican republic,75,high,way,hotel,missingWebsite; missingPhone
way/336698722,OpenStreetMap,osm,ODbL,https://www.openstreetmap.org/way/336698722,Aparta Hotel Turey,8 Avenida Gustavo Mejía Ricart,,Dominican Republic,18.4759008,-69.921545,,+18094121308,,osm-dominican-republic-hotel-focused-2026-05-20,2026-05-20T19:38:55.292Z,pending,none,needs_research,aparta hotel turey|18.4759|-69.9215,70,high,way,hostel,missingCity; missingWebsite
way/339752040,OpenStreetMap,osm,ODbL,https://www.openstreetmap.org/way/339752040,Hotel Caribe,,,Dominican Republic,18.2019256,-71.0895157,,,,osm-dominican-republic-hotel-focused-2026-05-20,2026-05-20T19:38:55.292Z,pending,none,needs_research,hotel caribe|18.2019|-71.0895,55,medium,way,hotel,missingCity; missingWebsite; missingPhone
way/341067667,OpenStreetMap,osm,ODbL,https://www.openstreetmap.org/way/341067667,Hostal Doña Chava,,,Dominican Republic,18.0358048,-71.7423458,http://www.donachava.com/,,,osm-dominican-republic-hotel-focused-2026-05-20,2026-05-20T19:38:55.292Z,pending,none,needs_research,hostal dona chava|18.0358|-71.7423,70,high,way,hotel,missingCity; missingPhone
way/342557503,OpenStreetMap,osm,ODbL,https://www.openstreetmap.org/way/342557503,Cabañas Ciudad Corazón,,,Dominican Republic,18.4983707,-69.9916365,,,,osm-dominican-republic-hotel-focused-2026-05-20,2026-05-20T19:38:55.292Z,pending,none,needs_research,cabanas ciudad corazon|18.4984|-69.9916,55,medium,way,motel,missingCity; missingWebsite; missingPhone
way/342786288,OpenStreetMap,osm,ODbL,https://www.openstreetmap.org/way/342786288,Bahía Príncipe Playa Nueva La Romana,,,Dominican Republic,18.435257,-69.1903111,,,,osm-dominican-republic-hotel-focused-2026-05-20,2026-05-20T19:38:55.292Z,pending,none,needs_research,bahia principe playa nueva la romana|18.4353|-69.1903,55,medium,way,hotel,missingCity; missingWebsite; missingPhone
way/344008918,OpenStreetMap,osm,ODbL,https://www.openstreetmap.org/way/344008918,Hotel La Cita,,,Dominican Republic,18.5106206,-69.8745479,,,,osm-dominican-republic-hotel-focused-2026-05-20,2026-05-20T19:38:55.292Z,pending,none,needs_research,hotel la cita|18.5106|-69.8745,55,medium,way,hotel,missingCity; missingWebsite; missingPhone
way/344009786,OpenStreetMap,osm,ODbL,https://www.openstreetmap.org/way/344009786,Aurora del Sol,"Carretera Mella, Santo Domingo Este",Santo Domingo Este,Dominican Republic,18.5152372,-69.8426351,,,,osm-dominican-republic-hotel-focused-2026-05-20,2026-05-20T19:38:55.292Z,pending,none,needs_research,aurora del sol|santo domingo este|dominican republic,75,high,way,hotel,missingWebsite; missingPhone
way/344193447,OpenStreetMap,osm,ODbL,https://www.openstreetmap.org/way/344193447,Hotel Súper,,,Dominican Republic,18.5446048,-69.8976704,,,,osm-dominican-republic-hotel-focused-2026-05-20,2026-05-20T19:38:55.292Z,pending,none,needs_research,hotel super|18.5446|-69.8977,55,medium,way,hotel,missingCity; missingWebsite; missingPhone
way/359598125,OpenStreetMap,osm,ODbL,https://www.openstreetmap.org/way/359598125,JW Marriott Santo Domingo,"Avenida Winston Churchill, Santo Domingo",Santo Domingo,Dominican Republic,18.4726639,-69.9411036,https://www.marriott.com/hotels/travel/sdqjw-jw-marriott-hotel-santo-domingo/,,JW Marriott,osm-dominican-republic-hotel-focused-2026-05-20,2026-05-20T19:38:55.292Z,pending,none,needs_research,jw marriott santo domingo|santo domingo|dominican republic,100,high,way,hotel,missingPhone
way/361426122,OpenStreetMap,osm,ODbL,https://www.openstreetmap.org/way/361426122,Alto Caño Hondo,,,Dominican Republic,19.0570011,-69.4555572,https://www.paraisocanohondo.com/alojamiento/altos-cano-hondo.aspx,+1 829 2598559,,osm-dominican-republic-hotel-focused-2026-05-20,2026-05-20T19:38:55.292Z,pending,none,needs_research,alto cano hondo|19.057|-69.4556,80,high,way,hotel,missingCity
way/363761504,OpenStreetMap,osm,ODbL,https://www.openstreetmap.org/way/363761504,Casa del Mar Lodge Barahona,,,Dominican Republic,18.0989324,-71.0789173,http://www.casadelmarlodgebarahona.com/,+1 829 216 1278,,osm-dominican-republic-hotel-focused-2026-05-20,2026-05-20T19:38:55.292Z,pending,none,needs_research,casa del mar lodge barahona|18.0989|-71.0789,80,high,way,hotel,missingCity
way/365721803,OpenStreetMap,osm,ODbL,https://www.openstreetmap.org/way/365721803,Hotel Baramar,,,Dominican Republic,18.2050822,-71.1008656,,,,osm-dominican-republic-hotel-focused-2026-05-20,2026-05-20T19:38:55.292Z,pending,none,needs_research,hotel baramar|18.2051|-71.1009,55,medium,way,hotel,missingCity; missingWebsite; missingPhone
way/365721961,OpenStreetMap,osm,ODbL,https://www.openstreetmap.org/way/365721961,Gran Hotel Barahona,,,Dominican Republic,18.2055728,-71.0925018,,,,osm-dominican-republic-hotel-focused-2026-05-20,2026-05-20T19:38:55.292Z,pending,none,needs_research,gran hotel barahona|18.2056|-71.0925,55,medium,way,hotel,missingCity; missingWebsite; missingPhone
way/373914205,OpenStreetMap,osm,ODbL,https://www.openstreetmap.org/way/373914205,Hotel El Crucero,,,Dominican Republic,18.4961731,-69.8512515,,,,osm-dominican-republic-hotel-focused-2026-05-20,2026-05-20T19:38:55.292Z,pending,none,needs_research,hotel el crucero|18.4962|-69.8513,55,medium,way,hotel,missingCity; missingWebsite; missingPhone
way/378375761,OpenStreetMap,osm,ODbL,https://www.openstreetmap.org/way/378375761,Holiday Inn,"856 Avenida Abraham Lincoln, Santo Domingo",Santo Domingo,Dominican Republic,18.4761553,-69.9367164,,,Holiday Inn,osm-dominican-republic-hotel-focused-2026-05-20,2026-05-20T19:38:55.292Z,pending,none,needs_research,holiday inn|santo domingo|dominican republic,85,high,way,hotel,missingWebsite; missingPhone
way/379027094,OpenStreetMap,osm,ODbL,https://www.openstreetmap.org/way/379027094,Hotel BQ;Vent W&P Santo Domingo,"53 Avenida Sarasota, Santo Domingo",Santo Domingo,Dominican Republic,18.4569746,-69.9366666,https://workandpleasurehotels.com/,,,osm-dominican-republic-hotel-focused-2026-05-20,2026-05-20T19:38:55.292Z,pending,none,needs_research,hotel bq;vent w&p santo domingo|santo domingo|dominican republic,90,high,way,hotel,missingPhone
way/389775943,OpenStreetMap,osm,ODbL,https://www.openstreetmap.org/way/389775943,Hotel 8,Calle 14 de Junio,,Dominican Republic,18.4895424,-69.9171752,,,,osm-dominican-republic-hotel-focused-2026-05-20,2026-05-20T19:38:55.292Z,pending,none,needs_research,hotel 8|18.4895|-69.9172,60,medium,way,motel,missingCity; missingWebsite; missingPhone
way/404174344,OpenStreetMap,osm,ODbL,https://www.openstreetmap.org/way/404174344,Westin,,,Dominican Republic,18.4643779,-69.9318502,,,Westin,osm-dominican-republic-hotel-focused-2026-05-20,2026-05-20T19:38:55.292Z,pending,none,needs_research,westin|18.4644|-69.9319,65,medium,way,hotel,missingCity; missingWebsite; missingPhone
way/404430604,OpenStreetMap,osm,ODbL,https://www.openstreetmap.org/way/404430604,Hotel Acuarium,"Calle 11, Santo Domingo",Santo Domingo,Dominican Republic,18.4696203,-69.8325676,,,,osm-dominican-republic-hotel-focused-2026-05-20,2026-05-20T19:38:55.292Z,pending,none,needs_research,hotel acuarium|santo domingo|dominican republic,75,high,way,hotel,missingWebsite; missingPhone
way/406632312,OpenStreetMap,osm,ODbL,https://www.openstreetmap.org/way/406632312,Hotel Las Mercedes,155 Calle Las Mercedes,,Dominican Republic,18.4752129,-69.8861273,,,,osm-dominican-republic-hotel-focused-2026-05-20,2026-05-20T19:38:55.292Z,pending,none,needs_research,hotel las mercedes|18.4752|-69.8861,60,medium,way,hotel,missingCity; missingWebsite; missingPhone
way/406641455,OpenStreetMap,osm,ODbL,https://www.openstreetmap.org/way/406641455,Hotel Discovery,,,Dominican Republic,18.4708595,-69.8911746,,,,osm-dominican-republic-hotel-focused-2026-05-20,2026-05-20T19:38:55.292Z,pending,none,needs_research,hotel discovery|18.4709|-69.8912,55,medium,way,hotel,missingCity; missingWebsite; missingPhone
way/406647744,OpenStreetMap,osm,ODbL,https://www.openstreetmap.org/way/406647744,Hotel Odette Colonial,,,Dominican Republic,18.470069,-69.8887134,,,,osm-dominican-republic-hotel-focused-2026-05-20,2026-05-20T19:38:55.292Z,pending,none,needs_research,hotel odette colonial|18.4701|-69.8887,55,medium,way,hotel,missingCity; missingWebsite; missingPhone
way/406649855,OpenStreetMap,osm,ODbL,https://www.openstreetmap.org/way/406649855,Quinta Dominica,202 Calle Padre Billini,,Dominican Republic,18.4712735,-69.8857922,,,,osm-dominican-republic-hotel-focused-2026-05-20,2026-05-20T19:38:55.292Z,pending,none,needs_research,quinta dominica|18.4713|-69.8858,60,medium,way,guest_house,missingCity; missingWebsite; missingPhone
way/406649862,OpenStreetMap,osm,ODbL,https://www.openstreetmap.org/way/406649862,Hodelpa Caribe Colonial,Calle Isabel la Católica,,Dominican Republic,18.4745489,-69.8835275,,,,osm-dominican-republic-hotel-focused-2026-05-20,2026-05-20T19:38:55.292Z,pending,none,needs_research,hodelpa caribe colonial|18.4745|-69.8835,60,medium,way,hotel,missingCity; missingWebsite; missingPhone
way/406664905,OpenStreetMap,osm,ODbL,https://www.openstreetmap.org/way/406664905,Hotel Palacio,"Calle Duarte, Zona Colonial, Santo Domingo",Santo Domingo,Dominican Republic,18.4735624,-69.8862797,https://www.hotel-palacio.com/,8096824730,,osm-dominican-republic-hotel-focused-2026-05-20,2026-05-20T19:38:55.292Z,pending,none,needs_research,hotel palacio|santo domingo|dominican republic,100,high,way,hotel,
way/406678369,OpenStreetMap,osm,ODbL,https://www.openstreetmap.org/way/406678369,Doña Elvira,207A Calle Padre Billini,,Dominican Republic,18.4710349,-69.8868164,,,,osm-dominican-republic-hotel-focused-2026-05-20,2026-05-20T19:38:55.292Z,pending,none,needs_research,dona elvira|18.471|-69.8868,60,medium,way,hotel,missingCity; missingWebsite; missingPhone
way/406786247,OpenStreetMap,osm,ODbL,https://www.openstreetmap.org/way/406786247,Paseo Colonial,314 Calle Isabel la Católica,,Dominican Republic,18.4779894,-69.8844315,,,,osm-dominican-republic-hotel-focused-2026-05-20,2026-05-20T19:38:55.292Z,pending,none,needs_research,paseo colonial|18.478|-69.8844,60,medium,way,hostel,missingCity; missingWebsite; missingPhone
way/406786249,OpenStreetMap,osm,ODbL,https://www.openstreetmap.org/way/406786249,Island Life Backpackers Hostel,356 Calle Isabel la Católica,,Dominican Republic,18.4783554,-69.8844268,,809 333 9374,,osm-dominican-republic-hotel-focused-2026-05-20,2026-05-20T19:38:55.292Z,pending,none,needs_research,island life backpackers hostel|18.4784|-69.8844,70,high,way,hostel,missingCity; missingWebsite
way/406788867,OpenStreetMap,osm,ODbL,https://www.openstreetmap.org/way/406788867,Aparta hotel tiempo,Calle Duarte,,Dominican Republic,18.4759464,-69.886629,,689671673,,osm-dominican-republic-hotel-focused-2026-05-20,2026-05-20T19:38:55.292Z,pending,none,needs_research,aparta hotel tiempo|18.4759|-69.8866,70,high,way,hotel,missingCity; missingWebsite
way/406814141,OpenStreetMap,osm,ODbL,https://www.openstreetmap.org/way/406814141,Hotel Navarro,Calle Palo Hincado,,Dominican Republic,18.4724668,-69.8914242,,,,osm-dominican-republic-hotel-focused-2026-05-20,2026-05-20T19:38:55.292Z,pending,none,needs_research,hotel navarro|18.4725|-69.8914,60,medium,way,hotel,missingCity; missingWebsite; missingPhone
way/406814144,OpenStreetMap,osm,ODbL,https://www.openstreetmap.org/way/406814144,Motel Xiniua,Calle Palo Hincado,,Dominican Republic,18.4726202,-69.8914491,,,,osm-dominican-republic-hotel-focused-2026-05-20,2026-05-20T19:38:55.292Z,pending,none,needs_research,motel xiniua|18.4726|-69.8914,60,medium,way,motel,missingCity; missingWebsite; missingPhone
way/406835730,OpenStreetMap,osm,ODbL,https://www.openstreetmap.org/way/406835730,Hotel Altagracia,Calle Altagracia,,Dominican Republic,18.4764727,-69.8907234,,,,osm-dominican-republic-hotel-focused-2026-05-20,2026-05-20T19:38:55.292Z,pending,none,needs_research,hotel altagracia|18.4765|-69.8907,60,medium,way,hotel,missingCity; missingWebsite; missingPhone
way/406862579,OpenStreetMap,osm,ODbL,https://www.openstreetmap.org/way/406862579,Casino Napolitano,51 Avenida George Washington,,Dominican Republic,18.46655,-69.891438,,,,osm-dominican-republic-hotel-focused-2026-05-20,2026-05-20T19:38:55.292Z,pending,none,needs_research,casino napolitano|18.4666|-69.8914,60,medium,way,hotel,missingCity; missingWebsite; missingPhone
way/406991569,OpenStreetMap,osm,ODbL,https://www.openstreetmap.org/way/406991569,Hotel Europa Boutique,,,Dominican Republic,18.4768087,-69.884772,,,,osm-dominican-republic-hotel-focused-2026-05-20,2026-05-20T19:38:55.292Z,pending,none,needs_research,hotel europa boutique|18.4768|-69.8848,55,medium,way,hotel,missingCity; missingWebsite; missingPhone
way/406993692,OpenStreetMap,osm,ODbL,https://www.openstreetmap.org/way/406993692,Hotel Conde,,,Dominican Republic,18.4737382,-69.8844343,,,,osm-dominican-republic-hotel-focused-2026-05-20,2026-05-20T19:38:55.292Z,pending,none,needs_research,hotel conde|18.4737|-69.8844,55,medium,way,hotel,missingCity; missingWebsite; missingPhone
way/407005629,OpenStreetMap,osm,ODbL,https://www.openstreetmap.org/way/407005629,Hotel La Pista,,,Dominican Republic,18.4483279,-69.6514469,,,,osm-dominican-republic-hotel-focused-2026-05-20,2026-05-20T19:38:55.292Z,pending,none,needs_research,hotel la pista|18.4483|-69.6514,55,medium,way,hotel,missingCity; missingWebsite; missingPhone
way/407006273,OpenStreetMap,osm,ODbL,https://www.openstreetmap.org/way/407006273,Hotel Duque de Wellington,Avenida Independencia,,Dominican Republic,18.4654644,-69.8968672,,8096824525,,osm-dominican-republic-hotel-focused-2026-05-20,2026-05-20T19:38:55.292Z,pending,none,needs_research,hotel duque de wellington|18.4655|-69.8969,70,high,way,hotel,missingCity; missingWebsite
way/407006274,OpenStreetMap,osm,ODbL,https://www.openstreetmap.org/way/407006274,Hotel El Navarro,Avenida Independencia,,Dominican Republic,18.4655741,-69.8967466,,8096893888,,osm-dominican-republic-hotel-focused-2026-05-20,2026-05-20T19:38:55.292Z,pending,none,needs_research,hotel el navarro|18.4656|-69.8967,70,high,way,hotel,missingCity; missingWebsite
way/407017172,OpenStreetMap,osm,ODbL,https://www.openstreetmap.org/way/407017172,Hotel Villa Capri,"n.34 Aut. Las Americas km32, Boca Chica",Boca Chica,Dominican Republic,18.4544091,-69.6078291,,(809) 5239374,,osm-dominican-republic-hotel-focused-2026-05-20,2026-05-20T19:38:55.292Z,pending,none,needs_research,hotel villa capri|boca chica|dominican republic,85,high,way,hotel,missingWebsite
way/407036915,OpenStreetMap,osm,ODbL,https://www.openstreetmap.org/way/407036915,Blues House,,,Dominican Republic,18.4850395,-69.8433099,,,,osm-dominican-republic-hotel-focused-2026-05-20,2026-05-20T19:38:55.292Z,pending,none,needs_research,blues house|18.485|-69.8433,55,medium,way,hotel,missingCity; missingWebsite; missingPhone
way/407043746,OpenStreetMap,osm,ODbL,https://www.openstreetmap.org/way/407043746,Hotel El Greco,"Duarte, Boca Chica",Boca Chica,Dominican Republic,18.4482034,-69.6106837,,,,osm-dominican-republic-hotel-focused-2026-05-20,2026-05-20T19:38:55.292Z,pending,none,needs_research,hotel el greco|boca chica|dominican republic,75,high,way,hotel,missingWebsite; missingPhone
way/407053188,OpenStreetMap,osm,ODbL,https://www.openstreetmap.org/way/407053188,Azzurra Aparta Hotel,"Avenida San Rafael, Boca Chica",Boca Chica,Dominican Republic,18.4481197,-69.6079772,,,,osm-dominican-republic-hotel-focused-2026-05-20,2026-05-20T19:38:55.292Z,pending,none,needs_research,azzurra aparta hotel|boca chica|dominican republic,75,high,way,hotel,missingWebsite; missingPhone
way/407061877,OpenStreetMap,osm,ODbL,https://www.openstreetmap.org/way/407061877,Villa Sans-Saucy,"Juan Bautista Vicini, Boca Chica",Boca Chica,Dominican Republic,18.4525659,-69.6092343,,,,osm-dominican-republic-hotel-focused-2026-05-20,2026-05-20T19:38:55.292Z,pending,none,needs_research,villa sans-saucy|boca chica|dominican republic,75,high,way,hotel,missingWebsite; missingPhone
way/407070409,OpenStreetMap,osm,ODbL,https://www.openstreetmap.org/way/407070409,Villa Elvis,"Jose De Jesus Lutrino, Boca Chica",Boca Chica,Dominican Republic,18.454074,-69.6070619,,,,osm-dominican-republic-hotel-focused-2026-05-20,2026-05-20T19:38:55.292Z,pending,none,needs_research,villa elvis|boca chica|dominican republic,75,high,way,hotel,missingWebsite; missingPhone
way/407070411,OpenStreetMap,osm,ODbL,https://www.openstreetmap.org/way/407070411,Villa Capri,"Jose De Jesus Lutrino, Boca Chica",Boca Chica,Dominican Republic,18.4543824,-69.6080506,,,,osm-dominican-republic-hotel-focused-2026-05-20,2026-05-20T19:38:55.292Z,pending,none,needs_research,villa capri|boca chica|dominican republic,75,high,way,hotel,missingWebsite; missingPhone
way/407075377,OpenStreetMap,osm,ODbL,https://www.openstreetmap.org/way/407075377,Calypso Beach Hotel,,,Dominican Republic,18.449603,-69.606151,,,,osm-dominican-republic-hotel-focused-2026-05-20,2026-05-20T19:38:55.292Z,pending,none,needs_research,calypso beach hotel|18.4496|-69.6062,55,medium,way,hotel,missingCity; missingWebsite; missingPhone
way/407734431,OpenStreetMap,osm,ODbL,https://www.openstreetmap.org/way/407734431,Playa Marina,"Avenida San Rafael, Boca Chica",Boca Chica,Dominican Republic,18.4485571,-69.6101307,,,,osm-dominican-republic-hotel-focused-2026-05-20,2026-05-20T19:38:55.292Z,pending,none,needs_research,playa marina|boca chica|dominican republic,75,high,way,hotel,missingWebsite; missingPhone
way/407739619,OpenStreetMap,osm,ODbL,https://www.openstreetmap.org/way/407739619,Hotel Mango,"Arismendy Valenzuela, Boca Chica",Boca Chica,Dominican Republic,18.4512095,-69.6079313,,,,osm-dominican-republic-hotel-focused-2026-05-20,2026-05-20T19:38:55.292Z,pending,none,needs_research,hotel mango|boca chica|dominican republic,75,high,way,hotel,missingWebsite; missingPhone
way/407741177,OpenStreetMap,osm,ODbL,https://www.openstreetmap.org/way/407741177,Hotel Riazor,Avenida Independencia,,Dominican Republic,18.4644065,-69.9006141,,,,osm-dominican-republic-hotel-focused-2026-05-20,2026-05-20T19:38:55.292Z,pending,none,needs_research,hotel riazor|18.4644|-69.9006,60,medium,way,hotel,missingCity; missingWebsite; missingPhone
way/407741181,OpenStreetMap,osm,ODbL,https://www.openstreetmap.org/way/407741181,Hotel La Casona,Avenida Independencia,,Dominican Republic,18.4661944,-69.8966711,,,,osm-dominican-republic-hotel-focused-2026-05-20,2026-05-20T19:38:55.292Z,pending,none,needs_research,hotel la casona|18.4662|-69.8967,60,medium,way,hotel,missingCity; missingWebsite; missingPhone
way/407742566,OpenStreetMap,osm,ODbL,https://www.openstreetmap.org/way/407742566,Hotel Renacer,Avenida Simón Bolivar,,Dominican Republic,18.4704961,-69.8965823,,,,osm-dominican-republic-hotel-focused-2026-05-20,2026-05-20T19:38:55.292Z,pending,none,needs_research,hotel renacer|18.4705|-69.8966,60,medium,way,hotel,missingCity; missingWebsite; missingPhone
way/407755736,OpenStreetMap,osm,ODbL,https://www.openstreetmap.org/way/407755736,Cabañas Imperial,"Autopista Duarte, Santiago",Santiago,Dominican Republic,19.4253608,-70.6502656,,,,osm-dominican-republic-hotel-focused-2026-05-20,2026-05-20T19:38:55.292Z,pending,none,needs_research,cabanas imperial|santiago|dominican republic,75,high,way,hotel,missingWebsite; missingPhone
way/407755737,OpenStreetMap,osm,ODbL,https://www.openstreetmap.org/way/407755737,Horus Aparta Hotel,"Carretera Las Palomas, Santiago",Santiago,Dominican Republic,19.4255871,-70.6512832,,,,osm-dominican-republic-hotel-focused-2026-05-20,2026-05-20T19:38:55.292Z,pending,none,needs_research,horus aparta hotel|santiago|dominican republic,75,high,way,hotel,missingWebsite; missingPhone
way/407777544,OpenStreetMap,osm,ODbL,https://www.openstreetmap.org/way/407777544,Nuevo Hotel San Jose,"Avenida Isabel Aguiar, Santo Domingo",Santo Domingo,Dominican Republic,18.4637472,-69.9749522,,,,osm-dominican-republic-hotel-focused-2026-05-20,2026-05-20T19:38:55.292Z,pending,none,needs_research,nuevo hotel san jose|santo domingo|dominican republic,75,high,way,hotel,missingWebsite; missingPhone
way/407777781,OpenStreetMap,osm,ODbL,https://www.openstreetmap.org/way/407777781,Mira Mar,Avenida Los Palmeros. Marginal Las Américas,,Dominican Republic,18.4662211,-69.8212495,,,,osm-dominican-republic-hotel-focused-2026-05-20,2026-05-20T19:38:55.292Z,pending,none,needs_research,mira mar|18.4662|-69.8212,60,medium,way,motel,missingCity; missingWebsite; missingPhone
way/408013297,OpenStreetMap,osm,ODbL,https://www.openstreetmap.org/way/408013297,Hotel Noche de Travesura,,,Dominican Republic,18.504224,-69.8965934,,,,osm-dominican-republic-hotel-focused-2026-05-20,2026-05-20T19:38:55.292Z,pending,none,needs_research,hotel noche de travesura|18.5042|-69.8966,55,medium,way,hotel,missingCity; missingWebsite; missingPhone
way/408316180,OpenStreetMap,osm,ODbL,https://www.openstreetmap.org/way/408316180,El Principe,Avenida Pedro Livio Cedeño,,Dominican Republic,18.4948191,-69.9098424,,,,osm-dominican-republic-hotel-focused-2026-05-20,2026-05-20T19:38:55.292Z,pending,none,needs_research,el principe|18.4948|-69.9098,60,medium,way,hotel,missingCity; missingWebsite; missingPhone
way/408316188,OpenStreetMap,osm,ODbL,https://www.openstreetmap.org/way/408316188,La Playa,,,Dominican Republic,18.4965238,-69.913669,,,,osm-dominican-republic-hotel-focused-2026-05-20,2026-05-20T19:38:55.292Z,pending,none,needs_research,la playa|18.4965|-69.9137,55,medium,way,motel,missingCity; missingWebsite; missingPhone
way/408443500,OpenStreetMap,osm,ODbL,https://www.openstreetmap.org/way/408443500,Hotel Buenos Aires,"Carretera Jacagua, Santiago de los Caballeros",Santiago de los Caballeros,Dominican Republic,19.4721805,-70.711442,,,,osm-dominican-republic-hotel-focused-2026-05-20,2026-05-20T19:38:55.292Z,pending,none,needs_research,hotel buenos aires|santiago de los caballeros|dominican republic,75,high,way,hotel,missingWebsite; missingPhone
way/408443503,OpenStreetMap,osm,ODbL,https://www.openstreetmap.org/way/408443503,Hotel Las Colinas,"Avenida Imbert, Santiago de los Caballeros",Santiago de los Caballeros,Dominican Republic,19.4718224,-70.7121183,,,,osm-dominican-republic-hotel-focused-2026-05-20,2026-05-20T19:38:55.292Z,pending,none,needs_research,hotel las colinas|santiago de los caballeros|dominican republic,75,high,way,hotel,missingWebsite; missingPhone
way/408451325,OpenStreetMap,osm,ODbL,https://www.openstreetmap.org/way/408451325,Hotel Villa Campo,Carretera Duarte Vieja,,Dominican Republic,18.4987103,-69.9923224,,,,osm-dominican-republic-hotel-focused-2026-05-20,2026-05-20T19:38:55.292Z,pending,none,needs_research,hotel villa campo|18.4987|-69.9923,60,medium,way,hotel,missingCity; missingWebsite; missingPhone
way/408649164,OpenStreetMap,osm,ODbL,https://www.openstreetmap.org/way/408649164,Hotel Matum,"Avenida Las Carreras, Santiago",Santiago,Dominican Republic,19.4518871,-70.6909257,,,,osm-dominican-republic-hotel-focused-2026-05-20,2026-05-20T19:38:55.292Z,pending,none,needs_research,hotel matum|santiago|dominican republic,75,high,way,hotel,missingWebsite; missingPhone
way/408715484,OpenStreetMap,osm,ODbL,https://www.openstreetmap.org/way/408715484,Villas Aparta Hotel,"Autopista Presidente Dr Joaquín Balaguer, Santiago",Santiago,Dominican Republic,19.4896805,-70.7229944,,,,osm-dominican-republic-hotel-focused-2026-05-20,2026-05-20T19:38:55.292Z,pending,none,needs_research,villas aparta hotel|santiago|dominican republic,75,high,way,hotel,missingWebsite; missingPhone
way/408730341,OpenStreetMap,osm,ODbL,https://www.openstreetmap.org/way/408730341,Hotel Caribeno,"Avenida Salvador Estrella Sahdalá, Santiago de los Caballeros",Santiago de los Caballeros,Dominican Republic,19.4810608,-70.7058216,,,,osm-dominican-republic-hotel-focused-2026-05-20,2026-05-20T19:38:55.292Z,pending,none,needs_research,hotel caribeno|santiago de los caballeros|dominican republic,75,high,way,hotel,missingWebsite; missingPhone
way/408753404,OpenStreetMap,osm,ODbL,https://www.openstreetmap.org/way/408753404,Iberostar,"Avenida 27 de Febrero, Santo Domingo",Santo Domingo,Dominican Republic,18.4612551,-69.9396516,,,,osm-dominican-republic-hotel-focused-2026-05-20,2026-05-20T19:38:55.292Z,pending,none,needs_research,iberostar|santo domingo|dominican republic,75,high,way,hotel,missingWebsite; missingPhone
way/408774923,OpenStreetMap,osm,ODbL,https://www.openstreetmap.org/way/408774923,Ramada,"Avenida 27 de Febrero, Santo Domingo",Santo Domingo,Dominican Republic,18.4600899,-69.9397948,,,,osm-dominican-republic-hotel-focused-2026-05-20,2026-05-20T19:38:55.292Z,pending,none,needs_research,ramada|santo domingo|dominican republic,75,high,way,hotel,missingWebsite; missingPhone
way/408930486,OpenStreetMap,osm,ODbL,https://www.openstreetmap.org/way/408930486,Motel la Economia,André,André,Dominican Republic,18.4482146,-69.634198,,,,osm-dominican-republic-hotel-focused-2026-05-20,2026-05-20T19:38:55.292Z,pending,none,needs_research,motel la economia|andre|dominican republic,75,high,way,motel,missingWebsite; missingPhone
way/409588717,OpenStreetMap,osm,ODbL,https://www.openstreetmap.org/way/409588717,GAVA hostel,"Calle Russia, Bavaro - Punta Cana, 23000",Bavaro - Punta Cana,Dominican Republic,18.6855031,-68.4208618,https://www.facebook.com/pages/GAVA-hostel-Punta-Cana-Bavaro-Dominican-Republic/126310254216636?ref=hl,+18292065583,GAVA,osm-dominican-republic-hotel-focused-2026-05-20,2026-05-20T19:38:55.292Z,pending,none,needs_research,gava hostel|bavaro - punta cana|dominican republic,100,high,way,hostel,
way/409588750,OpenStreetMap,osm,ODbL,https://www.openstreetmap.org/way/409588750,Hotel Conquistador,Autopista Joaquín Balaguer,,Dominican Republic,19.4908195,-70.7223894,,,,osm-dominican-republic-hotel-focused-2026-05-20,2026-05-20T19:38:55.292Z,pending,none,needs_research,hotel conquistador|19.4908|-70.7224,60,medium,way,hotel,missingCity; missingWebsite; missingPhone
way/409597539,OpenStreetMap,osm,ODbL,https://www.openstreetmap.org/way/409597539,Hotel Los Jardiness,,,Dominican Republic,19.4649554,-70.6888376,,,,osm-dominican-republic-hotel-focused-2026-05-20,2026-05-20T19:38:55.292Z,pending,none,needs_research,hotel los jardiness|19.465|-70.6888,55,medium,way,hotel,missingCity; missingWebsite; missingPhone
way/409872731,OpenStreetMap,osm,ODbL,https://www.openstreetmap.org/way/409872731,Micro Hotel,"Avenida República de Colombia, Santo Domingo",Santo Domingo,Dominican Republic,18.5019609,-69.9583728,,,,osm-dominican-republic-hotel-focused-2026-05-20,2026-05-20T19:38:55.292Z,pending,none,needs_research,micro hotel|santo domingo|dominican republic,75,high,way,hotel,missingWebsite; missingPhone
way/410064463,OpenStreetMap,osm,ODbL,https://www.openstreetmap.org/way/410064463,Queen Hotel,Autopista 30 de Mayo,,Dominican Republic,18.4282715,-69.9691828,,,,osm-dominican-republic-hotel-focused-2026-05-20,2026-05-20T19:38:55.292Z,pending,none,needs_research,queen hotel|18.4283|-69.9692,60,medium,way,hotel,missingCity; missingWebsite; missingPhone
way/410312680,OpenStreetMap,osm,ODbL,https://www.openstreetmap.org/way/410312680,Centrun,,,Dominican Republic,18.4513181,-69.9644007,,,,osm-dominican-republic-hotel-focused-2026-05-20,2026-05-20T19:38:55.292Z,pending,none,needs_research,centrun|18.4513|-69.9644,55,medium,way,motel,missingCity; missingWebsite; missingPhone
way/410357299,OpenStreetMap,osm,ODbL,https://www.openstreetmap.org/way/410357299,Hotel Aladino,"Calle Doctor Heriberto Pierter, Santo Domingo",Santo Domingo,Dominican Republic,18.4812262,-69.925875,,,,osm-dominican-republic-hotel-focused-2026-05-20,2026-05-20T19:38:55.292Z,pending,none,needs_research,hotel aladino|santo domingo|dominican republic,75,high,way,hotel,missingWebsite; missingPhone
way/410364839,OpenStreetMap,osm,ODbL,https://www.openstreetmap.org/way/410364839,Hispañiola Hotel & Casino,Santa Domingo,Santa Domingo,Dominican Republic,18.4548639,-69.9228339,,,,osm-dominican-republic-hotel-focused-2026-05-20,2026-05-20T19:38:55.292Z,pending,none,needs_research,hispaniola hotel & casino|santa domingo|dominican republic,75,high,way,hotel,missingWebsite; missingPhone
way/410659819,OpenStreetMap,osm,ODbL,https://www.openstreetmap.org/way/410659819,Hotel Farolito,"Avenida Las Américas, Santo Domingo Este, 11601",Santo Domingo Este,Dominican Republic,18.4855292,-69.8768295,,,,osm-dominican-republic-hotel-focused-2026-05-20,2026-05-20T19:38:55.292Z,pending,none,needs_research,hotel farolito|santo domingo este|dominican republic,75,high,way,hotel,missingWebsite; missingPhone
way/411455781,OpenStreetMap,osm,ODbL,https://www.openstreetmap.org/way/411455781,Hotel el Encuento,Autopista Duarte,,Dominican Republic,18.5211969,-70.0106126,,,,osm-dominican-republic-hotel-focused-2026-05-20,2026-05-20T19:38:55.292Z,pending,none,needs_research,hotel el encuento|18.5212|-70.0106,60,medium,way,hotel,missingCity; missingWebsite; missingPhone
way/411497495,OpenStreetMap,osm,ODbL,https://www.openstreetmap.org/way/411497495,Hotel Bohechio,,,Dominican Republic,18.4764239,-69.9720722,,,,osm-dominican-republic-hotel-focused-2026-05-20,2026-05-20T19:38:55.292Z,pending,none,needs_research,hotel bohechio|18.4764|-69.9721,55,medium,way,hotel,missingCity; missingWebsite; missingPhone
way/411505517,OpenStreetMap,osm,ODbL,https://www.openstreetmap.org/way/411505517,Hotel La Solusion,,,Dominican Republic,18.4781009,-69.9718719,,,,osm-dominican-republic-hotel-focused-2026-05-20,2026-05-20T19:38:55.292Z,pending,none,needs_research,hotel la solusion|18.4781|-69.9719,55,medium,way,hotel,missingCity; missingWebsite; missingPhone
way/411505521,OpenStreetMap,osm,ODbL,https://www.openstreetmap.org/way/411505521,Hotel Omar,,,Dominican Republic,18.4787622,-69.9717463,,,,osm-dominican-republic-hotel-focused-2026-05-20,2026-05-20T19:38:55.292Z,pending,none,needs_research,hotel omar|18.4788|-69.9717,55,medium,way,hotel,missingCity; missingWebsite; missingPhone
way/411734313,OpenStreetMap,osm,ODbL,https://www.openstreetmap.org/way/411734313,Hotel El Sol,"Calle Del Sol, Santiago",Santiago,Dominican Republic,19.4513119,-70.7086022,,,,osm-dominican-republic-hotel-focused-2026-05-20,2026-05-20T19:38:55.292Z,pending,none,needs_research,hotel el sol|santiago|dominican republic,75,high,way,hotel,missingWebsite; missingPhone
way/411769609,OpenStreetMap,osm,ODbL,https://www.openstreetmap.org/way/411769609,Hotel Aloha Sol,"Calle Sánchez, Santiago",Santiago,Dominican Republic,19.4502797,-70.7015476,,,,osm-dominican-republic-hotel-focused-2026-05-20,2026-05-20T19:38:55.292Z,pending,none,needs_research,hotel aloha sol|santiago|dominican republic,75,high,way,hotel,missingWebsite; missingPhone
way/411781544,OpenStreetMap,osm,ODbL,https://www.openstreetmap.org/way/411781544,Hotel Ahora,,,Dominican Republic,18.4684798,-69.9738667,,,,osm-dominican-republic-hotel-focused-2026-05-20,2026-05-20T19:38:55.292Z,pending,none,needs_research,hotel ahora|18.4685|-69.9739,55,medium,way,hotel,missingCity; missingWebsite; missingPhone
way/411795151,OpenStreetMap,osm,ODbL,https://www.openstreetmap.org/way/411795151,La Fuente Del Placer,,,Dominican Republic,18.9324123,-70.3859941,,,,osm-dominican-republic-hotel-focused-2026-05-20,2026-05-20T19:38:55.292Z,pending,none,needs_research,la fuente del placer|18.9324|-70.386,55,medium,way,motel,missingCity; missingWebsite; missingPhone
way/411804452,OpenStreetMap,osm,ODbL,https://www.openstreetmap.org/way/411804452,Hotel Roma,,,Dominican Republic,18.471369,-69.9721265,,,,osm-dominican-republic-hotel-focused-2026-05-20,2026-05-20T19:38:55.292Z,pending,none,needs_research,hotel roma|18.4714|-69.9721,55,medium,way,hotel,missingCity; missingWebsite; missingPhone
way/411818568,OpenStreetMap,osm,ODbL,https://www.openstreetmap.org/way/411818568,Hotel MI Cam Cam,,,Dominican Republic,18.4730613,-69.9722103,,,,osm-dominican-republic-hotel-focused-2026-05-20,2026-05-20T19:38:55.292Z,pending,none,needs_research,hotel mi cam cam|18.4731|-69.9722,55,medium,way,hotel,missingCity; missingWebsite; missingPhone
way/411829861,OpenStreetMap,osm,ODbL,https://www.openstreetmap.org/way/411829861,Cabanas Heaven's,Autopista Duarte,,Dominican Republic,18.8571642,-70.3429211,,,,osm-dominican-republic-hotel-focused-2026-05-20,2026-05-20T19:38:55.292Z,pending,none,needs_research,cabanas heaven's|18.8572|-70.3429,60,medium,way,motel,missingCity; missingWebsite; missingPhone
way/412115789,OpenStreetMap,osm,ODbL,https://www.openstreetmap.org/way/412115789,Cabana El Paraiso,Autopista Duarte,,Dominican Republic,19.2748758,-70.5708804,,,,osm-dominican-republic-hotel-focused-2026-05-20,2026-05-20T19:38:55.292Z,pending,none,needs_research,cabana el paraiso|19.2749|-70.5709,60,medium,way,motel,missingCity; missingWebsite; missingPhone
way/412118145,OpenStreetMap,osm,ODbL,https://www.openstreetmap.org/way/412118145,Cabañas Turisticas Vega Real,Autopista Duarte,,Dominican Republic,19.2528092,-70.5624466,,,,osm-dominican-republic-hotel-focused-2026-05-20,2026-05-20T19:38:55.292Z,pending,none,needs_research,cabanas turisticas vega real|19.2528|-70.5624,60,medium,way,motel,missingCity; missingWebsite; missingPhone
way/412160588,OpenStreetMap,osm,ODbL,https://www.openstreetmap.org/way/412160588,Roland Hotel,,,Dominican Republic,18.4978348,-69.8238267,,,,osm-dominican-republic-hotel-focused-2026-05-20,2026-05-20T19:38:55.292Z,pending,none,needs_research,roland hotel|18.4978|-69.8238,55,medium,way,hotel,missingCity; missingWebsite; missingPhone
way/412174508,OpenStreetMap,osm,ODbL,https://www.openstreetmap.org/way/412174508,Villa Verde,"Avenida Duarte, Villa Altagracia",Villa Altagracia,Dominican Republic,18.6807517,-70.1785647,,,,osm-dominican-republic-hotel-focused-2026-05-20,2026-05-20T19:38:55.292Z,pending,none,needs_research,villa verde|villa altagracia|dominican republic,75,high,way,hotel,missingWebsite; missingPhone
way/412477056,OpenStreetMap,osm,ODbL,https://www.openstreetmap.org/way/412477056,Galaxy Aparta Hotel,Autopista Duarte,,Dominican Republic,19.2421052,-70.5252852,,,,osm-dominican-republic-hotel-focused-2026-05-20,2026-05-20T19:38:55.292Z,pending,none,needs_research,galaxy aparta hotel|19.2421|-70.5253,60,medium,way,motel,missingCity; missingWebsite; missingPhone
way/412768374,OpenStreetMap,osm,ODbL,https://www.openstreetmap.org/way/412768374,Hotel Embajador,Avenida Sarasota,,Dominican Republic,18.4550422,-69.9334492,,,,osm-dominican-republic-hotel-focused-2026-05-20,2026-05-20T19:38:55.292Z,pending,none,needs_research,hotel embajador|18.455|-69.9334,60,medium,way,hotel,missingCity; missingWebsite; missingPhone
way/412787474,OpenStreetMap,osm,ODbL,https://www.openstreetmap.org/way/412787474,Hotel,Carretera Duarte Vieja,,Dominican Republic,18.9523282,-70.4017202,,,,osm-dominican-republic-hotel-focused-2026-05-20,2026-05-20T19:38:55.292Z,pending,none,needs_research,hotel|18.9523|-70.4017,60,medium,way,hotel,missingCity; missingWebsite; missingPhone
way/412845223,OpenStreetMap,osm,ODbL,https://www.openstreetmap.org/way/412845223,Hotel El Tunel,San Vicente de Paúl,,Dominican Republic,18.5095425,-69.8617358,,,,osm-dominican-republic-hotel-focused-2026-05-20,2026-05-20T19:38:55.292Z,pending,none,needs_research,hotel el tunel|18.5095|-69.8617,60,medium,way,hotel,missingCity; missingWebsite; missingPhone
way/412852670,OpenStreetMap,osm,ODbL,https://www.openstreetmap.org/way/412852670,Hotel La Sonrisa,B,B,Dominican Republic,18.4234129,-70.0408442,,,,osm-dominican-republic-hotel-focused-2026-05-20,2026-05-20T19:38:55.292Z,pending,none,needs_research,hotel la sonrisa|b|dominican republic,75,high,way,hotel,missingWebsite; missingPhone
way/413385765,OpenStreetMap,osm,ODbL,https://www.openstreetmap.org/way/413385765,Cabañas Horny,"Avenida Charles de Gaulle, Santo Domingo Este",Santo Domingo Este,Dominican Republic,18.5469128,-69.8904697,,,,osm-dominican-republic-hotel-focused-2026-05-20,2026-05-20T19:38:55.292Z,pending,none,needs_research,cabanas horny|santo domingo este|dominican republic,75,high,way,hotel,missingWebsite; missingPhone
way/413389795,OpenStreetMap,osm,ODbL,https://www.openstreetmap.org/way/413389795,Hotel Madre Vieja,"29, San Cristóbal",San Cristóbal,Dominican Republic,18.4222422,-70.101958,,,,osm-dominican-republic-hotel-focused-2026-05-20,2026-05-20T19:38:55.292Z,pending,none,needs_research,hotel madre vieja|san cristobal|dominican republic,75,high,way,hotel,missingWebsite; missingPhone
way/413438539,OpenStreetMap,osm,ODbL,https://www.openstreetmap.org/way/413438539,Hotel el Subway,"Carretera Sánchez, San Cristóbal",San Cristóbal,Dominican Republic,18.4241388,-70.0952688,,,,osm-dominican-republic-hotel-focused-2026-05-20,2026-05-20T19:38:55.292Z,pending,none,needs_research,hotel el subway|san cristobal|dominican republic,75,high,way,hotel,missingWebsite; missingPhone
way/413442278,OpenStreetMap,osm,ODbL,https://www.openstreetmap.org/way/413442278,Hotel Internacional,,,Dominican Republic,18.5013469,-69.9128501,,,,osm-dominican-republic-hotel-focused-2026-05-20,2026-05-20T19:38:55.292Z,pending,none,needs_research,hotel internacional|18.5013|-69.9129,55,medium,way,hotel,missingCity; missingWebsite; missingPhone
way/413701758,OpenStreetMap,osm,ODbL,https://www.openstreetmap.org/way/413701758,Hotel Saoco,99 Calle Moca,,Dominican Republic,18.5007398,-69.9086387,,,,osm-dominican-republic-hotel-focused-2026-05-20,2026-05-20T19:38:55.292Z,pending,none,needs_research,hotel saoco|18.5007|-69.9086,60,medium,way,hotel,missingCity; missingWebsite; missingPhone
way/413957007,OpenStreetMap,osm,ODbL,https://www.openstreetmap.org/way/413957007,Hotel Zitro,"Don Luis Despradel, La Vega",La Vega,Dominican Republic,19.2303266,-70.5310546,,,,osm-dominican-republic-hotel-focused-2026-05-20,2026-05-20T19:38:55.292Z,pending,none,needs_research,hotel zitro|la vega|dominican republic,75,high,way,hotel,missingWebsite; missingPhone
way/413970591,OpenStreetMap,osm,ODbL,https://www.openstreetmap.org/way/413970591,Tin Vale Hotel,Autopista Duarte,,Dominican Republic,19.0033825,-70.4400611,,,,osm-dominican-republic-hotel-focused-2026-05-20,2026-05-20T19:38:55.292Z,pending,none,needs_research,tin vale hotel|19.0034|-70.4401,60,medium,way,hotel,missingCity; missingWebsite; missingPhone
way/413985303,OpenStreetMap,osm,ODbL,https://www.openstreetmap.org/way/413985303,Hotel Galaxia,San Vicente de Paúl,,Dominican Republic,18.5100957,-69.8626165,,,,osm-dominican-republic-hotel-focused-2026-05-20,2026-05-20T19:38:55.292Z,pending,none,needs_research,hotel galaxia|18.5101|-69.8626,60,medium,way,hotel,missingCity; missingWebsite; missingPhone
way/413985306,OpenStreetMap,osm,ODbL,https://www.openstreetmap.org/way/413985306,Hotel El Metro,San Vicente de Paúl,,Dominican Republic,18.5100605,-69.8618584,,,,osm-dominican-republic-hotel-focused-2026-05-20,2026-05-20T19:38:55.292Z,pending,none,needs_research,hotel el metro|18.5101|-69.8619,60,medium,way,hotel,missingCity; missingWebsite; missingPhone
way/413985307,OpenStreetMap,osm,ODbL,https://www.openstreetmap.org/way/413985307,Hotel Mega,San Vicente de Paúl,,Dominican Republic,18.5100036,-69.8614808,,,,osm-dominican-republic-hotel-focused-2026-05-20,2026-05-20T19:38:55.292Z,pending,none,needs_research,hotel mega|18.51|-69.8615,60,medium,way,hotel,missingCity; missingWebsite; missingPhone
way/413993138,OpenStreetMap,osm,ODbL,https://www.openstreetmap.org/way/413993138,Hotel El Rey,"Avenida Antonio Guzman Fdez., La Vega",La Vega,Dominican Republic,19.2308704,-70.5304068,,,,osm-dominican-republic-hotel-focused-2026-05-20,2026-05-20T19:38:55.292Z,pending,none,needs_research,hotel el rey|la vega|dominican republic,75,high,way,hotel,missingWebsite; missingPhone
way/414021694,OpenStreetMap,osm,ODbL,https://www.openstreetmap.org/way/414021694,Hotel MiraSol,"Carretera Mella, Santo Domingo Este",Santo Domingo Este,Dominican Republic,18.5004506,-69.8607889,,,,osm-dominican-republic-hotel-focused-2026-05-20,2026-05-20T19:38:55.292Z,pending,none,needs_research,hotel mirasol|santo domingo este|dominican republic,75,high,way,hotel,missingWebsite; missingPhone
way/414225247,OpenStreetMap,osm,ODbL,https://www.openstreetmap.org/way/414225247,Hotel Pegasus,"Beller, La Vega",La Vega,Dominican Republic,19.2276636,-70.534113,,,,osm-dominican-republic-hotel-focused-2026-05-20,2026-05-20T19:38:55.292Z,pending,none,needs_research,hotel pegasus|la vega|dominican republic,75,high,way,hotel,missingWebsite; missingPhone
way/414225266,OpenStreetMap,osm,ODbL,https://www.openstreetmap.org/way/414225266,Hotel Con Parqueo La Potencia,"Calle Duarte, Los Alcarrizos",Los Alcarrizos,Dominican Republic,18.5234282,-70.0339642,,,,osm-dominican-republic-hotel-focused-2026-05-20,2026-05-20T19:38:55.292Z,pending,none,needs_research,hotel con parqueo la potencia|los alcarrizos|dominican republic,75,high,way,hotel,missingWebsite; missingPhone
way/414258694,OpenStreetMap,osm,ODbL,https://www.openstreetmap.org/way/414258694,Hotel Familiar San Pedro,"Calle Núñez de Cáceres, La Vega",La Vega,Dominican Republic,19.2271499,-70.5320951,,,,osm-dominican-republic-hotel-focused-2026-05-20,2026-05-20T19:38:55.292Z,pending,none,needs_research,hotel familiar san pedro|la vega|dominican republic,75,high,way,hotel,missingWebsite; missingPhone
way/414258697,OpenStreetMap,osm,ODbL,https://www.openstreetmap.org/way/414258697,Hotel Real,"Calle Padre Billini, La Vega",La Vega,Dominican Republic,19.2271448,-70.5331594,,,,osm-dominican-republic-hotel-focused-2026-05-20,2026-05-20T19:38:55.292Z,pending,none,needs_research,hotel real|la vega|dominican republic,75,high,way,hotel,missingWebsite; missingPhone
way/414264724,OpenStreetMap,osm,ODbL,https://www.openstreetmap.org/way/414264724,Hotel del Valle,"Avenida Pedro A. Rivera, La Vega",La Vega,Dominican Republic,19.2273766,-70.5236606,,,,osm-dominican-republic-hotel-focused-2026-05-20,2026-05-20T19:38:55.292Z,pending,none,needs_research,hotel del valle|la vega|dominican republic,75,high,way,hotel,missingWebsite; missingPhone
way/414264738,OpenStreetMap,osm,ODbL,https://www.openstreetmap.org/way/414264738,Hotel Don Marío,"Avenida Pedro A. Rivera, La Vega",La Vega,Dominican Republic,19.2213629,-70.5161901,,,,osm-dominican-republic-hotel-focused-2026-05-20,2026-05-20T19:38:55.292Z,pending,none,needs_research,hotel don mario|la vega|dominican republic,75,high,way,hotel,missingWebsite; missingPhone
way/414264741,OpenStreetMap,osm,ODbL,https://www.openstreetmap.org/way/414264741,Hotel La Diosa,"Avenida Pedro A. Rivera, La Vega",La Vega,Dominican Republic,19.2174903,-70.5118858,,,,osm-dominican-republic-hotel-focused-2026-05-20,2026-05-20T19:38:55.292Z,pending,none,needs_research,hotel la diosa|la vega|dominican republic,75,high,way,hotel,missingWebsite; missingPhone
way/414499936,OpenStreetMap,osm,ODbL,https://www.openstreetmap.org/way/414499936,Hotel Asia,,,Dominican Republic,18.4934915,-69.8698083,,,,osm-dominican-republic-hotel-focused-2026-05-20,2026-05-20T19:38:55.292Z,pending,none,needs_research,hotel asia|18.4935|-69.8698,55,medium,way,hotel,missingCity; missingWebsite; missingPhone
way/429004654,OpenStreetMap,osm,ODbL,https://www.openstreetmap.org/way/429004654,Motel el Conford,,,Dominican Republic,18.7383098,-68.584871,,,,osm-dominican-republic-hotel-focused-2026-05-20,2026-05-20T19:38:55.292Z,pending,none,needs_research,motel el conford|18.7383|-68.5849,55,medium,way,motel,missingCity; missingWebsite; missingPhone
way/435204201,OpenStreetMap,osm,ODbL,https://www.openstreetmap.org/way/435204201,Rancho La Aurora,,,Dominican Republic,19.1136808,-70.577989,,,,osm-dominican-republic-hotel-focused-2026-05-20,2026-05-20T19:38:55.292Z,pending,none,needs_research,rancho la aurora|19.1137|-70.578,55,medium,way,hotel,missingCity; missingWebsite; missingPhone
way/439195501,OpenStreetMap,osm,ODbL,https://www.openstreetmap.org/way/439195501,Charming Countryside Chalet,,,Dominican Republic,19.6853948,-70.62244,https://www.charming-countryside-chalet.com/,+1 809 399 95 43,,osm-dominican-republic-hotel-focused-2026-05-20,2026-05-20T19:38:55.292Z,pending,none,needs_research,charming countryside chalet|19.6854|-70.6224,80,high,way,hotel,missingCity
way/471926026,OpenStreetMap,osm,ODbL,https://www.openstreetmap.org/way/471926026,Grand Bahia Principe Turquesa,,,Dominican Republic,18.721265,-68.4672648,,,,osm-dominican-republic-hotel-focused-2026-05-20,2026-05-20T19:38:55.292Z,pending,none,needs_research,grand bahia principe turquesa|18.7213|-68.4673,55,medium,way,hotel,missingCity; missingWebsite; missingPhone
way/476739407,OpenStreetMap,osm,ODbL,https://www.openstreetmap.org/way/476739407,Hotel Riu Republica,"Carr. El Macao - Arena Gorda, Punta Cana, 23000",Punta Cana,Dominican Republic,18.4648512,-68.4023911,https://www.riu.com/en/hotel/dominican-republic/punta-cana/hotel-riu-republica/,+1 809-933-0101,RIU,osm-dominican-republic-hotel-focused-2026-05-20,2026-05-20T19:38:55.292Z,pending,none,needs_research,hotel riu republica|punta cana|dominican republic,100,high,way,hotel,
way/478120842,OpenStreetMap,osm,ODbL,https://www.openstreetmap.org/way/478120842,Hotel Cervantes,"204 Cervantes, Santo Domingo",Santo Domingo,Dominican Republic,18.4688716,-69.9016647,,,,osm-dominican-republic-hotel-focused-2026-05-20,2026-05-20T19:38:55.292Z,pending,none,needs_research,hotel cervantes|santo domingo|dominican republic,75,high,way,hotel,missingWebsite; missingPhone
way/493317106,OpenStreetMap,osm,ODbL,https://www.openstreetmap.org/way/493317106,Hotel Santa Cruz,,,Dominican Republic,18.7669367,-69.0365846,,,,osm-dominican-republic-hotel-focused-2026-05-20,2026-05-20T19:38:55.292Z,pending,none,needs_research,hotel santa cruz|18.7669|-69.0366,55,medium,way,hotel,missingCity; missingWebsite; missingPhone
way/506588705,OpenStreetMap,osm,ODbL,https://www.openstreetmap.org/way/506588705,Posada Doña Cuca,"Santo Medrano, Polo, 81503",Polo,Dominican Republic,18.0898439,-71.2790862,,,,osm-dominican-republic-hotel-focused-2026-05-20,2026-05-20T19:38:55.292Z,pending,none,needs_research,posada dona cuca|polo|dominican republic,75,high,way,guest_house,missingWebsite; missingPhone
way/516518775,OpenStreetMap,osm,ODbL,https://www.openstreetmap.org/way/516518775,Hotel La Esperanza,,,Dominican Republic,18.9735901,-69.3771555,,,,osm-dominican-republic-hotel-focused-2026-05-20,2026-05-20T19:38:55.292Z,pending,none,needs_research,hotel la esperanza|18.9736|-69.3772,55,medium,way,hotel,missingCity; missingWebsite; missingPhone
way/529318923,OpenStreetMap,osm,ODbL,https://www.openstreetmap.org/way/529318923,Hostal Ganesh,"Km 8 Carretera El Valle, El Valle, Samana, 32000","El Valle, Samana",Dominican Republic,19.2798751,-69.332114,https://ganeshhostel.com/,+1 (809) 769-1723,,osm-dominican-republic-hotel-focused-2026-05-20,2026-05-20T19:38:55.292Z,pending,none,needs_research,"hostal ganesh|el valle, samana|dominican republic",100,high,way,hostel,
way/539003044,OpenStreetMap,osm,ODbL,https://www.openstreetmap.org/way/539003044,Bahía Príncipe Bouganville,,,Dominican Republic,18.4338554,-69.190938,,,,osm-dominican-republic-hotel-focused-2026-05-20,2026-05-20T19:38:55.292Z,pending,none,needs_research,bahia principe bouganville|18.4339|-69.1909,55,medium,way,hotel,missingCity; missingWebsite; missingPhone
way/540475898,OpenStreetMap,osm,ODbL,https://www.openstreetmap.org/way/540475898,Dreams Dominicus La Romana,"23000 Los Melones, Bahahibe",Bahahibe,Dominican Republic,18.3454757,-68.8198493,,+1 809-221-0303,Dreams,osm-dominican-republic-hotel-focused-2026-05-20,2026-05-20T19:38:55.292Z,pending,none,needs_research,dreams dominicus la romana|bahahibe|dominican republic,95,high,way,hotel,missingWebsite
way/540477320,OpenStreetMap,osm,ODbL,https://www.openstreetmap.org/way/540477320,Building 64,,,Dominican Republic,18.3433768,-68.8208618,,,,osm-dominican-republic-hotel-focused-2026-05-20,2026-05-20T19:38:55.292Z,pending,none,needs_research,building 64|18.3434|-68.8209,55,medium,way,hotel,missingCity; missingWebsite; missingPhone
way/545028233,OpenStreetMap,osm,ODbL,https://www.openstreetmap.org/way/545028233,Hotel Casa Hemingway,,,Dominican Republic,18.4300093,-69.3972418,,,Starfish Resort,osm-dominican-republic-hotel-focused-2026-05-20,2026-05-20T19:38:55.292Z,pending,none,needs_research,hotel casa hemingway|18.43|-69.3972,65,medium,way,hotel,missingCity; missingWebsite; missingPhone
way/552675343,OpenStreetMap,osm,ODbL,https://www.openstreetmap.org/way/552675343,Hostal Los Jensen,"Doctor Delgado, Santo Domingo",Santo Domingo,Dominican Republic,18.4677998,-69.8962719,,,,osm-dominican-republic-hotel-focused-2026-05-20,2026-05-20T19:38:55.292Z,pending,none,needs_research,hostal los jensen|santo domingo|dominican republic,75,high,way,hotel,missingWebsite; missingPhone
way/557516096,OpenStreetMap,osm,ODbL,https://www.openstreetmap.org/way/557516096,Hotel Maguana,,,Dominican Republic,18.8068389,-71.2258823,,,,osm-dominican-republic-hotel-focused-2026-05-20,2026-05-20T19:38:55.292Z,pending,none,needs_research,hotel maguana|18.8068|-71.2259,55,medium,way,hostel,missingCity; missingWebsite; missingPhone
way/574588488,OpenStreetMap,osm,ODbL,https://www.openstreetmap.org/way/574588488,Hotel Frescor del Valle,"Lincoln, Hondo Valle, 73000",Hondo Valle,Dominican Republic,18.7137006,-71.6947903,,+1-829-344-6568,,osm-dominican-republic-hotel-focused-2026-05-20,2026-05-20T19:38:55.292Z,pending,none,needs_research,hotel frescor del valle|hondo valle|dominican republic,85,high,way,motel,missingWebsite
way/597361865,OpenStreetMap,osm,ODbL,https://www.openstreetmap.org/way/597361865,Lopesan Costa Bávaro Resort & Spa,"Playa Bavaro, Punta Cana, 23301, DO",Punta Cana,DO,18.6706856,-68.4044305,https://www.lopesan.com/es/hoteles/republica-dominicana/punta-cana/playa-bavaro/ifa-villas-bavaro/,+1 809-200-2101,IFA,osm-dominican-republic-hotel-focused-2026-05-20,2026-05-20T19:38:55.292Z,pending,none,needs_research,lopesan costa bavaro resort & spa|punta cana|do,100,high,way,hotel,
way/630842152,OpenStreetMap,osm,ODbL,https://www.openstreetmap.org/way/630842152,Hotal San Francisco de Asis,"Avenida Pasteur, Santo Domingo",Santo Domingo,Dominican Republic,18.4664482,-69.8988277,https://hostalsanfranciscodeasis.com/,(809) 685-0101,,osm-dominican-republic-hotel-focused-2026-05-20,2026-05-20T19:38:55.292Z,pending,none,needs_research,hotal san francisco de asis|santo domingo|dominican republic,100,high,way,hotel,
way/652498669,OpenStreetMap,osm,ODbL,https://www.openstreetmap.org/way/652498669,Coop Marena Beach Resort,,,Dominican Republic,18.4246803,-69.4279667,,,Seguro de Maestros,osm-dominican-republic-hotel-focused-2026-05-20,2026-05-20T19:38:55.292Z,pending,none,needs_research,coop marena beach resort|18.4247|-69.428,65,medium,way,hotel,missingCity; missingWebsite; missingPhone
way/658281870,OpenStreetMap,osm,ODbL,https://www.openstreetmap.org/way/658281870,Hotel Víctor,,,Dominican Republic,18.4710519,-69.8344044,,,,osm-dominican-republic-hotel-focused-2026-05-20,2026-05-20T19:38:55.292Z,pending,none,needs_research,hotel victor|18.4711|-69.8344,55,medium,way,hotel,missingCity; missingWebsite; missingPhone
way/659053800,OpenStreetMap,osm,ODbL,https://www.openstreetmap.org/way/659053800,Viva Wyndham Tangerine,,,Dominican Republic,19.753724,-70.4157637,,,,osm-dominican-republic-hotel-focused-2026-05-20,2026-05-20T19:38:55.292Z,pending,none,needs_research,viva wyndham tangerine|19.7537|-70.4158,55,medium,way,hotel,missingCity; missingWebsite; missingPhone
way/663326875,OpenStreetMap,osm,ODbL,https://www.openstreetmap.org/way/663326875,Tio Pan,,,Dominican Republic,19.7799255,-70.6818258,,,,osm-dominican-republic-hotel-focused-2026-05-20,2026-05-20T19:38:55.292Z,pending,none,needs_research,tio pan|19.7799|-70.6818,55,medium,way,hotel,missingCity; missingWebsite; missingPhone
way/675403679,OpenStreetMap,osm,ODbL,https://www.openstreetmap.org/way/675403679,The Westin Punta Cana - Resort & Club,"Playa Blanca at Punta Cana Resort & Club, Punta Cana, 23300",Punta Cana,Dominican Republic,18.5384865,-68.356448,,,Westin,osm-dominican-republic-hotel-focused-2026-05-20,2026-05-20T19:38:55.292Z,pending,none,needs_research,the westin punta cana - resort & club|punta cana|dominican republic,85,high,way,hotel,missingWebsite; missingPhone
way/677625141,OpenStreetMap,osm,ODbL,https://www.openstreetmap.org/way/677625141,Secrets Cap Cana Resort & Spa,,,Dominican Republic,18.4843873,-68.3942656,,,,osm-dominican-republic-hotel-focused-2026-05-20,2026-05-20T19:38:55.292Z,pending,none,needs_research,secrets cap cana resort & spa|18.4844|-68.3943,55,medium,way,hotel,missingCity; missingWebsite; missingPhone
way/703236980,OpenStreetMap,osm,ODbL,https://www.openstreetmap.org/way/703236980,Casa de Huespedes Colonial,"103 Calle Espaillat, Santo Domingo, 11111",Santo Domingo,Dominican Republic,18.4689188,-69.8890421,,,,osm-dominican-republic-hotel-focused-2026-05-20,2026-05-20T19:38:55.292Z,pending,none,needs_research,casa de huespedes colonial|santo domingo|dominican republic,75,high,way,hotel,missingWebsite; missingPhone
way/711650078,OpenStreetMap,osm,ODbL,https://www.openstreetmap.org/way/711650078,Nickelodeon Hotels & Resorts Punta Cana,"Carretera Uvero Alto, Punta Cana, 23002",Punta Cana,Dominican Republic,18.7983174,-68.5763452,https://www.karismahotels.com/nickelodeon-hotels-resorts/punta-cana,(844) 733-6425,,osm-dominican-republic-hotel-focused-2026-05-20,2026-05-20T19:38:55.292Z,pending,none,needs_research,nickelodeon hotels & resorts punta cana|punta cana|dominican republic,100,high,way,hotel,
way/711650079,OpenStreetMap,osm,ODbL,https://www.openstreetmap.org/way/711650079,Nickelodeon Hotels & Resorts Punta Cana,"Carretera Uvero Alto, Punta Cana, 23002",Punta Cana,Dominican Republic,18.8016903,-68.5725192,https://www.karismahotels.com/nickelodeon-hotels-resorts/punta-cana,(844) 733-6425,,osm-dominican-republic-hotel-focused-2026-05-20,2026-05-20T19:38:55.292Z,pending,none,needs_research,nickelodeon hotels & resorts punta cana|punta cana|dominican republic,100,high,way,hotel,
way/719001962,OpenStreetMap,osm,ODbL,https://www.openstreetmap.org/way/719001962,Hotel La Loma,,,Dominican Republic,18.9832757,-69.0534126,,,,osm-dominican-republic-hotel-focused-2026-05-20,2026-05-20T19:38:55.292Z,pending,none,needs_research,hotel la loma|18.9833|-69.0534,55,medium,way,hotel,missingCity; missingWebsite; missingPhone
way/725164689,OpenStreetMap,osm,ODbL,https://www.openstreetmap.org/way/725164689,Hotel Verano,,,Dominican Republic,19.2272739,-69.5676601,,,,osm-dominican-republic-hotel-focused-2026-05-20,2026-05-20T19:38:55.292Z,pending,none,needs_research,hotel verano|19.2273|-69.5677,55,medium,way,hotel,missingCity; missingWebsite; missingPhone
way/725185633,OpenStreetMap,osm,ODbL,https://www.openstreetmap.org/way/725185633,Hotel El Calvito,,,Dominican Republic,19.2243558,-69.5479629,,,,osm-dominican-republic-hotel-focused-2026-05-20,2026-05-20T19:38:55.292Z,pending,none,needs_research,hotel el calvito|19.2244|-69.548,55,medium,way,hotel,missingCity; missingWebsite; missingPhone
way/730848313,OpenStreetMap,osm,ODbL,https://www.openstreetmap.org/way/730848313,Hotel Solaz,,,Dominican Republic,19.3238487,-69.5305415,,+18092406661,,osm-dominican-republic-hotel-focused-2026-05-20,2026-05-20T19:38:55.292Z,pending,none,needs_research,hotel solaz|19.3238|-69.5305,65,medium,way,hotel,missingCity; missingWebsite
way/758630613,OpenStreetMap,osm,ODbL,https://www.openstreetmap.org/way/758630613,Casa de Campo Resort & Villas,22000,,Dominican Republic,18.4141438,-68.9355638,https://www.casadecampo.com.do/,+1 809-523-3333,,osm-dominican-republic-hotel-focused-2026-05-20,2026-05-20T19:38:55.292Z,pending,none,needs_research,casa de campo resort & villas|18.4141|-68.9356,85,high,way,hotel,missingCity
way/759223343,OpenStreetMap,osm,ODbL,https://www.openstreetmap.org/way/759223343,Sunscapes Dominicus La Romana,,,Dominican Republic,18.3425426,-68.8160398,https://www.hyattinclusivecollection.com/en/resorts-hotels/sunscape/dominican-republic/dominicus-la-romana/,,Be Live Collection,osm-dominican-republic-hotel-focused-2026-05-20,2026-05-20T19:38:55.292Z,pending,none,needs_research,sunscapes dominicus la romana|18.3425|-68.816,80,high,way,hotel,missingCity; missingPhone
way/760705299,OpenStreetMap,osm,ODbL,https://www.openstreetmap.org/way/760705299,Centro de Visitantes Edwin Gómez,Carretera La Ciénaga,,Dominican Republic,19.0672908,-70.858627,https://ecolodge.com.do/,809-472-4422,,osm-dominican-republic-hotel-focused-2026-05-20,2026-05-20T19:38:55.292Z,pending,none,needs_research,centro de visitantes edwin gomez|19.0673|-70.8586,85,high,way,hostel,missingCity
way/763219336,OpenStreetMap,osm,ODbL,https://www.openstreetmap.org/way/763219336,Complejo Ecoturistico Sereno de la Montaña,"Calle Principal, Los Bueyes, Los Bueyes",Los Bueyes,Dominican Republic,19.6051309,-70.4261439,,+1 829-424-7070,,osm-dominican-republic-hotel-focused-2026-05-20,2026-05-20T19:38:55.292Z,pending,none,needs_research,complejo ecoturistico sereno de la montana|los bueyes|dominican republic,85,high,way,hotel,missingWebsite
way/808528117,OpenStreetMap,osm,ODbL,https://www.openstreetmap.org/way/808528117,Villa Lazy Heart Estate,,,Dominican Republic,19.6329725,-69.8953786,,,,osm-dominican-republic-hotel-focused-2026-05-20,2026-05-20T19:38:55.292Z,pending,none,needs_research,villa lazy heart estate|19.633|-69.8954,55,medium,way,hotel,missingCity; missingWebsite; missingPhone
way/832414902,OpenStreetMap,osm,ODbL,https://www.openstreetmap.org/way/832414902,Residencial Imperial III,,,Dominican Republic,19.4450891,-70.6756484,,,,osm-dominican-republic-hotel-focused-2026-05-20,2026-05-20T19:38:55.292Z,pending,none,needs_research,residencial imperial iii|19.4451|-70.6756,55,medium,way,hotel,missingCity; missingWebsite; missingPhone
way/832414903,OpenStreetMap,osm,ODbL,https://www.openstreetmap.org/way/832414903,Residencial Imperial III,,,Dominican Republic,19.4452001,-70.6756324,,,,osm-dominican-republic-hotel-focused-2026-05-20,2026-05-20T19:38:55.292Z,pending,none,needs_research,residencial imperial iii|19.4452|-70.6756,55,medium,way,hotel,missingCity; missingWebsite; missingPhone
way/832414904,OpenStreetMap,osm,ODbL,https://www.openstreetmap.org/way/832414904,Residencial Imperial III,,,Dominican Republic,19.4450315,-70.6754999,,,,osm-dominican-republic-hotel-focused-2026-05-20,2026-05-20T19:38:55.292Z,pending,none,needs_research,residencial imperial iii|19.445|-70.6755,55,medium,way,hotel,missingCity; missingWebsite; missingPhone
way/839743880,OpenStreetMap,osm,ODbL,https://www.openstreetmap.org/way/839743880,Hotel Daymond Blue,,,Dominican Republic,18.131939,-71.0689228,,,,osm-dominican-republic-hotel-focused-2026-05-20,2026-05-20T19:38:55.292Z,pending,none,needs_research,hotel daymond blue|18.1319|-71.0689,55,medium,way,hotel,missingCity; missingWebsite; missingPhone
way/864800927,OpenStreetMap,osm,ODbL,https://www.openstreetmap.org/way/864800927,Hotel Mira Cielo,,,Dominican Republic,18.5987351,-68.7158058,,,,osm-dominican-republic-hotel-focused-2026-05-20,2026-05-20T19:38:55.292Z,pending,none,needs_research,hotel mira cielo|18.5987|-68.7158,55,medium,way,hotel,missingCity; missingWebsite; missingPhone
way/864800928,OpenStreetMap,osm,ODbL,https://www.openstreetmap.org/way/864800928,Hotel Mira Cielo,,,Dominican Republic,18.5983334,-68.7158005,,,,osm-dominican-republic-hotel-focused-2026-05-20,2026-05-20T19:38:55.292Z,pending,none,needs_research,hotel mira cielo|18.5983|-68.7158,55,medium,way,hotel,missingCity; missingWebsite; missingPhone
way/865148595,OpenStreetMap,osm,ODbL,https://www.openstreetmap.org/way/865148595,Hotel el Nilo,,,Dominican Republic,18.6144662,-68.7147849,,,,osm-dominican-republic-hotel-focused-2026-05-20,2026-05-20T19:38:55.292Z,pending,none,needs_research,hotel el nilo|18.6145|-68.7148,55,medium,way,motel,missingCity; missingWebsite; missingPhone
way/867033378,OpenStreetMap,osm,ODbL,https://www.openstreetmap.org/way/867033378,Hotel Don Carlos,,,Dominican Republic,18.6170933,-68.7203187,,,,osm-dominican-republic-hotel-focused-2026-05-20,2026-05-20T19:38:55.292Z,pending,none,needs_research,hotel don carlos|18.6171|-68.7203,55,medium,way,hotel,missingCity; missingWebsite; missingPhone
way/922804087,OpenStreetMap,osm,ODbL,https://www.openstreetmap.org/way/922804087,Villa Mare,Calle Mare,,Dominican Republic,18.6850409,-68.4150527,,,,osm-dominican-republic-hotel-focused-2026-05-20,2026-05-20T19:38:55.292Z,pending,none,needs_research,villa mare|18.685|-68.4151,60,medium,way,hotel,missingCity; missingWebsite; missingPhone
way/924379382,OpenStreetMap,osm,ODbL,https://www.openstreetmap.org/way/924379382,Whala Bavaro,,,Dominican Republic,18.6853113,-68.4151314,,,,osm-dominican-republic-hotel-focused-2026-05-20,2026-05-20T19:38:55.292Z,pending,none,needs_research,whala bavaro|18.6853|-68.4151,55,medium,way,hotel,missingCity; missingWebsite; missingPhone
way/924721750,OpenStreetMap,osm,ODbL,https://www.openstreetmap.org/way/924721750,hm Bavaro Beach,23000 Calle Mare,,Dominican Republic,18.6857728,-68.4146721,,,,osm-dominican-republic-hotel-focused-2026-05-20,2026-05-20T19:38:55.292Z,pending,none,needs_research,hm bavaro beach|18.6858|-68.4147,60,medium,way,hotel,missingCity; missingWebsite; missingPhone
way/932606727,OpenStreetMap,osm,ODbL,https://www.openstreetmap.org/way/932606727,Rancho Wendy,,,Dominican Republic,18.8875977,-70.4611144,,,,osm-dominican-republic-hotel-focused-2026-05-20,2026-05-20T19:38:55.292Z,pending,none,needs_research,rancho wendy|18.8876|-70.4611,55,medium,way,hotel,missingCity; missingWebsite; missingPhone
way/975017774,OpenStreetMap,osm,ODbL,https://www.openstreetmap.org/way/975017774,Viva Wyndham V Samana,,,Dominican Republic,19.2999122,-69.5805553,,,,osm-dominican-republic-hotel-focused-2026-05-20,2026-05-20T19:38:55.292Z,pending,none,needs_research,viva wyndham v samana|19.2999|-69.5806,55,medium,way,hotel,missingCity; missingWebsite; missingPhone
way/984765914,OpenStreetMap,osm,ODbL,https://www.openstreetmap.org/way/984765914,El Pulpo,,,Dominican Republic,18.3708288,-68.8376552,https://bayahibehotelelpul.wixsite.com/hotelelpulpo,+1(809)8828880,,osm-dominican-republic-hotel-focused-2026-05-20,2026-05-20T19:38:55.292Z,pending,none,needs_research,el pulpo|18.3708|-68.8377,80,high,way,hotel,missingCity
way/990444153,OpenStreetMap,osm,ODbL,https://www.openstreetmap.org/way/990444153,Luiggi Hostel,,,Dominican Republic,19.3029936,-69.559531,,,,osm-dominican-republic-hotel-focused-2026-05-20,2026-05-20T19:38:55.292Z,pending,none,needs_research,luiggi hostel|19.303|-69.5595,55,medium,way,hostel,missingCity; missingWebsite; missingPhone
way/1006947117,OpenStreetMap,osm,ODbL,https://www.openstreetmap.org/way/1006947117,Hotel Art Villa Dominicana,,,Dominican Republic,18.6845175,-68.4203362,,,,osm-dominican-republic-hotel-focused-2026-05-20,2026-05-20T19:38:55.292Z,pending,none,needs_research,hotel art villa dominicana|18.6845|-68.4203,55,medium,way,hostel,missingCity; missingWebsite; missingPhone
way/1028688029,OpenStreetMap,osm,ODbL,https://www.openstreetmap.org/way/1028688029,Apartahotel Costa Love,,,Dominican Republic,18.5939717,-68.4208934,,,,osm-dominican-republic-hotel-focused-2026-05-20,2026-05-20T19:38:55.292Z,pending,none,needs_research,apartahotel costa love|18.594|-68.4209,55,medium,way,hotel,missingCity; missingWebsite; missingPhone
way/1040966966,OpenStreetMap,osm,ODbL,https://www.openstreetmap.org/way/1040966966,Hodelpa Garden Suites Golf & Convention Center,,,Dominican Republic,18.4364903,-69.4184983,https://www.hodelpa.com/en/garden-suites,+18096889999,,osm-dominican-republic-hotel-focused-2026-05-20,2026-05-20T19:38:55.292Z,pending,none,needs_research,hodelpa garden suites golf & convention center|18.4365|-69.4185,80,high,way,hotel,missingCity
way/1042852813,OpenStreetMap,osm,ODbL,https://www.openstreetmap.org/way/1042852813,Whala Bayahibe 4*,Dominicus,Dominicus,Dominican Republic,18.3520412,-68.8346808,,,,osm-dominican-republic-hotel-focused-2026-05-20,2026-05-20T19:38:55.292Z,pending,none,needs_research,whala bayahibe 4*|dominicus|dominican republic,75,high,way,hotel,missingWebsite; missingPhone
way/1059114266,OpenStreetMap,osm,ODbL,https://www.openstreetmap.org/way/1059114266,Be Live,,,Dominican Republic,18.3414101,-68.8181629,,,Be Live,osm-dominican-republic-hotel-focused-2026-05-20,2026-05-20T19:38:55.292Z,pending,none,needs_research,be live|18.3414|-68.8182,65,medium,way,hotel,missingCity; missingWebsite; missingPhone
way/1059703258,OpenStreetMap,osm,ODbL,https://www.openstreetmap.org/way/1059703258,Be Live Collection,,,Dominican Republic,18.3412429,-68.8176089,,,Be Live Collection,osm-dominican-republic-hotel-focused-2026-05-20,2026-05-20T19:38:55.292Z,pending,none,needs_research,be live collection|18.3412|-68.8176,65,medium,way,hotel,missingCity; missingWebsite; missingPhone
way/1059703293,OpenStreetMap,osm,ODbL,https://www.openstreetmap.org/way/1059703293,Be Live Collection,,,Dominican Republic,18.3409229,-68.8181542,,,Be Live Collection,osm-dominican-republic-hotel-focused-2026-05-20,2026-05-20T19:38:55.292Z,pending,none,needs_research,be live collection|18.3409|-68.8182,65,medium,way,hotel,missingCity; missingWebsite; missingPhone
way/1059737733,OpenStreetMap,osm,ODbL,https://www.openstreetmap.org/way/1059737733,Be Live Collection,,,Dominican Republic,18.3419238,-68.8174944,,,Be Live Collection,osm-dominican-republic-hotel-focused-2026-05-20,2026-05-20T19:38:55.292Z,pending,none,needs_research,be live collection|18.3419|-68.8175,65,medium,way,hotel,missingCity; missingWebsite; missingPhone
way/1059869803,OpenStreetMap,osm,ODbL,https://www.openstreetmap.org/way/1059869803,Be Live Collection,,,Dominican Republic,18.340053,-68.8167963,,,Be Live Collection,osm-dominican-republic-hotel-focused-2026-05-20,2026-05-20T19:38:55.292Z,pending,none,needs_research,be live collection|18.3401|-68.8168,65,medium,way,hotel,missingCity; missingWebsite; missingPhone
way/1060027594,OpenStreetMap,osm,ODbL,https://www.openstreetmap.org/way/1060027594,Be Live,,,Dominican Republic,18.3409729,-68.8167012,,,Be Live,osm-dominican-republic-hotel-focused-2026-05-20,2026-05-20T19:38:55.292Z,pending,none,needs_research,be live|18.341|-68.8167,65,medium,way,hotel,missingCity; missingWebsite; missingPhone
way/1060027620,OpenStreetMap,osm,ODbL,https://www.openstreetmap.org/way/1060027620,Be Live,,,Dominican Republic,18.3404361,-68.8165513,,,Be Live,osm-dominican-republic-hotel-focused-2026-05-20,2026-05-20T19:38:55.292Z,pending,none,needs_research,be live|18.3404|-68.8166,65,medium,way,hotel,missingCity; missingWebsite; missingPhone
way/1060027624,OpenStreetMap,osm,ODbL,https://www.openstreetmap.org/way/1060027624,Be Live,,,Dominican Republic,18.3407261,-68.8163715,,,Be Live,osm-dominican-republic-hotel-focused-2026-05-20,2026-05-20T19:38:55.292Z,pending,none,needs_research,be live|18.3407|-68.8164,65,medium,way,hotel,missingCity; missingWebsite; missingPhone
way/1060027632,OpenStreetMap,osm,ODbL,https://www.openstreetmap.org/way/1060027632,Be Live,,,Dominican Republic,18.3410691,-68.8161597,,,Be Live,osm-dominican-republic-hotel-focused-2026-05-20,2026-05-20T19:38:55.292Z,pending,none,needs_research,be live|18.3411|-68.8162,65,medium,way,hotel,missingCity; missingWebsite; missingPhone
way/1060027633,OpenStreetMap,osm,ODbL,https://www.openstreetmap.org/way/1060027633,Be Live,,,Dominican Republic,18.3405789,-68.816933,,,Be Live,osm-dominican-republic-hotel-focused-2026-05-20,2026-05-20T19:38:55.292Z,pending,none,needs_research,be live|18.3406|-68.8169,65,medium,way,hotel,missingCity; missingWebsite; missingPhone
way/1069434427,OpenStreetMap,osm,ODbL,https://www.openstreetmap.org/way/1069434427,Villas Montelindo,,,Dominican Republic,18.915588,-70.7226031,,1 (809) 878-7817,,osm-dominican-republic-hotel-focused-2026-05-20,2026-05-20T19:38:55.292Z,pending,none,needs_research,villas montelindo|18.9156|-70.7226,65,medium,way,hotel,missingCity; missingWebsite
way/1100682889,OpenStreetMap,osm,ODbL,https://www.openstreetmap.org/way/1100682889,La Tia Hotel Restaurant,,,Dominican Republic,19.0647323,-69.3838555,,,,osm-dominican-republic-hotel-focused-2026-05-20,2026-05-20T19:38:55.292Z,pending,none,needs_research,la tia hotel restaurant|19.0647|-69.3839,55,medium,way,hotel,missingCity; missingWebsite; missingPhone
way/1134831880,OpenStreetMap,osm,ODbL,https://www.openstreetmap.org/way/1134831880,Villas CODEVI,Dajabon,Dajabon,Dominican Republic,19.5629376,-71.7174495,https://villascodevi.com.do/,+1-809-579-7368,,osm-dominican-republic-hotel-focused-2026-05-20,2026-05-20T19:38:55.292Z,pending,none,needs_research,villas codevi|dajabon|dominican republic,100,high,way,hotel,
way/1140614121,OpenStreetMap,osm,ODbL,https://www.openstreetmap.org/way/1140614121,Hotel Rosan Ruiz,"Baní - Azua, 94000",,Dominican Republic,18.2798628,-70.3387376,,809-522-1461,,osm-dominican-republic-hotel-focused-2026-05-20,2026-05-20T19:38:55.292Z,pending,none,needs_research,hotel rosan ruiz|18.2799|-70.3387,70,high,way,hotel,missingCity; missingWebsite
way/1140614122,OpenStreetMap,osm,ODbL,https://www.openstreetmap.org/way/1140614122,D Pravia Hotel,"Avenida Máximo Gómez, 94000",,Dominican Republic,18.2809559,-70.3292955,,809-522-1700,,osm-dominican-republic-hotel-focused-2026-05-20,2026-05-20T19:38:55.292Z,pending,none,needs_research,d pravia hotel|18.281|-70.3293,70,high,way,hotel,missingCity; missingWebsite
way/1140614123,OpenStreetMap,osm,ODbL,https://www.openstreetmap.org/way/1140614123,Hotel El Centro,"28 Calle Francisco del Rosario Sánchez, 94000",,Dominican Republic,18.2799198,-70.3297423,,809-369-2394,,osm-dominican-republic-hotel-focused-2026-05-20,2026-05-20T19:38:55.292Z,pending,none,needs_research,hotel el centro|18.2799|-70.3297,70,high,way,hotel,missingCity; missingWebsite
way/1140614124,OpenStreetMap,osm,ODbL,https://www.openstreetmap.org/way/1140614124,Hotel Hermanos Bernabel,"Calle Juan Pablo Duarte, 94000",,Dominican Republic,18.2847296,-70.3324268,,809-522-5276,,osm-dominican-republic-hotel-focused-2026-05-20,2026-05-20T19:38:55.292Z,pending,none,needs_research,hotel hermanos bernabel|18.2847|-70.3324,70,high,way,hotel,missingCity; missingWebsite
way/1162100225,OpenStreetMap,osm,ODbL,https://www.openstreetmap.org/way/1162100225,Apartahotel La Olas,,,Dominican Republic,18.4243005,-69.4302687,,,,osm-dominican-republic-hotel-focused-2026-05-20,2026-05-20T19:38:55.292Z,pending,none,needs_research,apartahotel la olas|18.4243|-69.4303,55,medium,way,hotel,missingCity; missingWebsite; missingPhone
way/1177931404,OpenStreetMap,osm,ODbL,https://www.openstreetmap.org/way/1177931404,Finest Resort,,,Dominican Republic,18.8131435,-68.5841002,,,,osm-dominican-republic-hotel-focused-2026-05-20,2026-05-20T19:38:55.292Z,pending,none,needs_research,finest resort|18.8131|-68.5841,55,medium,way,hotel,missingCity; missingWebsite; missingPhone
way/1197566838,OpenStreetMap,osm,ODbL,https://www.openstreetmap.org/way/1197566838,Villa Scooby,,,Dominican Republic,19.3163146,-69.5338411,https://villascooby.com,,villascooby.com,osm-dominican-republic-hotel-focused-2026-05-20,2026-05-20T19:38:55.292Z,pending,none,needs_research,villa scooby|19.3163|-69.5338,80,high,way,guest_house,missingCity; missingPhone
way/1215168596,OpenStreetMap,osm,ODbL,https://www.openstreetmap.org/way/1215168596,Villa Flor de Cabrera,,,Dominican Republic,19.629781,-69.8942519,,,,osm-dominican-republic-hotel-focused-2026-05-20,2026-05-20T19:38:55.292Z,pending,none,needs_research,villa flor de cabrera|19.6298|-69.8943,55,medium,way,hotel,missingCity; missingWebsite; missingPhone
way/1227930271,OpenStreetMap,osm,ODbL,https://www.openstreetmap.org/way/1227930271,Hotel Diosi,"Avenida Apolimar Perdomo, Neiba",Neiba,Dominican Republic,18.479628,-71.4165914,,,Hotel Diosi,osm-dominican-republic-hotel-focused-2026-05-20,2026-05-20T19:38:55.292Z,pending,none,needs_research,hotel diosi|neiba|dominican republic,85,high,way,hotel,missingWebsite; missingPhone
way/1227930445,OpenStreetMap,osm,ODbL,https://www.openstreetmap.org/way/1227930445,Hotel Mi Descanso,"Avenida Apolimar Perdomo, Neiba",Neiba,Dominican Republic,18.4792037,-71.4181599,,,,osm-dominican-republic-hotel-focused-2026-05-20,2026-05-20T19:38:55.292Z,pending,none,needs_research,hotel mi descanso|neiba|dominican republic,75,high,way,hotel,missingWebsite; missingPhone
way/1335121325,OpenStreetMap,osm,ODbL,https://www.openstreetmap.org/way/1335121325,Ocean El Faro,"Avenida El Faro, Punta Cana, 23000",Punta Cana,Dominican Republic,18.7886179,-68.5657035,https://www.oceanhotels.com/,+1 917-920-6228,,osm-dominican-republic-hotel-focused-2026-05-20,2026-05-20T19:38:55.292Z,pending,none,needs_research,ocean el faro|punta cana|dominican republic,100,high,way,hotel,
way/1344798573,OpenStreetMap,osm,ODbL,https://www.openstreetmap.org/way/1344798573,"The Ocean Club, a Luxury Collection Resort","5 Calle Bruno Philip, Sosúa, 57000",Sosúa,Dominican Republic,19.7692939,-70.516227,https://www.ocgdr.com/the-luxury-collection,+1809-571-3000,,osm-dominican-republic-hotel-focused-2026-05-20,2026-05-20T19:38:55.292Z,pending,none,needs_research,"the ocean club, a luxury collection resort|sosua|dominican republic",100,high,way,hotel,
way/1359398349,OpenStreetMap,osm,ODbL,https://www.openstreetmap.org/way/1359398349,Royalton Chic Punta Cana,"Carretera Uvero Alto, Punta Cana, 23002",Punta Cana,Dominican Republic,18.8006407,-68.5713061,https://www.royaltonresorts.com/royalton-chic-punta-cana,+1 809-221-2121,,osm-dominican-republic-hotel-focused-2026-05-20,2026-05-20T19:38:55.292Z,pending,none,needs_research,royalton chic punta cana|punta cana|dominican republic,100,high,way,hotel,
way/1359398359,OpenStreetMap,osm,ODbL,https://www.openstreetmap.org/way/1359398359,Live Aqua,"Carretera Uvero Alto, Punta Cana, 23002",Punta Cana,Dominican Republic,18.8046797,-68.5753247,,,,osm-dominican-republic-hotel-focused-2026-05-20,2026-05-20T19:38:55.292Z,pending,none,needs_research,live aqua|punta cana|dominican republic,75,high,way,hotel,missingWebsite; missingPhone
way/1375108124,OpenStreetMap,osm,ODbL,https://www.openstreetmap.org/way/1375108124,Courtyard Marriott,,,Dominican Republic,18.4685065,-69.9384251,,,Marriott,osm-dominican-republic-hotel-focused-2026-05-20,2026-05-20T19:38:55.292Z,pending,none,needs_research,courtyard marriott|18.4685|-69.9384,65,medium,way,hotel,missingCity; missingWebsite; missingPhone
way/1476067942,OpenStreetMap,osm,ODbL,https://www.openstreetmap.org/way/1476067942,Hotel Plaza Kávia,,,Dominican Republic,18.4723044,-69.8976794,,+18494984808,,osm-dominican-republic-hotel-focused-2026-05-20,2026-05-20T19:38:55.292Z,pending,none,needs_research,hotel plaza kavia|18.4723|-69.8977,65,medium,way,hotel,missingCity; missingWebsite
way/1486163951,OpenStreetMap,osm,ODbL,https://www.openstreetmap.org/way/1486163951,Hotel Anselmo,"Autopista Las Américas KM 36, Boca Chica",Boca Chica,Dominican Republic,18.4522065,-69.5993753,https://anselmohotelrd.com/,8099602807,,osm-dominican-republic-hotel-focused-2026-05-20,2026-05-20T19:38:55.292Z,pending,none,needs_research,hotel anselmo|boca chica|dominican republic,100,high,way,hotel,
way/1499796372,OpenStreetMap,osm,ODbL,https://www.openstreetmap.org/way/1499796372,Hotel San Gabriel,,,Dominican Republic,18.9301964,-69.3758527,,,,osm-dominican-republic-hotel-focused-2026-05-20,2026-05-20T19:38:55.292Z,pending,none,needs_research,hotel san gabriel|18.9302|-69.3759,55,medium,way,hotel,missingCity; missingWebsite; missingPhone
way/1500058990,OpenStreetMap,osm,ODbL,https://www.openstreetmap.org/way/1500058990,El Guarua,,,Dominican Republic,18.963914,-69.37616,,,,osm-dominican-republic-hotel-focused-2026-05-20,2026-05-20T19:38:55.292Z,pending,none,needs_research,el guarua|18.9639|-69.3762,55,medium,way,motel,missingCity; missingWebsite; missingPhone
relation/1922795,OpenStreetMap,osm,ODbL,https://www.openstreetmap.org/relation/1922795,Hotel Riu Palace Bavaro,"Playa Arena Gorda, Punta Cana, 23000",Punta Cana,Dominican Republic,18.7181,-68.4539523,https://www.riu.com/en/hotel/dominican-republic/punta-cana/hotel-riu-palace-bavaro,+1 809-221-2290,RIU,osm-dominican-republic-hotel-focused-2026-05-20,2026-05-20T19:38:55.292Z,pending,none,needs_research,hotel riu palace bavaro|punta cana|dominican republic,100,high,relation,hotel,
relation/16403388,OpenStreetMap,osm,ODbL,https://www.openstreetmap.org/relation/16403388,Vista Sol Punta Cana,,,Dominican Republic,18.689952,-68.4207338,,,,osm-dominican-republic-hotel-focused-2026-05-20,2026-05-20T19:38:55.292Z,pending,none,needs_research,vista sol punta cana|18.69|-68.4207,55,medium,relation,hotel,missingCity; missingWebsite; missingPhone
