base,lane,queryLanguage,queryFamily,query,title,link,sourceDomain,class,reasons
PUBLISHED_EVENT_DECOMPOSITION,NATIVE,de,PUBLISHED_EVENT_DECOMPOSITION:de,Munich Kongress OR Tagung OR Jahrestagung OR Konferenz OR Messe OR Fachmesse OR Symposium OR Forum OR Veranstaltung 2026 OR 2027 offizielles Hotel OR Partnerhotel OR Tagungshotel OR Hotelkontingent OR Zimmerkontingent OR Unterkunft OR Übernachtung OR Hotelbuchung,Independent Hotel Show Munich 2026 | Das Networking ...,https://www.independenthotels.de/,independenthotels.de,WATCH_ONLY_SIGNAL,bounded_serp_candidate_not_auto_campaign
PUBLISHED_EVENT_DECOMPOSITION,NATIVE,de,PUBLISHED_EVENT_DECOMPOSITION:de,Munich Kongress OR Tagung OR Jahrestagung OR Konferenz OR Messe OR Fachmesse OR Symposium OR Forum OR Veranstaltung 2026 OR 2027 offizielles Hotel OR Partnerhotel OR Tagungshotel OR Hotelkontingent OR Zimmerkontingent OR Unterkunft OR Übernachtung OR Hotelbuchung,196+ forum Munich,https://www.196plus.com/196plus-forum/196plus-forum-munich/,196plus.com,WATCH_ONLY_SIGNAL,bounded_serp_candidate_not_auto_campaign
PUBLISHED_EVENT_DECOMPOSITION,NATIVE,de,PUBLISHED_EVENT_DECOMPOSITION:de,Munich Kongress OR Tagung OR Jahrestagung OR Konferenz OR Messe OR Fachmesse OR Symposium OR Forum OR Veranstaltung 2026 OR 2027 offizielles Hotel OR Partnerhotel OR Tagungshotel OR Hotelkontingent OR Zimmerkontingent OR Unterkunft OR Übernachtung OR Hotelbuchung,Münchner Sicherheitskonferenz 2026,https://securityconference.org/msc-2026/,securityconference.org,WATCH_ONLY_SIGNAL,bounded_serp_candidate_not_auto_campaign
PUBLISHED_EVENT_DECOMPOSITION,NATIVE,de,PUBLISHED_EVENT_DECOMPOSITION:de,Munich Kongress OR Tagung OR Jahrestagung OR Konferenz OR Messe OR Fachmesse OR Symposium OR Forum OR Veranstaltung 2026 OR 2027 offizielles Hotel OR Partnerhotel OR Tagungshotel OR Hotelkontingent OR Zimmerkontingent OR Unterkunft OR Übernachtung OR Hotelbuchung,Übernachtung – DGfE-Kongress 2026 München,https://dgfe2026.fak11.lmu.de/besuch-planen/uebernachtung/,dgfe2026.fak11.lmu.de,WATCH_ONLY_SIGNAL,bounded_serp_candidate_not_auto_campaign
PUBLISHED_EVENT_DECOMPOSITION,NATIVE,de,PUBLISHED_EVENT_DECOMPOSITION:de,Munich Kongress OR Tagung OR Jahrestagung OR Konferenz OR Messe OR Fachmesse OR Symposium OR Forum OR Veranstaltung 2026 OR 2027 offizielles Hotel OR Partnerhotel OR Tagungshotel OR Hotelkontingent OR Zimmerkontingent OR Unterkunft OR Übernachtung OR Hotelbuchung,Independent Hotel Show Munich,https://messe-muenchen.de/en/events/independent-hotel-show-munich.html,messe-muenchen.de,WATCH_ONLY_SIGNAL,bounded_serp_candidate_not_auto_campaign
PUBLISHED_EVENT_DECOMPOSITION,NATIVE,de,PUBLISHED_EVENT_DECOMPOSITION:de,Munich Kongress OR Tagung OR Jahrestagung OR Konferenz OR Messe OR Fachmesse OR Symposium OR Forum OR Veranstaltung 2026 OR 2027 offizielles Hotel OR Partnerhotel OR Tagungshotel OR Hotelkontingent OR Zimmerkontingent OR Unterkunft OR Übernachtung OR Hotelbuchung,Messen & Veranstaltungen,https://www.bildungsblick.de/de/trade-fair-munich.html,bildungsblick.de,SIGNAL_ONLY,no_clear_future_year
PUBLISHED_EVENT_DECOMPOSITION,NATIVE,de,PUBLISHED_EVENT_DECOMPOSITION:de,Munich Kongress OR Tagung OR Jahrestagung OR Konferenz OR Messe OR Fachmesse OR Symposium OR Forum OR Veranstaltung 2026 OR 2027 offizielles Hotel OR Partnerhotel OR Tagungshotel OR Hotelkontingent OR Zimmerkontingent OR Unterkunft OR Übernachtung OR Hotelbuchung,38th German Congress for Art History 2026 - Accommodation,https://kunstgeschichte-kongress.de/en/accommodation-2026/,kunstgeschichte-kongress.de,WATCH_ONLY_SIGNAL,bounded_serp_candidate_not_auto_campaign
PUBLISHED_EVENT_DECOMPOSITION,NATIVE,de,PUBLISHED_EVENT_DECOMPOSITION:de,Munich Kongress OR Tagung OR Jahrestagung OR Konferenz OR Messe OR Fachmesse OR Symposium OR Forum OR Veranstaltung 2026 OR 2027 offizielles Hotel OR Partnerhotel OR Tagungshotel OR Hotelkontingent OR Zimmerkontingent OR Unterkunft OR Übernachtung OR Hotelbuchung,AllSocial Marketing Conference an der Messe München!,https://allsocialconference.de/location-muenchen/,allsocialconference.de,WATCH_ONLY_SIGNAL,bounded_serp_candidate_not_auto_campaign
PUBLISHED_EVENT_DECOMPOSITION,NATIVE,de,PUBLISHED_EVENT_DECOMPOSITION:de,Munich Kongress OR Tagung OR Jahrestagung OR Konferenz OR Messe OR Fachmesse OR Symposium OR Forum OR Veranstaltung 2026 OR 2027 offizielles Hotel OR Partnerhotel OR Tagungshotel OR Hotelkontingent OR Zimmerkontingent OR Unterkunft OR Übernachtung OR Hotelbuchung,"Kongress-, Messe und Eventkalender München",https://www.muenchen.travel/kongress-messe-und-eventkalender-muenchen,muenchen.travel,WATCH_ONLY_SIGNAL,bounded_serp_candidate_not_auto_campaign
PUBLISHED_EVENT_DECOMPOSITION,NATIVE,de,PUBLISHED_EVENT_DECOMPOSITION:native_lexicon:de,Munich Kongress 2026 OR 2027 Unterkunft,Novotel Muenchen City - Tagungshotel,https://muenchen-tagungshotel.com/deu/tagungshotel/muenchen/novotel-muenchen-city,muenchen-tagungshotel.com,REJECT,wrong_destination_or_weak_geo
PUBLISHED_EVENT_DECOMPOSITION,NATIVE,de,PUBLISHED_EVENT_DECOMPOSITION:native_lexicon:de,Munich Kongress 2026 OR 2027 Unterkunft,The Monarch Bad Gögging – Tagungslocation in München,https://fiylo.com/location/the-monarch-bad-goegging/tagung-kongress/,fiylo.com,SIGNAL_ONLY,no_clear_future_year
PUBLISHED_EVENT_DECOMPOSITION,NATIVE,de,PUBLISHED_EVENT_DECOMPOSITION:native_lexicon:de,Munich Kongress 2026 OR 2027 Unterkunft,Courtyard Munich Garching,https://www.holidaycheck.ch/hi/courtyard-munich-garching/683117b4-4728-433e-9095-574934d86aa4,holidaycheck.ch,SIGNAL_ONLY,no_clear_future_year
PUBLISHED_EVENT_DECOMPOSITION,NATIVE,de,PUBLISHED_EVENT_DECOMPOSITION:native_lexicon:de,Munich Kongress 2026 OR 2027 Unterkunft,FAQs zum Internationalen DTB Tenniskongress,https://www.tennis.de/lernen/internationaler-dtb-tenniskongress/faqs-zum-internationalen-dtb-tenniskongress.html,tennis.de,WATCH_ONLY_SIGNAL,bounded_serp_candidate_not_auto_campaign
PUBLISHED_EVENT_DECOMPOSITION,NATIVE,de,PUBLISHED_EVENT_DECOMPOSITION:native_lexicon:de,Munich Kongress 2026 OR 2027 Unterkunft,Best Venues in Munich 2026,https://feverup.com/en/muenchen/venue?srsltid=AU7gw4WJgzh-o6iJ4jwsLPA5zinZs0VForcbmHI5kkzGLgOq30dN4Vwi,feverup.com,SIGNAL_ONLY,thin_event_signal
PUBLISHED_EVENT_DECOMPOSITION,NATIVE,de,PUBLISHED_EVENT_DECOMPOSITION:native_lexicon:de,Munich Kongress 2026 OR 2027 Unterkunft,Messen und Events in München 2027,https://caluma.jobs/messen-events/2027/muenchen/?srsltid=AU7gw4X3Od1rVsAAtOrz9mcOhyxQfo5Yf3rkc-lluSjc7g2PZKNMoghb,caluma.jobs,WATCH_ONLY_SIGNAL,bounded_serp_candidate_not_auto_campaign
PUBLISHED_EVENT_DECOMPOSITION,NATIVE,de,PUBLISHED_EVENT_DECOMPOSITION:native_lexicon:de,Munich Kongress 2026 OR 2027 Unterkunft,Messen und Events in München 2026,https://caluma.jobs/messen-events/2026/muenchen/?srsltid=AU7gw4VGgeve0LkX09ZQvTNY3yhtPzzT0pNEWosOMhoe9cvsHvUR1eGY,caluma.jobs,WATCH_ONLY_SIGNAL,bounded_serp_candidate_not_auto_campaign
PUBLISHED_EVENT_DECOMPOSITION,NATIVE,de,PUBLISHED_EVENT_DECOMPOSITION:native_lexicon:de,Munich Kongress 2026 OR 2027 Unterkunft,Konferenz in München - dein Kongress | Eventbrite - Seite 2,https://amp.eventbrite.be/d/germany--m%C3%BCnchen/conferences/?page=2,amp.eventbrite.be,WATCH_ONLY_SIGNAL,bounded_serp_candidate_not_auto_campaign
PUBLISHED_EVENT_DECOMPOSITION,NATIVE,de,PUBLISHED_EVENT_DECOMPOSITION:native_lexicon:de,Munich Kongress 2026 OR 2027 Unterkunft,Messen in München ab September 2026,https://www.messen.de/de/215/in/de/bayern/muenchen/uebersicht?page=3,messen.de,WATCH_ONLY_SIGNAL,bounded_serp_candidate_not_auto_campaign
PUBLISHED_EVENT_DECOMPOSITION,ENGLISH_CONTROL,en,PUBLISHED_EVENT_DECOMPOSITION:en,Munich conference OR congress OR summit 2026 OR 2027 hotel block OR room block OR official hotel OR accommodation,Meeting hotels in Munich | MICE Service Group,https://muenchen-tagungshotel.com/hotel-overview,muenchen-tagungshotel.com,WATCH_ONLY_SIGNAL,bounded_serp_candidate_not_auto_campaign
PUBLISHED_EVENT_DECOMPOSITION,ENGLISH_CONTROL,en,PUBLISHED_EVENT_DECOMPOSITION:en,Munich conference OR congress OR summit 2026 OR 2027 hotel block OR room block OR official hotel OR accommodation,Conference rooms in Munich – Find and book easily,https://fiylo.com/en/lp/munich/conference-rooms-in-munich/,fiylo.com,SIGNAL_ONLY,no_clear_future_year
PUBLISHED_EVENT_DECOMPOSITION,ENGLISH_CONTROL,en,PUBLISHED_EVENT_DECOMPOSITION:en,Munich conference OR congress OR summit 2026 OR 2027 hotel block OR room block OR official hotel OR accommodation,𝐏𝐥𝐚𝐧𝐧𝐢𝐧𝐠 𝐲𝐨𝐮𝐫 𝐭𝐫𝐢𝐩 𝐭𝐨 𝐭𝐡𝐞 𝟑𝟗𝐭𝐡 𝐄𝐂𝐍𝐏 ...,https://www.facebook.com/myECNP/posts/%F0%9D%90%8F%F0%9D%90%A5%F0%9D%90%9A%F0%9D%90%A7%F0%9D%90%A7%F0%9D%90%A2%F0%9D%90%A7%F0%9D%90%A0-%F0%9D%90%B2%F0%9D%90%A8%F0%9D%90%AE%F0%9D%90%AB-%F0%9D%90%AD%F0%9D%90%AB%F0%9D%90%A2%F0%9D%90%A9-%F0%9D%90%AD%F0%9D%90%A8-%F0%9D%90%AD%F0%9D%90%A1%F0%9D%90%9E-%F0%9D%9F%91%F0%9D%9F%97%F0%9D%90%AD%F0%9D%90%A1-%F0%9D%90%84%F0%9D%90%82%F0%9D%90%8D%F0%9D%90%8F-%F0%9D%90%82%F0%9D%90%A8%F0%9D%90%A7%F0%9D%90%A0%F0%9D%90%AB%F0%9D%90%9E%F0%9D%90%AC%F0%9D%90%AC-make-sure-you-book-your-accommodati/1067466959293445/,facebook.com,REJECT,wrong_destination_or_weak_geo
PUBLISHED_EVENT_DECOMPOSITION,ENGLISH_CONTROL,en,PUBLISHED_EVENT_DECOMPOSITION:en,Munich conference OR congress OR summit 2026 OR 2027 hotel block OR room block OR official hotel OR accommodation,Hotels - ESC Digital AI Summit,https://www.escardio.org/events/congresses/digital-ai-summit/helpful-information/hotels/,escardio.org,REJECT,wrong_destination_or_weak_geo
PUBLISHED_EVENT_DECOMPOSITION,ENGLISH_CONTROL,en,PUBLISHED_EVENT_DECOMPOSITION:en,Munich conference OR congress OR summit 2026 OR 2027 hotel block OR room block OR official hotel OR accommodation,Classik Hotel Martinshof,https://holidays.eurowings.com/en-de/hotel/germany/munich/classik-hotel-martinshof-149172,holidays.eurowings.com,SIGNAL_ONLY,no_clear_future_year
PUBLISHED_EVENT_DECOMPOSITION,ENGLISH_CONTROL,en,PUBLISHED_EVENT_DECOMPOSITION:en,Munich conference OR congress OR summit 2026 OR 2027 hotel block OR room block OR official hotel OR accommodation,Press & Organization - Handelsblatt AI Summit 2026,https://live.handelsblatt.com/en/event/handelsblatt-ai-summit/press-organization/,live.handelsblatt.com,REJECT,wrong_destination_or_weak_geo
PUBLISHED_EVENT_DECOMPOSITION,ENGLISH_CONTROL,en,PUBLISHED_EVENT_DECOMPOSITION:en,Munich conference OR congress OR summit 2026 OR 2027 hotel block OR room block OR official hotel OR accommodation,Venue & Accommodation | CellMAT 2026,https://dgm.de/cellmat/2026/about/venue-accommodation,dgm.de,REJECT,wrong_destination_or_weak_geo
PUBLISHED_EVENT_DECOMPOSITION,ENGLISH_CONTROL,en,PUBLISHED_EVENT_DECOMPOSITION:en,Munich conference OR congress OR summit 2026 OR 2027 hotel block OR room block OR official hotel OR accommodation,ASAM General Assembly & Technical Seminar 2026,https://www.asam.net/conferences-events/detail/asam-general-assembly-technical-seminar/event-details-483a366625/,asam.net,REJECT,wrong_destination_or_weak_geo
PUBLISHED_EVENT_DECOMPOSITION,ENGLISH_CONTROL,en,PUBLISHED_EVENT_DECOMPOSITION:en,Munich conference OR congress OR summit 2026 OR 2027 hotel block OR room block OR official hotel OR accommodation,Le Méridien Munich - Google hotels,https://www.google.de/travel/hotels/entity/ChgI7sr25dPSsJn1ARoLL2cvMXRtcHR6ajkQAQ/prices?ap=MABaUgoFCK8BEAASAgh-IgNFVVIqFgoHCOMPEAQYHBIHCOMPEAUYBBgGIAFYAXICCAKSAQIgAZoBBxIFQm96ZW6iARIKCS9tLzAxNnF3dBIFQm96ZW6aAQC6AQZwcmljZXM&g2lb=4181926%2C4208993%2C4209588%2C4223281%2C4207631%2C4215556%2C4220469&hl=en&gl=de&un=1&ictx=1&tcfs=EiwKCS9tLzAxNnF3dBIFQm96ZW4aGAoKMjAxOS0wNC0yOBIKMjAxOS0wNS0wNBgCIhgKCjIwMTktMDQtMjgSCjIwMTktMDUtMDRSAA&utm_campaign=sharing&utm_medium=link&utm_source=htls&sa=X&ts=CAEaBAoCGgAqBAoAGgA&rp=OAHCAhwiGg0AAHBCEhMIhKenuNiglgMVfXhsAx1taS8k&ei=wDGwasT_C6-T5LcP1O2isQM&ved=2ahUKEwi4k9XK852XAxW_DdQBHaINPWgQrfoIegUIBBDlAQ,google.de,SIGNAL_ONLY,thin_event_signal
PUBLISHED_EVENT_DECOMPOSITION,ENGLISH_CONTROL,en,PUBLISHED_EVENT_DECOMPOSITION:en,Munich sponsors exhibitors speakers list conference 2026,Exhibitors 2026,https://www.ecce-europe.org/2026/exhibitionsponsorship/exhibitors/,ecce-europe.org,REJECT,wrong_destination_or_weak_geo
PUBLISHED_EVENT_DECOMPOSITION,ENGLISH_CONTROL,en,PUBLISHED_EVENT_DECOMPOSITION:en,Munich sponsors exhibitors speakers list conference 2026,Decoding cellular complexity: Single cell biology in the era of AI,https://cell-press-symposia.com/single-cell-biology-2026/_common/updateable/pdf/2603091614_CP2603538_CPSymposia_CellularComplexity_Salespack_V1.pdf,cell-press-symposia.com,SIGNAL_ONLY,thin_event_signal
PUBLISHED_EVENT_DECOMPOSITION,ENGLISH_CONTROL,en,PUBLISHED_EVENT_DECOMPOSITION:en,Munich sponsors exhibitors speakers list conference 2026,TUM Blockchain Conference 2026: Dates & Event Guide,https://www.coingabbar.com/en/event-details/tum-blockchain-conference-2026,coingabbar.com,REJECT,wrong_destination_or_weak_geo
PUBLISHED_EVENT_DECOMPOSITION,ENGLISH_CONTROL,en,PUBLISHED_EVENT_DECOMPOSITION:en,Munich sponsors exhibitors speakers list conference 2026,Quantum Week 2026 Sponsors and Exhibitors,https://qce.quantum.ieee.org/2026/sponsors-exhibitors/,qce.quantum.ieee.org,REJECT,wrong_destination_or_weak_geo
PUBLISHED_EVENT_DECOMPOSITION,ENGLISH_CONTROL,en,PUBLISHED_EVENT_DECOMPOSITION:en,Munich sponsors exhibitors speakers list conference 2026,"Connected Germany | Europe, Middle East and Africa (EMEA)",https://winncom.eu/events/connected-germany,winncom.eu,REJECT,wrong_destination_or_weak_geo
PUBLISHED_EVENT_DECOMPOSITION,ENGLISH_CONTROL,en,PUBLISHED_EVENT_DECOMPOSITION:en,Munich sponsors exhibitors speakers list conference 2026,INHORGENTA strengthens international leading position,https://inhorgenta.com/en/trade-fair/press/press-releases/detail/inhorgenta-strengthens-its-international-leading-position.html,inhorgenta.com,SIGNAL_ONLY,thin_event_signal
PUBLISHED_EVENT_DECOMPOSITION,ENGLISH_CONTROL,en,PUBLISHED_EVENT_DECOMPOSITION:en,Munich sponsors exhibitors speakers list conference 2026,Fair Information - tcworld conference - Tekom,https://tcworldconference.tekom.de/fileadmin/tagungen.tekom.de/H26/Aussteller/Aussteller-Downloads/Fair_Information_2026.pdf,tcworldconference.tekom.de,REJECT,wrong_destination_or_weak_geo
PUBLISHED_EVENT_DECOMPOSITION,ENGLISH_CONTROL,en,PUBLISHED_EVENT_DECOMPOSITION:en,Munich sponsors exhibitors speakers list conference 2026,We are excited to be at INTERGEO Expo & Conference ...,https://www.facebook.com/aecasolutions/posts/we-are-excited-to-be-at-intergeo-expo-conference-2026-today-in-munich-germany-an/1535084171966992/,facebook.com,WATCH_ONLY_SIGNAL,bounded_serp_candidate_not_auto_campaign
PUBLISHED_EVENT_DECOMPOSITION,ENGLISH_CONTROL,en,PUBLISHED_EVENT_DECOMPOSITION:en,Munich sponsors exhibitors speakers list conference 2026,Vizrt Days is coming to Munich! Together with our partners ...,https://www.facebook.com/vizrt/videos/vizrt-days-is-coming-to-munich-together-with-our-partners-sky-germany-were-bring/984109377460534/,facebook.com,SIGNAL_ONLY,no_clear_future_year
INTERNATIONAL_ORG_RECURRING_GROUPS,NATIVE,de,INTERNATIONAL_ORG_RECURRING_GROUPS:de,Munich national delegation meeting secretariat accommodation,Part 1,https://publications.parliament.uk/pa/cm/cmregmem/130708/130708.pdf,publications.parliament.uk,REJECT,wrong_destination_or_weak_geo
INTERNATIONAL_ORG_RECURRING_GROUPS,NATIVE,de,INTERNATIONAL_ORG_RECURRING_GROUPS:de,Munich national delegation meeting secretariat accommodation,"Raquel García Alcubilla, directora de Estrategia y Relaciones ...",https://en.unav.edu/news/-/contents/2017/06/28/20170628_eco_madrid_plaza/content/lovPblW1fC70/14662967,en.unav.edu,REJECT,wrong_destination_or_weak_geo
INTERNATIONAL_ORG_RECURRING_GROUPS,NATIVE,de,INTERNATIONAL_ORG_RECURRING_GROUPS:de,Munich national delegation meeting secretariat accommodation,Ukrainian and European cities partner for climate-neutral ...,https://eurocities.eu/latest/munich-conference-ukrainian-and-european-cities-partner-for-a-climate-neutral-future/,eurocities.eu,SIGNAL_ONLY,no_clear_future_year
INTERNATIONAL_ORG_RECURRING_GROUPS,NATIVE,de,INTERNATIONAL_ORG_RECURRING_GROUPS:de,Munich national delegation meeting secretariat accommodation,Münchner Sicherheitskonferenz 2022 - Munich Security ...,https://securityconference.org/mediathek/album/muenchner-sicherheitskonferenz-2022/,securityconference.org,REJECT,past_only
INTERNATIONAL_ORG_RECURRING_GROUPS,NATIVE,de,INTERNATIONAL_ORG_RECURRING_GROUPS:de,Munich national delegation meeting secretariat accommodation,Munich Security Conference: Searching for a New World ...,https://www.spiegel.de/international/germany/munich-security-conference-searching-for-a-new-world-order-a-604571.html,spiegel.de,SIGNAL_ONLY,no_clear_future_year
INTERNATIONAL_ORG_RECURRING_GROUPS,NATIVE,de,INTERNATIONAL_ORG_RECURRING_GROUPS:de,Munich national delegation meeting secretariat accommodation,"limes-world-cup aalen, germany 03.11.2022",https://sportakrobatikbund.de/wp-content/uploads/2022/01/ACRO_2022_Wcup_Directives_FINAL.pdf,sportakrobatikbund.de,REJECT,past_only
INTERNATIONAL_ORG_RECURRING_GROUPS,NATIVE,de,INTERNATIONAL_ORG_RECURRING_GROUPS:de,Munich national delegation meeting secretariat accommodation,After Munich - Morashá,https://www.morasha.com.br/en/history-of-israel/after-munich.html,morasha.com.br,SIGNAL_ONLY,no_clear_future_year
INTERNATIONAL_ORG_RECURRING_GROUPS,NATIVE,de,INTERNATIONAL_ORG_RECURRING_GROUPS:de,Munich national delegation meeting secretariat accommodation,Results,https://www.ar.admin.ch/en/overview/nsb?sort=dateDecreasing&display=list&organization=502&topic=all&from=2020-07-05&to=2022-05-12,ar.admin.ch,REJECT,past_only
INTERNATIONAL_ORG_RECURRING_GROUPS,NATIVE,de,INTERNATIONAL_ORG_RECURRING_GROUPS:de,Munich national delegation meeting secretariat accommodation,Munich,https://iapa.org/tag/munich/,iapa.org,SIGNAL_ONLY,no_clear_future_year
INTERNATIONAL_ORG_RECURRING_GROUPS,NATIVE,de,INTERNATIONAL_ORG_RECURRING_GROUPS:native_lexicon:de,Munich Kongress 2026 OR 2027 Unterkunft,Novotel Muenchen City - Tagungshotel,https://muenchen-tagungshotel.com/deu/tagungshotel/muenchen/novotel-muenchen-city,muenchen-tagungshotel.com,REJECT,wrong_destination_or_weak_geo
INTERNATIONAL_ORG_RECURRING_GROUPS,NATIVE,de,INTERNATIONAL_ORG_RECURRING_GROUPS:native_lexicon:de,Munich Kongress 2026 OR 2027 Unterkunft,The Monarch Bad Gögging – Tagungslocation in München,https://fiylo.com/location/the-monarch-bad-goegging/tagung-kongress/,fiylo.com,SIGNAL_ONLY,no_clear_future_year
INTERNATIONAL_ORG_RECURRING_GROUPS,NATIVE,de,INTERNATIONAL_ORG_RECURRING_GROUPS:native_lexicon:de,Munich Kongress 2026 OR 2027 Unterkunft,Courtyard Munich Garching,https://www.holidaycheck.ch/hi/courtyard-munich-garching/683117b4-4728-433e-9095-574934d86aa4,holidaycheck.ch,SIGNAL_ONLY,no_clear_future_year
INTERNATIONAL_ORG_RECURRING_GROUPS,NATIVE,de,INTERNATIONAL_ORG_RECURRING_GROUPS:native_lexicon:de,Munich Kongress 2026 OR 2027 Unterkunft,FAQs zum Internationalen DTB Tenniskongress,https://www.tennis.de/lernen/internationaler-dtb-tenniskongress/faqs-zum-internationalen-dtb-tenniskongress.html,tennis.de,WATCH_ONLY_SIGNAL,bounded_serp_candidate_not_auto_campaign
INTERNATIONAL_ORG_RECURRING_GROUPS,NATIVE,de,INTERNATIONAL_ORG_RECURRING_GROUPS:native_lexicon:de,Munich Kongress 2026 OR 2027 Unterkunft,Best Venues in Munich 2026,https://feverup.com/en/muenchen/venue?srsltid=AU7gw4WJgzh-o6iJ4jwsLPA5zinZs0VForcbmHI5kkzGLgOq30dN4Vwi,feverup.com,SIGNAL_ONLY,thin_event_signal
INTERNATIONAL_ORG_RECURRING_GROUPS,NATIVE,de,INTERNATIONAL_ORG_RECURRING_GROUPS:native_lexicon:de,Munich Kongress 2026 OR 2027 Unterkunft,Messen und Events in München 2027,https://caluma.jobs/messen-events/2027/muenchen/?srsltid=AU7gw4X3Od1rVsAAtOrz9mcOhyxQfo5Yf3rkc-lluSjc7g2PZKNMoghb,caluma.jobs,WATCH_ONLY_SIGNAL,bounded_serp_candidate_not_auto_campaign
INTERNATIONAL_ORG_RECURRING_GROUPS,NATIVE,de,INTERNATIONAL_ORG_RECURRING_GROUPS:native_lexicon:de,Munich Kongress 2026 OR 2027 Unterkunft,Messen und Events in München 2026,https://caluma.jobs/messen-events/2026/muenchen/?srsltid=AU7gw4VGgeve0LkX09ZQvTNY3yhtPzzT0pNEWosOMhoe9cvsHvUR1eGY,caluma.jobs,WATCH_ONLY_SIGNAL,bounded_serp_candidate_not_auto_campaign
INTERNATIONAL_ORG_RECURRING_GROUPS,NATIVE,de,INTERNATIONAL_ORG_RECURRING_GROUPS:native_lexicon:de,Munich Kongress 2026 OR 2027 Unterkunft,Konferenz in München - dein Kongress | Eventbrite - Seite 2,https://amp.eventbrite.be/d/germany--m%C3%BCnchen/conferences/?page=2,amp.eventbrite.be,WATCH_ONLY_SIGNAL,bounded_serp_candidate_not_auto_campaign
INTERNATIONAL_ORG_RECURRING_GROUPS,NATIVE,de,INTERNATIONAL_ORG_RECURRING_GROUPS:native_lexicon:de,Munich Kongress 2026 OR 2027 Unterkunft,Messen in München ab September 2026,https://www.messen.de/de/215/in/de/bayern/muenchen/uebersicht?page=3,messen.de,WATCH_ONLY_SIGNAL,bounded_serp_candidate_not_auto_campaign
INTERNATIONAL_ORG_RECURRING_GROUPS,ENGLISH_CONTROL,en,INTERNATIONAL_ORG_RECURRING_GROUPS:en,Munich UNECE OR WHO OR WIPO OR WTO OR ILO working group meeting 2026 hotel,Meetings & Events,https://unece.org/info/events/unece-meetings-and-events?end_date=2026-06-29&sort_bef_combine=field_event_date_range_DESC,unece.org,REJECT,wrong_destination_or_weak_geo
INTERNATIONAL_ORG_RECURRING_GROUPS,ENGLISH_CONTROL,en,INTERNATIONAL_ORG_RECURRING_GROUPS:en,Munich UNECE OR WHO OR WIPO OR WTO OR ILO working group meeting 2026 hotel,"Munich, Germany. 13th Feb, 2026. Ngozi Okonjo-Iweala ...",https://www.alamy.com/munich-germany-13th-feb-2026-ngozi-okonjo-iweala-leading-conominee-from-nigeria-and-director-general-of-the-world-trade-organization-wto-speaks-at-the-munich-security-conference-on-13022026-at-the-conference-hotel-bayerischer-hof-in-munich-bavaria-germany-the-62nd-munich-security-conference-msc-will-take-place-from-february-13-to-15-2026-at-the-hotel-bayerischer-hof-in-munich-the-msc-is-the-worlds-leading-forum-for-debates-on-international-security-policy-credit-matthias-balkdpaalamy-live-news-image719322235.html,alamy.com,WATCH_ONLY_SIGNAL,bounded_serp_candidate_not_auto_campaign
INTERNATIONAL_ORG_RECURRING_GROUPS,ENGLISH_CONTROL,en,INTERNATIONAL_ORG_RECURRING_GROUPS:en,Munich UNECE OR WHO OR WIPO OR WTO OR ILO working group meeting 2026 hotel,Energy Security Hub 2026,https://www.bmw-foundation.org/de/events/Energy-Security-Hub-2026,bmw-foundation.org,WATCH_ONLY_SIGNAL,bounded_serp_candidate_not_auto_campaign
INTERNATIONAL_ORG_RECURRING_GROUPS,ENGLISH_CONTROL,en,INTERNATIONAL_ORG_RECURRING_GROUPS:en,Munich UNECE OR WHO OR WIPO OR WTO OR ILO working group meeting 2026 hotel,Agenda,https://www.munichre-foundation.org/en/Inclusive_insurance/International_Conference_on_Inclusive_Insurance/ICII2026/Agenda.html,munichre-foundation.org,WATCH_ONLY_SIGNAL,bounded_serp_candidate_not_auto_campaign
INTERNATIONAL_ORG_RECURRING_GROUPS,ENGLISH_CONTROL,en,INTERNATIONAL_ORG_RECURRING_GROUPS:en,Munich UNECE OR WHO OR WIPO OR WTO OR ILO working group meeting 2026 hotel,The Munich Security Report 2026 paints a stark picture,https://www.facebook.com/GermanEmbassyWellington/posts/-the-munich-security-report-2026-paints-a-stark-picture-the-international-order-/1320205083476929/,facebook.com,WATCH_ONLY_SIGNAL,bounded_serp_candidate_not_auto_campaign
INTERNATIONAL_ORG_RECURRING_GROUPS,ENGLISH_CONTROL,en,INTERNATIONAL_ORG_RECURRING_GROUPS:en,Munich UNECE OR WHO OR WIPO OR WTO OR ILO working group meeting 2026 hotel,AmCham Germany Annual Report 2026,https://www.amcham.de/fileadmin/user_upload/Publications/Annual-Report/AR2026_web.pdf,amcham.de,WATCH_ONLY_SIGNAL,bounded_serp_candidate_not_auto_campaign
INTERNATIONAL_ORG_RECURRING_GROUPS,ENGLISH_CONTROL,en,INTERNATIONAL_ORG_RECURRING_GROUPS:en,Munich UNECE OR WHO OR WIPO OR WTO OR ILO working group meeting 2026 hotel,Collaborative Legal Structure of Agricultural Enterprises,https://www.unidroit.org/category/agriculture/legal-structure-of-agricultural-enterprises/,unidroit.org,REJECT,wrong_destination_or_weak_geo
INTERNATIONAL_ORG_RECURRING_GROUPS,ENGLISH_CONTROL,en,INTERNATIONAL_ORG_RECURRING_GROUPS:en,Munich UNECE OR WHO OR WIPO OR WTO OR ILO working group meeting 2026 hotel,UNU WIDER : Events - United Nations University,https://www.wider.unu.edu/events?textsize=2&page=55,wider.unu.edu,REJECT,wrong_destination_or_weak_geo
INTERNATIONAL_ORG_RECURRING_GROUPS,ENGLISH_CONTROL,en,INTERNATIONAL_ORG_RECURRING_GROUPS:en,Munich UNECE OR WHO OR WIPO OR WTO OR ILO working group meeting 2026 hotel,"So many insights, so many impressions ...",https://www.instagram.com/p/DUt3SZACOtH/,instagram.com,REJECT,wrong_destination_or_weak_geo
INTERNATIONAL_ORG_RECURRING_GROUPS,ENGLISH_CONTROL,en,INTERNATIONAL_ORG_RECURRING_GROUPS:en,Munich national delegation meeting secretariat accommodation,"In Munich, Europe tries to strike a balance: “We need ...",https://thebulletin.org/2026/02/in-munich-europe-tries-to-strike-a-balance-we-need-a-more-european-nato/,thebulletin.org,WATCH_ONLY_SIGNAL,bounded_serp_candidate_not_auto_campaign
INTERNATIONAL_ORG_RECURRING_GROUPS,ENGLISH_CONTROL,en,INTERNATIONAL_ORG_RECURRING_GROUPS:en,Munich national delegation meeting secretariat accommodation,Toolbox for the Establishment of Metropolitan Transport ...,https://asean.org/wp-content/uploads/2022/01/asean-mte-toolbox-english.pdf,asean.org,REJECT,past_only
INTERNATIONAL_ORG_RECURRING_GROUPS,ENGLISH_CONTROL,en,INTERNATIONAL_ORG_RECURRING_GROUPS:en,Munich national delegation meeting secretariat accommodation,CONTENTS,https://www.treasury.tas.gov.au/Documents/IDP-2000-01.PDF,treasury.tas.gov.au,REJECT,wrong_destination_or_weak_geo
INTERNATIONAL_ORG_RECURRING_GROUPS,ENGLISH_CONTROL,en,INTERNATIONAL_ORG_RECURRING_GROUPS:en,Munich national delegation meeting secretariat accommodation,Part 1,https://publications.parliament.uk/pa/cm/cmregmem/130708/130708.pdf,publications.parliament.uk,REJECT,wrong_destination_or_weak_geo
INTERNATIONAL_ORG_RECURRING_GROUPS,ENGLISH_CONTROL,en,INTERNATIONAL_ORG_RECURRING_GROUPS:en,Munich national delegation meeting secretariat accommodation,NatWest Group plc,https://investors.natwestgroup.com/~/media/Files/R/RBS-IR-V2/senior-securities/nwg-emtn-u20-base-prospectus-248959.pdf,investors.natwestgroup.com,REJECT,wrong_destination_or_weak_geo
INTERNATIONAL_ORG_RECURRING_GROUPS,ENGLISH_CONTROL,en,INTERNATIONAL_ORG_RECURRING_GROUPS:en,Munich national delegation meeting secretariat accommodation,Great reunion with the Croatian Queen of Legal. Thank you for ...,https://www.facebook.com/paul.bradbury.988/posts/great-reunion-with-the-croatian-queen-of-legal-thank-you-for-what-you-have-done-/10165902961054073/,facebook.com,REJECT,wrong_destination_or_weak_geo
INTERNATIONAL_ORG_RECURRING_GROUPS,ENGLISH_CONTROL,en,INTERNATIONAL_ORG_RECURRING_GROUPS:en,Munich national delegation meeting secretariat accommodation,2021Impact Report,https://www.oneyoungworld.com/sites/default/files/2025-03/Impact%20Report%202021.pdf,oneyoungworld.com,REJECT,past_only
INTERNATIONAL_ORG_RECURRING_GROUPS,ENGLISH_CONTROL,en,INTERNATIONAL_ORG_RECURRING_GROUPS:en,Munich national delegation meeting secretariat accommodation,"Raquel García Alcubilla, directora de Estrategia y Relaciones ...",https://en.unav.edu/news/-/contents/2017/06/28/20170628_eco_madrid_plaza/content/lovPblW1fC70/14662967,en.unav.edu,REJECT,wrong_destination_or_weak_geo
INTERNATIONAL_ORG_RECURRING_GROUPS,ENGLISH_CONTROL,en,INTERNATIONAL_ORG_RECURRING_GROUPS:en,Munich national delegation meeting secretariat accommodation,Media Analysis,https://securityconference.org/assets/user_upload/MSC_Media_Analysis_2026.pdf,securityconference.org,WATCH_ONLY_SIGNAL,bounded_serp_candidate_not_auto_campaign
PARTICIPANT_EXHIBITOR_SPONSOR_MINING,NATIVE,de,PARTICIPANT_EXHIBITOR_SPONSOR_MINING:de,Munich offizielles Hotel OR Partnerhotel OR Tagungshotel OR Hotelkontingent OR Zimmerkontingent OR Unterkunft OR Übernachtung OR Hotelbuchung sponsor pavilion,NOW ON SALE! Emma Doran is back with her brand-new ...,https://www.facebook.com/EverymanCork/posts/now-on-saleemma-doran-is-back-with-her-brand-new-show-emmaculate-folks-you-know-/1202913011878728/,facebook.com,REJECT,wrong_destination_or_weak_geo
PARTICIPANT_EXHIBITOR_SPONSOR_MINING,NATIVE,de,PARTICIPANT_EXHIBITOR_SPONSOR_MINING:de,Munich offizielles Hotel OR Partnerhotel OR Tagungshotel OR Hotelkontingent OR Zimmerkontingent OR Unterkunft OR Übernachtung OR Hotelbuchung sponsor pavilion,Part 1,https://publications.parliament.uk/pa/cm/cmregmem/130708/130708.pdf,publications.parliament.uk,REJECT,wrong_destination_or_weak_geo
PARTICIPANT_EXHIBITOR_SPONSOR_MINING,NATIVE,de,PARTICIPANT_EXHIBITOR_SPONSOR_MINING:de,Munich offizielles Hotel OR Partnerhotel OR Tagungshotel OR Hotelkontingent OR Zimmerkontingent OR Unterkunft OR Übernachtung OR Hotelbuchung sponsor pavilion,Jubiläum mit globaler Strahlkraft und klarem Trendfokus,https://www.itb.com/en/press/press-releases/news_28608.html,itb.com,REJECT,wrong_destination_or_weak_geo
PARTICIPANT_EXHIBITOR_SPONSOR_MINING,NATIVE,de,PARTICIPANT_EXHIBITOR_SPONSOR_MINING:de,Munich offizielles Hotel OR Partnerhotel OR Tagungshotel OR Hotelkontingent OR Zimmerkontingent OR Unterkunft OR Übernachtung OR Hotelbuchung sponsor pavilion,Spurs home to 'spur' on NFL matchups - Coliseum,https://www.coliseum-online.com/spurs-home-to-spur-on-nfl-matchups/,coliseum-online.com,REJECT,wrong_destination_or_weak_geo
PARTICIPANT_EXHIBITOR_SPONSOR_MINING,NATIVE,de,PARTICIPANT_EXHIBITOR_SPONSOR_MINING:de,Munich offizielles Hotel OR Partnerhotel OR Tagungshotel OR Hotelkontingent OR Zimmerkontingent OR Unterkunft OR Übernachtung OR Hotelbuchung sponsor pavilion,Gemeinsam für den guten Zweck Beim Charity Run ...,https://www.instagram.com/reel/DZIBo4sIBWh/,instagram.com,SIGNAL_ONLY,no_clear_future_year
PARTICIPANT_EXHIBITOR_SPONSOR_MINING,NATIVE,de,PARTICIPANT_EXHIBITOR_SPONSOR_MINING:de,Munich offizielles Hotel OR Partnerhotel OR Tagungshotel OR Hotelkontingent OR Zimmerkontingent OR Unterkunft OR Übernachtung OR Hotelbuchung sponsor pavilion,"HOTEL RESTAURANT LANGWIEDER SEE, Munich",https://www.tripadvisor.ie/Restaurant_Review-g187309-d1039571-Reviews-Hotel_Restaurant_Langwieder_See-Munich_Upper_Bavaria_Bavaria.html,tripadvisor.ie,REJECT,generic_tourism
PARTICIPANT_EXHIBITOR_SPONSOR_MINING,NATIVE,de,PARTICIPANT_EXHIBITOR_SPONSOR_MINING:de,Munich offizielles Hotel OR Partnerhotel OR Tagungshotel OR Hotelkontingent OR Zimmerkontingent OR Unterkunft OR Übernachtung OR Hotelbuchung sponsor pavilion,Lyon is wearing the World Cup final lightly | SB Nation,https://www.sbnation.com/soccer/2019/7/5/20682924/lyon-womens-world-cup-final-mood,sbnation.com,REJECT,wrong_destination_or_weak_geo
PARTICIPANT_EXHIBITOR_SPONSOR_MINING,NATIVE,de,PARTICIPANT_EXHIBITOR_SPONSOR_MINING:de,Munich offizielles Hotel OR Partnerhotel OR Tagungshotel OR Hotelkontingent OR Zimmerkontingent OR Unterkunft OR Übernachtung OR Hotelbuchung sponsor pavilion,Talos is backing TUM Blockchain Conference 26. ...,https://www.instagram.com/reel/Dd8P2hmMAsE/,instagram.com,REJECT,wrong_destination_or_weak_geo
PARTICIPANT_EXHIBITOR_SPONSOR_MINING,NATIVE,de,PARTICIPANT_EXHIBITOR_SPONSOR_MINING:de,Munich offizielles Hotel OR Partnerhotel OR Tagungshotel OR Hotelkontingent OR Zimmerkontingent OR Unterkunft OR Übernachtung OR Hotelbuchung sponsor pavilion,News,https://www.fiamm.com/de/europe/reserve/news/,fiamm.com,REJECT,past_only
PARTICIPANT_EXHIBITOR_SPONSOR_MINING,NATIVE,de,PARTICIPANT_EXHIBITOR_SPONSOR_MINING:native_lexicon:de,Munich Kongress 2026 OR 2027 Unterkunft,Novotel Muenchen City - Tagungshotel,https://muenchen-tagungshotel.com/deu/tagungshotel/muenchen/novotel-muenchen-city,muenchen-tagungshotel.com,REJECT,wrong_destination_or_weak_geo
PARTICIPANT_EXHIBITOR_SPONSOR_MINING,NATIVE,de,PARTICIPANT_EXHIBITOR_SPONSOR_MINING:native_lexicon:de,Munich Kongress 2026 OR 2027 Unterkunft,The Monarch Bad Gögging – Tagungslocation in München,https://fiylo.com/location/the-monarch-bad-goegging/tagung-kongress/,fiylo.com,SIGNAL_ONLY,no_clear_future_year
PARTICIPANT_EXHIBITOR_SPONSOR_MINING,NATIVE,de,PARTICIPANT_EXHIBITOR_SPONSOR_MINING:native_lexicon:de,Munich Kongress 2026 OR 2027 Unterkunft,Courtyard Munich Garching,https://www.holidaycheck.ch/hi/courtyard-munich-garching/683117b4-4728-433e-9095-574934d86aa4,holidaycheck.ch,SIGNAL_ONLY,no_clear_future_year
PARTICIPANT_EXHIBITOR_SPONSOR_MINING,NATIVE,de,PARTICIPANT_EXHIBITOR_SPONSOR_MINING:native_lexicon:de,Munich Kongress 2026 OR 2027 Unterkunft,FAQs zum Internationalen DTB Tenniskongress,https://www.tennis.de/lernen/internationaler-dtb-tenniskongress/faqs-zum-internationalen-dtb-tenniskongress.html,tennis.de,WATCH_ONLY_SIGNAL,bounded_serp_candidate_not_auto_campaign
PARTICIPANT_EXHIBITOR_SPONSOR_MINING,NATIVE,de,PARTICIPANT_EXHIBITOR_SPONSOR_MINING:native_lexicon:de,Munich Kongress 2026 OR 2027 Unterkunft,Best Venues in Munich 2026,https://feverup.com/en/muenchen/venue?srsltid=AU7gw4WJgzh-o6iJ4jwsLPA5zinZs0VForcbmHI5kkzGLgOq30dN4Vwi,feverup.com,SIGNAL_ONLY,thin_event_signal
PARTICIPANT_EXHIBITOR_SPONSOR_MINING,NATIVE,de,PARTICIPANT_EXHIBITOR_SPONSOR_MINING:native_lexicon:de,Munich Kongress 2026 OR 2027 Unterkunft,Messen und Events in München 2027,https://caluma.jobs/messen-events/2027/muenchen/?srsltid=AU7gw4X3Od1rVsAAtOrz9mcOhyxQfo5Yf3rkc-lluSjc7g2PZKNMoghb,caluma.jobs,WATCH_ONLY_SIGNAL,bounded_serp_candidate_not_auto_campaign
PARTICIPANT_EXHIBITOR_SPONSOR_MINING,NATIVE,de,PARTICIPANT_EXHIBITOR_SPONSOR_MINING:native_lexicon:de,Munich Kongress 2026 OR 2027 Unterkunft,Messen und Events in München 2026,https://caluma.jobs/messen-events/2026/muenchen/?srsltid=AU7gw4VGgeve0LkX09ZQvTNY3yhtPzzT0pNEWosOMhoe9cvsHvUR1eGY,caluma.jobs,WATCH_ONLY_SIGNAL,bounded_serp_candidate_not_auto_campaign
PARTICIPANT_EXHIBITOR_SPONSOR_MINING,NATIVE,de,PARTICIPANT_EXHIBITOR_SPONSOR_MINING:native_lexicon:de,Munich Kongress 2026 OR 2027 Unterkunft,Konferenz in München - dein Kongress | Eventbrite - Seite 2,https://amp.eventbrite.be/d/germany--m%C3%BCnchen/conferences/?page=2,amp.eventbrite.be,WATCH_ONLY_SIGNAL,bounded_serp_candidate_not_auto_campaign
PARTICIPANT_EXHIBITOR_SPONSOR_MINING,NATIVE,de,PARTICIPANT_EXHIBITOR_SPONSOR_MINING:native_lexicon:de,Munich Kongress 2026 OR 2027 Unterkunft,Messen in München ab September 2026,https://www.messen.de/de/215/in/de/bayern/muenchen/uebersicht?page=3,messen.de,WATCH_ONLY_SIGNAL,bounded_serp_candidate_not_auto_campaign
PARTICIPANT_EXHIBITOR_SPONSOR_MINING,ENGLISH_CONTROL,en,PARTICIPANT_EXHIBITOR_SPONSOR_MINING:en,Munich conference exhibitor list OR sponsor list 2026 OR 2027,Who sponsors SEMICON Europa 2026? 13 ... - Luminik,https://www.luminik.io/events/semicon-europa-munich-0c3fc84feafb/companies/,luminik.io,SIGNAL_ONLY,thin_event_signal
PARTICIPANT_EXHIBITOR_SPONSOR_MINING,ENGLISH_CONTROL,en,PARTICIPANT_EXHIBITOR_SPONSOR_MINING:en,Munich conference exhibitor list OR sponsor list 2026 OR 2027,Upcoming Exhibitions in Germany 2026-2027 | 10x10 Booths,https://www.10x10booths.com/blogs/top-upcoming-exhibitions-germany,10x10booths.com,SIGNAL_ONLY,thin_event_signal
PARTICIPANT_EXHIBITOR_SPONSOR_MINING,ENGLISH_CONTROL,en,PARTICIPANT_EXHIBITOR_SPONSOR_MINING:en,Munich conference exhibitor list OR sponsor list 2026 OR 2027,We're excited to share our March 2026 Global Partners list ...,https://www.instagram.com/p/DVsyWATF4lV/,instagram.com,SIGNAL_ONLY,thin_event_signal
PARTICIPANT_EXHIBITOR_SPONSOR_MINING,ENGLISH_CONTROL,en,PARTICIPANT_EXHIBITOR_SPONSOR_MINING:en,Munich conference exhibitor list OR sponsor list 2026 OR 2027,"Intelligent Energy Exhibition, Munich, Germany - FOCUS EXPO",https://en.jufair.com/exhibition/smarter-e-europe/,en.jufair.com,SIGNAL_ONLY,no_clear_future_year
PARTICIPANT_EXHIBITOR_SPONSOR_MINING,ENGLISH_CONTROL,en,PARTICIPANT_EXHIBITOR_SPONSOR_MINING:en,Munich conference exhibitor list OR sponsor list 2026 OR 2027,Munich Cyber Security Conference (MCSC),https://10times.com/e1df-sxh4-63h0-f,10times.com,SIGNAL_ONLY,no_clear_future_year
PARTICIPANT_EXHIBITOR_SPONSOR_MINING,ENGLISH_CONTROL,en,PARTICIPANT_EXHIBITOR_SPONSOR_MINING:en,Munich conference exhibitor list OR sponsor list 2026 OR 2027,Hotels transport logistic 2027 in Munich,https://perfect-meeting.de/hotels-transport-logistic/?lang=en,perfect-meeting.de,SIGNAL_ONLY,thin_event_signal
PARTICIPANT_EXHIBITOR_SPONSOR_MINING,ENGLISH_CONTROL,en,PARTICIPANT_EXHIBITOR_SPONSOR_MINING:en,Munich conference exhibitor list OR sponsor list 2026 OR 2027,TÜV SÜD - Hydrogen Technology Expo,https://www.hydrogen-worldexpo.com/exhibitors/t%C3%BCv-s%C3%BCd,hydrogen-worldexpo.com,WATCH_ONLY_SIGNAL,bounded_serp_candidate_not_auto_campaign
PARTICIPANT_EXHIBITOR_SPONSOR_MINING,ENGLISH_CONTROL,en,PARTICIPANT_EXHIBITOR_SPONSOR_MINING:en,Munich conference exhibitor list OR sponsor list 2026 OR 2027,IFAT Munich 2026 - App Store - Apple,https://apps.apple.com/ar/app/ifat-munich-2026/id1089546209?l=en-GB,apps.apple.com,SIGNAL_ONLY,thin_event_signal
PARTICIPANT_EXHIBITOR_SPONSOR_MINING,ENGLISH_CONTROL,en,PARTICIPANT_EXHIBITOR_SPONSOR_MINING:en,Munich conference exhibitor list OR sponsor list 2026 OR 2027,HJC Electronics Pte. Ltd. at electronica 2026,https://exhibitors.electronica.de/exhibitor-portal/2026/list-of-exhibitors/exhibitordetails/hjc-electronics-pte-ltd/?elb=809.1100.11274.1.111,exhibitors.electronica.de,REJECT,wrong_destination_or_weak_geo
PARTICIPANT_EXHIBITOR_SPONSOR_MINING,ENGLISH_CONTROL,en,PARTICIPANT_EXHIBITOR_SPONSOR_MINING:en,Munich hotel block OR room block OR official hotel OR accommodation sponsor pavilion,Munich,https://en.wikipedia.org/wiki/Munich,en.wikipedia.org,SIGNAL_ONLY,no_clear_future_year
PARTICIPANT_EXHIBITOR_SPONSOR_MINING,ENGLISH_CONTROL,en,PARTICIPANT_EXHIBITOR_SPONSOR_MINING:en,Munich hotel block OR room block OR official hotel OR accommodation sponsor pavilion,The official website of the City of Munich • muenchen.de,https://www.muenchen.de/en/home,muenchen.de,SIGNAL_ONLY,no_clear_future_year
PARTICIPANT_EXHIBITOR_SPONSOR_MINING,ENGLISH_CONTROL,en,PARTICIPANT_EXHIBITOR_SPONSOR_MINING:en,Munich hotel block OR room block OR official hotel OR accommodation sponsor pavilion,Munich Airport: Welcome to MUC,https://www.munich-airport.com/,munich-airport.com,SIGNAL_ONLY,no_clear_future_year
PARTICIPANT_EXHIBITOR_SPONSOR_MINING,ENGLISH_CONTROL,en,PARTICIPANT_EXHIBITOR_SPONSOR_MINING:en,Munich hotel block OR room block OR official hotel OR accommodation sponsor pavilion,Munich Security Conference - Münchner Sicherheitskonferenz,https://securityconference.org/en/,securityconference.org,SIGNAL_ONLY,no_clear_future_year
PARTICIPANT_EXHIBITOR_SPONSOR_MINING,ENGLISH_CONTROL,en,PARTICIPANT_EXHIBITOR_SPONSOR_MINING:en,Munich hotel block OR room block OR official hotel OR accommodation sponsor pavilion,Simply Munich: The Official Travel Guide,https://www.munich.travel/en,munich.travel,SIGNAL_ONLY,no_clear_future_year
PARTICIPANT_EXHIBITOR_SPONSOR_MINING,ENGLISH_CONTROL,en,PARTICIPANT_EXHIBITOR_SPONSOR_MINING:en,Munich hotel block OR room block OR official hotel OR accommodation sponsor pavilion,Technical University of Munich: The Entrepreneurial University ...,https://www.tum.de/en/,tum.de,SIGNAL_ONLY,no_clear_future_year
PARTICIPANT_EXHIBITOR_SPONSOR_MINING,ENGLISH_CONTROL,en,PARTICIPANT_EXHIBITOR_SPONSOR_MINING:en,Munich hotel block OR room block OR official hotel OR accommodation sponsor pavilion,Home - LMU Munich,https://www.lmu.de/en/,lmu.de,SIGNAL_ONLY,no_clear_future_year
PARTICIPANT_EXHIBITOR_SPONSOR_MINING,ENGLISH_CONTROL,en,PARTICIPANT_EXHIBITOR_SPONSOR_MINING:en,Munich hotel block OR room block OR official hotel OR accommodation sponsor pavilion,Munich Tourism: Information for travellers • muenchen.de,https://www.muenchen.de/en/tourism,muenchen.de,SIGNAL_ONLY,thin_event_signal
PARTICIPANT_EXHIBITOR_SPONSOR_MINING,ENGLISH_CONTROL,en,PARTICIPANT_EXHIBITOR_SPONSOR_MINING:en,Munich hotel block OR room block OR official hotel OR accommodation sponsor pavilion,"One Day in Munich | What to See, Eat & Do in Bavaria's Capital",https://www.youtube.com/watch?v=wqax2bDOGG0,youtube.com,SIGNAL_ONLY,no_clear_future_year
HISTORIC_ROTATION_PREDICTION,NATIVE,de,HISTORIC_ROTATION_PREDICTION:native_lexicon:de,Munich Kongress 2026 OR 2027 Unterkunft,Novotel Muenchen City - Tagungshotel,https://muenchen-tagungshotel.com/deu/tagungshotel/muenchen/novotel-muenchen-city,muenchen-tagungshotel.com,REJECT,wrong_destination_or_weak_geo
HISTORIC_ROTATION_PREDICTION,NATIVE,de,HISTORIC_ROTATION_PREDICTION:native_lexicon:de,Munich Kongress 2026 OR 2027 Unterkunft,The Monarch Bad Gögging – Tagungslocation in München,https://fiylo.com/location/the-monarch-bad-goegging/tagung-kongress/,fiylo.com,SIGNAL_ONLY,no_clear_future_year
HISTORIC_ROTATION_PREDICTION,NATIVE,de,HISTORIC_ROTATION_PREDICTION:native_lexicon:de,Munich Kongress 2026 OR 2027 Unterkunft,Courtyard Munich Garching,https://www.holidaycheck.ch/hi/courtyard-munich-garching/683117b4-4728-433e-9095-574934d86aa4,holidaycheck.ch,SIGNAL_ONLY,no_clear_future_year
HISTORIC_ROTATION_PREDICTION,NATIVE,de,HISTORIC_ROTATION_PREDICTION:native_lexicon:de,Munich Kongress 2026 OR 2027 Unterkunft,FAQs zum Internationalen DTB Tenniskongress,https://www.tennis.de/lernen/internationaler-dtb-tenniskongress/faqs-zum-internationalen-dtb-tenniskongress.html,tennis.de,WATCH_ONLY_SIGNAL,bounded_serp_candidate_not_auto_campaign
HISTORIC_ROTATION_PREDICTION,NATIVE,de,HISTORIC_ROTATION_PREDICTION:native_lexicon:de,Munich Kongress 2026 OR 2027 Unterkunft,Best Venues in Munich 2026,https://feverup.com/en/muenchen/venue?srsltid=AU7gw4WJgzh-o6iJ4jwsLPA5zinZs0VForcbmHI5kkzGLgOq30dN4Vwi,feverup.com,SIGNAL_ONLY,thin_event_signal
HISTORIC_ROTATION_PREDICTION,NATIVE,de,HISTORIC_ROTATION_PREDICTION:native_lexicon:de,Munich Kongress 2026 OR 2027 Unterkunft,Messen und Events in München 2027,https://caluma.jobs/messen-events/2027/muenchen/?srsltid=AU7gw4X3Od1rVsAAtOrz9mcOhyxQfo5Yf3rkc-lluSjc7g2PZKNMoghb,caluma.jobs,WATCH_ONLY_SIGNAL,bounded_serp_candidate_not_auto_campaign
HISTORIC_ROTATION_PREDICTION,NATIVE,de,HISTORIC_ROTATION_PREDICTION:native_lexicon:de,Munich Kongress 2026 OR 2027 Unterkunft,Messen und Events in München 2026,https://caluma.jobs/messen-events/2026/muenchen/?srsltid=AU7gw4VGgeve0LkX09ZQvTNY3yhtPzzT0pNEWosOMhoe9cvsHvUR1eGY,caluma.jobs,WATCH_ONLY_SIGNAL,bounded_serp_candidate_not_auto_campaign
HISTORIC_ROTATION_PREDICTION,NATIVE,de,HISTORIC_ROTATION_PREDICTION:native_lexicon:de,Munich Kongress 2026 OR 2027 Unterkunft,Konferenz in München - dein Kongress | Eventbrite - Seite 2,https://amp.eventbrite.be/d/germany--m%C3%BCnchen/conferences/?page=2,amp.eventbrite.be,WATCH_ONLY_SIGNAL,bounded_serp_candidate_not_auto_campaign
HISTORIC_ROTATION_PREDICTION,NATIVE,de,HISTORIC_ROTATION_PREDICTION:native_lexicon:de,Munich Kongress 2026 OR 2027 Unterkunft,Messen in München ab September 2026,https://www.messen.de/de/215/in/de/bayern/muenchen/uebersicht?page=3,messen.de,WATCH_ONLY_SIGNAL,bounded_serp_candidate_not_auto_campaign
HISTORIC_ROTATION_PREDICTION,ENGLISH_CONTROL,en,HISTORIC_ROTATION_PREDICTION:en,"Munich RFP OR site selection OR host city OR rotation OR ""next host"" congress 2027 OR 2028","Best Conference in Munich, Germany - Events & Activities",https://www.eventbrite.ie/d/germany--m%C3%BCnchen/conferences/?page=2,eventbrite.ie,SIGNAL_ONLY,no_clear_future_year
HISTORIC_ROTATION_PREDICTION,ENGLISH_CONTROL,en,HISTORIC_ROTATION_PREDICTION:en,"Munich RFP OR site selection OR host city OR rotation OR ""next host"" congress 2027 OR 2028",IFAT Munich 2028,https://perfect-meeting.de/event-page/ifat-munich-2028/?lang=en,perfect-meeting.de,SIGNAL_ONLY,thin_event_signal
HISTORIC_ROTATION_PREDICTION,ENGLISH_CONTROL,en,HISTORIC_ROTATION_PREDICTION:en,"Munich RFP OR site selection OR host city OR rotation OR ""next host"" congress 2027 OR 2028",IIOM 2027 Call for Papers Munich Germany May 2027,https://www.linkedin.com/posts/iiom_call-for-paper-iiom-conference-munich-2027-activity-7485288759761092610-LIR2,linkedin.com,WATCH_ONLY_SIGNAL,bounded_serp_candidate_not_auto_campaign
HISTORIC_ROTATION_PREDICTION,ENGLISH_CONTROL,en,HISTORIC_ROTATION_PREDICTION:en,"Munich RFP OR site selection OR host city OR rotation OR ""next host"" congress 2027 OR 2028",automatica 2027,https://perfect-meeting.de/event-page/automatica-2027/?lang=en,perfect-meeting.de,REJECT,wrong_destination_or_weak_geo
HISTORIC_ROTATION_PREDICTION,ENGLISH_CONTROL,en,HISTORIC_ROTATION_PREDICTION:en,"Munich RFP OR site selection OR host city OR rotation OR ""next host"" congress 2027 OR 2028","Tender for Lead Agency for Planning Tender, ID 150380416",https://www.tendersontime.com/tenders-details/tender-lead-agency-planning-and-construction-trade-fair-stand-ihm-2027-munich-8f69f80/,tendersontime.com,SIGNAL_ONLY,thin_event_signal
HISTORIC_ROTATION_PREDICTION,ENGLISH_CONTROL,en,HISTORIC_ROTATION_PREDICTION:en,"Munich RFP OR site selection OR host city OR rotation OR ""next host"" congress 2027 OR 2028",8 Major Conferences & Trade Shows in Munich 2026-2027,https://member.fame.so/conferences/munich,member.fame.so,WATCH_ONLY_SIGNAL,bounded_serp_candidate_not_auto_campaign
HISTORIC_ROTATION_PREDICTION,ENGLISH_CONTROL,en,HISTORIC_ROTATION_PREDICTION:en,"Munich RFP OR site selection OR host city OR rotation OR ""next host"" congress 2027 OR 2028",IFAT Munich 2028 Exhibition Stand Builder | Show Info,https://www.expodisplaystudio.de/ifat-munich/,expodisplaystudio.de,WATCH_ONLY_SIGNAL,bounded_serp_candidate_not_auto_campaign
HISTORIC_ROTATION_PREDICTION,ENGLISH_CONTROL,en,HISTORIC_ROTATION_PREDICTION:en,"Munich RFP OR site selection OR host city OR rotation OR ""next host"" congress 2027 OR 2028",Registration Options,https://www.wrfconference.com/event/registration.php?id=101421325,wrfconference.com,WATCH_ONLY_SIGNAL,bounded_serp_candidate_not_auto_campaign
HISTORIC_ROTATION_PREDICTION,ENGLISH_CONTROL,en,HISTORIC_ROTATION_PREDICTION:en,"Munich RFP OR site selection OR host city OR rotation OR ""next host"" congress 2027 OR 2028",Events,https://www.wrfconference.com/event/reg.php?id=101611234,wrfconference.com,WATCH_ONLY_SIGNAL,bounded_serp_candidate_not_auto_campaign
RECURRING_CORPORATE_MEETINGS,NATIVE,de,RECURRING_CORPORATE_MEETINGS:native_lexicon:de,Munich Kongress 2026 OR 2027 Unterkunft,Novotel Muenchen City - Tagungshotel,https://muenchen-tagungshotel.com/deu/tagungshotel/muenchen/novotel-muenchen-city,muenchen-tagungshotel.com,REJECT,wrong_destination_or_weak_geo
RECURRING_CORPORATE_MEETINGS,NATIVE,de,RECURRING_CORPORATE_MEETINGS:native_lexicon:de,Munich Kongress 2026 OR 2027 Unterkunft,The Monarch Bad Gögging – Tagungslocation in München,https://fiylo.com/location/the-monarch-bad-goegging/tagung-kongress/,fiylo.com,SIGNAL_ONLY,no_clear_future_year
RECURRING_CORPORATE_MEETINGS,NATIVE,de,RECURRING_CORPORATE_MEETINGS:native_lexicon:de,Munich Kongress 2026 OR 2027 Unterkunft,Courtyard Munich Garching,https://www.holidaycheck.ch/hi/courtyard-munich-garching/683117b4-4728-433e-9095-574934d86aa4,holidaycheck.ch,SIGNAL_ONLY,no_clear_future_year
RECURRING_CORPORATE_MEETINGS,NATIVE,de,RECURRING_CORPORATE_MEETINGS:native_lexicon:de,Munich Kongress 2026 OR 2027 Unterkunft,FAQs zum Internationalen DTB Tenniskongress,https://www.tennis.de/lernen/internationaler-dtb-tenniskongress/faqs-zum-internationalen-dtb-tenniskongress.html,tennis.de,WATCH_ONLY_SIGNAL,bounded_serp_candidate_not_auto_campaign
RECURRING_CORPORATE_MEETINGS,NATIVE,de,RECURRING_CORPORATE_MEETINGS:native_lexicon:de,Munich Kongress 2026 OR 2027 Unterkunft,Best Venues in Munich 2026,https://feverup.com/en/muenchen/venue?srsltid=AU7gw4WJgzh-o6iJ4jwsLPA5zinZs0VForcbmHI5kkzGLgOq30dN4Vwi,feverup.com,SIGNAL_ONLY,thin_event_signal
RECURRING_CORPORATE_MEETINGS,NATIVE,de,RECURRING_CORPORATE_MEETINGS:native_lexicon:de,Munich Kongress 2026 OR 2027 Unterkunft,Messen und Events in München 2027,https://caluma.jobs/messen-events/2027/muenchen/?srsltid=AU7gw4X3Od1rVsAAtOrz9mcOhyxQfo5Yf3rkc-lluSjc7g2PZKNMoghb,caluma.jobs,WATCH_ONLY_SIGNAL,bounded_serp_candidate_not_auto_campaign
RECURRING_CORPORATE_MEETINGS,NATIVE,de,RECURRING_CORPORATE_MEETINGS:native_lexicon:de,Munich Kongress 2026 OR 2027 Unterkunft,Messen und Events in München 2026,https://caluma.jobs/messen-events/2026/muenchen/?srsltid=AU7gw4VGgeve0LkX09ZQvTNY3yhtPzzT0pNEWosOMhoe9cvsHvUR1eGY,caluma.jobs,WATCH_ONLY_SIGNAL,bounded_serp_candidate_not_auto_campaign
RECURRING_CORPORATE_MEETINGS,NATIVE,de,RECURRING_CORPORATE_MEETINGS:native_lexicon:de,Munich Kongress 2026 OR 2027 Unterkunft,Konferenz in München - dein Kongress | Eventbrite - Seite 2,https://amp.eventbrite.be/d/germany--m%C3%BCnchen/conferences/?page=2,amp.eventbrite.be,WATCH_ONLY_SIGNAL,bounded_serp_candidate_not_auto_campaign
RECURRING_CORPORATE_MEETINGS,NATIVE,de,RECURRING_CORPORATE_MEETINGS:native_lexicon:de,Munich Kongress 2026 OR 2027 Unterkunft,Messen in München ab September 2026,https://www.messen.de/de/215/in/de/bayern/muenchen/uebersicht?page=3,messen.de,WATCH_ONLY_SIGNAL,bounded_serp_candidate_not_auto_campaign
RECURRING_CORPORATE_MEETINGS,ENGLISH_CONTROL,en,RECURRING_CORPORATE_MEETINGS:en,"Munich sales kickoff OR leadership summit OR partner conference OR ""annual sales meeting"" OR ""partner conference"" hotel",Ruby Rosi Hotel Munich,https://www.cvent.com/venues/munich/hotel/ruby-rosi-hotel-munich/venue-bb5c614a-2bbe-4b3f-9d46-6531c7872b23,cvent.com,SIGNAL_ONLY,no_clear_future_year
RECURRING_CORPORATE_MEETINGS,ENGLISH_CONTROL,en,RECURRING_CORPORATE_MEETINGS:en,"Munich sales kickoff OR leadership summit OR partner conference OR ""annual sales meeting"" OR ""partner conference"" hotel",Veranstaltungs-Archiv,https://hotelpartner.com/de/veranstaltungs-archiv/,hotelpartner.com,REJECT,wrong_destination_or_weak_geo
RECURRING_CORPORATE_MEETINGS,ENGLISH_CONTROL,en,RECURRING_CORPORATE_MEETINGS:en,"Munich sales kickoff OR leadership summit OR partner conference OR ""annual sales meeting"" OR ""partner conference"" hotel",Event Production Munich | Bano Event Technology,https://www.bano.nl/en/event-production-munich,bano.nl,SIGNAL_ONLY,no_clear_future_year
RECURRING_CORPORATE_MEETINGS,ENGLISH_CONTROL,en,RECURRING_CORPORATE_MEETINGS:en,"Munich sales kickoff OR leadership summit OR partner conference OR ""annual sales meeting"" OR ""partner conference"" hotel",SG15332 - ADB SAFEGATE,https://adbsafegate.com/products/spare-parts/sg15332/,adbsafegate.com,REJECT,wrong_destination_or_weak_geo
RECURRING_CORPORATE_MEETINGS,ENGLISH_CONTROL,en,RECURRING_CORPORATE_MEETINGS:en,"Munich sales kickoff OR leadership summit OR partner conference OR ""annual sales meeting"" OR ""partner conference"" hotel",Planning to attend Samsara Beyond in Las Vegas from June ...,https://www.facebook.com/estesexpress/posts/planning-to-attend-samsara-beyond-in-las-vegas-from-june-23-26-check-out-these-p/1356824093310729/,facebook.com,REJECT,wrong_destination_or_weak_geo
RECURRING_CORPORATE_MEETINGS,ENGLISH_CONTROL,en,RECURRING_CORPORATE_MEETINGS:en,"Munich sales kickoff OR leadership summit OR partner conference OR ""annual sales meeting"" OR ""partner conference"" hotel",Two days in Munich. A lot of great conversations. And plenty to ...,https://www.linkedin.com/posts/linde-borger_two-days-in-munich-a-lot-of-great-conversations-activity-7507764144264142848-4r-H,linkedin.com,SIGNAL_ONLY,no_clear_future_year
RECURRING_CORPORATE_MEETINGS,ENGLISH_CONTROL,en,RECURRING_CORPORATE_MEETINGS:en,"Munich sales kickoff OR leadership summit OR partner conference OR ""annual sales meeting"" OR ""partner conference"" hotel",Celebrating 10 Years of Porsche Consulting's Munich Office ...,https://www.instagram.com/p/DauYQqUjDhr/,instagram.com,SIGNAL_ONLY,no_clear_future_year
RECURRING_CORPORATE_MEETINGS,ENGLISH_CONTROL,en,RECURRING_CORPORATE_MEETINGS:en,"Munich sales kickoff OR leadership summit OR partner conference OR ""annual sales meeting"" OR ""partner conference"" hotel",Michaela Merk,https://miceservicegroup.de/keynote-speaker/michaela-merk-358,miceservicegroup.de,SIGNAL_ONLY,no_clear_future_year
RECURRING_CORPORATE_MEETINGS,ENGLISH_CONTROL,en,RECURRING_CORPORATE_MEETINGS:en,"Munich sales kickoff OR leadership summit OR partner conference OR ""annual sales meeting"" OR ""partner conference"" hotel",Speakers IIMC – International Interim Management ...,https://ddim.de/speakers-iimc-international-interim-management-conference/,ddim.de,SIGNAL_ONLY,no_clear_future_year
RECURRING_CORPORATE_MEETINGS,ENGLISH_CONTROL,en,RECURRING_CORPORATE_MEETINGS:en,Munich company sales kickoff OR leadership summit OR partner conference Munich,"Geschäftlich Events und Aktivitäten in München, Deutschland",https://www.eventbrite.de/d/germany--m%C3%BCnchen/business--conferences/,eventbrite.de,SIGNAL_ONLY,no_clear_future_year
RECURRING_CORPORATE_MEETINGS,ENGLISH_CONTROL,en,RECURRING_CORPORATE_MEETINGS:en,Munich company sales kickoff OR leadership summit OR partner conference Munich,"Best Conference in Munich, Germany - Events & Activities",https://www.eventbrite.ie/d/germany--m%C3%BCnchen/conferences/?page=3,eventbrite.ie,SIGNAL_ONLY,no_clear_future_year
RECURRING_CORPORATE_MEETINGS,ENGLISH_CONTROL,en,RECURRING_CORPORATE_MEETINGS:en,Munich company sales kickoff OR leadership summit OR partner conference Munich,B2B Events in Munich in 2026,https://vendelux.com/b2b-events/munich,vendelux.com,SIGNAL_ONLY,thin_event_signal
RECURRING_CORPORATE_MEETINGS,ENGLISH_CONTROL,en,RECURRING_CORPORATE_MEETINGS:en,Munich company sales kickoff OR leadership summit OR partner conference Munich,"Startups & Small Business events in Munich, Germany",https://www.eventbrite.ie/b/germany--m%C3%BCnchen/business/startups-and-small-business/,eventbrite.ie,SIGNAL_ONLY,no_clear_future_year
RECURRING_CORPORATE_MEETINGS,ENGLISH_CONTROL,en,RECURRING_CORPORATE_MEETINGS:en,Munich company sales kickoff OR leadership summit OR partner conference Munich,Munich 2025 Venture Capital World Summit,https://foundersphere.io/en/veranstaltung/munich-2025-venture-capital-world-summit/,foundersphere.io,SIGNAL_ONLY,no_clear_future_year
RECURRING_CORPORATE_MEETINGS,ENGLISH_CONTROL,en,RECURRING_CORPORATE_MEETINGS:en,Munich company sales kickoff OR leadership summit OR partner conference Munich,Registration is now open for the 2026 WE United Leadership ...,https://www.instagram.com/reel/DVG82JmlLgL/,instagram.com,REJECT,wrong_destination_or_weak_geo
RECURRING_CORPORATE_MEETINGS,ENGLISH_CONTROL,en,RECURRING_CORPORATE_MEETINGS:en,Munich company sales kickoff OR leadership summit OR partner conference Munich,summit münchen 2022,https://meet-germany.network/events/summit-muenchen-2022,meet-germany.network,REJECT,past_only
RECURRING_CORPORATE_MEETINGS,ENGLISH_CONTROL,en,RECURRING_CORPORATE_MEETINGS:en,Munich company sales kickoff OR leadership summit OR partner conference Munich,Road to START Summit - München,https://www.munich-startup.de/events/road-to-start-summit-2024,munich-startup.de,REJECT,past_only
RECURRING_CORPORATE_MEETINGS,ENGLISH_CONTROL,en,RECURRING_CORPORATE_MEETINGS:en,Munich company sales kickoff OR leadership summit OR partner conference Munich,START Summit 2018,https://www.munich-startup.de/en/events/start-summit-2018,munich-startup.de,SIGNAL_ONLY,no_clear_future_year
CORPORATE_TRIGGER_DEMAND,NATIVE,de,CORPORATE_TRIGGER_DEMAND:de,Munich Übernahme OR Fusion OR Büroeröffnung OR Projektteam OR Baustelle OR Infrastruktur leadership meeting OR integration OR training,Integration (Soziologie),https://de.wikipedia.org/wiki/Integration_(Soziologie),de.wikipedia.org,REJECT,wrong_destination_or_weak_geo
CORPORATE_TRIGGER_DEMAND,NATIVE,de,CORPORATE_TRIGGER_DEMAND:de,Munich Übernahme OR Fusion OR Büroeröffnung OR Projektteam OR Baustelle OR Infrastruktur leadership meeting OR integration OR training,BMI - Bedeutung von Integration,https://www.bmi.bund.de/DE/themen/demokratie-gesellschaft/integration/integration-bedeutung/integration-bedeutung-node.html,bmi.bund.de,REJECT,wrong_destination_or_weak_geo
CORPORATE_TRIGGER_DEMAND,NATIVE,de,CORPORATE_TRIGGER_DEMAND:de,Munich Übernahme OR Fusion OR Büroeröffnung OR Projektteam OR Baustelle OR Infrastruktur leadership meeting OR integration OR training,Förderprogramm IQ – Integration durch Qualifizierung,https://netzwerk-iq.de/foerderprogramm-iq/programmuebersicht,netzwerk-iq.de,REJECT,wrong_destination_or_weak_geo
CORPORATE_TRIGGER_DEMAND,NATIVE,de,CORPORATE_TRIGGER_DEMAND:de,Munich Übernahme OR Fusion OR Büroeröffnung OR Projektteam OR Baustelle OR Infrastruktur leadership meeting OR integration OR training,Integrationsbericht zur Lage von Integration und Teilhabe,https://www.integrationsbeauftragte.de/integration/integrationsbericht,integrationsbeauftragte.de,REJECT,wrong_destination_or_weak_geo
CORPORATE_TRIGGER_DEMAND,NATIVE,de,CORPORATE_TRIGGER_DEMAND:de,Munich Übernahme OR Fusion OR Büroeröffnung OR Projektteam OR Baustelle OR Infrastruktur leadership meeting OR integration OR training,Jahresgutachten 2026,https://www.svr-migration.de/publikationen/jahresgutachten/2026/,svr-migration.de,REJECT,wrong_destination_or_weak_geo
CORPORATE_TRIGGER_DEMAND,NATIVE,de,CORPORATE_TRIGGER_DEMAND:de,Munich Übernahme OR Fusion OR Büroeröffnung OR Projektteam OR Baustelle OR Infrastruktur leadership meeting OR integration OR training,BAMF - Bundesamt für Migration und Flüchtlinge - Integration,https://www.bamf.de/DE/Themen/Integration/integration_node.html,bamf.de,REJECT,wrong_destination_or_weak_geo
CORPORATE_TRIGGER_DEMAND,NATIVE,de,CORPORATE_TRIGGER_DEMAND:de,Munich Übernahme OR Fusion OR Büroeröffnung OR Projektteam OR Baustelle OR Infrastruktur leadership meeting OR integration OR training,Integration,https://sozialministerium.baden-wuerttemberg.de/de/integration,sozialministerium.baden-wuerttemberg.de,REJECT,wrong_destination_or_weak_geo
CORPORATE_TRIGGER_DEMAND,NATIVE,de,CORPORATE_TRIGGER_DEMAND:de,Munich Übernahme OR Fusion OR Büroeröffnung OR Projektteam OR Baustelle OR Infrastruktur leadership meeting OR integration OR training,Förderprogramm IQ – Integration durch Qualifizierung,https://netzwerk-iq.de/,netzwerk-iq.de,REJECT,wrong_destination_or_weak_geo
CORPORATE_TRIGGER_DEMAND,NATIVE,de,CORPORATE_TRIGGER_DEMAND:de,Munich Übernahme OR Fusion OR Büroeröffnung OR Projektteam OR Baustelle OR Infrastruktur leadership meeting OR integration OR training,KnowBe4 Training,https://training.knowbe4.com/ui/login,training.knowbe4.com,REJECT,wrong_destination_or_weak_geo
CORPORATE_TRIGGER_DEMAND,NATIVE,de,CORPORATE_TRIGGER_DEMAND:native_lexicon:de,Munich Kongress 2026 OR 2027 Unterkunft,Novotel Muenchen City - Tagungshotel,https://muenchen-tagungshotel.com/deu/tagungshotel/muenchen/novotel-muenchen-city,muenchen-tagungshotel.com,REJECT,wrong_destination_or_weak_geo
CORPORATE_TRIGGER_DEMAND,NATIVE,de,CORPORATE_TRIGGER_DEMAND:native_lexicon:de,Munich Kongress 2026 OR 2027 Unterkunft,The Monarch Bad Gögging – Tagungslocation in München,https://fiylo.com/location/the-monarch-bad-goegging/tagung-kongress/,fiylo.com,SIGNAL_ONLY,no_clear_future_year
CORPORATE_TRIGGER_DEMAND,NATIVE,de,CORPORATE_TRIGGER_DEMAND:native_lexicon:de,Munich Kongress 2026 OR 2027 Unterkunft,Courtyard Munich Garching,https://www.holidaycheck.ch/hi/courtyard-munich-garching/683117b4-4728-433e-9095-574934d86aa4,holidaycheck.ch,SIGNAL_ONLY,no_clear_future_year
CORPORATE_TRIGGER_DEMAND,NATIVE,de,CORPORATE_TRIGGER_DEMAND:native_lexicon:de,Munich Kongress 2026 OR 2027 Unterkunft,FAQs zum Internationalen DTB Tenniskongress,https://www.tennis.de/lernen/internationaler-dtb-tenniskongress/faqs-zum-internationalen-dtb-tenniskongress.html,tennis.de,WATCH_ONLY_SIGNAL,bounded_serp_candidate_not_auto_campaign
CORPORATE_TRIGGER_DEMAND,NATIVE,de,CORPORATE_TRIGGER_DEMAND:native_lexicon:de,Munich Kongress 2026 OR 2027 Unterkunft,Best Venues in Munich 2026,https://feverup.com/en/muenchen/venue?srsltid=AU7gw4WJgzh-o6iJ4jwsLPA5zinZs0VForcbmHI5kkzGLgOq30dN4Vwi,feverup.com,SIGNAL_ONLY,thin_event_signal
CORPORATE_TRIGGER_DEMAND,NATIVE,de,CORPORATE_TRIGGER_DEMAND:native_lexicon:de,Munich Kongress 2026 OR 2027 Unterkunft,Messen und Events in München 2027,https://caluma.jobs/messen-events/2027/muenchen/?srsltid=AU7gw4X3Od1rVsAAtOrz9mcOhyxQfo5Yf3rkc-lluSjc7g2PZKNMoghb,caluma.jobs,WATCH_ONLY_SIGNAL,bounded_serp_candidate_not_auto_campaign
CORPORATE_TRIGGER_DEMAND,NATIVE,de,CORPORATE_TRIGGER_DEMAND:native_lexicon:de,Munich Kongress 2026 OR 2027 Unterkunft,Messen und Events in München 2026,https://caluma.jobs/messen-events/2026/muenchen/?srsltid=AU7gw4VGgeve0LkX09ZQvTNY3yhtPzzT0pNEWosOMhoe9cvsHvUR1eGY,caluma.jobs,WATCH_ONLY_SIGNAL,bounded_serp_candidate_not_auto_campaign
CORPORATE_TRIGGER_DEMAND,NATIVE,de,CORPORATE_TRIGGER_DEMAND:native_lexicon:de,Munich Kongress 2026 OR 2027 Unterkunft,Konferenz in München - dein Kongress | Eventbrite - Seite 2,https://amp.eventbrite.be/d/germany--m%C3%BCnchen/conferences/?page=2,amp.eventbrite.be,WATCH_ONLY_SIGNAL,bounded_serp_candidate_not_auto_campaign
CORPORATE_TRIGGER_DEMAND,NATIVE,de,CORPORATE_TRIGGER_DEMAND:native_lexicon:de,Munich Kongress 2026 OR 2027 Unterkunft,Messen in München ab September 2026,https://www.messen.de/de/215/in/de/bayern/muenchen/uebersicht?page=3,messen.de,WATCH_ONLY_SIGNAL,bounded_serp_candidate_not_auto_campaign
CORPORATE_TRIGGER_DEMAND,ENGLISH_CONTROL,en,CORPORATE_TRIGGER_DEMAND:en,Munich acquisition OR merger OR office opening OR expansion leadership meeting OR integration OR training,International Mergers & Acquisitions,https://files.klgates.com/files/firmevent/7006d373-eb58-49f5-b216-2bfe8425a78e/presentation/firmeventattachment/9b6a7afd-f763-44f3-be52-2d327e8933c3/brochure_intnl_m_a.pdf,files.klgates.com,SIGNAL_ONLY,no_clear_future_year
CORPORATE_TRIGGER_DEMAND,ENGLISH_CONTROL,en,CORPORATE_TRIGGER_DEMAND:en,Munich acquisition OR merger OR office opening OR expansion leadership meeting OR integration OR training,Neue Fortbildungen für M&A-Rookies und Profis - FINANCE,https://www.finance-magazin.de/cfo/berufe-in-finance/neue-fortbildungen-fuer-ma-rookies-und-profis-35259/,finance-magazin.de,REJECT,wrong_destination_or_weak_geo
CORPORATE_TRIGGER_DEMAND,ENGLISH_CONTROL,en,CORPORATE_TRIGGER_DEMAND:en,Munich acquisition OR merger OR office opening OR expansion leadership meeting OR integration OR training,Step 8: Develop M&A Staffing and Retention Plans,https://www.mergerintegration.com/taxonomy/term/8?page=3,mergerintegration.com,REJECT,wrong_destination_or_weak_geo
CORPORATE_TRIGGER_DEMAND,ENGLISH_CONTROL,en,CORPORATE_TRIGGER_DEMAND:en,Munich acquisition OR merger OR office opening OR expansion leadership meeting OR integration OR training,International Mergers & Acquisitions Expert (Onsite),https://www.corporatesolutions.euronext.com/mergers-acquisitions-expert-onsite,corporatesolutions.euronext.com,REJECT,wrong_destination_or_weak_geo
CORPORATE_TRIGGER_DEMAND,ENGLISH_CONTROL,en,CORPORATE_TRIGGER_DEMAND:en,Munich acquisition OR merger OR office opening OR expansion leadership meeting OR integration OR training,The Role of Leadership Development in M&As,https://focustrainingpro.com/effectively-articulating-your-teams-needs-to-leadership/,focustrainingpro.com,REJECT,wrong_destination_or_weak_geo
CORPORATE_TRIGGER_DEMAND,ENGLISH_CONTROL,en,CORPORATE_TRIGGER_DEMAND:en,Munich acquisition OR merger OR office opening OR expansion leadership meeting OR integration OR training,How to merge training systems during a merger,https://www.linkedin.com/posts/knowledge-anywhere_how-to-handle-rapid-lms-scaling-during-mergers-activity-7315751324006993920-_r5R,linkedin.com,REJECT,wrong_destination_or_weak_geo
CORPORATE_TRIGGER_DEMAND,ENGLISH_CONTROL,en,CORPORATE_TRIGGER_DEMAND:en,Munich acquisition OR merger OR office opening OR expansion leadership meeting OR integration OR training,Merger Integration Team Planning Exercises | Value Drivers,https://www.mergerintegration.com/merger-integration-team-planning-exercises,mergerintegration.com,REJECT,wrong_destination_or_weak_geo
CORPORATE_TRIGGER_DEMAND,ENGLISH_CONTROL,en,CORPORATE_TRIGGER_DEMAND:en,Munich acquisition OR merger OR office opening OR expansion leadership meeting OR integration OR training,"Workshops, Trainings and Coachings",https://www.unibw.de/entrepreneurship-en/workshops-trainings,unibw.de,REJECT,wrong_destination_or_weak_geo
CORPORATE_TRIGGER_DEMAND,ENGLISH_CONTROL,en,CORPORATE_TRIGGER_DEMAND:en,Munich acquisition OR merger OR office opening OR expansion leadership meeting OR integration OR training,The Secret to Synergy in Mergers & Acquisitions | Webinar,https://www.youtube.com/watch?v=ZTdbsjd0FWY,youtube.com,REJECT,wrong_destination_or_weak_geo
PHARMA_MEDICAL_ECOSYSTEM,NATIVE,de,PHARMA_MEDICAL_ECOSYSTEM:de,Munich Pharma OR Medizin OR Kongress OR Investigator Meeting OR Advisory Board OR Symposium OR medical congress sponsor 2026 OR 2027,MMS ScienceCon,https://www.med.lmu.de/en/study/medicine/medical-studies-at-lmu/the-forschungsmodul-medizin/munich-medical-student-science-conference/,med.lmu.de,SIGNAL_ONLY,no_clear_future_year
PHARMA_MEDICAL_ECOSYSTEM,NATIVE,de,PHARMA_MEDICAL_ECOSYSTEM:de,Munich Pharma OR Medizin OR Kongress OR Investigator Meeting OR Advisory Board OR Symposium OR medical congress sponsor 2026 OR 2027,european leading trade fair for the pharmacy market,https://www.expopharm.de/messe/apotheken/event.php?pg=main&setlang=en,expopharm.de,WATCH_ONLY_SIGNAL,bounded_serp_candidate_not_auto_campaign
PHARMA_MEDICAL_ECOSYSTEM,NATIVE,de,PHARMA_MEDICAL_ECOSYSTEM:de,Munich Pharma OR Medizin OR Kongress OR Investigator Meeting OR Advisory Board OR Symposium OR medical congress sponsor 2026 OR 2027,Pharmacy Conferences in Munich 2026-2027 | ICA,https://internationalconferencealerts.com/pharmacy/germany/munich,internationalconferencealerts.com,WATCH_ONLY_SIGNAL,bounded_serp_candidate_not_auto_campaign
PHARMA_MEDICAL_ECOSYSTEM,NATIVE,de,PHARMA_MEDICAL_ECOSYSTEM:de,Munich Pharma OR Medizin OR Kongress OR Investigator Meeting OR Advisory Board OR Symposium OR medical congress sponsor 2026 OR 2027,Global Pharma Ingredients & Manufacturing SUMMIT 2027,https://www.key-notion.com/global-pharma-ingredients-and-manufacturing-summit,key-notion.com,WATCH_ONLY_SIGNAL,bounded_serp_candidate_not_auto_campaign
PHARMA_MEDICAL_ECOSYSTEM,NATIVE,de,PHARMA_MEDICAL_ECOSYSTEM:de,Munich Pharma OR Medizin OR Kongress OR Investigator Meeting OR Advisory Board OR Symposium OR medical congress sponsor 2026 OR 2027,Partner Packages,https://www.biovaria.org/partners/partner-packages,biovaria.org,REJECT,wrong_destination_or_weak_geo
PHARMA_MEDICAL_ECOSYSTEM,NATIVE,de,PHARMA_MEDICAL_ECOSYSTEM:de,Munich Pharma OR Medizin OR Kongress OR Investigator Meeting OR Advisory Board OR Symposium OR medical congress sponsor 2026 OR 2027,Medicine Conferences in Germany 2026-2027,https://conferenceingermany.com/sub-topics.php?stopic=medicine,conferenceingermany.com,REJECT,wrong_destination_or_weak_geo
PHARMA_MEDICAL_ECOSYSTEM,NATIVE,de,PHARMA_MEDICAL_ECOSYSTEM:de,Munich Pharma OR Medizin OR Kongress OR Investigator Meeting OR Advisory Board OR Symposium OR medical congress sponsor 2026 OR 2027,13th Helmholtz Diabetes Conference,https://www.helmholtz-munich.de/en/diabetes-conference,helmholtz-munich.de,WATCH_ONLY_SIGNAL,bounded_serp_candidate_not_auto_campaign
PHARMA_MEDICAL_ECOSYSTEM,NATIVE,de,PHARMA_MEDICAL_ECOSYSTEM:de,Munich Pharma OR Medizin OR Kongress OR Investigator Meeting OR Advisory Board OR Symposium OR medical congress sponsor 2026 OR 2027,Outsourcing in Clinical Trials: Medical Devices Europe 2027,https://www.arena-international.com/event/octmedeurope/,arena-international.com,REJECT,wrong_destination_or_weak_geo
PHARMA_MEDICAL_ECOSYSTEM,NATIVE,de,PHARMA_MEDICAL_ECOSYSTEM:de,Munich Pharma OR Medizin OR Kongress OR Investigator Meeting OR Advisory Board OR Symposium OR medical congress sponsor 2026 OR 2027,Home - PharmaCongress 2027,https://www.pharma-congress.com/,pharma-congress.com,REJECT,wrong_destination_or_weak_geo
PHARMA_MEDICAL_ECOSYSTEM,NATIVE,de,PHARMA_MEDICAL_ECOSYSTEM:native_lexicon:de,Munich Kongress 2026 OR 2027 Unterkunft,Novotel Muenchen City - Tagungshotel,https://muenchen-tagungshotel.com/deu/tagungshotel/muenchen/novotel-muenchen-city,muenchen-tagungshotel.com,REJECT,wrong_destination_or_weak_geo
PHARMA_MEDICAL_ECOSYSTEM,NATIVE,de,PHARMA_MEDICAL_ECOSYSTEM:native_lexicon:de,Munich Kongress 2026 OR 2027 Unterkunft,The Monarch Bad Gögging – Tagungslocation in München,https://fiylo.com/location/the-monarch-bad-goegging/tagung-kongress/,fiylo.com,SIGNAL_ONLY,no_clear_future_year
PHARMA_MEDICAL_ECOSYSTEM,NATIVE,de,PHARMA_MEDICAL_ECOSYSTEM:native_lexicon:de,Munich Kongress 2026 OR 2027 Unterkunft,Courtyard Munich Garching,https://www.holidaycheck.ch/hi/courtyard-munich-garching/683117b4-4728-433e-9095-574934d86aa4,holidaycheck.ch,SIGNAL_ONLY,no_clear_future_year
PHARMA_MEDICAL_ECOSYSTEM,NATIVE,de,PHARMA_MEDICAL_ECOSYSTEM:native_lexicon:de,Munich Kongress 2026 OR 2027 Unterkunft,FAQs zum Internationalen DTB Tenniskongress,https://www.tennis.de/lernen/internationaler-dtb-tenniskongress/faqs-zum-internationalen-dtb-tenniskongress.html,tennis.de,WATCH_ONLY_SIGNAL,bounded_serp_candidate_not_auto_campaign
PHARMA_MEDICAL_ECOSYSTEM,NATIVE,de,PHARMA_MEDICAL_ECOSYSTEM:native_lexicon:de,Munich Kongress 2026 OR 2027 Unterkunft,Best Venues in Munich 2026,https://feverup.com/en/muenchen/venue?srsltid=AU7gw4WJgzh-o6iJ4jwsLPA5zinZs0VForcbmHI5kkzGLgOq30dN4Vwi,feverup.com,SIGNAL_ONLY,thin_event_signal
PHARMA_MEDICAL_ECOSYSTEM,NATIVE,de,PHARMA_MEDICAL_ECOSYSTEM:native_lexicon:de,Munich Kongress 2026 OR 2027 Unterkunft,Messen und Events in München 2027,https://caluma.jobs/messen-events/2027/muenchen/?srsltid=AU7gw4X3Od1rVsAAtOrz9mcOhyxQfo5Yf3rkc-lluSjc7g2PZKNMoghb,caluma.jobs,WATCH_ONLY_SIGNAL,bounded_serp_candidate_not_auto_campaign
PHARMA_MEDICAL_ECOSYSTEM,NATIVE,de,PHARMA_MEDICAL_ECOSYSTEM:native_lexicon:de,Munich Kongress 2026 OR 2027 Unterkunft,Messen und Events in München 2026,https://caluma.jobs/messen-events/2026/muenchen/?srsltid=AU7gw4VGgeve0LkX09ZQvTNY3yhtPzzT0pNEWosOMhoe9cvsHvUR1eGY,caluma.jobs,WATCH_ONLY_SIGNAL,bounded_serp_candidate_not_auto_campaign
PHARMA_MEDICAL_ECOSYSTEM,NATIVE,de,PHARMA_MEDICAL_ECOSYSTEM:native_lexicon:de,Munich Kongress 2026 OR 2027 Unterkunft,Konferenz in München - dein Kongress | Eventbrite - Seite 2,https://amp.eventbrite.be/d/germany--m%C3%BCnchen/conferences/?page=2,amp.eventbrite.be,WATCH_ONLY_SIGNAL,bounded_serp_candidate_not_auto_campaign
PHARMA_MEDICAL_ECOSYSTEM,NATIVE,de,PHARMA_MEDICAL_ECOSYSTEM:native_lexicon:de,Munich Kongress 2026 OR 2027 Unterkunft,Messen in München ab September 2026,https://www.messen.de/de/215/in/de/bayern/muenchen/uebersicht?page=3,messen.de,WATCH_ONLY_SIGNAL,bounded_serp_candidate_not_auto_campaign
PHARMA_MEDICAL_ECOSYSTEM,ENGLISH_CONTROL,en,PHARMA_MEDICAL_ECOSYSTEM:en,Munich investigator meeting OR advisory board OR medical affairs OR medical congress sponsor 2026 OR 2027,Future:Trials 2026 - Bringing Innovation Back to Europe,https://www.bio-m.org/veranstaltungen/externe-veranstaltungen/veranstaltungsdetails/futuretrials-2026-bringing-innovation-back-to-europe,bio-m.org,SIGNAL_ONLY,thin_event_signal
PHARMA_MEDICAL_ECOSYSTEM,ENGLISH_CONTROL,en,PHARMA_MEDICAL_ECOSYSTEM:en,Munich investigator meeting OR advisory board OR medical affairs OR medical congress sponsor 2026 OR 2027,Events > All,https://www.life-sciences-germany.com/product/Life-Sciences-Germany-Events-Conferences-Meetings-List-Table-Dates-Analytica-Bio-Europe-DGMS-Medica-Biotechnica-Achema-1001-202-5-12-3-desc.html,life-sciences-germany.com,REJECT,wrong_destination_or_weak_geo
PHARMA_MEDICAL_ECOSYSTEM,ENGLISH_CONTROL,en,PHARMA_MEDICAL_ECOSYSTEM:en,Munich investigator meeting OR advisory board OR medical affairs OR medical congress sponsor 2026 OR 2027,Sponsors 2026,https://www.itoc-conference.eu/sponsors,itoc-conference.eu,WATCH_ONLY_SIGNAL,bounded_serp_candidate_not_auto_campaign
PHARMA_MEDICAL_ECOSYSTEM,ENGLISH_CONTROL,en,PHARMA_MEDICAL_ECOSYSTEM:en,Munich investigator meeting OR advisory board OR medical affairs OR medical congress sponsor 2026 OR 2027,REGULATORYAFFAIRS-2020|Pharmaceutical Regulatory ...,https://regulatoryaffairs.pharmaceuticalconferences.com/2020,regulatoryaffairs.pharmaceuticalconferences.com,REJECT,past_only
PHARMA_MEDICAL_ECOSYSTEM,ENGLISH_CONTROL,en,PHARMA_MEDICAL_ECOSYSTEM:en,Munich investigator meeting OR advisory board OR medical affairs OR medical congress sponsor 2026 OR 2027,Agenda and Topics 2025 Munich,https://future-trials.org/agenda-and-topics-2025-munich/,future-trials.org,SIGNAL_ONLY,no_clear_future_year
PHARMA_MEDICAL_ECOSYSTEM,ENGLISH_CONTROL,en,PHARMA_MEDICAL_ECOSYSTEM:en,Munich investigator meeting OR advisory board OR medical affairs OR medical congress sponsor 2026 OR 2027,Immunotherapy of Cancer Conference (ITOC),https://10times.com/itoc-neuried,10times.com,REJECT,wrong_destination_or_weak_geo
PHARMA_MEDICAL_ECOSYSTEM,ENGLISH_CONTROL,en,PHARMA_MEDICAL_ECOSYSTEM:en,Munich investigator meeting OR advisory board OR medical affairs OR medical congress sponsor 2026 OR 2027,Medicinal Chemistry Conferences in Germany 2026-2027 ...,https://internationalconferencealerts.com/medicinal-chemistry/germany,internationalconferencealerts.com,REJECT,wrong_destination_or_weak_geo
PHARMA_MEDICAL_ECOSYSTEM,ENGLISH_CONTROL,en,PHARMA_MEDICAL_ECOSYSTEM:en,Munich investigator meeting OR advisory board OR medical affairs OR medical congress sponsor 2026 OR 2027,Events > All,https://www.life-sciences-germany.com/product/Mass-Spectrometry-Events-Conferences-Meetings-Pittcon-Analytica-ASMS-HPLC-DGMS-Medica-Biotechnica-Achema-1001-53-5-1-1-asc.html,life-sciences-germany.com,WATCH_ONLY_SIGNAL,bounded_serp_candidate_not_auto_campaign
PHARMA_MEDICAL_ECOSYSTEM,ENGLISH_CONTROL,en,PHARMA_MEDICAL_ECOSYSTEM:en,Munich investigator meeting OR advisory board OR medical affairs OR medical congress sponsor 2026 OR 2027,Sponsoren - Post-ERA-Meeting in München,https://post-era.aey-congresse.de/sponsoren.html,post-era.aey-congresse.de,SIGNAL_ONLY,no_clear_future_year
PHARMA_MEDICAL_ECOSYSTEM,ENGLISH_CONTROL,en,PHARMA_MEDICAL_ECOSYSTEM:en,"Munich CRO ""investigator meeting"" OR ""advisory board"" hotel",Scientific Advisory Board,https://rianatx.com/2024/07/25/scientific-advisory-board-2/,rianatx.com,REJECT,past_only
PHARMA_MEDICAL_ECOSYSTEM,ENGLISH_CONTROL,en,PHARMA_MEDICAL_ECOSYSTEM:en,"Munich CRO ""investigator meeting"" OR ""advisory board"" hotel",Clinical trial timelines,https://www.bcdtravel.com/resources/case-study-investigator-meetings/,bcdtravel.com,REJECT,wrong_destination_or_weak_geo
PHARMA_MEDICAL_ECOSYSTEM,ENGLISH_CONTROL,en,PHARMA_MEDICAL_ECOSYSTEM:en,"Munich CRO ""investigator meeting"" OR ""advisory board"" hotel",EUCROF26 Programme Committee Archives,https://conference.eucrof.eu/team-category/eucrof26-programme-committee/,conference.eucrof.eu,REJECT,wrong_destination_or_weak_geo
PHARMA_MEDICAL_ECOSYSTEM,ENGLISH_CONTROL,en,PHARMA_MEDICAL_ECOSYSTEM:en,"Munich CRO ""investigator meeting"" OR ""advisory board"" hotel",🤝 Join in on the excitement as we unveil our incredible ...,https://www.instagram.com/p/DOvCbmlkjWr/,instagram.com,REJECT,wrong_destination_or_weak_geo
PHARMA_MEDICAL_ECOSYSTEM,ENGLISH_CONTROL,en,PHARMA_MEDICAL_ECOSYSTEM:en,"Munich CRO ""investigator meeting"" OR ""advisory board"" hotel",iOnctura Announces Appointment of Leading International ...,https://www.m-ventures.com/news/ionctura-announces-appointment-of-leading-international-scientific-advisory-board,m-ventures.com,REJECT,wrong_destination_or_weak_geo
PHARMA_MEDICAL_ECOSYSTEM,ENGLISH_CONTROL,en,PHARMA_MEDICAL_ECOSYSTEM:en,"Munich CRO ""investigator meeting"" OR ""advisory board"" hotel",AltruBio Announces Formation of Inflammatory Bowel ...,https://firstwordpharma.com/story/7110861,firstwordpharma.com,REJECT,wrong_destination_or_weak_geo
PHARMA_MEDICAL_ECOSYSTEM,ENGLISH_CONTROL,en,PHARMA_MEDICAL_ECOSYSTEM:en,"Munich CRO ""investigator meeting"" OR ""advisory board"" hotel",196+ Forum Munich: launch of the Hospitality Upgrade ...,https://www.journaldespalaces.com/pressrelease-75188-germany-calendar-196-forum-munich-launch-of-the-hospitality-upgrade-award-2025-spotlight-on-the-best-start-ups.html,journaldespalaces.com,SIGNAL_ONLY,no_clear_future_year
PHARMA_MEDICAL_ECOSYSTEM,ENGLISH_CONTROL,en,PHARMA_MEDICAL_ECOSYSTEM:en,"Munich CRO ""investigator meeting"" OR ""advisory board"" hotel",Munich Convention Bureau.,https://tp-hs.de/news/7869235,tp-hs.de,SIGNAL_ONLY,no_clear_future_year
PHARMA_MEDICAL_ECOSYSTEM,ENGLISH_CONTROL,en,PHARMA_MEDICAL_ECOSYSTEM:en,"Munich CRO ""investigator meeting"" OR ""advisory board"" hotel",Events,https://www.avancecro.com/events/,avancecro.com,REJECT,wrong_destination_or_weak_geo
PROJECT_WORKFORCE_DEMAND,NATIVE,de,PROJECT_WORKFORCE_DEMAND:native_lexicon:de,Munich Kongress 2026 OR 2027 Unterkunft,Novotel Muenchen City - Tagungshotel,https://muenchen-tagungshotel.com/deu/tagungshotel/muenchen/novotel-muenchen-city,muenchen-tagungshotel.com,REJECT,wrong_destination_or_weak_geo
PROJECT_WORKFORCE_DEMAND,NATIVE,de,PROJECT_WORKFORCE_DEMAND:native_lexicon:de,Munich Kongress 2026 OR 2027 Unterkunft,The Monarch Bad Gögging – Tagungslocation in München,https://fiylo.com/location/the-monarch-bad-goegging/tagung-kongress/,fiylo.com,SIGNAL_ONLY,no_clear_future_year
PROJECT_WORKFORCE_DEMAND,NATIVE,de,PROJECT_WORKFORCE_DEMAND:native_lexicon:de,Munich Kongress 2026 OR 2027 Unterkunft,Courtyard Munich Garching,https://www.holidaycheck.ch/hi/courtyard-munich-garching/683117b4-4728-433e-9095-574934d86aa4,holidaycheck.ch,SIGNAL_ONLY,no_clear_future_year
PROJECT_WORKFORCE_DEMAND,NATIVE,de,PROJECT_WORKFORCE_DEMAND:native_lexicon:de,Munich Kongress 2026 OR 2027 Unterkunft,FAQs zum Internationalen DTB Tenniskongress,https://www.tennis.de/lernen/internationaler-dtb-tenniskongress/faqs-zum-internationalen-dtb-tenniskongress.html,tennis.de,WATCH_ONLY_SIGNAL,bounded_serp_candidate_not_auto_campaign
PROJECT_WORKFORCE_DEMAND,NATIVE,de,PROJECT_WORKFORCE_DEMAND:native_lexicon:de,Munich Kongress 2026 OR 2027 Unterkunft,Best Venues in Munich 2026,https://feverup.com/en/muenchen/venue?srsltid=AU7gw4WJgzh-o6iJ4jwsLPA5zinZs0VForcbmHI5kkzGLgOq30dN4Vwi,feverup.com,SIGNAL_ONLY,thin_event_signal
PROJECT_WORKFORCE_DEMAND,NATIVE,de,PROJECT_WORKFORCE_DEMAND:native_lexicon:de,Munich Kongress 2026 OR 2027 Unterkunft,Messen und Events in München 2027,https://caluma.jobs/messen-events/2027/muenchen/?srsltid=AU7gw4X3Od1rVsAAtOrz9mcOhyxQfo5Yf3rkc-lluSjc7g2PZKNMoghb,caluma.jobs,WATCH_ONLY_SIGNAL,bounded_serp_candidate_not_auto_campaign
PROJECT_WORKFORCE_DEMAND,NATIVE,de,PROJECT_WORKFORCE_DEMAND:native_lexicon:de,Munich Kongress 2026 OR 2027 Unterkunft,Messen und Events in München 2026,https://caluma.jobs/messen-events/2026/muenchen/?srsltid=AU7gw4VGgeve0LkX09ZQvTNY3yhtPzzT0pNEWosOMhoe9cvsHvUR1eGY,caluma.jobs,WATCH_ONLY_SIGNAL,bounded_serp_candidate_not_auto_campaign
PROJECT_WORKFORCE_DEMAND,NATIVE,de,PROJECT_WORKFORCE_DEMAND:native_lexicon:de,Munich Kongress 2026 OR 2027 Unterkunft,Konferenz in München - dein Kongress | Eventbrite - Seite 2,https://amp.eventbrite.be/d/germany--m%C3%BCnchen/conferences/?page=2,amp.eventbrite.be,WATCH_ONLY_SIGNAL,bounded_serp_candidate_not_auto_campaign
PROJECT_WORKFORCE_DEMAND,NATIVE,de,PROJECT_WORKFORCE_DEMAND:native_lexicon:de,Munich Kongress 2026 OR 2027 Unterkunft,Messen in München ab September 2026,https://www.messen.de/de/215/in/de/bayern/muenchen/uebersicht?page=3,messen.de,WATCH_ONLY_SIGNAL,bounded_serp_candidate_not_auto_campaign
PROJECT_WORKFORCE_DEMAND,ENGLISH_CONTROL,en,PROJECT_WORKFORCE_DEMAND:en,"Munich temporary accommodation OR crew hotel OR project lodging OR construction OR ""data center"" OR airport project hotel",Temporary Living Munich | from 4 nights per month,https://www.myflexhome.de/en/temporary-living-munich-from-4-nights-per-month-myflexhome/,myflexhome.de,SIGNAL_ONLY,no_clear_future_year
PROJECT_WORKFORCE_DEMAND,ENGLISH_CONTROL,en,PROJECT_WORKFORCE_DEMAND:en,"Munich temporary accommodation OR crew hotel OR project lodging OR construction OR ""data center"" OR airport project hotel",Furnished apartments for workers in Munich,https://nordicapartrent.com/furnished-apartments-for-workers-in-munich/,nordicapartrent.com,SIGNAL_ONLY,no_clear_future_year
PROJECT_WORKFORCE_DEMAND,ENGLISH_CONTROL,en,PROJECT_WORKFORCE_DEMAND:en,"Munich temporary accommodation OR crew hotel OR project lodging OR construction OR ""data center"" OR airport project hotel",Housing during your studies: Guidance and support,https://www.tum.de/en/studies/during-your-studies/living-and-working/accommodations,tum.de,REJECT,wrong_destination_or_weak_geo
PROJECT_WORKFORCE_DEMAND,ENGLISH_CONTROL,en,PROJECT_WORKFORCE_DEMAND:en,"Munich temporary accommodation OR crew hotel OR project lodging OR construction OR ""data center"" OR airport project hotel",Short term rental in Munich | Temporary apartments Munich,https://www.mrlodge.com/short-term-rental-munich,mrlodge.com,SIGNAL_ONLY,no_clear_future_year
PROJECT_WORKFORCE_DEMAND,ENGLISH_CONTROL,en,PROJECT_WORKFORCE_DEMAND:en,"Munich temporary accommodation OR crew hotel OR project lodging OR construction OR ""data center"" OR airport project hotel",Can I get the Anmeldung in Munich while staying ...,https://www.quora.com/Can-I-get-the-Anmeldung-in-Munich-while-staying-in-temporary-hotel-accommodation,quora.com,SIGNAL_ONLY,no_clear_future_year
PROJECT_WORKFORCE_DEMAND,ENGLISH_CONTROL,en,PROJECT_WORKFORCE_DEMAND:en,"Munich temporary accommodation OR crew hotel OR project lodging OR construction OR ""data center"" OR airport project hotel",Mr. Lodge Positioning - Scrivo Communications PR Munich,https://scrivo.de/en/immobilien-wohnen/mr-lodge/,scrivo.de,SIGNAL_ONLY,no_clear_future_year
PROJECT_WORKFORCE_DEMAND,ENGLISH_CONTROL,en,PROJECT_WORKFORCE_DEMAND:en,"Munich temporary accommodation OR crew hotel OR project lodging OR construction OR ""data center"" OR airport project hotel","Hi Everyone, Need temporary accommodation for 10 days ...",https://www.facebook.com/groups/langnation.munich/posts/1815656525832636/,facebook.com,SIGNAL_ONLY,no_clear_future_year
PROJECT_WORKFORCE_DEMAND,ENGLISH_CONTROL,en,PROJECT_WORKFORCE_DEMAND:en,"Munich temporary accommodation OR crew hotel OR project lodging OR construction OR ""data center"" OR airport project hotel",SITE.INN Hotel | Book Cheap Workers' Accommodation,https://www.siteinn.de/en/,siteinn.de,REJECT,wrong_destination_or_weak_geo
PROJECT_WORKFORCE_DEMAND,ENGLISH_CONTROL,en,PROJECT_WORKFORCE_DEMAND:en,"Munich temporary accommodation OR crew hotel OR project lodging OR construction OR ""data center"" OR airport project hotel","Hotels near Microsoft Deutschland GmbH, Munich",https://www.agoda.com/en-nz/hotels-near-microsoft-deutschland-gmbh/attractions/munich-de.html,agoda.com,SIGNAL_ONLY,no_clear_future_year
PROJECT_WORKFORCE_DEMAND,ENGLISH_CONTROL,en,PROJECT_WORKFORCE_DEMAND:en,Munich contractor engineer temporary accommodation,Temporary accommodation in Munich from September 15 ...,https://www.facebook.com/groups/langnation.munich/posts/2114760692588883/,facebook.com,SIGNAL_ONLY,no_clear_future_year
PROJECT_WORKFORCE_DEMAND,ENGLISH_CONTROL,en,PROJECT_WORKFORCE_DEMAND:en,Munich contractor engineer temporary accommodation,Temporary flats and staff apartments : r/Munich,https://www.reddit.com/r/Munich/comments/iayck7/temporary_flats_and_staff_apartments/,reddit.com,SIGNAL_ONLY,no_clear_future_year
PROJECT_WORKFORCE_DEMAND,ENGLISH_CONTROL,en,PROJECT_WORKFORCE_DEMAND:en,Munich contractor engineer temporary accommodation,Temporary studio apartment in Munich for 6 months,https://www.facebook.com/groups/351438981726570/posts/3016490378554737/,facebook.com,REJECT,past_only
PROJECT_WORKFORCE_DEMAND,ENGLISH_CONTROL,en,PROJECT_WORKFORCE_DEMAND:en,Munich contractor engineer temporary accommodation,Affordable worker rooms Munich Rental,https://www.zimmmer.de/en/worker-rooms-munich,zimmmer.de,SIGNAL_ONLY,no_clear_future_year
PROJECT_WORKFORCE_DEMAND,ENGLISH_CONTROL,en,PROJECT_WORKFORCE_DEMAND:en,Munich contractor engineer temporary accommodation,With Accommodation Jobs in München,https://de.indeed.com/q-with-accommodation-l-m%C3%BCnchen-jobs.html,de.indeed.com,SIGNAL_ONLY,no_clear_future_year
PROJECT_WORKFORCE_DEMAND,ENGLISH_CONTROL,en,PROJECT_WORKFORCE_DEMAND:en,Munich contractor engineer temporary accommodation,Hello! I´m an engineer living in Munich and will be out of,https://www.facebook.com/groups/1518756765058037/posts/4186538921613128/,facebook.com,SIGNAL_ONLY,no_clear_future_year
PROJECT_WORKFORCE_DEMAND,ENGLISH_CONTROL,en,PROJECT_WORKFORCE_DEMAND:en,Munich contractor engineer temporary accommodation,4 alternatives for temporary living in Munich,https://blog.myflexhome.de/en/4-alternatives-for-temporary-living-in-munich/,blog.myflexhome.de,SIGNAL_ONLY,no_clear_future_year
PROJECT_WORKFORCE_DEMAND,ENGLISH_CONTROL,en,PROJECT_WORKFORCE_DEMAND:en,Munich contractor engineer temporary accommodation,72 accommodation offers in Munich (County),https://www.monteurzimmer.de/en/district/munich/3220838,monteurzimmer.de,SIGNAL_ONLY,no_clear_future_year
PROJECT_WORKFORCE_DEMAND,ENGLISH_CONTROL,en,PROJECT_WORKFORCE_DEMAND:en,Munich contractor engineer temporary accommodation,Project Accommodations & Worker Rooms in Munich,https://www.wohnwerk24.com/en/monteurzimmer/muenchen,wohnwerk24.com,SIGNAL_ONLY,no_clear_future_year
SPORTS_ENTERTAINMENT_PRODUCTION,NATIVE,de,SPORTS_ENTERTAINMENT_PRODUCTION:de,Munich Mannschaftshotel OR Sport OR Produktionsteam OR Veranstaltungsteam OR tournament OR production crew hotel block,"Sportnachrichten: News, Ergebnisse, Liveticker, Tabellen ...",https://www.sport.de/,sport.de,REJECT,wrong_destination_or_weak_geo
SPORTS_ENTERTAINMENT_PRODUCTION,NATIVE,de,SPORTS_ENTERTAINMENT_PRODUCTION:de,Munich Mannschaftshotel OR Sport OR Produktionsteam OR Veranstaltungsteam OR tournament OR production crew hotel block,Sport,https://de.wikipedia.org/wiki/Sport,de.wikipedia.org,REJECT,wrong_destination_or_weak_geo
SPORTS_ENTERTAINMENT_PRODUCTION,NATIVE,de,SPORTS_ENTERTAINMENT_PRODUCTION:de,Munich Mannschaftshotel OR Sport OR Produktionsteam OR Veranstaltungsteam OR tournament OR production crew hotel block,SPORT BILD | Sport-Nachrichten | Live Sportergebnisse ...,https://sportbild.bild.de/,sportbild.bild.de,REJECT,wrong_destination_or_weak_geo
SPORTS_ENTERTAINMENT_PRODUCTION,NATIVE,de,SPORTS_ENTERTAINMENT_PRODUCTION:de,Munich Mannschaftshotel OR Sport OR Produktionsteam OR Veranstaltungsteam OR tournament OR production crew hotel block,Sport - Erasmus+,https://www.erasmusplus.de/erasmus/sport,erasmusplus.de,REJECT,wrong_destination_or_weak_geo
SPORTS_ENTERTAINMENT_PRODUCTION,NATIVE,de,SPORTS_ENTERTAINMENT_PRODUCTION:de,Munich Mannschaftshotel OR Sport OR Produktionsteam OR Veranstaltungsteam OR tournament OR production crew hotel block,DBS | Sportentwicklung | Sport-Index für Inklusion,https://www.dbs-npc.de/sport-index-fuer-inklusion.html,dbs-npc.de,REJECT,wrong_destination_or_weak_geo
SPORTS_ENTERTAINMENT_PRODUCTION,NATIVE,de,SPORTS_ENTERTAINMENT_PRODUCTION:de,Munich Mannschaftshotel OR Sport OR Produktionsteam OR Veranstaltungsteam OR tournament OR production crew hotel block,Das habe ich beim Sport gelernt,https://www.lsb.nrw/unsere-themen/das-habe-ich-beim-sport-gelernt,lsb.nrw,REJECT,wrong_destination_or_weak_geo
SPORTS_ENTERTAINMENT_PRODUCTION,NATIVE,de,SPORTS_ENTERTAINMENT_PRODUCTION:de,Munich Mannschaftshotel OR Sport OR Produktionsteam OR Veranstaltungsteam OR tournament OR production crew hotel block,"Sportschau - Sport-News, Live-Ticker, Videos, Ergebnisse und ...",https://www.sportschau.de/,sportschau.de,REJECT,wrong_destination_or_weak_geo
SPORTS_ENTERTAINMENT_PRODUCTION,NATIVE,de,SPORTS_ENTERTAINMENT_PRODUCTION:de,Munich Mannschaftshotel OR Sport OR Produktionsteam OR Veranstaltungsteam OR tournament OR production crew hotel block,"SPORT1 - Aktuelle Sportnachrichten, News, Liveticker ...",https://www.sport1.de/,sport1.de,REJECT,wrong_destination_or_weak_geo
SPORTS_ENTERTAINMENT_PRODUCTION,NATIVE,de,SPORTS_ENTERTAINMENT_PRODUCTION:de,Munich Mannschaftshotel OR Sport OR Produktionsteam OR Veranstaltungsteam OR tournament OR production crew hotel block,ZFF – Zurich Film Festival,https://zff.com/de,zff.com,REJECT,wrong_destination_or_weak_geo
SPORTS_ENTERTAINMENT_PRODUCTION,NATIVE,de,SPORTS_ENTERTAINMENT_PRODUCTION:native_lexicon:de,Munich Kongress 2026 OR 2027 Unterkunft,Novotel Muenchen City - Tagungshotel,https://muenchen-tagungshotel.com/deu/tagungshotel/muenchen/novotel-muenchen-city,muenchen-tagungshotel.com,REJECT,wrong_destination_or_weak_geo
SPORTS_ENTERTAINMENT_PRODUCTION,NATIVE,de,SPORTS_ENTERTAINMENT_PRODUCTION:native_lexicon:de,Munich Kongress 2026 OR 2027 Unterkunft,The Monarch Bad Gögging – Tagungslocation in München,https://fiylo.com/location/the-monarch-bad-goegging/tagung-kongress/,fiylo.com,SIGNAL_ONLY,no_clear_future_year
SPORTS_ENTERTAINMENT_PRODUCTION,NATIVE,de,SPORTS_ENTERTAINMENT_PRODUCTION:native_lexicon:de,Munich Kongress 2026 OR 2027 Unterkunft,Courtyard Munich Garching,https://www.holidaycheck.ch/hi/courtyard-munich-garching/683117b4-4728-433e-9095-574934d86aa4,holidaycheck.ch,SIGNAL_ONLY,no_clear_future_year
SPORTS_ENTERTAINMENT_PRODUCTION,NATIVE,de,SPORTS_ENTERTAINMENT_PRODUCTION:native_lexicon:de,Munich Kongress 2026 OR 2027 Unterkunft,FAQs zum Internationalen DTB Tenniskongress,https://www.tennis.de/lernen/internationaler-dtb-tenniskongress/faqs-zum-internationalen-dtb-tenniskongress.html,tennis.de,WATCH_ONLY_SIGNAL,bounded_serp_candidate_not_auto_campaign
SPORTS_ENTERTAINMENT_PRODUCTION,NATIVE,de,SPORTS_ENTERTAINMENT_PRODUCTION:native_lexicon:de,Munich Kongress 2026 OR 2027 Unterkunft,Best Venues in Munich 2026,https://feverup.com/en/muenchen/venue?srsltid=AU7gw4WJgzh-o6iJ4jwsLPA5zinZs0VForcbmHI5kkzGLgOq30dN4Vwi,feverup.com,SIGNAL_ONLY,thin_event_signal
SPORTS_ENTERTAINMENT_PRODUCTION,NATIVE,de,SPORTS_ENTERTAINMENT_PRODUCTION:native_lexicon:de,Munich Kongress 2026 OR 2027 Unterkunft,Messen und Events in München 2027,https://caluma.jobs/messen-events/2027/muenchen/?srsltid=AU7gw4X3Od1rVsAAtOrz9mcOhyxQfo5Yf3rkc-lluSjc7g2PZKNMoghb,caluma.jobs,WATCH_ONLY_SIGNAL,bounded_serp_candidate_not_auto_campaign
SPORTS_ENTERTAINMENT_PRODUCTION,NATIVE,de,SPORTS_ENTERTAINMENT_PRODUCTION:native_lexicon:de,Munich Kongress 2026 OR 2027 Unterkunft,Messen und Events in München 2026,https://caluma.jobs/messen-events/2026/muenchen/?srsltid=AU7gw4VGgeve0LkX09ZQvTNY3yhtPzzT0pNEWosOMhoe9cvsHvUR1eGY,caluma.jobs,WATCH_ONLY_SIGNAL,bounded_serp_candidate_not_auto_campaign
SPORTS_ENTERTAINMENT_PRODUCTION,NATIVE,de,SPORTS_ENTERTAINMENT_PRODUCTION:native_lexicon:de,Munich Kongress 2026 OR 2027 Unterkunft,Konferenz in München - dein Kongress | Eventbrite - Seite 2,https://amp.eventbrite.be/d/germany--m%C3%BCnchen/conferences/?page=2,amp.eventbrite.be,WATCH_ONLY_SIGNAL,bounded_serp_candidate_not_auto_campaign
SPORTS_ENTERTAINMENT_PRODUCTION,NATIVE,de,SPORTS_ENTERTAINMENT_PRODUCTION:native_lexicon:de,Munich Kongress 2026 OR 2027 Unterkunft,Messen in München ab September 2026,https://www.messen.de/de/215/in/de/bayern/muenchen/uebersicht?page=3,messen.de,WATCH_ONLY_SIGNAL,bounded_serp_candidate_not_auto_campaign
SPORTS_ENTERTAINMENT_PRODUCTION,ENGLISH_CONTROL,en,SPORTS_ENTERTAINMENT_PRODUCTION:en,Munich team hotel OR production crew OR tournament housing OR tournament OR production crew hotel block,Special Events: Infinity Munich - Hotel & Conference Resort ...,https://events.infinity-munich.de/en/facilities/ballhausforum/special-events/,events.infinity-munich.de,SIGNAL_ONLY,no_clear_future_year
SPORTS_ENTERTAINMENT_PRODUCTION,ENGLISH_CONTROL,en,SPORTS_ENTERTAINMENT_PRODUCTION:en,Munich team hotel OR production crew OR tournament housing OR tournament OR production crew hotel block,Infinity Hotel and Resort Munich: The Hotel of the French ...,https://magazine.luxus-plus.com/en/infinity-hotel-and-resort-munich-the-hotel-of-the-french-football-team/,magazine.luxus-plus.com,SIGNAL_ONLY,no_clear_future_year
SPORTS_ENTERTAINMENT_PRODUCTION,ENGLISH_CONTROL,en,SPORTS_ENTERTAINMENT_PRODUCTION:en,Munich team hotel OR production crew OR tournament housing OR tournament OR production crew hotel block,INFINITY Hotel & Conference Resort Munich,https://www.hotelcareer.com/jobs/infinity-hotel-conference-resort-munich-15143,hotelcareer.com,WATCH_ONLY_SIGNAL,bounded_serp_candidate_not_auto_campaign
SPORTS_ENTERTAINMENT_PRODUCTION,ENGLISH_CONTROL,en,SPORTS_ENTERTAINMENT_PRODUCTION:en,Munich team hotel OR production crew OR tournament housing OR tournament OR production crew hotel block,INFINITY Hotel & Conference Resort Munich,https://www.cvent.com/venues/munich/hotel/infinity-hotel-conference-resort-munich/venue-6de63865-3091-44eb-bf14-7d9eb386b985,cvent.com,SIGNAL_ONLY,no_clear_future_year
SPORTS_ENTERTAINMENT_PRODUCTION,ENGLISH_CONTROL,en,SPORTS_ENTERTAINMENT_PRODUCTION:en,Munich team hotel OR production crew OR tournament housing OR tournament OR production crew hotel block,INFINITY Hotel & Conference Resort Munich,https://de.linkedin.com/company/infinity-hotel-conference-resort-munich,de.linkedin.com,SIGNAL_ONLY,no_clear_future_year
SPORTS_ENTERTAINMENT_PRODUCTION,ENGLISH_CONTROL,en,SPORTS_ENTERTAINMENT_PRODUCTION:en,Munich team hotel OR production crew OR tournament housing OR tournament OR production crew hotel block,Group accommodation Munich,https://www.meininger-hotels.com/en/groups/munich/,meininger-hotels.com,SIGNAL_ONLY,no_clear_future_year
SPORTS_ENTERTAINMENT_PRODUCTION,ENGLISH_CONTROL,en,SPORTS_ENTERTAINMENT_PRODUCTION:en,Munich team hotel OR production crew OR tournament housing OR tournament OR production crew hotel block,Meet Our Dedicated Teams at Olymp Munich,https://olympmunich.com/en/our-teams/,olympmunich.com,SIGNAL_ONLY,no_clear_future_year
SPORTS_ENTERTAINMENT_PRODUCTION,ENGLISH_CONTROL,en,SPORTS_ENTERTAINMENT_PRODUCTION:en,Munich team hotel OR production crew OR tournament housing OR tournament OR production crew hotel block,Crew Call Munich,https://events.filmfest-muenchen.de/en/event/crew-call-munich-1596,events.filmfest-muenchen.de,SIGNAL_ONLY,no_clear_future_year
SPORTS_ENTERTAINMENT_PRODUCTION,ENGLISH_CONTROL,en,SPORTS_ENTERTAINMENT_PRODUCTION:en,Munich team hotel OR production crew OR tournament housing OR tournament OR production crew hotel block,INFINITY Hotel & Conference Resort Munich,https://www.gcb.de/en/why-germany/gcb-partners/the-gcb-network/infinity-hotel-conference-resort-munich/,gcb.de,SIGNAL_ONLY,no_clear_future_year
SPORTS_ENTERTAINMENT_PRODUCTION,ENGLISH_CONTROL,en,SPORTS_ENTERTAINMENT_PRODUCTION:en,Munich federation team housing OR broadcast crew hotel,Munich Accommodation for Business Travelers,https://www.facebook.com/fb-answers/munich-accommodation-for-business-travelers/?locale=he_IL,facebook.com,SIGNAL_ONLY,no_clear_future_year
SPORTS_ENTERTAINMENT_PRODUCTION,ENGLISH_CONTROL,en,SPORTS_ENTERTAINMENT_PRODUCTION:en,Munich federation team housing OR broadcast crew hotel,Monteurunterkunft in München Monteurzimmer für Unternehmen,https://www.skyscanner.qa/hotels/germany/munich-hotels/monteurunterkunft-in-munchen-monteurzimmer-fur-unternehmen/ht-227697808,skyscanner.qa,SIGNAL_ONLY,no_clear_future_year
SPORTS_ENTERTAINMENT_PRODUCTION,ENGLISH_CONTROL,en,SPORTS_ENTERTAINMENT_PRODUCTION:en,Munich federation team housing OR broadcast crew hotel,Munich Trade Fair Accommodation Guide,https://www.facebook.com/fb-answers/munich-trade-fair-accommodation/?locale=de_DE,facebook.com,SIGNAL_ONLY,no_clear_future_year
SPORTS_ENTERTAINMENT_PRODUCTION,ENGLISH_CONTROL,en,SPORTS_ENTERTAINMENT_PRODUCTION:en,Munich federation team housing OR broadcast crew hotel,"Hostels in Munich from CDF52,043 | Compare Deals in 2026",https://cd.wego.com/en/hotels/germany/munich/hostels,cd.wego.com,SIGNAL_ONLY,thin_event_signal
SPORTS_ENTERTAINMENT_PRODUCTION,ENGLISH_CONTROL,en,SPORTS_ENTERTAINMENT_PRODUCTION:en,Munich federation team housing OR broadcast crew hotel,"Smart Stay Hostel Munich City , Hostel in Munich",https://www.hostelsclub.com/en/hostel/smart-stay-hostel-munich-city,hostelsclub.com,SIGNAL_ONLY,no_clear_future_year
SPORTS_ENTERTAINMENT_PRODUCTION,ENGLISH_CONTROL,en,SPORTS_ENTERTAINMENT_PRODUCTION:en,Munich federation team housing OR broadcast crew hotel,2-Rent Group Hostel Rooms&Apartments EVE168,https://www.almosafer.com/en/hotel/details/atg/2-rent-group-hostel-roomsapartments-eve168-3986064?lang=en,almosafer.com,REJECT,wrong_destination_or_weak_geo
SPORTS_ENTERTAINMENT_PRODUCTION,ENGLISH_CONTROL,en,SPORTS_ENTERTAINMENT_PRODUCTION:en,Munich federation team housing OR broadcast crew hotel,Munich Accommodation for Business Travelers,https://www.facebook.com/fb-answers/munich-accommodation-for-business-travelers/?locale=gn_PY,facebook.com,SIGNAL_ONLY,no_clear_future_year
SPORTS_ENTERTAINMENT_PRODUCTION,ENGLISH_CONTROL,en,SPORTS_ENTERTAINMENT_PRODUCTION:en,Munich federation team housing OR broadcast crew hotel,"Hotel New Fair Munich Messe Munich, Germany",https://www.flyin.com/property/germany/munich/hotel-new-fair-munich-messe.en.html,flyin.com,SIGNAL_ONLY,no_clear_future_year
SPORTS_ENTERTAINMENT_PRODUCTION,ENGLISH_CONTROL,en,SPORTS_ENTERTAINMENT_PRODUCTION:en,Munich federation team housing OR broadcast crew hotel,161 accommodation offers in Munich,https://www.monteurzimmer.at/en/accommodation/munich/6559171,monteurzimmer.at,SIGNAL_ONLY,no_clear_future_year
HOTEL_HISTORY_LOOKALIKE,NATIVE,de,HOTEL_HISTORY_LOOKALIKE:native_lexicon:de,Munich Kongress 2026 OR 2027 Unterkunft,Novotel Muenchen City - Tagungshotel,https://muenchen-tagungshotel.com/deu/tagungshotel/muenchen/novotel-muenchen-city,muenchen-tagungshotel.com,REJECT,wrong_destination_or_weak_geo
HOTEL_HISTORY_LOOKALIKE,NATIVE,de,HOTEL_HISTORY_LOOKALIKE:native_lexicon:de,Munich Kongress 2026 OR 2027 Unterkunft,The Monarch Bad Gögging – Tagungslocation in München,https://fiylo.com/location/the-monarch-bad-goegging/tagung-kongress/,fiylo.com,SIGNAL_ONLY,no_clear_future_year
HOTEL_HISTORY_LOOKALIKE,NATIVE,de,HOTEL_HISTORY_LOOKALIKE:native_lexicon:de,Munich Kongress 2026 OR 2027 Unterkunft,Courtyard Munich Garching,https://www.holidaycheck.ch/hi/courtyard-munich-garching/683117b4-4728-433e-9095-574934d86aa4,holidaycheck.ch,SIGNAL_ONLY,no_clear_future_year
HOTEL_HISTORY_LOOKALIKE,NATIVE,de,HOTEL_HISTORY_LOOKALIKE:native_lexicon:de,Munich Kongress 2026 OR 2027 Unterkunft,FAQs zum Internationalen DTB Tenniskongress,https://www.tennis.de/lernen/internationaler-dtb-tenniskongress/faqs-zum-internationalen-dtb-tenniskongress.html,tennis.de,WATCH_ONLY_SIGNAL,bounded_serp_candidate_not_auto_campaign
HOTEL_HISTORY_LOOKALIKE,NATIVE,de,HOTEL_HISTORY_LOOKALIKE:native_lexicon:de,Munich Kongress 2026 OR 2027 Unterkunft,Best Venues in Munich 2026,https://feverup.com/en/muenchen/venue?srsltid=AU7gw4WJgzh-o6iJ4jwsLPA5zinZs0VForcbmHI5kkzGLgOq30dN4Vwi,feverup.com,SIGNAL_ONLY,thin_event_signal
HOTEL_HISTORY_LOOKALIKE,NATIVE,de,HOTEL_HISTORY_LOOKALIKE:native_lexicon:de,Munich Kongress 2026 OR 2027 Unterkunft,Messen und Events in München 2027,https://caluma.jobs/messen-events/2027/muenchen/?srsltid=AU7gw4X3Od1rVsAAtOrz9mcOhyxQfo5Yf3rkc-lluSjc7g2PZKNMoghb,caluma.jobs,WATCH_ONLY_SIGNAL,bounded_serp_candidate_not_auto_campaign
HOTEL_HISTORY_LOOKALIKE,NATIVE,de,HOTEL_HISTORY_LOOKALIKE:native_lexicon:de,Munich Kongress 2026 OR 2027 Unterkunft,Messen und Events in München 2026,https://caluma.jobs/messen-events/2026/muenchen/?srsltid=AU7gw4VGgeve0LkX09ZQvTNY3yhtPzzT0pNEWosOMhoe9cvsHvUR1eGY,caluma.jobs,WATCH_ONLY_SIGNAL,bounded_serp_candidate_not_auto_campaign
HOTEL_HISTORY_LOOKALIKE,NATIVE,de,HOTEL_HISTORY_LOOKALIKE:native_lexicon:de,Munich Kongress 2026 OR 2027 Unterkunft,Konferenz in München - dein Kongress | Eventbrite - Seite 2,https://amp.eventbrite.be/d/germany--m%C3%BCnchen/conferences/?page=2,amp.eventbrite.be,WATCH_ONLY_SIGNAL,bounded_serp_candidate_not_auto_campaign
HOTEL_HISTORY_LOOKALIKE,NATIVE,de,HOTEL_HISTORY_LOOKALIKE:native_lexicon:de,Munich Kongress 2026 OR 2027 Unterkunft,Messen in München ab September 2026,https://www.messen.de/de/215/in/de/bayern/muenchen/uebersicht?page=3,messen.de,WATCH_ONLY_SIGNAL,bounded_serp_candidate_not_auto_campaign
HOTEL_HISTORY_LOOKALIKE,ENGLISH_CONTROL,en,HOTEL_HISTORY_LOOKALIKE:en,"Munich group hotel ""room block"" training OR incentive OR kickoff",When does the host hotel open for reservations?,https://www.facebook.com/groups/857560119307227/posts/954266302969941/,facebook.com,REJECT,wrong_destination_or_weak_geo
HOTEL_HISTORY_LOOKALIKE,ENGLISH_CONTROL,en,HOTEL_HISTORY_LOOKALIKE:en,"Munich group hotel ""room block"" training OR incentive OR kickoff",Standardization is Dead in Hospitality CRM – Long Live ...,https://knowledge.thynk.cloud/articles/hospitality%20crm/standardization-is-dead-in-hospitality-crm-long-live-individualization/,knowledge.thynk.cloud,REJECT,wrong_destination_or_weak_geo
HOTEL_HISTORY_LOOKALIKE,ENGLISH_CONTROL,en,HOTEL_HISTORY_LOOKALIKE:en,"Munich group hotel ""room block"" training OR incentive OR kickoff",Conference Pricing Tier: Last chance to save. Prices increase ...,https://www.instagram.com/p/DZDnSOlDshP/,instagram.com,REJECT,wrong_destination_or_weak_geo
HOTEL_HISTORY_LOOKALIKE,ENGLISH_CONTROL,en,HOTEL_HISTORY_LOOKALIKE:en,"Munich group hotel ""room block"" training OR incentive OR kickoff",Hybrid event - SEMI.org,https://www.semi.org/en/expositions-events/hybrid-event-mockup,semi.org,REJECT,wrong_destination_or_weak_geo
HOTEL_HISTORY_LOOKALIKE,ENGLISH_CONTROL,en,HOTEL_HISTORY_LOOKALIKE:en,"Munich group hotel ""room block"" training OR incentive OR kickoff",The Most Powerful Global Hotel Program,https://abcglobalservices.com/wp-content/uploads/2017/02/2021-Premier-Global-Hotel-Program-Overview_Lower-Version-1.pdf,abcglobalservices.com,REJECT,past_only
HOTEL_HISTORY_LOOKALIKE,ENGLISH_CONTROL,en,HOTEL_HISTORY_LOOKALIKE:en,"Munich group hotel ""room block"" training OR incentive OR kickoff",Register by 31 August & Save up to ¤325!,https://www.pegsummiteurope.com/uploadedFiles/PEGS_Europe/PGE_brochure.pdf,pegsummiteurope.com,REJECT,wrong_destination_or_weak_geo
HOTEL_HISTORY_LOOKALIKE,ENGLISH_CONTROL,en,HOTEL_HISTORY_LOOKALIKE:en,"Munich group hotel ""room block"" training OR incentive OR kickoff","ERA Quick Connections – October 2022, Vol. 2",https://era.org/era-quick-connections-october-2022-vol-2/,era.org,REJECT,past_only
HOTEL_HISTORY_LOOKALIKE,ENGLISH_CONTROL,en,HOTEL_HISTORY_LOOKALIKE:en,"Munich group hotel ""room block"" training OR incentive OR kickoff",4 Teaching sales and negotiations,https://www.elgaronline.com/display/edcoll/9781784714796/9781784714796.00011.pdf,elgaronline.com,REJECT,wrong_destination_or_weak_geo
HOTEL_HISTORY_LOOKALIKE,ENGLISH_CONTROL,en,HOTEL_HISTORY_LOOKALIKE:en,"Munich group hotel ""room block"" training OR incentive OR kickoff",[ECSG-802-OMNIRAN] FW: [802SEC] Last Chance for Early ...,https://ieee802.org/OmniRANsg/email/msg00006.html,ieee802.org,REJECT,wrong_destination_or_weak_geo
HOTEL_HISTORY_LOOKALIKE,ENGLISH_CONTROL,en,HOTEL_HISTORY_LOOKALIKE:english_control,Munich conference OR congress 2026 OR 2027 official hotel OR room block,LOUIS Hotel am Viktualienmarkt – LOUIS Hotel,https://www.louis-hotel.com/,louis-hotel.com,SIGNAL_ONLY,no_clear_future_year
HOTEL_HISTORY_LOOKALIKE,ENGLISH_CONTROL,en,HOTEL_HISTORY_LOOKALIKE:english_control,Munich conference OR congress 2026 OR 2027 official hotel OR room block,Save data in a local database using Room,https://developer.android.com/training/data-storage/room,developer.android.com,REJECT,wrong_destination_or_weak_geo
HOTEL_HISTORY_LOOKALIKE,ENGLISH_CONTROL,en,HOTEL_HISTORY_LOOKALIKE:english_control,Munich conference OR congress 2026 OR 2027 official hotel OR room block,Estrel Berlin: Welcome,https://www.estrel.com/en/,estrel.com,REJECT,wrong_destination_or_weak_geo
HOTEL_HISTORY_LOOKALIKE,ENGLISH_CONTROL,en,HOTEL_HISTORY_LOOKALIKE:english_control,Munich conference OR congress 2026 OR 2027 official hotel OR room block,"Wilmina Hotel - a hidden retreat, offering highest comfort.",https://wilmina.com/,wilmina.com,REJECT,wrong_destination_or_weak_geo
HOTEL_HISTORY_LOOKALIKE,ENGLISH_CONTROL,en,HOTEL_HISTORY_LOOKALIKE:english_control,Munich conference OR congress 2026 OR 2027 official hotel OR room block,Pitbull - Hotel Room Service (Official Video),https://www.youtube.com/watch?v=2up_Eq6r6Ko,youtube.com,REJECT,wrong_destination_or_weak_geo
HOTEL_HISTORY_LOOKALIKE,ENGLISH_CONTROL,en,HOTEL_HISTORY_LOOKALIKE:english_control,Munich conference OR congress 2026 OR 2027 official hotel OR room block,Empire Riverside Hotel | Offizielle Website | Bestpreisgarantie,https://www.empire-riverside.de/,empire-riverside.de,REJECT,wrong_destination_or_weak_geo
HOTEL_HISTORY_LOOKALIKE,ENGLISH_CONTROL,en,HOTEL_HISTORY_LOOKALIKE:english_control,Munich conference OR congress 2026 OR 2027 official hotel OR room block,"Hotel Aquino in Berlin - Centrally located in Mitte, yet quiet",https://www.hotel-aquino.de/en/,hotel-aquino.de,REJECT,wrong_destination_or_weak_geo
HOTEL_HISTORY_LOOKALIKE,ENGLISH_CONTROL,en,HOTEL_HISTORY_LOOKALIKE:english_control,Munich conference OR congress 2026 OR 2027 official hotel OR room block,The Best Hotels in the World: 2026 Readers' Choice Awards,https://www.cntraveler.com/gallery/best-hotels-in-the-world,cntraveler.com,REJECT,wrong_destination_or_weak_geo
HOTEL_HISTORY_LOOKALIKE,ENGLISH_CONTROL,en,HOTEL_HISTORY_LOOKALIKE:english_control,Munich conference OR congress 2026 OR 2027 official hotel OR room block,ATLANTIC Hotel Münster,https://www.atlantic-hotels.de/hotel-muenster/,atlantic-hotels.de,REJECT,wrong_destination_or_weak_geo
