id,hotelKey,title,organization,artifact,signalType,quality,strongCount,presentOrStrongCount,missingPillars,pillarA,pillarB,pillarC,pillarD,pillarE,pillarF,source,competitorHotel,demandEngine
jar_YOTEL_1_sig_YOTEL_aHR0cHM6Ly9ybS5j,YOTEL,Carnet de bord révisé - https: //rm. coe. int,Carnet de bord révisé,DEMAND_ENGINE_UNIVERSE,DEMAND_SIGNAL,SIGNAL_ONLY,1,2,B_DEFINED_GROUP_MOTION|C_BUYER_ORGANIZER_PATH|D_FUTURE_DECISION_POINT|E_HOTEL_LODGING_EVIDENCE,STRONG,MISSING,WEAK,MISSING,MISSING,PRESENT,https://rm.coe.int/commission-des-questions-sociales-de-la-sante-et-du-developpement-dura/48802dabe5,,ASSOCIATION_NGO
jar_YOTEL_2_sig_YOTEL_aHR0cHM6Ly9wcm8u,YOTEL,11ᵉ Congrès « Journée d'automne » de l'AGAM,11ᵉ Congrès « Journée d'automne » de l'AGAM,DEMAND_ENGINE_UNIVERSE,DEMAND_SIGNAL,PARTIAL_PACKET,1,3,C_BUYER_ORGANIZER_PATH|D_FUTURE_DECISION_POINT|E_HOTEL_LODGING_EVIDENCE,STRONG,PRESENT,WEAK,MISSING,MISSING,PRESENT,https://pro.reseau-delta.ch/article/349/11-congres-journee-d-automne-de-l-agam,,ASSOCIATION_NGO
jar_YOTEL_3_sig_YOTEL_aHR0cHM6Ly9qb3Vy,YOTEL,Séances à venir,Séances à venir,DEMAND_ENGINE_UNIVERSE,DEMAND_SIGNAL,PARTIAL_PACKET,1,3,B_DEFINED_GROUP_MOTION|C_BUYER_ORGANIZER_PATH|E_HOTEL_LODGING_EVIDENCE,STRONG,MISSING,WEAK,PRESENT,MISSING,PRESENT,https://journal.un.org/fr/forthcoming/2026-09-12,,ASSOCIATION_NGO
jar_YOTEL_4_sig_YOTEL_aHR0cHM6Ly93d3cu,YOTEL,Congrès & Conférences du 30.06.2027 dans les régions ...,Congrès & Conférences du 30.06.2027 dans les régions ...,DEMAND_ENGINE_UNIVERSE,DEMAND_SIGNAL,PARTIAL_PACKET,1,4,C_BUYER_ORGANIZER_PATH|E_HOTEL_LODGING_EVIDENCE,STRONG,PRESENT,WEAK,PRESENT,MISSING,PRESENT,https://www.tempslibre.ch/jura/manifestations-congres-conference/30.06.2027,,ASSOCIATION_NGO
jar_YOTEL_5_sig_YOTEL_aHR0cHM6Ly9zZXYt,YOTEL,"Bruno Ryf, assistant-clientèle gare et militant infatigable : SEV ...","Bruno Ryf, assistant",DEMAND_ENGINE_UNIVERSE,DEMAND_SIGNAL,SIGNAL_ONLY,1,2,B_DEFINED_GROUP_MOTION|C_BUYER_ORGANIZER_PATH|D_FUTURE_DECISION_POINT|E_HOTEL_LODGING_EVIDENCE,STRONG,MISSING,WEAK,MISSING,MISSING,PRESENT,https://sev-online.ch/fr/aktuell/kontakt.sev/2023/bruno-ryf-assistant-clientle-gare-et-militant-infatigable-202302-225719/,,ASSOCIATION_NGO
jar_YOTEL_6_sig_YOTEL_aHR0cHM6Ly93d3cu,YOTEL,"Après des échanges « très tendus », les négociations ...","Après des échanges « très tendus », les négociations ...",DEMAND_ENGINE_UNIVERSE,DEMAND_SIGNAL,PARTIAL_PACKET,1,3,B_DEFINED_GROUP_MOTION|C_BUYER_ORGANIZER_PATH|E_HOTEL_LODGING_EVIDENCE,STRONG,MISSING,WEAK,PRESENT,MISSING,PRESENT,https://www.rtl.be/actu/monde/international/apres-des-echanges-tres-tendus-les-negociations-reprennent-ukrainiens-et-russes/2026-02-18/article/780156,,ASSOCIATION_NGO
jar_YOTEL_7_sig_YOTEL_aHR0cHM6Ly9zd2lz,YOTEL,Swiss Leaders Genève,Swiss Leaders Genève,DEMAND_ENGINE_UNIVERSE,DEMAND_SIGNAL,SIGNAL_ONLY,1,2,B_DEFINED_GROUP_MOTION|C_BUYER_ORGANIZER_PATH|D_FUTURE_DECISION_POINT|E_HOTEL_LODGING_EVIDENCE,STRONG,MISSING,WEAK,MISSING,MISSING,PRESENT,https://swissleaders.ch/fr/organisation/groupes-regionaux/geneve,,ASSOCIATION_NGO
jar_YOTEL_8_sig_YOTEL_aHR0cHM6Ly93d3cu,YOTEL,Alpes-de-Haute-Provence. Les maires bientôt en congrès,Alpes,DEMAND_ENGINE_UNIVERSE,DEMAND_SIGNAL,SIGNAL_ONLY,0,2,A_NAMED_DEMAND_ENTITY|C_BUYER_ORGANIZER_PATH|D_FUTURE_DECISION_POINT|E_HOTEL_LODGING_EVIDENCE,MISSING,PRESENT,MISSING,MISSING,MISSING,PRESENT,https://www.ledauphine.com/societe/2025/09/30/les-maires-bientot-en-congres,,ASSOCIATION_NGO
jar_YOTEL_9_sig_YOTEL_aHR0cHM6Ly93d3cu,YOTEL,2026 Conferences Worth Your Attention! - RAPIDE,2026 Conferences Worth Your Attention!,DEMAND_ENGINE_UNIVERSE,DEMAND_SIGNAL,PARTIAL_PACKET,1,3,B_DEFINED_GROUP_MOTION|C_BUYER_ORGANIZER_PATH|E_HOTEL_LODGING_EVIDENCE,STRONG,MISSING,WEAK,PRESENT,MISSING,PRESENT,https://www.rapideproject.eu/2026/01/2026-conferences-worth-your-attention/,,ASSOCIATION_NGO
jar_YOTEL_10_sig_YOTEL_aHR0cHM6Ly93d3cu,YOTEL,Conferences in Switzerland in Mar 2027,Conferences in Switzerland in Mar 2027,DEMAND_ENGINE_UNIVERSE,DEMAND_SIGNAL,PARTIAL_PACKET,1,3,B_DEFINED_GROUP_MOTION|C_BUYER_ORGANIZER_PATH|E_HOTEL_LODGING_EVIDENCE,STRONG,MISSING,WEAK,PRESENT,MISSING,PRESENT,https://www.clocate.com/conferences-in+switzerland+march/Y28tY2grbW8=/,,ASSOCIATION_NGO
jar_YOTEL_11_sig_YOTEL_aHR0cHM6Ly9jb25m,YOTEL,Medicine And Medical Science - Geneva,Medicine And Medical Science,DEMAND_ENGINE_UNIVERSE,DEMAND_SIGNAL,SIGNAL_ONLY,1,2,B_DEFINED_GROUP_MOTION|C_BUYER_ORGANIZER_PATH|D_FUTURE_DECISION_POINT|E_HOTEL_LODGING_EVIDENCE,STRONG,MISSING,WEAK,MISSING,MISSING,PRESENT,https://conferencealerts.co.in/geneva/medicine-and-medical-science,,ASSOCIATION_NGO
jar_YOTEL_12_sig_YOTEL_aHR0cHM6Ly9pbnRl,YOTEL,Conferences in Switzerland – May 2027 List | ICA,Conferences in Switzerland – May 2027 List,DEMAND_ENGINE_UNIVERSE,DEMAND_SIGNAL,PARTIAL_PACKET,1,3,B_DEFINED_GROUP_MOTION|C_BUYER_ORGANIZER_PATH|E_HOTEL_LODGING_EVIDENCE,STRONG,MISSING,WEAK,PRESENT,MISSING,PRESENT,https://internationalconferencealerts.com/switzerland/may,,ASSOCIATION_NGO
jar_YOTEL_13_sig_YOTEL_aHR0cHM6Ly93d3cu,YOTEL,World Health Assembly,World Health Assembly,DEMAND_ENGINE_UNIVERSE,DEMAND_SIGNAL,SIGNAL_ONLY,1,2,B_DEFINED_GROUP_MOTION|C_BUYER_ORGANIZER_PATH|D_FUTURE_DECISION_POINT|E_HOTEL_LODGING_EVIDENCE,STRONG,MISSING,WEAK,MISSING,MISSING,PRESENT,https://www.emhalliance.org/event/world-health-assembly/,,ASSOCIATION_NGO
jar_YOTEL_14_sig_YOTEL_aHR0cHM6Ly93d3cu,YOTEL,Switzerland Conferences | Europe | Medical | Pharma | Nursing,Switzerland Conferences,DEMAND_ENGINE_UNIVERSE,DEMAND_SIGNAL,SIGNAL_ONLY,0,2,B_DEFINED_GROUP_MOTION|C_BUYER_ORGANIZER_PATH|D_FUTURE_DECISION_POINT|E_HOTEL_LODGING_EVIDENCE,PRESENT,MISSING,MISSING,MISSING,MISSING,PRESENT,https://www.annualcongress.com/switzerland-conferences,,ASSOCIATION_NGO
jar_YOTEL_15_sig_YOTEL_aHR0cHM6Ly93d3cu,YOTEL,Association Days Europe 2026: Where congresses take ...,Association Days Europe 2026,DEMAND_ENGINE_UNIVERSE,DEMAND_SIGNAL,PARTIAL_PACKET,1,4,C_BUYER_ORGANIZER_PATH|E_HOTEL_LODGING_EVIDENCE,STRONG,PRESENT,WEAK,PRESENT,MISSING,PRESENT,https://www.facebook.com/eurekamiceinternational/posts/association-days-europe-2026-where-congresses-take-shape-from-29-to-31-january-2/1652968172368878/,,ASSOCIATION_NGO
jar_YOTEL_16_sig_YOTEL_aHR0cHM6Ly93d3cu,YOTEL,Conferences in Switzerland in September 2026,Conferences in Switzerland in September 2026,DEMAND_ENGINE_UNIVERSE,DEMAND_SIGNAL,PARTIAL_PACKET,1,3,B_DEFINED_GROUP_MOTION|C_BUYER_ORGANIZER_PATH|E_HOTEL_LODGING_EVIDENCE,STRONG,MISSING,WEAK,PRESENT,MISSING,PRESENT,https://www.conferencealert.com/switzerland/september,,ASSOCIATION_NGO
jar_YOTEL_17_sig_YOTEL_aHR0cHM6Ly93d3cu,YOTEL,Conferences in Switzerland in Jun 2027,Conferences in Switzerland in Jun 2027,DEMAND_ENGINE_UNIVERSE,DEMAND_SIGNAL,PARTIAL_PACKET,1,3,B_DEFINED_GROUP_MOTION|C_BUYER_ORGANIZER_PATH|E_HOTEL_LODGING_EVIDENCE,STRONG,MISSING,WEAK,PRESENT,MISSING,PRESENT,https://www.clocate.com/conferences-in+switzerland+june/Y28tY2grbW8=/,,ASSOCIATION_NGO
jar_YOTEL_18_sig_YOTEL_aHR0cHM6Ly93d3cu,YOTEL,DIPLOMATIE : conférence exclusive sur le rôle singulier de ...,DIPLOMATIE,DEMAND_ENGINE_UNIVERSE,DEMAND_SIGNAL,PARTIAL_PACKET,0,3,A_NAMED_DEMAND_ENTITY|C_BUYER_ORGANIZER_PATH|E_HOTEL_LODGING_EVIDENCE,WEAK,PRESENT,MISSING,PRESENT,MISSING,PRESENT,https://www.alumnicn.com/en/event/diplomatie-conference-exclusive-sur-le-role-singulier-de-la-geneve-internationale/2026/09/24/1010,,GOVERNMENT_INTL_ORGANIZATIONS
jar_YOTEL_19_sig_YOTEL_aHR0cHM6Ly90b2dl,YOTEL,GENEVA | Soirée ASAGE : Au cœur de la diplomatie,GENEVA,DEMAND_ENGINE_UNIVERSE,DEMAND_SIGNAL,SIGNAL_ONLY,0,1,A_NAMED_DEMAND_ENTITY|B_DEFINED_GROUP_MOTION|C_BUYER_ORGANIZER_PATH|D_FUTURE_DECISION_POINT|E_HOTEL_LODGING_EVIDENCE,WEAK,MISSING,MISSING,MISSING,MISSING,PRESENT,https://together.audencia.com/public/events/event/2534,,GOVERNMENT_INTL_ORGANIZATIONS
jar_YOTEL_20_sig_YOTEL_aHR0cHM6Ly93d3cu,YOTEL,Conference Search | Département de l'Assemblée ...,Conference Search,DEMAND_ENGINE_UNIVERSE,DEMAND_SIGNAL,PARTIAL_PACKET,0,3,C_BUYER_ORGANIZER_PATH|D_FUTURE_DECISION_POINT|E_HOTEL_LODGING_EVIDENCE,PRESENT,PRESENT,MISSING,MISSING,MISSING,PRESENT,https://www.un.org/calendar/fr/conferences?page=39,,GOVERNMENT_INTL_ORGANIZATIONS
jar_YOTEL_21_sig_YOTEL_aHR0cHM6Ly93d3cu,YOTEL,"Désordre international, protectionnisme, remise en cause ...","Désordre international, protectionnisme, remise en cause ...",DEMAND_ENGINE_UNIVERSE,DEMAND_SIGNAL,SIGNAL_ONLY,1,2,B_DEFINED_GROUP_MOTION|C_BUYER_ORGANIZER_PATH|D_FUTURE_DECISION_POINT|E_HOTEL_LODGING_EVIDENCE,STRONG,MISSING,WEAK,MISSING,MISSING,PRESENT,https://www.geneva-institute.com/detailpub/667,,GOVERNMENT_INTL_ORGANIZATIONS
jar_YOTEL_22_sig_YOTEL_aHR0cHM6Ly93d3cu,YOTEL,Conférence de presse de l'ONU à Genève - 19 mai 2026,Conférence de presse de l'ONU à Genève,DEMAND_ENGINE_UNIVERSE,DEMAND_SIGNAL,PARTIAL_PACKET,1,3,B_DEFINED_GROUP_MOTION|C_BUYER_ORGANIZER_PATH|E_HOTEL_LODGING_EVIDENCE,STRONG,MISSING,WEAK,PRESENT,MISSING,PRESENT,https://www.unognewsroom.org/teleprompter/fr/3124/un-geneva-press-briefing-19-may-2026/9340,,GOVERNMENT_INTL_ORGANIZATIONS
jar_YOTEL_23_sig_YOTEL_aHR0cHM6Ly93d3cu,YOTEL,Communiqués de presse | ONU GENEVE,Communiqués de presse,DEMAND_ENGINE_UNIVERSE,DEMAND_SIGNAL,SIGNAL_ONLY,1,2,B_DEFINED_GROUP_MOTION|C_BUYER_ORGANIZER_PATH|D_FUTURE_DECISION_POINT|E_HOTEL_LODGING_EVIDENCE,STRONG,MISSING,WEAK,MISSING,MISSING,PRESENT,https://www.ungeneva.org/fr/news-media/press-release?page=2,,GOVERNMENT_INTL_ORGANIZATIONS
jar_YOTEL_24_sig_YOTEL_aHR0cHM6Ly93d3cu,YOTEL,"Le Portail des Nations, qui ouvrira ses portes le 8 juin 2026 ...","Le Portail des Nations, qui ouvrira ses portes le 8 juin 2026 ...",DEMAND_ENGINE_UNIVERSE,DEMAND_SIGNAL,PARTIAL_PACKET,1,3,B_DEFINED_GROUP_MOTION|C_BUYER_ORGANIZER_PATH|E_HOTEL_LODGING_EVIDENCE,STRONG,MISSING,WEAK,PRESENT,MISSING,PRESENT,https://www.facebook.com/kitsoschristina/posts/le-portail-des-nations-qui-ouvrira-ses-portes-le-8-juin-2026-a-%C3%A9t%C3%A9-pr%C3%A9sent%C3%A9-%C3%A0-la/1627372719398154/,,GOVERNMENT_INTL_ORGANIZATIONS
jar_YOTEL_25_sig_YOTEL_aHR0cHM6Ly93d3cu,YOTEL,Conférence de presse de l'ONU à Genève - 17 avril 2026,Conférence de presse de l'ONU à Genève,DEMAND_ENGINE_UNIVERSE,DEMAND_SIGNAL,PARTIAL_PACKET,1,3,B_DEFINED_GROUP_MOTION|C_BUYER_ORGANIZER_PATH|E_HOTEL_LODGING_EVIDENCE,STRONG,MISSING,WEAK,PRESENT,MISSING,PRESENT,https://www.unognewsroom.org/story/fr/3088/un-geneva-press-briefing-17-april-2026,,GOVERNMENT_INTL_ORGANIZATIONS
jar_YOTEL_26_sig_YOTEL_aHR0cHM6Ly93d3cu,YOTEL,"🇬🇦 À Genève, en Suisse, les États parties au Traité des ...","🇬🇦 À Genève, en Suisse, les États parties au Traité des ...",DEMAND_ENGINE_UNIVERSE,DEMAND_SIGNAL,SIGNAL_ONLY,1,2,B_DEFINED_GROUP_MOTION|C_BUYER_ORGANIZER_PATH|D_FUTURE_DECISION_POINT|E_HOTEL_LODGING_EVIDENCE,STRONG,MISSING,WEAK,MISSING,MISSING,PRESENT,https://www.facebook.com/tvgabon24/posts/-%C3%A0-gen%C3%A8ve-en-suisse-les-%C3%A9tats-parties-au-trait%C3%A9-des-nations-unies-sur-le-commerc/1505822278247683/,,GOVERNMENT_INTL_ORGANIZATIONS
jar_YOTEL_27_sig_YOTEL_aHR0cHM6Ly9qb3Vy,YOTEL,Official Meetings - UN Journal - the United Nations,Official Meetings,DEMAND_ENGINE_UNIVERSE,DEMAND_SIGNAL,PARTIAL_PACKET,0,3,B_DEFINED_GROUP_MOTION|C_BUYER_ORGANIZER_PATH|E_HOTEL_LODGING_EVIDENCE,PRESENT,MISSING,MISSING,PRESENT,MISSING,PRESENT,https://journal.un.org/en/geneva/meeting/officials/c1a5e198-50c5-4c5d-9d87-3ee53d3253ca/2026-03-02,,GOVERNMENT_INTL_ORGANIZATIONS
jar_YOTEL_28_sig_YOTEL_aHR0cHM6Ly9qb3Vy,YOTEL,Other Meetings - Meetings of the day - the United Nations,Other Meetings,DEMAND_ENGINE_UNIVERSE,DEMAND_SIGNAL,PARTIAL_PACKET,0,3,B_DEFINED_GROUP_MOTION|C_BUYER_ORGANIZER_PATH|E_HOTEL_LODGING_EVIDENCE,PRESENT,MISSING,MISSING,PRESENT,MISSING,PRESENT,https://journal.un.org/en/geneva/meeting/others/46d0ac63-7cd7-42fb-a63f-73d2e64b8169/2026-05-05,,GOVERNMENT_INTL_ORGANIZATIONS
jar_YOTEL_29_sig_YOTEL_aHR0cHM6Ly9qb3Vy,YOTEL,Official Meetings - UN Journal,Official Meetings,DEMAND_ENGINE_UNIVERSE,DEMAND_SIGNAL,PARTIAL_PACKET,0,3,B_DEFINED_GROUP_MOTION|C_BUYER_ORGANIZER_PATH|E_HOTEL_LODGING_EVIDENCE,PRESENT,MISSING,MISSING,PRESENT,MISSING,PRESENT,https://journal.un.org/en/geneva/meeting/officials/2e2ad944-0ceb-4933-be77-5a48589751a9/2026-09-14/webcast,,GOVERNMENT_INTL_ORGANIZATIONS
jar_YOTEL_30_sig_YOTEL_aHR0cHM6Ly93d3cu,YOTEL,Upcoming UN Conferences 2025 Schedule | PDF,Upcoming UN Conferences 2025 Schedule,DEMAND_ENGINE_UNIVERSE,DEMAND_SIGNAL,SIGNAL_ONLY,1,2,B_DEFINED_GROUP_MOTION|C_BUYER_ORGANIZER_PATH|D_FUTURE_DECISION_POINT|E_HOTEL_LODGING_EVIDENCE,STRONG,MISSING,WEAK,MISSING,MISSING,PRESENT,https://www.scribd.com/document/933690343/Upcoming-UN-Conferences-Vertical,,GOVERNMENT_INTL_ORGANIZATIONS
jar_YOTEL_31_sig_YOTEL_aHR0cHM6Ly8xMHRp,YOTEL,UN Geneva Summit - Conference,UN Geneva Summit,DEMAND_ENGINE_UNIVERSE,DEMAND_SIGNAL,PARTIAL_PACKET,1,3,C_BUYER_ORGANIZER_PATH|D_FUTURE_DECISION_POINT|E_HOTEL_LODGING_EVIDENCE,STRONG,PRESENT,WEAK,MISSING,MISSING,PRESENT,https://10times.com/e1dz-s18k-32rf-k,,GOVERNMENT_INTL_ORGANIZATIONS
jar_YOTEL_32_sig_YOTEL_aHR0cHM6Ly9qb3Vy,YOTEL,Official Meetings - UN Journal,Official Meetings,DEMAND_ENGINE_UNIVERSE,DEMAND_SIGNAL,SIGNAL_ONLY,0,2,B_DEFINED_GROUP_MOTION|C_BUYER_ORGANIZER_PATH|D_FUTURE_DECISION_POINT|E_HOTEL_LODGING_EVIDENCE,PRESENT,MISSING,MISSING,MISSING,MISSING,PRESENT,https://journal.un.org/en/new-york/meeting/officials/7cb91ab2-2ac0-4e15-a5c5-87b5725c32b9,,GOVERNMENT_INTL_ORGANIZATIONS
jar_YOTEL_33_sig_YOTEL_aHR0cHM6Ly9pbmRp,YOTEL,Private meeting (27 August 2026) - Indico - the United Nations,Private meeting (27 August 2026),DEMAND_ENGINE_UNIVERSE,DEMAND_SIGNAL,PARTIAL_PACKET,1,3,B_DEFINED_GROUP_MOTION|C_BUYER_ORGANIZER_PATH|E_HOTEL_LODGING_EVIDENCE,STRONG,MISSING,WEAK,PRESENT,MISSING,PRESENT,https://indico.un.org/event/1025533/,,GOVERNMENT_INTL_ORGANIZATIONS
jar_YOTEL_34_sig_YOTEL_aHR0cHM6Ly9qb3Vy,YOTEL,Official Meetings - Meetings of the day - the United Nations,Official Meetings,DEMAND_ENGINE_UNIVERSE,DEMAND_SIGNAL,PARTIAL_PACKET,0,3,B_DEFINED_GROUP_MOTION|C_BUYER_ORGANIZER_PATH|E_HOTEL_LODGING_EVIDENCE,PRESENT,MISSING,MISSING,PRESENT,MISSING,PRESENT,https://journal.qa.un.org/en/new-york/meeting/officials/fa41ea09-086c-4056-a587-8f75ff9aa159/2026-08-10,,GOVERNMENT_INTL_ORGANIZATIONS
jar_YOTEL_35_sig_YOTEL_aHR0cHM6Ly9pbmRp,YOTEL,Briefing on the 2026 United Nations Water Conference - Indico,Briefing on the 2026 United Nations Water Conference,DEMAND_ENGINE_UNIVERSE,DEMAND_SIGNAL,PARTIAL_PACKET,1,4,C_BUYER_ORGANIZER_PATH|E_HOTEL_LODGING_EVIDENCE,STRONG,PRESENT,WEAK,PRESENT,MISSING,PRESENT,https://indico.un.org/event/1025771/,,GOVERNMENT_INTL_ORGANIZATIONS
jar_YOTEL_36_sig_YOTEL_aHR0cHM6Ly9jb25n,YOTEL,Comité organisateur du Congrès FIGO | Équipe de direction,Comité organisateur du Congrès FIGO,DEMAND_ENGINE_UNIVERSE,DEMAND_SIGNAL,PARTIAL_PACKET,1,3,C_BUYER_ORGANIZER_PATH|D_FUTURE_DECISION_POINT|E_HOTEL_LODGING_EVIDENCE,STRONG,PRESENT,WEAK,MISSING,MISSING,PRESENT,https://congress.figo.org/fr/comite-dorganisation-du-congres/,,PHARMA_LIFE_SCIENCES
jar_YOTEL_37_sig_YOTEL_aHR0cHM6Ly93d3cu,YOTEL,ihm lettre d'information septembre 2026 février 2027 ...,ihm lettre d'information septembre 2026 février 2027 ...,DEMAND_ENGINE_UNIVERSE,DEMAND_SIGNAL,PARTIAL_PACKET,1,3,B_DEFINED_GROUP_MOTION|C_BUYER_ORGANIZER_PATH|E_HOTEL_LODGING_EVIDENCE,STRONG,MISSING,WEAK,PRESENT,MISSING,PRESENT,https://www.chuv.ch/fileadmin/sites/ihm/bandeaux_home/Lettre_Information_IHM_N65_web.pdf,,PHARMA_LIFE_SCIENCES
jar_YOTEL_38_sig_YOTEL_aHR0cHM6Ly93d3cu,YOTEL,Nouveau centre de convention by ArchParc dans le Grand ...,Nouveau centre de convention by ArchParc dans le Grand ...,DEMAND_ENGINE_UNIVERSE,DEMAND_SIGNAL,SIGNAL_ONLY,1,2,B_DEFINED_GROUP_MOTION|C_BUYER_ORGANIZER_PATH|D_FUTURE_DECISION_POINT|E_HOTEL_LODGING_EVIDENCE,STRONG,MISSING,WEAK,MISSING,MISSING,PRESENT,https://www.seminairesbusiness.com/blog/nouveau-centre-de-convention-by-archparc-dans-le-grand-geneve,,PHARMA_LIFE_SCIENCES
jar_YOTEL_39_sig_YOTEL_aHR0cHM6Ly93d3cu,YOTEL,Les Shifters vous invitent le 28 juin à ...,Les Shifters vous invitent le 28 juin à ...,DEMAND_ENGINE_UNIVERSE,DEMAND_SIGNAL,SIGNAL_ONLY,1,2,B_DEFINED_GROUP_MOTION|C_BUYER_ORGANIZER_PATH|D_FUTURE_DECISION_POINT|E_HOTEL_LODGING_EVIDENCE,STRONG,MISSING,WEAK,MISSING,MISSING,PRESENT,https://www.facebook.com/TheShiftProjectThinkTank/posts/-les-shifters-vous-invitent-le-28-juin-%C3%A0-la-2nde-%C3%A9dition-du-congr%C3%A8s-sant%C3%A9-en-205/1156442409860941/,,PHARMA_LIFE_SCIENCES
jar_YOTEL_40_sig_YOTEL_aHR0cHM6Ly93d3cu,YOTEL,Congrès de la SFGM-TC,Congrès de la SFGM,DEMAND_ENGINE_UNIVERSE,DEMAND_SIGNAL,PARTIAL_PACKET,1,4,C_BUYER_ORGANIZER_PATH|E_HOTEL_LODGING_EVIDENCE,STRONG,PRESENT,WEAK,PRESENT,MISSING,PRESENT,https://www.sfgmtc-congres.fr/sites/default/files/2026-09/V4-SFGM-TC-26-Prog.pdf,,PHARMA_LIFE_SCIENCES
jar_YOTEL_41_sig_YOTEL_aHR0cHM6Ly8xMHRp,YOTEL,Événements sur le tourisme et les voyages en Suisse,Événements sur le tourisme et les voyages en Suisse,DEMAND_ENGINE_UNIVERSE,DEMAND_SIGNAL,SIGNAL_ONLY,1,2,B_DEFINED_GROUP_MOTION|C_BUYER_ORGANIZER_PATH|D_FUTURE_DECISION_POINT|E_HOTEL_LODGING_EVIDENCE,STRONG,MISSING,WEAK,MISSING,MISSING,PRESENT,https://10times.com/fr/switzerland/travel-tourism,,PHARMA_LIFE_SCIENCES
jar_YOTEL_42_sig_YOTEL_aHR0cHM6Ly93d3cu,YOTEL,Panorama de la recherche sur l'habitat et le logement ...,Panorama de la recherche sur l'habitat et le logement ...,DEMAND_ENGINE_UNIVERSE,DEMAND_SIGNAL,PARTIAL_PACKET,1,3,B_DEFINED_GROUP_MOTION|C_BUYER_ORGANIZER_PATH|E_HOTEL_LODGING_EVIDENCE,STRONG,MISSING,WEAK,PRESENT,MISSING,PRESENT,https://www.union-habitat.org/sites/default/files/articles/pdf/2026-09/ush_edition_2027_du_panorama_de_la_recherche_interactif.pdf,,PHARMA_LIFE_SCIENCES
jar_YOTEL_43_sig_YOTEL_aHR0cHM6Ly93d3cu,YOTEL,Une dynamique collective dans la lutte contre le cancer,Une dynamique collective dans la lutte contre le cancer,DEMAND_ENGINE_UNIVERSE,DEMAND_SIGNAL,PARTIAL_PACKET,1,3,B_DEFINED_GROUP_MOTION|C_BUYER_ORGANIZER_PATH|E_HOTEL_LODGING_EVIDENCE,STRONG,MISSING,WEAK,PRESENT,MISSING,PRESENT,https://www.centreleonberard.fr/sites/default/files/2026-08/ra2025cclb2026-2.pdf,,PHARMA_LIFE_SCIENCES
jar_YOTEL_44_sig_YOTEL_aHR0cHM6Ly93d3cu,YOTEL,Communications - évaluées par les pairs,Communications,DEMAND_ENGINE_UNIVERSE,DEMAND_SIGNAL,SIGNAL_ONLY,0,1,A_NAMED_DEMAND_ENTITY|B_DEFINED_GROUP_MOTION|C_BUYER_ORGANIZER_PATH|D_FUTURE_DECISION_POINT|E_HOTEL_LODGING_EVIDENCE,WEAK,MISSING,MISSING,MISSING,MISSING,PRESENT,https://www.chairepersonneagee.umontreal.ca/transfert-des-connaissances/communications/evaluees-par-les-pairs,,PHARMA_LIFE_SCIENCES
jar_YOTEL_45_sig_YOTEL_aHR0cHM6Ly9pbnRl,YOTEL,International Conference on Healthcare Trends and ...,International Conference on Healthcare Trends and ...,DEMAND_ENGINE_UNIVERSE,DEMAND_SIGNAL,PARTIAL_PACKET,1,3,C_BUYER_ORGANIZER_PATH|D_FUTURE_DECISION_POINT|E_HOTEL_LODGING_EVIDENCE,STRONG,PRESENT,WEAK,MISSING,MISSING,PRESENT,https://internationalconferencealerts.com/event-ichtcthd-geneva-ch-202706-102077614,,PHARMA_LIFE_SCIENCES
jar_YOTEL_46_sig_YOTEL_aHR0cHM6Ly93d3cu,YOTEL,Conference in Geneva November 2026,Conference in Geneva November 2026,DEMAND_ENGINE_UNIVERSE,DEMAND_SIGNAL,PARTIAL_PACKET,1,4,C_BUYER_ORGANIZER_PATH|E_HOTEL_LODGING_EVIDENCE,STRONG,PRESENT,WEAK,PRESENT,MISSING,PRESENT,https://www.allconferencealert.com/geneva/november,,PHARMA_LIFE_SCIENCES
jar_YOTEL_47_sig_YOTEL_aHR0cHM6Ly93d3cu,YOTEL,Upcoming Medical Conference Switzerland 2026-2027,Upcoming Medical Conference Switzerland 2026,DEMAND_ENGINE_UNIVERSE,DEMAND_SIGNAL,PARTIAL_PACKET,1,4,C_BUYER_ORGANIZER_PATH|E_HOTEL_LODGING_EVIDENCE,STRONG,PRESENT,WEAK,PRESENT,MISSING,PRESENT,https://www.conferencealert.com/switzerland/medical,,PHARMA_LIFE_SCIENCES
jar_YOTEL_48_sig_YOTEL_aHR0cHM6Ly9hbGxj,YOTEL,International Conference on Epidemiology and Health ...,International Conference on Epidemiology and Health ...,DEMAND_ENGINE_UNIVERSE,DEMAND_SIGNAL,PARTIAL_PACKET,1,3,C_BUYER_ORGANIZER_PATH|D_FUTURE_DECISION_POINT|E_HOTEL_LODGING_EVIDENCE,STRONG,PRESENT,WEAK,MISSING,MISSING,PRESENT,https://allconferencealert.net/eventdetails.php?id=100823436,,PHARMA_LIFE_SCIENCES
jar_YOTEL_49_sig_YOTEL_aHR0cHM6Ly8xMHRp,YOTEL,"Medical Wellness Congress (Apr 2026), Geneva Switzerland","Medical Wellness Congress (Apr 2026), Geneva Switzerland",DEMAND_ENGINE_UNIVERSE,DEMAND_SIGNAL,PARTIAL_PACKET,1,4,C_BUYER_ORGANIZER_PATH|E_HOTEL_LODGING_EVIDENCE,STRONG,PRESENT,WEAK,PRESENT,MISSING,PRESENT,https://10times.com/e1d4-1s3h-8rfz-x,,PHARMA_LIFE_SCIENCES
jar_YOTEL_50_sig_YOTEL_aHR0cHM6Ly93d3cu,YOTEL,Healthcare Events in Geneva 2026,Healthcare Events in Geneva 2026,DEMAND_ENGINE_UNIVERSE,DEMAND_SIGNAL,PARTIAL_PACKET,1,3,B_DEFINED_GROUP_MOTION|C_BUYER_ORGANIZER_PATH|E_HOTEL_LODGING_EVIDENCE,STRONG,MISSING,WEAK,PRESENT,MISSING,PRESENT,https://www.webmobi.com/discovery/events/in/geneva/healthcare,,PHARMA_LIFE_SCIENCES
jar_YOTEL_51_sig_YOTEL_aHR0cHM6Ly93d3cu,YOTEL,Medical Conferences in Switzerland 2026,Medical Conferences in Switzerland 2026,DEMAND_ENGINE_UNIVERSE,DEMAND_SIGNAL,PARTIAL_PACKET,1,4,C_BUYER_ORGANIZER_PATH|E_HOTEL_LODGING_EVIDENCE,STRONG,PRESENT,WEAK,PRESENT,MISSING,PRESENT,https://www.allinternationalconference.com/country/switzerland-conference/medical/,,PHARMA_LIFE_SCIENCES
jar_YOTEL_52_sig_YOTEL_aHR0cHM6Ly8xMHRp,YOTEL,Medical & Pharma Events in Switzerland in February,Medical & Pharma Events in Switzerland in February,DEMAND_ENGINE_UNIVERSE,DEMAND_SIGNAL,SIGNAL_ONLY,1,2,B_DEFINED_GROUP_MOTION|C_BUYER_ORGANIZER_PATH|D_FUTURE_DECISION_POINT|E_HOTEL_LODGING_EVIDENCE,STRONG,MISSING,WEAK,MISSING,MISSING,PRESENT,https://10times.com/switzerland/medical-pharma?month=february,,PHARMA_LIFE_SCIENCES
jar_YOTEL_53_sig_YOTEL_aHR0cHM6Ly8xMHRp,YOTEL,Medical & Pharma Events in Switzerland in June,Medical & Pharma Events in Switzerland in June,DEMAND_ENGINE_UNIVERSE,DEMAND_SIGNAL,SIGNAL_ONLY,1,2,B_DEFINED_GROUP_MOTION|C_BUYER_ORGANIZER_PATH|D_FUTURE_DECISION_POINT|E_HOTEL_LODGING_EVIDENCE,STRONG,MISSING,WEAK,MISSING,MISSING,PRESENT,https://10times.com/switzerland/medical-pharma?month=june,,PHARMA_LIFE_SCIENCES
jar_YOTEL_54_sig_YOTEL_aHR0cHM6Ly93d3cu,YOTEL,Novotel Genève Centre : Votre partenaire séminaire à ...,Novotel Genève Centre,DEMAND_ENGINE_UNIVERSE,DEMAND_SIGNAL,SIGNAL_ONLY,1,2,B_DEFINED_GROUP_MOTION|C_BUYER_ORGANIZER_PATH|D_FUTURE_DECISION_POINT|E_HOTEL_LODGING_EVIDENCE,STRONG,MISSING,WEAK,MISSING,MISSING,PRESENT,https://www.seminairesbusiness.com/prestataire/hotel/seminaire/novotel-geneve-centre,,CORPORATE
jar_YOTEL_55_sig_YOTEL_aHR0cHM6Ly9pbnVp,YOTEL,"FAQ — Lieux, événements corporate et INÜI Family",FAQ,DEMAND_ENGINE_UNIVERSE,DEMAND_SIGNAL,REJECTED,0,1,A_NAMED_DEMAND_ENTITY|B_DEFINED_GROUP_MOTION|C_BUYER_ORGANIZER_PATH|D_FUTURE_DECISION_POINT|E_HOTEL_LODGING_EVIDENCE,MISSING,MISSING,MISSING,MISSING,MISSING,PRESENT,https://inuicollection.com/faq,,CORPORATE
jar_YOTEL_56_sig_YOTEL_aHR0cHM6Ly93d3cu,YOTEL,Challenge lego entreprise à Genève,Challenge lego entreprise à Genève,DEMAND_ENGINE_UNIVERSE,DEMAND_SIGNAL,SIGNAL_ONLY,1,2,B_DEFINED_GROUP_MOTION|C_BUYER_ORGANIZER_PATH|D_FUTURE_DECISION_POINT|E_HOTEL_LODGING_EVIDENCE,STRONG,MISSING,WEAK,MISSING,MISSING,PRESENT,https://www.agence-evenementielle-innovevents.fr/animation-pro/animation-challenge-lego-entreprise-geneve/,,CORPORATE
jar_YOTEL_57_sig_YOTEL_aHR0cHM6Ly9mci5p,YOTEL,"Commercial Séminaires Banquets, Auvergne-Rhône-Alpes","Commercial Séminaires Banquets, Auvergne",DEMAND_ENGINE_UNIVERSE,DEMAND_SIGNAL,SIGNAL_ONLY,1,2,B_DEFINED_GROUP_MOTION|C_BUYER_ORGANIZER_PATH|D_FUTURE_DECISION_POINT|E_HOTEL_LODGING_EVIDENCE,STRONG,MISSING,WEAK,MISSING,MISSING,PRESENT,https://fr.indeed.com/q-commercial-s%C3%A9minaires-banquets-l-auvergne-rh%C3%B4ne-alpes-emplois.html,,CORPORATE
jar_YOTEL_58_sig_YOTEL_aHR0cHM6Ly93d3cu,YOTEL,️ Résolutions 2026 Continuer à prendre ... - Instagram,️ Résolutions 2026 Continuer à prendre ...,DEMAND_ENGINE_UNIVERSE,DEMAND_SIGNAL,PARTIAL_PACKET,1,3,B_DEFINED_GROUP_MOTION|C_BUYER_ORGANIZER_PATH|E_HOTEL_LODGING_EVIDENCE,STRONG,MISSING,WEAK,PRESENT,MISSING,PRESENT,https://www.instagram.com/p/DTqblCvD5lv/,,CORPORATE
jar_YOTEL_59_sig_YOTEL_aHR0cHM6Ly93d3cu,YOTEL,Inspirations pour vos sorties d'équipe aux Monts de Genève,Inspirations pour vos sorties d'équipe aux Monts de Genève,DEMAND_ENGINE_UNIVERSE,DEMAND_SIGNAL,SIGNAL_ONLY,1,2,B_DEFINED_GROUP_MOTION|C_BUYER_ORGANIZER_PATH|D_FUTURE_DECISION_POINT|E_HOTEL_LODGING_EVIDENCE,STRONG,MISSING,WEAK,MISSING,MISSING,PRESENT,https://www.seminairesbusiness.com/blog/experiences-et-inspirations-pour-vos-sorties-equipe-aux-monts-de-geneve,,CORPORATE
jar_YOTEL_60_sig_YOTEL_aHR0cHM6Ly93d3cu,YOTEL,Hôtel Campanile Centre gare – Genève (Annemasse),Hôtel Campanile Centre gare – Genève (Annemasse),DEMAND_ENGINE_UNIVERSE,DEMAND_SIGNAL,SIGNAL_ONLY,1,2,B_DEFINED_GROUP_MOTION|C_BUYER_ORGANIZER_PATH|D_FUTURE_DECISION_POINT|E_HOTEL_LODGING_EVIDENCE,STRONG,MISSING,WEAK,MISSING,MISSING,PRESENT,https://www.montsdugenevois.com/affaires/hotel-campanile-centre-gare-geneve-annemasse-fr-3089608/,,CORPORATE
jar_YOTEL_61_sig_YOTEL_aHR0cHM6Ly93d3cu,YOTEL,"Soirée du personnel 2026 Cette fois, c'est à notre tour de ...","Soirée du personnel 2026 Cette fois, c'est à notre tour de ...",DEMAND_ENGINE_UNIVERSE,DEMAND_SIGNAL,PARTIAL_PACKET,1,4,C_BUYER_ORGANIZER_PATH|E_HOTEL_LODGING_EVIDENCE,STRONG,PRESENT,WEAK,PRESENT,MISSING,PRESENT,https://www.instagram.com/reel/DVYuo6ajYfW/,,CORPORATE
jar_YOTEL_62_sig_YOTEL_aHR0cHM6Ly9mci5s,YOTEL,Warwick Geneva,Warwick Geneva,DEMAND_ENGINE_UNIVERSE,DEMAND_SIGNAL,SIGNAL_ONLY,0,2,B_DEFINED_GROUP_MOTION|C_BUYER_ORGANIZER_PATH|D_FUTURE_DECISION_POINT|E_HOTEL_LODGING_EVIDENCE,PRESENT,MISSING,MISSING,MISSING,MISSING,PRESENT,https://fr.linkedin.com/company/warwickgeneva,,CORPORATE
jar_YOTEL_63_sig_YOTEL_aHR0cHM6Ly93d3cu,YOTEL,European Leadership Conference Switzerland 2026 ...,European Leadership Conference Switzerland 2026 ...,DEMAND_ENGINE_UNIVERSE,DEMAND_SIGNAL,PARTIAL_PACKET,1,4,C_BUYER_ORGANIZER_PATH|E_HOTEL_LODGING_EVIDENCE,STRONG,PRESENT,WEAK,PRESENT,MISSING,PRESENT,https://www.instagram.com/p/DaQcmgytPkb/,,CORPORATE
jar_YOTEL_64_sig_YOTEL_aHR0cHM6Ly9jb25m,YOTEL,Conference in Switzerland / Management 2026,Conference in Switzerland / Management 2026,DEMAND_ENGINE_UNIVERSE,DEMAND_SIGNAL,PARTIAL_PACKET,1,4,C_BUYER_ORGANIZER_PATH|E_HOTEL_LODGING_EVIDENCE,STRONG,PRESENT,WEAK,PRESENT,MISSING,PRESENT,https://conferenceineurope.net/switzerland/management,,CORPORATE
jar_YOTEL_65_sig_YOTEL_aHR0cHM6Ly93d3cu,YOTEL,Switzerland 16-19 September WIN High-Level Gathering. ...,Switzerland 16,DEMAND_ENGINE_UNIVERSE,DEMAND_SIGNAL,SIGNAL_ONLY,0,2,B_DEFINED_GROUP_MOTION|C_BUYER_ORGANIZER_PATH|D_FUTURE_DECISION_POINT|E_HOTEL_LODGING_EVIDENCE,PRESENT,MISSING,MISSING,MISSING,MISSING,PRESENT,https://www.facebook.com/WINConference/posts/welcome-to-switzerland-16-19-septemberwin-high-level-gathering-transformational-/1716383900494115/,,CORPORATE
jar_YOTEL_66_sig_YOTEL_aHR0cHM6Ly93d3cu,YOTEL,Management Conferences in Switzerland May 2027,Management Conferences in Switzerland May 2027,DEMAND_ENGINE_UNIVERSE,DEMAND_SIGNAL,PARTIAL_PACKET,1,3,B_DEFINED_GROUP_MOTION|C_BUYER_ORGANIZER_PATH|E_HOTEL_LODGING_EVIDENCE,STRONG,MISSING,WEAK,PRESENT,MISSING,PRESENT,https://www.allconferencealert.com/switzerland/management/may,,CORPORATE
jar_YOTEL_67_sig_YOTEL_aHR0cHM6Ly93d3cu,YOTEL,EU Leadership Conference 2026 Geneva Switzerland,EU Leadership Conference 2026 Geneva Switzerland,DEMAND_ENGINE_UNIVERSE,DEMAND_SIGNAL,PARTIAL_PACKET,1,4,C_BUYER_ORGANIZER_PATH|E_HOTEL_LODGING_EVIDENCE,STRONG,PRESENT,WEAK,PRESENT,MISSING,PRESENT,https://www.linkedin.com/posts/dunster-business-school_euleadershipconference2026-leadership-activity-7498664895538790400-cePQ,,CORPORATE
jar_YOTEL_68_sig_YOTEL_aHR0cHM6Ly9jb25m,YOTEL,International Business Conferences In Switzerland 2026- ...,International Business Conferences In Switzerland 2026,DEMAND_ENGINE_UNIVERSE,DEMAND_SIGNAL,PARTIAL_PACKET,1,3,B_DEFINED_GROUP_MOTION|C_BUYER_ORGANIZER_PATH|E_HOTEL_LODGING_EVIDENCE,STRONG,MISSING,WEAK,PRESENT,MISSING,PRESENT,https://conferenceineurope.net/switzerland/business,,CORPORATE
jar_YOTEL_69_sig_YOTEL_aHR0cHM6Ly93d3cu,YOTEL,Upcoming Business Conferences in Switzerland July 2027,Upcoming Business Conferences in Switzerland July 2027,DEMAND_ENGINE_UNIVERSE,DEMAND_SIGNAL,PARTIAL_PACKET,1,3,B_DEFINED_GROUP_MOTION|C_BUYER_ORGANIZER_PATH|E_HOTEL_LODGING_EVIDENCE,STRONG,MISSING,WEAK,PRESENT,MISSING,PRESENT,https://www.allconferencealert.com/switzerland/business/july,,CORPORATE
jar_YOTEL_70_sig_YOTEL_aHR0cHM6Ly9pbm5r,YOTEL,The Swiss Horizon – Leadership Retreat in Switzerland 2026,The Swiss Horizon – Leadership Retreat in Switzerland 2026,DEMAND_ENGINE_UNIVERSE,DEMAND_SIGNAL,PARTIAL_PACKET,1,4,C_BUYER_ORGANIZER_PATH|E_HOTEL_LODGING_EVIDENCE,STRONG,PRESENT,WEAK,PRESENT,MISSING,PRESENT,https://innkick.com/events/swiss-horizon-leadership-retreat-in-switzerland/,,CORPORATE
jar_YOTEL_71_sig_YOTEL_aHR0cHM6Ly93d3cu,YOTEL,Swiss Leadership Visit 2026 #fyp #pwc # ...,Swiss Leadership Visit 2026 #fyp #pwc # ...,DEMAND_ENGINE_UNIVERSE,DEMAND_SIGNAL,PARTIAL_PACKET,1,3,B_DEFINED_GROUP_MOTION|C_BUYER_ORGANIZER_PATH|E_HOTEL_LODGING_EVIDENCE,STRONG,MISSING,WEAK,PRESENT,MISSING,PRESENT,https://www.instagram.com/reel/DdMfDv5zPJh/,,CORPORATE
jar_YOTEL_72_sig_YOTEL_aHR0cHM6Ly93d3cu,YOTEL,"J-3 avant IMPACT IA 2026 ! Du 9 au 11 septembre, l' ...",J,DEMAND_ENGINE_UNIVERSE,DEMAND_SIGNAL,REJECTED,0,2,A_NAMED_DEMAND_ENTITY|B_DEFINED_GROUP_MOTION|C_BUYER_ORGANIZER_PATH|E_HOTEL_LODGING_EVIDENCE,MISSING,MISSING,MISSING,PRESENT,MISSING,PRESENT,https://www.facebook.com/ansutci/posts/j-3-avant-impact-ia-2026-du-9-au-11-septembre-lansut-prendra-part-%C3%A0-la-2%E1%B5%89-%C3%A9ditio/1526278076205136/,,UNIVERSITY_EDUCATION
jar_YOTEL_73_sig_YOTEL_aHR0cHM6Ly93d3cu,YOTEL,Étude annuelle 2026 La mer et les politiques publiques,Étude annuelle 2026 La mer et les politiques publiques,DEMAND_ENGINE_UNIVERSE,DEMAND_SIGNAL,PARTIAL_PACKET,1,3,B_DEFINED_GROUP_MOTION|C_BUYER_ORGANIZER_PATH|E_HOTEL_LODGING_EVIDENCE,STRONG,MISSING,WEAK,PRESENT,MISSING,PRESENT,https://www.conseil-etat.fr/content/download/241552/document/CE_Etude-annuelle_2026.pdf,,UNIVERSITY_EDUCATION
jar_YOTEL_74_sig_YOTEL_aHR0cHM6Ly93d3cu,YOTEL,Export RDF,Export RDF,DEMAND_ENGINE_UNIVERSE,DEMAND_SIGNAL,SIGNAL_ONLY,0,2,B_DEFINED_GROUP_MOTION|C_BUYER_ORGANIZER_PATH|D_FUTURE_DECISION_POINT|E_HOTEL_LODGING_EVIDENCE,PRESENT,MISSING,MISSING,MISSING,MISSING,PRESENT,https://www.idref.fr/02752888X.rdf,,UNIVERSITY_EDUCATION
jar_YOTEL_75_sig_YOTEL_aHR0cHM6Ly9hcnRs,YOTEL,Événements passés Archives - Fondation pour le droit de l'art,Événements passés Archives,DEMAND_ENGINE_UNIVERSE,DEMAND_SIGNAL,SIGNAL_ONLY,1,2,B_DEFINED_GROUP_MOTION|C_BUYER_ORGANIZER_PATH|D_FUTURE_DECISION_POINT|E_HOTEL_LODGING_EVIDENCE,STRONG,MISSING,WEAK,MISSING,MISSING,PRESENT,https://artlawfoundation.com/fr/category/evenements/evenements-passes/,,UNIVERSITY_EDUCATION
jar_YOTEL_76_sig_YOTEL_aHR0cHM6Ly93d3cu,YOTEL,Retour sur la conférence #IADates avec David GURLÉ Le ...,Retour sur la conférence #IADates avec David GURLÉ Le ...,DEMAND_ENGINE_UNIVERSE,DEMAND_SIGNAL,SIGNAL_ONLY,1,2,B_DEFINED_GROUP_MOTION|C_BUYER_ORGANIZER_PATH|D_FUTURE_DECISION_POINT|E_HOTEL_LODGING_EVIDENCE,STRONG,MISSING,WEAK,MISSING,MISSING,PRESENT,https://www.facebook.com/departement06/posts/-retour-sur-la-conf%C3%A9rence-iadates-avec-david-gurl%C3%A9le-palais-des-rois-sardes-%C3%A0-ni/1201482038673798/,,UNIVERSITY_EDUCATION
jar_YOTEL_77_sig_YOTEL_aHR0cHM6Ly91bmVz,YOTEL,Deutscher akademischer Austauschdienst (DAAD),Deutscher akademischer Austauschdienst (DAAD),DEMAND_ENGINE_UNIVERSE,DEMAND_SIGNAL,SIGNAL_ONLY,1,2,B_DEFINED_GROUP_MOTION|C_BUYER_ORGANIZER_PATH|D_FUTURE_DECISION_POINT|E_HOTEL_LODGING_EVIDENCE,STRONG,MISSING,WEAK,MISSING,MISSING,PRESENT,https://unesdoc.unesco.org/ark:/48223/pf0000070083_fre,,UNIVERSITY_EDUCATION
jar_YOTEL_78_sig_YOTEL_aHR0cHM6Ly9vcmFw,YOTEL,CURRICULUM VITAE,CURRICULUM VITAE,DEMAND_ENGINE_UNIVERSE,DEMAND_SIGNAL,SIGNAL_ONLY,0,2,B_DEFINED_GROUP_MOTION|C_BUYER_ORGANIZER_PATH|D_FUTURE_DECISION_POINT|E_HOTEL_LODGING_EVIDENCE,PRESENT,MISSING,MISSING,MISSING,MISSING,PRESENT,https://oraprdnt.uqtr.uquebec.ca/portail/docs/GSC4766/F_1908157885_publications_1.pdf,,UNIVERSITY_EDUCATION
jar_YOTEL_79_sig_YOTEL_aHR0cHM6Ly93d3cu,YOTEL,CURRICULUM VITÆ Isabelle RIGONI,CURRICULUM VITÆ Isabelle RIGONI,DEMAND_ENGINE_UNIVERSE,DEMAND_SIGNAL,SIGNAL_ONLY,1,2,B_DEFINED_GROUP_MOTION|C_BUYER_ORGANIZER_PATH|D_FUTURE_DECISION_POINT|E_HOTEL_LODGING_EVIDENCE,STRONG,MISSING,WEAK,MISSING,MISSING,PRESENT,https://www.centreemiledurkheim.fr/wp-content/uploads/2025/03/cv-rigoni.pdf,,UNIVERSITY_EDUCATION
jar_YOTEL_80_sig_YOTEL_aHR0cHM6Ly91bmVj,YOTEL,Conseil économique et social Distr. générale,Conseil économique et social Distr. générale,DEMAND_ENGINE_UNIVERSE,DEMAND_SIGNAL,SIGNAL_ONLY,1,2,B_DEFINED_GROUP_MOTION|C_BUYER_ORGANIZER_PATH|D_FUTURE_DECISION_POINT|E_HOTEL_LODGING_EVIDENCE,STRONG,MISSING,WEAK,MISSING,MISSING,PRESENT,https://unece.org/sites/default/files/2025-05/ECE-TRANS-WP.29-1184f.pdf,,UNIVERSITY_EDUCATION
jar_YOTEL_81_sig_YOTEL_aHR0cHM6Ly9lbi53,YOTEL,2026,2026,DEMAND_ENGINE_UNIVERSE,DEMAND_SIGNAL,REJECTED,0,2,A_NAMED_DEMAND_ENTITY|B_DEFINED_GROUP_MOTION|C_BUYER_ORGANIZER_PATH|E_HOTEL_LODGING_EVIDENCE,MISSING,MISSING,MISSING,PRESENT,MISSING,PRESENT,https://en.wikipedia.org/wiki/2026,,UNIVERSITY_EDUCATION
jar_YOTEL_82_sig_YOTEL_aHR0cHM6Ly93d3cu,YOTEL,Schedule of Social Security Benefit Payments - 2026-2027,Schedule of Social Security Benefit Payments,DEMAND_ENGINE_UNIVERSE,DEMAND_SIGNAL,PARTIAL_PACKET,1,3,B_DEFINED_GROUP_MOTION|C_BUYER_ORGANIZER_PATH|E_HOTEL_LODGING_EVIDENCE,STRONG,MISSING,WEAK,PRESENT,MISSING,PRESENT,https://www.ssa.gov/pubs/EN-05-10031-2027.pdf,,UNIVERSITY_EDUCATION
jar_YOTEL_83_sig_YOTEL_aHR0cHM6Ly93d3cu,YOTEL,School Year Calendar 2026–2027,School Year Calendar 2026–2027,DEMAND_ENGINE_UNIVERSE,DEMAND_SIGNAL,PARTIAL_PACKET,1,3,B_DEFINED_GROUP_MOTION|C_BUYER_ORGANIZER_PATH|E_HOTEL_LODGING_EVIDENCE,STRONG,MISSING,WEAK,PRESENT,MISSING,PRESENT,https://www.schools.nyc.gov/docs/default-source/sections/calendar/2026-27-school-year-calendar.pdf,,UNIVERSITY_EDUCATION
jar_YOTEL_84_sig_YOTEL_aHR0cHM6Ly93d3cu,YOTEL,General Assembly High-level Week 2026,General Assembly High,DEMAND_ENGINE_UNIVERSE,DEMAND_SIGNAL,PARTIAL_PACKET,1,3,B_DEFINED_GROUP_MOTION|C_BUYER_ORGANIZER_PATH|E_HOTEL_LODGING_EVIDENCE,STRONG,MISSING,WEAK,PRESENT,MISSING,PRESENT,https://www.un.org/en/high-level-week-2026,,UNIVERSITY_EDUCATION
jar_YOTEL_85_sig_YOTEL_aHR0cHM6Ly93d3cu,YOTEL,Fields Medals 2026 | International Mathematical Union (IMU),Fields Medals 2026,DEMAND_ENGINE_UNIVERSE,DEMAND_SIGNAL,PARTIAL_PACKET,1,3,B_DEFINED_GROUP_MOTION|C_BUYER_ORGANIZER_PATH|E_HOTEL_LODGING_EVIDENCE,STRONG,MISSING,WEAK,PRESENT,MISSING,PRESENT,https://www.mathunion.org/imu-awards/fields-medal/fields-medals-2026,,UNIVERSITY_EDUCATION
jar_YOTEL_86_sig_YOTEL_aHR0cHM6Ly93d3cu,YOTEL,World Trade Report 2026,World Trade Report 2026,DEMAND_ENGINE_UNIVERSE,DEMAND_SIGNAL,PARTIAL_PACKET,1,3,B_DEFINED_GROUP_MOTION|C_BUYER_ORGANIZER_PATH|E_HOTEL_LODGING_EVIDENCE,STRONG,MISSING,WEAK,PRESENT,MISSING,PRESENT,https://www.wto.org/english/res_e/publications_e/world-trade-report-2026_e.htm,,UNIVERSITY_EDUCATION
jar_YOTEL_87_sig_YOTEL_aHR0cHM6Ly9hYWFp,YOTEL,AAAI-27,AAAI,DEMAND_ENGINE_UNIVERSE,DEMAND_SIGNAL,SIGNAL_ONLY,0,2,A_NAMED_DEMAND_ENTITY|C_BUYER_ORGANIZER_PATH|D_FUTURE_DECISION_POINT|E_HOTEL_LODGING_EVIDENCE,MISSING,PRESENT,MISSING,MISSING,MISSING,PRESENT,https://aaai.org/conference/aaai/aaai-27/,,UNIVERSITY_EDUCATION
jar_YOTEL_88_sig_YOTEL_aHR0cHM6Ly93d3cu,YOTEL,Monitoring the U.S. Temperature and Precipitation in August ...,Monitoring the U.S. Temperature and Precipitation in August ...,DEMAND_ENGINE_UNIVERSE,DEMAND_SIGNAL,SIGNAL_ONLY,1,2,B_DEFINED_GROUP_MOTION|C_BUYER_ORGANIZER_PATH|D_FUTURE_DECISION_POINT|E_HOTEL_LODGING_EVIDENCE,STRONG,MISSING,WEAK,MISSING,MISSING,PRESENT,https://www.ncei.noaa.gov/news/national-climate-202608,,UNIVERSITY_EDUCATION
jar_YOTEL_89_sig_YOTEL_aHR0cHM6Ly94LmNv,YOTEL,Evan Hubinger on X,Evan Hubinger on X,DEMAND_ENGINE_UNIVERSE,DEMAND_SIGNAL,SIGNAL_ONLY,1,2,B_DEFINED_GROUP_MOTION|C_BUYER_ORGANIZER_PATH|D_FUTURE_DECISION_POINT|E_HOTEL_LODGING_EVIDENCE,STRONG,MISSING,WEAK,MISSING,MISSING,PRESENT,https://x.com/EvanHub/status/2097497037956891126,,UNIVERSITY_EDUCATION
jar_AC_90_sig_AC_aHR0cHM6Ly9jYWxl,AC,Calendario,Calendario,DEMAND_ENGINE_UNIVERSE,DEMAND_SIGNAL,SIGNAL_ONLY,0,1,A_NAMED_DEMAND_ENTITY|B_DEFINED_GROUP_MOTION|C_BUYER_ORGANIZER_PATH|D_FUTURE_DECISION_POINT|E_HOTEL_LODGING_EVIDENCE,WEAK,MISSING,MISSING,MISSING,MISSING,PRESENT,https://calendar.google.com/calendar/u/0/r?hl=es,,ASSOCIATION_NGO
jar_AC_91_sig_AC_aHR0cHM6Ly9lcy53,AC,"Asamblea - Wikipedia, la enciclopedia libre",Asamblea,DEMAND_ENGINE_UNIVERSE,DEMAND_SIGNAL,SIGNAL_ONLY,0,1,A_NAMED_DEMAND_ENTITY|B_DEFINED_GROUP_MOTION|C_BUYER_ORGANIZER_PATH|D_FUTURE_DECISION_POINT|E_HOTEL_LODGING_EVIDENCE,WEAK,MISSING,MISSING,MISSING,MISSING,PRESENT,https://es.wikipedia.org/wiki/Asamblea,,ASSOCIATION_NGO
jar_AC_92_sig_AC_aHR0cHM6Ly93d3cu,AC,Asamblea de Madrid,Asamblea de Madrid,DEMAND_ENGINE_UNIVERSE,DEMAND_SIGNAL,SIGNAL_ONLY,1,2,B_DEFINED_GROUP_MOTION|C_BUYER_ORGANIZER_PATH|D_FUTURE_DECISION_POINT|E_HOTEL_LODGING_EVIDENCE,STRONG,MISSING,WEAK,MISSING,MISSING,PRESENT,https://www.asambleamadrid.es/,,ASSOCIATION_NGO
jar_AC_93_sig_AC_aHR0cHM6Ly9hc2Ft,AC,Asamblea Ciudadana para el Clima: Inicio,Asamblea Ciudadana para el Clima,DEMAND_ENGINE_UNIVERSE,DEMAND_SIGNAL,SIGNAL_ONLY,1,2,B_DEFINED_GROUP_MOTION|C_BUYER_ORGANIZER_PATH|D_FUTURE_DECISION_POINT|E_HOTEL_LODGING_EVIDENCE,STRONG,MISSING,WEAK,MISSING,MISSING,PRESENT,https://asambleaciudadanadelcambioclimatico.es/,,ASSOCIATION_NGO
jar_AC_94_sig_AC_aHR0cHM6Ly9jb21l,AC,Calendario de actualización DataInvex,Calendario de actualización DataInvex,DEMAND_ENGINE_UNIVERSE,DEMAND_SIGNAL,SIGNAL_ONLY,1,2,B_DEFINED_GROUP_MOTION|C_BUYER_ORGANIZER_PATH|D_FUTURE_DECISION_POINT|E_HOTEL_LODGING_EVIDENCE,STRONG,MISSING,WEAK,MISSING,MISSING,PRESENT,https://comercio.gob.es/es-es/inversiones_exteriores/estadisticas/paginas/calendario-actualizacion-datainvex.aspx,,ASSOCIATION_NGO
jar_AC_95_sig_AC_aHR0cHM6Ly9kbGUu,AC,asamblea | Definición | Diccionario de la lengua española | RAE,asamblea,DEMAND_ENGINE_UNIVERSE,DEMAND_SIGNAL,SIGNAL_ONLY,0,1,A_NAMED_DEMAND_ENTITY|B_DEFINED_GROUP_MOTION|C_BUYER_ORGANIZER_PATH|D_FUTURE_DECISION_POINT|E_HOTEL_LODGING_EVIDENCE,WEAK,MISSING,MISSING,MISSING,MISSING,PRESENT,https://dle.rae.es/asamblea,,ASSOCIATION_NGO
jar_AC_96_sig_AC_aHR0cHM6Ly93d3cu,AC,Asamblea Regional,Asamblea Regional,DEMAND_ENGINE_UNIVERSE,DEMAND_SIGNAL,SIGNAL_ONLY,0,2,B_DEFINED_GROUP_MOTION|C_BUYER_ORGANIZER_PATH|D_FUTURE_DECISION_POINT|E_HOTEL_LODGING_EVIDENCE,PRESENT,MISSING,MISSING,MISSING,MISSING,PRESENT,https://www.asambleamurcia.es/,,ASSOCIATION_NGO
jar_AC_97_sig_AC_aHR0cHM6Ly93d3cu,AC,Calendario del Proceso de Admisión de GM y de GS ...,Calendario del Proceso de Admisión de GM y de GS ...,DEMAND_ENGINE_UNIVERSE,DEMAND_SIGNAL,SIGNAL_ONLY,1,2,B_DEFINED_GROUP_MOTION|C_BUYER_ORGANIZER_PATH|D_FUTURE_DECISION_POINT|E_HOTEL_LODGING_EVIDENCE,STRONG,MISSING,WEAK,MISSING,MISSING,PRESENT,https://www.carm.es/web/servlet/descarga?ALIAS=ARCH&IDCONTENIDO=18500&ARCHIVO=Calendario.pdf,,ASSOCIATION_NGO
jar_AC_98_sig_AC_aHR0cHM6Ly93d3cu,AC,La asamblea de Sol pide una huelga general por la vivienda,La asamblea de Sol pide una huelga general por la vivienda,DEMAND_ENGINE_UNIVERSE,DEMAND_SIGNAL,SIGNAL_ONLY,1,2,B_DEFINED_GROUP_MOTION|C_BUYER_ORGANIZER_PATH|D_FUTURE_DECISION_POINT|E_HOTEL_LODGING_EVIDENCE,STRONG,MISSING,WEAK,MISSING,MISSING,PRESENT,https://www.youtube.com/shorts/hRtxDXRt7hE,,ASSOCIATION_NGO
jar_AC_99_sig_AC_aHR0cHM6Ly93d3cu,AC,🌌 Dreaming of cosmic wonders? 🌌 Join us in A Coruña ...,🌌 Dreaming of cosmic wonders? 🌌 Join us in A Coruña ...,DEMAND_ENGINE_UNIVERSE,DEMAND_SIGNAL,SIGNAL_ONLY,1,2,B_DEFINED_GROUP_MOTION|C_BUYER_ORGANIZER_PATH|D_FUTURE_DECISION_POINT|E_HOTEL_LODGING_EVIDENCE,STRONG,MISSING,WEAK,MISSING,MISSING,PRESENT,https://www.instagram.com/p/DRhaNfeDNQe/,,ASSOCIATION_NGO
jar_AC_100_sig_AC_aHR0cHM6Ly9hbGxh,AC,Bulk Terminals A Coruña 2026 to tackle impack of global ...,Bulk Terminals A Coruña 2026 to tackle impack of global ...,DEMAND_ENGINE_UNIVERSE,DEMAND_SIGNAL,PARTIAL_PACKET,1,3,B_DEFINED_GROUP_MOTION|C_BUYER_ORGANIZER_PATH|E_HOTEL_LODGING_EVIDENCE,STRONG,MISSING,WEAK,PRESENT,MISSING,PRESENT,https://allaboutshipping.co.uk/2026/09/14/bulk-terminals-a-coruna-2026-to-tackle-impack-of-global-trade-uncertainty/,,ASSOCIATION_NGO
jar_AC_101_sig_AC_aHR0cHM6Ly93d3cu,AC,Government & Global Issues Conferences Spain,Government & Global Issues Conferences Spain,DEMAND_ENGINE_UNIVERSE,DEMAND_SIGNAL,PARTIAL_PACKET,1,3,C_BUYER_ORGANIZER_PATH|D_FUTURE_DECISION_POINT|E_HOTEL_LODGING_EVIDENCE,STRONG,PRESENT,WEAK,MISSING,MISSING,PRESENT,https://www.clocate.com/conferences-on+government-and-global-issues+in+spain/Y2EtNCtjby1lcw==/,,ASSOCIATION_NGO
jar_AC_102_sig_AC_aHR0cHM6Ly93d3cu,AC,Put your project at the center of the industry. The Expostand ...,Put your project at the center of the industry. The Expostand ...,DEMAND_ENGINE_UNIVERSE,DEMAND_SIGNAL,PARTIAL_PACKET,1,3,B_DEFINED_GROUP_MOTION|C_BUYER_ORGANIZER_PATH|E_HOTEL_LODGING_EVIDENCE,STRONG,MISSING,WEAK,PRESENT,MISSING,PRESENT,https://www.facebook.com/visaformusic/posts/put-your-project-at-the-center-of-the-industry-the-expostand-2026-is-more-than-j/1612894083726084/,,ASSOCIATION_NGO
jar_AC_103_sig_AC_aHR0cDovL2Vpby51,AC,Congresos,Congresos,DEMAND_ENGINE_UNIVERSE,DEMAND_SIGNAL,SIGNAL_ONLY,0,1,A_NAMED_DEMAND_ENTITY|B_DEFINED_GROUP_MOTION|C_BUYER_ORGANIZER_PATH|D_FUTURE_DECISION_POINT|E_HOTEL_LODGING_EVIDENCE,WEAK,MISSING,MISSING,MISSING,MISSING,PRESENT,http://eio.usc.es/pub/gi1914/index.php/es/8-congresos,,ASSOCIATION_NGO
jar_AC_104_sig_AC_aHR0cHM6Ly9ldXJh,AC,MS Teams Help,MS Teams Help,DEMAND_ENGINE_UNIVERSE,DEMAND_SIGNAL,SIGNAL_ONLY,1,2,B_DEFINED_GROUP_MOTION|C_BUYER_ORGANIZER_PATH|D_FUTURE_DECISION_POINT|E_HOTEL_LODGING_EVIDENCE,STRONG,MISSING,WEAK,MISSING,MISSING,PRESENT,https://euracoal.eu/euracoal/help/,,ASSOCIATION_NGO
jar_AC_105_sig_AC_aHR0cHM6Ly93d3cu,AC,Listado de actividades formativas y Reuniones Científico,Listado de actividades formativas y Reuniones Científico,DEMAND_ENGINE_UNIVERSE,DEMAND_SIGNAL,SIGNAL_ONLY,1,2,B_DEFINED_GROUP_MOTION|C_BUYER_ORGANIZER_PATH|D_FUTURE_DECISION_POINT|E_HOTEL_LODGING_EVIDENCE,STRONG,MISSING,WEAK,MISSING,MISSING,PRESENT,https://www.codigofarmaindustria.org/sites/sarfi/eventos.html?pais=SUIZA&datei=&datef=,,ASSOCIATION_NGO
jar_AC_106_sig_AC_aHR0cHM6Ly9jb25n,AC,CIDIP 2026 | International Congress on Project Management ...,CIDIP 2026,DEMAND_ENGINE_UNIVERSE,DEMAND_SIGNAL,PARTIAL_PACKET,0,4,C_BUYER_ORGANIZER_PATH|E_HOTEL_LODGING_EVIDENCE,PRESENT,PRESENT,MISSING,PRESENT,MISSING,PRESENT,https://congresos.aeipro.com/cidip-2026/,,ASSOCIATION_NGO
jar_AC_107_sig_AC_aHR0cHM6Ly93d3cu,AC,Espacios MICE para Presentación de producto en La Coruña,Espacios MICE para Presentación de producto en La Coruña,DEMAND_ENGINE_UNIVERSE,DEMAND_SIGNAL,SIGNAL_ONLY,1,2,B_DEFINED_GROUP_MOTION|C_BUYER_ORGANIZER_PATH|D_FUTURE_DECISION_POINT|E_HOTEL_LODGING_EVIDENCE,STRONG,MISSING,WEAK,MISSING,MISSING,PRESENT,https://www.venuesplace.com/es/presentacion-de-producto/espacios-mice/la-coru%C3%B1a,,CORPORATE
jar_AC_108_sig_AC_aHR0cHM6Ly93d3cu,AC,Espacios creativos para Team Building en La Coruña,Espacios creativos para Team Building en La Coruña,DEMAND_ENGINE_UNIVERSE,DEMAND_SIGNAL,SIGNAL_ONLY,1,2,B_DEFINED_GROUP_MOTION|C_BUYER_ORGANIZER_PATH|D_FUTURE_DECISION_POINT|E_HOTEL_LODGING_EVIDENCE,STRONG,MISSING,WEAK,MISSING,MISSING,PRESENT,https://www.venuesplace.com/es/team-building/espacios-creativos/la-coru%C3%B1a,,CORPORATE
jar_AC_109_sig_AC_aHR0cHM6Ly93d3cu,AC,Cada gran evento también necesita un lugar donde ...,Cada gran evento también necesita un lugar donde ...,DEMAND_ENGINE_UNIVERSE,DEMAND_SIGNAL,SIGNAL_ONLY,1,2,B_DEFINED_GROUP_MOTION|C_BUYER_ORGANIZER_PATH|D_FUTURE_DECISION_POINT|E_HOTEL_LODGING_EVIDENCE,STRONG,MISSING,WEAK,MISSING,MISSING,PRESENT,https://www.facebook.com/ACorunaCB/posts/cada-gran-evento-tambi%C3%A9n-necesita-un-lugar-donde-descansar-reunirse-y-sentirseco/1381696134069128/,,CORPORATE
jar_AC_110_sig_AC_aHR0cHM6Ly93d3cu,AC,"Imagina tu próximo congreso aquí✨ A Coruña, donde los ...","Imagina tu próximo congreso aquí✨ A Coruña, donde los ...",DEMAND_ENGINE_UNIVERSE,DEMAND_SIGNAL,PARTIAL_PACKET,1,3,C_BUYER_ORGANIZER_PATH|D_FUTURE_DECISION_POINT|E_HOTEL_LODGING_EVIDENCE,STRONG,PRESENT,WEAK,MISSING,MISSING,PRESENT,https://www.instagram.com/p/DK2ht19KxzY/,,CORPORATE
jar_AC_111_sig_AC_aHR0cHM6Ly93d3cu,AC,La Coruña Presentación de producto Espacio,La Coruña Presentación de producto Espacio,DEMAND_ENGINE_UNIVERSE,DEMAND_SIGNAL,SIGNAL_ONLY,1,2,B_DEFINED_GROUP_MOTION|C_BUYER_ORGANIZER_PATH|D_FUTURE_DECISION_POINT|E_HOTEL_LODGING_EVIDENCE,STRONG,MISSING,WEAK,MISSING,MISSING,PRESENT,https://www.venuesplace.com/es/presentacion-de-producto/la-coru%C3%B1a/santiago-de-compostela,,CORPORATE
jar_AC_112_sig_AC_aHR0cHM6Ly93d3cu,AC,Hoteles para eventos para Fiesta de empresa en La Coruña,Hoteles para eventos para Fiesta de empresa en La Coruña,DEMAND_ENGINE_UNIVERSE,DEMAND_SIGNAL,SIGNAL_ONLY,1,2,B_DEFINED_GROUP_MOTION|C_BUYER_ORGANIZER_PATH|D_FUTURE_DECISION_POINT|E_HOTEL_LODGING_EVIDENCE,STRONG,MISSING,WEAK,MISSING,MISSING,PRESENT,https://www.venuesplace.com/es/fiesta-de-empresa/hoteles-para-eventos/la-coru%C3%B1a,,CORPORATE
jar_AC_113_sig_AC_aHR0cHM6Ly93d3cu,AC,Salas de reuniones para Eventos del motor en La Coruña,Salas de reuniones para Eventos del motor en La Coruña,DEMAND_ENGINE_UNIVERSE,DEMAND_SIGNAL,SIGNAL_ONLY,1,2,B_DEFINED_GROUP_MOTION|C_BUYER_ORGANIZER_PATH|D_FUTURE_DECISION_POINT|E_HOTEL_LODGING_EVIDENCE,STRONG,MISSING,WEAK,MISSING,MISSING,PRESENT,https://www.venuesplace.com/es/eventos-del-motor/salas-de-reuniones/la-coru%C3%B1a,,CORPORATE
jar_AC_114_sig_AC_aHR0cHM6Ly93d3cu,AC,Hoteles para eventos para Reunión en La Coruña,Hoteles para eventos para Reunión en La Coruña,DEMAND_ENGINE_UNIVERSE,DEMAND_SIGNAL,SIGNAL_ONLY,1,2,B_DEFINED_GROUP_MOTION|C_BUYER_ORGANIZER_PATH|D_FUTURE_DECISION_POINT|E_HOTEL_LODGING_EVIDENCE,STRONG,MISSING,WEAK,MISSING,MISSING,PRESENT,https://www.venuesplace.com/es/reunion/hoteles-para-eventos/la-coru%C3%B1a/cocina-nueva,,CORPORATE
jar_AC_115_sig_AC_aHR0cHM6Ly93d3cu,AC,Salones para Eventos para empresas en La Coruña,Salones para Eventos para empresas en La Coruña,DEMAND_ENGINE_UNIVERSE,DEMAND_SIGNAL,SIGNAL_ONLY,1,2,B_DEFINED_GROUP_MOTION|C_BUYER_ORGANIZER_PATH|D_FUTURE_DECISION_POINT|E_HOTEL_LODGING_EVIDENCE,STRONG,MISSING,WEAK,MISSING,MISSING,PRESENT,https://www.venuesplace.com/es/eventos-para-empresas/salones/la-coru%C3%B1a/alquiler-integro-del-espacio,,CORPORATE
jar_AC_116_sig_AC_aHR0cHM6Ly93d3cu,AC,INNTERCONECTA - STEP 2026,INNTERCONECTA,DEMAND_ENGINE_UNIVERSE,DEMAND_SIGNAL,SIGNAL_ONLY,0,2,A_NAMED_DEMAND_ENTITY|B_DEFINED_GROUP_MOTION|C_BUYER_ORGANIZER_PATH|E_HOTEL_LODGING_EVIDENCE,WEAK,MISSING,MISSING,PRESENT,MISSING,PRESENT,https://www.cdti.es/ayudas/innterconecta-step-2026,,CORPORATE
jar_AC_117_sig_AC_aHR0cHM6Ly93d3cu,AC,Ayudas para contratos Ramón y Cajal (RYC) 2026,Ayudas para contratos Ramón y Cajal (RYC) 2026,DEMAND_ENGINE_UNIVERSE,DEMAND_SIGNAL,PARTIAL_PACKET,1,3,B_DEFINED_GROUP_MOTION|C_BUYER_ORGANIZER_PATH|E_HOTEL_LODGING_EVIDENCE,STRONG,MISSING,WEAK,PRESENT,MISSING,PRESENT,https://www.aei.gob.es/convocatorias/buscador-convocatorias/ayudas-contratos-ramon-cajal-ryc-2026,,CORPORATE
jar_AC_118_sig_AC_aHR0cHM6Ly93d3cu,AC,"Real Decreto 723/2026, de 9 de septiembre, por el que se ...","Real Decreto 723/2026, de 9 de septiembre, por el que se ...",DEMAND_ENGINE_UNIVERSE,DEMAND_SIGNAL,PARTIAL_PACKET,1,3,B_DEFINED_GROUP_MOTION|C_BUYER_ORGANIZER_PATH|E_HOTEL_LODGING_EVIDENCE,STRONG,MISSING,WEAK,PRESENT,MISSING,PRESENT,https://www.boe.es/buscar/act.php?id=BOE-A-2026-19200,,CORPORATE
jar_AC_119_sig_AC_aHR0cHM6Ly90aWVu,AC,CAMPEONES DEL MUNDIAL FIFA 2026 | Monedas | Productos,CAMPEONES DEL MUNDIAL FIFA 2026,DEMAND_ENGINE_UNIVERSE,DEMAND_SIGNAL,PARTIAL_PACKET,1,3,B_DEFINED_GROUP_MOTION|C_BUYER_ORGANIZER_PATH|E_HOTEL_LODGING_EVIDENCE,STRONG,MISSING,WEAK,PRESENT,MISSING,PRESENT,https://tienda.fnmt.es/fnmttv/fnmt/es/Productos/Monedas/CAMPEONES-DEL-MUNDIAL-FIFA-2026/p/92967070,,CORPORATE
jar_AC_120_sig_AC_aHR0cHM6Ly93d3cu,AC,Programación | Les Arts—Centro de Artes Escénicas en ...,Programación,DEMAND_ENGINE_UNIVERSE,DEMAND_SIGNAL,SIGNAL_ONLY,0,1,A_NAMED_DEMAND_ENTITY|B_DEFINED_GROUP_MOTION|C_BUYER_ORGANIZER_PATH|D_FUTURE_DECISION_POINT|E_HOTEL_LODGING_EVIDENCE,WEAK,MISSING,MISSING,MISSING,MISSING,PRESENT,https://www.lesarts.com/es/programacion.html,,CORPORATE
jar_AC_121_sig_AC_aHR0cHM6Ly93d3cy,AC,Calculadora IRPF 2026,Calculadora IRPF 2026,DEMAND_ENGINE_UNIVERSE,DEMAND_SIGNAL,PARTIAL_PACKET,1,3,B_DEFINED_GROUP_MOTION|C_BUYER_ORGANIZER_PATH|E_HOTEL_LODGING_EVIDENCE,STRONG,MISSING,WEAK,PRESENT,MISSING,PRESENT,https://www2.agenciatributaria.gob.es/wlpl/PRET-R200/R260/index.zul,,CORPORATE
jar_AC_122_sig_AC_aHR0cHM6Ly93d3cu,AC,"Correos, tarifas 2026","Correos, tarifas 2026",DEMAND_ENGINE_UNIVERSE,DEMAND_SIGNAL,PARTIAL_PACKET,1,3,B_DEFINED_GROUP_MOTION|C_BUYER_ORGANIZER_PATH|E_HOTEL_LODGING_EVIDENCE,STRONG,MISSING,WEAK,PRESENT,MISSING,PRESENT,https://www.correos.es/content/dam/correos/documentos/atc/tarifas/2026/Tarifas_Correos_2026_Peninsula_y_Baleares.pdf,,CORPORATE
jar_AC_123_sig_AC_aHR0cHM6Ly93d3cu,AC,INNOGLOBAL 2026,INNOGLOBAL 2026,DEMAND_ENGINE_UNIVERSE,DEMAND_SIGNAL,PARTIAL_PACKET,0,3,B_DEFINED_GROUP_MOTION|C_BUYER_ORGANIZER_PATH|E_HOTEL_LODGING_EVIDENCE,PRESENT,MISSING,MISSING,PRESENT,MISSING,PRESENT,https://www.cdti.es/ayudas/innoglobal-2026,,CORPORATE
jar_AC_124_sig_AC_aHR0cHM6Ly93d3cu,AC,2026 Total Solar Eclipse,2026 Total Solar Eclipse,DEMAND_ENGINE_UNIVERSE,DEMAND_SIGNAL,PARTIAL_PACKET,1,3,B_DEFINED_GROUP_MOTION|C_BUYER_ORGANIZER_PATH|E_HOTEL_LODGING_EVIDENCE,STRONG,MISSING,WEAK,PRESENT,MISSING,PRESENT,https://www.youtube.com/watch?v=rSvCuSQhC3w,,CORPORATE
jar_AC_125_sig_AC_aHR0cHM6Ly93d3cu,AC,Congreso de los Diputados: HOME,Congreso de los Diputados,DEMAND_ENGINE_UNIVERSE,DEMAND_SIGNAL,PARTIAL_PACKET,1,3,C_BUYER_ORGANIZER_PATH|D_FUTURE_DECISION_POINT|E_HOTEL_LODGING_EVIDENCE,STRONG,PRESENT,WEAK,MISSING,MISSING,PRESENT,https://www.congreso.es/,,UNIVERSITY_EDUCATION
jar_AC_126_sig_AC_aHR0cHM6Ly9lbHBh,AC,Esperpento en el Congreso | Opinión,Esperpento en el Congreso,DEMAND_ENGINE_UNIVERSE,DEMAND_SIGNAL,PARTIAL_PACKET,1,4,C_BUYER_ORGANIZER_PATH|E_HOTEL_LODGING_EVIDENCE,STRONG,PRESENT,WEAK,PRESENT,MISSING,PRESENT,https://elpais.com/opinion/2026-09-24/esperpento-en-el-congreso.html,,UNIVERSITY_EDUCATION
jar_AC_127_sig_AC_aHR0cHM6Ly9lcy53,AC,Congreso de los Estados Unidos,Congreso de los Estados Unidos,DEMAND_ENGINE_UNIVERSE,DEMAND_SIGNAL,PARTIAL_PACKET,1,3,C_BUYER_ORGANIZER_PATH|D_FUTURE_DECISION_POINT|E_HOTEL_LODGING_EVIDENCE,STRONG,PRESENT,WEAK,MISSING,MISSING,PRESENT,https://es.wikipedia.org/wiki/Congreso_de_los_Estados_Unidos,,UNIVERSITY_EDUCATION
jar_AC_128_sig_AC_aHR0cHM6Ly9hZWxl,AC,Inscripción VIII Congreso aelēc,Inscripción VIII Congreso aelēc,DEMAND_ENGINE_UNIVERSE,DEMAND_SIGNAL,PARTIAL_PACKET,1,3,C_BUYER_ORGANIZER_PATH|D_FUTURE_DECISION_POINT|E_HOTEL_LODGING_EVIDENCE,STRONG,PRESENT,WEAK,MISSING,MISSING,PRESENT,https://aelec.es/producto/inscripcion-viii-congreso-aelec-2/,,UNIVERSITY_EDUCATION
jar_AC_129_sig_AC_aHR0cHM6Ly93d3cu,AC,VII Congreso Europeo contra la Pobreza y la Exclusión ...,VII Congreso Europeo contra la Pobreza y la Exclusión ...,DEMAND_ENGINE_UNIVERSE,DEMAND_SIGNAL,PARTIAL_PACKET,1,3,C_BUYER_ORGANIZER_PATH|D_FUTURE_DECISION_POINT|E_HOTEL_LODGING_EVIDENCE,STRONG,PRESENT,WEAK,MISSING,MISSING,PRESENT,https://www.eapn.es/actividades/381/vii-congreso-europeo-contra-la-pobreza-y-la-exclusion-social,,UNIVERSITY_EDUCATION
jar_AC_130_sig_AC_aHR0cHM6Ly93d3cu,AC,El Congreso tramita una iniciativa de Podemos para ...,El Congreso tramita una iniciativa de Podemos para ...,DEMAND_ENGINE_UNIVERSE,DEMAND_SIGNAL,PARTIAL_PACKET,1,3,C_BUYER_ORGANIZER_PATH|D_FUTURE_DECISION_POINT|E_HOTEL_LODGING_EVIDENCE,STRONG,PRESENT,WEAK,MISSING,MISSING,PRESENT,https://www.abc.es/economia/congreso-tramita-iniciativa-podemos-eliminar-penalizacion-jubilacion-20260922212502-nt.html,,UNIVERSITY_EDUCATION
jar_AC_131_sig_AC_aHR0cHM6Ly93d3cu,AC,Global Senior Management Program | IE Business School,Global Senior Management Program,DEMAND_ENGINE_UNIVERSE,DEMAND_SIGNAL,SIGNAL_ONLY,1,2,B_DEFINED_GROUP_MOTION|C_BUYER_ORGANIZER_PATH|D_FUTURE_DECISION_POINT|E_HOTEL_LODGING_EVIDENCE,STRONG,MISSING,WEAK,MISSING,MISSING,PRESENT,https://www.ie.edu/lifelong-learning/programs/global-senior-management-program/admissions-financial-aid/,,UNIVERSITY_EDUCATION
jar_AC_132_sig_AC_aHR0cHM6Ly9pbnZl,AC,grupo de investigación persona-ambiente (gripa),grupo de investigación persona,DEMAND_ENGINE_UNIVERSE,DEMAND_SIGNAL,SIGNAL_ONLY,1,2,B_DEFINED_GROUP_MOTION|C_BUYER_ORGANIZER_PATH|D_FUTURE_DECISION_POINT|E_HOTEL_LODGING_EVIDENCE,STRONG,MISSING,WEAK,MISSING,MISSING,PRESENT,https://investigacion.udc.es/gl/Research/Details/G00069,,UNIVERSITY_EDUCATION
jar_AC_133_sig_AC_aHR0cHM6Ly9tcHRt,AC,PFot-807 AC. Photovoltaic installations Larentina of 39.99 ...,PFot,DEMAND_ENGINE_UNIVERSE,DEMAND_SIGNAL,REJECTED,0,1,A_NAMED_DEMAND_ENTITY|B_DEFINED_GROUP_MOTION|C_BUYER_ORGANIZER_PATH|D_FUTURE_DECISION_POINT|E_HOTEL_LODGING_EVIDENCE,MISSING,MISSING,MISSING,MISSING,MISSING,PRESENT,https://mptmd.gob.es/en/portal/delegaciones_gobierno/delegaciones/aragon/proyectos-ci/expedientes-renovables/teruel/fotovoltaicos/pfot_807_ac_instalaciones_fotovoltaicas_larentina_de_3999_mwins_-_354_mwn_inus_de_2081_mwins_-_184_mwn_y_ladon_de_3999_mwins_-_354_mwn_y_su_infraestructura_de_evacuacion_en_las_provincias_de_teruel_castellon_y_valencia,,UNIVERSITY_EDUCATION
jar_AC_134_sig_AC_aHR0cHM6Ly93d3cu,AC,ESADE Executive MBA 2026 graduation celebration,ESADE Executive MBA 2026 graduation celebration,DEMAND_ENGINE_UNIVERSE,DEMAND_SIGNAL,PARTIAL_PACKET,1,3,B_DEFINED_GROUP_MOTION|C_BUYER_ORGANIZER_PATH|E_HOTEL_LODGING_EVIDENCE,STRONG,MISSING,WEAK,PRESENT,MISSING,PRESENT,https://www.facebook.com/EsadeBS/posts/esade-gave-us-the-tools-to-build-and-lead-from-here-but-the-people-around-us-tau/1495101119330182/,,UNIVERSITY_EDUCATION
jar_AC_135_sig_AC_aHR0cHM6Ly93d3cu,AC,Jornadas de Economía de la Salud,Jornadas de Economía de la Salud,DEMAND_ENGINE_UNIVERSE,DEMAND_SIGNAL,PARTIAL_PACKET,1,3,B_DEFINED_GROUP_MOTION|C_BUYER_ORGANIZER_PATH|E_HOTEL_LODGING_EVIDENCE,STRONG,MISSING,WEAK,PRESENT,MISSING,PRESENT,https://www.aes.es/jornadas/docs/Comunicaciones-AES-2026.pdf,,UNIVERSITY_EDUCATION
jar_AC_136_sig_AC_aHR0cHM6Ly9vYS51,AC,Documentos relacionados con el Objetivo de Desarrollo ...,Documentos relacionados con el Objetivo de Desarrollo ...,DEMAND_ENGINE_UNIVERSE,DEMAND_SIGNAL,PARTIAL_PACKET,1,3,C_BUYER_ORGANIZER_PATH|D_FUTURE_DECISION_POINT|E_HOTEL_LODGING_EVIDENCE,STRONG,PRESENT,WEAK,MISSING,MISSING,PRESENT,https://oa.upm.es/view/ods/ciudades=5Fcomunidades=5Fsostenibles/conference=5Fitem.html,,UNIVERSITY_EDUCATION
jar_AC_137_sig_AC_aHR0cHM6Ly93d3cu,AC,Memoria Científica Anual - Annual Scientific Report,Memoria Científica Anual,DEMAND_ENGINE_UNIVERSE,DEMAND_SIGNAL,PARTIAL_PACKET,1,3,B_DEFINED_GROUP_MOTION|C_BUYER_ORGANIZER_PATH|E_HOTEL_LODGING_EVIDENCE,STRONG,MISSING,WEAK,PRESENT,MISSING,PRESENT,https://www.iisgaliciasur.es/wp-content/uploads/2026/06/MEMORIA-IISGALICIASUR-2019.pdf,,UNIVERSITY_EDUCATION
jar_AC_138_sig_AC_aHR0cHM6Ly93d3cu,AC,Universitat Jaume I,Universitat Jaume I,DEMAND_ENGINE_UNIVERSE,DEMAND_SIGNAL,SIGNAL_ONLY,1,2,B_DEFINED_GROUP_MOTION|C_BUYER_ORGANIZER_PATH|D_FUTURE_DECISION_POINT|E_HOTEL_LODGING_EVIDENCE,STRONG,MISSING,WEAK,MISSING,MISSING,PRESENT,https://www.uji.es/upo/rest/publicacion/idioma/en?urlRedirect=https://www.uji.es/institucional/estructura/personal/&url=/institucional/estructura/personal/&p_profesor=7611,,UNIVERSITY_EDUCATION
jar_AC_139_sig_AC_aHR0cHM6Ly9jZWQu,AC,Participació en trobades científiques,Participació en trobades científiques,DEMAND_ENGINE_UNIVERSE,DEMAND_SIGNAL,SIGNAL_ONLY,1,2,B_DEFINED_GROUP_MOTION|C_BUYER_ORGANIZER_PATH|D_FUTURE_DECISION_POINT|E_HOTEL_LODGING_EVIDENCE,STRONG,MISSING,WEAK,MISSING,MISSING,PRESENT,https://ced.cat/difusio/participacio-en-trobades-cientifiques/,,UNIVERSITY_EDUCATION
jar_AC_140_sig_AC_aHR0cHM6Ly9lcy53,AC,"2026 - Wikipedia, la enciclopedia libre",2026,DEMAND_ENGINE_UNIVERSE,DEMAND_SIGNAL,REJECTED,0,2,A_NAMED_DEMAND_ENTITY|B_DEFINED_GROUP_MOTION|C_BUYER_ORGANIZER_PATH|E_HOTEL_LODGING_EVIDENCE,MISSING,MISSING,MISSING,PRESENT,MISSING,PRESENT,https://es.wikipedia.org/wiki/2026,,PROCUREMENT_RFP
jar_AC_141_sig_AC_aHR0cHM6Ly90cmFu,AC,Plan Anual Normativo 2026,Plan Anual Normativo 2026,DEMAND_ENGINE_UNIVERSE,DEMAND_SIGNAL,PARTIAL_PACKET,1,3,B_DEFINED_GROUP_MOTION|C_BUYER_ORGANIZER_PATH|E_HOTEL_LODGING_EVIDENCE,STRONG,MISSING,WEAK,PRESENT,MISSING,PRESENT,https://transparencia.gob.es/content/dam/transparencia_home/publicidadactiva/normativa/pan2026/PAN%202026.pdf,,PROCUREMENT_RFP
jar_AC_142_sig_AC_aHR0cHM6Ly93d3cu,AC,El MICIU concede los Premios Nacionales de ...,El MICIU concede los Premios Nacionales de ...,DEMAND_ENGINE_UNIVERSE,DEMAND_SIGNAL,PARTIAL_PACKET,1,3,B_DEFINED_GROUP_MOTION|C_BUYER_ORGANIZER_PATH|E_HOTEL_LODGING_EVIDENCE,STRONG,MISSING,WEAK,PRESENT,MISSING,PRESENT,https://www.ciencia.gob.es/Noticias/2026/julio/MICIU-concede-Premios-Nacionales-Investigacion-2026.html,,PROCUREMENT_RFP
jar_AC_143_sig_AC_aHR0cHM6Ly93d3cu,AC,Evolett - Víveme | Knockouts | The Voice Kids Spain 2026,Evolett,DEMAND_ENGINE_UNIVERSE,DEMAND_SIGNAL,SIGNAL_ONLY,0,2,A_NAMED_DEMAND_ENTITY|B_DEFINED_GROUP_MOTION|C_BUYER_ORGANIZER_PATH|E_HOTEL_LODGING_EVIDENCE,WEAK,MISSING,MISSING,PRESENT,MISSING,PRESENT,https://www.youtube.com/watch?v=D1RiA8m52UY&vl=es,,PROCUREMENT_RFP
jar_AC_144_sig_AC_aHR0cHM6Ly93d3cu,AC,10 años compartiendo mi vida con este ratón. Gracias por ...,10 años compartiendo mi vida con este ratón. Gracias por ...,DEMAND_ENGINE_UNIVERSE,DEMAND_SIGNAL,SIGNAL_ONLY,1,2,B_DEFINED_GROUP_MOTION|C_BUYER_ORGANIZER_PATH|D_FUTURE_DECISION_POINT|E_HOTEL_LODGING_EVIDENCE,STRONG,MISSING,WEAK,MISSING,MISSING,PRESENT,https://www.instagram.com/p/DU_nWxijIgi/?hl=es,,PROCUREMENT_RFP
jar_SPICE_145_sig_SPICE_aHR0cHM6Ly93d3cu,SPICE,Grenada Spicemas 2027 Package Options,Grenada Spicemas 2027 Package Options,DEMAND_ENGINE_UNIVERSE,DEMAND_SIGNAL,PARTIAL_PACKET,1,3,B_DEFINED_GROUP_MOTION|C_BUYER_ORGANIZER_PATH|E_HOTEL_LODGING_EVIDENCE,STRONG,MISSING,WEAK,PRESENT,MISSING,PRESENT,https://www.liminpros.co/post/grenada-spicemas-2027-package-options,,TOUR_DMC_INCENTIVE
jar_SPICE_146_sig_SPICE_aHR0cHM6Ly93d3cu,SPICE,GIS Grenada's post,GIS Grenada's post,DEMAND_ENGINE_UNIVERSE,DEMAND_SIGNAL,SIGNAL_ONLY,1,2,B_DEFINED_GROUP_MOTION|C_BUYER_ORGANIZER_PATH|D_FUTURE_DECISION_POINT|E_HOTEL_LODGING_EVIDENCE,STRONG,MISSING,WEAK,MISSING,MISSING,PRESENT,https://www.facebook.com/gisgrenada/posts/%F0%9D%90%92%F0%9D%90%9E%F0%9D%90%AB%F0%9D%90%AF%F0%9D%90%A2%F0%9D%90%9C%F0%9D%90%9E-%F0%9D%90%9E%F0%9D%90%B1%F0%9D%90%9C%F0%9D%90%9E%F0%9D%90%A5%F0%9D%90%A5%F0%9D%90%9E%F0%9D%90%A7%F0%9D%90%9C%F0%9D%90%9E-%F0%9D%90%A4%F0%9D%90%9E%F0%9D%90%B2-%F0%9D%90%AD%F0%9D%90%A8-%F0%9D%90%86%F0%9D%90%93%F0%9D%90%80ceo-of-the-grenada-tourism-authority-petra-roach-sa/899907855664295/,,TOUR_DMC_INCENTIVE
jar_SPICE_147_sig_SPICE_aHR0cHM6Ly93d3cu,SPICE,"Find St George's, Grenada Hotels","Find St George's, Grenada Hotels",DEMAND_ENGINE_UNIVERSE,DEMAND_SIGNAL,SIGNAL_ONLY,1,2,B_DEFINED_GROUP_MOTION|C_BUYER_ORGANIZER_PATH|D_FUTURE_DECISION_POINT|E_HOTEL_LODGING_EVIDENCE,STRONG,MISSING,WEAK,MISSING,MISSING,PRESENT,https://www.businesstravelnews.com/Hotels/St-Georges-Grenada,,TOUR_DMC_INCENTIVE
jar_SPICE_148_sig_SPICE_aHR0cHM6Ly93d3cu,SPICE,Grenada draws one uninterrupted ...,Grenada draws one uninterrupted ...,DEMAND_ENGINE_UNIVERSE,DEMAND_SIGNAL,SIGNAL_ONLY,1,2,B_DEFINED_GROUP_MOTION|C_BUYER_ORGANIZER_PATH|D_FUTURE_DECISION_POINT|E_HOTEL_LODGING_EVIDENCE,STRONG,MISSING,WEAK,MISSING,MISSING,PRESENT,https://www.instagram.com/reel/Dbz9rfQDp1p/,,TOUR_DMC_INCENTIVE
jar_SPICE_149_sig_SPICE_aHR0cHM6Ly93d3cu,SPICE,"Find St George's, Grenada Hotels","Find St George's, Grenada Hotels",DEMAND_ENGINE_UNIVERSE,DEMAND_SIGNAL,SIGNAL_ONLY,1,2,B_DEFINED_GROUP_MOTION|C_BUYER_ORGANIZER_PATH|D_FUTURE_DECISION_POINT|E_HOTEL_LODGING_EVIDENCE,STRONG,MISSING,WEAK,MISSING,MISSING,PRESENT,https://www.travelweekly-asia.com/Hotels/St-Georges-Grenada,,TOUR_DMC_INCENTIVE
jar_SPICE_150_sig_SPICE_aHR0cHM6Ly93d3cu,SPICE,SIX SENSES LA SAGESSE AND INTERCONTINENTAL ...,SIX SENSES LA SAGESSE AND INTERCONTINENTAL ...,DEMAND_ENGINE_UNIVERSE,DEMAND_SIGNAL,SIGNAL_ONLY,1,2,B_DEFINED_GROUP_MOTION|C_BUYER_ORGANIZER_PATH|D_FUTURE_DECISION_POINT|E_HOTEL_LODGING_EVIDENCE,STRONG,MISSING,WEAK,MISSING,MISSING,PRESENT,https://www.instagram.com/p/DdZBLknF5OX/,,TOUR_DMC_INCENTIVE
jar_SPICE_151_sig_SPICE_aHR0cHM6Ly93d3cu,SPICE,Escape to Grenada 2026: Win a 5-Day Trip for You and ...,Escape to Grenada 2026,DEMAND_ENGINE_UNIVERSE,DEMAND_SIGNAL,PARTIAL_PACKET,1,3,B_DEFINED_GROUP_MOTION|C_BUYER_ORGANIZER_PATH|E_HOTEL_LODGING_EVIDENCE,STRONG,MISSING,WEAK,PRESENT,MISSING,PRESENT,https://www.facebook.com/Hott935/posts/its-time-to-escape-to-grenada-hott-93-is-turning-up-the-heat-and-you-could-be-je/1706599074802907/,,TOUR_DMC_INCENTIVE
jar_SPICE_152_sig_SPICE_aHR0cHM6Ly93d3cu,SPICE,CTO News – Page 26,CTO News – Page 26,DEMAND_ENGINE_UNIVERSE,DEMAND_SIGNAL,SIGNAL_ONLY,1,2,B_DEFINED_GROUP_MOTION|C_BUYER_ORGANIZER_PATH|D_FUTURE_DECISION_POINT|E_HOTEL_LODGING_EVIDENCE,STRONG,MISSING,WEAK,MISSING,MISSING,PRESENT,https://www.onecaribbean.org/media/cto-news/page/26/?fbclid=iwar3igju3r-mhgmfnn9fnaxyksq4h6tszevf-deexgfw1cunktj3yjazozui,,TOUR_DMC_INCENTIVE
jar_SPICE_153_sig_SPICE_aHR0cHM6Ly93d3cu,SPICE,Luxury Grenada Holidays 2026/2027 | ITC - Inspiring Travel,Luxury Grenada Holidays 2026/2027,DEMAND_ENGINE_UNIVERSE,DEMAND_SIGNAL,PARTIAL_PACKET,1,3,B_DEFINED_GROUP_MOTION|C_BUYER_ORGANIZER_PATH|E_HOTEL_LODGING_EVIDENCE,STRONG,MISSING,WEAK,PRESENT,MISSING,PRESENT,https://www.inspiringtravel.co.uk/caribbean/grenada,,CORPORATE
jar_SPICE_154_sig_SPICE_aHR0cHM6Ly93d3cu,SPICE,Hotel Granada Announces Key F&B Leadership Ahead of ...,Hotel Granada Announces Key F&B Leadership Ahead of ...,DEMAND_ENGINE_UNIVERSE,DEMAND_SIGNAL,SIGNAL_ONLY,1,2,B_DEFINED_GROUP_MOTION|C_BUYER_ORGANIZER_PATH|D_FUTURE_DECISION_POINT|E_HOTEL_LODGING_EVIDENCE,STRONG,MISSING,WEAK,MISSING,MISSING,PRESENT,https://www.hotel-online.com/news/hotel-granada-announces-key-fb-leadership-ahead-of-august-opening,,CORPORATE
jar_SPICE_155_sig_SPICE_aHR0cHM6Ly93d3cu,SPICE,Luxury Grenada Hotels & Best Accommodation in Grenada,Luxury Grenada Hotels & Best Accommodation in Grenada,DEMAND_ENGINE_UNIVERSE,DEMAND_SIGNAL,PARTIAL_PACKET,1,3,B_DEFINED_GROUP_MOTION|C_BUYER_ORGANIZER_PATH|D_FUTURE_DECISION_POINT,STRONG,MISSING,WEAK,MISSING,PRESENT,PRESENT,https://www.scottdunn.com/us/grenada/hotels,,CORPORATE
jar_SPICE_156_sig_SPICE_aHR0cHM6Ly93d3cu,SPICE,Silversands Collection Grenada's Post,Silversands Collection Grenada's Post,DEMAND_ENGINE_UNIVERSE,DEMAND_SIGNAL,SIGNAL_ONLY,1,2,B_DEFINED_GROUP_MOTION|C_BUYER_ORGANIZER_PATH|D_FUTURE_DECISION_POINT|E_HOTEL_LODGING_EVIDENCE,STRONG,MISSING,WEAK,MISSING,MISSING,PRESENT,https://www.linkedin.com/posts/silversandsgrenada_we-are-happy-to-officially-announce-dennis-activity-7358867069511057408-hu4u,,CORPORATE
jar_SPICE_157_sig_SPICE_aHR0cHM6Ly93d3cu,SPICE,Lance Aux Epines Cottages Meetings and Events,Lance Aux Epines Cottages Meetings and Events,DEMAND_ENGINE_UNIVERSE,DEMAND_SIGNAL,SIGNAL_ONLY,1,2,B_DEFINED_GROUP_MOTION|C_BUYER_ORGANIZER_PATH|D_FUTURE_DECISION_POINT|E_HOTEL_LODGING_EVIDENCE,STRONG,MISSING,WEAK,MISSING,MISSING,PRESENT,https://www.travelagewest.com/Hotels/Lance-Aux-Epines-Grenada/Lance-Aux-Epines-Cottages/Meetings-Events-p52057638,,CORPORATE
jar_SPICE_158_sig_SPICE_aHR0cHM6Ly93d3cu,SPICE,“Forge meaningful Partnerships through travel” The Grenada ...,“Forge meaningful Partnerships through travel” The Grenada ...,DEMAND_ENGINE_UNIVERSE,DEMAND_SIGNAL,SIGNAL_ONLY,1,2,B_DEFINED_GROUP_MOTION|C_BUYER_ORGANIZER_PATH|D_FUTURE_DECISION_POINT|E_HOTEL_LODGING_EVIDENCE,STRONG,MISSING,WEAK,MISSING,MISSING,PRESENT,https://www.facebook.com/puregrenada/posts/forge-meaningful-partnerships-through-travelthe-grenada-tourism-authority-gta-su/735304748630147/,,CORPORATE
jar_SPICE_159_sig_SPICE_aHR0cHM6Ly93d3cu,SPICE,Grenada Diaspora Homecoming at Radisson ...,Grenada Diaspora Homecoming at Radisson ...,DEMAND_ENGINE_UNIVERSE,DEMAND_SIGNAL,SIGNAL_ONLY,1,2,B_DEFINED_GROUP_MOTION|C_BUYER_ORGANIZER_PATH|D_FUTURE_DECISION_POINT|E_HOTEL_LODGING_EVIDENCE,STRONG,MISSING,WEAK,MISSING,MISSING,PRESENT,https://www.facebook.com/groups/668061303250857/posts/27492729617023995/,,CORPORATE
jar_SPICE_160_sig_SPICE_aHR0cHM6Ly93d3cu,SPICE,"Day 3 | CELAM Caribbean Regional Meeting 2026 🇹🇹 Today, ...",Day 3,DEMAND_ENGINE_UNIVERSE,DEMAND_SIGNAL,REJECTED,0,2,A_NAMED_DEMAND_ENTITY|B_DEFINED_GROUP_MOTION|C_BUYER_ORGANIZER_PATH|E_HOTEL_LODGING_EVIDENCE,MISSING,MISSING,MISSING,PRESENT,MISSING,PRESENT,https://www.instagram.com/reel/DZbWPmAiSZl/,,ASSOCIATION_NGO
jar_SPICE_161_sig_SPICE_aHR0cHM6Ly9jb25m,SPICE,International Conference on International Conference on ...,International Conference on International Conference on ...,DEMAND_ENGINE_UNIVERSE,DEMAND_SIGNAL,PARTIAL_PACKET,1,3,C_BUYER_ORGANIZER_PATH|D_FUTURE_DECISION_POINT|E_HOTEL_LODGING_EVIDENCE,STRONG,PRESENT,WEAK,MISSING,MISSING,PRESENT,https://conferencenext.com/event/100964686,,ASSOCIATION_NGO
jar_SPICE_162_sig_SPICE_aHR0cHM6Ly93d3cu,SPICE,Setting the Bar in Public Sector Governance! We are ...,Setting the Bar in Public Sector Governance! We are ...,DEMAND_ENGINE_UNIVERSE,DEMAND_SIGNAL,SIGNAL_ONLY,1,2,B_DEFINED_GROUP_MOTION|C_BUYER_ORGANIZER_PATH|D_FUTURE_DECISION_POINT|E_HOTEL_LODGING_EVIDENCE,STRONG,MISSING,WEAK,MISSING,MISSING,PRESENT,https://www.instagram.com/p/DeAyw6_jLPg/,,ASSOCIATION_NGO
jar_SPICE_163_sig_SPICE_aHR0cHM6Ly93d3cu,SPICE,Pure Grenada,Pure Grenada,DEMAND_ENGINE_UNIVERSE,DEMAND_SIGNAL,SIGNAL_ONLY,0,2,B_DEFINED_GROUP_MOTION|C_BUYER_ORGANIZER_PATH|D_FUTURE_DECISION_POINT|E_HOTEL_LODGING_EVIDENCE,PRESENT,MISSING,MISSING,MISSING,MISSING,PRESENT,https://www.facebook.com/puregrenada/posts/two-weeks-one-homeland-endless-moments-to-reconnect-from-cultural-celebrations-a/1417687760391839/,,ASSOCIATION_NGO
jar_SPICE_164_sig_SPICE_aHR0cHM6Ly93d3cu,SPICE,So many photos and memorable moments from the 29th ...,So many photos and memorable moments from the 29th ...,DEMAND_ENGINE_UNIVERSE,DEMAND_SIGNAL,SIGNAL_ONLY,1,2,B_DEFINED_GROUP_MOTION|C_BUYER_ORGANIZER_PATH|D_FUTURE_DECISION_POINT|E_HOTEL_LODGING_EVIDENCE,STRONG,MISSING,WEAK,MISSING,MISSING,PRESENT,https://www.instagram.com/reel/DbOrStPOgky/,,ASSOCIATION_NGO
jar_SPICE_165_sig_SPICE_aHR0cHM6Ly9jYXJp,SPICE,GRENADA GETS SET TO HOST ACCP,GRENADA GETS SET TO HOST ACCP,DEMAND_ENGINE_UNIVERSE,DEMAND_SIGNAL,SIGNAL_ONLY,1,2,B_DEFINED_GROUP_MOTION|C_BUYER_ORGANIZER_PATH|D_FUTURE_DECISION_POINT|E_HOTEL_LODGING_EVIDENCE,STRONG,MISSING,WEAK,MISSING,MISSING,PRESENT,https://caricom.org/grenada-gets-set-to-host-accp/,,ASSOCIATION_NGO
jar_SPICE_166_sig_SPICE_aHR0cHM6Ly9jb25m,SPICE,International Conference on International Conference on ...,International Conference on International Conference on ...,DEMAND_ENGINE_UNIVERSE,DEMAND_SIGNAL,PARTIAL_PACKET,1,3,C_BUYER_ORGANIZER_PATH|D_FUTURE_DECISION_POINT|E_HOTEL_LODGING_EVIDENCE,STRONG,PRESENT,WEAK,MISSING,MISSING,PRESENT,https://conferencenext.com/event/100956082,,ASSOCIATION_NGO
jar_SPICE_167_sig_SPICE_aHR0cHM6Ly9hbWlt,SPICE,"Event Space & Hotels in Grand Anse, Grenada","Event Space & Hotels in Grand Anse, Grenada",DEMAND_ENGINE_UNIVERSE,DEMAND_SIGNAL,SIGNAL_ONLY,1,2,B_DEFINED_GROUP_MOTION|C_BUYER_ORGANIZER_PATH|D_FUTURE_DECISION_POINT|E_HOTEL_LODGING_EVIDENCE,STRONG,MISSING,WEAK,MISSING,MISSING,PRESENT,https://amimagazine.global/meeting-event-venues/grand-anse-grenada/hotels,,SPORTS_ENTERTAINMENT_SOCIAL
jar_SPICE_168_sig_SPICE_aHR0cHM6Ly93d3cu,SPICE,"Event Space & Hotels in Grand Anse, Grenada","Event Space & Hotels in Grand Anse, Grenada",DEMAND_ENGINE_UNIVERSE,DEMAND_SIGNAL,SIGNAL_ONLY,1,2,B_DEFINED_GROUP_MOTION|C_BUYER_ORGANIZER_PATH|D_FUTURE_DECISION_POINT|E_HOTEL_LODGING_EVIDENCE,STRONG,MISSING,WEAK,MISSING,MISSING,PRESENT,https://www.northstarmeetingsgroup.com/Meeting-Event-Venues/Grand-Anse-Grenada/Convention-Centers?pg=2,,SPORTS_ENTERTAINMENT_SOCIAL
jar_SPICE_169_sig_SPICE_aHR0cHM6Ly9taXRt,SPICE,"Event Space & Hotels in Grand Anse, Grenada","Event Space & Hotels in Grand Anse, Grenada",DEMAND_ENGINE_UNIVERSE,DEMAND_SIGNAL,SIGNAL_ONLY,1,2,B_DEFINED_GROUP_MOTION|C_BUYER_ORGANIZER_PATH|D_FUTURE_DECISION_POINT|E_HOTEL_LODGING_EVIDENCE,STRONG,MISSING,WEAK,MISSING,MISSING,PRESENT,https://mitmagazine.co.uk/Meeting-Event-Venues/Grand-Anse-Grenada/Hotels,,SPORTS_ENTERTAINMENT_SOCIAL
jar_SPICE_170_sig_SPICE_aHR0cHM6Ly93d3cu,SPICE,"Allamanda Beach Resort & Spa - Grand Anse, Grenada",Allamanda Beach Resort & Spa,DEMAND_ENGINE_UNIVERSE,DEMAND_SIGNAL,SIGNAL_ONLY,1,2,B_DEFINED_GROUP_MOTION|C_BUYER_ORGANIZER_PATH|D_FUTURE_DECISION_POINT|E_HOTEL_LODGING_EVIDENCE,STRONG,MISSING,WEAK,MISSING,MISSING,PRESENT,https://www.meetings-conventions.com/Meeting-Event-Venues/Grand-Anse-Grenada/Convention-Hotel/Allamanda-Beach-Resort-Spa-p4547729,,SPORTS_ENTERTAINMENT_SOCIAL
jar_SPICE_171_sig_SPICE_aHR0cHM6Ly93d3cu,SPICE,Downtown Hotels in Grand Anse - Grenada,Downtown Hotels in Grand Anse,DEMAND_ENGINE_UNIVERSE,DEMAND_SIGNAL,SIGNAL_ONLY,1,2,B_DEFINED_GROUP_MOTION|C_BUYER_ORGANIZER_PATH|D_FUTURE_DECISION_POINT|E_HOTEL_LODGING_EVIDENCE,STRONG,MISSING,WEAK,MISSING,MISSING,PRESENT,https://www.travelweekly.com/Hotels/Grand-Anse-Grenada,,SPORTS_ENTERTAINMENT_SOCIAL
jar_SPICE_172_sig_SPICE_aHR0cHM6Ly93aWxk,SPICE,"Things to do in Grenada in 2026 and 2027, from new ...","Things to do in Grenada in 2026 and 2027, from new ...",DEMAND_ENGINE_UNIVERSE,DEMAND_SIGNAL,REJECTED,0,2,A_NAMED_DEMAND_ENTITY|B_DEFINED_GROUP_MOTION|C_BUYER_ORGANIZER_PATH|E_HOTEL_LODGING_EVIDENCE,MISSING,MISSING,MISSING,PRESENT,MISSING,PRESENT,https://wildbayco.com/grenada-luxury-hotels-spicemas-travel-guide-2026/,,SPORTS_ENTERTAINMENT_SOCIAL
jar_SPICE_173_sig_SPICE_aHR0cHM6Ly93d3cu,SPICE,CWWA 2026 conference accommodation at Radisson ...,CWWA 2026 conference accommodation at Radisson ...,DEMAND_ENGINE_UNIVERSE,DEMAND_SIGNAL,COMPLETE_PLAUSIBLE,1,5,C_BUYER_ORGANIZER_PATH,STRONG,PRESENT,WEAK,PRESENT,PRESENT,PRESENT,https://www.facebook.com/cwwacaribbean/posts/%F0%9D%9F%92%F0%9D%9F%8E-%F0%9D%90%83%F0%9D%90%80%F0%9D%90%98%F0%9D%90%92-%F0%9D%90%93%F0%9D%90%8E-%F0%9D%90%86%F0%9D%90%8E-%F0%9D%90%94%F0%9D%90%8D%F0%9D%90%93%F0%9D%90%88%F0%9D%90%8B-%F0%9D%90%82%F0%9D%90%96%F0%9D%90%96%F0%9D%90%80-%F0%9D%9F%90%F0%9D%9F%8E%F0%9D%9F%90%F0%9D%9F%94grenada-is-getting-ready-to-welcome-the-caribbean-f/1105336138723521/,,SPORTS_ENTERTAINMENT_SOCIAL
jar_SPICE_174_sig_SPICE_aHR0cHM6Ly93d3cu,SPICE,InterContinental Grenada Resort & Spa Meetings & Events,InterContinental Grenada Resort & Spa Meetings & Events,DEMAND_ENGINE_UNIVERSE,DEMAND_SIGNAL,SIGNAL_ONLY,1,2,B_DEFINED_GROUP_MOTION|C_BUYER_ORGANIZER_PATH|D_FUTURE_DECISION_POINT|E_HOTEL_LODGING_EVIDENCE,STRONG,MISSING,WEAK,MISSING,MISSING,PRESENT,https://www.ihg.com/intercontinental/hotels/gb/en/la-sagesse/skblg/hoteldetail/meetings-events,,SPORTS_ENTERTAINMENT_SOCIAL
jar_SPICE_175_sig_feeder_SPICE_aHR0cDovL3d3,SPICE,"Incentive travel, Meetings and events","Incentive travel, Meetings and events",DEMAND_ENGINE_UNIVERSE,DEMAND_SIGNAL,PARTIAL_PACKET,1,3,C_BUYER_ORGANIZER_PATH|D_FUTURE_DECISION_POINT|E_HOTEL_LODGING_EVIDENCE,STRONG,PRESENT,WEAK,MISSING,MISSING,PRESENT,http://www.chile.alchemydmc.com/incentive-travel-meetings-and-events/,,TOUR_DMC_INCENTIVE
jar_SPICE_176_sig_feeder_SPICE_aHR0cHM6Ly93,SPICE,Incentive Travel Trends 2026: What Corporate Groups ...,Incentive Travel Trends 2026,DEMAND_ENGINE_UNIVERSE,DEMAND_SIGNAL,PARTIAL_PACKET,1,4,C_BUYER_ORGANIZER_PATH|E_HOTEL_LODGING_EVIDENCE,STRONG,PRESENT,WEAK,PRESENT,MISSING,PRESENT,https://www.hollanddmcpartners.com/post/incentive-travel-trends-2026-holland,,TOUR_DMC_INCENTIVE
jar_SPICE_177_sig_feeder_SPICE_aHR0cHM6Ly90,SPICE,Indonesia (Introduction) - DMC Collective,Indonesia (Introduction),DEMAND_ENGINE_UNIVERSE,DEMAND_SIGNAL,PARTIAL_PACKET,0,4,D_FUTURE_DECISION_POINT|E_HOTEL_LODGING_EVIDENCE,PRESENT,PRESENT,PRESENT,MISSING,MISSING,PRESENT,https://thedmccollective.com/indonesia-dmc-incentive-travel/,,TOUR_DMC_INCENTIVE
jar_SPICE_178_sig_feeder_SPICE_aHR0cHM6Ly93,SPICE,Ready to explore the future of Grenada's hospitality sector ...,Ready to explore the future of Grenada's hospitality sector ...,DEMAND_ENGINE_UNIVERSE,DEMAND_SIGNAL,SIGNAL_ONLY,1,2,B_DEFINED_GROUP_MOTION|C_BUYER_ORGANIZER_PATH|D_FUTURE_DECISION_POINT|E_HOTEL_LODGING_EVIDENCE,STRONG,MISSING,WEAK,MISSING,MISSING,PRESENT,https://www.facebook.com/pureinvestmentgrenada/posts/ready-to-explore-the-future-of-grenadas-hospitality-sector-join-us-for-session-i/1090684966891839/,,TOUR_DMC_INCENTIVE
jar_SPICE_179_sig_feeder_SPICE_aHR0cHM6Ly9k,SPICE,The best Incentive travel Destination Management ...,The best Incentive travel Destination Management ...,DEMAND_ENGINE_UNIVERSE,DEMAND_SIGNAL,PARTIAL_PACKET,1,4,D_FUTURE_DECISION_POINT|E_HOTEL_LODGING_EVIDENCE,STRONG,PRESENT,PRESENT,MISSING,MISSING,PRESENT,https://dmcfinder.com/dmc/incentive-travel-destination-management-company-in-seychelles/,,TOUR_DMC_INCENTIVE
jar_SPICE_180_sig_feeder_SPICE_aHR0cHM6Ly9k,SPICE,Corporate social responsibility incentive travel | Granada,Corporate social responsibility incentive travel,DEMAND_ENGINE_UNIVERSE,DEMAND_SIGNAL,PARTIAL_PACKET,1,3,C_BUYER_ORGANIZER_PATH|D_FUTURE_DECISION_POINT|E_HOTEL_LODGING_EVIDENCE,STRONG,PRESENT,WEAK,MISSING,MISSING,PRESENT,https://dmcgranada.com/csr-incentive-travel-granada/,,TOUR_DMC_INCENTIVE
jar_SPICE_181_sig_feeder_SPICE_aHR0cHM6Ly93,SPICE,Grenada's new voluntourism program offers authentic ...,Grenada's new voluntourism program offers authentic ...,DEMAND_ENGINE_UNIVERSE,DEMAND_SIGNAL,SIGNAL_ONLY,1,2,B_DEFINED_GROUP_MOTION|C_BUYER_ORGANIZER_PATH|D_FUTURE_DECISION_POINT|E_HOTEL_LODGING_EVIDENCE,STRONG,MISSING,WEAK,MISSING,MISSING,PRESENT,https://www.traveltradecaribbean.es/en/grenadas-new-voluntourism-program-offers-authentic-experiences-for-visitors-looking-to-make-an-impact/,,TOUR_DMC_INCENTIVE
jar_SPICE_182_sig_feeder_SPICE_aHR0cHM6Ly9z,SPICE,Six Destination Ideas for your Next Incentive Travel Trip,Six Destination Ideas for your Next Incentive Travel Trip,DEMAND_ENGINE_UNIVERSE,DEMAND_SIGNAL,PARTIAL_PACKET,1,3,C_BUYER_ORGANIZER_PATH|D_FUTURE_DECISION_POINT|E_HOTEL_LODGING_EVIDENCE,STRONG,PRESENT,WEAK,MISSING,MISSING,PRESENT,https://spicedblue.co.uk/f/six-destination-ideas-for-your-next-incentive-travel-trip,,TOUR_DMC_INCENTIVE
jar_SPICE_183_sig_feeder_SPICE_aHR0cHM6Ly93,SPICE,What's on your 2027 group travel list?,What's on your 2027 group travel list?,DEMAND_ENGINE_UNIVERSE,DEMAND_SIGNAL,PARTIAL_PACKET,1,3,B_DEFINED_GROUP_MOTION|C_BUYER_ORGANIZER_PATH|E_HOTEL_LODGING_EVIDENCE,STRONG,MISSING,WEAK,PRESENT,MISSING,PRESENT,https://www.facebook.com/100057542984171/posts/cant-wait-for-group-travel-2027-great-line-up-started-with-more-to-come-whats-on/1506004311327654/,,TOUR_DMC_INCENTIVE
jar_SPICE_184_sig_feeder_SPICE_aHR0cHM6Ly93,SPICE,Downtown Hotels in St David's - Grenada,Downtown Hotels in St David's,DEMAND_ENGINE_UNIVERSE,DEMAND_SIGNAL,SIGNAL_ONLY,1,2,B_DEFINED_GROUP_MOTION|C_BUYER_ORGANIZER_PATH|D_FUTURE_DECISION_POINT|E_HOTEL_LODGING_EVIDENCE,STRONG,MISSING,WEAK,MISSING,MISSING,PRESENT,https://www.travelweekly.com/Hotels/St-Davids-Grenada,,TOUR_DMC_INCENTIVE
jar_SPICE_185_sig_feeder_SPICE_aHR0cHM6Ly93,SPICE,Vacation Express Travel Advisor Training with Pablo (replay),Vacation Express Travel Advisor Training with Pablo (replay),DEMAND_ENGINE_UNIVERSE,DEMAND_SIGNAL,PARTIAL_PACKET,1,3,C_BUYER_ORGANIZER_PATH|D_FUTURE_DECISION_POINT|E_HOTEL_LODGING_EVIDENCE,STRONG,PRESENT,WEAK,MISSING,MISSING,PRESENT,https://www.facebook.com/EvolutionTravelCafe/posts/vacation-express-travel-advisor-training-with-pablo-replay/1510898584407812/,,TOUR_DMC_INCENTIVE
jar_SPICE_186_sig_feeder_SPICE_aHR0cHM6Ly93,SPICE,"Lance Aux Epines, Grenada Area Hotels- Page 3","Lance Aux Epines, Grenada Area Hotels",DEMAND_ENGINE_UNIVERSE,DEMAND_SIGNAL,SIGNAL_ONLY,1,2,B_DEFINED_GROUP_MOTION|C_BUYER_ORGANIZER_PATH|D_FUTURE_DECISION_POINT|E_HOTEL_LODGING_EVIDENCE,STRONG,MISSING,WEAK,MISSING,MISSING,PRESENT,https://www.businesstravelnews.com/Hotels/Lance-Aux-Epines-Grenada?cmp=1&pg=3,,TOUR_DMC_INCENTIVE
jar_SPICE_187_sig_feeder_SPICE_aHR0cHM6Ly93,SPICE,"St George's, Grenada Hotels","St George's, Grenada Hotels",DEMAND_ENGINE_UNIVERSE,DEMAND_SIGNAL,SIGNAL_ONLY,1,2,B_DEFINED_GROUP_MOTION|C_BUYER_ORGANIZER_PATH|D_FUTURE_DECISION_POINT|E_HOTEL_LODGING_EVIDENCE,STRONG,MISSING,WEAK,MISSING,MISSING,PRESENT,https://www.travelagewest.com/Hotels/St-Georges-Grenada,,TOUR_DMC_INCENTIVE
jar_SPICE_188_sig_feeder_SPICE_aHR0cHM6Ly93,SPICE,"Grand Anse, Grenada Area Hotels- Page 2","Grand Anse, Grenada Area Hotels",DEMAND_ENGINE_UNIVERSE,DEMAND_SIGNAL,SIGNAL_ONLY,1,2,B_DEFINED_GROUP_MOTION|C_BUYER_ORGANIZER_PATH|D_FUTURE_DECISION_POINT|E_HOTEL_LODGING_EVIDENCE,STRONG,MISSING,WEAK,MISSING,MISSING,PRESENT,https://www.travelweekly-asia.com/hotels/grand-anse-grenada?v=D&pg=2,,TOUR_DMC_INCENTIVE
jar_SPICE_189_sig_feeder_SPICE_aHR0cHM6Ly9l,SPICE,RADISSON GRENADA BEACH RESORT - Grand Anse,RADISSON GRENADA BEACH RESORT,DEMAND_ENGINE_UNIVERSE,DEMAND_SIGNAL,SIGNAL_ONLY,1,2,B_DEFINED_GROUP_MOTION|C_BUYER_ORGANIZER_PATH|D_FUTURE_DECISION_POINT|E_HOTEL_LODGING_EVIDENCE,STRONG,MISSING,WEAK,MISSING,MISSING,PRESENT,https://en.tripadvisor.com.hk/Hotel_Review-g1182535-d209593-Reviews-or1600-Radisson_Grenada_Beach_Resort-Grand_Anse_South_Coast_Saint_George_Parish_Grenad.html,,TOUR_DMC_INCENTIVE
jar_SPICE_190_sig_feeder_SPICE_aHR0cHM6Ly9l,SPICE,"An Extended Journey of Fabled Ports, Volcanic Isles and ...","An Extended Journey of Fabled Ports, Volcanic Isles and ...",DEMAND_ENGINE_UNIVERSE,DEMAND_SIGNAL,SIGNAL_ONLY,1,2,B_DEFINED_GROUP_MOTION|C_BUYER_ORGANIZER_PATH|D_FUTURE_DECISION_POINT|E_HOTEL_LODGING_EVIDENCE,STRONG,MISSING,WEAK,MISSING,MISSING,PRESENT,https://explorajourneys.com/cn/en/destinations-globe/car/journeys/miamia-15-v4?id-journey=ex20260113miamia,,TOUR_DMC_INCENTIVE
jar_SPICE_191_sig_feeder_SPICE_aHR0cHM6Ly9p,SPICE,Promotions,Promotions,DEMAND_ENGINE_UNIVERSE,DEMAND_SIGNAL,SIGNAL_ONLY,0,1,A_NAMED_DEMAND_ENTITY|B_DEFINED_GROUP_MOTION|C_BUYER_ORGANIZER_PATH|D_FUTURE_DECISION_POINT|E_HOTEL_LODGING_EVIDENCE,WEAK,MISSING,MISSING,MISSING,MISSING,PRESENT,https://internovatravel.com/tl-select-agent?redir=hotels/promotion/1809,,TOUR_DMC_INCENTIVE
jar_SPICE_192_sig_feeder_SPICE_aHR0cHM6Ly93,SPICE,Exhibitor Directory | ILTM North America,Exhibitor Directory,DEMAND_ENGINE_UNIVERSE,DEMAND_SIGNAL,SIGNAL_ONLY,0,2,B_DEFINED_GROUP_MOTION|C_BUYER_ORGANIZER_PATH|D_FUTURE_DECISION_POINT|E_HOTEL_LODGING_EVIDENCE,PRESENT,MISSING,MISSING,MISSING,MISSING,PRESENT,https://www.iltm.com/north-america/en-gb/exhibitor-directory.html?page=2,,TOUR_DMC_INCENTIVE
jar_CAMBRIDGE_193_sig_CAMBRIDGE_aHR0cHM6Ly93d3cu,CAMBRIDGE,DMC Insider's Guide: What Makes a Great Incentive Travel ...,DMC Insider's Guide,DEMAND_ENGINE_UNIVERSE,DEMAND_SIGNAL,PARTIAL_PACKET,1,4,D_FUTURE_DECISION_POINT|E_HOTEL_LODGING_EVIDENCE,STRONG,PRESENT,PRESENT,MISSING,MISSING,PRESENT,https://www.terraevents.com/knowledge-hub/blog/dmc-insiders-guide-what-makes-a-great-incentive-travel-program,,TOUR_DMC_INCENTIVE
jar_CAMBRIDGE_194_sig_CAMBRIDGE_aHR0cHM6Ly93d3cu,CAMBRIDGE,"When it comes to meetings and incentive travel, Bermuda ...","When it comes to meetings and incentive travel, Bermuda ...",DEMAND_ENGINE_UNIVERSE,DEMAND_SIGNAL,PARTIAL_PACKET,1,3,C_BUYER_ORGANIZER_PATH|D_FUTURE_DECISION_POINT|E_HOTEL_LODGING_EVIDENCE,STRONG,PRESENT,WEAK,MISSING,MISSING,PRESENT,https://www.instagram.com/p/DKazj59NYp6/,,TOUR_DMC_INCENTIVE
jar_CAMBRIDGE_195_sig_CAMBRIDGE_aHR0cHM6Ly9qc2hh,CAMBRIDGE,Top 7 Hotels for Incentive Travel: 2027 Operator's Guide,Top 7 Hotels for Incentive Travel,DEMAND_ENGINE_UNIVERSE,DEMAND_SIGNAL,PARTIAL_PACKET,1,4,C_BUYER_ORGANIZER_PATH|E_HOTEL_LODGING_EVIDENCE,STRONG,PRESENT,WEAK,PRESENT,MISSING,PRESENT,https://jshay.events/top-7-hotels-for-incentive-travel/,,TOUR_DMC_INCENTIVE
jar_CAMBRIDGE_196_sig_CAMBRIDGE_aHR0cHM6Ly93d3cu,CAMBRIDGE,Incentive Travel Company UK & Europe,Incentive Travel Company UK & Europe,DEMAND_ENGINE_UNIVERSE,DEMAND_SIGNAL,PARTIAL_PACKET,1,3,C_BUYER_ORGANIZER_PATH|D_FUTURE_DECISION_POINT|E_HOTEL_LODGING_EVIDENCE,STRONG,PRESENT,WEAK,MISSING,MISSING,PRESENT,https://www.uniqueworldglobal.com/corporate-incentive-travel,,TOUR_DMC_INCENTIVE
jar_CAMBRIDGE_197_sig_CAMBRIDGE_aHR0cHM6Ly93d3cu,CAMBRIDGE,Incentive Travel Trends 2026: What Corporate Groups ...,Incentive Travel Trends 2026,DEMAND_ENGINE_UNIVERSE,DEMAND_SIGNAL,PARTIAL_PACKET,1,4,C_BUYER_ORGANIZER_PATH|E_HOTEL_LODGING_EVIDENCE,STRONG,PRESENT,WEAK,PRESENT,MISSING,PRESENT,https://www.hollanddmcpartners.com/post/incentive-travel-trends-2026-holland,,TOUR_DMC_INCENTIVE
jar_CAMBRIDGE_198_sig_CAMBRIDGE_aHR0cHM6Ly93d3cu,CAMBRIDGE,Travel,Travel,DEMAND_ENGINE_UNIVERSE,DEMAND_SIGNAL,SIGNAL_ONLY,0,2,A_NAMED_DEMAND_ENTITY|C_BUYER_ORGANIZER_PATH|D_FUTURE_DECISION_POINT|E_HOTEL_LODGING_EVIDENCE,WEAK,PRESENT,MISSING,MISSING,MISSING,PRESENT,https://www.northstarmeetingsgroup.com/Incentive/Travel,,TOUR_DMC_INCENTIVE
jar_CAMBRIDGE_199_sig_CAMBRIDGE_aHR0cHM6Ly90aGVk,CAMBRIDGE,Incentive Travel Agency | The DMC Collective,Incentive Travel Agency,DEMAND_ENGINE_UNIVERSE,DEMAND_SIGNAL,PARTIAL_PACKET,1,4,D_FUTURE_DECISION_POINT|E_HOTEL_LODGING_EVIDENCE,STRONG,PRESENT,PRESENT,MISSING,MISSING,PRESENT,https://thedmccollective.com/incentive-travel/,,TOUR_DMC_INCENTIVE
jar_CAMBRIDGE_200_sig_CAMBRIDGE_aHR0cHM6Ly93d3cu,CAMBRIDGE,Incentive Travel | Business Travel Research,Incentive Travel,DEMAND_ENGINE_UNIVERSE,DEMAND_SIGNAL,PARTIAL_PACKET,0,3,C_BUYER_ORGANIZER_PATH|D_FUTURE_DECISION_POINT|E_HOTEL_LODGING_EVIDENCE,PRESENT,PRESENT,MISSING,MISSING,MISSING,PRESENT,https://www.foxworldtravel.com/business-travel-categories/incentive-travel/,,TOUR_DMC_INCENTIVE
jar_CAMBRIDGE_201_sig_CAMBRIDGE_aHR0cHM6Ly93d3cu,CAMBRIDGE,Best Warm-Weather Incentive Travel Destinations for Winter,Best Warm,DEMAND_ENGINE_UNIVERSE,DEMAND_SIGNAL,PARTIAL_PACKET,0,4,C_BUYER_ORGANIZER_PATH|E_HOTEL_LODGING_EVIDENCE,PRESENT,PRESENT,MISSING,PRESENT,MISSING,PRESENT,https://www.executivegrouptravel.com/blog/best-warm-weather-incentive-travel-destinations-for-winter-2025-2026-corporate-groups,,TOUR_DMC_INCENTIVE
jar_CAMBRIDGE_202_sig_CAMBRIDGE_aHR0cHM6Ly9kZW1v,CAMBRIDGE,"(Public Pack)Agenda Document for Cabinet, 16/06/2022 13:45","(Public Pack)Agenda Document for Cabinet, 16/06/2022 13",DEMAND_ENGINE_UNIVERSE,DEMAND_SIGNAL,SIGNAL_ONLY,1,2,B_DEFINED_GROUP_MOTION|C_BUYER_ORGANIZER_PATH|D_FUTURE_DECISION_POINT|E_HOTEL_LODGING_EVIDENCE,STRONG,MISSING,WEAK,MISSING,MISSING,PRESENT,https://democracy.warwickshire.gov.uk/documents/g3414/Public%20reports%20pack%20Thursday%2016-Jun-2022%2013.45%20Cabinet.pdf?T=10,,CORPORATE
jar_CAMBRIDGE_203_sig_CAMBRIDGE_aHR0cHM6Ly9hc3Nl,CAMBRIDGE,"Global Sales Services for Luxury Hotels, Resorts, Cruise ...","Global Sales Services for Luxury Hotels, Resorts, Cruise ...",DEMAND_ENGINE_UNIVERSE,DEMAND_SIGNAL,SIGNAL_ONLY,1,2,B_DEFINED_GROUP_MOTION|C_BUYER_ORGANIZER_PATH|D_FUTURE_DECISION_POINT|E_HOTEL_LODGING_EVIDENCE,STRONG,MISSING,WEAK,MISSING,MISSING,PRESENT,https://assets.simpleviewinc.com/simpleview/image/upload/v1/clients/alhitx/ALHI_Hotel_Member_List_February2025_a45560c4-7f34-4a0b-ad1b-b4f7f20386af.pdf,,CORPORATE
jar_CAMBRIDGE_204_sig_CAMBRIDGE_aHR0cHM6Ly93d3cu,CAMBRIDGE,TEACHER LEADERSHIP COHORT | Hanover-Florham Park ...,TEACHER LEADERSHIP COHORT,DEMAND_ENGINE_UNIVERSE,DEMAND_SIGNAL,SIGNAL_ONLY,1,2,B_DEFINED_GROUP_MOTION|C_BUYER_ORGANIZER_PATH|D_FUTURE_DECISION_POINT|E_HOTEL_LODGING_EVIDENCE,STRONG,MISSING,WEAK,MISSING,MISSING,PRESENT,https://www.newjerseyhills.com/hanover_florham_park_eagle/news/teacher-leadership-cohort/image_f5cf23a9-7c15-544e-90b4-c6b20ae8bf9e.html,,CORPORATE
jar_CAMBRIDGE_205_sig_CAMBRIDGE_aHR0cHM6Ly93d3cu,CAMBRIDGE,Caroline J. Berdzik,Caroline J. Berdzik,DEMAND_ENGINE_UNIVERSE,DEMAND_SIGNAL,SIGNAL_ONLY,1,2,B_DEFINED_GROUP_MOTION|C_BUYER_ORGANIZER_PATH|D_FUTURE_DECISION_POINT|E_HOTEL_LODGING_EVIDENCE,STRONG,MISSING,WEAK,MISSING,MISSING,PRESENT,https://www.goldbergsegalla.com/our-team/caroline-j-berdzik/pdf/,,CORPORATE
jar_CAMBRIDGE_206_sig_CAMBRIDGE_aHR0cHM6Ly93d3cu,CAMBRIDGE,Full-Service Brokerage,Full,DEMAND_ENGINE_UNIVERSE,DEMAND_SIGNAL,REJECTED,0,1,A_NAMED_DEMAND_ENTITY|B_DEFINED_GROUP_MOTION|C_BUYER_ORGANIZER_PATH|D_FUTURE_DECISION_POINT|E_HOTEL_LODGING_EVIDENCE,MISSING,MISSING,MISSING,MISSING,MISSING,PRESENT,https://www.butterfieldgroup.com/en-bm/investments/asset-management/full-service-brokerage,,CORPORATE
jar_CAMBRIDGE_207_sig_CAMBRIDGE_aHR0cHM6Ly93d3cu,CAMBRIDGE,Turks and Caicos Hotel and Tourism Association,Turks and Caicos Hotel and Tourism Association,DEMAND_ENGINE_UNIVERSE,DEMAND_SIGNAL,PARTIAL_PACKET,1,3,C_BUYER_ORGANIZER_PATH|D_FUTURE_DECISION_POINT|E_HOTEL_LODGING_EVIDENCE,STRONG,PRESENT,WEAK,MISSING,MISSING,PRESENT,https://www.facebook.com/OfficialTCHTA/posts/join-us-in-celebrating-our-very-own-karen-whitt-on-her-appointment-as-1st-vice-p/939759881524487/,,CORPORATE
jar_CAMBRIDGE_208_sig_CAMBRIDGE_aHR0cHM6Ly93d3cu,CAMBRIDGE,Inline XBRL Viewer,Inline XBRL Viewer,DEMAND_ENGINE_UNIVERSE,DEMAND_SIGNAL,SIGNAL_ONLY,1,2,B_DEFINED_GROUP_MOTION|C_BUYER_ORGANIZER_PATH|D_FUTURE_DECISION_POINT|E_HOTEL_LODGING_EVIDENCE,STRONG,MISSING,WEAK,MISSING,MISSING,PRESENT,https://www.sec.gov/ixviewer/ix.html?doc=/Archives/edgar/data/947484/000094748424000020/acgl-20231231.htm,,CORPORATE
jar_CAMBRIDGE_209_sig_CAMBRIDGE_aHR0cHM6Ly9wdWJz,CAMBRIDGE,Rating Performance or Contesting Status: Evidence Against ...,Rating Performance or Contesting Status,DEMAND_ENGINE_UNIVERSE,DEMAND_SIGNAL,SIGNAL_ONLY,1,2,B_DEFINED_GROUP_MOTION|C_BUYER_ORGANIZER_PATH|D_FUTURE_DECISION_POINT|E_HOTEL_LODGING_EVIDENCE,STRONG,MISSING,WEAK,MISSING,MISSING,PRESENT,https://pubsonline.informs.org/doi/10.1287/orsc.1100.0585,,CORPORATE
jar_CAMBRIDGE_210_sig_CAMBRIDGE_aHR0cHM6Ly93d3cu,CAMBRIDGE,Best Practices to Manage a Lean Corporate Travel Budget,Best Practices to Manage a Lean Corporate Travel Budget,DEMAND_ENGINE_UNIVERSE,DEMAND_SIGNAL,SIGNAL_ONLY,1,2,B_DEFINED_GROUP_MOTION|C_BUYER_ORGANIZER_PATH|D_FUTURE_DECISION_POINT|E_HOTEL_LODGING_EVIDENCE,STRONG,MISSING,WEAK,MISSING,MISSING,PRESENT,https://www.discoverasr.com/en/destinations/indonesia/corporate-travel-budget,,CORPORATE
jar_CAMBRIDGE_211_sig_CAMBRIDGE_aHR0cHM6Ly9vbGQu,CAMBRIDGE,Bermuda Conference (2026),Bermuda Conference (2026),DEMAND_ENGINE_UNIVERSE,DEMAND_SIGNAL,PARTIAL_PACKET,1,4,C_BUYER_ORGANIZER_PATH|E_HOTEL_LODGING_EVIDENCE,STRONG,PRESENT,WEAK,PRESENT,MISSING,PRESENT,https://old.adventistyearbook.org/default.aspx?page=ViewAdmField&Year=2026&admfieldid=BERC&Section=InstOtherEnt,,ASSOCIATION_NGO
jar_CAMBRIDGE_212_sig_CAMBRIDGE_aHR0cHM6Ly93d3cu,CAMBRIDGE,"Executive Board Meeting - Oct 13, 2027",Executive Board Meeting,DEMAND_ENGINE_UNIVERSE,DEMAND_SIGNAL,PARTIAL_PACKET,1,3,B_DEFINED_GROUP_MOTION|C_BUYER_ORGANIZER_PATH|E_HOTEL_LODGING_EVIDENCE,STRONG,MISSING,WEAK,PRESENT,MISSING,PRESENT,https://www.bermudachamber.bm/events/details/executive-board-meeting-10-13-2027-1227,,ASSOCIATION_NGO
jar_CAMBRIDGE_213_sig_CAMBRIDGE_aHR0cHM6Ly93d3cu,CAMBRIDGE,"BADA Meeting - Aug 4, 2026",BADA Meeting,DEMAND_ENGINE_UNIVERSE,DEMAND_SIGNAL,PARTIAL_PACKET,0,3,B_DEFINED_GROUP_MOTION|C_BUYER_ORGANIZER_PATH|E_HOTEL_LODGING_EVIDENCE,PRESENT,MISSING,MISSING,PRESENT,MISSING,PRESENT,https://www.bermudachamber.bm/events/details/bada-meeting-08-04-2026-1439,,ASSOCIATION_NGO
jar_CAMBRIDGE_214_sig_CAMBRIDGE_aHR0cHM6Ly9pbnRl,CAMBRIDGE,Leadership Conferences in Bermuda 2026 + CFP | ICA,Leadership Conferences in Bermuda 2026 + CFP,DEMAND_ENGINE_UNIVERSE,DEMAND_SIGNAL,PARTIAL_PACKET,1,3,B_DEFINED_GROUP_MOTION|C_BUYER_ORGANIZER_PATH|E_HOTEL_LODGING_EVIDENCE,STRONG,MISSING,WEAK,PRESENT,MISSING,PRESENT,https://internationalconferencealerts.com/bermuda/leadership,,ASSOCIATION_NGO
jar_CAMBRIDGE_215_sig_CAMBRIDGE_aHR0cHM6Ly93d3cu,CAMBRIDGE,International Government Conferences in Bermuda ...,International Government Conferences in Bermuda ...,DEMAND_ENGINE_UNIVERSE,DEMAND_SIGNAL,PARTIAL_PACKET,1,3,C_BUYER_ORGANIZER_PATH|D_FUTURE_DECISION_POINT|E_HOTEL_LODGING_EVIDENCE,STRONG,PRESENT,WEAK,MISSING,MISSING,PRESENT,https://www.conferenceineurope.org/bermuda/government/october,,ASSOCIATION_NGO
jar_CAMBRIDGE_216_sig_CAMBRIDGE_aHR0cHM6Ly93d3cu,CAMBRIDGE,Upcoming events of interest to local and international ...,Upcoming events of interest to local and international ...,DEMAND_ENGINE_UNIVERSE,DEMAND_SIGNAL,SIGNAL_ONLY,1,2,B_DEFINED_GROUP_MOTION|C_BUYER_ORGANIZER_PATH|D_FUTURE_DECISION_POINT|E_HOTEL_LODGING_EVIDENCE,STRONG,MISSING,WEAK,MISSING,MISSING,PRESENT,https://www.royalgazette.com/other/business/article/20110209/upcoming-events-of-interest-to-local-and-international-business-61/,,ASSOCIATION_NGO
jar_CAMBRIDGE_217_sig_CAMBRIDGE_aHR0cHM6Ly93YXNl,CAMBRIDGE,Healthcare Industry Conferences in 2026/2027/2028,Healthcare Industry Conferences in 2026/2027/2028,DEMAND_ENGINE_UNIVERSE,DEMAND_SIGNAL,PARTIAL_PACKET,1,3,B_DEFINED_GROUP_MOTION|C_BUYER_ORGANIZER_PATH|E_HOTEL_LODGING_EVIDENCE,STRONG,MISSING,WEAK,PRESENT,MISSING,PRESENT,https://waset.org/healthcare-industry-conferences?page=1,,ASSOCIATION_NGO
jar_CAMBRIDGE_218_sig_CAMBRIDGE_aHR0cHM6Ly93d3cu,CAMBRIDGE,International Government Conferences in Bermuda June ...,International Government Conferences in Bermuda June ...,DEMAND_ENGINE_UNIVERSE,DEMAND_SIGNAL,PARTIAL_PACKET,1,3,C_BUYER_ORGANIZER_PATH|D_FUTURE_DECISION_POINT|E_HOTEL_LODGING_EVIDENCE,STRONG,PRESENT,WEAK,MISSING,MISSING,PRESENT,https://www.conferenceineurope.org/bermuda/government/june,,ASSOCIATION_NGO
jar_CAMBRIDGE_219_sig_CAMBRIDGE_aHR0cHM6Ly93d3cu,CAMBRIDGE,"Nonprofit Division - Jun 3, 2027",Nonprofit Division,DEMAND_ENGINE_UNIVERSE,DEMAND_SIGNAL,PARTIAL_PACKET,0,3,B_DEFINED_GROUP_MOTION|C_BUYER_ORGANIZER_PATH|E_HOTEL_LODGING_EVIDENCE,PRESENT,MISSING,MISSING,PRESENT,MISSING,PRESENT,https://www.bermudachamber.bm/events/details/nonprofit-division-06-03-2027-1737,,ASSOCIATION_NGO
jar_CAMBRIDGE_220_sig_CAMBRIDGE_aHR0cHM6Ly93d3cu,CAMBRIDGE,Transcontinental Trusts: Bermuda 2022 is taking place next ...,Transcontinental Trusts,DEMAND_ENGINE_UNIVERSE,DEMAND_SIGNAL,SIGNAL_ONLY,0,2,B_DEFINED_GROUP_MOTION|C_BUYER_ORGANIZER_PATH|D_FUTURE_DECISION_POINT|E_HOTEL_LODGING_EVIDENCE,PRESENT,MISSING,MISSING,MISSING,MISSING,PRESENT,https://www.facebook.com/BermudaFudgeCo/posts/transcontinental-trusts-bermuda-2022-is-taking-place-next-wednesday-june-29-to-f/2274097796076168/,,SPORTS_ENTERTAINMENT_SOCIAL
jar_CAMBRIDGE_221_sig_CAMBRIDGE_aHR0cHM6Ly93d3cu,CAMBRIDGE,"I'll be in Bermuda 4/29,30 and 5/1 2026 what events will be ...","I'll be in Bermuda 4/29,30 and 5/1 2026 what events will be ...",DEMAND_ENGINE_UNIVERSE,DEMAND_SIGNAL,PARTIAL_PACKET,1,3,B_DEFINED_GROUP_MOTION|C_BUYER_ORGANIZER_PATH|E_HOTEL_LODGING_EVIDENCE,STRONG,MISSING,WEAK,PRESENT,MISSING,PRESENT,https://www.facebook.com/groups/133642150143/posts/10172576393830144/,,SPORTS_ENTERTAINMENT_SOCIAL
jar_CAMBRIDGE_222_sig_CAMBRIDGE_aHR0cHM6Ly93d3cu,CAMBRIDGE,"The Bermuda Captive Conference, scheduled for June 1 to ...","The Bermuda Captive Conference, scheduled for June 1 to ...",DEMAND_ENGINE_UNIVERSE,DEMAND_SIGNAL,PARTIAL_PACKET,1,3,C_BUYER_ORGANIZER_PATH|D_FUTURE_DECISION_POINT|E_HOTEL_LODGING_EVIDENCE,STRONG,PRESENT,WEAK,MISSING,MISSING,PRESENT,https://www.facebook.com/theroyalgazette/posts/the-bermuda-captive-conference-scheduled-for-june-1-to-3-at-the-hamilton-princes/1509653587829949/,,SPORTS_ENTERTAINMENT_SOCIAL
jar_CAMBRIDGE_223_sig_CAMBRIDGE_aHR0cHM6Ly93d3cu,CAMBRIDGE,Sports Tournament Lodging Options,Sports Tournament Lodging Options,DEMAND_ENGINE_UNIVERSE,DEMAND_SIGNAL,PARTIAL_PACKET,1,3,C_BUYER_ORGANIZER_PATH|D_FUTURE_DECISION_POINT|E_HOTEL_LODGING_EVIDENCE,STRONG,PRESENT,WEAK,MISSING,MISSING,PRESENT,https://www.facebook.com/fb-answers/sports-tournament-lodging-options/,,SPORTS_ENTERTAINMENT_SOCIAL
jar_CAMBRIDGE_224_sig_CAMBRIDGE_aHR0cHM6Ly93d3cu,CAMBRIDGE,The St. Regis Bermuda Resort Travel Protection is Highly ...,The St. Regis Bermuda Resort Travel Protection is Highly ...,DEMAND_ENGINE_UNIVERSE,DEMAND_SIGNAL,SIGNAL_ONLY,1,2,B_DEFINED_GROUP_MOTION|C_BUYER_ORGANIZER_PATH|D_FUTURE_DECISION_POINT|E_HOTEL_LODGING_EVIDENCE,STRONG,MISSING,WEAK,MISSING,MISSING,PRESENT,https://www.facebook.com/barbaraannhenry/posts/bermuda-1937-pp-oct-3-7-2026resortresort-the-st-regis-bermuda-resorttravel-prote/10164047869274934/,,SPORTS_ENTERTAINMENT_SOCIAL
jar_CAMBRIDGE_225_sig_CAMBRIDGE_aHR0cHM6Ly93d3cu,CAMBRIDGE,Bermuda Tourism Authority conference details,Bermuda Tourism Authority conference details,DEMAND_ENGINE_UNIVERSE,DEMAND_SIGNAL,PARTIAL_PACKET,1,3,C_BUYER_ORGANIZER_PATH|D_FUTURE_DECISION_POINT|E_HOTEL_LODGING_EVIDENCE,STRONG,PRESENT,WEAK,MISSING,MISSING,PRESENT,https://www.facebook.com/groups/onebermudaalliance/posts/1401688436581871/,,SPORTS_ENTERTAINMENT_SOCIAL
jar_CAMBRIDGE_226_sig_CAMBRIDGE_aHR0cHM6Ly93d3cu,CAMBRIDGE,The Move More Bermuda Games 2026 were held at ...,The Move More Bermuda Games 2026 were held at ...,DEMAND_ENGINE_UNIVERSE,DEMAND_SIGNAL,PARTIAL_PACKET,1,3,B_DEFINED_GROUP_MOTION|C_BUYER_ORGANIZER_PATH|E_HOTEL_LODGING_EVIDENCE,STRONG,MISSING,WEAK,PRESENT,MISSING,PRESENT,https://www.facebook.com/groups/BernewsSportsBDA/posts/4474188136237792/,,SPORTS_ENTERTAINMENT_SOCIAL
jar_CAMBRIDGE_227_sig_CAMBRIDGE_aHR0cHM6Ly93d3cu,CAMBRIDGE,What's On Where,What's On Where,DEMAND_ENGINE_UNIVERSE,DEMAND_SIGNAL,SIGNAL_ONLY,1,2,B_DEFINED_GROUP_MOTION|C_BUYER_ORGANIZER_PATH|D_FUTURE_DECISION_POINT|E_HOTEL_LODGING_EVIDENCE,STRONG,MISSING,WEAK,MISSING,MISSING,PRESENT,https://www.royalgazette.com/general/sport/article/20240726/whats-on-where-143/,,SPORTS_ENTERTAINMENT_SOCIAL
jar_CAMBRIDGE_228_sig_CAMBRIDGE_aHR0cHM6Ly93d3cu,CAMBRIDGE,"The Ministry of Tourism, Culture and Sport ...","The Ministry of Tourism, Culture and Sport ...",DEMAND_ENGINE_UNIVERSE,DEMAND_SIGNAL,SIGNAL_ONLY,1,2,B_DEFINED_GROUP_MOTION|C_BUYER_ORGANIZER_PATH|D_FUTURE_DECISION_POINT|E_HOTEL_LODGING_EVIDENCE,STRONG,MISSING,WEAK,MISSING,MISSING,PRESENT,https://www.facebook.com/groups/582492595234197/posts/2714611288688973/,,SPORTS_ENTERTAINMENT_SOCIAL
jar_CAMBRIDGE_229_sig_feeder_CAMBRIDGE_aHR0cHM6Ly9t,CAMBRIDGE,2026 Hot Spots for Incentive Travel (And Why They're Worth ...,2026 Hot Spots for Incentive Travel (And Why They're Worth ...,DEMAND_ENGINE_UNIVERSE,DEMAND_SIGNAL,PARTIAL_PACKET,1,4,C_BUYER_ORGANIZER_PATH|E_HOTEL_LODGING_EVIDENCE,STRONG,PRESENT,WEAK,PRESENT,MISSING,PRESENT,https://moderncollective.ca/2026-hot-spots-for-incentive-travel-and-why-theyre-worth-the-hype/,,TOUR_DMC_INCENTIVE
jar_CAMBRIDGE_230_sig_feeder_CAMBRIDGE_aHR0cHM6Ly93,CAMBRIDGE,Incentive Travel,Incentive Travel,DEMAND_ENGINE_UNIVERSE,DEMAND_SIGNAL,PARTIAL_PACKET,0,3,C_BUYER_ORGANIZER_PATH|D_FUTURE_DECISION_POINT|E_HOTEL_LODGING_EVIDENCE,PRESENT,PRESENT,MISSING,MISSING,MISSING,PRESENT,https://www.themeetingsshow.com/exhibitor-images/incentive-travel,,TOUR_DMC_INCENTIVE
jar_CAMBRIDGE_231_sig_feeder_CAMBRIDGE_aHR0cHM6Ly93,CAMBRIDGE,Top sunny incentive travel destinations for 2019,Top sunny incentive travel destinations for 2019,DEMAND_ENGINE_UNIVERSE,DEMAND_SIGNAL,PARTIAL_PACKET,1,3,C_BUYER_ORGANIZER_PATH|D_FUTURE_DECISION_POINT|E_HOTEL_LODGING_EVIDENCE,STRONG,PRESENT,WEAK,MISSING,MISSING,PRESENT,https://www.uniqueworldglobal.com/blog/2019/04/top-incentive-sunny-travel-destinations/,,TOUR_DMC_INCENTIVE
jar_CAMBRIDGE_232_sig_feeder_CAMBRIDGE_aHR0cHM6Ly9t,CAMBRIDGE,Cruises - the incentive trip of choice for 2026?,Cruises,DEMAND_ENGINE_UNIVERSE,DEMAND_SIGNAL,PARTIAL_PACKET,0,3,A_NAMED_DEMAND_ENTITY|C_BUYER_ORGANIZER_PATH|E_HOTEL_LODGING_EVIDENCE,WEAK,PRESENT,MISSING,PRESENT,MISSING,PRESENT,https://mitmagazine.co.uk/News/Venues/Cruises-the-incentive-trip-of-choice-for-2026-,,TOUR_DMC_INCENTIVE
jar_CAMBRIDGE_233_sig_feeder_CAMBRIDGE_aHR0cHM6Ly90,CAMBRIDGE,incentive Archives,incentive Archives,DEMAND_ENGINE_UNIVERSE,DEMAND_SIGNAL,PARTIAL_PACKET,0,4,D_FUTURE_DECISION_POINT|E_HOTEL_LODGING_EVIDENCE,PRESENT,PRESENT,PRESENT,MISSING,MISSING,PRESENT,https://travel-dmc.com/tag/incentive/,,TOUR_DMC_INCENTIVE
jar_CAMBRIDGE_234_sig_feeder_CAMBRIDGE_aHR0cHM6Ly93,CAMBRIDGE,Where should we travel for 2027 group trips?,Where should we travel for 2027 group trips?,DEMAND_ENGINE_UNIVERSE,DEMAND_SIGNAL,PARTIAL_PACKET,1,3,B_DEFINED_GROUP_MOTION|C_BUYER_ORGANIZER_PATH|E_HOTEL_LODGING_EVIDENCE,STRONG,MISSING,WEAK,PRESENT,MISSING,PRESENT,https://www.facebook.com/groups/719087380506590/posts/1065647929183865/,,TOUR_DMC_INCENTIVE
jar_CAMBRIDGE_235_sig_feeder_CAMBRIDGE_aHR0cHM6Ly93,CAMBRIDGE,Club Med Summer 2027 Launch Alert!,Club Med Summer 2027 Launch Alert!,DEMAND_ENGINE_UNIVERSE,DEMAND_SIGNAL,PARTIAL_PACKET,1,3,B_DEFINED_GROUP_MOTION|C_BUYER_ORGANIZER_PATH|E_HOTEL_LODGING_EVIDENCE,STRONG,MISSING,WEAK,PRESENT,MISSING,PRESENT,https://www.facebook.com/CruiseTravelMalta/videos/-club-med-summer-2027-launch-alert-/1619311219636765/,,TOUR_DMC_INCENTIVE
jar_CAMBRIDGE_236_sig_feeder_CAMBRIDGE_aHR0cHM6Ly93,CAMBRIDGE,Corporate Incentive Travel DMC,Corporate Incentive Travel DMC,DEMAND_ENGINE_UNIVERSE,DEMAND_SIGNAL,PARTIAL_PACKET,1,4,D_FUTURE_DECISION_POINT|E_HOTEL_LODGING_EVIDENCE,STRONG,PRESENT,PRESENT,MISSING,MISSING,PRESENT,https://w.uniqueworld.eu/corporate-incentive-travel,,TOUR_DMC_INCENTIVE
jar_CAMBRIDGE_237_sig_feeder_CAMBRIDGE_aHR0cHM6Ly93,CAMBRIDGE,BERMUDA 2027 — WHO'S READY TO CRUISE ...,BERMUDA 2027,DEMAND_ENGINE_UNIVERSE,DEMAND_SIGNAL,PARTIAL_PACKET,0,3,B_DEFINED_GROUP_MOTION|C_BUYER_ORGANIZER_PATH|E_HOTEL_LODGING_EVIDENCE,PRESENT,MISSING,MISSING,PRESENT,MISSING,PRESENT,https://www.instagram.com/p/DdPGjbyEqwb/,,TOUR_DMC_INCENTIVE
jar_CAMBRIDGE_238_sig_feeder_CAMBRIDGE_aHR0cHM6Ly93,CAMBRIDGE,Find Cheap Flights Worldwide & Book Your Ticket,Find Cheap Flights Worldwide & Book Your Ticket,DEMAND_ENGINE_UNIVERSE,DEMAND_SIGNAL,SIGNAL_ONLY,1,2,B_DEFINED_GROUP_MOTION|C_BUYER_ORGANIZER_PATH|D_FUTURE_DECISION_POINT|E_HOTEL_LODGING_EVIDENCE,STRONG,MISSING,WEAK,MISSING,MISSING,PRESENT,https://www.google.com/travel/flights?gl=US&hl=en-US,,TOUR_DMC_INCENTIVE
jar_CAMBRIDGE_239_sig_feeder_CAMBRIDGE_aHR0cHM6Ly93,CAMBRIDGE,r/travel,r/travel,DEMAND_ENGINE_UNIVERSE,DEMAND_SIGNAL,SIGNAL_ONLY,0,1,A_NAMED_DEMAND_ENTITY|B_DEFINED_GROUP_MOTION|C_BUYER_ORGANIZER_PATH|D_FUTURE_DECISION_POINT|E_HOTEL_LODGING_EVIDENCE,WEAK,MISSING,MISSING,MISSING,MISSING,PRESENT,https://www.reddit.com/r/travel/,,TOUR_DMC_INCENTIVE
jar_CAMBRIDGE_240_sig_feeder_CAMBRIDGE_aHR0cHM6Ly90,CAMBRIDGE,Travel - State Department,Travel,DEMAND_ENGINE_UNIVERSE,DEMAND_SIGNAL,SIGNAL_ONLY,0,1,A_NAMED_DEMAND_ENTITY|B_DEFINED_GROUP_MOTION|C_BUYER_ORGANIZER_PATH|D_FUTURE_DECISION_POINT|E_HOTEL_LODGING_EVIDENCE,WEAK,MISSING,MISSING,MISSING,MISSING,PRESENT,https://travel.state.gov/,,TOUR_DMC_INCENTIVE
jar_CAMBRIDGE_241_sig_feeder_CAMBRIDGE_aHR0cHM6Ly93,CAMBRIDGE,"CNN Travel | Global Destinations, Tips & Video",CNN Travel,DEMAND_ENGINE_UNIVERSE,DEMAND_SIGNAL,SIGNAL_ONLY,0,2,B_DEFINED_GROUP_MOTION|C_BUYER_ORGANIZER_PATH|D_FUTURE_DECISION_POINT|E_HOTEL_LODGING_EVIDENCE,PRESENT,MISSING,MISSING,MISSING,MISSING,PRESENT,https://www.cnn.com/travel,,TOUR_DMC_INCENTIVE
jar_CAMBRIDGE_242_sig_feeder_CAMBRIDGE_aHR0cHM6Ly9l,CAMBRIDGE,Travel,Travel,DEMAND_ENGINE_UNIVERSE,DEMAND_SIGNAL,SIGNAL_ONLY,0,1,A_NAMED_DEMAND_ENTITY|B_DEFINED_GROUP_MOTION|C_BUYER_ORGANIZER_PATH|D_FUTURE_DECISION_POINT|E_HOTEL_LODGING_EVIDENCE,WEAK,MISSING,MISSING,MISSING,MISSING,PRESENT,https://en.wikipedia.org/wiki/Travel,,TOUR_DMC_INCENTIVE
jar_CAMBRIDGE_243_sig_feeder_CAMBRIDGE_aHR0cHM6Ly93,CAMBRIDGE,Union Members Travel & Ticket Discounts,Union Members Travel & Ticket Discounts,DEMAND_ENGINE_UNIVERSE,DEMAND_SIGNAL,SIGNAL_ONLY,1,2,B_DEFINED_GROUP_MOTION|C_BUYER_ORGANIZER_PATH|D_FUTURE_DECISION_POINT|E_HOTEL_LODGING_EVIDENCE,STRONG,MISSING,WEAK,MISSING,MISSING,PRESENT,https://www.unionplus.org/benefits/travel,,TOUR_DMC_INCENTIVE
jar_CAMBRIDGE_244_sig_feeder_CAMBRIDGE_aHR0cHM6Ly93,CAMBRIDGE,Travelers' Health,Travelers' Health,DEMAND_ENGINE_UNIVERSE,DEMAND_SIGNAL,SIGNAL_ONLY,0,2,B_DEFINED_GROUP_MOTION|C_BUYER_ORGANIZER_PATH|D_FUTURE_DECISION_POINT|E_HOTEL_LODGING_EVIDENCE,PRESENT,MISSING,MISSING,MISSING,MISSING,PRESENT,https://wwwnc.cdc.gov/travel,,TOUR_DMC_INCENTIVE
jar_CAMBRIDGE_245_sig_feeder_CAMBRIDGE_aHR0cHM6Ly93,CAMBRIDGE,Libya travel warning urges Americans not to visit due ...,Libya travel warning urges Americans not to visit due ...,DEMAND_ENGINE_UNIVERSE,DEMAND_SIGNAL,SIGNAL_ONLY,1,2,B_DEFINED_GROUP_MOTION|C_BUYER_ORGANIZER_PATH|D_FUTURE_DECISION_POINT|E_HOTEL_LODGING_EVIDENCE,STRONG,MISSING,WEAK,MISSING,MISSING,PRESENT,https://www.foxnews.com/travel/americans-headed-high-risk-nation-urged-prepare-wills-leave-dna-samples,,TOUR_DMC_INCENTIVE
jar_CAMBRIDGE_246_sig_feeder_CAMBRIDGE_aHR0cHM6Ly93,CAMBRIDGE,Costco Travel: Home,Costco Travel,DEMAND_ENGINE_UNIVERSE,DEMAND_SIGNAL,SIGNAL_ONLY,0,2,B_DEFINED_GROUP_MOTION|C_BUYER_ORGANIZER_PATH|D_FUTURE_DECISION_POINT|E_HOTEL_LODGING_EVIDENCE,PRESENT,MISSING,MISSING,MISSING,MISSING,PRESENT,https://www.costcotravel.com/,,TOUR_DMC_INCENTIVE
jar_NOW_NOW_247_sig_NOW_NOW_aHR0cDovL3d3dy5j,NOW_NOW,credTen: Top Fintech Events in 2025 & 2026 - cred pr,credTen,DEMAND_ENGINE_UNIVERSE,DEMAND_SIGNAL,SIGNAL_ONLY,0,2,A_NAMED_DEMAND_ENTITY|B_DEFINED_GROUP_MOTION|C_BUYER_ORGANIZER_PATH|E_HOTEL_LODGING_EVIDENCE,WEAK,MISSING,MISSING,PRESENT,MISSING,PRESENT,http://www.credpr.com/blog/2025/8/13/credten-top-fintech-events-in-2025-amp-2026,,TECH_FINANCIAL_PROFESSIONAL_SERVICES
jar_NOW_NOW_248_sig_NOW_NOW_aHR0cHM6Ly93d3cu,NOW_NOW,Creatio - Fintech Summit 2026,Creatio,DEMAND_ENGINE_UNIVERSE,DEMAND_SIGNAL,SIGNAL_ONLY,0,2,A_NAMED_DEMAND_ENTITY|B_DEFINED_GROUP_MOTION|C_BUYER_ORGANIZER_PATH|E_HOTEL_LODGING_EVIDENCE,WEAK,MISSING,MISSING,PRESENT,MISSING,PRESENT,https://www.linkedin.com/posts/creatioglobal_fintech-summit-2026-activity-7105172781184479232-kwvf,,TECH_FINANCIAL_PROFESSIONAL_SERVICES
jar_NOW_NOW_249_sig_NOW_NOW_aHR0cHM6Ly9yZXNl,NOW_NOW,World FinTech & Digital Finance Summit,World FinTech & Digital Finance Summit,DEMAND_ENGINE_UNIVERSE,DEMAND_SIGNAL,SIGNAL_ONLY,1,2,B_DEFINED_GROUP_MOTION|C_BUYER_ORGANIZER_PATH|D_FUTURE_DECISION_POINT|E_HOTEL_LODGING_EVIDENCE,STRONG,MISSING,WEAK,MISSING,MISSING,PRESENT,https://researchersfusion.com/conferences/digital-finance/information/important-dates/,,TECH_FINANCIAL_PROFESSIONAL_SERVICES
jar_NOW_NOW_250_sig_NOW_NOW_aHR0cHM6Ly8xMHRp,NOW_NOW,"Private FinTech Conference (Apr 2026), New York USA","Private FinTech Conference (Apr 2026), New York USA",DEMAND_ENGINE_UNIVERSE,DEMAND_SIGNAL,PARTIAL_PACKET,1,4,C_BUYER_ORGANIZER_PATH|E_HOTEL_LODGING_EVIDENCE,STRONG,PRESENT,WEAK,PRESENT,MISSING,PRESENT,https://10times.com/e1hz-k144-zsf6-z-private-fintech-conference,,TECH_FINANCIAL_PROFESSIONAL_SERVICES
jar_NOW_NOW_251_sig_NOW_NOW_aHR0cHM6Ly93d3cu,NOW_NOW,Finance Events in New York 2026,Finance Events in New York 2026,DEMAND_ENGINE_UNIVERSE,DEMAND_SIGNAL,PARTIAL_PACKET,1,3,B_DEFINED_GROUP_MOTION|C_BUYER_ORGANIZER_PATH|E_HOTEL_LODGING_EVIDENCE,STRONG,MISSING,WEAK,PRESENT,MISSING,PRESENT,https://www.webmobi.com/discovery/events/in/york/finance,,TECH_FINANCIAL_PROFESSIONAL_SERVICES
jar_NOW_NOW_252_sig_NOW_NOW_aHR0cHM6Ly9zY3J5,NOW_NOW,Best Fintech Events 2026–2027: Dates & Pipeline - Scryon,Best Fintech Events 2026–2027,DEMAND_ENGINE_UNIVERSE,DEMAND_SIGNAL,PARTIAL_PACKET,1,3,B_DEFINED_GROUP_MOTION|C_BUYER_ORGANIZER_PATH|E_HOTEL_LODGING_EVIDENCE,STRONG,MISSING,WEAK,PRESENT,MISSING,PRESENT,https://scryon.io/blog/fintech-events-guide/,,TECH_FINANCIAL_PROFESSIONAL_SERVICES
jar_NOW_NOW_253_sig_NOW_NOW_aHR0cHM6Ly93d3cu,NOW_NOW,A new chapter for NEW YORK FINTECH WEEK is here,A new chapter for NEW YORK FINTECH WEEK is here,DEMAND_ENGINE_UNIVERSE,DEMAND_SIGNAL,SIGNAL_ONLY,1,2,B_DEFINED_GROUP_MOTION|C_BUYER_ORGANIZER_PATH|D_FUTURE_DECISION_POINT|E_HOTEL_LODGING_EVIDENCE,STRONG,MISSING,WEAK,MISSING,MISSING,PRESENT,https://www.youtube.com/watch?v=H7WVMb4V0fU,,TECH_FINANCIAL_PROFESSIONAL_SERVICES
jar_NOW_NOW_254_sig_NOW_NOW_aHR0cHM6Ly93d3cu,NOW_NOW,Annual Family Office Fintech Summit - 2026-10-19 09:00-2,Annual Family Office Fintech Summit,DEMAND_ENGINE_UNIVERSE,DEMAND_SIGNAL,PARTIAL_PACKET,1,3,B_DEFINED_GROUP_MOTION|C_BUYER_ORGANIZER_PATH|E_HOTEL_LODGING_EVIDENCE,STRONG,MISSING,WEAK,PRESENT,MISSING,PRESENT,https://www.mayfairhotelnyc.com/events/new-york-county/annual-family-office-fintech-summit-12683432,,TECH_FINANCIAL_PROFESSIONAL_SERVICES
jar_NOW_NOW_255_sig_NOW_NOW_aHR0cHM6Ly93d3cu,NOW_NOW,Annual Family Office Fintech Summit 2026 - Chancity,Annual Family Office Fintech Summit 2026,DEMAND_ENGINE_UNIVERSE,DEMAND_SIGNAL,PARTIAL_PACKET,1,3,B_DEFINED_GROUP_MOTION|C_BUYER_ORGANIZER_PATH|E_HOTEL_LODGING_EVIDENCE,STRONG,MISSING,WEAK,PRESENT,MISSING,PRESENT,https://www.chancity.ai/events/annual-family-office-fintech-summit/2026,,TECH_FINANCIAL_PROFESSIONAL_SERVICES
jar_NOW_NOW_256_sig_NOW_NOW_aHR0cHM6Ly93d3cu,NOW_NOW,Annual Meeting & Conference | New York State ...,Annual Meeting & Conference,DEMAND_ENGINE_UNIVERSE,DEMAND_SIGNAL,PARTIAL_PACKET,1,3,C_BUYER_ORGANIZER_PATH|D_FUTURE_DECISION_POINT|E_HOTEL_LODGING_EVIDENCE,STRONG,PRESENT,WEAK,MISSING,MISSING,PRESENT,https://www.nyspha.org/annual-meeting-conference,,ASSOCIATION_NGO
jar_NOW_NOW_257_sig_NOW_NOW_aHR0cHM6Ly9teS5h,NOW_NOW,Calendar of Events,Calendar of Events,DEMAND_ENGINE_UNIVERSE,DEMAND_SIGNAL,SIGNAL_ONLY,1,2,B_DEFINED_GROUP_MOTION|C_BUYER_ORGANIZER_PATH|D_FUTURE_DECISION_POINT|E_HOTEL_LODGING_EVIDENCE,STRONG,MISSING,WEAK,MISSING,MISSING,PRESENT,https://my.americanhealthlaw.org/Events/Calendar-of-Events,,ASSOCIATION_NGO
jar_NOW_NOW_258_sig_NOW_NOW_aHR0cHM6Ly93d3cu,NOW_NOW,2026 Annual Conference,2026 Annual Conference,DEMAND_ENGINE_UNIVERSE,DEMAND_SIGNAL,PARTIAL_PACKET,1,4,C_BUYER_ORGANIZER_PATH|E_HOTEL_LODGING_EVIDENCE,STRONG,PRESENT,WEAK,PRESENT,MISSING,PRESENT,https://www.nyla.org/annual-conference,,ASSOCIATION_NGO
jar_NOW_NOW_259_sig_NOW_NOW_aHR0cHM6Ly9ueWhw,NOW_NOW,2026 Covering NY HPA Annual Conference and Expo,2026 Covering NY HPA Annual Conference and Expo,DEMAND_ENGINE_UNIVERSE,DEMAND_SIGNAL,PARTIAL_PACKET,1,4,C_BUYER_ORGANIZER_PATH|E_HOTEL_LODGING_EVIDENCE,STRONG,PRESENT,WEAK,PRESENT,MISSING,PRESENT,https://nyhpa.org/2026-covering-ny-hpa-annual-conference-and-expo/,,ASSOCIATION_NGO
jar_NOW_NOW_260_sig_NOW_NOW_aHR0cHM6Ly9ldmVu,NOW_NOW,City and State NY Events - Calendar,City and State NY Events,DEMAND_ENGINE_UNIVERSE,DEMAND_SIGNAL,SIGNAL_ONLY,1,2,B_DEFINED_GROUP_MOTION|C_BUYER_ORGANIZER_PATH|D_FUTURE_DECISION_POINT|E_HOTEL_LODGING_EVIDENCE,STRONG,MISSING,WEAK,MISSING,MISSING,PRESENT,https://events.cityandstateny.com/,,ASSOCIATION_NGO
jar_NOW_NOW_261_sig_NOW_NOW_aHR0cHM6Ly93d3cu,NOW_NOW,Get Ready for the Event of the Year! Join us in NYC from ...,Get Ready for the Event of the Year! Join us in NYC from ...,DEMAND_ENGINE_UNIVERSE,DEMAND_SIGNAL,SIGNAL_ONLY,1,2,B_DEFINED_GROUP_MOTION|C_BUYER_ORGANIZER_PATH|D_FUTURE_DECISION_POINT|E_HOTEL_LODGING_EVIDENCE,STRONG,MISSING,WEAK,MISSING,MISSING,PRESENT,https://www.facebook.com/NationalMedAssn/videos/-get-ready-for-the-event-of-the-year-join-us-in-nyc-from-august-3-7-for-the-nma-/1915860898866102/,,ASSOCIATION_NGO
jar_NOW_NOW_262_sig_NOW_NOW_aHR0cHM6Ly93d3cu,NOW_NOW,2026 and 2027 Conferences,2026 and 2027 Conferences,DEMAND_ENGINE_UNIVERSE,DEMAND_SIGNAL,PARTIAL_PACKET,1,3,B_DEFINED_GROUP_MOTION|C_BUYER_ORGANIZER_PATH|E_HOTEL_LODGING_EVIDENCE,STRONG,MISSING,WEAK,PRESENT,MISSING,PRESENT,https://www.precisionaq.com/hubfs/May%202026-2027%20Conferences%20for%20Upload.pdf,,ASSOCIATION_NGO
jar_NOW_NOW_263_sig_NOW_NOW_aHR0cHM6Ly9ueWFt,NOW_NOW,Events,Events,DEMAND_ENGINE_UNIVERSE,DEMAND_SIGNAL,SIGNAL_ONLY,0,1,A_NAMED_DEMAND_ENTITY|B_DEFINED_GROUP_MOTION|C_BUYER_ORGANIZER_PATH|D_FUTURE_DECISION_POINT|E_HOTEL_LODGING_EVIDENCE,WEAK,MISSING,MISSING,MISSING,MISSING,PRESENT,https://nyam.org/events/,,ASSOCIATION_NGO
jar_NOW_NOW_264_sig_NOW_NOW_aHR0cHM6Ly93d3cu,NOW_NOW,AMA and AAMSE 2026 & 2027 Meeting Dates,AMA and AAMSE 2026 & 2027 Meeting Dates,DEMAND_ENGINE_UNIVERSE,DEMAND_SIGNAL,PARTIAL_PACKET,1,3,B_DEFINED_GROUP_MOTION|C_BUYER_ORGANIZER_PATH|E_HOTEL_LODGING_EVIDENCE,STRONG,MISSING,WEAK,PRESENT,MISSING,PRESENT,https://www.ama-assn.org/system/files/medical-specialty-meeting-dates.pdf,,ASSOCIATION_NGO
jar_NOW_NOW_265_sig_NOW_NOW_aHR0cHM6Ly9lbmdh,NOW_NOW,D2 Body and Disease with Krishnan Sivaloganathan,D2 Body and Disease with Krishnan Sivaloganathan,DEMAND_ENGINE_UNIVERSE,DEMAND_SIGNAL,SIGNAL_ONLY,1,2,B_DEFINED_GROUP_MOTION|C_BUYER_ORGANIZER_PATH|D_FUTURE_DECISION_POINT|E_HOTEL_LODGING_EVIDENCE,STRONG,MISSING,WEAK,MISSING,MISSING,PRESENT,https://engage.nyu.edu/event/12567427,,UNIVERSITY_EDUCATION
jar_NOW_NOW_266_sig_NOW_NOW_aHR0cHM6Ly9lbmdh,NOW_NOW,Math for Economics I (Sanfratello),Math for Economics I (Sanfratello),DEMAND_ENGINE_UNIVERSE,DEMAND_SIGNAL,SIGNAL_ONLY,1,2,B_DEFINED_GROUP_MOTION|C_BUYER_ORGANIZER_PATH|D_FUTURE_DECISION_POINT|E_HOTEL_LODGING_EVIDENCE,STRONG,MISSING,WEAK,MISSING,MISSING,PRESENT,https://engage.nyu.edu/event/12720042,,UNIVERSITY_EDUCATION
jar_NOW_NOW_267_sig_NOW_NOW_aHR0cHM6Ly9lbmdh,NOW_NOW,Independence Day Carnival,Independence Day Carnival,DEMAND_ENGINE_UNIVERSE,DEMAND_SIGNAL,SIGNAL_ONLY,1,2,B_DEFINED_GROUP_MOTION|C_BUYER_ORGANIZER_PATH|D_FUTURE_DECISION_POINT|E_HOTEL_LODGING_EVIDENCE,STRONG,MISSING,WEAK,MISSING,MISSING,PRESENT,https://engage.nyu.edu/event/12161183,,UNIVERSITY_EDUCATION
jar_NOW_NOW_268_sig_NOW_NOW_aHR0cHM6Ly9lbmdh,NOW_NOW,Fireside Chat with Santander Board Member Antonio Weiss,Fireside Chat with Santander Board Member Antonio Weiss,DEMAND_ENGINE_UNIVERSE,DEMAND_SIGNAL,SIGNAL_ONLY,1,2,B_DEFINED_GROUP_MOTION|C_BUYER_ORGANIZER_PATH|D_FUTURE_DECISION_POINT|E_HOTEL_LODGING_EVIDENCE,STRONG,MISSING,WEAK,MISSING,MISSING,PRESENT,https://engage.nyu.edu/event/11868500,,UNIVERSITY_EDUCATION
jar_NOW_NOW_269_sig_NOW_NOW_aHR0cHM6Ly9lbmdh,NOW_NOW,Jeopardy,Jeopardy,DEMAND_ENGINE_UNIVERSE,DEMAND_SIGNAL,SIGNAL_ONLY,0,1,A_NAMED_DEMAND_ENTITY|B_DEFINED_GROUP_MOTION|C_BUYER_ORGANIZER_PATH|D_FUTURE_DECISION_POINT|E_HOTEL_LODGING_EVIDENCE,WEAK,MISSING,MISSING,MISSING,MISSING,PRESENT,https://engage.nyu.edu/event/12749442,,UNIVERSITY_EDUCATION
jar_NOW_NOW_270_sig_NOW_NOW_aHR0cHM6Ly9lbmdh,NOW_NOW,CVC End of the year party!,CVC End of the year party!,DEMAND_ENGINE_UNIVERSE,DEMAND_SIGNAL,SIGNAL_ONLY,1,2,B_DEFINED_GROUP_MOTION|C_BUYER_ORGANIZER_PATH|D_FUTURE_DECISION_POINT|E_HOTEL_LODGING_EVIDENCE,STRONG,MISSING,WEAK,MISSING,MISSING,PRESENT,https://engage.nyu.edu/event/12446520,,UNIVERSITY_EDUCATION
jar_NOW_NOW_271_sig_NOW_NOW_aHR0cHM6Ly9lbmdh,NOW_NOW,Mid-Autaumn Festival Celebration,Mid,DEMAND_ENGINE_UNIVERSE,DEMAND_SIGNAL,REJECTED,0,1,A_NAMED_DEMAND_ENTITY|B_DEFINED_GROUP_MOTION|C_BUYER_ORGANIZER_PATH|D_FUTURE_DECISION_POINT|E_HOTEL_LODGING_EVIDENCE,MISSING,MISSING,MISSING,MISSING,MISSING,PRESENT,https://engage.nyu.edu/event/11853263,,UNIVERSITY_EDUCATION
jar_NOW_NOW_272_sig_NOW_NOW_aHR0cHM6Ly9lbmdh,NOW_NOW,Books & Brew,Books & Brew,DEMAND_ENGINE_UNIVERSE,DEMAND_SIGNAL,SIGNAL_ONLY,1,2,B_DEFINED_GROUP_MOTION|C_BUYER_ORGANIZER_PATH|D_FUTURE_DECISION_POINT|E_HOTEL_LODGING_EVIDENCE,STRONG,MISSING,WEAK,MISSING,MISSING,PRESENT,https://engage.nyu.edu/event/12615613,,UNIVERSITY_EDUCATION
jar_NOW_NOW_273_sig_NOW_NOW_aHR0cHM6Ly9lbmdh,NOW_NOW,FFG x Pickle Halloween Clothing Swap & Rent,FFG x Pickle Halloween Clothing Swap & Rent,DEMAND_ENGINE_UNIVERSE,DEMAND_SIGNAL,SIGNAL_ONLY,1,2,B_DEFINED_GROUP_MOTION|C_BUYER_ORGANIZER_PATH|D_FUTURE_DECISION_POINT|E_HOTEL_LODGING_EVIDENCE,STRONG,MISSING,WEAK,MISSING,MISSING,PRESENT,https://engage.nyu.edu/event/11793511,,UNIVERSITY_EDUCATION
jar_NOW_NOW_274_sig_feeder_NOW_NOW_aHR0cHM6Ly9u,NOW_NOW,New York City Business Travel Association - Meeting/Event ...,New York City Business Travel Association,DEMAND_ENGINE_UNIVERSE,DEMAND_SIGNAL,PARTIAL_PACKET,1,3,C_BUYER_ORGANIZER_PATH|D_FUTURE_DECISION_POINT|E_HOTEL_LODGING_EVIDENCE,STRONG,PRESENT,WEAK,MISSING,MISSING,PRESENT,https://nycbta.starchapter.com/meetinginfo.php?id=52&ts=1479710385,,CORPORATE
jar_NOW_NOW_275_sig_feeder_NOW_NOW_aHR0cHM6Ly93,NOW_NOW,Events & Initiatives,Events & Initiatives,DEMAND_ENGINE_UNIVERSE,DEMAND_SIGNAL,SIGNAL_ONLY,1,2,B_DEFINED_GROUP_MOTION|C_BUYER_ORGANIZER_PATH|D_FUTURE_DECISION_POINT|E_HOTEL_LODGING_EVIDENCE,STRONG,MISSING,WEAK,MISSING,MISSING,PRESENT,https://www.ustravel.org/events/523007?view_args=523007,,CORPORATE
jar_NOW_NOW_276_sig_feeder_NOW_NOW_aHR0cHM6Ly8x,NOW_NOW,Annual Corporate Travel 100 Summit - CONFERENCES,Annual Corporate Travel 100 Summit,DEMAND_ENGINE_UNIVERSE,DEMAND_SIGNAL,SIGNAL_ONLY,1,2,B_DEFINED_GROUP_MOTION|C_BUYER_ORGANIZER_PATH|D_FUTURE_DECISION_POINT|E_HOTEL_LODGING_EVIDENCE,STRONG,MISSING,WEAK,MISSING,MISSING,PRESENT,https://10times.com/e1dd-19ks-1g9r-x,,CORPORATE
jar_NOW_NOW_277_sig_feeder_NOW_NOW_aHR0cHM6Ly93,NOW_NOW,Events & Initiatives,Events & Initiatives,DEMAND_ENGINE_UNIVERSE,DEMAND_SIGNAL,SIGNAL_ONLY,1,2,B_DEFINED_GROUP_MOTION|C_BUYER_ORGANIZER_PATH|D_FUTURE_DECISION_POINT|E_HOTEL_LODGING_EVIDENCE,STRONG,MISSING,WEAK,MISSING,MISSING,PRESENT,https://www.ustravel.org/events/522307?view_args=522307,,CORPORATE
jar_NOW_NOW_278_sig_feeder_NOW_NOW_aHR0cHM6Ly9i,NOW_NOW,Go-to-Market Kick-Off Meeting North America,Go,DEMAND_ENGINE_UNIVERSE,DEMAND_SIGNAL,REJECTED,0,1,A_NAMED_DEMAND_ENTITY|B_DEFINED_GROUP_MOTION|C_BUYER_ORGANIZER_PATH|D_FUTURE_DECISION_POINT|E_HOTEL_LODGING_EVIDENCE,MISSING,MISSING,MISSING,MISSING,MISSING,PRESENT,https://book.passkey.com/event/50897291/owner/6893/home,,CORPORATE
jar_NOW_NOW_279_sig_feeder_NOW_NOW_aHR0cHM6Ly93,NOW_NOW,Events & Initiatives,Events & Initiatives,DEMAND_ENGINE_UNIVERSE,DEMAND_SIGNAL,SIGNAL_ONLY,1,2,B_DEFINED_GROUP_MOTION|C_BUYER_ORGANIZER_PATH|D_FUTURE_DECISION_POINT|E_HOTEL_LODGING_EVIDENCE,STRONG,MISSING,WEAK,MISSING,MISSING,PRESENT,https://www.ustravel.org/events/517207,,CORPORATE
jar_NOW_NOW_280_sig_feeder_NOW_NOW_aHR0cHM6Ly93,NOW_NOW,Events & Initiatives,Events & Initiatives,DEMAND_ENGINE_UNIVERSE,DEMAND_SIGNAL,SIGNAL_ONLY,1,2,B_DEFINED_GROUP_MOTION|C_BUYER_ORGANIZER_PATH|D_FUTURE_DECISION_POINT|E_HOTEL_LODGING_EVIDENCE,STRONG,MISSING,WEAK,MISSING,MISSING,PRESENT,https://www.ustravel.org/events/525907,,CORPORATE
jar_NOW_NOW_281_sig_feeder_NOW_NOW_aHR0cHM6Ly93,NOW_NOW,Events & Initiatives,Events & Initiatives,DEMAND_ENGINE_UNIVERSE,DEMAND_SIGNAL,SIGNAL_ONLY,1,2,B_DEFINED_GROUP_MOTION|C_BUYER_ORGANIZER_PATH|D_FUTURE_DECISION_POINT|E_HOTEL_LODGING_EVIDENCE,STRONG,MISSING,WEAK,MISSING,MISSING,PRESENT,https://www.ustravel.org/events/526212,,CORPORATE
jar_NOW_NOW_282_sig_feeder_NOW_NOW_aHR0cHM6Ly93,NOW_NOW,New York City is calling your name. Affiliate Summit East ...,New York City is calling your name. Affiliate Summit East ...,DEMAND_ENGINE_UNIVERSE,DEMAND_SIGNAL,SIGNAL_ONLY,1,2,B_DEFINED_GROUP_MOTION|C_BUYER_ORGANIZER_PATH|D_FUTURE_DECISION_POINT|E_HOTEL_LODGING_EVIDENCE,STRONG,MISSING,WEAK,MISSING,MISSING,PRESENT,https://www.instagram.com/p/Dac-SeNlySP/,,CORPORATE
jar_NOW_NOW_283_sig_feeder_NOW_NOW_aHR0cHM6Ly93,NOW_NOW,Kickoff: Personal Training Covered by Insurance,Kickoff,DEMAND_ENGINE_UNIVERSE,DEMAND_SIGNAL,SIGNAL_ONLY,0,2,A_NAMED_DEMAND_ENTITY|C_BUYER_ORGANIZER_PATH|D_FUTURE_DECISION_POINT|E_HOTEL_LODGING_EVIDENCE,WEAK,PRESENT,MISSING,MISSING,MISSING,PRESENT,https://www.trainwithkickoff.com/,,CORPORATE
jar_NOW_NOW_284_sig_feeder_NOW_NOW_aHR0cHM6Ly93,NOW_NOW,What Is Leadership? A Definition Based on Research | CCL,What Is Leadership? A Definition Based on Research,DEMAND_ENGINE_UNIVERSE,DEMAND_SIGNAL,SIGNAL_ONLY,1,2,B_DEFINED_GROUP_MOTION|C_BUYER_ORGANIZER_PATH|D_FUTURE_DECISION_POINT|E_HOTEL_LODGING_EVIDENCE,STRONG,MISSING,WEAK,MISSING,MISSING,PRESENT,https://www.ccl.org/articles/leading-effectively-articles/what-is-leadership-a-definition/,,CORPORATE
jar_NOW_NOW_285_sig_feeder_NOW_NOW_aHR0cHM6Ly93,NOW_NOW,EDA Leadership | U.S. Economic Development ...,EDA Leadership,DEMAND_ENGINE_UNIVERSE,DEMAND_SIGNAL,SIGNAL_ONLY,0,2,B_DEFINED_GROUP_MOTION|C_BUYER_ORGANIZER_PATH|D_FUTURE_DECISION_POINT|E_HOTEL_LODGING_EVIDENCE,PRESENT,MISSING,MISSING,MISSING,MISSING,PRESENT,https://www.eda.gov/about/leadership,,CORPORATE
jar_NOW_NOW_286_sig_feeder_NOW_NOW_aHR0cHM6Ly9s,NOW_NOW,Leadership | Cornell University,Leadership,DEMAND_ENGINE_UNIVERSE,DEMAND_SIGNAL,SIGNAL_ONLY,0,1,A_NAMED_DEMAND_ENTITY|B_DEFINED_GROUP_MOTION|C_BUYER_ORGANIZER_PATH|D_FUTURE_DECISION_POINT|E_HOTEL_LODGING_EVIDENCE,WEAK,MISSING,MISSING,MISSING,MISSING,PRESENT,https://leadership.cornell.edu/,,CORPORATE
jar_NOW_NOW_287_sig_feeder_NOW_NOW_aHR0cHM6Ly9l,NOW_NOW,Leadership,Leadership,DEMAND_ENGINE_UNIVERSE,DEMAND_SIGNAL,SIGNAL_ONLY,0,1,A_NAMED_DEMAND_ENTITY|B_DEFINED_GROUP_MOTION|C_BUYER_ORGANIZER_PATH|D_FUTURE_DECISION_POINT|E_HOTEL_LODGING_EVIDENCE,WEAK,MISSING,MISSING,MISSING,MISSING,PRESENT,https://en.wikipedia.org/wiki/Leadership,,CORPORATE
jar_NOW_NOW_288_sig_feeder_NOW_NOW_aHR0cHM6Ly93,NOW_NOW,Leadership,Leadership,DEMAND_ENGINE_UNIVERSE,DEMAND_SIGNAL,SIGNAL_ONLY,0,1,A_NAMED_DEMAND_ENTITY|B_DEFINED_GROUP_MOTION|C_BUYER_ORGANIZER_PATH|D_FUTURE_DECISION_POINT|E_HOTEL_LODGING_EVIDENCE,WEAK,MISSING,MISSING,MISSING,MISSING,PRESENT,https://www.psychologytoday.com/us/basics/leadership,,CORPORATE
jar_NOW_NOW_289_sig_feeder_NOW_NOW_aHR0cHM6Ly93,NOW_NOW,r/Leadership,r/Leadership,DEMAND_ENGINE_UNIVERSE,DEMAND_SIGNAL,SIGNAL_ONLY,0,1,A_NAMED_DEMAND_ENTITY|B_DEFINED_GROUP_MOTION|C_BUYER_ORGANIZER_PATH|D_FUTURE_DECISION_POINT|E_HOTEL_LODGING_EVIDENCE,WEAK,MISSING,MISSING,MISSING,MISSING,PRESENT,https://www.reddit.com/r/Leadership/,,CORPORATE
jar_NOW_NOW_290_sig_feeder_NOW_NOW_aHR0cHM6Ly93,NOW_NOW,Leadership,Leadership,DEMAND_ENGINE_UNIVERSE,DEMAND_SIGNAL,SIGNAL_ONLY,0,1,A_NAMED_DEMAND_ENTITY|B_DEFINED_GROUP_MOTION|C_BUYER_ORGANIZER_PATH|D_FUTURE_DECISION_POINT|E_HOTEL_LODGING_EVIDENCE,WEAK,MISSING,MISSING,MISSING,MISSING,PRESENT,https://www.forbes.com/leadership/,,CORPORATE
jar_NOW_NOW_291_sig_feeder_NOW_NOW_aHR0cHM6Ly9w,NOW_NOW,No Bullsh!t Leadership - Podcast,No Bullsh!t Leadership,DEMAND_ENGINE_UNIVERSE,DEMAND_SIGNAL,SIGNAL_ONLY,1,2,B_DEFINED_GROUP_MOTION|C_BUYER_ORGANIZER_PATH|D_FUTURE_DECISION_POINT|E_HOTEL_LODGING_EVIDENCE,STRONG,MISSING,WEAK,MISSING,MISSING,PRESENT,https://podcasts.apple.com/gr/podcast/no-bullsh-t-leadership/id1434654553,,CORPORATE
jar_YOTEL_292_gdi_opp_uzh_study_annual_meeting_8,YOTEL,UZH Study,UZH Study,DEMAND_ENGINE_UNIVERSE,ROTATION_SERIES,SIGNAL_ONLY,0,2,B_DEFINED_GROUP_MOTION|C_BUYER_ORGANIZER_PATH|D_FUTURE_DECISION_POINT|E_HOTEL_LODGING_EVIDENCE,PRESENT,WEAK,MISSING,WEAK,MISSING,PRESENT,,,ASSOCIATION_NGO
jar_YOTEL_293_gdi_opp_summit_2026_10,YOTEL,Mer Consortium,Mer Consortium,DEMAND_ENGINE_UNIVERSE,ROTATION_SERIES,SIGNAL_ONLY,0,2,B_DEFINED_GROUP_MOTION|C_BUYER_ORGANIZER_PATH|D_FUTURE_DECISION_POINT|E_HOTEL_LODGING_EVIDENCE,PRESENT,WEAK,MISSING,WEAK,MISSING,PRESENT,,,ASSOCIATION_NGO
jar_YOTEL_294_gdi_opp_aidex_geneva_11,YOTEL,AidEx / Clarion Events,AidEx / Clarion Events,DEMAND_ENGINE_UNIVERSE,ROTATION_SERIES,SIGNAL_ONLY,1,2,B_DEFINED_GROUP_MOTION|C_BUYER_ORGANIZER_PATH|D_FUTURE_DECISION_POINT|E_HOTEL_LODGING_EVIDENCE,STRONG,WEAK,WEAK,WEAK,MISSING,PRESENT,,,ASSOCIATION_NGO
jar_YOTEL_295_gdi_opp_g7_summit_3,YOTEL,Hôtel Royal,Hôtel Royal,DEMAND_ENGINE_UNIVERSE,ROTATION_SERIES,SIGNAL_ONLY,0,2,B_DEFINED_GROUP_MOTION|C_BUYER_ORGANIZER_PATH|D_FUTURE_DECISION_POINT|E_HOTEL_LODGING_EVIDENCE,PRESENT,WEAK,MISSING,WEAK,MISSING,PRESENT,,,ASSOCIATION_NGO
jar_YOTEL_296_gdi_opp_lake_geneva_la_c_te_leadership_r,YOTEL,Swiss Leaders,Swiss Leaders,DEMAND_ENGINE_UNIVERSE,ROTATION_SERIES,SIGNAL_ONLY,0,2,B_DEFINED_GROUP_MOTION|C_BUYER_ORGANIZER_PATH|D_FUTURE_DECISION_POINT|E_HOTEL_LODGING_EVIDENCE,PRESENT,WEAK,MISSING,WEAK,MISSING,PRESENT,,,ASSOCIATION_NGO
jar_YOTEL_297_gdi_opp_the_changemakers_retreat_cultiva,YOTEL,Initiatives of Change,Initiatives of Change,DEMAND_ENGINE_UNIVERSE,ROTATION_SERIES,SIGNAL_ONLY,1,2,B_DEFINED_GROUP_MOTION|C_BUYER_ORGANIZER_PATH|D_FUTURE_DECISION_POINT|E_HOTEL_LODGING_EVIDENCE,STRONG,WEAK,WEAK,WEAK,MISSING,PRESENT,,,ASSOCIATION_NGO
jar_YOTEL_298_gdi_opp_conferences_in_switzerland_2026_,YOTEL,ConferenceInc,ConferenceInc,DEMAND_ENGINE_UNIVERSE,ROTATION_SERIES,SIGNAL_ONLY,0,1,A_NAMED_DEMAND_ENTITY|B_DEFINED_GROUP_MOTION|C_BUYER_ORGANIZER_PATH|D_FUTURE_DECISION_POINT|E_HOTEL_LODGING_EVIDENCE,WEAK,WEAK,MISSING,WEAK,MISSING,PRESENT,,,ASSOCIATION_NGO
jar_YOTEL_299_gdi_opp_rfp_for_lake_geneva_hotels_1,YOTEL,Trivago,Trivago,DEMAND_ENGINE_UNIVERSE,ROTATION_SERIES,SIGNAL_ONLY,0,1,A_NAMED_DEMAND_ENTITY|B_DEFINED_GROUP_MOTION|C_BUYER_ORGANIZER_PATH|D_FUTURE_DECISION_POINT|E_HOTEL_LODGING_EVIDENCE,WEAK,WEAK,MISSING,WEAK,MISSING,PRESENT,,,ASSOCIATION_NGO
jar_YOTEL_300_gdi_opp_annual_meeting_of_lake_geneva_la,YOTEL,Various Associations,Various Associations,DEMAND_ENGINE_UNIVERSE,ROTATION_SERIES,SIGNAL_ONLY,0,2,B_DEFINED_GROUP_MOTION|C_BUYER_ORGANIZER_PATH|D_FUTURE_DECISION_POINT|E_HOTEL_LODGING_EVIDENCE,PRESENT,WEAK,MISSING,WEAK,MISSING,PRESENT,,,ASSOCIATION_NGO
jar_YOTEL_301_gdi_opp_international_swim_across_lake_g,YOTEL,Lake Geneva Swimming Association,Lake Geneva Swimming Association,DEMAND_ENGINE_UNIVERSE,ROTATION_SERIES,PARTIAL_PACKET,1,3,C_BUYER_ORGANIZER_PATH|D_FUTURE_DECISION_POINT|E_HOTEL_LODGING_EVIDENCE,STRONG,PRESENT,WEAK,WEAK,MISSING,PRESENT,,,ASSOCIATION_NGO
jar_YOTEL_302_gdi_opp_swiss_leaders_leadership_retreat,YOTEL,Swiss Leaders,Swiss Leaders,DEMAND_ENGINE_UNIVERSE,ROTATION_SERIES,SIGNAL_ONLY,0,2,B_DEFINED_GROUP_MOTION|C_BUYER_ORGANIZER_PATH|D_FUTURE_DECISION_POINT|E_HOTEL_LODGING_EVIDENCE,PRESENT,WEAK,MISSING,WEAK,MISSING,PRESENT,,,ASSOCIATION_NGO
jar_AC_303_gdi_opp_total_solar_eclipse_2,AC,Spanish Authorities,Spanish Authorities,DEMAND_ENGINE_UNIVERSE,ROTATION_SERIES,SIGNAL_ONLY,0,2,B_DEFINED_GROUP_MOTION|C_BUYER_ORGANIZER_PATH|D_FUTURE_DECISION_POINT|E_HOTEL_LODGING_EVIDENCE,PRESENT,WEAK,MISSING,WEAK,MISSING,PRESENT,,,ASSOCIATION_NGO
jar_AC_304_gdi_opp_adaptatur_0,AC,Universidad Complutense de Madrid,Universidad Complutense de Madrid,DEMAND_ENGINE_UNIVERSE,ROTATION_SERIES,SIGNAL_ONLY,1,2,B_DEFINED_GROUP_MOTION|C_BUYER_ORGANIZER_PATH|D_FUTURE_DECISION_POINT|E_HOTEL_LODGING_EVIDENCE,STRONG,WEAK,WEAK,WEAK,MISSING,PRESENT,,,ASSOCIATION_NGO
jar_AC_305_gdi_opp_festa_de_exaltaci_n_do_marisco_6,AC,Ayuntamiento de A Coruña,Ayuntamiento de A Coruña,DEMAND_ENGINE_UNIVERSE,ROTATION_SERIES,SIGNAL_ONLY,1,2,B_DEFINED_GROUP_MOTION|C_BUYER_ORGANIZER_PATH|D_FUTURE_DECISION_POINT|E_HOTEL_LODGING_EVIDENCE,STRONG,WEAK,WEAK,WEAK,MISSING,PRESENT,,,ASSOCIATION_NGO
jar_AC_306_gdi_opp_divcult_spring_webinar_7,AC,"Faculty of Sociology, University of A Coruña","Faculty of Sociology, University of A Coruña",DEMAND_ENGINE_UNIVERSE,ROTATION_SERIES,SIGNAL_ONLY,1,2,B_DEFINED_GROUP_MOTION|C_BUYER_ORGANIZER_PATH|D_FUTURE_DECISION_POINT|E_HOTEL_LODGING_EVIDENCE,STRONG,WEAK,WEAK,WEAK,MISSING,PRESENT,,,ASSOCIATION_NGO
jar_AC_307_gdi_opp_models_2026_10,AC,Unknown,Unknown,DEMAND_ENGINE_UNIVERSE,ROTATION_SERIES,SIGNAL_ONLY,0,1,A_NAMED_DEMAND_ENTITY|B_DEFINED_GROUP_MOTION|C_BUYER_ORGANIZER_PATH|D_FUTURE_DECISION_POINT|E_HOTEL_LODGING_EVIDENCE,WEAK,WEAK,MISSING,WEAK,MISSING,PRESENT,,,ASSOCIATION_NGO
jar_AC_308_gdi_opp_annual_meeting_3,AC,Unknown,Unknown,DEMAND_ENGINE_UNIVERSE,ROTATION_SERIES,SIGNAL_ONLY,0,1,A_NAMED_DEMAND_ENTITY|B_DEFINED_GROUP_MOTION|C_BUYER_ORGANIZER_PATH|D_FUTURE_DECISION_POINT|E_HOTEL_LODGING_EVIDENCE,WEAK,WEAK,MISSING,WEAK,MISSING,PRESENT,,,ASSOCIATION_NGO
jar_AC_309_gdi_opp_corporate_meetings_4,AC,Unknown,Unknown,DEMAND_ENGINE_UNIVERSE,ROTATION_SERIES,SIGNAL_ONLY,0,1,A_NAMED_DEMAND_ENTITY|B_DEFINED_GROUP_MOTION|C_BUYER_ORGANIZER_PATH|D_FUTURE_DECISION_POINT|E_HOTEL_LODGING_EVIDENCE,WEAK,WEAK,MISSING,WEAK,MISSING,PRESENT,,,ASSOCIATION_NGO
jar_AC_310_gdi_opp_conference_at_a_coru_a_faculty_o,AC,A Coruña Faculty of Computer Science,A Coruña Faculty of Computer Science,DEMAND_ENGINE_UNIVERSE,ROTATION_SERIES,SIGNAL_ONLY,1,2,B_DEFINED_GROUP_MOTION|C_BUYER_ORGANIZER_PATH|D_FUTURE_DECISION_POINT|E_HOTEL_LODGING_EVIDENCE,STRONG,WEAK,WEAK,WEAK,MISSING,PRESENT,,,ASSOCIATION_NGO
jar_AC_311_gdi_opp_conference_at_a_coru_a_faculty_o,AC,A Coruña Faculty of Computer Science,A Coruña Faculty of Computer Science,DEMAND_ENGINE_UNIVERSE,ROTATION_SERIES,SIGNAL_ONLY,1,2,B_DEFINED_GROUP_MOTION|C_BUYER_ORGANIZER_PATH|D_FUTURE_DECISION_POINT|E_HOTEL_LODGING_EVIDENCE,STRONG,WEAK,WEAK,WEAK,MISSING,PRESENT,,,ASSOCIATION_NGO
jar_AC_312_gdi_opp_corporate_meetings_in_matogrande,AC,Various Corporations,Various Corporations,DEMAND_ENGINE_UNIVERSE,ROTATION_SERIES,SIGNAL_ONLY,0,2,B_DEFINED_GROUP_MOTION|C_BUYER_ORGANIZER_PATH|D_FUTURE_DECISION_POINT|E_HOTEL_LODGING_EVIDENCE,PRESENT,WEAK,MISSING,WEAK,MISSING,PRESENT,,,ASSOCIATION_NGO
jar_AC_313_gdi_opp_sudslong_1,AC,Universidad de Cantabria,Universidad de Cantabria,DEMAND_ENGINE_UNIVERSE,ROTATION_SERIES,SIGNAL_ONLY,1,2,B_DEFINED_GROUP_MOTION|C_BUYER_ORGANIZER_PATH|D_FUTURE_DECISION_POINT|E_HOTEL_LODGING_EVIDENCE,STRONG,WEAK,WEAK,WEAK,MISSING,PRESENT,,,ASSOCIATION_NGO
jar_AC_314_gdi_opp_innovative_public_purchase_and_p,AC,CETIM,CETIM,DEMAND_ENGINE_UNIVERSE,ROTATION_SERIES,SIGNAL_ONLY,0,1,A_NAMED_DEMAND_ENTITY|B_DEFINED_GROUP_MOTION|C_BUYER_ORGANIZER_PATH|D_FUTURE_DECISION_POINT|E_HOTEL_LODGING_EVIDENCE,MISSING,WEAK,MISSING,WEAK,MISSING,PRESENT,,,ASSOCIATION_NGO
jar_AC_315_gdi_opp_conference_at_a_coru_a_faculty_o,AC,A Coruña Faculty of Computer Science,A Coruña Faculty of Computer Science,DEMAND_ENGINE_UNIVERSE,ROTATION_SERIES,SIGNAL_ONLY,1,2,B_DEFINED_GROUP_MOTION|C_BUYER_ORGANIZER_PATH|D_FUTURE_DECISION_POINT|E_HOTEL_LODGING_EVIDENCE,STRONG,WEAK,WEAK,WEAK,MISSING,PRESENT,,,ASSOCIATION_NGO
jar_AC_316_gdi_opp_revista_espa_ola_de_anestesiolog,AC,Revista Española de Anestesiología y Reanimación,Revista Española de Anestesiología y Reanimación,DEMAND_ENGINE_UNIVERSE,ROTATION_SERIES,SIGNAL_ONLY,1,2,B_DEFINED_GROUP_MOTION|C_BUYER_ORGANIZER_PATH|D_FUTURE_DECISION_POINT|E_HOTEL_LODGING_EVIDENCE,STRONG,WEAK,WEAK,WEAK,MISSING,PRESENT,,,ASSOCIATION_NGO
jar_AC_317_gdi_opp_divcult_spring_webinar_2026_part,AC,"Faculty of Sociology, University of A Coruña","Faculty of Sociology, University of A Coruña",DEMAND_ENGINE_UNIVERSE,ROTATION_SERIES,SIGNAL_ONLY,1,2,B_DEFINED_GROUP_MOTION|C_BUYER_ORGANIZER_PATH|D_FUTURE_DECISION_POINT|E_HOTEL_LODGING_EVIDENCE,STRONG,WEAK,WEAK,WEAK,MISSING,PRESENT,,,ASSOCIATION_NGO
jar_AC_318_gdi_opp_highlights_22_conference_3,AC,Unknown,Unknown,DEMAND_ENGINE_UNIVERSE,ROTATION_SERIES,SIGNAL_ONLY,0,1,A_NAMED_DEMAND_ENTITY|B_DEFINED_GROUP_MOTION|C_BUYER_ORGANIZER_PATH|D_FUTURE_DECISION_POINT|E_HOTEL_LODGING_EVIDENCE,WEAK,WEAK,MISSING,WEAK,MISSING,PRESENT,,,ASSOCIATION_NGO
jar_AC_319_gdi_opp_174th_international_softwood_con,AC,AEIM,AEIM,DEMAND_ENGINE_UNIVERSE,ROTATION_SERIES,SIGNAL_ONLY,0,1,A_NAMED_DEMAND_ENTITY|B_DEFINED_GROUP_MOTION|C_BUYER_ORGANIZER_PATH|D_FUTURE_DECISION_POINT|E_HOTEL_LODGING_EVIDENCE,MISSING,WEAK,MISSING,WEAK,MISSING,PRESENT,,,ASSOCIATION_NGO
jar_AC_320_gdi_opp_super_copa_de_espa_a_cadete_9,AC,LIGA XUNTA,LIGA XUNTA,DEMAND_ENGINE_UNIVERSE,ROTATION_SERIES,SIGNAL_ONLY,0,2,B_DEFINED_GROUP_MOTION|C_BUYER_ORGANIZER_PATH|D_FUTURE_DECISION_POINT|E_HOTEL_LODGING_EVIDENCE,PRESENT,WEAK,MISSING,WEAK,MISSING,PRESENT,,,ASSOCIATION_NGO
jar_AC_321_gdi_opp_international_conference_lipids_,AC,Institute of Marine Research (IIM-CSIC),Institute of Marine Research (IIM-CSIC),DEMAND_ENGINE_UNIVERSE,ROTATION_SERIES,SIGNAL_ONLY,1,2,B_DEFINED_GROUP_MOTION|C_BUYER_ORGANIZER_PATH|D_FUTURE_DECISION_POINT|E_HOTEL_LODGING_EVIDENCE,STRONG,WEAK,WEAK,WEAK,MISSING,PRESENT,,,ASSOCIATION_NGO
jar_AC_322_gdi_opp_conference_at_a_coru_a_faculty_o,AC,A Coruña Faculty of Computer Science,A Coruña Faculty of Computer Science,DEMAND_ENGINE_UNIVERSE,ROTATION_SERIES,SIGNAL_ONLY,1,2,B_DEFINED_GROUP_MOTION|C_BUYER_ORGANIZER_PATH|D_FUTURE_DECISION_POINT|E_HOTEL_LODGING_EVIDENCE,STRONG,WEAK,WEAK,WEAK,MISSING,PRESENT,,,ASSOCIATION_NGO
jar_AC_323_gdi_opp_request_for_proposal_for_expocor,AC,Expocoruna,Expocoruna,DEMAND_ENGINE_UNIVERSE,ROTATION_SERIES,SIGNAL_ONLY,0,1,A_NAMED_DEMAND_ENTITY|B_DEFINED_GROUP_MOTION|C_BUYER_ORGANIZER_PATH|D_FUTURE_DECISION_POINT|E_HOTEL_LODGING_EVIDENCE,WEAK,WEAK,MISSING,WEAK,MISSING,PRESENT,,,ASSOCIATION_NGO
jar_AC_324_gdi_opp_new_residential_development_for_,AC,Xunta de Galicia,Xunta de Galicia,DEMAND_ENGINE_UNIVERSE,ROTATION_SERIES,SIGNAL_ONLY,1,2,B_DEFINED_GROUP_MOTION|C_BUYER_ORGANIZER_PATH|D_FUTURE_DECISION_POINT|E_HOTEL_LODGING_EVIDENCE,STRONG,WEAK,WEAK,WEAK,MISSING,PRESENT,,,ASSOCIATION_NGO
jar_AC_325_gdi_opp_international_symposium_6,AC,IAPS Sustainability Network and IAPS Culture and Space Network,IAPS Sustainability Network and IAPS Culture and Space Network,DEMAND_ENGINE_UNIVERSE,ROTATION_SERIES,SIGNAL_ONLY,1,2,B_DEFINED_GROUP_MOTION|C_BUYER_ORGANIZER_PATH|D_FUTURE_DECISION_POINT|E_HOTEL_LODGING_EVIDENCE,STRONG,WEAK,WEAK,WEAK,MISSING,PRESENT,,,ASSOCIATION_NGO
jar_AC_326_gdi_opp_iberian_leadership_retreat_4,AC,IAA-CSIC,IAA-CSIC,DEMAND_ENGINE_UNIVERSE,ROTATION_SERIES,SIGNAL_ONLY,0,1,A_NAMED_DEMAND_ENTITY|B_DEFINED_GROUP_MOTION|C_BUYER_ORGANIZER_PATH|D_FUTURE_DECISION_POINT|E_HOTEL_LODGING_EVIDENCE,WEAK,WEAK,MISSING,WEAK,MISSING,PRESENT,,,ASSOCIATION_NGO
jar_AC_327_gdi_opp_semana_da_arquitectura_2026_5,AC,Ayuntamiento de A Coruña,Ayuntamiento de A Coruña,DEMAND_ENGINE_UNIVERSE,ROTATION_SERIES,SIGNAL_ONLY,1,2,B_DEFINED_GROUP_MOTION|C_BUYER_ORGANIZER_PATH|D_FUTURE_DECISION_POINT|E_HOTEL_LODGING_EVIDENCE,STRONG,WEAK,WEAK,WEAK,MISSING,PRESENT,,,ASSOCIATION_NGO
jar_SPICE_328_gdi_opp_future_conferences_at_grand_anse,SPICE,Grenada Tourism Authority,Grenada Tourism Authority,DEMAND_ENGINE_UNIVERSE,ROTATION_SERIES,SIGNAL_ONLY,1,2,B_DEFINED_GROUP_MOTION|C_BUYER_ORGANIZER_PATH|D_FUTURE_DECISION_POINT|E_HOTEL_LODGING_EVIDENCE,STRONG,WEAK,WEAK,WEAK,MISSING,PRESENT,,,ASSOCIATION_NGO
jar_SPICE_329_gdi_opp_grenada_official_hotel_block_6,SPICE,Unknown,Unknown,DEMAND_ENGINE_UNIVERSE,ROTATION_SERIES,SIGNAL_ONLY,0,1,A_NAMED_DEMAND_ENTITY|B_DEFINED_GROUP_MOTION|C_BUYER_ORGANIZER_PATH|D_FUTURE_DECISION_POINT|E_HOTEL_LODGING_EVIDENCE,WEAK,WEAK,MISSING,WEAK,MISSING,PRESENT,,,ASSOCIATION_NGO
jar_SPICE_330_gdi_opp_leadership_retreat_12,SPICE,Unknown,Unknown,DEMAND_ENGINE_UNIVERSE,ROTATION_SERIES,SIGNAL_ONLY,0,1,A_NAMED_DEMAND_ENTITY|B_DEFINED_GROUP_MOTION|C_BUYER_ORGANIZER_PATH|D_FUTURE_DECISION_POINT|E_HOTEL_LODGING_EVIDENCE,WEAK,WEAK,MISSING,WEAK,MISSING,PRESENT,,,ASSOCIATION_NGO
jar_SPICE_331_gdi_opp_tri_island_alliance_economic_dev,SPICE,Grenada Tourism Authority and Investment Migration Agency,Grenada Tourism Authority and Investment Migration Agency,DEMAND_ENGINE_UNIVERSE,ROTATION_SERIES,PARTIAL_PACKET,1,3,B_DEFINED_GROUP_MOTION|D_FUTURE_DECISION_POINT|E_HOTEL_LODGING_EVIDENCE,STRONG,WEAK,PRESENT,WEAK,MISSING,PRESENT,,,ASSOCIATION_NGO
jar_SPICE_332_gdi_opp_future_cycle_incentive_travel_7,SPICE,Various,Various,DEMAND_ENGINE_UNIVERSE,ROTATION_SERIES,SIGNAL_ONLY,0,1,A_NAMED_DEMAND_ENTITY|B_DEFINED_GROUP_MOTION|C_BUYER_ORGANIZER_PATH|D_FUTURE_DECISION_POINT|E_HOTEL_LODGING_EVIDENCE,WEAK,WEAK,MISSING,WEAK,MISSING,PRESENT,,,ASSOCIATION_NGO
jar_SPICE_333_gdi_opp_incentive_travel_rfp_7,SPICE,Various Corporations,Various Corporations,DEMAND_ENGINE_UNIVERSE,ROTATION_SERIES,SIGNAL_ONLY,0,2,B_DEFINED_GROUP_MOTION|C_BUYER_ORGANIZER_PATH|D_FUTURE_DECISION_POINT|E_HOTEL_LODGING_EVIDENCE,PRESENT,WEAK,MISSING,WEAK,MISSING,PRESENT,,,ASSOCIATION_NGO
jar_SPICE_334_gdi_opp_incentive_travel_programs_7,SPICE,Various Corporate Entities,Various Corporate Entities,DEMAND_ENGINE_UNIVERSE,ROTATION_SERIES,SIGNAL_ONLY,1,2,B_DEFINED_GROUP_MOTION|C_BUYER_ORGANIZER_PATH|D_FUTURE_DECISION_POINT|E_HOTEL_LODGING_EVIDENCE,STRONG,WEAK,WEAK,WEAK,MISSING,PRESENT,,,ASSOCIATION_NGO
jar_SPICE_335_gdi_opp_leadership_offsite_retreats_17,SPICE,Various Corporate Entities,Various Corporate Entities,DEMAND_ENGINE_UNIVERSE,ROTATION_SERIES,SIGNAL_ONLY,1,2,B_DEFINED_GROUP_MOTION|C_BUYER_ORGANIZER_PATH|D_FUTURE_DECISION_POINT|E_HOTEL_LODGING_EVIDENCE,STRONG,WEAK,WEAK,WEAK,MISSING,PRESENT,,,ASSOCIATION_NGO
jar_SPICE_336_gdi_opp_2026_annual_conference_15,SPICE,National Community Development Association (NCDA),National Community Development Association (NCDA),DEMAND_ENGINE_UNIVERSE,ROTATION_SERIES,PARTIAL_PACKET,1,3,C_BUYER_ORGANIZER_PATH|D_FUTURE_DECISION_POINT|E_HOTEL_LODGING_EVIDENCE,STRONG,PRESENT,WEAK,WEAK,MISSING,PRESENT,,,ASSOCIATION_NGO
jar_SPICE_337_gdi_opp_shipbuilding_and_aluminum_confer,SPICE,American Welding Society,American Welding Society,DEMAND_ENGINE_UNIVERSE,ROTATION_SERIES,SIGNAL_ONLY,1,2,B_DEFINED_GROUP_MOTION|C_BUYER_ORGANIZER_PATH|D_FUTURE_DECISION_POINT|E_HOTEL_LODGING_EVIDENCE,STRONG,WEAK,WEAK,WEAK,MISSING,PRESENT,,,ASSOCIATION_NGO
jar_SPICE_338_gdi_opp_travel_advisor_familiarization_t,SPICE,Travel Advisor Consortiums,Travel Advisor Consortiums,DEMAND_ENGINE_UNIVERSE,ROTATION_SERIES,SIGNAL_ONLY,1,2,B_DEFINED_GROUP_MOTION|C_BUYER_ORGANIZER_PATH|D_FUTURE_DECISION_POINT|E_HOTEL_LODGING_EVIDENCE,STRONG,WEAK,WEAK,WEAK,MISSING,PRESENT,,,ASSOCIATION_NGO
jar_SPICE_339_gdi_opp_grenada_regional_association_ann,SPICE,Grenada Tourism Authority,Grenada Tourism Authority,DEMAND_ENGINE_UNIVERSE,ROTATION_SERIES,SIGNAL_ONLY,1,2,B_DEFINED_GROUP_MOTION|C_BUYER_ORGANIZER_PATH|D_FUTURE_DECISION_POINT|E_HOTEL_LODGING_EVIDENCE,STRONG,WEAK,WEAK,WEAK,MISSING,PRESENT,,,ASSOCIATION_NGO
jar_SPICE_340_gdi_opp_destination_weddings_in_grenada_,SPICE,Local Isles,Local Isles,DEMAND_ENGINE_UNIVERSE,ROTATION_SERIES,SIGNAL_ONLY,0,2,B_DEFINED_GROUP_MOTION|C_BUYER_ORGANIZER_PATH|D_FUTURE_DECISION_POINT|E_HOTEL_LODGING_EVIDENCE,PRESENT,WEAK,MISSING,WEAK,MISSING,PRESENT,,,ASSOCIATION_NGO
jar_SPICE_341_gdi_opp_vetbolus_grenada_2026_7,SPICE,SGU SVM Alumni Association,SGU SVM Alumni Association,DEMAND_ENGINE_UNIVERSE,ROTATION_SERIES,PARTIAL_PACKET,1,3,C_BUYER_ORGANIZER_PATH|D_FUTURE_DECISION_POINT|E_HOTEL_LODGING_EVIDENCE,STRONG,PRESENT,WEAK,WEAK,MISSING,PRESENT,,,ASSOCIATION_NGO
jar_SPICE_342_gdi_opp_grenada_executive_retreats_13,SPICE,Various Corporate Entities,Various Corporate Entities,DEMAND_ENGINE_UNIVERSE,ROTATION_SERIES,SIGNAL_ONLY,1,2,B_DEFINED_GROUP_MOTION|C_BUYER_ORGANIZER_PATH|D_FUTURE_DECISION_POINT|E_HOTEL_LODGING_EVIDENCE,STRONG,WEAK,WEAK,WEAK,MISSING,PRESENT,,,ASSOCIATION_NGO
jar_SPICE_343_gdi_opp_marine_yachting_events_2026_2028,SPICE,Various Yacht Charters,Various Yacht Charters,DEMAND_ENGINE_UNIVERSE,ROTATION_SERIES,SIGNAL_ONLY,1,2,B_DEFINED_GROUP_MOTION|C_BUYER_ORGANIZER_PATH|D_FUTURE_DECISION_POINT|E_HOTEL_LODGING_EVIDENCE,STRONG,WEAK,WEAK,WEAK,MISSING,PRESENT,,,ASSOCIATION_NGO
jar_SPICE_344_gdi_opp_leadership_retreat_10,SPICE,Various Corporate Entities,Various Corporate Entities,DEMAND_ENGINE_UNIVERSE,ROTATION_SERIES,SIGNAL_ONLY,1,2,B_DEFINED_GROUP_MOTION|C_BUYER_ORGANIZER_PATH|D_FUTURE_DECISION_POINT|E_HOTEL_LODGING_EVIDENCE,STRONG,WEAK,WEAK,WEAK,MISSING,PRESENT,,,ASSOCIATION_NGO
jar_SPICE_345_gdi_opp_grenada_leadership_offsite_13,SPICE,Unknown,Unknown,DEMAND_ENGINE_UNIVERSE,ROTATION_SERIES,SIGNAL_ONLY,0,1,A_NAMED_DEMAND_ENTITY|B_DEFINED_GROUP_MOTION|C_BUYER_ORGANIZER_PATH|D_FUTURE_DECISION_POINT|E_HOTEL_LODGING_EVIDENCE,WEAK,WEAK,MISSING,WEAK,MISSING,PRESENT,,,ASSOCIATION_NGO
jar_SPICE_346_gdi_opp_35th_annual_cwwa_conference_and_,SPICE,Caribbean Water and Wastewater Association (CWWA),Caribbean Water and Wastewater Association (CWWA),DEMAND_ENGINE_UNIVERSE,ROTATION_SERIES,PARTIAL_PACKET,1,3,C_BUYER_ORGANIZER_PATH|D_FUTURE_DECISION_POINT|E_HOTEL_LODGING_EVIDENCE,STRONG,PRESENT,WEAK,WEAK,MISSING,PRESENT,,,ASSOCIATION_NGO
jar_SPICE_347_gdi_opp_destination_wedding_rfp_12,SPICE,Wedding Planners Association,Wedding Planners Association,DEMAND_ENGINE_UNIVERSE,ROTATION_SERIES,PARTIAL_PACKET,1,3,C_BUYER_ORGANIZER_PATH|D_FUTURE_DECISION_POINT|E_HOTEL_LODGING_EVIDENCE,STRONG,PRESENT,WEAK,WEAK,MISSING,PRESENT,,,ASSOCIATION_NGO
jar_SPICE_348_gdi_opp_yacht_charter_crew_lodging_11,SPICE,Various Yacht Charter Companies,Various Yacht Charter Companies,DEMAND_ENGINE_UNIVERSE,ROTATION_SERIES,SIGNAL_ONLY,1,2,B_DEFINED_GROUP_MOTION|C_BUYER_ORGANIZER_PATH|D_FUTURE_DECISION_POINT|E_HOTEL_LODGING_EVIDENCE,STRONG,WEAK,WEAK,WEAK,MISSING,PRESENT,,,ASSOCIATION_NGO
jar_SPICE_349_gdi_opp_destination_weddings_in_grenada_,SPICE,Bolen Bliss,Bolen Bliss,DEMAND_ENGINE_UNIVERSE,ROTATION_SERIES,SIGNAL_ONLY,0,2,B_DEFINED_GROUP_MOTION|C_BUYER_ORGANIZER_PATH|D_FUTURE_DECISION_POINT|E_HOTEL_LODGING_EVIDENCE,PRESENT,WEAK,MISSING,WEAK,MISSING,PRESENT,,,ASSOCIATION_NGO
jar_SPICE_350_gdi_opp_nabhood_annual_conference_9,SPICE,"National Association of Black Hotel Owners, Operators & Developers (NABHOOD)","National Association of Black Hotel Owners, Operators & Developers (NABHOOD)",DEMAND_ENGINE_UNIVERSE,ROTATION_SERIES,PARTIAL_PACKET,1,3,C_BUYER_ORGANIZER_PATH|D_FUTURE_DECISION_POINT|E_HOTEL_LODGING_EVIDENCE,STRONG,PRESENT,WEAK,WEAK,MISSING,PRESENT,,,ASSOCIATION_NGO
jar_SPICE_351_gdi_opp_destination_weddings_in_grenada_,SPICE,Local Isles,Local Isles,DEMAND_ENGINE_UNIVERSE,ROTATION_SERIES,SIGNAL_ONLY,0,2,B_DEFINED_GROUP_MOTION|C_BUYER_ORGANIZER_PATH|D_FUTURE_DECISION_POINT|E_HOTEL_LODGING_EVIDENCE,PRESENT,WEAK,MISSING,WEAK,MISSING,PRESENT,,,ASSOCIATION_NGO
jar_SPICE_352_gdi_opp_annual_caribbean_water_and_waste,SPICE,CWWA,CWWA,DEMAND_ENGINE_UNIVERSE,ROTATION_SERIES,SIGNAL_ONLY,0,1,A_NAMED_DEMAND_ENTITY|B_DEFINED_GROUP_MOTION|C_BUYER_ORGANIZER_PATH|D_FUTURE_DECISION_POINT|E_HOTEL_LODGING_EVIDENCE,MISSING,WEAK,MISSING,WEAK,MISSING,PRESENT,,,ASSOCIATION_NGO
jar_SPICE_353_gdi_opp_destination_weddings_in_grenada_,SPICE,RealAdventures,RealAdventures,DEMAND_ENGINE_UNIVERSE,ROTATION_SERIES,SIGNAL_ONLY,0,1,A_NAMED_DEMAND_ENTITY|B_DEFINED_GROUP_MOTION|C_BUYER_ORGANIZER_PATH|D_FUTURE_DECISION_POINT|E_HOTEL_LODGING_EVIDENCE,WEAK,WEAK,MISSING,WEAK,MISSING,PRESENT,,,ASSOCIATION_NGO
jar_SPICE_354_gdi_opp_pacb_convention_2026_4,SPICE,PACB,PACB,DEMAND_ENGINE_UNIVERSE,ROTATION_SERIES,SIGNAL_ONLY,0,1,A_NAMED_DEMAND_ENTITY|B_DEFINED_GROUP_MOTION|C_BUYER_ORGANIZER_PATH|D_FUTURE_DECISION_POINT|E_HOTEL_LODGING_EVIDENCE,MISSING,WEAK,MISSING,WEAK,MISSING,PRESENT,,,ASSOCIATION_NGO
jar_SPICE_355_gdi_opp_yacht_charter_crew_lodging_5,SPICE,Tropical Yachts,Tropical Yachts,DEMAND_ENGINE_UNIVERSE,ROTATION_SERIES,SIGNAL_ONLY,0,2,B_DEFINED_GROUP_MOTION|C_BUYER_ORGANIZER_PATH|D_FUTURE_DECISION_POINT|E_HOTEL_LODGING_EVIDENCE,PRESENT,WEAK,MISSING,WEAK,MISSING,PRESENT,,,ASSOCIATION_NGO
jar_SPICE_356_gdi_opp_international_conferences_in_gre,SPICE,Various,Various,DEMAND_ENGINE_UNIVERSE,ROTATION_SERIES,SIGNAL_ONLY,0,1,A_NAMED_DEMAND_ENTITY|B_DEFINED_GROUP_MOTION|C_BUYER_ORGANIZER_PATH|D_FUTURE_DECISION_POINT|E_HOTEL_LODGING_EVIDENCE,WEAK,WEAK,MISSING,WEAK,MISSING,PRESENT,,,ASSOCIATION_NGO
jar_SPICE_357_gdi_opp_nabhood_annual_conference_10,SPICE,"National Association of Black Hotel Owners, Operators & Developers (NABHOOD)","National Association of Black Hotel Owners, Operators & Developers (NABHOOD)",DEMAND_ENGINE_UNIVERSE,ROTATION_SERIES,PARTIAL_PACKET,1,3,C_BUYER_ORGANIZER_PATH|D_FUTURE_DECISION_POINT|E_HOTEL_LODGING_EVIDENCE,STRONG,PRESENT,WEAK,WEAK,MISSING,PRESENT,,,ASSOCIATION_NGO
jar_SPICE_358_gdi_opp_leadership_offsite_19,SPICE,Unknown,Unknown,DEMAND_ENGINE_UNIVERSE,ROTATION_SERIES,SIGNAL_ONLY,0,1,A_NAMED_DEMAND_ENTITY|B_DEFINED_GROUP_MOTION|C_BUYER_ORGANIZER_PATH|D_FUTURE_DECISION_POINT|E_HOTEL_LODGING_EVIDENCE,WEAK,WEAK,MISSING,WEAK,MISSING,PRESENT,,,ASSOCIATION_NGO
jar_SPICE_359_gdi_opp_marine_industry_meeting_15,SPICE,Not specified,Not specified,DEMAND_ENGINE_UNIVERSE,ROTATION_SERIES,SIGNAL_ONLY,0,2,B_DEFINED_GROUP_MOTION|C_BUYER_ORGANIZER_PATH|D_FUTURE_DECISION_POINT|E_HOTEL_LODGING_EVIDENCE,PRESENT,WEAK,MISSING,WEAK,MISSING,PRESENT,,,ASSOCIATION_NGO
jar_SPICE_360_gdi_opp_luxury_travel_advisor_familiariz,SPICE,Dream Vacations,Dream Vacations,DEMAND_ENGINE_UNIVERSE,ROTATION_SERIES,SIGNAL_ONLY,0,2,B_DEFINED_GROUP_MOTION|C_BUYER_ORGANIZER_PATH|D_FUTURE_DECISION_POINT|E_HOTEL_LODGING_EVIDENCE,PRESENT,WEAK,MISSING,WEAK,MISSING,PRESENT,,,ASSOCIATION_NGO
jar_SPICE_361_gdi_opp_luxury_travel_advisor_fam_3,SPICE,Far & Wild Travel,Far & Wild Travel,DEMAND_ENGINE_UNIVERSE,ROTATION_SERIES,SIGNAL_ONLY,1,2,B_DEFINED_GROUP_MOTION|C_BUYER_ORGANIZER_PATH|D_FUTURE_DECISION_POINT|E_HOTEL_LODGING_EVIDENCE,STRONG,WEAK,WEAK,WEAK,MISSING,PRESENT,,,ASSOCIATION_NGO
jar_SPICE_362_gdi_opp_destination_weddings_in_grenada_,SPICE,Local Isles,Local Isles,DEMAND_ENGINE_UNIVERSE,ROTATION_SERIES,SIGNAL_ONLY,0,2,B_DEFINED_GROUP_MOTION|C_BUYER_ORGANIZER_PATH|D_FUTURE_DECISION_POINT|E_HOTEL_LODGING_EVIDENCE,PRESENT,WEAK,MISSING,WEAK,MISSING,PRESENT,,,ASSOCIATION_NGO
jar_SPICE_363_gdi_opp_destination_wedding_9,SPICE,Unknown,Unknown,DEMAND_ENGINE_UNIVERSE,ROTATION_SERIES,SIGNAL_ONLY,0,1,A_NAMED_DEMAND_ENTITY|B_DEFINED_GROUP_MOTION|C_BUYER_ORGANIZER_PATH|D_FUTURE_DECISION_POINT|E_HOTEL_LODGING_EVIDENCE,WEAK,WEAK,MISSING,WEAK,MISSING,PRESENT,,,ASSOCIATION_NGO
jar_SPICE_364_gdi_opp_nabhood_annual_conference_11,SPICE,"National Association of Black Hotel Owners, Operators & Developers (NABHOOD)","National Association of Black Hotel Owners, Operators & Developers (NABHOOD)",DEMAND_ENGINE_UNIVERSE,ROTATION_SERIES,PARTIAL_PACKET,1,3,C_BUYER_ORGANIZER_PATH|D_FUTURE_DECISION_POINT|E_HOTEL_LODGING_EVIDENCE,STRONG,PRESENT,WEAK,WEAK,MISSING,PRESENT,,,ASSOCIATION_NGO
jar_SPICE_365_gdi_opp_investment_trade_tourism_showcas,SPICE,High Commission for Grenada,High Commission for Grenada,DEMAND_ENGINE_UNIVERSE,ROTATION_SERIES,SIGNAL_ONLY,1,2,B_DEFINED_GROUP_MOTION|C_BUYER_ORGANIZER_PATH|D_FUTURE_DECISION_POINT|E_HOTEL_LODGING_EVIDENCE,STRONG,WEAK,WEAK,WEAK,MISSING,PRESENT,,,ASSOCIATION_NGO
jar_SPICE_366_gdi_opp_incentive_travel_program_6,SPICE,Various,Various,DEMAND_ENGINE_UNIVERSE,ROTATION_SERIES,SIGNAL_ONLY,0,1,A_NAMED_DEMAND_ENTITY|B_DEFINED_GROUP_MOTION|C_BUYER_ORGANIZER_PATH|D_FUTURE_DECISION_POINT|E_HOTEL_LODGING_EVIDENCE,WEAK,WEAK,MISSING,WEAK,MISSING,PRESENT,,,ASSOCIATION_NGO
jar_SPICE_367_gdi_opp_executive_retreats_at_spice_isla,SPICE,Spice Island Beach Resort,Spice Island Beach Resort,DEMAND_ENGINE_UNIVERSE,ROTATION_SERIES,SIGNAL_ONLY,1,2,B_DEFINED_GROUP_MOTION|C_BUYER_ORGANIZER_PATH|D_FUTURE_DECISION_POINT|E_HOTEL_LODGING_EVIDENCE,STRONG,WEAK,WEAK,WEAK,MISSING,PRESENT,,,ASSOCIATION_NGO
jar_SPICE_368_gdi_opp_grenada_conference_0,SPICE,Grenada Conference,Grenada Conference,DEMAND_ENGINE_UNIVERSE,ROTATION_SERIES,PARTIAL_PACKET,0,3,C_BUYER_ORGANIZER_PATH|D_FUTURE_DECISION_POINT|E_HOTEL_LODGING_EVIDENCE,PRESENT,PRESENT,MISSING,WEAK,MISSING,PRESENT,,,ASSOCIATION_NGO
jar_SPICE_369_gdi_opp_luxury_travel_advisor_familiariz,SPICE,Spice Island Beach Resort,Spice Island Beach Resort,DEMAND_ENGINE_UNIVERSE,ROTATION_SERIES,SIGNAL_ONLY,1,2,B_DEFINED_GROUP_MOTION|C_BUYER_ORGANIZER_PATH|D_FUTURE_DECISION_POINT|E_HOTEL_LODGING_EVIDENCE,STRONG,WEAK,WEAK,WEAK,MISSING,PRESENT,,,ASSOCIATION_NGO
jar_SPICE_370_gdi_opp_yacht_charter_demand_6,SPICE,DMA Yachting,DMA Yachting,DEMAND_ENGINE_UNIVERSE,ROTATION_SERIES,SIGNAL_ONLY,0,2,B_DEFINED_GROUP_MOTION|C_BUYER_ORGANIZER_PATH|D_FUTURE_DECISION_POINT|E_HOTEL_LODGING_EVIDENCE,PRESENT,WEAK,MISSING,WEAK,MISSING,PRESENT,,,ASSOCIATION_NGO
jar_SPICE_371_gdi_opp_nabhood_annual_conference_5,SPICE,"National Association of Black Hotel Owners, Operators & Developers (NABHOOD)","National Association of Black Hotel Owners, Operators & Developers (NABHOOD)",DEMAND_ENGINE_UNIVERSE,ROTATION_SERIES,PARTIAL_PACKET,1,3,C_BUYER_ORGANIZER_PATH|D_FUTURE_DECISION_POINT|E_HOTEL_LODGING_EVIDENCE,STRONG,PRESENT,WEAK,WEAK,MISSING,PRESENT,,,ASSOCIATION_NGO
jar_SPICE_372_gdi_opp_grenada_tourism_authority_incent,SPICE,Grenada Tourism Authority,Grenada Tourism Authority,DEMAND_ENGINE_UNIVERSE,ROTATION_SERIES,SIGNAL_ONLY,1,2,B_DEFINED_GROUP_MOTION|C_BUYER_ORGANIZER_PATH|D_FUTURE_DECISION_POINT|E_HOTEL_LODGING_EVIDENCE,STRONG,WEAK,WEAK,WEAK,MISSING,PRESENT,,,ASSOCIATION_NGO
jar_SPICE_373_gdi_opp_grenada_destination_weddings_14,SPICE,Various Wedding Planners,Various Wedding Planners,DEMAND_ENGINE_UNIVERSE,ROTATION_SERIES,SIGNAL_ONLY,1,2,B_DEFINED_GROUP_MOTION|C_BUYER_ORGANIZER_PATH|D_FUTURE_DECISION_POINT|E_HOTEL_LODGING_EVIDENCE,STRONG,WEAK,WEAK,WEAK,MISSING,PRESENT,,,ASSOCIATION_NGO
jar_SPICE_374_gdi_opp_grenada_voluntourism_program_0,SPICE,Grenada Tourism Authority,Grenada Tourism Authority,DEMAND_ENGINE_UNIVERSE,ROTATION_SERIES,SIGNAL_ONLY,1,2,B_DEFINED_GROUP_MOTION|C_BUYER_ORGANIZER_PATH|D_FUTURE_DECISION_POINT|E_HOTEL_LODGING_EVIDENCE,STRONG,WEAK,WEAK,WEAK,MISSING,PRESENT,,,ASSOCIATION_NGO
jar_SPICE_375_gdi_opp_incentive_travel_rfp_5,SPICE,Various Corporate Entities,Various Corporate Entities,DEMAND_ENGINE_UNIVERSE,ROTATION_SERIES,SIGNAL_ONLY,1,2,B_DEFINED_GROUP_MOTION|C_BUYER_ORGANIZER_PATH|D_FUTURE_DECISION_POINT|E_HOTEL_LODGING_EVIDENCE,STRONG,WEAK,WEAK,WEAK,MISSING,PRESENT,,,ASSOCIATION_NGO
jar_SPICE_376_gdi_opp_building_grenada_s_strategic_fra,SPICE,Caribbean Community Climate Change Centre,Caribbean Community Climate Change Centre,DEMAND_ENGINE_UNIVERSE,ROTATION_SERIES,SIGNAL_ONLY,1,2,B_DEFINED_GROUP_MOTION|C_BUYER_ORGANIZER_PATH|D_FUTURE_DECISION_POINT|E_HOTEL_LODGING_EVIDENCE,STRONG,WEAK,WEAK,WEAK,MISSING,PRESENT,,,ASSOCIATION_NGO
jar_SPICE_377_gdi_opp_grenada_incentive_travel_11,SPICE,IncentiveTrips,IncentiveTrips,DEMAND_ENGINE_UNIVERSE,ROTATION_SERIES,SIGNAL_ONLY,0,1,A_NAMED_DEMAND_ENTITY|B_DEFINED_GROUP_MOTION|C_BUYER_ORGANIZER_PATH|D_FUTURE_DECISION_POINT|E_HOTEL_LODGING_EVIDENCE,WEAK,WEAK,MISSING,WEAK,MISSING,PRESENT,,,ASSOCIATION_NGO
jar_SPICE_378_gdi_opp_grenada_trip_plan_12,SPICE,RapideSIM,RapideSIM,DEMAND_ENGINE_UNIVERSE,ROTATION_SERIES,SIGNAL_ONLY,0,1,A_NAMED_DEMAND_ENTITY|B_DEFINED_GROUP_MOTION|C_BUYER_ORGANIZER_PATH|D_FUTURE_DECISION_POINT|E_HOTEL_LODGING_EVIDENCE,WEAK,WEAK,MISSING,WEAK,MISSING,PRESENT,,,ASSOCIATION_NGO
jar_SPICE_379_gdi_opp_public_meeting_on_the_reauthoriz,SPICE,FDA,FDA,DEMAND_ENGINE_UNIVERSE,ROTATION_SERIES,SIGNAL_ONLY,0,1,A_NAMED_DEMAND_ENTITY|B_DEFINED_GROUP_MOTION|C_BUYER_ORGANIZER_PATH|D_FUTURE_DECISION_POINT|E_HOTEL_LODGING_EVIDENCE,MISSING,WEAK,MISSING,WEAK,MISSING,PRESENT,,,ASSOCIATION_NGO
jar_SPICE_380_gdi_opp_destination_weddings_in_grenada_,SPICE,Various Wedding Venues,Various Wedding Venues,DEMAND_ENGINE_UNIVERSE,ROTATION_SERIES,SIGNAL_ONLY,1,2,B_DEFINED_GROUP_MOTION|C_BUYER_ORGANIZER_PATH|D_FUTURE_DECISION_POINT|E_HOTEL_LODGING_EVIDENCE,STRONG,WEAK,WEAK,WEAK,MISSING,PRESENT,,,ASSOCIATION_NGO
jar_SPICE_381_gdi_opp_grenada_yacht_charter_crew_lodgi,SPICE,Various Yacht Charter Companies,Various Yacht Charter Companies,DEMAND_ENGINE_UNIVERSE,ROTATION_SERIES,SIGNAL_ONLY,1,2,B_DEFINED_GROUP_MOTION|C_BUYER_ORGANIZER_PATH|D_FUTURE_DECISION_POINT|E_HOTEL_LODGING_EVIDENCE,STRONG,WEAK,WEAK,WEAK,MISSING,PRESENT,,,ASSOCIATION_NGO
jar_SPICE_382_gdi_opp_marine_industry_meeting_11,SPICE,Marine Industry Association,Marine Industry Association,DEMAND_ENGINE_UNIVERSE,ROTATION_SERIES,PARTIAL_PACKET,1,3,C_BUYER_ORGANIZER_PATH|D_FUTURE_DECISION_POINT|E_HOTEL_LODGING_EVIDENCE,STRONG,PRESENT,WEAK,WEAK,MISSING,PRESENT,,,ASSOCIATION_NGO
jar_SPICE_383_gdi_opp_caribbean_sustainable_tourism_co,SPICE,Caribbean Tourism Organization (CTO),Caribbean Tourism Organization (CTO),DEMAND_ENGINE_UNIVERSE,ROTATION_SERIES,SIGNAL_ONLY,1,2,B_DEFINED_GROUP_MOTION|C_BUYER_ORGANIZER_PATH|D_FUTURE_DECISION_POINT|E_HOTEL_LODGING_EVIDENCE,STRONG,WEAK,WEAK,WEAK,MISSING,PRESENT,,,ASSOCIATION_NGO
jar_SPICE_384_gdi_opp_travel_advisor_familiarization_t,SPICE,Unknown,Unknown,DEMAND_ENGINE_UNIVERSE,ROTATION_SERIES,SIGNAL_ONLY,0,1,A_NAMED_DEMAND_ENTITY|B_DEFINED_GROUP_MOTION|C_BUYER_ORGANIZER_PATH|D_FUTURE_DECISION_POINT|E_HOTEL_LODGING_EVIDENCE,WEAK,WEAK,MISSING,WEAK,MISSING,PRESENT,,,ASSOCIATION_NGO
jar_SPICE_385_gdi_opp_grenada_sports_tournament_5,SPICE,Unknown,Unknown,DEMAND_ENGINE_UNIVERSE,ROTATION_SERIES,SIGNAL_ONLY,0,1,A_NAMED_DEMAND_ENTITY|B_DEFINED_GROUP_MOTION|C_BUYER_ORGANIZER_PATH|D_FUTURE_DECISION_POINT|E_HOTEL_LODGING_EVIDENCE,WEAK,WEAK,MISSING,WEAK,MISSING,PRESENT,,,ASSOCIATION_NGO
jar_SPICE_386_gdi_opp_caribbean_endemic_bird_festival_,SPICE,BirdsCaribbean,BirdsCaribbean,DEMAND_ENGINE_UNIVERSE,ROTATION_SERIES,SIGNAL_ONLY,0,1,A_NAMED_DEMAND_ENTITY|B_DEFINED_GROUP_MOTION|C_BUYER_ORGANIZER_PATH|D_FUTURE_DECISION_POINT|E_HOTEL_LODGING_EVIDENCE,WEAK,WEAK,MISSING,WEAK,MISSING,PRESENT,,,ASSOCIATION_NGO
jar_SPICE_387_gdi_opp_tugs_towboats_and_barges_2027_17,SPICE,Simmons-Boardman Publishing,Simmons-Boardman Publishing,DEMAND_ENGINE_UNIVERSE,ROTATION_SERIES,SIGNAL_ONLY,0,2,B_DEFINED_GROUP_MOTION|C_BUYER_ORGANIZER_PATH|D_FUTURE_DECISION_POINT|E_HOTEL_LODGING_EVIDENCE,PRESENT,WEAK,MISSING,WEAK,MISSING,PRESENT,,,ASSOCIATION_NGO
jar_SPICE_388_gdi_opp_executive_retreats_8,SPICE,Various Corporate Entities,Various Corporate Entities,DEMAND_ENGINE_UNIVERSE,ROTATION_SERIES,SIGNAL_ONLY,1,2,B_DEFINED_GROUP_MOTION|C_BUYER_ORGANIZER_PATH|D_FUTURE_DECISION_POINT|E_HOTEL_LODGING_EVIDENCE,STRONG,WEAK,WEAK,WEAK,MISSING,PRESENT,,,ASSOCIATION_NGO
jar_SPICE_389_gdi_opp_35th_annual_cwwa_conference_and_,SPICE,Caribbean Water and Wastewater Association (CWWA),Caribbean Water and Wastewater Association (CWWA),DEMAND_ENGINE_UNIVERSE,ROTATION_SERIES,PARTIAL_PACKET,1,3,C_BUYER_ORGANIZER_PATH|D_FUTURE_DECISION_POINT|E_HOTEL_LODGING_EVIDENCE,STRONG,PRESENT,WEAK,WEAK,MISSING,PRESENT,,,ASSOCIATION_NGO
jar_SPICE_390_gdi_opp_destination_wedding_20,SPICE,Unknown,Unknown,DEMAND_ENGINE_UNIVERSE,ROTATION_SERIES,SIGNAL_ONLY,0,1,A_NAMED_DEMAND_ENTITY|B_DEFINED_GROUP_MOTION|C_BUYER_ORGANIZER_PATH|D_FUTURE_DECISION_POINT|E_HOTEL_LODGING_EVIDENCE,WEAK,WEAK,MISSING,WEAK,MISSING,PRESENT,,,ASSOCIATION_NGO
jar_SPICE_391_gdi_opp_yacht_charter_season_12,SPICE,Delana Mae Yacht Charters,Delana Mae Yacht Charters,DEMAND_ENGINE_UNIVERSE,ROTATION_SERIES,SIGNAL_ONLY,1,2,B_DEFINED_GROUP_MOTION|C_BUYER_ORGANIZER_PATH|D_FUTURE_DECISION_POINT|E_HOTEL_LODGING_EVIDENCE,STRONG,WEAK,WEAK,WEAK,MISSING,PRESENT,,,ASSOCIATION_NGO
jar_SPICE_392_gdi_opp_advisory_mission_on_trade_in_ser,SPICE,UNCTAD,UNCTAD,DEMAND_ENGINE_UNIVERSE,ROTATION_SERIES,SIGNAL_ONLY,0,1,A_NAMED_DEMAND_ENTITY|B_DEFINED_GROUP_MOTION|C_BUYER_ORGANIZER_PATH|D_FUTURE_DECISION_POINT|E_HOTEL_LODGING_EVIDENCE,WEAK,WEAK,MISSING,WEAK,MISSING,PRESENT,,,ASSOCIATION_NGO
jar_SPICE_393_gdi_opp_executive_retreat_8,SPICE,Unknown,Unknown,DEMAND_ENGINE_UNIVERSE,ROTATION_SERIES,SIGNAL_ONLY,0,1,A_NAMED_DEMAND_ENTITY|B_DEFINED_GROUP_MOTION|C_BUYER_ORGANIZER_PATH|D_FUTURE_DECISION_POINT|E_HOTEL_LODGING_EVIDENCE,WEAK,WEAK,MISSING,WEAK,MISSING,PRESENT,,,ASSOCIATION_NGO
jar_SPICE_394_gdi_opp_regional_association_annual_meet,SPICE,Unknown Regional Association,Unknown Regional Association,DEMAND_ENGINE_UNIVERSE,ROTATION_SERIES,PARTIAL_PACKET,1,3,C_BUYER_ORGANIZER_PATH|D_FUTURE_DECISION_POINT|E_HOTEL_LODGING_EVIDENCE,STRONG,PRESENT,WEAK,WEAK,MISSING,PRESENT,,,ASSOCIATION_NGO
jar_SPICE_395_gdi_opp_sales_incentive_trip_12,SPICE,Various Corporate Entities,Various Corporate Entities,DEMAND_ENGINE_UNIVERSE,ROTATION_SERIES,SIGNAL_ONLY,1,2,B_DEFINED_GROUP_MOTION|C_BUYER_ORGANIZER_PATH|D_FUTURE_DECISION_POINT|E_HOTEL_LODGING_EVIDENCE,STRONG,WEAK,WEAK,WEAK,MISSING,PRESENT,,,ASSOCIATION_NGO
jar_CAMBRIDGE_396_gdi_opp_butterfield_bermuda_championship,CAMBRIDGE,Butterfield Bermuda Championship,Butterfield Bermuda Championship,DEMAND_ENGINE_UNIVERSE,ROTATION_SERIES,SIGNAL_ONLY,1,2,B_DEFINED_GROUP_MOTION|C_BUYER_ORGANIZER_PATH|D_FUTURE_DECISION_POINT|E_HOTEL_LODGING_EVIDENCE,STRONG,WEAK,WEAK,WEAK,MISSING,PRESENT,,,ASSOCIATION_NGO
jar_CAMBRIDGE_397_gdi_opp_insurance_risk_capital_bermuda_2,CAMBRIDGE,InsuranceERM,InsuranceERM,DEMAND_ENGINE_UNIVERSE,ROTATION_SERIES,SIGNAL_ONLY,0,1,A_NAMED_DEMAND_ENTITY|B_DEFINED_GROUP_MOTION|C_BUYER_ORGANIZER_PATH|D_FUTURE_DECISION_POINT|E_HOTEL_LODGING_EVIDENCE,WEAK,WEAK,MISSING,WEAK,MISSING,PRESENT,,,ASSOCIATION_NGO
jar_CAMBRIDGE_398_gdi_opp_nonprofit_leadership_retreat_fro,CAMBRIDGE,Nonprofit Alliance of Bermuda,Nonprofit Alliance of Bermuda,DEMAND_ENGINE_UNIVERSE,ROTATION_SERIES,SIGNAL_ONLY,1,2,B_DEFINED_GROUP_MOTION|C_BUYER_ORGANIZER_PATH|D_FUTURE_DECISION_POINT|E_HOTEL_LODGING_EVIDENCE,STRONG,WEAK,WEAK,WEAK,MISSING,PRESENT,,,ASSOCIATION_NGO
jar_CAMBRIDGE_399_gdi_opp_insurance_risk_capital_bermuda_2,CAMBRIDGE,Insurance Asset Risk,Insurance Asset Risk,DEMAND_ENGINE_UNIVERSE,ROTATION_SERIES,SIGNAL_ONLY,1,2,B_DEFINED_GROUP_MOTION|C_BUYER_ORGANIZER_PATH|D_FUTURE_DECISION_POINT|E_HOTEL_LODGING_EVIDENCE,STRONG,WEAK,WEAK,WEAK,MISSING,PRESENT,,,ASSOCIATION_NGO
jar_CAMBRIDGE_400_gdi_opp_bermuda_principles_bp_2026_3,CAMBRIDGE,Oxford Nanopore Technologies,Oxford Nanopore Technologies,DEMAND_ENGINE_UNIVERSE,ROTATION_SERIES,SIGNAL_ONLY,1,2,B_DEFINED_GROUP_MOTION|C_BUYER_ORGANIZER_PATH|D_FUTURE_DECISION_POINT|E_HOTEL_LODGING_EVIDENCE,STRONG,WEAK,WEAK,WEAK,MISSING,PRESENT,,,ASSOCIATION_NGO
jar_CAMBRIDGE_401_gdi_opp_2026_bermuda_international_life_,CAMBRIDGE,BILTIR,BILTIR,DEMAND_ENGINE_UNIVERSE,ROTATION_SERIES,SIGNAL_ONLY,0,1,A_NAMED_DEMAND_ENTITY|B_DEFINED_GROUP_MOTION|C_BUYER_ORGANIZER_PATH|D_FUTURE_DECISION_POINT|E_HOTEL_LODGING_EVIDENCE,WEAK,WEAK,MISSING,WEAK,MISSING,PRESENT,,,ASSOCIATION_NGO
jar_CAMBRIDGE_402_gdi_opp_family_office_retreat_bermuda_20,CAMBRIDGE,Prestel & Partner,Prestel & Partner,DEMAND_ENGINE_UNIVERSE,ROTATION_SERIES,SIGNAL_ONLY,1,2,B_DEFINED_GROUP_MOTION|C_BUYER_ORGANIZER_PATH|D_FUTURE_DECISION_POINT|E_HOTEL_LODGING_EVIDENCE,STRONG,WEAK,WEAK,WEAK,MISSING,PRESENT,,,ASSOCIATION_NGO
jar_CAMBRIDGE_403_gdi_opp_cup_match_classic_7,CAMBRIDGE,Somerset Cricket Club,Somerset Cricket Club,DEMAND_ENGINE_UNIVERSE,ROTATION_SERIES,SIGNAL_ONLY,1,2,B_DEFINED_GROUP_MOTION|C_BUYER_ORGANIZER_PATH|D_FUTURE_DECISION_POINT|E_HOTEL_LODGING_EVIDENCE,STRONG,WEAK,WEAK,WEAK,MISSING,PRESENT,,,ASSOCIATION_NGO
jar_NOW_NOW_404_gdi_opp_new_york_city_it_leadership_foru,NOW_NOW,GovTech,GovTech,DEMAND_ENGINE_UNIVERSE,ROTATION_SERIES,SIGNAL_ONLY,0,1,A_NAMED_DEMAND_ENTITY|B_DEFINED_GROUP_MOTION|C_BUYER_ORGANIZER_PATH|D_FUTURE_DECISION_POINT|E_HOTEL_LODGING_EVIDENCE,WEAK,WEAK,MISSING,WEAK,MISSING,PRESENT,,,ASSOCIATION_NGO
jar_NOW_NOW_405_gdi_opp_climate_week_nyc_2026_3,NOW_NOW,Climate Group,Climate Group,DEMAND_ENGINE_UNIVERSE,ROTATION_SERIES,SIGNAL_ONLY,0,2,B_DEFINED_GROUP_MOTION|C_BUYER_ORGANIZER_PATH|D_FUTURE_DECISION_POINT|E_HOTEL_LODGING_EVIDENCE,PRESENT,WEAK,MISSING,WEAK,MISSING,PRESENT,,,ASSOCIATION_NGO
jar_NOW_NOW_406_gdi_opp_nysba_annual_conference_2027_0,NOW_NOW,New York State Bar Association,New York State Bar Association,DEMAND_ENGINE_UNIVERSE,ROTATION_SERIES,PARTIAL_PACKET,1,3,C_BUYER_ORGANIZER_PATH|D_FUTURE_DECISION_POINT|E_HOTEL_LODGING_EVIDENCE,STRONG,PRESENT,WEAK,WEAK,MISSING,PRESENT,,,ASSOCIATION_NGO
jar_NOW_NOW_407_gdi_opp_annual_meeting_and_village_award,NOW_NOW,Village Preservation,Village Preservation,DEMAND_ENGINE_UNIVERSE,ROTATION_SERIES,SIGNAL_ONLY,0,2,B_DEFINED_GROUP_MOTION|C_BUYER_ORGANIZER_PATH|D_FUTURE_DECISION_POINT|E_HOTEL_LODGING_EVIDENCE,PRESENT,WEAK,MISSING,WEAK,MISSING,PRESENT,,,ASSOCIATION_NGO
jar_NOW_NOW_408_gdi_opp_2026_leadership_conference_5,NOW_NOW,Coro New York,Coro New York,DEMAND_ENGINE_UNIVERSE,ROTATION_SERIES,SIGNAL_ONLY,1,2,B_DEFINED_GROUP_MOTION|C_BUYER_ORGANIZER_PATH|D_FUTURE_DECISION_POINT|E_HOTEL_LODGING_EVIDENCE,STRONG,WEAK,WEAK,WEAK,MISSING,PRESENT,,,ASSOCIATION_NGO
jar_NOW_NOW_409_gdi_opp_nashp_annual_conference_2026_2,NOW_NOW,National Academy for State Health Policy,National Academy for State Health Policy,DEMAND_ENGINE_UNIVERSE,ROTATION_SERIES,SIGNAL_ONLY,1,2,B_DEFINED_GROUP_MOTION|C_BUYER_ORGANIZER_PATH|D_FUTURE_DECISION_POINT|E_HOTEL_LODGING_EVIDENCE,STRONG,WEAK,WEAK,WEAK,MISSING,PRESENT,,,ASSOCIATION_NGO
jar_NOW_NOW_410_gdi_opp_annual_conference_2027_1,NOW_NOW,Forum on Education Abroad,Forum on Education Abroad,DEMAND_ENGINE_UNIVERSE,ROTATION_SERIES,SIGNAL_ONLY,1,2,B_DEFINED_GROUP_MOTION|C_BUYER_ORGANIZER_PATH|D_FUTURE_DECISION_POINT|E_HOTEL_LODGING_EVIDENCE,STRONG,WEAK,WEAK,WEAK,MISSING,PRESENT,,,ASSOCIATION_NGO
jar_NOW_NOW_411_gdi_opp_fifa_world_cup_2026_7,NOW_NOW,FIFA,FIFA,DEMAND_ENGINE_UNIVERSE,ROTATION_SERIES,SIGNAL_ONLY,0,1,A_NAMED_DEMAND_ENTITY|B_DEFINED_GROUP_MOTION|C_BUYER_ORGANIZER_PATH|D_FUTURE_DECISION_POINT|E_HOTEL_LODGING_EVIDENCE,MISSING,WEAK,MISSING,WEAK,MISSING,PRESENT,,,ASSOCIATION_NGO
jar_YOTEL_412_prerfp_gdi_opp_uzh_study_annual_meeting_,YOTEL,UZH Study,UZH Study,DEMAND_ENGINE_UNIVERSE,PRE_RFP,SIGNAL_ONLY,0,2,B_DEFINED_GROUP_MOTION|C_BUYER_ORGANIZER_PATH|D_FUTURE_DECISION_POINT|E_HOTEL_LODGING_EVIDENCE,PRESENT,WEAK,MISSING,WEAK,MISSING,PRESENT,,,PROCUREMENT_RFP
jar_YOTEL_413_prerfp_gdi_opp_lake_geneva_la_c_te_leade,YOTEL,Swiss Leaders,Swiss Leaders,DEMAND_ENGINE_UNIVERSE,PRE_RFP,SIGNAL_ONLY,0,2,B_DEFINED_GROUP_MOTION|C_BUYER_ORGANIZER_PATH|D_FUTURE_DECISION_POINT|E_HOTEL_LODGING_EVIDENCE,PRESENT,WEAK,MISSING,WEAK,MISSING,PRESENT,,,PROCUREMENT_RFP
jar_YOTEL_414_prerfp_gdi_opp_rfp_for_lake_geneva_hotel,YOTEL,Trivago,Trivago,DEMAND_ENGINE_UNIVERSE,PRE_RFP,SIGNAL_ONLY,0,1,A_NAMED_DEMAND_ENTITY|B_DEFINED_GROUP_MOTION|C_BUYER_ORGANIZER_PATH|D_FUTURE_DECISION_POINT|E_HOTEL_LODGING_EVIDENCE,WEAK,WEAK,MISSING,WEAK,MISSING,PRESENT,,,PROCUREMENT_RFP
jar_YOTEL_415_prerfp_gdi_opp_annual_meeting_of_lake_ge,YOTEL,Various Associations,Various Associations,DEMAND_ENGINE_UNIVERSE,PRE_RFP,SIGNAL_ONLY,0,2,B_DEFINED_GROUP_MOTION|C_BUYER_ORGANIZER_PATH|D_FUTURE_DECISION_POINT|E_HOTEL_LODGING_EVIDENCE,PRESENT,WEAK,MISSING,WEAK,MISSING,PRESENT,,,PROCUREMENT_RFP
jar_YOTEL_416_prerfp_gdi_opp_swiss_leaders_leadership_,YOTEL,Swiss Leaders,Swiss Leaders,DEMAND_ENGINE_UNIVERSE,PRE_RFP,SIGNAL_ONLY,0,2,B_DEFINED_GROUP_MOTION|C_BUYER_ORGANIZER_PATH|D_FUTURE_DECISION_POINT|E_HOTEL_LODGING_EVIDENCE,PRESENT,WEAK,MISSING,WEAK,MISSING,PRESENT,,,PROCUREMENT_RFP
jar_AC_417_prerfp_gdi_opp_annual_meeting_3,AC,Unknown,Unknown,DEMAND_ENGINE_UNIVERSE,PRE_RFP,SIGNAL_ONLY,0,1,A_NAMED_DEMAND_ENTITY|B_DEFINED_GROUP_MOTION|C_BUYER_ORGANIZER_PATH|D_FUTURE_DECISION_POINT|E_HOTEL_LODGING_EVIDENCE,WEAK,WEAK,MISSING,WEAK,MISSING,PRESENT,,,PROCUREMENT_RFP
jar_AC_418_prerfp_gdi_opp_corporate_meetings_4,AC,Unknown,Unknown,DEMAND_ENGINE_UNIVERSE,PRE_RFP,SIGNAL_ONLY,0,1,A_NAMED_DEMAND_ENTITY|B_DEFINED_GROUP_MOTION|C_BUYER_ORGANIZER_PATH|D_FUTURE_DECISION_POINT|E_HOTEL_LODGING_EVIDENCE,WEAK,WEAK,MISSING,WEAK,MISSING,PRESENT,,,PROCUREMENT_RFP
jar_AC_419_prerfp_gdi_opp_corporate_meetings_in_mat,AC,Various Corporations,Various Corporations,DEMAND_ENGINE_UNIVERSE,PRE_RFP,SIGNAL_ONLY,0,2,B_DEFINED_GROUP_MOTION|C_BUYER_ORGANIZER_PATH|D_FUTURE_DECISION_POINT|E_HOTEL_LODGING_EVIDENCE,PRESENT,WEAK,MISSING,WEAK,MISSING,PRESENT,,,PROCUREMENT_RFP
jar_AC_420_prerfp_gdi_opp_highlights_22_conference_,AC,Unknown,Unknown,DEMAND_ENGINE_UNIVERSE,PRE_RFP,SIGNAL_ONLY,0,1,A_NAMED_DEMAND_ENTITY|B_DEFINED_GROUP_MOTION|C_BUYER_ORGANIZER_PATH|D_FUTURE_DECISION_POINT|E_HOTEL_LODGING_EVIDENCE,WEAK,WEAK,MISSING,WEAK,MISSING,PRESENT,,,PROCUREMENT_RFP
jar_AC_421_prerfp_gdi_opp_request_for_proposal_for_,AC,Expocoruna,Expocoruna,DEMAND_ENGINE_UNIVERSE,PRE_RFP,SIGNAL_ONLY,0,1,A_NAMED_DEMAND_ENTITY|B_DEFINED_GROUP_MOTION|C_BUYER_ORGANIZER_PATH|D_FUTURE_DECISION_POINT|E_HOTEL_LODGING_EVIDENCE,WEAK,WEAK,MISSING,WEAK,MISSING,PRESENT,,,PROCUREMENT_RFP
jar_AC_422_prerfp_gdi_opp_new_residential_developme,AC,Xunta de Galicia,Xunta de Galicia,DEMAND_ENGINE_UNIVERSE,PRE_RFP,SIGNAL_ONLY,1,2,B_DEFINED_GROUP_MOTION|C_BUYER_ORGANIZER_PATH|D_FUTURE_DECISION_POINT|E_HOTEL_LODGING_EVIDENCE,STRONG,WEAK,WEAK,WEAK,MISSING,PRESENT,,,PROCUREMENT_RFP
jar_SPICE_423_prerfp_gdi_opp_future_conferences_at_gra,SPICE,Grenada Tourism Authority,Grenada Tourism Authority,DEMAND_ENGINE_UNIVERSE,PRE_RFP,SIGNAL_ONLY,1,2,B_DEFINED_GROUP_MOTION|C_BUYER_ORGANIZER_PATH|D_FUTURE_DECISION_POINT|E_HOTEL_LODGING_EVIDENCE,STRONG,WEAK,WEAK,WEAK,MISSING,PRESENT,,,PROCUREMENT_RFP
jar_SPICE_424_prerfp_gdi_opp_grenada_official_hotel_bl,SPICE,Unknown,Unknown,DEMAND_ENGINE_UNIVERSE,PRE_RFP,SIGNAL_ONLY,0,1,A_NAMED_DEMAND_ENTITY|B_DEFINED_GROUP_MOTION|C_BUYER_ORGANIZER_PATH|D_FUTURE_DECISION_POINT|E_HOTEL_LODGING_EVIDENCE,WEAK,WEAK,MISSING,WEAK,MISSING,PRESENT,,,PROCUREMENT_RFP
jar_SPICE_425_prerfp_gdi_opp_leadership_retreat_12,SPICE,Unknown,Unknown,DEMAND_ENGINE_UNIVERSE,PRE_RFP,SIGNAL_ONLY,0,1,A_NAMED_DEMAND_ENTITY|B_DEFINED_GROUP_MOTION|C_BUYER_ORGANIZER_PATH|D_FUTURE_DECISION_POINT|E_HOTEL_LODGING_EVIDENCE,WEAK,WEAK,MISSING,WEAK,MISSING,PRESENT,,,PROCUREMENT_RFP
jar_SPICE_426_prerfp_gdi_opp_future_cycle_incentive_tr,SPICE,Various,Various,DEMAND_ENGINE_UNIVERSE,PRE_RFP,SIGNAL_ONLY,0,1,A_NAMED_DEMAND_ENTITY|B_DEFINED_GROUP_MOTION|C_BUYER_ORGANIZER_PATH|D_FUTURE_DECISION_POINT|E_HOTEL_LODGING_EVIDENCE,WEAK,WEAK,MISSING,WEAK,MISSING,PRESENT,,,PROCUREMENT_RFP
jar_SPICE_427_prerfp_gdi_opp_incentive_travel_rfp_7,SPICE,Various Corporations,Various Corporations,DEMAND_ENGINE_UNIVERSE,PRE_RFP,SIGNAL_ONLY,0,2,B_DEFINED_GROUP_MOTION|C_BUYER_ORGANIZER_PATH|D_FUTURE_DECISION_POINT|E_HOTEL_LODGING_EVIDENCE,PRESENT,WEAK,MISSING,WEAK,MISSING,PRESENT,,,PROCUREMENT_RFP
jar_SPICE_428_prerfp_gdi_opp_incentive_travel_programs,SPICE,Various Corporate Entities,Various Corporate Entities,DEMAND_ENGINE_UNIVERSE,PRE_RFP,SIGNAL_ONLY,1,2,B_DEFINED_GROUP_MOTION|C_BUYER_ORGANIZER_PATH|D_FUTURE_DECISION_POINT|E_HOTEL_LODGING_EVIDENCE,STRONG,WEAK,WEAK,WEAK,MISSING,PRESENT,,,PROCUREMENT_RFP
jar_SPICE_429_prerfp_gdi_opp_leadership_offsite_retrea,SPICE,Various Corporate Entities,Various Corporate Entities,DEMAND_ENGINE_UNIVERSE,PRE_RFP,SIGNAL_ONLY,1,2,B_DEFINED_GROUP_MOTION|C_BUYER_ORGANIZER_PATH|D_FUTURE_DECISION_POINT|E_HOTEL_LODGING_EVIDENCE,STRONG,WEAK,WEAK,WEAK,MISSING,PRESENT,,,PROCUREMENT_RFP
jar_SPICE_430_prerfp_gdi_opp_travel_advisor_familiariz,SPICE,Travel Advisor Consortiums,Travel Advisor Consortiums,DEMAND_ENGINE_UNIVERSE,PRE_RFP,SIGNAL_ONLY,1,2,B_DEFINED_GROUP_MOTION|C_BUYER_ORGANIZER_PATH|D_FUTURE_DECISION_POINT|E_HOTEL_LODGING_EVIDENCE,STRONG,WEAK,WEAK,WEAK,MISSING,PRESENT,,,PROCUREMENT_RFP
jar_SPICE_431_prerfp_gdi_opp_grenada_regional_associat,SPICE,Grenada Tourism Authority,Grenada Tourism Authority,DEMAND_ENGINE_UNIVERSE,PRE_RFP,SIGNAL_ONLY,1,2,B_DEFINED_GROUP_MOTION|C_BUYER_ORGANIZER_PATH|D_FUTURE_DECISION_POINT|E_HOTEL_LODGING_EVIDENCE,STRONG,WEAK,WEAK,WEAK,MISSING,PRESENT,,,PROCUREMENT_RFP
jar_SPICE_432_prerfp_gdi_opp_destination_weddings_in_g,SPICE,Local Isles,Local Isles,DEMAND_ENGINE_UNIVERSE,PRE_RFP,SIGNAL_ONLY,0,2,B_DEFINED_GROUP_MOTION|C_BUYER_ORGANIZER_PATH|D_FUTURE_DECISION_POINT|E_HOTEL_LODGING_EVIDENCE,PRESENT,WEAK,MISSING,WEAK,MISSING,PRESENT,,,PROCUREMENT_RFP
jar_SPICE_433_prerfp_gdi_opp_grenada_executive_retreat,SPICE,Various Corporate Entities,Various Corporate Entities,DEMAND_ENGINE_UNIVERSE,PRE_RFP,SIGNAL_ONLY,1,2,B_DEFINED_GROUP_MOTION|C_BUYER_ORGANIZER_PATH|D_FUTURE_DECISION_POINT|E_HOTEL_LODGING_EVIDENCE,STRONG,WEAK,WEAK,WEAK,MISSING,PRESENT,,,PROCUREMENT_RFP
jar_SPICE_434_prerfp_gdi_opp_leadership_retreat_10,SPICE,Various Corporate Entities,Various Corporate Entities,DEMAND_ENGINE_UNIVERSE,PRE_RFP,SIGNAL_ONLY,1,2,B_DEFINED_GROUP_MOTION|C_BUYER_ORGANIZER_PATH|D_FUTURE_DECISION_POINT|E_HOTEL_LODGING_EVIDENCE,STRONG,WEAK,WEAK,WEAK,MISSING,PRESENT,,,PROCUREMENT_RFP
jar_SPICE_435_prerfp_gdi_opp_grenada_leadership_offsit,SPICE,Unknown,Unknown,DEMAND_ENGINE_UNIVERSE,PRE_RFP,SIGNAL_ONLY,0,1,A_NAMED_DEMAND_ENTITY|B_DEFINED_GROUP_MOTION|C_BUYER_ORGANIZER_PATH|D_FUTURE_DECISION_POINT|E_HOTEL_LODGING_EVIDENCE,WEAK,WEAK,MISSING,WEAK,MISSING,PRESENT,,,PROCUREMENT_RFP
jar_SPICE_436_prerfp_gdi_opp_destination_wedding_rfp_1,SPICE,Wedding Planners Association,Wedding Planners Association,DEMAND_ENGINE_UNIVERSE,PRE_RFP,PARTIAL_PACKET,1,3,C_BUYER_ORGANIZER_PATH|D_FUTURE_DECISION_POINT|E_HOTEL_LODGING_EVIDENCE,STRONG,PRESENT,WEAK,WEAK,MISSING,PRESENT,,,PROCUREMENT_RFP
jar_SPICE_437_prerfp_gdi_opp_destination_weddings_in_g,SPICE,Bolen Bliss,Bolen Bliss,DEMAND_ENGINE_UNIVERSE,PRE_RFP,SIGNAL_ONLY,0,2,B_DEFINED_GROUP_MOTION|C_BUYER_ORGANIZER_PATH|D_FUTURE_DECISION_POINT|E_HOTEL_LODGING_EVIDENCE,PRESENT,WEAK,MISSING,WEAK,MISSING,PRESENT,,,PROCUREMENT_RFP
jar_SPICE_438_prerfp_gdi_opp_destination_weddings_in_g,SPICE,Local Isles,Local Isles,DEMAND_ENGINE_UNIVERSE,PRE_RFP,SIGNAL_ONLY,0,2,B_DEFINED_GROUP_MOTION|C_BUYER_ORGANIZER_PATH|D_FUTURE_DECISION_POINT|E_HOTEL_LODGING_EVIDENCE,PRESENT,WEAK,MISSING,WEAK,MISSING,PRESENT,,,PROCUREMENT_RFP
jar_SPICE_439_prerfp_gdi_opp_destination_weddings_in_g,SPICE,RealAdventures,RealAdventures,DEMAND_ENGINE_UNIVERSE,PRE_RFP,SIGNAL_ONLY,0,1,A_NAMED_DEMAND_ENTITY|B_DEFINED_GROUP_MOTION|C_BUYER_ORGANIZER_PATH|D_FUTURE_DECISION_POINT|E_HOTEL_LODGING_EVIDENCE,WEAK,WEAK,MISSING,WEAK,MISSING,PRESENT,,,PROCUREMENT_RFP
jar_SPICE_440_prerfp_gdi_opp_yacht_charter_crew_lodgin,SPICE,Tropical Yachts,Tropical Yachts,DEMAND_ENGINE_UNIVERSE,PRE_RFP,SIGNAL_ONLY,0,2,B_DEFINED_GROUP_MOTION|C_BUYER_ORGANIZER_PATH|D_FUTURE_DECISION_POINT|E_HOTEL_LODGING_EVIDENCE,PRESENT,WEAK,MISSING,WEAK,MISSING,PRESENT,,,PROCUREMENT_RFP
jar_SPICE_441_prerfp_gdi_opp_leadership_offsite_19,SPICE,Unknown,Unknown,DEMAND_ENGINE_UNIVERSE,PRE_RFP,SIGNAL_ONLY,0,1,A_NAMED_DEMAND_ENTITY|B_DEFINED_GROUP_MOTION|C_BUYER_ORGANIZER_PATH|D_FUTURE_DECISION_POINT|E_HOTEL_LODGING_EVIDENCE,WEAK,WEAK,MISSING,WEAK,MISSING,PRESENT,,,PROCUREMENT_RFP
jar_SPICE_442_prerfp_gdi_opp_luxury_travel_advisor_fam,SPICE,Dream Vacations,Dream Vacations,DEMAND_ENGINE_UNIVERSE,PRE_RFP,SIGNAL_ONLY,0,2,B_DEFINED_GROUP_MOTION|C_BUYER_ORGANIZER_PATH|D_FUTURE_DECISION_POINT|E_HOTEL_LODGING_EVIDENCE,PRESENT,WEAK,MISSING,WEAK,MISSING,PRESENT,,,PROCUREMENT_RFP
jar_SPICE_443_prerfp_gdi_opp_luxury_travel_advisor_fam,SPICE,Far & Wild Travel,Far & Wild Travel,DEMAND_ENGINE_UNIVERSE,PRE_RFP,SIGNAL_ONLY,1,2,B_DEFINED_GROUP_MOTION|C_BUYER_ORGANIZER_PATH|D_FUTURE_DECISION_POINT|E_HOTEL_LODGING_EVIDENCE,STRONG,WEAK,WEAK,WEAK,MISSING,PRESENT,,,PROCUREMENT_RFP
jar_SPICE_444_prerfp_gdi_opp_destination_weddings_in_g,SPICE,Local Isles,Local Isles,DEMAND_ENGINE_UNIVERSE,PRE_RFP,SIGNAL_ONLY,0,2,B_DEFINED_GROUP_MOTION|C_BUYER_ORGANIZER_PATH|D_FUTURE_DECISION_POINT|E_HOTEL_LODGING_EVIDENCE,PRESENT,WEAK,MISSING,WEAK,MISSING,PRESENT,,,PROCUREMENT_RFP
jar_SPICE_445_prerfp_gdi_opp_destination_wedding_9,SPICE,Unknown,Unknown,DEMAND_ENGINE_UNIVERSE,PRE_RFP,SIGNAL_ONLY,0,1,A_NAMED_DEMAND_ENTITY|B_DEFINED_GROUP_MOTION|C_BUYER_ORGANIZER_PATH|D_FUTURE_DECISION_POINT|E_HOTEL_LODGING_EVIDENCE,WEAK,WEAK,MISSING,WEAK,MISSING,PRESENT,,,PROCUREMENT_RFP
jar_SPICE_446_prerfp_gdi_opp_incentive_travel_program_,SPICE,Various,Various,DEMAND_ENGINE_UNIVERSE,PRE_RFP,SIGNAL_ONLY,0,1,A_NAMED_DEMAND_ENTITY|B_DEFINED_GROUP_MOTION|C_BUYER_ORGANIZER_PATH|D_FUTURE_DECISION_POINT|E_HOTEL_LODGING_EVIDENCE,WEAK,WEAK,MISSING,WEAK,MISSING,PRESENT,,,PROCUREMENT_RFP
jar_SPICE_447_prerfp_gdi_opp_executive_retreats_at_spi,SPICE,Spice Island Beach Resort,Spice Island Beach Resort,DEMAND_ENGINE_UNIVERSE,PRE_RFP,SIGNAL_ONLY,1,2,B_DEFINED_GROUP_MOTION|C_BUYER_ORGANIZER_PATH|D_FUTURE_DECISION_POINT|E_HOTEL_LODGING_EVIDENCE,STRONG,WEAK,WEAK,WEAK,MISSING,PRESENT,,,PROCUREMENT_RFP
jar_SPICE_448_prerfp_gdi_opp_grenada_conference_0,SPICE,Grenada Conference,Grenada Conference,DEMAND_ENGINE_UNIVERSE,PRE_RFP,PARTIAL_PACKET,0,3,C_BUYER_ORGANIZER_PATH|D_FUTURE_DECISION_POINT|E_HOTEL_LODGING_EVIDENCE,PRESENT,PRESENT,MISSING,WEAK,MISSING,PRESENT,,,PROCUREMENT_RFP
jar_SPICE_449_prerfp_gdi_opp_luxury_travel_advisor_fam,SPICE,Spice Island Beach Resort,Spice Island Beach Resort,DEMAND_ENGINE_UNIVERSE,PRE_RFP,SIGNAL_ONLY,1,2,B_DEFINED_GROUP_MOTION|C_BUYER_ORGANIZER_PATH|D_FUTURE_DECISION_POINT|E_HOTEL_LODGING_EVIDENCE,STRONG,WEAK,WEAK,WEAK,MISSING,PRESENT,,,PROCUREMENT_RFP
jar_SPICE_450_prerfp_gdi_opp_yacht_charter_demand_6,SPICE,DMA Yachting,DMA Yachting,DEMAND_ENGINE_UNIVERSE,PRE_RFP,SIGNAL_ONLY,0,2,B_DEFINED_GROUP_MOTION|C_BUYER_ORGANIZER_PATH|D_FUTURE_DECISION_POINT|E_HOTEL_LODGING_EVIDENCE,PRESENT,WEAK,MISSING,WEAK,MISSING,PRESENT,,,PROCUREMENT_RFP
jar_SPICE_451_prerfp_gdi_opp_grenada_tourism_authority,SPICE,Grenada Tourism Authority,Grenada Tourism Authority,DEMAND_ENGINE_UNIVERSE,PRE_RFP,SIGNAL_ONLY,1,2,B_DEFINED_GROUP_MOTION|C_BUYER_ORGANIZER_PATH|D_FUTURE_DECISION_POINT|E_HOTEL_LODGING_EVIDENCE,STRONG,WEAK,WEAK,WEAK,MISSING,PRESENT,,,PROCUREMENT_RFP
jar_SPICE_452_prerfp_gdi_opp_grenada_destination_weddi,SPICE,Various Wedding Planners,Various Wedding Planners,DEMAND_ENGINE_UNIVERSE,PRE_RFP,SIGNAL_ONLY,1,2,B_DEFINED_GROUP_MOTION|C_BUYER_ORGANIZER_PATH|D_FUTURE_DECISION_POINT|E_HOTEL_LODGING_EVIDENCE,STRONG,WEAK,WEAK,WEAK,MISSING,PRESENT,,,PROCUREMENT_RFP
jar_SPICE_453_prerfp_gdi_opp_grenada_voluntourism_prog,SPICE,Grenada Tourism Authority,Grenada Tourism Authority,DEMAND_ENGINE_UNIVERSE,PRE_RFP,SIGNAL_ONLY,1,2,B_DEFINED_GROUP_MOTION|C_BUYER_ORGANIZER_PATH|D_FUTURE_DECISION_POINT|E_HOTEL_LODGING_EVIDENCE,STRONG,WEAK,WEAK,WEAK,MISSING,PRESENT,,,PROCUREMENT_RFP
jar_SPICE_454_prerfp_gdi_opp_incentive_travel_rfp_5,SPICE,Various Corporate Entities,Various Corporate Entities,DEMAND_ENGINE_UNIVERSE,PRE_RFP,SIGNAL_ONLY,1,2,B_DEFINED_GROUP_MOTION|C_BUYER_ORGANIZER_PATH|D_FUTURE_DECISION_POINT|E_HOTEL_LODGING_EVIDENCE,STRONG,WEAK,WEAK,WEAK,MISSING,PRESENT,,,PROCUREMENT_RFP
jar_SPICE_455_prerfp_gdi_opp_destination_weddings_in_g,SPICE,Various Wedding Venues,Various Wedding Venues,DEMAND_ENGINE_UNIVERSE,PRE_RFP,SIGNAL_ONLY,1,2,B_DEFINED_GROUP_MOTION|C_BUYER_ORGANIZER_PATH|D_FUTURE_DECISION_POINT|E_HOTEL_LODGING_EVIDENCE,STRONG,WEAK,WEAK,WEAK,MISSING,PRESENT,,,PROCUREMENT_RFP
jar_SPICE_456_prerfp_gdi_opp_grenada_yacht_charter_cre,SPICE,Various Yacht Charter Companies,Various Yacht Charter Companies,DEMAND_ENGINE_UNIVERSE,PRE_RFP,SIGNAL_ONLY,1,2,B_DEFINED_GROUP_MOTION|C_BUYER_ORGANIZER_PATH|D_FUTURE_DECISION_POINT|E_HOTEL_LODGING_EVIDENCE,STRONG,WEAK,WEAK,WEAK,MISSING,PRESENT,,,PROCUREMENT_RFP
jar_SPICE_457_prerfp_gdi_opp_marine_industry_meeting_1,SPICE,Marine Industry Association,Marine Industry Association,DEMAND_ENGINE_UNIVERSE,PRE_RFP,PARTIAL_PACKET,1,3,C_BUYER_ORGANIZER_PATH|D_FUTURE_DECISION_POINT|E_HOTEL_LODGING_EVIDENCE,STRONG,PRESENT,WEAK,WEAK,MISSING,PRESENT,,,PROCUREMENT_RFP
jar_SPICE_458_prerfp_gdi_opp_travel_advisor_familiariz,SPICE,Unknown,Unknown,DEMAND_ENGINE_UNIVERSE,PRE_RFP,SIGNAL_ONLY,0,1,A_NAMED_DEMAND_ENTITY|B_DEFINED_GROUP_MOTION|C_BUYER_ORGANIZER_PATH|D_FUTURE_DECISION_POINT|E_HOTEL_LODGING_EVIDENCE,WEAK,WEAK,MISSING,WEAK,MISSING,PRESENT,,,PROCUREMENT_RFP
jar_SPICE_459_prerfp_gdi_opp_grenada_sports_tournament,SPICE,Unknown,Unknown,DEMAND_ENGINE_UNIVERSE,PRE_RFP,SIGNAL_ONLY,0,1,A_NAMED_DEMAND_ENTITY|B_DEFINED_GROUP_MOTION|C_BUYER_ORGANIZER_PATH|D_FUTURE_DECISION_POINT|E_HOTEL_LODGING_EVIDENCE,WEAK,WEAK,MISSING,WEAK,MISSING,PRESENT,,,PROCUREMENT_RFP
jar_SPICE_460_prerfp_gdi_opp_executive_retreats_8,SPICE,Various Corporate Entities,Various Corporate Entities,DEMAND_ENGINE_UNIVERSE,PRE_RFP,SIGNAL_ONLY,1,2,B_DEFINED_GROUP_MOTION|C_BUYER_ORGANIZER_PATH|D_FUTURE_DECISION_POINT|E_HOTEL_LODGING_EVIDENCE,STRONG,WEAK,WEAK,WEAK,MISSING,PRESENT,,,PROCUREMENT_RFP
jar_SPICE_461_prerfp_gdi_opp_destination_wedding_20,SPICE,Unknown,Unknown,DEMAND_ENGINE_UNIVERSE,PRE_RFP,SIGNAL_ONLY,0,1,A_NAMED_DEMAND_ENTITY|B_DEFINED_GROUP_MOTION|C_BUYER_ORGANIZER_PATH|D_FUTURE_DECISION_POINT|E_HOTEL_LODGING_EVIDENCE,WEAK,WEAK,MISSING,WEAK,MISSING,PRESENT,,,PROCUREMENT_RFP
jar_SPICE_462_prerfp_gdi_opp_executive_retreat_8,SPICE,Unknown,Unknown,DEMAND_ENGINE_UNIVERSE,PRE_RFP,SIGNAL_ONLY,0,1,A_NAMED_DEMAND_ENTITY|B_DEFINED_GROUP_MOTION|C_BUYER_ORGANIZER_PATH|D_FUTURE_DECISION_POINT|E_HOTEL_LODGING_EVIDENCE,WEAK,WEAK,MISSING,WEAK,MISSING,PRESENT,,,PROCUREMENT_RFP
jar_SPICE_463_prerfp_gdi_opp_regional_association_annu,SPICE,Unknown Regional Association,Unknown Regional Association,DEMAND_ENGINE_UNIVERSE,PRE_RFP,PARTIAL_PACKET,1,3,C_BUYER_ORGANIZER_PATH|D_FUTURE_DECISION_POINT|E_HOTEL_LODGING_EVIDENCE,STRONG,PRESENT,WEAK,WEAK,MISSING,PRESENT,,,PROCUREMENT_RFP
jar_SPICE_464_cdp_not_specified_ASSOCIATION_NGO,SPICE,Not specified,Not specified,DEMAND_ENGINE_UNIVERSE,COMPETITIVE_PATTERN,SIGNAL_ONLY,0,2,B_DEFINED_GROUP_MOTION|C_BUYER_ORGANIZER_PATH|D_FUTURE_DECISION_POINT|E_HOTEL_LODGING_EVIDENCE,PRESENT,MISSING,MISSING,MISSING,MISSING,PRESENT,,,ASSOCIATION_NGO
jar_SPICE_465_cdp_national_association_of_black_hotel_,SPICE,"National Association of Black Hotel Owners, Operators & Developers (NABHOOD)","National Association of Black Hotel Owners, Operators & Developers (NABHOOD)",DEMAND_ENGINE_UNIVERSE,COMPETITIVE_PATTERN,PARTIAL_PACKET,1,3,C_BUYER_ORGANIZER_PATH|D_FUTURE_DECISION_POINT|E_HOTEL_LODGING_EVIDENCE,STRONG,PRESENT,WEAK,MISSING,MISSING,PRESENT,,,ASSOCIATION_NGO
jar_YOTEL_466_gdi_v3_yotel_biennale_arte_2026_homepage,YOTEL,Biennale Arte 2026 | Homepage 2026,Biennale Arte 2026 | Homepage 2026,DEMAND_ENGINE_UNIVERSE,V3_UNRESOLVED,PARTIAL_PACKET,1,3,B_DEFINED_GROUP_MOTION|C_BUYER_ORGANIZER_PATH|E_HOTEL_LODGING_EVIDENCE,STRONG,MISSING,WEAK,PRESENT,MISSING,PRESENT,https://www.labiennale.org/en/art/2026,,ASSOCIATION_NGO
jar_YOTEL_467_gdi_v3_yotel_annual_report_the_united_na,YOTEL,annual report - The United Nations Office at Geneva,annual report - The United Nations Office at Geneva,DEMAND_ENGINE_UNIVERSE,V3_UNRESOLVED,SIGNAL_ONLY,1,2,B_DEFINED_GROUP_MOTION|C_BUYER_ORGANIZER_PATH|D_FUTURE_DECISION_POINT|E_HOTEL_LODGING_EVIDENCE,STRONG,MISSING,WEAK,MISSING,MISSING,PRESENT,https://www.ungeneva.org/sites/default/files/2023-07/2022-CPAG-Annual-Report_0.pdf,,GOVERNMENT_INTL_ORGANIZATIONS
jar_YOTEL_468_gdi_v3_yotel_erc_work_programme_2027_eur,YOTEL,ERC Work Programme 2027 - European Commission,ERC Work Programme 2027 - European Commission,DEMAND_ENGINE_UNIVERSE,V3_UNRESOLVED,PARTIAL_PACKET,1,3,B_DEFINED_GROUP_MOTION|C_BUYER_ORGANIZER_PATH|E_HOTEL_LODGING_EVIDENCE,STRONG,MISSING,WEAK,PRESENT,MISSING,PRESENT,https://ec.europa.eu/info/funding-tenders/opportunities/docs/2021-2027/horizon/wp-call/2027/wp_horizon-erc-2027_en.pdf,,ASSOCIATION_NGO
jar_YOTEL_469_gdi_v3_yotel_56_hotel_jobs_in_geneva_aug,YOTEL,"56 hotel Jobs in Geneva, August 2026","56 hotel Jobs in Geneva, August 2026",DEMAND_ENGINE_UNIVERSE,V3_UNRESOLVED,SIGNAL_ONLY,0,2,A_NAMED_DEMAND_ENTITY|B_DEFINED_GROUP_MOTION|C_BUYER_ORGANIZER_PATH|E_HOTEL_LODGING_EVIDENCE,WEAK,MISSING,MISSING,PRESENT,MISSING,PRESENT,"https://www.glassdoor.com/Job/genf-hotel-jobs-SRCH_IL.0,4_IC3297162_KO5,10.htm",,ASSOCIATION_NGO
jar_AC_470_gdi_v3_ac_alojamiento_eventszone_overflo,AC,alojamiento - eventszone — overflow lodging motion,alojamiento - eventszone — overflow lodging motion,DEMAND_ENGINE_UNIVERSE,V3_UNRESOLVED,PARTIAL_PACKET,2,4,C_BUYER_ORGANIZER_PATH|D_FUTURE_DECISION_POINT,STRONG,STRONG,WEAK,MISSING,PRESENT,PRESENT,https://reedmackay.eventszone.net/myCongress/form.php?thisFormCongress=alojamientosedomurcia&thisFormLanguage=es&thisCodeForm=CONGRESO,,ASSOCIATION_NGO
jar_AC_471_gdi_v3_ac_sumario_del_boe_n_m_208_de_mar,AC,Sumario del BOE núm 208 de Martes 25 de agosto de 2026,Sumario del BOE núm 208 de Martes 25 de agosto de 2026,DEMAND_ENGINE_UNIVERSE,V3_UNRESOLVED,PARTIAL_PACKET,1,3,B_DEFINED_GROUP_MOTION|C_BUYER_ORGANIZER_PATH|E_HOTEL_LODGING_EVIDENCE,STRONG,MISSING,WEAK,PRESENT,MISSING,PRESENT,https://www.boe.es/boe/dias/2026/08/25/pdfs/BOE-S-2026-208.pdf,,ASSOCIATION_NGO
jar_AC_472_gdi_v3_ac_2026_5079_bopdacorunag,AC,2026/5079,2026/5079,DEMAND_ENGINE_UNIVERSE,V3_UNRESOLVED,SIGNAL_ONLY,0,2,A_NAMED_DEMAND_ENTITY|B_DEFINED_GROUP_MOTION|C_BUYER_ORGANIZER_PATH|E_HOTEL_LODGING_EVIDENCE,WEAK,MISSING,MISSING,PRESENT,MISSING,PRESENT,https://bop.dacoruna.gal/bopportal/publicado/2026/08/05/2026_0000005079.pdf,,ASSOCIATION_NGO
jar_SPICE_473_gdi_v3_spice_six_senses_la_sagesse_grena,SPICE,Six Senses La Sagesse Grenada — overflow lodging motion,Six Senses La Sagesse Grenada — overflow lodging motion,DEMAND_ENGINE_UNIVERSE,V3_UNRESOLVED,PARTIAL_PACKET,2,3,C_BUYER_ORGANIZER_PATH|D_FUTURE_DECISION_POINT|E_HOTEL_LODGING_EVIDENCE,STRONG,STRONG,WEAK,MISSING,MISSING,PRESENT,https://www.cvent.com/venues/st-david/resort/six-senses-la-sagesse-grenada/venue-27e4aa0c-073f-464f-85ea-281f9d06625f,,ASSOCIATION_NGO
jar_CAMBRIDGE_474_gdi_v3_cambridge_bermuda_holiday_package,CAMBRIDGE,Bermuda Holiday Package Results — overflow lodging motion,Bermuda Holiday Package Results — overflow lodging motion,DEMAND_ENGINE_UNIVERSE,V3_UNRESOLVED,PARTIAL_PACKET,2,4,C_BUYER_ORGANIZER_PATH|E_HOTEL_LODGING_EVIDENCE,STRONG,STRONG,WEAK,PRESENT,MISSING,PRESENT,https://vacations.bonvoyaga.com/holidays?destinations[0]=BERMUDA&from=YYZ&rooms[0][adults]=2&duration=7&travelMonths[0]=2026-12,,ASSOCIATION_NGO
jar_NOW_NOW_475_gdi_v3_now_now_hiring_of_hotel_tenders_2,NOW_NOW,Hiring Of Hotel Tenders 2026 - Find Opportunities Worldwide,Hiring Of Hotel Tenders 2026 - Find Opportunities Worldwide,DEMAND_ENGINE_UNIVERSE,V3_UNRESOLVED,SIGNAL_ONLY,0,2,A_NAMED_DEMAND_ENTITY|B_DEFINED_GROUP_MOTION|C_BUYER_ORGANIZER_PATH|E_HOTEL_LODGING_EVIDENCE,WEAK,MISSING,MISSING,PRESENT,MISSING,PRESENT,https://www.biddetail.com/global-tenders/hiring-of-hotel-tenders,,ASSOCIATION_NGO
jar_NOW_NOW_476_gdi_v3_now_now_2026_building_congress_ac,NOW_NOW,2026 Building Congress Across America,2026 Building Congress Across America,DEMAND_ENGINE_UNIVERSE,V3_UNRESOLVED,PARTIAL_PACKET,1,4,C_BUYER_ORGANIZER_PATH|E_HOTEL_LODGING_EVIDENCE,STRONG,PRESENT,WEAK,PRESENT,MISSING,PRESENT,https://buildingcongress.com/wp-content/uploads/2026/09/2026-BCAA-1.pdf,,ASSOCIATION_NGO
gdi_v3_yotel_base_gva_gen_ve_tourisme_wwwgenevecom,YOTEL,Base GVA | Genève Tourisme,Base GVA,V3_CANDIDATE,,PARTIAL_PACKET,1,4,C_BUYER_ORGANIZER_PATH|D_FUTURE_DECISION_POINT,PRESENT,STRONG,MISSING,MISSING,PRESENT,PRESENT,https://www.geneve.com/fr/hotels/base-hotel,,ASSOCIATION_NGO
gdi_v3_yotel_ce_qui_permet_une_carri_re_de_durer_et_d_voluer_infomaniakev,YOTEL,ce qui permet à une carrière de durer - et d'évoluer?,ce qui permet à une carrière de durer,V3_CANDIDATE,,SIGNAL_ONLY,1,2,B_DEFINED_GROUP_MOTION|C_BUYER_ORGANIZER_PATH|D_FUTURE_DECISION_POINT|E_HOTEL_LODGING_EVIDENCE,STRONG,MISSING,WEAK,MISSING,MISSING,PRESENT,https://infomaniak.events/fr-ch/conferences/transformation-des-competences-ce-qui-permet-a-une-carriere-de-durer-et-devoluer/7b1d675b-764b-4032-ac1d-4ae5115ca5c7/events/399368,,ASSOCIATION_NGO
gdi_v3_yotel_exemples_de_congr_s_switzerland_meetings_meetingsmysw,YOTEL,Exemples de Congrès - Switzerland Meetings,Exemples de Congrès,V3_CANDIDATE,,PARTIAL_PACKET,1,3,C_BUYER_ORGANIZER_PATH|D_FUTURE_DECISION_POINT|E_HOTEL_LODGING_EVIDENCE,STRONG,PRESENT,WEAK,MISSING,MISSING,PRESENT,https://meetings.myswitzerland.com/fr-fr/inspiration/bon-a-savoir/references-et-conseils/references-de-congres/,,ASSOCIATION_NGO
gdi_v3_yotel_tout_est_r_uni_au_m_me_endroit_pour_organiser_vo_wwwinstagram,YOTEL,tout est réuni au même endroit pour organiser votre ...,tout est réuni au même endroit pour organiser votre ...,V3_CANDIDATE,,PARTIAL_PACKET,1,3,B_DEFINED_GROUP_MOTION|D_FUTURE_DECISION_POINT|E_HOTEL_LODGING_EVIDENCE,STRONG,MISSING,PRESENT,MISSING,MISSING,PRESENT,https://www.instagram.com/p/DdbM7mmCEDt/,,ASSOCIATION_NGO
gdi_v3_yotel_lancement_de_la_nouvelle_campagne_estivale_2023_wwwtendanceh,YOTEL,Lancement de la nouvelle campagne estivale 2023,Lancement de la nouvelle campagne estivale 2023,V3_CANDIDATE,,SIGNAL_ONLY,1,2,B_DEFINED_GROUP_MOTION|C_BUYER_ORGANIZER_PATH|D_FUTURE_DECISION_POINT|E_HOTEL_LODGING_EVIDENCE,STRONG,MISSING,WEAK,MISSING,MISSING,PRESENT,https://www.tendancehotellerie.fr/articles-breves/communique-de-presse/19643-article/lancement-de-la-nouvelle-campagne-estivale-2023-geneve-inattendue,,ASSOCIATION_NGO
gdi_v3_yotel_anna_krebs_iofc_wwwiofcch,YOTEL,Anna Krebs | IofC,Anna Krebs,V3_CANDIDATE,,SIGNAL_ONLY,0,2,B_DEFINED_GROUP_MOTION|C_BUYER_ORGANIZER_PATH|D_FUTURE_DECISION_POINT|E_HOTEL_LODGING_EVIDENCE,PRESENT,MISSING,MISSING,MISSING,MISSING,PRESENT,https://www.iofc.ch/fr/anna-krebs,,ASSOCIATION_NGO
gdi_v3_yotel_novotel_gen_ve_centre_chlinkedinco,YOTEL,Novotel Genève Centre,Novotel Genève Centre,V3_CANDIDATE,,SIGNAL_ONLY,1,2,B_DEFINED_GROUP_MOTION|C_BUYER_ORGANIZER_PATH|D_FUTURE_DECISION_POINT|E_HOTEL_LODGING_EVIDENCE,STRONG,MISSING,WEAK,MISSING,MISSING,PRESENT,https://ch.linkedin.com/company/novotel-gen%C3%A8ve-centre,,ASSOCIATION_NGO
gdi_v3_yotel_angola_nouvelle_loi_sur_l_investissement_priv_cmslaw,YOTEL,Angola : nouvelle loi sur l'investissement privé,Angola,V3_CANDIDATE,,SIGNAL_ONLY,0,1,A_NAMED_DEMAND_ENTITY|B_DEFINED_GROUP_MOTION|C_BUYER_ORGANIZER_PATH|D_FUTURE_DECISION_POINT|E_HOTEL_LODGING_EVIDENCE,WEAK,MISSING,MISSING,MISSING,MISSING,PRESENT,https://cms.law/fr/fra/legal-updates/angola-nouvelle-loi-sur-l-investissement-prive,,ASSOCIATION_NGO
gdi_v3_yotel_dynamique_de_leadership_p_dagogique_pour_wwwinstagram,YOTEL,dynamique de leadership pédagogique pour ...,dynamique de leadership pédagogique pour ...,V3_CANDIDATE,,SIGNAL_ONLY,1,2,B_DEFINED_GROUP_MOTION|C_BUYER_ORGANIZER_PATH|D_FUTURE_DECISION_POINT|E_HOTEL_LODGING_EVIDENCE,STRONG,MISSING,WEAK,MISSING,MISSING,PRESENT,https://www.instagram.com/p/DU8djTYkuBj/,,CORPORATE
gdi_v3_yotel_apr_s_des_changes_tr_s_tendus_les_n_gociations_wwwrtlbe,YOTEL,"Après des échanges « très tendus », les négociations ...","Après des échanges « très tendus », les négociations ...",V3_CANDIDATE,,DUPLICATE,,,,,,,,,,https://www.rtl.be/actu/monde/international/apres-des-echanges-tres-tendus-les-negociations-reprennent-ukrainiens-et-russes/2026-02-18/article/780156,,
gdi_v3_yotel_report_en_arri_re_du_d_ficit_attention_au_change_cmslaw,YOTEL,Report en arrière du déficit : attention au changement d'activité,Report en arrière du déficit,V3_CANDIDATE,,SIGNAL_ONLY,1,2,B_DEFINED_GROUP_MOTION|C_BUYER_ORGANIZER_PATH|D_FUTURE_DECISION_POINT|E_HOTEL_LODGING_EVIDENCE,STRONG,MISSING,WEAK,MISSING,MISSING,PRESENT,https://cms.law/fr/fra/news-information/report-en-arriere-du-deficit-attention-au-changement-d-activite,,ASSOCIATION_NGO
gdi_v3_yotel_rediffusion_de_notre_direct_depuis_l_wwwinstagram,YOTEL,Rediffusion de notre direct depuis l' ...,Rediffusion de notre direct depuis l' ...,V3_CANDIDATE,,SIGNAL_ONLY,1,2,B_DEFINED_GROUP_MOTION|C_BUYER_ORGANIZER_PATH|D_FUTURE_DECISION_POINT|E_HOTEL_LODGING_EVIDENCE,STRONG,MISSING,WEAK,MISSING,MISSING,PRESENT,https://www.instagram.com/reel/DZIktwrE1_E/,,ASSOCIATION_NGO
gdi_v3_yotel_le_canton_de_vaud_veut_booster_le_secteur_mice_h_wwwhtrch,YOTEL,Le canton de Vaud veut booster le secteur MICE - htr.ch,Le canton de Vaud veut booster le secteur MICE,V3_CANDIDATE,,SIGNAL_ONLY,1,2,B_DEFINED_GROUP_MOTION|C_BUYER_ORGANIZER_PATH|D_FUTURE_DECISION_POINT|E_HOTEL_LODGING_EVIDENCE,STRONG,MISSING,WEAK,MISSING,MISSING,PRESENT,https://www.htr.ch/edition-francaise/article/tourisme/le-canton-de-vaud-veut-booster-le-secteur-mice-43911,,ASSOCIATION_NGO
gdi_v3_yotel_l_quipement_moto_adapt_plan_les_ouates_wwwplanlesou,YOTEL,L'équipement moto adapté | Plan-les-Ouates,L'équipement moto adapté,V3_CANDIDATE,,SIGNAL_ONLY,1,2,B_DEFINED_GROUP_MOTION|C_BUYER_ORGANIZER_PATH|D_FUTURE_DECISION_POINT|E_HOTEL_LODGING_EVIDENCE,STRONG,MISSING,WEAK,MISSING,MISSING,PRESENT,https://www.plan-les-ouates.ch/actualites/lequipement-moto-adapte,,ASSOCIATION_NGO
gdi_v3_yotel_bruno_ryf_assistant_client_le_gare_et_militant_i_sevonlinech,YOTEL,"Bruno Ryf, assistant-clientèle gare et militant infatigable : SEV ...","Bruno Ryf, assistant",V3_CANDIDATE,,DUPLICATE,,,,,,,,,,https://sev-online.ch/fr/aktuell/kontakt.sev/2023/bruno-ryf-assistant-clientle-gare-et-militant-infatigable-202302-225719/,,
gdi_v3_yotel_mbg_groupement_des_m_tiers_techniques_du_b_timen_frlinkedinco,YOTEL,MBG - Groupement des Métiers techniques du Bâtiment Genève,MBG,V3_CANDIDATE,,REJECTED,0,1,A_NAMED_DEMAND_ENTITY|B_DEFINED_GROUP_MOTION|C_BUYER_ORGANIZER_PATH|D_FUTURE_DECISION_POINT|E_HOTEL_LODGING_EVIDENCE,MISSING,MISSING,MISSING,MISSING,MISSING,PRESENT,https://fr.linkedin.com/posts/mbg-metiers-techniques-du-batiment-geneve_mbg-assembl%C3%A9eg%C3%A9n%C3%A9rale-m%C3%A9tierstechniquesdub%C3%A2timent-activity-7472177352303755265-Ti68,,ASSOCIATION_NGO
gdi_v3_ac_m_s_de_500_profesionales_se_dan_cita_en_el_iii_c_clusterturis,AC,Más de 500 profesionales se dan cita en el III Congreso ...,Más de 500 profesionales se dan cita en el III Congreso ...,V3_CANDIDATE,,PARTIAL_PACKET,1,3,C_BUYER_ORGANIZER_PATH|D_FUTURE_DECISION_POINT|E_HOTEL_LODGING_EVIDENCE,STRONG,PRESENT,WEAK,MISSING,MISSING,PRESENT,https://clusterturismogalicia.com/gl/a-coruna-acoge-el-iii-congreso-internacional-de-calidad-turistica/,,ASSOCIATION_NGO
gdi_v3_ac_m_s_de_medio_centenar_de_entidades_forman_parte__acorunacbcom,AC,Más de medio centenar de entidades forman parte ya de la ...,Más de medio centenar de entidades forman parte ya de la ...,V3_CANDIDATE,,SIGNAL_ONLY,1,2,B_DEFINED_GROUP_MOTION|C_BUYER_ORGANIZER_PATH|D_FUTURE_DECISION_POINT|E_HOTEL_LODGING_EVIDENCE,STRONG,MISSING,WEAK,MISSING,MISSING,PRESENT,https://acorunacb.com/gl/mas-de-medio-centenar-de-entidades-forman-parte-ya-de-la-fundacion-a-coruna-convention-bureau/,,ASSOCIATION_NGO
gdi_v3_ac_hotel_congreso_en_teo_a_coru_a_galicia_wwwturismoga,AC,HOTEL CONGRESO EN TEO A CORUÑA - GALICIA,HOTEL CONGRESO EN TEO A CORUÑA,V3_CANDIDATE,,PARTIAL_PACKET,1,3,C_BUYER_ORGANIZER_PATH|D_FUTURE_DECISION_POINT|E_HOTEL_LODGING_EVIDENCE,STRONG,PRESENT,WEAK,MISSING,MISSING,PRESENT,https://www.turismo.gal/recurso/-/detalle/1970/congreso?langId=gl_ES&tp=22&ctre=129,,ASSOCIATION_NGO
gdi_v3_ac_central_gallega_de_congresos_sa_wwwturismoga,AC,"central gallega de congresos, sa","central gallega de congresos, sa",V3_CANDIDATE,,SIGNAL_ONLY,1,2,B_DEFINED_GROUP_MOTION|C_BUYER_ORGANIZER_PATH|D_FUTURE_DECISION_POINT|E_HOTEL_LODGING_EVIDENCE,STRONG,MISSING,WEAK,MISSING,MISSING,PRESENT,https://www.turismo.gal/recurso/-/detalle/15900/central-gallega-de-congresos-s.a.?tp=94&ctre=152,,ASSOCIATION_NGO
gdi_v3_ac_alojamiento_eventszone_reedmackayev,AC,alojamiento - eventszone,alojamiento,V3_CANDIDATE,,DUPLICATE,,,,,,,,,,https://reedmackay.eventszone.net/myCongress/form.php?thisFormCongress=alojamientosedomurcia&thisFormLanguage=es&thisCodeForm=CONGRESO,,
gdi_v3_ac_global_congresos_wwwturismoga,AC,global congresos,global congresos,V3_CANDIDATE,,SIGNAL_ONLY,0,2,B_DEFINED_GROUP_MOTION|C_BUYER_ORGANIZER_PATH|D_FUTURE_DECISION_POINT|E_HOTEL_LODGING_EVIDENCE,PRESENT,MISSING,MISSING,MISSING,MISSING,PRESENT,https://www.turismo.gal/recurso/-/detalle/15904/global-congresos?langId=es_ES&tp=94&ctre=152,,ASSOCIATION_NGO
gdi_v3_ac_a_concor_wwwturismoga,AC,a-concor,a,V3_CANDIDATE,,REJECTED,0,1,A_NAMED_DEMAND_ENTITY|B_DEFINED_GROUP_MOTION|C_BUYER_ORGANIZER_PATH|D_FUTURE_DECISION_POINT|E_HOTEL_LODGING_EVIDENCE,MISSING,MISSING,MISSING,MISSING,MISSING,PRESENT,https://www.turismo.gal/recurso/-/detalle/16067/a-concor?tp=94&ctre=152,,ASSOCIATION_NGO
gdi_v3_ac_hotel_attica_21_coru_a_xvicongresos,AC,Hotel Attica 21 Coruña,Hotel Attica 21 Coruña,V3_CANDIDATE,,PARTIAL_PACKET,2,4,C_BUYER_ORGANIZER_PATH|D_FUTURE_DECISION_POINT,STRONG,STRONG,WEAK,MISSING,PRESENT,PRESENT,http://xvicongreso.sgapeio.es/hotel/attica_sp.html,,ASSOCIATION_NGO
gdi_v3_ac_consulta_de_convenios_xunta_de_galicia_conveniosxun,AC,Consulta de convenios - Xunta de Galicia,Consulta de convenios,V3_CANDIDATE,,SIGNAL_ONLY,1,2,B_DEFINED_GROUP_MOTION|C_BUYER_ORGANIZER_PATH|D_FUTURE_DECISION_POINT|E_HOTEL_LODGING_EVIDENCE,STRONG,MISSING,WEAK,MISSING,MISSING,PRESENT,https://convenios.xunta.gal/consultaconvenios/busqueda-convenio/convenio/2008-0703,,ASSOCIATION_NGO
gdi_v3_ac_gastos_de_viaje_ac_por_tipo_wwwpoderjudi,AC,GASTOS DE VIAJE AC POR TIPO,GASTOS DE VIAJE AC POR TIPO,V3_CANDIDATE,,SIGNAL_ONLY,1,2,B_DEFINED_GROUP_MOTION|C_BUYER_ORGANIZER_PATH|D_FUTURE_DECISION_POINT|E_HOTEL_LODGING_EVIDENCE,STRONG,MISSING,WEAK,MISSING,MISSING,PRESENT,https://www.poderjudicial.es/stfls/CGPJ/TRANSPARENCIA/FICHEROS/20260928%20ANEXO%204.pdf,,ASSOCIATION_NGO
gdi_v3_ac_convenio_entre_el_ayuntamiento_de_a_coru_a_wwwinfosubve,AC,CONVENIO ENTRE EL AYUNTAMIENTO DE A CORUÑA ...,CONVENIO ENTRE EL AYUNTAMIENTO DE A CORUÑA ...,V3_CANDIDATE,,SIGNAL_ONLY,1,2,B_DEFINED_GROUP_MOTION|C_BUYER_ORGANIZER_PATH|D_FUTURE_DECISION_POINT|E_HOTEL_LODGING_EVIDENCE,STRONG,MISSING,WEAK,MISSING,MISSING,PRESENT,https://www.infosubvenciones.es/bdnstrans/api/convocatorias/documentos?idDocumento=1461742,,ASSOCIATION_NGO
gdi_v3_ac_noticias_tur_sticas_galicia_wwwturismoga,AC,Noticias turísticas - GALICIA,Noticias turísticas,V3_CANDIDATE,,SIGNAL_ONLY,0,2,B_DEFINED_GROUP_MOTION|C_BUYER_ORGANIZER_PATH|D_FUTURE_DECISION_POINT|E_HOTEL_LODGING_EVIDENCE,PRESENT,MISSING,MISSING,MISSING,MISSING,PRESENT,https://www.turismo.gal/espazo-profesional/actualidade/novas?langId=es_ES&numPage=4&pageSize=10%2F,,ASSOCIATION_NGO
gdi_v3_spice_venue_accommodations_house_of_assembly_wwwgovnetbs,SPICE,Venue & Accommodations - House of Assembly,Venue & Accommodations,V3_CANDIDATE,,PARTIAL_PACKET,1,3,C_BUYER_ORGANIZER_PATH|D_FUTURE_DECISION_POINT|E_HOTEL_LODGING_EVIDENCE,STRONG,PRESENT,WEAK,MISSING,MISSING,PRESENT,http://www.govnet.bs/wps/portal/public/!ut/p/b1/vZLZcqJAFIafZR7A0NCsl80iO8iu3FiKKBBWQYk8_WgqqUoyEzNTNZPuq676__Odv8_BYmyJxfXmnB82Q97Um_L2jum1wwPHMziIWKgxAC0oyrAClkA2hUXYUlmdeaExRwlFa61Px46Mq-Qyzr1xVmacLi4fu81WDOYhpxy4aUdWRcLy9bE5zJyy4FB7FtcbjoiiSVPDttfCkz4RXKmR9T7NAZS4dIf7pASyUmGeENinIBeUzPWykWsjrczrBka96ERnGCedv2PC7GTUrgREaQ3tPRhOeN__uAZZXYOATw4CzzmhbJuOQLImS5McUHHfUkVpAWUGvPghkE2ErgKZAjRQg4WBFoxC2OQHPwgDHqiKqYuswEKgMK_-zwF_5_9VEL9tzyb8W3kBp_WAAoaLf-z_vYAXqPdzBoiiruUJn2HkAApzcN9_A_yR_47gyz2Lv4p4X8AzL4J7O_A6BdKUbhUodn4bEmUsaA5nefAR8ZstuNfD8zffDQoIbHUVMJ9VEGUK87ElINdecWnV6XFyi8kZzSIBnr-BuASeBjCF1nau-oOH-4Y54kaoDqJz6YNMM4_maA3bxS50Ax6hGSxC4QsgS343kP5uIPzvQJ2AV6ABDYsVcNXHvxv47xNqWJxvq4cxqR7AA0OzFM1yLE4wBMESEAuLFTSEXh0lKVrHbUzEJ9zO1O5w4lG2y63WHjS07NwiWK_TQFHO9JE5KKVLKmDpzQ95U1rGChZJlXbi_DQhvnVHpZFko6x3ucrbYsKLfXg0Vb0Tp3YJ-_NEOMe4EUMuSbdAUGxr3-CzWk-3G5m-nGfZBSY-UT8ujcc2HuQT3Q0Qz73dEM9GDz_KhQMXud3CoiJnjE_31IpWMEtpqhRrq7P-fAzalVxpb729JPrxEwhEYtQ!/dl4/d5/L2dBISEvZ0FBIS9nQSEh/?1dmy&urile=wcm%3Apath%3A/MOF_Content/internet/41st+Conference+of+the+Caribbean+Americas+and+Atlantic+Region+of+the+CPA/Government/Venue+and+Accommodations1/,,ASSOCIATION_NGO
gdi_v3_spice_grand_anse_grenada_action_forum_grenadaactio,SPICE,Grand Anse | Grenada Action Forum,Grand Anse,V3_CANDIDATE,,SIGNAL_ONLY,0,2,B_DEFINED_GROUP_MOTION|C_BUYER_ORGANIZER_PATH|D_FUTURE_DECISION_POINT|E_HOTEL_LODGING_EVIDENCE,PRESENT,MISSING,MISSING,MISSING,MISSING,PRESENT,https://grenadaactionforum.wordpress.com/category/st-george/grand-anse/,,ASSOCIATION_NGO
gdi_v3_cambridge_international_public_policy_conferences_in_bermu_wwwconferenc,CAMBRIDGE,International Public Policy Conferences in Bermuda 2026,International Public Policy Conferences in Bermuda 2026,V3_CANDIDATE,,PARTIAL_PACKET,1,3,B_DEFINED_GROUP_MOTION|C_BUYER_ORGANIZER_PATH|E_HOTEL_LODGING_EVIDENCE,STRONG,MISSING,WEAK,PRESENT,MISSING,PRESENT,https://www.conferenceineurope.org/bermuda/public-policy/august,,ASSOCIATION_NGO
gdi_v3_cambridge_upcoming_events_of_interest_to_local_and_interna_wwwroyalgaze,CAMBRIDGE,Upcoming events of interest to local and international ...,Upcoming events of interest to local and international ...,V3_CANDIDATE,,SIGNAL_ONLY,1,2,B_DEFINED_GROUP_MOTION|C_BUYER_ORGANIZER_PATH|D_FUTURE_DECISION_POINT|E_HOTEL_LODGING_EVIDENCE,STRONG,MISSING,WEAK,MISSING,MISSING,PRESENT,https://www.royalgazette.com/other/business/article/20110209/upcoming-events-of-interest-to-local-and-international-business-42/,,ASSOCIATION_NGO
gdi_v3_cambridge_international_law_conferences_in_bermuda_august__wwwconferenc,CAMBRIDGE,International Law Conferences in Bermuda August 2027,International Law Conferences in Bermuda August 2027,V3_CANDIDATE,,PARTIAL_PACKET,1,3,B_DEFINED_GROUP_MOTION|C_BUYER_ORGANIZER_PATH|E_HOTEL_LODGING_EVIDENCE,STRONG,MISSING,WEAK,PRESENT,MISSING,PRESENT,https://www.conferenceineurope.org/bermuda/law/august,,ASSOCIATION_NGO
gdi_v3_cambridge_you_don_t_want_to_miss_convention_in_the_bahamas_wwwfacebookc,CAMBRIDGE,You don't want to miss Convention in the Bahamas in 2027! ...,You don't want to miss Convention in the Bahamas in 2027! ...,V3_CANDIDATE,,PARTIAL_PACKET,1,3,B_DEFINED_GROUP_MOTION|C_BUYER_ORGANIZER_PATH|E_HOTEL_LODGING_EVIDENCE,STRONG,MISSING,WEAK,PRESENT,MISSING,PRESENT,https://www.facebook.com/AOGlobeLife/posts/you-dont-want-to-miss-convention-in-the-bahamas-in-2027-%EF%B8%8F-start-putting-your-pla/1518337773643220/,,ASSOCIATION_NGO
gdi_v3_cambridge_senate_2026_july_15_pdf_wwwscribdcom,CAMBRIDGE,Senate - 2026 - July 15 | PDF,Senate,V3_CANDIDATE,,SIGNAL_ONLY,0,2,A_NAMED_DEMAND_ENTITY|B_DEFINED_GROUP_MOTION|C_BUYER_ORGANIZER_PATH|E_HOTEL_LODGING_EVIDENCE,WEAK,MISSING,MISSING,PRESENT,MISSING,PRESENT,https://www.scribd.com/document/1062098097/Senate-2026-July-15,,ASSOCIATION_NGO
gdi_v3_cambridge_the_government_of_bermuda_the_government_of_berm_wwwfacebookc,CAMBRIDGE,The Government of Bermuda... - The Government of Bermuda,The Government of Bermuda...,V3_CANDIDATE,,PARTIAL_PACKET,1,3,C_BUYER_ORGANIZER_PATH|D_FUTURE_DECISION_POINT|E_HOTEL_LODGING_EVIDENCE,STRONG,PRESENT,WEAK,MISSING,MISSING,PRESENT,https://www.facebook.com/BermudaGovernment/photos/1135656758606171/,,ASSOCIATION_NGO
gdi_v3_cambridge_meetings_in_the_uk_brussels_ministers_travel_wwwgovbm,CAMBRIDGE,Meetings in the UK/Brussels - Ministers Travel,Meetings in the UK/Brussels,V3_CANDIDATE,,SIGNAL_ONLY,1,2,B_DEFINED_GROUP_MOTION|C_BUYER_ORGANIZER_PATH|D_FUTURE_DECISION_POINT|E_HOTEL_LODGING_EVIDENCE,STRONG,MISSING,WEAK,MISSING,MISSING,PRESENT,https://www.gov.bm/travel-calendar/meetings-ukbrussels,,ASSOCIATION_NGO
gdi_v3_cambridge_the_government_attention_all_planning_to_travel_wwwfacebookc,CAMBRIDGE,The Government - Attention all planning to travel.,The Government,V3_CANDIDATE,,PARTIAL_PACKET,0,3,C_BUYER_ORGANIZER_PATH|D_FUTURE_DECISION_POINT|E_HOTEL_LODGING_EVIDENCE,PRESENT,PRESENT,MISSING,MISSING,MISSING,PRESENT,https://www.facebook.com/BermudaGovernment/photos/attention-all-planning-to-travel/3449633268413130/,,ASSOCIATION_NGO
gdi_v3_now_now_af_symposium_2026_bookpasskeyc,NOW_NOW,AF Symposium 2026,AF Symposium 2026,V3_CANDIDATE,,PARTIAL_PACKET,1,4,C_BUYER_ORGANIZER_PATH|E_HOTEL_LODGING_EVIDENCE,STRONG,PRESENT,WEAK,PRESENT,MISSING,PRESENT,https://book.passkey.com/event/51027826/owner/6893/home,,UNIVERSITY_EDUCATION
gdi_v3_now_now_hotels_near_1st_annual_antitrust_summit_us_2026_hotelmapcom,NOW_NOW,Hotels near 1st annual Antitrust Summit US 2026,Hotels near 1st annual Antitrust Summit US 2026,V3_CANDIDATE,,PARTIAL_PACKET,1,3,B_DEFINED_GROUP_MOTION|C_BUYER_ORGANIZER_PATH|E_HOTEL_LODGING_EVIDENCE,STRONG,MISSING,WEAK,PRESENT,MISSING,PRESENT,https://hotelmap.com/MNYQR?RefID=USACCC,,ASSOCIATION_NGO
gdi_v3_now_now_2026_building_congress_across_america_buildingcong,NOW_NOW,2026 Building Congress Across America,2026 Building Congress Across America,V3_CANDIDATE,,DUPLICATE,,,,,,,,,,https://buildingcongress.com/wp-content/uploads/2026/09/2026-BCAA-1.pdf,,
gdi_v3_now_now_conferences_in_new_york_usa_in_may_2027_wwwclocateco,NOW_NOW,"Conferences in New York, USA in May 2027","Conferences in New York, USA in May 2027",V3_CANDIDATE,,PARTIAL_PACKET,1,3,B_DEFINED_GROUP_MOTION|C_BUYER_ORGANIZER_PATH|E_HOTEL_LODGING_EVIDENCE,STRONG,MISSING,WEAK,PRESENT,MISSING,PRESENT,https://www.clocate.com/conferences-in+new-york+may/c3QtbnkrbW8=/,,ASSOCIATION_NGO
gdi_v3_now_now_upcoming_conferences_in_new_york_december_2026_2_allconferenc,NOW_NOW,Upcoming Conferences in New York December 2026-2027,Upcoming Conferences in New York December 2026,V3_CANDIDATE,,PARTIAL_PACKET,1,3,B_DEFINED_GROUP_MOTION|C_BUYER_ORGANIZER_PATH|E_HOTEL_LODGING_EVIDENCE,STRONG,MISSING,WEAK,PRESENT,MISSING,PRESENT,https://allconferencealert.net/cities/new-york/december,,ASSOCIATION_NGO
gdi_v3_now_now_all_black_national_convention_wwwhyattcom,NOW_NOW,All Black National Convention,All Black National Convention,V3_CANDIDATE,,SIGNAL_ONLY,1,2,B_DEFINED_GROUP_MOTION|C_BUYER_ORGANIZER_PATH|D_FUTURE_DECISION_POINT|E_HOTEL_LODGING_EVIDENCE,STRONG,MISSING,WEAK,MISSING,MISSING,PRESENT,https://www.hyatt.com/events/en-US/group-booking/NEWJP/G-ABC3,,ASSOCIATION_NGO
gdi_v3_now_now_medical_congresses_hotels_hotel_rooms_congressbook,NOW_NOW,"Medical Congresses, Hotels, Hotel Rooms","Medical Congresses, Hotels, Hotel Rooms",V3_CANDIDATE,,SIGNAL_ONLY,1,2,B_DEFINED_GROUP_MOTION|C_BUYER_ORGANIZER_PATH|D_FUTURE_DECISION_POINT|E_HOTEL_LODGING_EVIDENCE,STRONG,MISSING,WEAK,MISSING,MISSING,PRESENT,https://congressbookers.com/congresses?city_id%5B%5D=50,,ASSOCIATION_NGO
gdi_v3_yotel_vol_pas_cher_cap_haitien_gen_ve_avec_go_voyages_wwwgovoyages,YOTEL,Vol pas cher Cap-Haitien - Genève avec GO Voyages,Vol pas cher Cap,V3_CANDIDATE,,SIGNAL_ONLY,1,2,B_DEFINED_GROUP_MOTION|C_BUYER_ORGANIZER_PATH|D_FUTURE_DECISION_POINT|E_HOTEL_LODGING_EVIDENCE,STRONG,MISSING,WEAK,MISSING,MISSING,PRESENT,https://www.govoyages.com/vols/cap-haitien-geneve/CAP/GVA/,,ASSOCIATION_NGO
gdi_v3_yotel_emplois_h_tellerie_collonge_bellerive_ge_chfrindeedco,YOTEL,"Emplois Hôtellerie (Collonge-Bellerive, GE)",Emplois Hôtellerie (Collonge,V3_CANDIDATE,,SIGNAL_ONLY,1,2,B_DEFINED_GROUP_MOTION|C_BUYER_ORGANIZER_PATH|D_FUTURE_DECISION_POINT|E_HOTEL_LODGING_EVIDENCE,STRONG,MISSING,WEAK,MISSING,MISSING,PRESENT,"https://ch-fr.indeed.com/q-h%C3%B4tellerie-l-collonge-bellerive,-ge-jobs.html",,ASSOCIATION_NGO
gdi_v3_yotel_appel_d_offre_services_d_h_tellerie_et_de_restau_wwwmarcheson,YOTEL,Appel d'offre Services d'hôtellerie et de restauration Isère,Appel d'offre Services d'hôtellerie et de restauration Isère,V3_CANDIDATE,,SIGNAL_ONLY,1,2,B_DEFINED_GROUP_MOTION|C_BUYER_ORGANIZER_PATH|D_FUTURE_DECISION_POINT|E_HOTEL_LODGING_EVIDENCE,STRONG,MISSING,WEAK,MISSING,MISSING,PRESENT,https://www.marchesonline.com/appels-offres/secteur/services-d-hotellerie-et-de-restauration-M73/auvergne-rhone-alpes-R82/isere-D39,,ASSOCIATION_NGO
gdi_v3_yotel_h_tel_arbatax_resort_borgo_cala_moresca_avec_loc_wwwjettoursc,YOTEL,Hôtel Arbatax Resort Borgo – Cala Moresca avec Location de ...,Hôtel Arbatax Resort Borgo – Cala Moresca avec Location de ...,V3_CANDIDATE,,SIGNAL_ONLY,1,2,B_DEFINED_GROUP_MOTION|C_BUYER_ORGANIZER_PATH|D_FUTURE_DECISION_POINT|E_HOTEL_LODGING_EVIDENCE,STRONG,MISSING,WEAK,MISSING,MISSING,PRESENT,https://www.jettours.com/p/cag-arbatax-resort-borgo-cala-moresca-4-354549,,ASSOCIATION_NGO
gdi_v3_yotel_https_recensement_app_ge_ch_fr_audit_item_2724_recensementa,YOTEL,https://recensement.app.ge.ch/fr/audit/item/2724,https,V3_CANDIDATE,,REJECTED,0,1,A_NAMED_DEMAND_ENTITY|B_DEFINED_GROUP_MOTION|C_BUYER_ORGANIZER_PATH|D_FUTURE_DECISION_POINT|E_HOTEL_LODGING_EVIDENCE,MISSING,MISSING,MISSING,MISSING,MISSING,PRESENT,https://recensement.app.ge.ch/fr/audit/item/2724,,ASSOCIATION_NGO
gdi_v3_yotel_construisons_des_logements_pour_toutes_et_tous_u_initiativesp,YOTEL,Construisons des logements pour toutes et tous: Une priorité ...,Construisons des logements pour toutes et tous,V3_CANDIDATE,,SIGNAL_ONLY,1,2,B_DEFINED_GROUP_MOTION|C_BUYER_ORGANIZER_PATH|D_FUTURE_DECISION_POINT|E_HOTEL_LODGING_EVIDENCE,STRONG,MISSING,WEAK,MISSING,MISSING,PRESENT,https://initiativespopulaires.ch/initiative/ge/construisons-des-logements-pour-toutes-et-tous-une-priorite-en-periode-de-penuri?lang=en,,ASSOCIATION_NGO
gdi_v3_yotel_march_de_prestations_h_teli_res_nukema_marchespubli,YOTEL,Marché de prestations hôtelières - Nukema,Marché de prestations hôtelières,V3_CANDIDATE,,PARTIAL_PACKET,2,4,C_BUYER_ORGANIZER_PATH|D_FUTURE_DECISION_POINT,STRONG,STRONG,WEAK,MISSING,PRESENT,PRESENT,https://marches-publics.nukema.com/seo/consultation/view/2962861/seo,,ASSOCIATION_NGO
gdi_v3_yotel_64_appels_d_offres_construction_dans_le_canton_d_tenderliftch,YOTEL,64 appels d'offres Construction dans le canton de Genève,64 appels d'offres Construction dans le canton de Genève,V3_CANDIDATE,,SIGNAL_ONLY,1,2,B_DEFINED_GROUP_MOTION|C_BUYER_ORGANIZER_PATH|D_FUTURE_DECISION_POINT|E_HOTEL_LODGING_EVIDENCE,STRONG,MISSING,WEAK,MISSING,MISSING,PRESENT,https://tenderlift.ch/fr/appels-offres/geneve/construction/,,PROJECT_CREW_EXTENDED_GROUP
gdi_v3_yotel_ver_ffentlichung_archiv_archivsimapc,YOTEL,Veröffentlichung - Archiv,Veröffentlichung,V3_CANDIDATE,,SIGNAL_ONLY,0,1,A_NAMED_DEMAND_ENTITY|B_DEFINED_GROUP_MOTION|C_BUYER_ORGANIZER_PATH|D_FUTURE_DECISION_POINT|E_HOTEL_LODGING_EVIDENCE,WEAK,MISSING,MISSING,MISSING,MISSING,PRESENT,https://archiv.simap.ch/detail/1328369,,ASSOCIATION_NGO
gdi_v3_yotel_post_de_mark_flynn_mih_frsa_frlinkedinco,YOTEL,Post de Mark Flynn MIH FRSA,Post de Mark Flynn MIH FRSA,V3_CANDIDATE,,SIGNAL_ONLY,1,2,B_DEFINED_GROUP_MOTION|C_BUYER_ORGANIZER_PATH|D_FUTURE_DECISION_POINT|E_HOTEL_LODGING_EVIDENCE,STRONG,MISSING,WEAK,MISSING,MISSING,PRESENT,https://fr.linkedin.com/posts/markanthonyflynn_le-fairmont-grand-hotel-geneva-se-pr%C3%A9pare-activity-7289634413397594112-WQ73,,ASSOCIATION_NGO
gdi_v3_yotel_2026_enwikipediao,YOTEL,2026,2026,V3_CANDIDATE,,DUPLICATE,,,,,,,,,,https://en.wikipedia.org/wiki/2026,,
gdi_v3_yotel_erc_work_programme_2027_european_commission_eceuropaeu,YOTEL,ERC Work Programme 2027 - European Commission,ERC Work Programme 2027,V3_CANDIDATE,,DUPLICATE,,,,,,,,,,https://ec.europa.eu/info/funding-tenders/opportunities/docs/2021-2027/horizon/wp-call/2027/wp_horizon-erc-2027_en.pdf,,
gdi_v3_yotel_biennale_arte_2026_homepage_2026_wwwlabiennal,YOTEL,Biennale Arte 2026 | Homepage 2026,Biennale Arte 2026,V3_CANDIDATE,,DUPLICATE,,,,,,,,,,https://www.labiennale.org/en/art/2026,,
gdi_v3_yotel_general_assembly_high_level_week_2026_wwwunorg,YOTEL,General Assembly High-level Week 2026,General Assembly High,V3_CANDIDATE,,DUPLICATE,,,,,,,,,,https://www.un.org/en/high-level-week-2026,,
gdi_v3_yotel_56_hotel_jobs_in_geneva_august_2026_wwwglassdoor,YOTEL,"56 hotel Jobs in Geneva, August 2026","56 hotel Jobs in Geneva, August 2026",V3_CANDIDATE,,DUPLICATE,,,,,,,,,,"https://www.glassdoor.com/Job/genf-hotel-jobs-SRCH_IL.0,4_IC3297162_KO5,10.htm",,
gdi_v3_yotel_finding_accommodation_in_the_canton_of_geneva_hrwebcernch,YOTEL,Finding accommodation in the canton of Geneva,Finding accommodation in the canton of Geneva,V3_CANDIDATE,,PARTIAL_PACKET,2,4,C_BUYER_ORGANIZER_PATH|D_FUTURE_DECISION_POINT,STRONG,STRONG,WEAK,MISSING,PRESENT,PRESENT,https://hr.web.cern.ch/node/1818,,ASSOCIATION_NGO
gdi_v3_yotel_recruitment_consultant_jobs_in_genf_ge_chindeedcom,YOTEL,"Recruitment Consultant Jobs in Genf, GE","Recruitment Consultant Jobs in Genf, GE",V3_CANDIDATE,,SIGNAL_ONLY,1,2,B_DEFINED_GROUP_MOTION|C_BUYER_ORGANIZER_PATH|D_FUTURE_DECISION_POINT|E_HOTEL_LODGING_EVIDENCE,STRONG,MISSING,WEAK,MISSING,MISSING,PRESENT,"https://ch.indeed.com/q-recruitment-consultant-l-geneva,-ge-jobs.html",,ASSOCIATION_NGO
gdi_v3_yotel_switzerland_travel_and_tourism_tenders_wwwglobalten,YOTEL,Switzerland Travel and Tourism Tenders,Switzerland Travel and Tourism Tenders,V3_CANDIDATE,,SIGNAL_ONLY,1,2,B_DEFINED_GROUP_MOTION|C_BUYER_ORGANIZER_PATH|D_FUTURE_DECISION_POINT|E_HOTEL_LODGING_EVIDENCE,STRONG,MISSING,WEAK,MISSING,MISSING,PRESENT,https://www.globaltenders.com/tenders-switzerland/switzerland-travel-tourism-tenders,,ASSOCIATION_NGO
gdi_v3_yotel_updated_to_50_nights_mmi_news_earlier_calculatio_wwwthreadsco,YOTEL,"Updated to 50 nights, MMI News' earlier calculation now ...","Updated to 50 nights, MMI News' earlier calculation now ...",V3_CANDIDATE,,SIGNAL_ONLY,1,2,B_DEFINED_GROUP_MOTION|C_BUYER_ORGANIZER_PATH|D_FUTURE_DECISION_POINT|E_HOTEL_LODGING_EVIDENCE,STRONG,MISSING,WEAK,MISSING,MISSING,PRESENT,https://www.threads.com/@mimimefoinfo/post/DbSihaNIIGd/updated-to-nights-mmi-news-earlier-calculation-now-places-the-estimated-cost-of/,,ASSOCIATION_NGO
gdi_v3_yotel_annual_report_the_united_nations_office_at_genev_wwwungenevao,YOTEL,annual report - The United Nations Office at Geneva,annual report,V3_CANDIDATE,,DUPLICATE,,,,,,,,,,https://www.ungeneva.org/sites/default/files/2023-07/2022-CPAG-Annual-Report_0.pdf,,
gdi_v3_yotel_protection_of_posted_workers_and_public_procurem_croceassocie,YOTEL,Protection of posted workers and public procurement ...,Protection of posted workers and public procurement ...,V3_CANDIDATE,,PARTIAL_PACKET,1,3,B_DEFINED_GROUP_MOTION|D_FUTURE_DECISION_POINT|E_HOTEL_LODGING_EVIDENCE,STRONG,MISSING,PRESENT,MISSING,MISSING,PRESENT,https://croce-associes.ch/en/public-procurement-contracts-geneva/,,PROCUREMENT_RFP
gdi_v3_yotel_could_novel_approaches_to_urban_tenure_help_to_r_wwwinternald,YOTEL,Could novel approaches to urban tenure help to reduce ...,Could novel approaches to urban tenure help to reduce ...,V3_CANDIDATE,,SIGNAL_ONLY,1,2,B_DEFINED_GROUP_MOTION|C_BUYER_ORGANIZER_PATH|D_FUTURE_DECISION_POINT|E_HOTEL_LODGING_EVIDENCE,STRONG,MISSING,WEAK,MISSING,MISSING,PRESENT,https://www.internal-displacement.org/expert-analysis/could-novel-approaches-to-urban-tenure-help-to-reduce-disaster-displacement-risk-in/,,ASSOCIATION_NGO
gdi_v3_ac_2026_wikipedia_la_enciclopedia_libre_eswikipediao,AC,"2026 - Wikipedia, la enciclopedia libre",2026,V3_CANDIDATE,,DUPLICATE,,,,,,,,,,https://es.wikipedia.org/wiki/2026,,
gdi_v3_ac_plan_anual_normativo_2026_transparenci,AC,Plan Anual Normativo 2026,Plan Anual Normativo 2026,V3_CANDIDATE,,DUPLICATE,,,,,,,,,,https://transparencia.gob.es/content/dam/transparencia_home/publicidadactiva/normativa/pan2026/PAN%202026.pdf,,
gdi_v3_ac_ayudas_para_contratos_ram_n_y_cajal_ryc_2026_wwwaeigobes,AC,Ayudas para contratos Ramón y Cajal (RYC) 2026,Ayudas para contratos Ramón y Cajal (RYC) 2026,V3_CANDIDATE,,DUPLICATE,,,,,,,,,,https://www.aei.gob.es/convocatorias/buscador-convocatorias/ayudas-contratos-ramon-cajal-ryc-2026,,
gdi_v3_ac_innterconecta_step_2026_wwwcdties,AC,INNTERCONECTA - STEP 2026,INNTERCONECTA,V3_CANDIDATE,,DUPLICATE,,,,,,,,,,https://www.cdti.es/ayudas/innterconecta-step-2026,,
gdi_v3_ac_sumario_del_boe_n_m_208_de_martes_25_de_agosto_d_wwwboees,AC,Sumario del BOE núm 208 de Martes 25 de agosto de 2026,Sumario del BOE núm 208 de Martes 25 de agosto de 2026,V3_CANDIDATE,,DUPLICATE,,,,,,,,,,https://www.boe.es/boe/dias/2026/08/25/pdfs/BOE-S-2026-208.pdf,,
gdi_v3_ac_servicio_de_alojamiento_personal_de_conduccion_e_wwwcashstalk,AC,Servicio de alojamiento personal de conduccion e ...,Servicio de alojamiento personal de conduccion e ...,V3_CANDIDATE,,PARTIAL_PACKET,2,4,C_BUYER_ORGANIZER_PATH|D_FUTURE_DECISION_POINT,STRONG,STRONG,WEAK,MISSING,PRESENT,PRESENT,https://www.cashstalker.com/licitacion/27e1ac86-94da-4bb2-b944-33c2a67366ae,,ASSOCIATION_NGO
gdi_v3_ac_cpv_servicios_de_alojamiento_y_de_oficina_contratosgob,AC,CPV: Servicios de alojamiento y de oficina,CPV,V3_CANDIDATE,,PARTIAL_PACKET,1,3,A_NAMED_DEMAND_ENTITY|C_BUYER_ORGANIZER_PATH|D_FUTURE_DECISION_POINT,MISSING,STRONG,MISSING,MISSING,PRESENT,PRESENT,https://contratos.gobierto.es/cpv/98340000,,ASSOCIATION_NGO
gdi_v3_ac_el_acceso_a_la_vivienda_sigue_generando_tensi_n__wwwinstagram,AC,El acceso a la vivienda sigue generando tensión política ...,El acceso a la vivienda sigue generando tensión política ...,V3_CANDIDATE,,SIGNAL_ONLY,1,2,B_DEFINED_GROUP_MOTION|C_BUYER_ORGANIZER_PATH|D_FUTURE_DECISION_POINT|E_HOTEL_LODGING_EVIDENCE,STRONG,MISSING,WEAK,MISSING,MISSING,PRESENT,https://www.instagram.com/p/DXbXGgAFFVR/,,ASSOCIATION_NGO
gdi_v3_ac_licitaciones_de_otros_servicios_hoteleros_p_gina_licitaciones,AC,Licitaciones de Otros servicios hoteleros - Página 4,Licitaciones de Otros servicios hoteleros,V3_CANDIDATE,,SIGNAL_ONLY,1,2,B_DEFINED_GROUP_MOTION|C_BUYER_ORGANIZER_PATH|D_FUTURE_DECISION_POINT|E_HOTEL_LODGING_EVIDENCE,STRONG,MISSING,WEAK,MISSING,MISSING,PRESENT,https://licitaciones.io/licitaciones/otros-servicios-hoteleros/4,,ASSOCIATION_NGO
gdi_v3_ac_licitaciones_nh_hoteles_espanas_a_a58511882_soph_wwwsophiaanp,AC,Licitaciones Nh hoteles espanas.a (A58511882) - Sophia,Licitaciones Nh hoteles espanas.a (A58511882),V3_CANDIDATE,,SIGNAL_ONLY,1,2,B_DEFINED_GROUP_MOTION|C_BUYER_ORGANIZER_PATH|D_FUTURE_DECISION_POINT|E_HOTEL_LODGING_EVIDENCE,STRONG,MISSING,WEAK,MISSING,MISSING,PRESENT,https://www.sophia-anphis.es/empresa-licitadora/nh-hoteles-espanas.a__A58511882,,ASSOCIATION_NGO
gdi_v3_ac_https_contrataciondelestado_es_wps_poc_uri_deepl_contratacion,AC,https://contrataciondelestado.es/wps/poc?uri=deepl...,https,V3_CANDIDATE,,REJECTED,0,1,A_NAMED_DEMAND_ENTITY|B_DEFINED_GROUP_MOTION|C_BUYER_ORGANIZER_PATH|D_FUTURE_DECISION_POINT|E_HOTEL_LODGING_EVIDENCE,MISSING,MISSING,MISSING,MISSING,MISSING,PRESENT,https://contrataciondelestado.es/wps/poc?uri=deeplink:detalle_licitacion&idEvl=jd2JdWcsQTyKeVWTb9Scog%3D%3D,,ASSOCIATION_NGO
gdi_v3_ac_servizo_de_patrimonio_e_contrataci_n_wwwdacorunag,AC,servizo de patrimonio e contratación,servizo de patrimonio e contratación,V3_CANDIDATE,,SIGNAL_ONLY,1,2,B_DEFINED_GROUP_MOTION|C_BUYER_ORGANIZER_PATH|D_FUTURE_DECISION_POINT|E_HOTEL_LODGING_EVIDENCE,STRONG,MISSING,WEAK,MISSING,MISSING,PRESENT,https://www.dacoruna.gal/index.php/download_file/13372/12664/,,ASSOCIATION_NGO
gdi_v3_ac_2026_5079_bopdacorunag,AC,2026/5079,2026/5079,V3_CANDIDATE,,DUPLICATE,,,,,,,,,,https://bop.dacoruna.gal/bopportal/publicado/2026/08/05/2026_0000005079.pdf,,
gdi_v3_ac_https_contrataciondelestado_es_wps_portal_ut_p_contratacion,AC,https://contrataciondelestado.es/wps/portal/!ut/p/...,https,V3_CANDIDATE,,REJECTED,0,1,A_NAMED_DEMAND_ENTITY|B_DEFINED_GROUP_MOTION|C_BUYER_ORGANIZER_PATH|D_FUTURE_DECISION_POINT|E_HOTEL_LODGING_EVIDENCE,MISSING,MISSING,MISSING,MISSING,MISSING,PRESENT,https://contrataciondelestado.es/wps/portal/!ut/p/z0/04_Sj9CPykssy0xPLMnMz0vMAfIjUlJTC3Iy87KtUlJLEnNyUuNzMpMzSxKTgQr0w_Sj9KMyU1zLcvQjtSudvJIMyrwqXLP8jLONS7JSU4Ldy21t9Qtycx0BCeGdwQ!!/,,ASSOCIATION_NGO
gdi_v3_ac_https_www_contratosdegalicia_es_consultaorganism_wwwcontratos,AC,https://www.contratosdegalicia.es/consultaOrganism...,https,V3_CANDIDATE,,REJECTED,0,1,A_NAMED_DEMAND_ENTITY|B_DEFINED_GROUP_MOTION|C_BUYER_ORGANIZER_PATH|D_FUTURE_DECISION_POINT|E_HOTEL_LODGING_EVIDENCE,MISSING,MISSING,MISSING,MISSING,MISSING,PRESENT,https://www.contratosdegalicia.es/consultaOrganismo.jsp?lang=gl&ID=800&N=220&OR=220,,ASSOCIATION_NGO
gdi_v3_ac_aloxamento_dos_membros_do_coro_da_osg_de_fora_de_contratacion,AC,Aloxamento dos membros do Coro da OSG de fora de A Coruña...,Aloxamento dos membros do Coro da OSG de fora de A Coruña...,V3_CANDIDATE,,SIGNAL_ONLY,1,2,B_DEFINED_GROUP_MOTION|C_BUYER_ORGANIZER_PATH|D_FUTURE_DECISION_POINT|E_HOTEL_LODGING_EVIDENCE,STRONG,MISSING,WEAK,MISSING,MISSING,PRESENT,https://contratacionabierta.es/contrato/3559047,,ASSOCIATION_NGO
gdi_v3_ac_contrato_de_subministraci_n_para_a_adquisici_n_d_wwwlicitronc,AC,"Contrato de subministración para a ""adquisición dun aloxamento ...","Contrato de subministración para a ""adquisición dun aloxamento ...",V3_CANDIDATE,,SIGNAL_ONLY,1,2,B_DEFINED_GROUP_MOTION|C_BUYER_ORGANIZER_PATH|D_FUTURE_DECISION_POINT|E_HOTEL_LODGING_EVIDENCE,STRONG,MISSING,WEAK,MISSING,MISSING,PRESENT,https://www.licitron.com/licitaciones/a-coruna/31142026contrato-de-subministracion-para-a-adqui-a6182e8f,,ASSOCIATION_NGO
gdi_v3_ac_licitaci_n_subministraci_n_do_mobiliario_do_cent_wwwconcursos,AC,Licitación: Subministración do mobiliario do Centro Integral para a ...,Licitación,V3_CANDIDATE,,SIGNAL_ONLY,0,1,A_NAMED_DEMAND_ENTITY|B_DEFINED_GROUP_MOTION|C_BUYER_ORGANIZER_PATH|D_FUTURE_DECISION_POINT|E_HOTEL_LODGING_EVIDENCE,WEAK,MISSING,MISSING,MISSING,MISSING,PRESENT,https://www.concursospublicos.com/licitaciones/detalle/26289956/subministracion-do-mobiliario-do-centro-integral-para-a-inclusion-social-cipis-lote-i-aloxamento-e-banos-lote-ii-oficinas-e-zonas-comuns-lote-iii-cocina-e-comedor-lote-2-lote-ii-oficinas-e-zonas-comuns,,PROCUREMENT_RFP
gdi_v3_ac_concello_de_bande_wwwfacebookc,AC,Concello de Bande,Concello de Bande,V3_CANDIDATE,,SIGNAL_ONLY,1,2,B_DEFINED_GROUP_MOTION|C_BUYER_ORGANIZER_PATH|D_FUTURE_DECISION_POINT|E_HOTEL_LODGING_EVIDENCE,STRONG,MISSING,WEAK,MISSING,MISSING,PRESENT,https://www.facebook.com/concellodebande/posts/%EF%B8%8F%EF%B8%8F%F0%9D%97%9F%F0%9D%97%9C%F0%9D%97%96%F0%9D%97%9C%F0%9D%97%A7%F0%9D%97%94%F0%9D%97%96%F0%9D%97%9C%C3%B3%F0%9D%97%A1-%F0%9D%97%A3%F0%9D%97%94%F0%9D%97%A5%F0%9D%97%94-%F0%9D%97%94%F0%9D%97%A5%F0%9D%97%A5%F0%9D%97%98%F0%9D%97%A1%F0%9D%97%97%F0%9D%97%94%F0%9D%97%A0%F0%9D%97%98%F0%9D%97%A1%F0%9D%97%A7%F0%9D%97%A2-%F0%9D%97%97%F0%9D%97%94-%F0%9D%97%96%F0%9D%97%94%F0%9D%97%A6%F0%9D%97%94-%F0%9D%97%97%F0%9D%97%A2-%F0%9D%97%95%F0%9D%97%94%C3%B1%F0%9D%97%A2-%F0%9D%97%96%F0%9D%97%A2%F0%9D%97%A0%F0%9D%97%A2-%F0%9D%97%94%F0%9D%97%9F%F0%9D%97%A2%F0%9D%97%AB%F0%9D%97%94%F0%9D%97%A0%F0%9D%97%98%F0%9D%97%A1%F0%9D%97%A7%F0%9D%97%A2-%F0%9D%97%A7%F0%9D%97%A8%F0%9D%97%A5%C3%AD%F0%9D%97%A6%F0%9D%97%A7%F0%9D%97%9C%F0%9D%97%96%F0%9D%97%A2xa-est%C3%A1-/1466900875475867/,,ASSOCIATION_NGO
gdi_v3_spice_home_government_wwwgovnetbs,SPICE,Home - Government,Home,V3_CANDIDATE,,SIGNAL_ONLY,1,2,A_NAMED_DEMAND_ENTITY|C_BUYER_ORGANIZER_PATH|D_FUTURE_DECISION_POINT|E_HOTEL_LODGING_EVIDENCE,MISSING,STRONG,MISSING,MISSING,MISSING,PRESENT,http://www.govnet.bs/wps/portal/public/system/terms/!ut/p/b1/vZLJkpswFEW_pT_AjUCMS-ZBCDAzbFzG2HjCuA3N9PWxM1SlknR3Fkk_rVS6V0fvPhE5kRL5Zd0fqnV3aC7r82Ofs6ulBJaBLUARiAwDTIMKOU6PoKyBuyC7CyDQsSjSPHapUAAmKZMsihhge8xXP9RdvJTvxzxLP45Dx1RUD-o-QyREamSzLTd4UNV4ZeV9qx8KtcPBOXGujkH15VkZ6rpBxzU6rOBCebm0riTPEFx6FPiLA72zmf4C1_XRCphQj9PhZHXTIhZW-6Q49mhY8MW5LKLxIlR2SWXXFq1BZWo2sra2ESrVucrYGW3ES3ZDqTm9-ljK5C0FtAWzcSn99FLj9mpN8pROhTcEhQXw0_e-wRslgo_6_iU3nQEsMCPPFj3OoFz6Fz-II-meO0YKL_MQGNwP_9uAv_P_eW6SzPzl3N8GfOBPiPzbE9_5OV8F70X8_g3cD4Hu0lh9CBhee4TE2B4rkLz02w1_mMJ7iEdM2V3AvfmGEBIhkQJ6FRynqzmfZv84-whz5tDO4kieSCsMvcSJTlNQ5g6-xRjcogHbFg4GdzpaCAsGLjU_ktJ-GOjq6ekDIKQ-G0h-NpD770BEwTvQhrbDy6TJwk8GYvafAy0iPxT187Cpn8EzYHjAkAIpUJACgAGQJuJjxgpKY4mq6e_2ScblxZYyx30Xaa8nvOygJNmvFr9DdNlxWd3tnQLPU8oqTkkbasqLYtOMTO3c-JbOGyfGZVVMQ3Cqxo098fuXZkOugZYMVDvckqW1K9hYW2xYcVwXIvtamKp7a89pkt9Qw13pUBtsrm9fak-P61hjr74re2MflGHHiZsS7MO-6uVIcM5uttgwrVWPfDAru1sgDKtGGb0Gqmh7Rh17YY1TQThGU2-Jax316F4266u-Mac_re0XoQhQtw!!/dl4/d5/L2dJQSEvUUt3QS80SmtFL1o2X1FCMFFTTDkzQTBBNTUwSUgyVDc3R1UzQ0Yw/,,ASSOCIATION_NGO
gdi_v3_spice_the_grand_bargain_official_website_iasc_interagencys,SPICE,The Grand Bargain (Official website) | IASC,The Grand Bargain (Official website),V3_CANDIDATE,,SIGNAL_ONLY,1,2,B_DEFINED_GROUP_MOTION|C_BUYER_ORGANIZER_PATH|D_FUTURE_DECISION_POINT|E_HOTEL_LODGING_EVIDENCE,STRONG,MISSING,WEAK,MISSING,MISSING,PRESENT,https://interagencystandingcommittee.org/grand-bargain,,ASSOCIATION_NGO
gdi_v3_spice_grand_mental_health_wwwgrandmhco,SPICE,GRAND Mental Health,GRAND Mental Health,V3_CANDIDATE,,SIGNAL_ONLY,1,2,B_DEFINED_GROUP_MOTION|C_BUYER_ORGANIZER_PATH|D_FUTURE_DECISION_POINT|E_HOTEL_LODGING_EVIDENCE,STRONG,MISSING,WEAK,MISSING,MISSING,PRESENT,https://www.grandmh.com/,,ASSOCIATION_NGO
gdi_v3_spice_grand_county_co_official_website_official_websit_wwwcograndco,SPICE,"Grand County, CO - Official Website | Official Website","Grand County, CO",V3_CANDIDATE,,SIGNAL_ONLY,1,2,B_DEFINED_GROUP_MOTION|C_BUYER_ORGANIZER_PATH|D_FUTURE_DECISION_POINT|E_HOTEL_LODGING_EVIDENCE,STRONG,MISSING,WEAK,MISSING,MISSING,PRESENT,https://www.co.grand.co.us/,,ASSOCIATION_NGO
gdi_v3_spice_the_grand_nightclub_events_seaport_district_bost_thegrandbost,SPICE,"The Grand | Nightclub & Events — Seaport District, Boston",The Grand,V3_CANDIDATE,,SIGNAL_ONLY,0,2,B_DEFINED_GROUP_MOTION|C_BUYER_ORGANIZER_PATH|D_FUTURE_DECISION_POINT|E_HOTEL_LODGING_EVIDENCE,PRESENT,MISSING,MISSING,MISSING,MISSING,PRESENT,https://thegrandboston.com/,,ASSOCIATION_NGO
gdi_v3_cambridge_home_government_wwwgovnetbs,CAMBRIDGE,Home - Government,Home,V3_CANDIDATE,,SIGNAL_ONLY,1,2,A_NAMED_DEMAND_ENTITY|C_BUYER_ORGANIZER_PATH|D_FUTURE_DECISION_POINT|E_HOTEL_LODGING_EVIDENCE,MISSING,STRONG,MISSING,MISSING,MISSING,PRESENT,http://www.govnet.bs/wps/portal/public/system/terms/!ut/p/b1/vVNdk6I6FPwt8wMcEggEHvkWJICACL5QKAiKKIIK8uvXqZ2te2e25lq3andOnlKnO92nT4VaURG1Oqa3XZFedqdjeni7r7iE0R1EVMQTR5NFYEAVTZm5wgAfUEsqmsY3ST6RXhWXidnlfT0otrDbzVwvxDC-LNQxlMP6oNyEpEgz3OtSWdRKnaWxnaPZpR2StmCVylTMw1Y4VhDDtuCT8rjfbrRrcErOzHaiwXSyniNnUuRLrySh2oQhKHf3TWVGvm2ewXVvoLNRggObjfx8gfqXl4f5-GEefFEi-Dkb0Ikovs02o5nHbBZj2bwMaQ-_8_8B0IHwAMiQmy1YYNHgVzZkLj_aPIfe2oFtKKrL6B79G_83gf_H11nAAWPhWqKLp7SDwLPdvPO_Fni629WniD4lQD8DgHfAf-3g4wufhpzRTwCPFOIHAH_pYYqogIoASvz9vTHGavT2eA6IQoauFXsYLHpb2S7sQB-IndmkKga4XvSk6u-k2g1EyQwiWG4WegtJlDQXxOMzQfa7BfE3Cwr0Xxf8-FUk7rsF__wOTWq1W9ev_aZ-Ba88x0MAOJ6HNGZYRqBCM65Y5WSLqhhs5xexAVgLVAN1sqKbw1q_V1mpENeSMTxIoRZloGtxM5xyQyr3o7OV2LPDIB1FF6SVgkeQkLWtOu9Rft7q58iPsHy6TGbnNmCmN2TekdM43Vpse27LNziKTL6j7yqTpcbm9ELZ01Odf3TMCQLkOIGnOQbTLIffHN-x3JmipvqJuVmCa-iuvXbuD36b-qS_XhtJqLRxM3GzPN6Hx7GTDAvnTHqppXhGQ2WTxPt9Lafs6ItNzDqCaDvXHZNPFeJH0L8uJ_35FhRcNKBsyrtS17F56grN3HEnSwLXFze0eHVFp5C03JoV48QscfdCNfVt9iiL81SPh_86TFn8AKtiop0!/dl4/d5/L2dJQSEvUUt3QS80SmtFL1o2X1FCMFFTTDkzQTBBNTUwSUgyVDc3R1UzQ0Yw/,,ASSOCIATION_NGO
gdi_v3_cambridge_somerset_county_home_wwwsomersetc,CAMBRIDGE,Somerset County | Home,Somerset County,V3_CANDIDATE,,SIGNAL_ONLY,0,2,B_DEFINED_GROUP_MOTION|C_BUYER_ORGANIZER_PATH|D_FUTURE_DECISION_POINT|E_HOTEL_LODGING_EVIDENCE,PRESENT,MISSING,MISSING,MISSING,MISSING,PRESENT,https://www.somersetcountynj.gov/,,ASSOCIATION_NGO
gdi_v3_cambridge_somerset_enwikipediao,CAMBRIDGE,Somerset,Somerset,V3_CANDIDATE,,SIGNAL_ONLY,0,1,A_NAMED_DEMAND_ENTITY|B_DEFINED_GROUP_MOTION|C_BUYER_ORGANIZER_PATH|D_FUTURE_DECISION_POINT|E_HOTEL_LODGING_EVIDENCE,WEAK,MISSING,MISSING,MISSING,MISSING,PRESENT,https://en.wikipedia.org/wiki/Somerset,,ASSOCIATION_NGO
gdi_v3_cambridge_welcome_to_the_town_of_somerset_md_wwwtownofsom,CAMBRIDGE,"Welcome to the Town of Somerset, MD","Welcome to the Town of Somerset, MD",V3_CANDIDATE,,SIGNAL_ONLY,1,2,B_DEFINED_GROUP_MOTION|C_BUYER_ORGANIZER_PATH|D_FUTURE_DECISION_POINT|E_HOTEL_LODGING_EVIDENCE,STRONG,MISSING,WEAK,MISSING,MISSING,PRESENT,https://www.townofsomersetmd.gov/,,ASSOCIATION_NGO
gdi_v3_cambridge_city_of_somerset_tx_home_wwwsomersett,CAMBRIDGE,"City of Somerset, TX: Home","City of Somerset, TX",V3_CANDIDATE,,SIGNAL_ONLY,1,2,B_DEFINED_GROUP_MOTION|C_BUYER_ORGANIZER_PATH|D_FUTURE_DECISION_POINT|E_HOTEL_LODGING_EVIDENCE,STRONG,MISSING,WEAK,MISSING,MISSING,PRESENT,https://www.somersettx.gov/,,ASSOCIATION_NGO
gdi_v3_cambridge_sos_to_take_legal_action_against_govt_wwwroyalgaze,CAMBRIDGE,SOS to take legal action against Govt.,SOS to take legal action against Govt.,V3_CANDIDATE,,SIGNAL_ONLY,1,2,B_DEFINED_GROUP_MOTION|C_BUYER_ORGANIZER_PATH|D_FUTURE_DECISION_POINT|E_HOTEL_LODGING_EVIDENCE,STRONG,MISSING,WEAK,MISSING,MISSING,PRESENT,https://www.royalgazette.com/other/news/article/20110208/sos-to-take-legal-action-against-govt/,,ASSOCIATION_NGO
gdi_v3_cambridge_spurs_home_to_spur_on_nfl_matchups_coliseum_wwwcoliseumo,CAMBRIDGE,Spurs home to 'spur' on NFL matchups - Coliseum,Spurs home to 'spur' on NFL matchups,V3_CANDIDATE,,SIGNAL_ONLY,1,2,B_DEFINED_GROUP_MOTION|C_BUYER_ORGANIZER_PATH|D_FUTURE_DECISION_POINT|E_HOTEL_LODGING_EVIDENCE,STRONG,MISSING,WEAK,MISSING,MISSING,PRESENT,https://www.coliseum-online.com/spurs-home-to-spur-on-nfl-matchups/,,ASSOCIATION_NGO
gdi_v3_cambridge_skyport_visit_bermuda_by_north_south_net_inc_issuucom,CAMBRIDGE,"Skyport Visit Bermuda by North South Net, Inc.","Skyport Visit Bermuda by North South Net, Inc.",V3_CANDIDATE,,SIGNAL_ONLY,1,2,B_DEFINED_GROUP_MOTION|C_BUYER_ORGANIZER_PATH|D_FUTURE_DECISION_POINT|E_HOTEL_LODGING_EVIDENCE,STRONG,MISSING,WEAK,MISSING,MISSING,PRESENT,https://issuu.com/northsouthnet4/docs/skyport_visit_bermuda,,ASSOCIATION_NGO
gdi_v3_now_now_construction_work_for_hotel_tenders_wwwtendersin,NOW_NOW,construction work for hotel Tenders,construction work for hotel Tenders,V3_CANDIDATE,,SIGNAL_ONLY,0,1,A_NAMED_DEMAND_ENTITY|B_DEFINED_GROUP_MOTION|C_BUYER_ORGANIZER_PATH|D_FUTURE_DECISION_POINT|E_HOTEL_LODGING_EVIDENCE,WEAK,MISSING,MISSING,MISSING,MISSING,PRESENT,https://www.tendersinfo.com/global-hotel-tenders.php,,PROJECT_CREW_EXTENDED_GROUP
gdi_v3_now_now_hotel_services_rfp_bids_and_government_contracts_wwwglobalten,NOW_NOW,"Hotel Services RFP, bids and Government Contracts","Hotel Services RFP, bids and Government Contracts",V3_CANDIDATE,,COMPLETE_PLAUSIBLE,2,5,C_BUYER_ORGANIZER_PATH,STRONG,STRONG,WEAK,PRESENT,PRESENT,PRESENT,https://www.globaltenders.com/rfp-us/hotel-services-bids,,PROCUREMENT_RFP
gdi_v3_now_now_hiring_of_hotel_tenders_2026_find_opportunities__wwwbiddetail,NOW_NOW,Hiring Of Hotel Tenders 2026 - Find Opportunities Worldwide,Hiring Of Hotel Tenders 2026,V3_CANDIDATE,,DUPLICATE,,,,,,,,,,https://www.biddetail.com/global-tenders/hiring-of-hotel-tenders,,
gdi_v3_now_now_contracting_opportunities_new_york_state_contrac_wwwnyscrnygo,NOW_NOW,Contracting Opportunities - New York State Contract Reporter,Contracting Opportunities,V3_CANDIDATE,,SIGNAL_ONLY,0,2,B_DEFINED_GROUP_MOTION|C_BUYER_ORGANIZER_PATH|D_FUTURE_DECISION_POINT|E_HOTEL_LODGING_EVIDENCE,PRESENT,MISSING,MISSING,MISSING,MISSING,PRESENT,https://www.nyscr.ny.gov/Ads/Search,,ASSOCIATION_NGO
gdi_v3_now_now_usaspending_gov_wwwusaspendi,NOW_NOW,USAspending.gov,USAspending.gov,V3_CANDIDATE,,SIGNAL_ONLY,0,1,A_NAMED_DEMAND_ENTITY|B_DEFINED_GROUP_MOTION|C_BUYER_ORGANIZER_PATH|D_FUTURE_DECISION_POINT|E_HOTEL_LODGING_EVIDENCE,WEAK,MISSING,MISSING,MISSING,MISSING,PRESENT,https://www.usaspending.gov/recipient/6a045c1f-cc78-c9c9-5e4a-861edd386618-C/latest,,ASSOCIATION_NGO
gdi_v3_now_now_jdhq_hotels_llc_federal_award_recipient_profile_wwwusaspendi,NOW_NOW,JDHQ HOTELS LLC | Federal Award Recipient Profile,JDHQ HOTELS LLC,V3_CANDIDATE,,SIGNAL_ONLY,1,2,B_DEFINED_GROUP_MOTION|C_BUYER_ORGANIZER_PATH|D_FUTURE_DECISION_POINT|E_HOTEL_LODGING_EVIDENCE,STRONG,MISSING,WEAK,MISSING,MISSING,PRESENT,https://www.usaspending.gov/recipient/1e6a33f2-4799-30e2-98bb-958a1822bc83-C/latest,,ASSOCIATION_NGO
gdi_v3_now_now_lodgingservices_bid_network_where_the_lodgingser_lodgingservi,NOW_NOW,Lodgingservices Bid Network | Where the lodgingservices ...,Lodgingservices Bid Network,V3_CANDIDATE,,SIGNAL_ONLY,1,2,B_DEFINED_GROUP_MOTION|C_BUYER_ORGANIZER_PATH|D_FUTURE_DECISION_POINT|E_HOTEL_LODGING_EVIDENCE,STRONG,MISSING,WEAK,MISSING,MISSING,PRESENT,https://lodgingservices.link/,,ASSOCIATION_NGO
gdi_v3_now_now_bi_monthly_reports_reportsethic,NOW_NOW,bi-monthly reports,bi,V3_CANDIDATE,,REJECTED,0,1,A_NAMED_DEMAND_ENTITY|B_DEFINED_GROUP_MOTION|C_BUYER_ORGANIZER_PATH|D_FUTURE_DECISION_POINT|E_HOTEL_LODGING_EVIDENCE,MISSING,MISSING,MISSING,MISSING,MISSING,PRESENT,https://reports.ethics.ny.gov/publicquery/ViewFiling/BIMOPDF/NjkxMTI30,,ASSOCIATION_NGO
gdi_v3_now_now_2023110900713003_acris_a836acrisnyc,NOW_NOW,2023110900713003 - ACRIS,2023110900713003,V3_CANDIDATE,,SIGNAL_ONLY,0,1,A_NAMED_DEMAND_ENTITY|B_DEFINED_GROUP_MOTION|C_BUYER_ORGANIZER_PATH|D_FUTURE_DECISION_POINT|E_HOTEL_LODGING_EVIDENCE,WEAK,MISSING,MISSING,MISSING,MISSING,PRESENT,https://a836-acris.nyc.gov/DS/DocumentSearch/DocumentDetail?doc_id=2023110900713003,,ASSOCIATION_NGO
gdi_v3_yotel_j_172_les_10_11_octobre_2026_afim_health_organis_wwwinstagram,YOTEL,"J – 172 Les 10 & 11 octobre 2026, AFIM Health organise à ...","J – 172 Les 10 & 11 octobre 2026, AFIM Health organise à ...",V3_CANDIDATE,,PARTIAL_PACKET,1,3,B_DEFINED_GROUP_MOTION|C_BUYER_ORGANIZER_PATH|E_HOTEL_LODGING_EVIDENCE,STRONG,MISSING,WEAK,PRESENT,MISSING,PRESENT,https://www.instagram.com/p/DXY7vBLDVIR/,,ASSOCIATION_NGO
gdi_v3_yotel_d_couvrez_les_partenaires_du_geneva_oncomics_sum_wwwinstagram,YOTEL,Découvrez les partenaires du Geneva OnComics Summit ...,Découvrez les partenaires du Geneva OnComics Summit ...,V3_CANDIDATE,,SIGNAL_ONLY,1,2,B_DEFINED_GROUP_MOTION|C_BUYER_ORGANIZER_PATH|D_FUTURE_DECISION_POINT|E_HOTEL_LODGING_EVIDENCE,STRONG,MISSING,WEAK,MISSING,MISSING,PRESENT,https://www.instagram.com/p/DcBDINWDXc8/,,ASSOCIATION_NGO
gdi_v3_yotel_congr_s_ice_waterloo_wwwfacebookc,YOTEL,Congrès ICE | Waterloo,Congrès ICE,V3_CANDIDATE,,PARTIAL_PACKET,0,3,C_BUYER_ORGANIZER_PATH|D_FUTURE_DECISION_POINT|E_HOTEL_LODGING_EVIDENCE,PRESENT,PRESENT,MISSING,MISSING,MISSING,PRESENT,https://www.facebook.com/icecongres/?locale=az_AZ,,ASSOCIATION_NGO
gdi_v3_yotel_forum_mondial_sur_l_autonomisation_des_jeunes_10timescom,YOTEL,Forum mondial sur l'autonomisation des jeunes,Forum mondial sur l'autonomisation des jeunes,V3_CANDIDATE,,SIGNAL_ONLY,1,2,B_DEFINED_GROUP_MOTION|C_BUYER_ORGANIZER_PATH|D_FUTURE_DECISION_POINT|E_HOTEL_LODGING_EVIDENCE,STRONG,MISSING,WEAK,MISSING,MISSING,PRESENT,https://10times.com/fr/e1h2-920d-sfrz-x,,ASSOCIATION_NGO
gdi_v3_yotel_la_saison_2026_2027_des_conf_rences_du_lundi_est_wwwinstagram,YOTEL,La saison 2026–2027 des Conférences du lundi est ...,La saison 2026–2027 des Conférences du lundi est ...,V3_CANDIDATE,,PARTIAL_PACKET,1,3,B_DEFINED_GROUP_MOTION|C_BUYER_ORGANIZER_PATH|E_HOTEL_LODGING_EVIDENCE,STRONG,MISSING,WEAK,PRESENT,MISSING,PRESENT,https://www.instagram.com/p/DceiEgRF2Yp/,,ASSOCIATION_NGO
gdi_v3_yotel_opening_of_the_2026_2027_season_wwwgenevecom,YOTEL,Opening of the 2026–2027 Season,Opening of the 2026–2027 Season,V3_CANDIDATE,,PARTIAL_PACKET,1,3,B_DEFINED_GROUP_MOTION|C_BUYER_ORGANIZER_PATH|E_HOTEL_LODGING_EVIDENCE,STRONG,MISSING,WEAK,PRESENT,MISSING,PRESENT,https://www.geneve.com/en/events/opening-of-the-2026-2027-season?chatbase=true&cHash=d73bc7b4b9f4ad802af06226946d470c,,ASSOCIATION_NGO
gdi_v3_yotel_events_from_january_26_april_14_cwf_official_web_wwwcwfch,YOTEL,Events from January 26 – April 14 – CWF Official Website,Events from January 26 – April 14 – CWF Official Website,V3_CANDIDATE,,PARTIAL_PACKET,1,3,B_DEFINED_GROUP_MOTION|C_BUYER_ORGANIZER_PATH|E_HOTEL_LODGING_EVIDENCE,STRONG,MISSING,WEAK,PRESENT,MISSING,PRESENT,https://www.cwf.ch/events/list/?tribe-bar-date=2026-01-01,,ASSOCIATION_NGO
gdi_v3_yotel_autisme_gen_ve_wwwfacebookc,YOTEL,Autisme Genève,Autisme Genève,V3_CANDIDATE,,SIGNAL_ONLY,0,2,B_DEFINED_GROUP_MOTION|C_BUYER_ORGANIZER_PATH|D_FUTURE_DECISION_POINT|E_HOTEL_LODGING_EVIDENCE,PRESENT,MISSING,MISSING,MISSING,MISSING,PRESENT,https://www.facebook.com/autismegeneve/posts/la-saison-20262027-des-conf%C3%A9rences-du-lundi-est-ouverte-aux-inscriptions-%EF%B8%8Fcette-/1647948984036139/,,ASSOCIATION_NGO
gdi_v3_ac_hoteles_2_estrellas_superior_en_galicia_galicia_wwwturismoga,AC,Hoteles 2 estrellas superior en Galicia - GALICIA,Hoteles 2 estrellas superior en Galicia,V3_CANDIDATE,,SIGNAL_ONLY,1,2,B_DEFINED_GROUP_MOTION|C_BUYER_ORGANIZER_PATH|D_FUTURE_DECISION_POINT|E_HOTEL_LODGING_EVIDENCE,STRONG,MISSING,WEAK,MISSING,MISSING,PRESENT,https://www.turismo.gal/localizador-de-recursos/-/sit/donde-alojarse/hoteles/2-estrellas-superior/galicia?langId=es_ES,,ASSOCIATION_NGO
gdi_v3_ac_neumolog_a_europeo_congreso_separ_2026_infosaludrdc,AC,Neumología Europeo – Congreso SEPAR 2026 -,Neumología Europeo – Congreso SEPAR 2026,V3_CANDIDATE,,PARTIAL_PACKET,1,4,C_BUYER_ORGANIZER_PATH|E_HOTEL_LODGING_EVIDENCE,STRONG,PRESENT,WEAK,PRESENT,MISSING,PRESENT,https://infosaludrd.com/neumologia-europeo-congreso-separ-2026,,ASSOCIATION_NGO
gdi_v3_ac_buscar_empleo_791_ofertas_de_trabajo_de_indefini_jobtodaycom,AC,Buscar empleo: 791 ofertas de trabajo de indefinido en ...,Buscar empleo,V3_CANDIDATE,,SIGNAL_ONLY,0,2,B_DEFINED_GROUP_MOTION|C_BUYER_ORGANIZER_PATH|D_FUTURE_DECISION_POINT|E_HOTEL_LODGING_EVIDENCE,PRESENT,MISSING,MISSING,MISSING,MISSING,PRESENT,https://jobtoday.com/es/trabajos-indefinido/cambre,,ASSOCIATION_NGO
gdi_v3_ac_ya_est_abierta_la_convocatoria_de_las_becas_de_m_wwwinstagram,AC,¡Ya está abierta la convocatoria de las Becas de Movilidad ...,¡Ya está abierta la convocatoria de las Becas de Movilidad ...,V3_CANDIDATE,,SIGNAL_ONLY,1,2,B_DEFINED_GROUP_MOTION|C_BUYER_ORGANIZER_PATH|D_FUTURE_DECISION_POINT|E_HOTEL_LODGING_EVIDENCE,STRONG,MISSING,WEAK,MISSING,MISSING,PRESENT,https://www.instagram.com/p/DaPjUgSiPpq/,,ASSOCIATION_NGO
gdi_v3_ac_a_coru_a_se_presenta_ante_organizadores_internac_wwwlaopinion,AC,A Coruña se presenta ante organizadores internacionales ...,A Coruña se presenta ante organizadores internacionales ...,V3_CANDIDATE,,PARTIAL_PACKET,1,3,B_DEFINED_GROUP_MOTION|C_BUYER_ORGANIZER_PATH|E_HOTEL_LODGING_EVIDENCE,STRONG,MISSING,WEAK,PRESENT,MISSING,PRESENT,https://www.laopinioncoruna.es/coruna/2026/09/28/coruna-presenta-organizadores-internacionales-atraer-134774777.html,,ASSOCIATION_NGO
gdi_v3_ac_a_coru_a_se_presenta_ante_organizadores_internac_wwwelidealga,AC,A Coruña se presenta ante organizadores internacionales ...,A Coruña se presenta ante organizadores internacionales ...,V3_CANDIDATE,,PARTIAL_PACKET,1,3,B_DEFINED_GROUP_MOTION|C_BUYER_ORGANIZER_PATH|E_HOTEL_LODGING_EVIDENCE,STRONG,MISSING,WEAK,PRESENT,MISSING,PRESENT,https://www.elidealgallego.com/a-coruna/2026-09-28/a-coruna-se-presenta-ante-organizadores-internacionales-para-atraer-nuevos-congresos-y-eventos-a-la-ciudad-881759.html,,ASSOCIATION_NGO
gdi_v3_ac_a_coru_a_reuni_a_80_profesionales_internacionale_tur43es,AC,A Coruña reunió a 80 profesionales internacionales para ...,A Coruña reunió a 80 profesionales internacionales para ...,V3_CANDIDATE,,SIGNAL_ONLY,1,2,B_DEFINED_GROUP_MOTION|C_BUYER_ORGANIZER_PATH|D_FUTURE_DECISION_POINT|E_HOTEL_LODGING_EVIDENCE,STRONG,MISSING,WEAK,MISSING,MISSING,PRESENT,https://tur43.es/eventos/a-coruna-reunio-a-80-profesionales-internacionales-para-atraer-nuevos-congresos-y-eventos.html,,ASSOCIATION_NGO
gdi_v3_ac_a_coru_a_acoge_estos_d_as_el_mis_internacional_2_wwwinstagram,AC,"✨💼 A Coruña acoge estos días el MIS Internacional 2026, ...","✨💼 A Coruña acoge estos días el MIS Internacional 2026, ...",V3_CANDIDATE,,PARTIAL_PACKET,1,3,B_DEFINED_GROUP_MOTION|C_BUYER_ORGANIZER_PATH|E_HOTEL_LODGING_EVIDENCE,STRONG,MISSING,WEAK,PRESENT,MISSING,PRESENT,https://www.instagram.com/p/Dd1JAnOGFTh/,,ASSOCIATION_NGO
gdi_v3_now_now_hyatt_place_flushing_laguardia_airport_usrsocietyor,NOW_NOW,Hyatt Place Flushing/Laguardia Airport,Hyatt Place Flushing/Laguardia Airport,V3_CANDIDATE,,PARTIAL_PACKET,1,3,C_BUYER_ORGANIZER_PATH|D_FUTURE_DECISION_POINT|E_HOTEL_LODGING_EVIDENCE,STRONG,PRESENT,WEAK,MISSING,MISSING,PRESENT,https://usrsociety.org/Conference/17073/ICESPCD/venue,,ASSOCIATION_NGO
gdi_v3_now_now_https_gc_synxis_com_rez_aspx_hotel_74710_chain_2_gcsynxiscom,NOW_NOW,https://gc.synxis.com/rez.aspx?Hotel=74710&Chain=2...,https,V3_CANDIDATE,,REJECTED,0,1,A_NAMED_DEMAND_ENTITY|B_DEFINED_GROUP_MOTION|C_BUYER_ORGANIZER_PATH|D_FUTURE_DECISION_POINT|E_HOTEL_LODGING_EVIDENCE,MISSING,MISSING,MISSING,MISSING,MISSING,PRESENT,https://gc.synxis.com/rez.aspx?Hotel=74710&Chain=21025&group=1708AMERIC,,ASSOCIATION_NGO
gdi_v3_now_now_https_guides_nyu_edu_arch_nyu04390_guidesnyuedu,NOW_NOW,https://guides.nyu.edu/arch/NYU04390,https,V3_CANDIDATE,,REJECTED,0,1,A_NAMED_DEMAND_ENTITY|B_DEFINED_GROUP_MOTION|C_BUYER_ORGANIZER_PATH|D_FUTURE_DECISION_POINT|E_HOTEL_LODGING_EVIDENCE,MISSING,MISSING,MISSING,MISSING,MISSING,PRESENT,https://guides.nyu.edu/arch/NYU04390,,ASSOCIATION_NGO
gdi_v3_now_now_conference_venue_efstmcom,NOW_NOW,Conference Venue,Conference Venue,V3_CANDIDATE,,PARTIAL_PACKET,0,3,C_BUYER_ORGANIZER_PATH|D_FUTURE_DECISION_POINT|E_HOTEL_LODGING_EVIDENCE,PRESENT,PRESENT,MISSING,MISSING,MISSING,PRESENT,https://efstm.com/event/venue.php?id=100868857,,ASSOCIATION_NGO
gdi_v3_now_now_nuu_shift_2026_conference_wwwmayfairho,NOW_NOW,NUU SHIFT 2026 Conference,NUU SHIFT 2026 Conference,V3_CANDIDATE,,PARTIAL_PACKET,1,4,C_BUYER_ORGANIZER_PATH|E_HOTEL_LODGING_EVIDENCE,STRONG,PRESENT,WEAK,PRESENT,MISSING,PRESENT,https://www.mayfairhotelnyc.com/events/new-york/nuu-shift-2026-conference-12724773,,ASSOCIATION_NGO
gdi_v3_now_now_now_now_noho_new_york_city_wwwroomertra,NOW_NOW,"Now Now NoHo, New York City","Now Now NoHo, New York City",V3_CANDIDATE,,PARTIAL_PACKET,2,4,C_BUYER_ORGANIZER_PATH|D_FUTURE_DECISION_POINT,STRONG,STRONG,WEAK,MISSING,PRESENT,PRESENT,https://www.roomertravel.com/fr/hotels/now-now-noho.h1501944,,ASSOCIATION_NGO
gdi_v3_spice_spice_island_beach_resort_redefines_corporate_ga_caribbeantou,SPICE,Spice Island Beach Resort Redefines Corporate Gatherings,Spice Island Beach Resort Redefines Corporate Gatherings,V3_CANDIDATE,,SIGNAL_ONLY,1,2,B_DEFINED_GROUP_MOTION|C_BUYER_ORGANIZER_PATH|D_FUTURE_DECISION_POINT|E_HOTEL_LODGING_EVIDENCE,STRONG,MISSING,WEAK,MISSING,MISSING,PRESENT,https://caribbeantourismauthority.com/spice-island-beach-resort-redefines-corporate-gatherings/,,CORPORATE
gdi_v3_spice_grenada_tourism_authority_targets_high_yield_gro_wwwpuregrena,SPICE,Grenada Tourism Authority Targets High-Yield Growth and ...,Grenada Tourism Authority Targets High,V3_CANDIDATE,,SIGNAL_ONLY,1,2,B_DEFINED_GROUP_MOTION|C_BUYER_ORGANIZER_PATH|D_FUTURE_DECISION_POINT|E_HOTEL_LODGING_EVIDENCE,STRONG,MISSING,WEAK,MISSING,MISSING,PRESENT,https://www.puregrenada.com/grenada-tourism-authority-targets-high-yield-growth-and-mice-opportunities-in-guyana/,,ASSOCIATION_NGO
gdi_v3_spice_st_george_s_grenada_hotels_page_2_wwwtravelage,SPICE,"St George's, Grenada Hotels- Page 2","St George's, Grenada Hotels",V3_CANDIDATE,,PARTIAL_PACKET,2,4,C_BUYER_ORGANIZER_PATH|D_FUTURE_DECISION_POINT,STRONG,STRONG,WEAK,MISSING,PRESENT,PRESENT,https://www.travelagewest.com/Hotels/St-Georges-Grenada?v=D&pg=2,,ASSOCIATION_NGO
gdi_v3_spice_six_senses_la_sagesse_grenada_wwwcventcom,SPICE,Six Senses La Sagesse Grenada,Six Senses La Sagesse Grenada,V3_CANDIDATE,,DUPLICATE,,,,,,,,,,https://www.cvent.com/venues/st-david/resort/six-senses-la-sagesse-grenada/venue-27e4aa0c-073f-464f-85ea-281f9d06625f,,
gdi_v3_spice_grand_anse_grenada_area_hotels_page_3_wwwtravelwee,SPICE,"Grand Anse, Grenada Area Hotels- Page 3","Grand Anse, Grenada Area Hotels",V3_CANDIDATE,,PARTIAL_PACKET,2,4,C_BUYER_ORGANIZER_PATH|D_FUTURE_DECISION_POINT,STRONG,STRONG,WEAK,MISSING,PRESENT,PRESENT,https://www.travelweekly-asia.com/hotels/grand-anse-grenada?v=D&pg=3,,ASSOCIATION_NGO
gdi_v3_spice_lavish_all_inclusive_this_will_be_the_2nd_instal_wwwfacebookc,SPICE,Lavish All Inclusive This will be the 2nd installment of ...,Lavish All Inclusive This will be the 2nd installment of ...,V3_CANDIDATE,,SIGNAL_ONLY,1,2,B_DEFINED_GROUP_MOTION|C_BUYER_ORGANIZER_PATH|D_FUTURE_DECISION_POINT|E_HOTEL_LODGING_EVIDENCE,STRONG,MISSING,WEAK,MISSING,MISSING,PRESENT,https://www.facebook.com/HiltonTrinidad/posts/lavish-all-inclusivethis-will-be-the-2nd-installment-of-lavish-all-inclusive-on-/10162990225070594/,,ASSOCIATION_NGO
gdi_v3_spice_exhibitor_directory_iltm_north_america_test18rxdepl,SPICE,Exhibitor Directory | ILTM North America,Exhibitor Directory,V3_CANDIDATE,,SIGNAL_ONLY,0,2,B_DEFINED_GROUP_MOTION|C_BUYER_ORGANIZER_PATH|D_FUTURE_DECISION_POINT|E_HOTEL_LODGING_EVIDENCE,PRESENT,MISSING,MISSING,MISSING,MISSING,PRESENT,https://test18.rx-deployment.net/en-gb/exhibitor-directory.html,,ASSOCIATION_NGO
gdi_v3_spice_exhibitor_list_wwwiftmfr,SPICE,Exhibitor list,Exhibitor list,V3_CANDIDATE,,SIGNAL_ONLY,0,2,B_DEFINED_GROUP_MOTION|C_BUYER_ORGANIZER_PATH|D_FUTURE_DECISION_POINT|E_HOTEL_LODGING_EVIDENCE,PRESENT,MISSING,MISSING,MISSING,MISSING,PRESENT,https://www.iftm.fr/en-gb/show/exhibitors.html?page=7,,ASSOCIATION_NGO
gdi_v3_spice_luxury_travel_advisor_december_2024_pdf_wwwscribdcom,SPICE,Luxury Travel Advisor - December 2024 | PDF,Luxury Travel Advisor,V3_CANDIDATE,,SIGNAL_ONLY,1,2,B_DEFINED_GROUP_MOTION|C_BUYER_ORGANIZER_PATH|D_FUTURE_DECISION_POINT|E_HOTEL_LODGING_EVIDENCE,STRONG,MISSING,WEAK,MISSING,MISSING,PRESENT,https://www.scribd.com/document/854133274/Luxury-Travel-Advisor-December-2024,,ASSOCIATION_NGO
gdi_v3_cambridge_trips_to_great_bermuda_deals_may_logitravel_wwwlogitrave,CAMBRIDGE,Trips to Great Bermuda | Deals May - Logitravel,Trips to Great Bermuda,V3_CANDIDATE,,SIGNAL_ONLY,1,2,B_DEFINED_GROUP_MOTION|C_BUYER_ORGANIZER_PATH|D_FUTURE_DECISION_POINT|E_HOTEL_LODGING_EVIDENCE,STRONG,MISSING,WEAK,MISSING,MISSING,PRESENT,https://www.logitravel.eu/holidays/america/bermuda/great-bermuda/may/,,ASSOCIATION_NGO
gdi_v3_cambridge_trips_to_great_bermuda_deals_deals_logitravel_wwwlogitrave,CAMBRIDGE,Trips to Great Bermuda | Deals Deals - Logitravel,Trips to Great Bermuda,V3_CANDIDATE,,SIGNAL_ONLY,1,2,B_DEFINED_GROUP_MOTION|C_BUYER_ORGANIZER_PATH|D_FUTURE_DECISION_POINT|E_HOTEL_LODGING_EVIDENCE,STRONG,MISSING,WEAK,MISSING,MISSING,PRESENT,https://www.logitravel.eu/holidays/america/bermuda/great-bermuda/deals/,,ASSOCIATION_NGO
gdi_v3_cambridge_bermuda_holiday_package_results_vacationsbon,CAMBRIDGE,Bermuda Holiday Package Results,Bermuda Holiday Package Results,V3_CANDIDATE,,DUPLICATE,,,,,,,,,,https://vacations.bonvoyaga.com/holidays?destinations[0]=BERMUDA&from=YYZ&rooms[0][adults]=2&duration=7&travelMonths[0]=2026-12,,
gdi_v3_cambridge_your_curated_bermuda_festivals_and_events_calend_wwwstayinber,CAMBRIDGE,Your curated Bermuda festivals and events calendar for ...,Your curated Bermuda festivals and events calendar for ...,V3_CANDIDATE,,SIGNAL_ONLY,1,2,B_DEFINED_GROUP_MOTION|C_BUYER_ORGANIZER_PATH|D_FUTURE_DECISION_POINT|E_HOTEL_LODGING_EVIDENCE,STRONG,MISSING,WEAK,MISSING,MISSING,PRESENT,https://www.stay-in-bermuda.com/your-curated-bermuda-festivals-and-events-calendar-for-inspired-hotel-stays,,ASSOCIATION_NGO
gdi_v3_cambridge_willowbank_resort_5_0_eco_hotel_hamilton_bermuda_imptio,CAMBRIDGE,"Willowbank Resort (5.0★) Eco-Hotel Hamilton, Bermuda",Willowbank Resort (5.0★) Eco,V3_CANDIDATE,,SIGNAL_ONLY,1,2,B_DEFINED_GROUP_MOTION|C_BUYER_ORGANIZER_PATH|D_FUTURE_DECISION_POINT|E_HOTEL_LODGING_EVIDENCE,STRONG,MISSING,WEAK,MISSING,MISSING,PRESENT,https://impt.io/green-hotels/bermuda/hamilton/willowbank-resort/,,ASSOCIATION_NGO
gdi_v3_cambridge_bermuda_meeting_facilities_convention_centers_in_wwwmeetingsc,CAMBRIDGE,Bermuda Meeting Facilities- Convention Centers in Bermuda,Bermuda Meeting Facilities,V3_CANDIDATE,,SIGNAL_ONLY,1,2,B_DEFINED_GROUP_MOTION|C_BUYER_ORGANIZER_PATH|D_FUTURE_DECISION_POINT|E_HOTEL_LODGING_EVIDENCE,STRONG,MISSING,WEAK,MISSING,MISSING,PRESENT,https://www.meetings-conventions.com/Meeting-Event-Venues/Bermuda/Convention-Centers?pg=2,,ASSOCIATION_NGO
gdi_v3_cambridge_event_space_hotels_in_paget_parish_bermuda_wwwmeetingsc,CAMBRIDGE,"Event Space & Hotels in Paget Parish, Bermuda","Event Space & Hotels in Paget Parish, Bermuda",V3_CANDIDATE,,PARTIAL_PACKET,2,4,C_BUYER_ORGANIZER_PATH|D_FUTURE_DECISION_POINT,STRONG,STRONG,WEAK,MISSING,PRESENT,PRESENT,https://www.meetings-conventions-asia.com/Meeting-Event-Venues/Paget-Parish-Bermuda/Hotels,,ASSOCIATION_NGO
gdi_v3_cambridge_hotels_in_bermuda_localbermuda,CAMBRIDGE,Hotels in Bermuda,Hotels in Bermuda,V3_CANDIDATE,,PARTIAL_PACKET,2,4,C_BUYER_ORGANIZER_PATH|D_FUTURE_DECISION_POINT,STRONG,STRONG,WEAK,MISSING,PRESENT,PRESENT,"https://local.bermuda.com/somerset,bm/hotels",,ASSOCIATION_NGO
gdi_v3_yotel_conference_venue_sponsors_lodging_motion_wwwresearchf,YOTEL,Conference Venue — sponsors lodging motion,Conference Venue,V3_CANDIDATE,,PARTIAL_PACKET,0,3,C_BUYER_ORGANIZER_PATH|D_FUTURE_DECISION_POINT|E_HOTEL_LODGING_EVIDENCE,PRESENT,PRESENT,MISSING,MISSING,MISSING,PRESENT,https://www.researchfora.net/event/venue.php?id=100883693,,ASSOCIATION_NGO
gdi_v3_yotel_hotels_exhibitors_lodging_motion_organizersco,YOTEL,Hotels — exhibitors lodging motion,Hotels,V3_CANDIDATE,,SIGNAL_ONLY,0,2,A_NAMED_DEMAND_ENTITY|C_BUYER_ORGANIZER_PATH|D_FUTURE_DECISION_POINT|E_HOTEL_LODGING_EVIDENCE,WEAK,PRESENT,MISSING,MISSING,MISSING,PRESENT,https://organizers-congress.org/frontend/index.php?page_id=3421,,ASSOCIATION_NGO
gdi_v3_yotel_hotels_sponsors_lodging_motion_organizersco,YOTEL,Hotels — sponsors lodging motion,Hotels,V3_CANDIDATE,,DUPLICATE,,,,,,,,,,https://organizers-congress.org/frontend/index.php?page_id=3421,,
gdi_v3_ac_alojamiento_eventszone_overflow_lodging_motion_reedmackayev,AC,alojamiento - eventszone — overflow lodging motion,alojamiento,V3_CANDIDATE,,DUPLICATE,,,,,,,,,,https://reedmackay.eventszone.net/myCongress/form.php?thisFormCongress=alojamientosedomurcia&thisFormLanguage=es&thisCodeForm=CONGRESO,,
gdi_v3_spice_six_senses_la_sagesse_grenada_overflow_lodging_m_wwwcventcom,SPICE,Six Senses La Sagesse Grenada — overflow lodging motion,Six Senses La Sagesse Grenada,V3_CANDIDATE,,DUPLICATE,,,,,,,,,,https://www.cvent.com/venues/st-david/resort/six-senses-la-sagesse-grenada/venue-27e4aa0c-073f-464f-85ea-281f9d06625f,,
gdi_v3_cambridge_bermuda_holiday_package_results_overflow_lodging_vacationsbon,CAMBRIDGE,Bermuda Holiday Package Results — overflow lodging motion,Bermuda Holiday Package Results,V3_CANDIDATE,,DUPLICATE,,,,,,,,,,https://vacations.bonvoyaga.com/holidays?destinations[0]=BERMUDA&from=YYZ&rooms[0][adults]=2&duration=7&travelMonths[0]=2026-12,,
gdi_v3_yotel_https_meetings_myswitzerland_com_fr_ca_preparati_meetingsmysw,YOTEL,https,https,V3_CANDIDATE,,REJECTED,0,1,A_NAMED_DEMAND_ENTITY|B_DEFINED_GROUP_MOTION|C_BUYER_ORGANIZER_PATH|D_FUTURE_DECISION_POINT|E_HOTEL_LODGING_EVIDENCE,MISSING,MISSING,MISSING,MISSING,MISSING,PRESENT,https://meetings.myswitzerland.com/fr-ca/preparation-seminaire/trouvez-votre-lieu/venues/centredescongres/geneve/?geographicallocations=alonggrandtour&noidx=1,,ASSOCIATION_NGO
gdi_v3_yotel_assembl_e_nationale_les_d_put_s_le_vote_de_la_lo_wwwassemblee,YOTEL,"Assemblée nationale ~ Les députés, le vote de la loi, le ...","Assemblée nationale ~ Les députés, le vote de la loi, le ...",V3_CANDIDATE,,SIGNAL_ONLY,1,2,B_DEFINED_GROUP_MOTION|C_BUYER_ORGANIZER_PATH|D_FUTURE_DECISION_POINT|E_HOTEL_LODGING_EVIDENCE,STRONG,MISSING,WEAK,MISSING,MISSING,PRESENT,https://www.assemblee-nationale.fr/,,ASSOCIATION_NGO
gdi_v3_yotel_l_assembl_e_comit_international_de_la_croix_roug_wwwicrcorg,YOTEL,L'Assemblée,L'Assemblée,V3_CANDIDATE,,SIGNAL_ONLY,0,1,A_NAMED_DEMAND_ENTITY|B_DEFINED_GROUP_MOTION|C_BUYER_ORGANIZER_PATH|D_FUTURE_DECISION_POINT|E_HOTEL_LODGING_EVIDENCE,WEAK,MISSING,MISSING,MISSING,MISSING,PRESENT,https://www.icrc.org/fr/assemblee,,ASSOCIATION_NGO
gdi_v3_yotel_afe_assembl_e_des_fran_ais_de_l_tranger_repr_sen_wwwassemblee,YOTEL,AFE,AFE,V3_CANDIDATE,,REJECTED,0,1,A_NAMED_DEMAND_ENTITY|B_DEFINED_GROUP_MOTION|C_BUYER_ORGANIZER_PATH|D_FUTURE_DECISION_POINT|E_HOTEL_LODGING_EVIDENCE,MISSING,MISSING,MISSING,MISSING,MISSING,PRESENT,https://www.assemblee-afe.fr/,,ASSOCIATION_NGO
gdi_v3_yotel_l_assembl_e_des_territoires_wwwlaregionf,YOTEL,L'Assemblée des Territoires,L'Assemblée des Territoires,V3_CANDIDATE,,SIGNAL_ONLY,1,2,B_DEFINED_GROUP_MOTION|C_BUYER_ORGANIZER_PATH|D_FUTURE_DECISION_POINT|E_HOTEL_LODGING_EVIDENCE,STRONG,MISSING,WEAK,MISSING,MISSING,PRESENT,https://www.laregion.fr/L-Assemblee-des-Territoires,,ASSOCIATION_NGO
gdi_v3_ac_a_coru_a_acoger_diez_grandes_eventos_de_congreso_wwwelidealga,AC,A Coruña acogerá diez grandes eventos de congresos ...,A Coruña acogerá diez grandes eventos de congresos ...,V3_CANDIDATE,,SIGNAL_ONLY,1,2,B_DEFINED_GROUP_MOTION|C_BUYER_ORGANIZER_PATH|D_FUTURE_DECISION_POINT|E_HOTEL_LODGING_EVIDENCE,STRONG,MISSING,WEAK,MISSING,MISSING,PRESENT,https://www.elidealgallego.com/articulo/a-coruna/coruna-acogera-diez-grandes-eventos-congresos-ano-3788862,,ASSOCIATION_NGO
gdi_v3_yotel_base_gva_gen_ve_tourisme_wwwgenevecom,YOTEL,Base GVA | Genève Tourisme,,V4_CLASSIFICATION,SIGNAL_ONLY,DUPLICATE,,,,,,,,,,https://www.geneve.com/fr/hotels/base-hotel,,
gdi_v3_yotel_ce_qui_permet_une_carri_re_de_durer_et_d_voluer_infomaniakev,YOTEL,ce qui permet à une carrière de durer - et d'évoluer?,,V4_CLASSIFICATION,SIGNAL_ONLY,DUPLICATE,,,,,,,,,,https://infomaniak.events/fr-ch/conferences/transformation-des-competences-ce-qui-permet-a-une-carriere-de-durer-et-devoluer/7b1d675b-764b-4032-ac1d-4ae5115ca5c7/events/399368,,
gdi_v3_yotel_exemples_de_congr_s_switzerland_meetings_meetingsmysw,YOTEL,Exemples de Congrès - Switzerland Meetings,,V4_CLASSIFICATION,SIGNAL_ONLY,DUPLICATE,,,,,,,,,,https://meetings.myswitzerland.com/fr-fr/inspiration/bon-a-savoir/references-et-conseils/references-de-congres/,,
gdi_v3_yotel_tout_est_r_uni_au_m_me_endroit_pour_organiser_vo_wwwinstagram,YOTEL,tout est réuni au même endroit pour organiser votre ...,,V4_CLASSIFICATION,SIGNAL_ONLY,DUPLICATE,,,,,,,,,,https://www.instagram.com/p/DdbM7mmCEDt/,,
gdi_v3_yotel_lancement_de_la_nouvelle_campagne_estivale_2023_wwwtendanceh,YOTEL,Lancement de la nouvelle campagne estivale 2023,,V4_CLASSIFICATION,SIGNAL_ONLY,DUPLICATE,,,,,,,,,,https://www.tendancehotellerie.fr/articles-breves/communique-de-presse/19643-article/lancement-de-la-nouvelle-campagne-estivale-2023-geneve-inattendue,,
gdi_v3_yotel_anna_krebs_iofc_wwwiofcch,YOTEL,Anna Krebs | IofC,,V4_CLASSIFICATION,SIGNAL_ONLY,DUPLICATE,,,,,,,,,,https://www.iofc.ch/fr/anna-krebs,,
gdi_v3_yotel_novotel_gen_ve_centre_chlinkedinco,YOTEL,Novotel Genève Centre,,V4_CLASSIFICATION,SIGNAL_ONLY,DUPLICATE,,,,,,,,,,https://ch.linkedin.com/company/novotel-gen%C3%A8ve-centre,,
gdi_v3_yotel_angola_nouvelle_loi_sur_l_investissement_priv_cmslaw,YOTEL,Angola : nouvelle loi sur l'investissement privé,,V4_CLASSIFICATION,REJECTED_EARLY,DUPLICATE,,,,,,,,,,https://cms.law/fr/fra/legal-updates/angola-nouvelle-loi-sur-l-investissement-prive,,
gdi_v3_yotel_dynamique_de_leadership_p_dagogique_pour_wwwinstagram,YOTEL,dynamique de leadership pédagogique pour ...,,V4_CLASSIFICATION,SIGNAL_ONLY,DUPLICATE,,,,,,,,,,https://www.instagram.com/p/DU8djTYkuBj/,,
gdi_v3_yotel_apr_s_des_changes_tr_s_tendus_les_n_gociations_wwwrtlbe,YOTEL,"Après des échanges « très tendus », les négociations ...",,V4_CLASSIFICATION,ADMITTED_CANDIDATE,DUPLICATE,,,,,,,,,,https://www.rtl.be/actu/monde/international/apres-des-echanges-tres-tendus-les-negociations-reprennent-ukrainiens-et-russes/2026-02-18/article/780156,,
gdi_v3_yotel_report_en_arri_re_du_d_ficit_attention_au_change_cmslaw,YOTEL,Report en arrière du déficit : attention au changement d'activité,,V4_CLASSIFICATION,SIGNAL_ONLY,DUPLICATE,,,,,,,,,,https://cms.law/fr/fra/news-information/report-en-arriere-du-deficit-attention-au-changement-d-activite,,
gdi_v3_yotel_rediffusion_de_notre_direct_depuis_l_wwwinstagram,YOTEL,Rediffusion de notre direct depuis l' ...,,V4_CLASSIFICATION,SIGNAL_ONLY,DUPLICATE,,,,,,,,,,https://www.instagram.com/reel/DZIktwrE1_E/,,
gdi_v3_yotel_le_canton_de_vaud_veut_booster_le_secteur_mice_h_wwwhtrch,YOTEL,Le canton de Vaud veut booster le secteur MICE - htr.ch,,V4_CLASSIFICATION,SIGNAL_ONLY,DUPLICATE,,,,,,,,,,https://www.htr.ch/edition-francaise/article/tourisme/le-canton-de-vaud-veut-booster-le-secteur-mice-43911,,
gdi_v3_yotel_l_quipement_moto_adapt_plan_les_ouates_wwwplanlesou,YOTEL,L'équipement moto adapté | Plan-les-Ouates,,V4_CLASSIFICATION,SIGNAL_ONLY,DUPLICATE,,,,,,,,,,https://www.plan-les-ouates.ch/actualites/lequipement-moto-adapte,,
gdi_v3_yotel_bruno_ryf_assistant_client_le_gare_et_militant_i_sevonlinech,YOTEL,"Bruno Ryf, assistant-clientèle gare et militant infatigable : SEV ...",,V4_CLASSIFICATION,SIGNAL_ONLY,DUPLICATE,,,,,,,,,,https://sev-online.ch/fr/aktuell/kontakt.sev/2023/bruno-ryf-assistant-clientle-gare-et-militant-infatigable-202302-225719/,,
gdi_v3_yotel_mbg_groupement_des_m_tiers_techniques_du_b_timen_frlinkedinco,YOTEL,MBG - Groupement des Métiers techniques du Bâtiment Genève,,V4_CLASSIFICATION,REJECTED_EARLY,DUPLICATE,,,,,,,,,,https://fr.linkedin.com/posts/mbg-metiers-techniques-du-batiment-geneve_mbg-assembl%C3%A9eg%C3%A9n%C3%A9rale-m%C3%A9tierstechniquesdub%C3%A2timent-activity-7472177352303755265-Ti68,,
gdi_v3_ac_m_s_de_500_profesionales_se_dan_cita_en_el_iii_c_clusterturis,AC,Más de 500 profesionales se dan cita en el III Congreso ...,,V4_CLASSIFICATION,SIGNAL_ONLY,DUPLICATE,,,,,,,,,,https://clusterturismogalicia.com/gl/a-coruna-acoge-el-iii-congreso-internacional-de-calidad-turistica/,,
gdi_v3_ac_m_s_de_medio_centenar_de_entidades_forman_parte__acorunacbcom,AC,Más de medio centenar de entidades forman parte ya de la ...,,V4_CLASSIFICATION,SIGNAL_ONLY,DUPLICATE,,,,,,,,,,https://acorunacb.com/gl/mas-de-medio-centenar-de-entidades-forman-parte-ya-de-la-fundacion-a-coruna-convention-bureau/,,
gdi_v3_ac_hotel_congreso_en_teo_a_coru_a_galicia_wwwturismoga,AC,HOTEL CONGRESO EN TEO A CORUÑA - GALICIA,,V4_CLASSIFICATION,SIGNAL_ONLY,DUPLICATE,,,,,,,,,,https://www.turismo.gal/recurso/-/detalle/1970/congreso?langId=gl_ES&tp=22&ctre=129,,
gdi_v3_ac_central_gallega_de_congresos_sa_wwwturismoga,AC,"central gallega de congresos, sa",,V4_CLASSIFICATION,SIGNAL_ONLY,DUPLICATE,,,,,,,,,,https://www.turismo.gal/recurso/-/detalle/15900/central-gallega-de-congresos-s.a.?tp=94&ctre=152,,
gdi_v3_ac_alojamiento_eventszone_reedmackayev,AC,alojamiento - eventszone,,V4_CLASSIFICATION,REJECTED_EARLY,DUPLICATE,,,,,,,,,,https://reedmackay.eventszone.net/myCongress/form.php?thisFormCongress=alojamientosedomurcia&thisFormLanguage=es&thisCodeForm=CONGRESO,,
gdi_v3_ac_global_congresos_wwwturismoga,AC,global congresos,,V4_CLASSIFICATION,SIGNAL_ONLY,DUPLICATE,,,,,,,,,,https://www.turismo.gal/recurso/-/detalle/15904/global-congresos?langId=es_ES&tp=94&ctre=152,,
gdi_v3_ac_a_concor_wwwturismoga,AC,a-concor,,V4_CLASSIFICATION,REJECTED_EARLY,DUPLICATE,,,,,,,,,,https://www.turismo.gal/recurso/-/detalle/16067/a-concor?tp=94&ctre=152,,
gdi_v3_ac_hotel_attica_21_coru_a_xvicongresos,AC,Hotel Attica 21 Coruña,,V4_CLASSIFICATION,SIGNAL_ONLY,DUPLICATE,,,,,,,,,,http://xvicongreso.sgapeio.es/hotel/attica_sp.html,,
gdi_v3_ac_consulta_de_convenios_xunta_de_galicia_conveniosxun,AC,Consulta de convenios - Xunta de Galicia,,V4_CLASSIFICATION,SIGNAL_ONLY,DUPLICATE,,,,,,,,,,https://convenios.xunta.gal/consultaconvenios/busqueda-convenio/convenio/2008-0703,,
gdi_v3_ac_gastos_de_viaje_ac_por_tipo_wwwpoderjudi,AC,GASTOS DE VIAJE AC POR TIPO,,V4_CLASSIFICATION,SIGNAL_ONLY,DUPLICATE,,,,,,,,,,https://www.poderjudicial.es/stfls/CGPJ/TRANSPARENCIA/FICHEROS/20260928%20ANEXO%204.pdf,,
gdi_v3_ac_convenio_entre_el_ayuntamiento_de_a_coru_a_wwwinfosubve,AC,CONVENIO ENTRE EL AYUNTAMIENTO DE A CORUÑA ...,,V4_CLASSIFICATION,SIGNAL_ONLY,DUPLICATE,,,,,,,,,,https://www.infosubvenciones.es/bdnstrans/api/convocatorias/documentos?idDocumento=1461742,,
gdi_v3_ac_noticias_tur_sticas_galicia_wwwturismoga,AC,Noticias turísticas - GALICIA,,V4_CLASSIFICATION,SIGNAL_ONLY,DUPLICATE,,,,,,,,,,https://www.turismo.gal/espazo-profesional/actualidade/novas?langId=es_ES&numPage=4&pageSize=10%2F,,
gdi_v3_spice_venue_accommodations_house_of_assembly_wwwgovnetbs,SPICE,Venue & Accommodations - House of Assembly,,V4_CLASSIFICATION,SIGNAL_ONLY,DUPLICATE,,,,,,,,,,http://www.govnet.bs/wps/portal/public/!ut/p/b1/vZLZcqJAFIafZR7A0NCsl80iO8iu3FiKKBBWQYk8_WgqqUoyEzNTNZPuq676__Odv8_BYmyJxfXmnB82Q97Um_L2jum1wwPHMziIWKgxAC0oyrAClkA2hUXYUlmdeaExRwlFa61Px46Mq-Qyzr1xVmacLi4fu81WDOYhpxy4aUdWRcLy9bE5zJyy4FB7FtcbjoiiSVPDttfCkz4RXKmR9T7NAZS4dIf7pASyUmGeENinIBeUzPWykWsjrczrBka96ERnGCedv2PC7GTUrgREaQ3tPRhOeN__uAZZXYOATw4CzzmhbJuOQLImS5McUHHfUkVpAWUGvPghkE2ErgKZAjRQg4WBFoxC2OQHPwgDHqiKqYuswEKgMK_-zwF_5_9VEL9tzyb8W3kBp_WAAoaLf-z_vYAXqPdzBoiiruUJn2HkAApzcN9_A_yR_47gyz2Lv4p4X8AzL4J7O_A6BdKUbhUodn4bEmUsaA5nefAR8ZstuNfD8zffDQoIbHUVMJ9VEGUK87ElINdecWnV6XFyi8kZzSIBnr-BuASeBjCF1nau-oOH-4Y54kaoDqJz6YNMM4_maA3bxS50Ax6hGSxC4QsgS343kP5uIPzvQJ2AV6ABDYsVcNXHvxv47xNqWJxvq4cxqR7AA0OzFM1yLE4wBMESEAuLFTSEXh0lKVrHbUzEJ9zO1O5w4lG2y63WHjS07NwiWK_TQFHO9JE5KKVLKmDpzQ95U1rGChZJlXbi_DQhvnVHpZFko6x3ucrbYsKLfXg0Vb0Tp3YJ-_NEOMe4EUMuSbdAUGxr3-CzWk-3G5m-nGfZBSY-UT8ujcc2HuQT3Q0Qz73dEM9GDz_KhQMXud3CoiJnjE_31IpWMEtpqhRrq7P-fAzalVxpb729JPrxEwhEYtQ!/dl4/d5/L2dBISEvZ0FBIS9nQSEh/?1dmy&urile=wcm%3Apath%3A/MOF_Content/internet/41st+Conference+of+the+Caribbean+Americas+and+Atlantic+Region+of+the+CPA/Government/Venue+and+Accommodations1/,,
gdi_v3_spice_grand_anse_grenada_action_forum_grenadaactio,SPICE,Grand Anse | Grenada Action Forum,,V4_CLASSIFICATION,SIGNAL_ONLY,DUPLICATE,,,,,,,,,,https://grenadaactionforum.wordpress.com/category/st-george/grand-anse/,,
gdi_v3_cambridge_international_public_policy_conferences_in_bermu_wwwconferenc,CAMBRIDGE,International Public Policy Conferences in Bermuda 2026,,V4_CLASSIFICATION,ADMITTED_CANDIDATE,DUPLICATE,,,,,,,,,,https://www.conferenceineurope.org/bermuda/public-policy/august,,
gdi_v3_cambridge_upcoming_events_of_interest_to_local_and_interna_wwwroyalgaze,CAMBRIDGE,Upcoming events of interest to local and international ...,,V4_CLASSIFICATION,ADMITTED_CANDIDATE,DUPLICATE,,,,,,,,,,https://www.royalgazette.com/other/business/article/20110209/upcoming-events-of-interest-to-local-and-international-business-42/,,
gdi_v3_cambridge_international_law_conferences_in_bermuda_august__wwwconferenc,CAMBRIDGE,International Law Conferences in Bermuda August 2027,,V4_CLASSIFICATION,ADMITTED_CANDIDATE,DUPLICATE,,,,,,,,,,https://www.conferenceineurope.org/bermuda/law/august,,
gdi_v3_cambridge_you_don_t_want_to_miss_convention_in_the_bahamas_wwwfacebookc,CAMBRIDGE,You don't want to miss Convention in the Bahamas in 2027! ...,,V4_CLASSIFICATION,ADMITTED_CANDIDATE,DUPLICATE,,,,,,,,,,https://www.facebook.com/AOGlobeLife/posts/you-dont-want-to-miss-convention-in-the-bahamas-in-2027-%EF%B8%8F-start-putting-your-pla/1518337773643220/,,
gdi_v3_cambridge_senate_2026_july_15_pdf_wwwscribdcom,CAMBRIDGE,Senate - 2026 - July 15 | PDF,,V4_CLASSIFICATION,REJECTED_EARLY,DUPLICATE,,,,,,,,,,https://www.scribd.com/document/1062098097/Senate-2026-July-15,,
gdi_v3_cambridge_the_government_of_bermuda_the_government_of_berm_wwwfacebookc,CAMBRIDGE,The Government of Bermuda... - The Government of Bermuda,,V4_CLASSIFICATION,SIGNAL_ONLY,DUPLICATE,,,,,,,,,,https://www.facebook.com/BermudaGovernment/photos/1135656758606171/,,
gdi_v3_cambridge_meetings_in_the_uk_brussels_ministers_travel_wwwgovbm,CAMBRIDGE,Meetings in the UK/Brussels - Ministers Travel,,V4_CLASSIFICATION,SIGNAL_ONLY,DUPLICATE,,,,,,,,,,https://www.gov.bm/travel-calendar/meetings-ukbrussels,,
gdi_v3_cambridge_the_government_attention_all_planning_to_travel_wwwfacebookc,CAMBRIDGE,The Government - Attention all planning to travel.,,V4_CLASSIFICATION,SIGNAL_ONLY,DUPLICATE,,,,,,,,,,https://www.facebook.com/BermudaGovernment/photos/attention-all-planning-to-travel/3449633268413130/,,
gdi_v3_now_now_af_symposium_2026_bookpasskeyc,NOW_NOW,AF Symposium 2026,,V4_CLASSIFICATION,ADMITTED_CANDIDATE,DUPLICATE,,,,,,,,,,https://book.passkey.com/event/51027826/owner/6893/home,,
gdi_v3_now_now_hotels_near_1st_annual_antitrust_summit_us_2026_hotelmapcom,NOW_NOW,Hotels near 1st annual Antitrust Summit US 2026,,V4_CLASSIFICATION,ADMITTED_CANDIDATE,DUPLICATE,,,,,,,,,,https://hotelmap.com/MNYQR?RefID=USACCC,,
gdi_v3_now_now_2026_building_congress_across_america_buildingcong,NOW_NOW,2026 Building Congress Across America,,V4_CLASSIFICATION,ADMITTED_CANDIDATE,DUPLICATE,,,,,,,,,,https://buildingcongress.com/wp-content/uploads/2026/09/2026-BCAA-1.pdf,,
gdi_v3_now_now_conferences_in_new_york_usa_in_may_2027_wwwclocateco,NOW_NOW,"Conferences in New York, USA in May 2027",,V4_CLASSIFICATION,ADMITTED_CANDIDATE,DUPLICATE,,,,,,,,,,https://www.clocate.com/conferences-in+new-york+may/c3QtbnkrbW8=/,,
gdi_v3_now_now_upcoming_conferences_in_new_york_december_2026_2_allconferenc,NOW_NOW,Upcoming Conferences in New York December 2026-2027,,V4_CLASSIFICATION,ADMITTED_CANDIDATE,DUPLICATE,,,,,,,,,,https://allconferencealert.net/cities/new-york/december,,
gdi_v3_now_now_all_black_national_convention_wwwhyattcom,NOW_NOW,All Black National Convention,,V4_CLASSIFICATION,SIGNAL_ONLY,DUPLICATE,,,,,,,,,,https://www.hyatt.com/events/en-US/group-booking/NEWJP/G-ABC3,,
gdi_v3_now_now_medical_congresses_hotels_hotel_rooms_congressbook,NOW_NOW,"Medical Congresses, Hotels, Hotel Rooms",,V4_CLASSIFICATION,SIGNAL_ONLY,DUPLICATE,,,,,,,,,,https://congressbookers.com/congresses?city_id%5B%5D=50,,
gdi_v3_yotel_vol_pas_cher_cap_haitien_gen_ve_avec_go_voyages_wwwgovoyages,YOTEL,Vol pas cher Cap-Haitien - Genève avec GO Voyages,,V4_CLASSIFICATION,REJECTED_EARLY,DUPLICATE,,,,,,,,,,https://www.govoyages.com/vols/cap-haitien-geneve/CAP/GVA/,,
gdi_v3_yotel_emplois_h_tellerie_collonge_bellerive_ge_chfrindeedco,YOTEL,"Emplois Hôtellerie (Collonge-Bellerive, GE)",,V4_CLASSIFICATION,REJECTED_EARLY,DUPLICATE,,,,,,,,,,"https://ch-fr.indeed.com/q-h%C3%B4tellerie-l-collonge-bellerive,-ge-jobs.html",,
gdi_v3_yotel_appel_d_offre_services_d_h_tellerie_et_de_restau_wwwmarcheson,YOTEL,Appel d'offre Services d'hôtellerie et de restauration Isère,,V4_CLASSIFICATION,SIGNAL_ONLY,DUPLICATE,,,,,,,,,,https://www.marchesonline.com/appels-offres/secteur/services-d-hotellerie-et-de-restauration-M73/auvergne-rhone-alpes-R82/isere-D39,,
gdi_v3_yotel_h_tel_arbatax_resort_borgo_cala_moresca_avec_loc_wwwjettoursc,YOTEL,Hôtel Arbatax Resort Borgo – Cala Moresca avec Location de ...,,V4_CLASSIFICATION,REJECTED_EARLY,DUPLICATE,,,,,,,,,,https://www.jettours.com/p/cag-arbatax-resort-borgo-cala-moresca-4-354549,,
gdi_v3_yotel_https_recensement_app_ge_ch_fr_audit_item_2724_recensementa,YOTEL,https://recensement.app.ge.ch/fr/audit/item/2724,,V4_CLASSIFICATION,REJECTED_EARLY,DUPLICATE,,,,,,,,,,https://recensement.app.ge.ch/fr/audit/item/2724,,
gdi_v3_yotel_construisons_des_logements_pour_toutes_et_tous_u_initiativesp,YOTEL,Construisons des logements pour toutes et tous: Une priorité ...,,V4_CLASSIFICATION,SIGNAL_ONLY,DUPLICATE,,,,,,,,,,https://initiativespopulaires.ch/initiative/ge/construisons-des-logements-pour-toutes-et-tous-une-priorite-en-periode-de-penuri?lang=en,,
gdi_v3_yotel_march_de_prestations_h_teli_res_nukema_marchespubli,YOTEL,Marché de prestations hôtelières - Nukema,,V4_CLASSIFICATION,SIGNAL_ONLY,DUPLICATE,,,,,,,,,,https://marches-publics.nukema.com/seo/consultation/view/2962861/seo,,
gdi_v3_yotel_64_appels_d_offres_construction_dans_le_canton_d_tenderliftch,YOTEL,64 appels d'offres Construction dans le canton de Genève,,V4_CLASSIFICATION,SIGNAL_ONLY,DUPLICATE,,,,,,,,,,https://tenderlift.ch/fr/appels-offres/geneve/construction/,,
gdi_v3_yotel_ver_ffentlichung_archiv_archivsimapc,YOTEL,Veröffentlichung - Archiv,,V4_CLASSIFICATION,REJECTED_EARLY,DUPLICATE,,,,,,,,,,https://archiv.simap.ch/detail/1328369,,
gdi_v3_yotel_post_de_mark_flynn_mih_frsa_frlinkedinco,YOTEL,Post de Mark Flynn MIH FRSA,,V4_CLASSIFICATION,SIGNAL_ONLY,DUPLICATE,,,,,,,,,,https://fr.linkedin.com/posts/markanthonyflynn_le-fairmont-grand-hotel-geneva-se-pr%C3%A9pare-activity-7289634413397594112-WQ73,,
gdi_v3_yotel_2026_enwikipediao,YOTEL,2026,,V4_CLASSIFICATION,REJECTED_EARLY,DUPLICATE,,,,,,,,,,https://en.wikipedia.org/wiki/2026,,
gdi_v3_yotel_erc_work_programme_2027_european_commission_eceuropaeu,YOTEL,ERC Work Programme 2027 - European Commission,,V4_CLASSIFICATION,ADMITTED_CANDIDATE,DUPLICATE,,,,,,,,,,https://ec.europa.eu/info/funding-tenders/opportunities/docs/2021-2027/horizon/wp-call/2027/wp_horizon-erc-2027_en.pdf,,
gdi_v3_yotel_biennale_arte_2026_homepage_2026_wwwlabiennal,YOTEL,Biennale Arte 2026 | Homepage 2026,,V4_CLASSIFICATION,ADMITTED_CANDIDATE,DUPLICATE,,,,,,,,,,https://www.labiennale.org/en/art/2026,,
gdi_v3_yotel_general_assembly_high_level_week_2026_wwwunorg,YOTEL,General Assembly High-level Week 2026,,V4_CLASSIFICATION,ADMITTED_CANDIDATE,DUPLICATE,,,,,,,,,,https://www.un.org/en/high-level-week-2026,,
gdi_v3_yotel_56_hotel_jobs_in_geneva_august_2026_wwwglassdoor,YOTEL,"56 hotel Jobs in Geneva, August 2026",,V4_CLASSIFICATION,ADMITTED_CANDIDATE,DUPLICATE,,,,,,,,,,"https://www.glassdoor.com/Job/genf-hotel-jobs-SRCH_IL.0,4_IC3297162_KO5,10.htm",,
gdi_v3_yotel_finding_accommodation_in_the_canton_of_geneva_hrwebcernch,YOTEL,Finding accommodation in the canton of Geneva,,V4_CLASSIFICATION,SIGNAL_ONLY,DUPLICATE,,,,,,,,,,https://hr.web.cern.ch/node/1818,,
gdi_v3_yotel_recruitment_consultant_jobs_in_genf_ge_chindeedcom,YOTEL,"Recruitment Consultant Jobs in Genf, GE",,V4_CLASSIFICATION,REJECTED_EARLY,DUPLICATE,,,,,,,,,,"https://ch.indeed.com/q-recruitment-consultant-l-geneva,-ge-jobs.html",,
gdi_v3_yotel_switzerland_travel_and_tourism_tenders_wwwglobalten,YOTEL,Switzerland Travel and Tourism Tenders,,V4_CLASSIFICATION,SIGNAL_ONLY,DUPLICATE,,,,,,,,,,https://www.globaltenders.com/tenders-switzerland/switzerland-travel-tourism-tenders,,
gdi_v3_yotel_updated_to_50_nights_mmi_news_earlier_calculatio_wwwthreadsco,YOTEL,"Updated to 50 nights, MMI News' earlier calculation now ...",,V4_CLASSIFICATION,SIGNAL_ONLY,DUPLICATE,,,,,,,,,,https://www.threads.com/@mimimefoinfo/post/DbSihaNIIGd/updated-to-nights-mmi-news-earlier-calculation-now-places-the-estimated-cost-of/,,
gdi_v3_yotel_annual_report_the_united_nations_office_at_genev_wwwungenevao,YOTEL,annual report - The United Nations Office at Geneva,,V4_CLASSIFICATION,ADMITTED_CANDIDATE,DUPLICATE,,,,,,,,,,https://www.ungeneva.org/sites/default/files/2023-07/2022-CPAG-Annual-Report_0.pdf,,
gdi_v3_yotel_protection_of_posted_workers_and_public_procurem_croceassocie,YOTEL,Protection of posted workers and public procurement ...,,V4_CLASSIFICATION,SIGNAL_ONLY,DUPLICATE,,,,,,,,,,https://croce-associes.ch/en/public-procurement-contracts-geneva/,,
gdi_v3_yotel_could_novel_approaches_to_urban_tenure_help_to_r_wwwinternald,YOTEL,Could novel approaches to urban tenure help to reduce ...,,V4_CLASSIFICATION,SIGNAL_ONLY,DUPLICATE,,,,,,,,,,https://www.internal-displacement.org/expert-analysis/could-novel-approaches-to-urban-tenure-help-to-reduce-disaster-displacement-risk-in/,,
gdi_v3_ac_2026_wikipedia_la_enciclopedia_libre_eswikipediao,AC,"2026 - Wikipedia, la enciclopedia libre",,V4_CLASSIFICATION,REJECTED_EARLY,DUPLICATE,,,,,,,,,,https://es.wikipedia.org/wiki/2026,,
gdi_v3_ac_plan_anual_normativo_2026_transparenci,AC,Plan Anual Normativo 2026,,V4_CLASSIFICATION,ADMITTED_CANDIDATE,DUPLICATE,,,,,,,,,,https://transparencia.gob.es/content/dam/transparencia_home/publicidadactiva/normativa/pan2026/PAN%202026.pdf,,
gdi_v3_ac_ayudas_para_contratos_ram_n_y_cajal_ryc_2026_wwwaeigobes,AC,Ayudas para contratos Ramón y Cajal (RYC) 2026,,V4_CLASSIFICATION,ADMITTED_CANDIDATE,DUPLICATE,,,,,,,,,,https://www.aei.gob.es/convocatorias/buscador-convocatorias/ayudas-contratos-ramon-cajal-ryc-2026,,
gdi_v3_ac_innterconecta_step_2026_wwwcdties,AC,INNTERCONECTA - STEP 2026,,V4_CLASSIFICATION,REJECTED_EARLY,DUPLICATE,,,,,,,,,,https://www.cdti.es/ayudas/innterconecta-step-2026,,
gdi_v3_ac_sumario_del_boe_n_m_208_de_martes_25_de_agosto_d_wwwboees,AC,Sumario del BOE núm 208 de Martes 25 de agosto de 2026,,V4_CLASSIFICATION,ADMITTED_CANDIDATE,DUPLICATE,,,,,,,,,,https://www.boe.es/boe/dias/2026/08/25/pdfs/BOE-S-2026-208.pdf,,
gdi_v3_ac_servicio_de_alojamiento_personal_de_conduccion_e_wwwcashstalk,AC,Servicio de alojamiento personal de conduccion e ...,,V4_CLASSIFICATION,SIGNAL_ONLY,DUPLICATE,,,,,,,,,,https://www.cashstalker.com/licitacion/27e1ac86-94da-4bb2-b944-33c2a67366ae,,
gdi_v3_ac_cpv_servicios_de_alojamiento_y_de_oficina_contratosgob,AC,CPV: Servicios de alojamiento y de oficina,,V4_CLASSIFICATION,REJECTED_EARLY,DUPLICATE,,,,,,,,,,https://contratos.gobierto.es/cpv/98340000,,
gdi_v3_ac_el_acceso_a_la_vivienda_sigue_generando_tensi_n__wwwinstagram,AC,El acceso a la vivienda sigue generando tensión política ...,,V4_CLASSIFICATION,SIGNAL_ONLY,DUPLICATE,,,,,,,,,,https://www.instagram.com/p/DXbXGgAFFVR/,,
gdi_v3_ac_licitaciones_de_otros_servicios_hoteleros_p_gina_licitaciones,AC,Licitaciones de Otros servicios hoteleros - Página 4,,V4_CLASSIFICATION,SIGNAL_ONLY,DUPLICATE,,,,,,,,,,https://licitaciones.io/licitaciones/otros-servicios-hoteleros/4,,
gdi_v3_ac_licitaciones_nh_hoteles_espanas_a_a58511882_soph_wwwsophiaanp,AC,Licitaciones Nh hoteles espanas.a (A58511882) - Sophia,,V4_CLASSIFICATION,SIGNAL_ONLY,DUPLICATE,,,,,,,,,,https://www.sophia-anphis.es/empresa-licitadora/nh-hoteles-espanas.a__A58511882,,
gdi_v3_ac_https_contrataciondelestado_es_wps_poc_uri_deepl_contratacion,AC,https://contrataciondelestado.es/wps/poc?uri=deepl...,,V4_CLASSIFICATION,REJECTED_EARLY,DUPLICATE,,,,,,,,,,https://contrataciondelestado.es/wps/poc?uri=deeplink:detalle_licitacion&idEvl=jd2JdWcsQTyKeVWTb9Scog%3D%3D,,
gdi_v3_ac_servizo_de_patrimonio_e_contrataci_n_wwwdacorunag,AC,servizo de patrimonio e contratación,,V4_CLASSIFICATION,SIGNAL_ONLY,DUPLICATE,,,,,,,,,,https://www.dacoruna.gal/index.php/download_file/13372/12664/,,
gdi_v3_ac_2026_5079_bopdacorunag,AC,2026/5079,,V4_CLASSIFICATION,REJECTED_EARLY,DUPLICATE,,,,,,,,,,https://bop.dacoruna.gal/bopportal/publicado/2026/08/05/2026_0000005079.pdf,,
gdi_v3_ac_https_contrataciondelestado_es_wps_portal_ut_p_contratacion,AC,https://contrataciondelestado.es/wps/portal/!ut/p/...,,V4_CLASSIFICATION,REJECTED_EARLY,DUPLICATE,,,,,,,,,,https://contrataciondelestado.es/wps/portal/!ut/p/z0/04_Sj9CPykssy0xPLMnMz0vMAfIjUlJTC3Iy87KtUlJLEnNyUuNzMpMzSxKTgQr0w_Sj9KMyU1zLcvQjtSudvJIMyrwqXLP8jLONS7JSU4Ldy21t9Qtycx0BCeGdwQ!!/,,
gdi_v3_ac_https_www_contratosdegalicia_es_consultaorganism_wwwcontratos,AC,https://www.contratosdegalicia.es/consultaOrganism...,,V4_CLASSIFICATION,REJECTED_EARLY,DUPLICATE,,,,,,,,,,https://www.contratosdegalicia.es/consultaOrganismo.jsp?lang=gl&ID=800&N=220&OR=220,,
gdi_v3_ac_aloxamento_dos_membros_do_coro_da_osg_de_fora_de_contratacion,AC,Aloxamento dos membros do Coro da OSG de fora de A Coruña...,,V4_CLASSIFICATION,SIGNAL_ONLY,DUPLICATE,,,,,,,,,,https://contratacionabierta.es/contrato/3559047,,
gdi_v3_ac_contrato_de_subministraci_n_para_a_adquisici_n_d_wwwlicitronc,AC,"Contrato de subministración para a ""adquisición dun aloxamento ...",,V4_CLASSIFICATION,SIGNAL_ONLY,DUPLICATE,,,,,,,,,,https://www.licitron.com/licitaciones/a-coruna/31142026contrato-de-subministracion-para-a-adqui-a6182e8f,,
gdi_v3_ac_licitaci_n_subministraci_n_do_mobiliario_do_cent_wwwconcursos,AC,Licitación: Subministración do mobiliario do Centro Integral para a ...,,V4_CLASSIFICATION,REJECTED_EARLY,DUPLICATE,,,,,,,,,,https://www.concursospublicos.com/licitaciones/detalle/26289956/subministracion-do-mobiliario-do-centro-integral-para-a-inclusion-social-cipis-lote-i-aloxamento-e-banos-lote-ii-oficinas-e-zonas-comuns-lote-iii-cocina-e-comedor-lote-2-lote-ii-oficinas-e-zonas-comuns,,
gdi_v3_ac_concello_de_bande_wwwfacebookc,AC,Concello de Bande,,V4_CLASSIFICATION,SIGNAL_ONLY,DUPLICATE,,,,,,,,,,https://www.facebook.com/concellodebande/posts/%EF%B8%8F%EF%B8%8F%F0%9D%97%9F%F0%9D%97%9C%F0%9D%97%96%F0%9D%97%9C%F0%9D%97%A7%F0%9D%97%94%F0%9D%97%96%F0%9D%97%9C%C3%B3%F0%9D%97%A1-%F0%9D%97%A3%F0%9D%97%94%F0%9D%97%A5%F0%9D%97%94-%F0%9D%97%94%F0%9D%97%A5%F0%9D%97%A5%F0%9D%97%98%F0%9D%97%A1%F0%9D%97%97%F0%9D%97%94%F0%9D%97%A0%F0%9D%97%98%F0%9D%97%A1%F0%9D%97%A7%F0%9D%97%A2-%F0%9D%97%97%F0%9D%97%94-%F0%9D%97%96%F0%9D%97%94%F0%9D%97%A6%F0%9D%97%94-%F0%9D%97%97%F0%9D%97%A2-%F0%9D%97%95%F0%9D%97%94%C3%B1%F0%9D%97%A2-%F0%9D%97%96%F0%9D%97%A2%F0%9D%97%A0%F0%9D%97%A2-%F0%9D%97%94%F0%9D%97%9F%F0%9D%97%A2%F0%9D%97%AB%F0%9D%97%94%F0%9D%97%A0%F0%9D%97%98%F0%9D%97%A1%F0%9D%97%A7%F0%9D%97%A2-%F0%9D%97%A7%F0%9D%97%A8%F0%9D%97%A5%C3%AD%F0%9D%97%A6%F0%9D%97%A7%F0%9D%97%9C%F0%9D%97%96%F0%9D%97%A2xa-est%C3%A1-/1466900875475867/,,
gdi_v3_spice_home_government_wwwgovnetbs,SPICE,Home - Government,,V4_CLASSIFICATION,REJECTED_EARLY,DUPLICATE,,,,,,,,,,http://www.govnet.bs/wps/portal/public/system/terms/!ut/p/b1/vZLJkpswFEW_pT_AjUCMS-ZBCDAzbFzG2HjCuA3N9PWxM1SlknR3Fkk_rVS6V0fvPhE5kRL5Zd0fqnV3aC7r82Ofs6ulBJaBLUARiAwDTIMKOU6PoKyBuyC7CyDQsSjSPHapUAAmKZMsihhge8xXP9RdvJTvxzxLP45Dx1RUD-o-QyREamSzLTd4UNV4ZeV9qx8KtcPBOXGujkH15VkZ6rpBxzU6rOBCebm0riTPEFx6FPiLA72zmf4C1_XRCphQj9PhZHXTIhZW-6Q49mhY8MW5LKLxIlR2SWXXFq1BZWo2sra2ESrVucrYGW3ES3ZDqTm9-ljK5C0FtAWzcSn99FLj9mpN8pROhTcEhQXw0_e-wRslgo_6_iU3nQEsMCPPFj3OoFz6Fz-II-meO0YKL_MQGNwP_9uAv_P_eW6SzPzl3N8GfOBPiPzbE9_5OV8F70X8_g3cD4Hu0lh9CBhee4TE2B4rkLz02w1_mMJ7iEdM2V3AvfmGEBIhkQJ6FRynqzmfZv84-whz5tDO4kieSCsMvcSJTlNQ5g6-xRjcogHbFg4GdzpaCAsGLjU_ktJ-GOjq6ekDIKQ-G0h-NpD770BEwTvQhrbDy6TJwk8GYvafAy0iPxT187Cpn8EzYHjAkAIpUJACgAGQJuJjxgpKY4mq6e_2ScblxZYyx30Xaa8nvOygJNmvFr9DdNlxWd3tnQLPU8oqTkkbasqLYtOMTO3c-JbOGyfGZVVMQ3Cqxo098fuXZkOugZYMVDvckqW1K9hYW2xYcVwXIvtamKp7a89pkt9Qw13pUBtsrm9fak-P61hjr74re2MflGHHiZsS7MO-6uVIcM5uttgwrVWPfDAru1sgDKtGGb0Gqmh7Rh17YY1TQThGU2-Jax316F4266u-Mac_re0XoQhQtw!!/dl4/d5/L2dJQSEvUUt3QS80SmtFL1o2X1FCMFFTTDkzQTBBNTUwSUgyVDc3R1UzQ0Yw/,,
gdi_v3_spice_the_grand_bargain_official_website_iasc_interagencys,SPICE,The Grand Bargain (Official website) | IASC,,V4_CLASSIFICATION,SIGNAL_ONLY,DUPLICATE,,,,,,,,,,https://interagencystandingcommittee.org/grand-bargain,,
gdi_v3_spice_grand_mental_health_wwwgrandmhco,SPICE,GRAND Mental Health,,V4_CLASSIFICATION,SIGNAL_ONLY,DUPLICATE,,,,,,,,,,https://www.grandmh.com/,,
gdi_v3_spice_grand_county_co_official_website_official_websit_wwwcograndco,SPICE,"Grand County, CO - Official Website | Official Website",,V4_CLASSIFICATION,SIGNAL_ONLY,DUPLICATE,,,,,,,,,,https://www.co.grand.co.us/,,
gdi_v3_spice_the_grand_nightclub_events_seaport_district_bost_thegrandbost,SPICE,"The Grand | Nightclub & Events — Seaport District, Boston",,V4_CLASSIFICATION,SIGNAL_ONLY,DUPLICATE,,,,,,,,,,https://thegrandboston.com/,,
gdi_v3_cambridge_home_government_wwwgovnetbs,CAMBRIDGE,Home - Government,,V4_CLASSIFICATION,REJECTED_EARLY,DUPLICATE,,,,,,,,,,http://www.govnet.bs/wps/portal/public/system/terms/!ut/p/b1/vVNdk6I6FPwt8wMcEggEHvkWJICACL5QKAiKKIIK8uvXqZ2te2e25lq3andOnlKnO92nT4VaURG1Oqa3XZFedqdjeni7r7iE0R1EVMQTR5NFYEAVTZm5wgAfUEsqmsY3ST6RXhWXidnlfT0otrDbzVwvxDC-LNQxlMP6oNyEpEgz3OtSWdRKnaWxnaPZpR2StmCVylTMw1Y4VhDDtuCT8rjfbrRrcErOzHaiwXSyniNnUuRLrySh2oQhKHf3TWVGvm2ewXVvoLNRggObjfx8gfqXl4f5-GEefFEi-Dkb0Ikovs02o5nHbBZj2bwMaQ-_8_8B0IHwAMiQmy1YYNHgVzZkLj_aPIfe2oFtKKrL6B79G_83gf_H11nAAWPhWqKLp7SDwLPdvPO_Fni629WniD4lQD8DgHfAf-3g4wufhpzRTwCPFOIHAH_pYYqogIoASvz9vTHGavT2eA6IQoauFXsYLHpb2S7sQB-IndmkKga4XvSk6u-k2g1EyQwiWG4WegtJlDQXxOMzQfa7BfE3Cwr0Xxf8-FUk7rsF__wOTWq1W9ev_aZ-Ba88x0MAOJ6HNGZYRqBCM65Y5WSLqhhs5xexAVgLVAN1sqKbw1q_V1mpENeSMTxIoRZloGtxM5xyQyr3o7OV2LPDIB1FF6SVgkeQkLWtOu9Rft7q58iPsHy6TGbnNmCmN2TekdM43Vpse27LNziKTL6j7yqTpcbm9ELZ01Odf3TMCQLkOIGnOQbTLIffHN-x3JmipvqJuVmCa-iuvXbuD36b-qS_XhtJqLRxM3GzPN6Hx7GTDAvnTHqppXhGQ2WTxPt9Lafs6ItNzDqCaDvXHZNPFeJH0L8uJ_35FhRcNKBsyrtS17F56grN3HEnSwLXFze0eHVFp5C03JoV48QscfdCNfVt9iiL81SPh_86TFn8AKtiop0!/dl4/d5/L2dJQSEvUUt3QS80SmtFL1o2X1FCMFFTTDkzQTBBNTUwSUgyVDc3R1UzQ0Yw/,,
gdi_v3_cambridge_somerset_county_home_wwwsomersetc,CAMBRIDGE,Somerset County | Home,,V4_CLASSIFICATION,SIGNAL_ONLY,DUPLICATE,,,,,,,,,,https://www.somersetcountynj.gov/,,
gdi_v3_cambridge_somerset_enwikipediao,CAMBRIDGE,Somerset,,V4_CLASSIFICATION,REJECTED_EARLY,DUPLICATE,,,,,,,,,,https://en.wikipedia.org/wiki/Somerset,,
gdi_v3_cambridge_welcome_to_the_town_of_somerset_md_wwwtownofsom,CAMBRIDGE,"Welcome to the Town of Somerset, MD",,V4_CLASSIFICATION,SIGNAL_ONLY,DUPLICATE,,,,,,,,,,https://www.townofsomersetmd.gov/,,
gdi_v3_cambridge_city_of_somerset_tx_home_wwwsomersett,CAMBRIDGE,"City of Somerset, TX: Home",,V4_CLASSIFICATION,SIGNAL_ONLY,DUPLICATE,,,,,,,,,,https://www.somersettx.gov/,,
gdi_v3_cambridge_sos_to_take_legal_action_against_govt_wwwroyalgaze,CAMBRIDGE,SOS to take legal action against Govt.,,V4_CLASSIFICATION,SIGNAL_ONLY,DUPLICATE,,,,,,,,,,https://www.royalgazette.com/other/news/article/20110208/sos-to-take-legal-action-against-govt/,,
gdi_v3_cambridge_spurs_home_to_spur_on_nfl_matchups_coliseum_wwwcoliseumo,CAMBRIDGE,Spurs home to 'spur' on NFL matchups - Coliseum,,V4_CLASSIFICATION,SIGNAL_ONLY,DUPLICATE,,,,,,,,,,https://www.coliseum-online.com/spurs-home-to-spur-on-nfl-matchups/,,
gdi_v3_cambridge_skyport_visit_bermuda_by_north_south_net_inc_issuucom,CAMBRIDGE,"Skyport Visit Bermuda by North South Net, Inc.",,V4_CLASSIFICATION,REJECTED_EARLY,DUPLICATE,,,,,,,,,,https://issuu.com/northsouthnet4/docs/skyport_visit_bermuda,,
gdi_v3_now_now_construction_work_for_hotel_tenders_wwwtendersin,NOW_NOW,construction work for hotel Tenders,,V4_CLASSIFICATION,SIGNAL_ONLY,DUPLICATE,,,,,,,,,,https://www.tendersinfo.com/global-hotel-tenders.php,,
gdi_v3_now_now_hotel_services_rfp_bids_and_government_contracts_wwwglobalten,NOW_NOW,"Hotel Services RFP, bids and Government Contracts",,V4_CLASSIFICATION,SIGNAL_ONLY,DUPLICATE,,,,,,,,,,https://www.globaltenders.com/rfp-us/hotel-services-bids,,
gdi_v3_now_now_hiring_of_hotel_tenders_2026_find_opportunities__wwwbiddetail,NOW_NOW,Hiring Of Hotel Tenders 2026 - Find Opportunities Worldwide,,V4_CLASSIFICATION,ADMITTED_CANDIDATE,DUPLICATE,,,,,,,,,,https://www.biddetail.com/global-tenders/hiring-of-hotel-tenders,,
gdi_v3_now_now_contracting_opportunities_new_york_state_contrac_wwwnyscrnygo,NOW_NOW,Contracting Opportunities - New York State Contract Reporter,,V4_CLASSIFICATION,SIGNAL_ONLY,DUPLICATE,,,,,,,,,,https://www.nyscr.ny.gov/Ads/Search,,
gdi_v3_now_now_usaspending_gov_wwwusaspendi,NOW_NOW,USAspending.gov,,V4_CLASSIFICATION,REJECTED_EARLY,DUPLICATE,,,,,,,,,,https://www.usaspending.gov/recipient/6a045c1f-cc78-c9c9-5e4a-861edd386618-C/latest,,
gdi_v3_now_now_jdhq_hotels_llc_federal_award_recipient_profile_wwwusaspendi,NOW_NOW,JDHQ HOTELS LLC | Federal Award Recipient Profile,,V4_CLASSIFICATION,SIGNAL_ONLY,DUPLICATE,,,,,,,,,,https://www.usaspending.gov/recipient/1e6a33f2-4799-30e2-98bb-958a1822bc83-C/latest,,
gdi_v3_now_now_lodgingservices_bid_network_where_the_lodgingser_lodgingservi,NOW_NOW,Lodgingservices Bid Network | Where the lodgingservices ...,,V4_CLASSIFICATION,SIGNAL_ONLY,DUPLICATE,,,,,,,,,,https://lodgingservices.link/,,
gdi_v3_now_now_bi_monthly_reports_reportsethic,NOW_NOW,bi-monthly reports,,V4_CLASSIFICATION,REJECTED_EARLY,DUPLICATE,,,,,,,,,,https://reports.ethics.ny.gov/publicquery/ViewFiling/BIMOPDF/NjkxMTI30,,
gdi_v3_now_now_2023110900713003_acris_a836acrisnyc,NOW_NOW,2023110900713003 - ACRIS,,V4_CLASSIFICATION,REJECTED_EARLY,DUPLICATE,,,,,,,,,,https://a836-acris.nyc.gov/DS/DocumentSearch/DocumentDetail?doc_id=2023110900713003,,
gdi_v3_yotel_j_172_les_10_11_octobre_2026_afim_health_organis_wwwinstagram,YOTEL,"J – 172 Les 10 & 11 octobre 2026, AFIM Health organise à ...",,V4_CLASSIFICATION,ADMITTED_CANDIDATE,DUPLICATE,,,,,,,,,,https://www.instagram.com/p/DXY7vBLDVIR/,,
gdi_v3_yotel_d_couvrez_les_partenaires_du_geneva_oncomics_sum_wwwinstagram,YOTEL,Découvrez les partenaires du Geneva OnComics Summit ...,,V4_CLASSIFICATION,SIGNAL_ONLY,DUPLICATE,,,,,,,,,,https://www.instagram.com/p/DcBDINWDXc8/,,
gdi_v3_yotel_congr_s_ice_waterloo_wwwfacebookc,YOTEL,Congrès ICE | Waterloo,,V4_CLASSIFICATION,SIGNAL_ONLY,DUPLICATE,,,,,,,,,,https://www.facebook.com/icecongres/?locale=az_AZ,,
gdi_v3_yotel_forum_mondial_sur_l_autonomisation_des_jeunes_10timescom,YOTEL,Forum mondial sur l'autonomisation des jeunes,,V4_CLASSIFICATION,SIGNAL_ONLY,DUPLICATE,,,,,,,,,,https://10times.com/fr/e1h2-920d-sfrz-x,,
gdi_v3_yotel_la_saison_2026_2027_des_conf_rences_du_lundi_est_wwwinstagram,YOTEL,La saison 2026–2027 des Conférences du lundi est ...,,V4_CLASSIFICATION,ADMITTED_CANDIDATE,DUPLICATE,,,,,,,,,,https://www.instagram.com/p/DceiEgRF2Yp/,,
gdi_v3_yotel_opening_of_the_2026_2027_season_wwwgenevecom,YOTEL,Opening of the 2026–2027 Season,,V4_CLASSIFICATION,ADMITTED_CANDIDATE,DUPLICATE,,,,,,,,,,https://www.geneve.com/en/events/opening-of-the-2026-2027-season?chatbase=true&cHash=d73bc7b4b9f4ad802af06226946d470c,,
gdi_v3_yotel_events_from_january_26_april_14_cwf_official_web_wwwcwfch,YOTEL,Events from January 26 – April 14 – CWF Official Website,,V4_CLASSIFICATION,ADMITTED_CANDIDATE,DUPLICATE,,,,,,,,,,https://www.cwf.ch/events/list/?tribe-bar-date=2026-01-01,,
gdi_v3_yotel_autisme_gen_ve_wwwfacebookc,YOTEL,Autisme Genève,,V4_CLASSIFICATION,SIGNAL_ONLY,DUPLICATE,,,,,,,,,,https://www.facebook.com/autismegeneve/posts/la-saison-20262027-des-conf%C3%A9rences-du-lundi-est-ouverte-aux-inscriptions-%EF%B8%8Fcette-/1647948984036139/,,
gdi_v3_ac_hoteles_2_estrellas_superior_en_galicia_galicia_wwwturismoga,AC,Hoteles 2 estrellas superior en Galicia - GALICIA,,V4_CLASSIFICATION,SIGNAL_ONLY,DUPLICATE,,,,,,,,,,https://www.turismo.gal/localizador-de-recursos/-/sit/donde-alojarse/hoteles/2-estrellas-superior/galicia?langId=es_ES,,
gdi_v3_ac_neumolog_a_europeo_congreso_separ_2026_infosaludrdc,AC,Neumología Europeo – Congreso SEPAR 2026 -,,V4_CLASSIFICATION,ADMITTED_CANDIDATE,DUPLICATE,,,,,,,,,,https://infosaludrd.com/neumologia-europeo-congreso-separ-2026,,
gdi_v3_ac_buscar_empleo_791_ofertas_de_trabajo_de_indefini_jobtodaycom,AC,Buscar empleo: 791 ofertas de trabajo de indefinido en ...,,V4_CLASSIFICATION,SIGNAL_ONLY,DUPLICATE,,,,,,,,,,https://jobtoday.com/es/trabajos-indefinido/cambre,,
gdi_v3_ac_ya_est_abierta_la_convocatoria_de_las_becas_de_m_wwwinstagram,AC,¡Ya está abierta la convocatoria de las Becas de Movilidad ...,,V4_CLASSIFICATION,SIGNAL_ONLY,DUPLICATE,,,,,,,,,,https://www.instagram.com/p/DaPjUgSiPpq/,,
gdi_v3_ac_a_coru_a_se_presenta_ante_organizadores_internac_wwwlaopinion,AC,A Coruña se presenta ante organizadores internacionales ...,,V4_CLASSIFICATION,ADMITTED_CANDIDATE,DUPLICATE,,,,,,,,,,https://www.laopinioncoruna.es/coruna/2026/09/28/coruna-presenta-organizadores-internacionales-atraer-134774777.html,,
gdi_v3_ac_a_coru_a_se_presenta_ante_organizadores_internac_wwwelidealga,AC,A Coruña se presenta ante organizadores internacionales ...,,V4_CLASSIFICATION,ADMITTED_CANDIDATE,DUPLICATE,,,,,,,,,,https://www.elidealgallego.com/a-coruna/2026-09-28/a-coruna-se-presenta-ante-organizadores-internacionales-para-atraer-nuevos-congresos-y-eventos-a-la-ciudad-881759.html,,
gdi_v3_ac_a_coru_a_reuni_a_80_profesionales_internacionale_tur43es,AC,A Coruña reunió a 80 profesionales internacionales para ...,,V4_CLASSIFICATION,SIGNAL_ONLY,DUPLICATE,,,,,,,,,,https://tur43.es/eventos/a-coruna-reunio-a-80-profesionales-internacionales-para-atraer-nuevos-congresos-y-eventos.html,,
gdi_v3_ac_a_coru_a_acoge_estos_d_as_el_mis_internacional_2_wwwinstagram,AC,"✨💼 A Coruña acoge estos días el MIS Internacional 2026, ...",,V4_CLASSIFICATION,ADMITTED_CANDIDATE,DUPLICATE,,,,,,,,,,https://www.instagram.com/p/Dd1JAnOGFTh/,,
gdi_v3_now_now_hyatt_place_flushing_laguardia_airport_usrsocietyor,NOW_NOW,Hyatt Place Flushing/Laguardia Airport,,V4_CLASSIFICATION,SIGNAL_ONLY,DUPLICATE,,,,,,,,,,https://usrsociety.org/Conference/17073/ICESPCD/venue,,
gdi_v3_now_now_https_gc_synxis_com_rez_aspx_hotel_74710_chain_2_gcsynxiscom,NOW_NOW,https://gc.synxis.com/rez.aspx?Hotel=74710&Chain=2...,,V4_CLASSIFICATION,REJECTED_EARLY,DUPLICATE,,,,,,,,,,https://gc.synxis.com/rez.aspx?Hotel=74710&Chain=21025&group=1708AMERIC,,
gdi_v3_now_now_https_guides_nyu_edu_arch_nyu04390_guidesnyuedu,NOW_NOW,https://guides.nyu.edu/arch/NYU04390,,V4_CLASSIFICATION,REJECTED_EARLY,DUPLICATE,,,,,,,,,,https://guides.nyu.edu/arch/NYU04390,,
gdi_v3_now_now_conference_venue_efstmcom,NOW_NOW,Conference Venue,,V4_CLASSIFICATION,SIGNAL_ONLY,DUPLICATE,,,,,,,,,,https://efstm.com/event/venue.php?id=100868857,,
gdi_v3_now_now_nuu_shift_2026_conference_wwwmayfairho,NOW_NOW,NUU SHIFT 2026 Conference,,V4_CLASSIFICATION,ADMITTED_CANDIDATE,DUPLICATE,,,,,,,,,,https://www.mayfairhotelnyc.com/events/new-york/nuu-shift-2026-conference-12724773,,
gdi_v3_now_now_now_now_noho_new_york_city_wwwroomertra,NOW_NOW,"Now Now NoHo, New York City",,V4_CLASSIFICATION,SIGNAL_ONLY,DUPLICATE,,,,,,,,,,https://www.roomertravel.com/fr/hotels/now-now-noho.h1501944,,
gdi_v3_spice_spice_island_beach_resort_redefines_corporate_ga_caribbeantou,SPICE,Spice Island Beach Resort Redefines Corporate Gatherings,,V4_CLASSIFICATION,SIGNAL_ONLY,DUPLICATE,,,,,,,,,,https://caribbeantourismauthority.com/spice-island-beach-resort-redefines-corporate-gatherings/,,
gdi_v3_spice_grenada_tourism_authority_targets_high_yield_gro_wwwpuregrena,SPICE,Grenada Tourism Authority Targets High-Yield Growth and ...,,V4_CLASSIFICATION,SIGNAL_ONLY,DUPLICATE,,,,,,,,,,https://www.puregrenada.com/grenada-tourism-authority-targets-high-yield-growth-and-mice-opportunities-in-guyana/,,
gdi_v3_spice_st_george_s_grenada_hotels_page_2_wwwtravelage,SPICE,"St George's, Grenada Hotels- Page 2",,V4_CLASSIFICATION,SIGNAL_ONLY,DUPLICATE,,,,,,,,,,https://www.travelagewest.com/Hotels/St-Georges-Grenada?v=D&pg=2,,
gdi_v3_spice_six_senses_la_sagesse_grenada_wwwcventcom,SPICE,Six Senses La Sagesse Grenada,,V4_CLASSIFICATION,SIGNAL_ONLY,DUPLICATE,,,,,,,,,,https://www.cvent.com/venues/st-david/resort/six-senses-la-sagesse-grenada/venue-27e4aa0c-073f-464f-85ea-281f9d06625f,,
gdi_v3_spice_grand_anse_grenada_area_hotels_page_3_wwwtravelwee,SPICE,"Grand Anse, Grenada Area Hotels- Page 3",,V4_CLASSIFICATION,SIGNAL_ONLY,DUPLICATE,,,,,,,,,,https://www.travelweekly-asia.com/hotels/grand-anse-grenada?v=D&pg=3,,
gdi_v3_spice_lavish_all_inclusive_this_will_be_the_2nd_instal_wwwfacebookc,SPICE,Lavish All Inclusive This will be the 2nd installment of ...,,V4_CLASSIFICATION,SIGNAL_ONLY,DUPLICATE,,,,,,,,,,https://www.facebook.com/HiltonTrinidad/posts/lavish-all-inclusivethis-will-be-the-2nd-installment-of-lavish-all-inclusive-on-/10162990225070594/,,
gdi_v3_spice_exhibitor_directory_iltm_north_america_test18rxdepl,SPICE,Exhibitor Directory | ILTM North America,,V4_CLASSIFICATION,SIGNAL_ONLY,DUPLICATE,,,,,,,,,,https://test18.rx-deployment.net/en-gb/exhibitor-directory.html,,
gdi_v3_spice_exhibitor_list_wwwiftmfr,SPICE,Exhibitor list,,V4_CLASSIFICATION,SIGNAL_ONLY,DUPLICATE,,,,,,,,,,https://www.iftm.fr/en-gb/show/exhibitors.html?page=7,,
gdi_v3_spice_luxury_travel_advisor_december_2024_pdf_wwwscribdcom,SPICE,Luxury Travel Advisor - December 2024 | PDF,,V4_CLASSIFICATION,SIGNAL_ONLY,DUPLICATE,,,,,,,,,,https://www.scribd.com/document/854133274/Luxury-Travel-Advisor-December-2024,,
gdi_v3_cambridge_trips_to_great_bermuda_deals_may_logitravel_wwwlogitrave,CAMBRIDGE,Trips to Great Bermuda | Deals May - Logitravel,,V4_CLASSIFICATION,SIGNAL_ONLY,DUPLICATE,,,,,,,,,,https://www.logitravel.eu/holidays/america/bermuda/great-bermuda/may/,,
gdi_v3_cambridge_trips_to_great_bermuda_deals_deals_logitravel_wwwlogitrave,CAMBRIDGE,Trips to Great Bermuda | Deals Deals - Logitravel,,V4_CLASSIFICATION,SIGNAL_ONLY,DUPLICATE,,,,,,,,,,https://www.logitravel.eu/holidays/america/bermuda/great-bermuda/deals/,,
gdi_v3_cambridge_bermuda_holiday_package_results_vacationsbon,CAMBRIDGE,Bermuda Holiday Package Results,,V4_CLASSIFICATION,ADMITTED_CANDIDATE,DUPLICATE,,,,,,,,,,https://vacations.bonvoyaga.com/holidays?destinations[0]=BERMUDA&from=YYZ&rooms[0][adults]=2&duration=7&travelMonths[0]=2026-12,,
gdi_v3_cambridge_your_curated_bermuda_festivals_and_events_calend_wwwstayinber,CAMBRIDGE,Your curated Bermuda festivals and events calendar for ...,,V4_CLASSIFICATION,SIGNAL_ONLY,DUPLICATE,,,,,,,,,,https://www.stay-in-bermuda.com/your-curated-bermuda-festivals-and-events-calendar-for-inspired-hotel-stays,,
gdi_v3_cambridge_willowbank_resort_5_0_eco_hotel_hamilton_bermuda_imptio,CAMBRIDGE,"Willowbank Resort (5.0★) Eco-Hotel Hamilton, Bermuda",,V4_CLASSIFICATION,SIGNAL_ONLY,DUPLICATE,,,,,,,,,,https://impt.io/green-hotels/bermuda/hamilton/willowbank-resort/,,
gdi_v3_cambridge_bermuda_meeting_facilities_convention_centers_in_wwwmeetingsc,CAMBRIDGE,Bermuda Meeting Facilities- Convention Centers in Bermuda,,V4_CLASSIFICATION,SIGNAL_ONLY,DUPLICATE,,,,,,,,,,https://www.meetings-conventions.com/Meeting-Event-Venues/Bermuda/Convention-Centers?pg=2,,
gdi_v3_cambridge_event_space_hotels_in_paget_parish_bermuda_wwwmeetingsc,CAMBRIDGE,"Event Space & Hotels in Paget Parish, Bermuda",,V4_CLASSIFICATION,SIGNAL_ONLY,DUPLICATE,,,,,,,,,,https://www.meetings-conventions-asia.com/Meeting-Event-Venues/Paget-Parish-Bermuda/Hotels,,
gdi_v3_cambridge_hotels_in_bermuda_localbermuda,CAMBRIDGE,Hotels in Bermuda,,V4_CLASSIFICATION,SIGNAL_ONLY,DUPLICATE,,,,,,,,,,"https://local.bermuda.com/somerset,bm/hotels",,
gdi_v3_yotel_conference_venue_sponsors_lodging_motion_wwwresearchf,YOTEL,Conference Venue — sponsors lodging motion,,V4_CLASSIFICATION,SIGNAL_ONLY,DUPLICATE,,,,,,,,,,https://www.researchfora.net/event/venue.php?id=100883693,,
gdi_v3_yotel_hotels_exhibitors_lodging_motion_organizersco,YOTEL,Hotels — exhibitors lodging motion,,V4_CLASSIFICATION,REJECTED_EARLY,DUPLICATE,,,,,,,,,,https://organizers-congress.org/frontend/index.php?page_id=3421,,
gdi_v3_yotel_hotels_sponsors_lodging_motion_organizersco,YOTEL,Hotels — sponsors lodging motion,,V4_CLASSIFICATION,DUPLICATE,DUPLICATE,,,,,,,,,,https://organizers-congress.org/frontend/index.php?page_id=3421,,
gdi_v3_ac_alojamiento_eventszone_overflow_lodging_motion_reedmackayev,AC,alojamiento - eventszone — overflow lodging motion,,V4_CLASSIFICATION,DUPLICATE,DUPLICATE,,,,,,,,,,https://reedmackay.eventszone.net/myCongress/form.php?thisFormCongress=alojamientosedomurcia&thisFormLanguage=es&thisCodeForm=CONGRESO,,
gdi_v3_spice_six_senses_la_sagesse_grenada_overflow_lodging_m_wwwcventcom,SPICE,Six Senses La Sagesse Grenada — overflow lodging motion,,V4_CLASSIFICATION,DUPLICATE,DUPLICATE,,,,,,,,,,https://www.cvent.com/venues/st-david/resort/six-senses-la-sagesse-grenada/venue-27e4aa0c-073f-464f-85ea-281f9d06625f,,
gdi_v3_cambridge_bermuda_holiday_package_results_overflow_lodging_vacationsbon,CAMBRIDGE,Bermuda Holiday Package Results — overflow lodging motion,,V4_CLASSIFICATION,DUPLICATE,DUPLICATE,,,,,,,,,,https://vacations.bonvoyaga.com/holidays?destinations[0]=BERMUDA&from=YYZ&rooms[0][adults]=2&duration=7&travelMonths[0]=2026-12,,
gdi_v3_yotel_https_meetings_myswitzerland_com_fr_ca_preparati_meetingsmysw,YOTEL,https,,V4_CLASSIFICATION,REJECTED_EARLY,DUPLICATE,,,,,,,,,,https://meetings.myswitzerland.com/fr-ca/preparation-seminaire/trouvez-votre-lieu/venues/centredescongres/geneve/?geographicallocations=alonggrandtour&noidx=1,,
gdi_v3_yotel_assembl_e_nationale_les_d_put_s_le_vote_de_la_lo_wwwassemblee,YOTEL,"Assemblée nationale ~ Les députés, le vote de la loi, le ...",,V4_CLASSIFICATION,SIGNAL_ONLY,DUPLICATE,,,,,,,,,,https://www.assemblee-nationale.fr/,,
gdi_v3_yotel_l_assembl_e_comit_international_de_la_croix_roug_wwwicrcorg,YOTEL,L'Assemblée,,V4_CLASSIFICATION,REJECTED_EARLY,DUPLICATE,,,,,,,,,,https://www.icrc.org/fr/assemblee,,
gdi_v3_yotel_afe_assembl_e_des_fran_ais_de_l_tranger_repr_sen_wwwassemblee,YOTEL,AFE,,V4_CLASSIFICATION,REJECTED_EARLY,DUPLICATE,,,,,,,,,,https://www.assemblee-afe.fr/,,
gdi_v3_yotel_l_assembl_e_des_territoires_wwwlaregionf,YOTEL,L'Assemblée des Territoires,,V4_CLASSIFICATION,SIGNAL_ONLY,DUPLICATE,,,,,,,,,,https://www.laregion.fr/L-Assemblee-des-Territoires,,
gdi_v3_ac_a_coru_a_acoger_diez_grandes_eventos_de_congreso_wwwelidealga,AC,A Coruña acogerá diez grandes eventos de congresos ...,,V4_CLASSIFICATION,SIGNAL_ONLY,DUPLICATE,,,,,,,,,,https://www.elidealgallego.com/articulo/a-coruna/coruna-acogera-diez-grandes-eventos-congresos-ano-3788862,,
gdi_v3_yotel_base_gva_gen_ve_tourisme_wwwgenevecom,YOTEL,Base GVA | Genève Tourisme,,V4_CLASSIFICATION,DUPLICATE,DUPLICATE,,,,,,,,,,https://www.geneve.com/fr/hotels/base-hotel,,
gdi_v3_yotel_ce_qui_permet_une_carri_re_de_durer_et_d_voluer_infomaniakev,YOTEL,ce qui permet à une carrière de durer - et d'évoluer?,,V4_CLASSIFICATION,DUPLICATE,DUPLICATE,,,,,,,,,,https://infomaniak.events/fr-ch/conferences/transformation-des-competences-ce-qui-permet-a-une-carriere-de-durer-et-devoluer/7b1d675b-764b-4032-ac1d-4ae5115ca5c7/events/399368,,
gdi_v3_yotel_exemples_de_congr_s_switzerland_meetings_meetingsmysw,YOTEL,Exemples de Congrès - Switzerland Meetings,,V4_CLASSIFICATION,DUPLICATE,DUPLICATE,,,,,,,,,,https://meetings.myswitzerland.com/fr-fr/inspiration/bon-a-savoir/references-et-conseils/references-de-congres/,,
gdi_v3_yotel_tout_est_r_uni_au_m_me_endroit_pour_organiser_vo_wwwinstagram,YOTEL,tout est réuni au même endroit pour organiser votre ...,,V4_CLASSIFICATION,DUPLICATE,DUPLICATE,,,,,,,,,,https://www.instagram.com/p/DdbM7mmCEDt/,,
gdi_v3_yotel_lancement_de_la_nouvelle_campagne_estivale_2023_wwwtendanceh,YOTEL,Lancement de la nouvelle campagne estivale 2023,,V4_CLASSIFICATION,DUPLICATE,DUPLICATE,,,,,,,,,,https://www.tendancehotellerie.fr/articles-breves/communique-de-presse/19643-article/lancement-de-la-nouvelle-campagne-estivale-2023-geneve-inattendue,,
gdi_v3_yotel_anna_krebs_iofc_wwwiofcch,YOTEL,Anna Krebs | IofC,,V4_CLASSIFICATION,DUPLICATE,DUPLICATE,,,,,,,,,,https://www.iofc.ch/fr/anna-krebs,,
gdi_v3_yotel_novotel_gen_ve_centre_chlinkedinco,YOTEL,Novotel Genève Centre,,V4_CLASSIFICATION,DUPLICATE,DUPLICATE,,,,,,,,,,https://ch.linkedin.com/company/novotel-gen%C3%A8ve-centre,,
gdi_v3_yotel_angola_nouvelle_loi_sur_l_investissement_priv_cmslaw,YOTEL,Angola : nouvelle loi sur l'investissement privé,,V4_CLASSIFICATION,DUPLICATE,DUPLICATE,,,,,,,,,,https://cms.law/fr/fra/legal-updates/angola-nouvelle-loi-sur-l-investissement-prive,,
gdi_v3_yotel_dynamique_de_leadership_p_dagogique_pour_wwwinstagram,YOTEL,dynamique de leadership pédagogique pour ...,,V4_CLASSIFICATION,DUPLICATE,DUPLICATE,,,,,,,,,,https://www.instagram.com/p/DU8djTYkuBj/,,
gdi_v3_yotel_apr_s_des_changes_tr_s_tendus_les_n_gociations_wwwrtlbe,YOTEL,"Après des échanges « très tendus », les négociations ...",,V4_CLASSIFICATION,DUPLICATE,DUPLICATE,,,,,,,,,,https://www.rtl.be/actu/monde/international/apres-des-echanges-tres-tendus-les-negociations-reprennent-ukrainiens-et-russes/2026-02-18/article/780156,,
gdi_v3_yotel_report_en_arri_re_du_d_ficit_attention_au_change_cmslaw,YOTEL,Report en arrière du déficit : attention au changement d'activité,,V4_CLASSIFICATION,DUPLICATE,DUPLICATE,,,,,,,,,,https://cms.law/fr/fra/news-information/report-en-arriere-du-deficit-attention-au-changement-d-activite,,
gdi_v3_yotel_rediffusion_de_notre_direct_depuis_l_wwwinstagram,YOTEL,Rediffusion de notre direct depuis l' ...,,V4_CLASSIFICATION,DUPLICATE,DUPLICATE,,,,,,,,,,https://www.instagram.com/reel/DZIktwrE1_E/,,
gdi_v3_yotel_le_canton_de_vaud_veut_booster_le_secteur_mice_h_wwwhtrch,YOTEL,Le canton de Vaud veut booster le secteur MICE - htr.ch,,V4_CLASSIFICATION,DUPLICATE,DUPLICATE,,,,,,,,,,https://www.htr.ch/edition-francaise/article/tourisme/le-canton-de-vaud-veut-booster-le-secteur-mice-43911,,
gdi_v3_yotel_l_quipement_moto_adapt_plan_les_ouates_wwwplanlesou,YOTEL,L'équipement moto adapté | Plan-les-Ouates,,V4_CLASSIFICATION,DUPLICATE,DUPLICATE,,,,,,,,,,https://www.plan-les-ouates.ch/actualites/lequipement-moto-adapte,,
gdi_v3_yotel_bruno_ryf_assistant_client_le_gare_et_militant_i_sevonlinech,YOTEL,"Bruno Ryf, assistant-clientèle gare et militant infatigable : SEV ...",,V4_CLASSIFICATION,DUPLICATE,DUPLICATE,,,,,,,,,,https://sev-online.ch/fr/aktuell/kontakt.sev/2023/bruno-ryf-assistant-clientle-gare-et-militant-infatigable-202302-225719/,,
gdi_v3_yotel_mbg_groupement_des_m_tiers_techniques_du_b_timen_frlinkedinco,YOTEL,MBG - Groupement des Métiers techniques du Bâtiment Genève,,V4_CLASSIFICATION,DUPLICATE,DUPLICATE,,,,,,,,,,https://fr.linkedin.com/posts/mbg-metiers-techniques-du-batiment-geneve_mbg-assembl%C3%A9eg%C3%A9n%C3%A9rale-m%C3%A9tierstechniquesdub%C3%A2timent-activity-7472177352303755265-Ti68,,
gdi_v3_ac_m_s_de_500_profesionales_se_dan_cita_en_el_iii_c_clusterturis,AC,Más de 500 profesionales se dan cita en el III Congreso ...,,V4_CLASSIFICATION,DUPLICATE,DUPLICATE,,,,,,,,,,https://clusterturismogalicia.com/gl/a-coruna-acoge-el-iii-congreso-internacional-de-calidad-turistica/,,
gdi_v3_ac_m_s_de_medio_centenar_de_entidades_forman_parte__acorunacbcom,AC,Más de medio centenar de entidades forman parte ya de la ...,,V4_CLASSIFICATION,DUPLICATE,DUPLICATE,,,,,,,,,,https://acorunacb.com/gl/mas-de-medio-centenar-de-entidades-forman-parte-ya-de-la-fundacion-a-coruna-convention-bureau/,,
gdi_v3_ac_hotel_congreso_en_teo_a_coru_a_galicia_wwwturismoga,AC,HOTEL CONGRESO EN TEO A CORUÑA - GALICIA,,V4_CLASSIFICATION,DUPLICATE,DUPLICATE,,,,,,,,,,https://www.turismo.gal/recurso/-/detalle/1970/congreso?langId=gl_ES&tp=22&ctre=129,,
gdi_v3_ac_central_gallega_de_congresos_sa_wwwturismoga,AC,"central gallega de congresos, sa",,V4_CLASSIFICATION,DUPLICATE,DUPLICATE,,,,,,,,,,https://www.turismo.gal/recurso/-/detalle/15900/central-gallega-de-congresos-s.a.?tp=94&ctre=152,,
gdi_v3_ac_alojamiento_eventszone_reedmackayev,AC,alojamiento - eventszone,,V4_CLASSIFICATION,DUPLICATE,DUPLICATE,,,,,,,,,,https://reedmackay.eventszone.net/myCongress/form.php?thisFormCongress=alojamientosedomurcia&thisFormLanguage=es&thisCodeForm=CONGRESO,,
gdi_v3_ac_global_congresos_wwwturismoga,AC,global congresos,,V4_CLASSIFICATION,DUPLICATE,DUPLICATE,,,,,,,,,,https://www.turismo.gal/recurso/-/detalle/15904/global-congresos?langId=es_ES&tp=94&ctre=152,,
gdi_v3_ac_a_concor_wwwturismoga,AC,a-concor,,V4_CLASSIFICATION,DUPLICATE,DUPLICATE,,,,,,,,,,https://www.turismo.gal/recurso/-/detalle/16067/a-concor?tp=94&ctre=152,,
gdi_v3_ac_hotel_attica_21_coru_a_xvicongresos,AC,Hotel Attica 21 Coruña,,V4_CLASSIFICATION,DUPLICATE,DUPLICATE,,,,,,,,,,http://xvicongreso.sgapeio.es/hotel/attica_sp.html,,
gdi_v3_ac_consulta_de_convenios_xunta_de_galicia_conveniosxun,AC,Consulta de convenios - Xunta de Galicia,,V4_CLASSIFICATION,DUPLICATE,DUPLICATE,,,,,,,,,,https://convenios.xunta.gal/consultaconvenios/busqueda-convenio/convenio/2008-0703,,
gdi_v3_ac_gastos_de_viaje_ac_por_tipo_wwwpoderjudi,AC,GASTOS DE VIAJE AC POR TIPO,,V4_CLASSIFICATION,DUPLICATE,DUPLICATE,,,,,,,,,,https://www.poderjudicial.es/stfls/CGPJ/TRANSPARENCIA/FICHEROS/20260928%20ANEXO%204.pdf,,
gdi_v3_ac_convenio_entre_el_ayuntamiento_de_a_coru_a_wwwinfosubve,AC,CONVENIO ENTRE EL AYUNTAMIENTO DE A CORUÑA ...,,V4_CLASSIFICATION,DUPLICATE,DUPLICATE,,,,,,,,,,https://www.infosubvenciones.es/bdnstrans/api/convocatorias/documentos?idDocumento=1461742,,
gdi_v3_ac_noticias_tur_sticas_galicia_wwwturismoga,AC,Noticias turísticas - GALICIA,,V4_CLASSIFICATION,DUPLICATE,DUPLICATE,,,,,,,,,,https://www.turismo.gal/espazo-profesional/actualidade/novas?langId=es_ES&numPage=4&pageSize=10%2F,,
gdi_v3_spice_venue_accommodations_house_of_assembly_wwwgovnetbs,SPICE,Venue & Accommodations - House of Assembly,,V4_CLASSIFICATION,DUPLICATE,DUPLICATE,,,,,,,,,,http://www.govnet.bs/wps/portal/public/!ut/p/b1/vZLZcqJAFIafZR7A0NCsl80iO8iu3FiKKBBWQYk8_WgqqUoyEzNTNZPuq676__Odv8_BYmyJxfXmnB82Q97Um_L2jum1wwPHMziIWKgxAC0oyrAClkA2hUXYUlmdeaExRwlFa61Px46Mq-Qyzr1xVmacLi4fu81WDOYhpxy4aUdWRcLy9bE5zJyy4FB7FtcbjoiiSVPDttfCkz4RXKmR9T7NAZS4dIf7pASyUmGeENinIBeUzPWykWsjrczrBka96ERnGCedv2PC7GTUrgREaQ3tPRhOeN__uAZZXYOATw4CzzmhbJuOQLImS5McUHHfUkVpAWUGvPghkE2ErgKZAjRQg4WBFoxC2OQHPwgDHqiKqYuswEKgMK_-zwF_5_9VEL9tzyb8W3kBp_WAAoaLf-z_vYAXqPdzBoiiruUJn2HkAApzcN9_A_yR_47gyz2Lv4p4X8AzL4J7O_A6BdKUbhUodn4bEmUsaA5nefAR8ZstuNfD8zffDQoIbHUVMJ9VEGUK87ElINdecWnV6XFyi8kZzSIBnr-BuASeBjCF1nau-oOH-4Y54kaoDqJz6YNMM4_maA3bxS50Ax6hGSxC4QsgS343kP5uIPzvQJ2AV6ABDYsVcNXHvxv47xNqWJxvq4cxqR7AA0OzFM1yLE4wBMESEAuLFTSEXh0lKVrHbUzEJ9zO1O5w4lG2y63WHjS07NwiWK_TQFHO9JE5KKVLKmDpzQ95U1rGChZJlXbi_DQhvnVHpZFko6x3ucrbYsKLfXg0Vb0Tp3YJ-_NEOMe4EUMuSbdAUGxr3-CzWk-3G5m-nGfZBSY-UT8ujcc2HuQT3Q0Qz73dEM9GDz_KhQMXud3CoiJnjE_31IpWMEtpqhRrq7P-fAzalVxpb729JPrxEwhEYtQ!/dl4/d5/L2dBISEvZ0FBIS9nQSEh/?1dmy&urile=wcm%3Apath%3A/MOF_Content/internet/41st+Conference+of+the+Caribbean+Americas+and+Atlantic+Region+of+the+CPA/Government/Venue+and+Accommodations1/,,
gdi_v3_spice_grand_anse_grenada_action_forum_grenadaactio,SPICE,Grand Anse | Grenada Action Forum,,V4_CLASSIFICATION,DUPLICATE,DUPLICATE,,,,,,,,,,https://grenadaactionforum.wordpress.com/category/st-george/grand-anse/,,
gdi_v3_cambridge_international_public_policy_conferences_in_bermu_wwwconferenc,CAMBRIDGE,International Public Policy Conferences in Bermuda 2026,,V4_CLASSIFICATION,DUPLICATE,DUPLICATE,,,,,,,,,,https://www.conferenceineurope.org/bermuda/public-policy/august,,
gdi_v3_cambridge_upcoming_events_of_interest_to_local_and_interna_wwwroyalgaze,CAMBRIDGE,Upcoming events of interest to local and international ...,,V4_CLASSIFICATION,DUPLICATE,DUPLICATE,,,,,,,,,,https://www.royalgazette.com/other/business/article/20110209/upcoming-events-of-interest-to-local-and-international-business-42/,,
gdi_v3_cambridge_international_law_conferences_in_bermuda_august__wwwconferenc,CAMBRIDGE,International Law Conferences in Bermuda August 2027,,V4_CLASSIFICATION,DUPLICATE,DUPLICATE,,,,,,,,,,https://www.conferenceineurope.org/bermuda/law/august,,
gdi_v3_cambridge_you_don_t_want_to_miss_convention_in_the_bahamas_wwwfacebookc,CAMBRIDGE,You don't want to miss Convention in the Bahamas in 2027! ...,,V4_CLASSIFICATION,DUPLICATE,DUPLICATE,,,,,,,,,,https://www.facebook.com/AOGlobeLife/posts/you-dont-want-to-miss-convention-in-the-bahamas-in-2027-%EF%B8%8F-start-putting-your-pla/1518337773643220/,,
gdi_v3_cambridge_senate_2026_july_15_pdf_wwwscribdcom,CAMBRIDGE,Senate - 2026 - July 15 | PDF,,V4_CLASSIFICATION,DUPLICATE,DUPLICATE,,,,,,,,,,https://www.scribd.com/document/1062098097/Senate-2026-July-15,,
gdi_v3_cambridge_the_government_of_bermuda_the_government_of_berm_wwwfacebookc,CAMBRIDGE,The Government of Bermuda... - The Government of Bermuda,,V4_CLASSIFICATION,DUPLICATE,DUPLICATE,,,,,,,,,,https://www.facebook.com/BermudaGovernment/photos/1135656758606171/,,
gdi_v3_cambridge_meetings_in_the_uk_brussels_ministers_travel_wwwgovbm,CAMBRIDGE,Meetings in the UK/Brussels - Ministers Travel,,V4_CLASSIFICATION,DUPLICATE,DUPLICATE,,,,,,,,,,https://www.gov.bm/travel-calendar/meetings-ukbrussels,,
gdi_v3_cambridge_the_government_attention_all_planning_to_travel_wwwfacebookc,CAMBRIDGE,The Government - Attention all planning to travel.,,V4_CLASSIFICATION,DUPLICATE,DUPLICATE,,,,,,,,,,https://www.facebook.com/BermudaGovernment/photos/attention-all-planning-to-travel/3449633268413130/,,
gdi_v3_now_now_af_symposium_2026_bookpasskeyc,NOW_NOW,AF Symposium 2026,,V4_CLASSIFICATION,DUPLICATE,DUPLICATE,,,,,,,,,,https://book.passkey.com/event/51027826/owner/6893/home,,
gdi_v3_now_now_hotels_near_1st_annual_antitrust_summit_us_2026_hotelmapcom,NOW_NOW,Hotels near 1st annual Antitrust Summit US 2026,,V4_CLASSIFICATION,DUPLICATE,DUPLICATE,,,,,,,,,,https://hotelmap.com/MNYQR?RefID=USACCC,,
gdi_v3_now_now_2026_building_congress_across_america_buildingcong,NOW_NOW,2026 Building Congress Across America,,V4_CLASSIFICATION,DUPLICATE,DUPLICATE,,,,,,,,,,https://buildingcongress.com/wp-content/uploads/2026/09/2026-BCAA-1.pdf,,
gdi_v3_now_now_conferences_in_new_york_usa_in_may_2027_wwwclocateco,NOW_NOW,"Conferences in New York, USA in May 2027",,V4_CLASSIFICATION,DUPLICATE,DUPLICATE,,,,,,,,,,https://www.clocate.com/conferences-in+new-york+may/c3QtbnkrbW8=/,,
gdi_v3_now_now_upcoming_conferences_in_new_york_december_2026_2_allconferenc,NOW_NOW,Upcoming Conferences in New York December 2026-2027,,V4_CLASSIFICATION,DUPLICATE,DUPLICATE,,,,,,,,,,https://allconferencealert.net/cities/new-york/december,,
gdi_v3_now_now_all_black_national_convention_wwwhyattcom,NOW_NOW,All Black National Convention,,V4_CLASSIFICATION,DUPLICATE,DUPLICATE,,,,,,,,,,https://www.hyatt.com/events/en-US/group-booking/NEWJP/G-ABC3,,
gdi_v3_now_now_medical_congresses_hotels_hotel_rooms_congressbook,NOW_NOW,"Medical Congresses, Hotels, Hotel Rooms",,V4_CLASSIFICATION,DUPLICATE,DUPLICATE,,,,,,,,,,https://congressbookers.com/congresses?city_id%5B%5D=50,,
jar_YOTEL_1_sig_YOTEL_aHR0cHM6Ly9ybS5j,YOTEL,Carnet de bord révisé - https: //rm. coe. int,,V4_CLASSIFICATION,SIGNAL_ONLY,DUPLICATE,,,,,,,,,,https://rm.coe.int/commission-des-questions-sociales-de-la-sante-et-du-developpement-dura/48802dabe5,,
jar_YOTEL_2_sig_YOTEL_aHR0cHM6Ly9wcm8u,YOTEL,11ᵉ Congrès « Journée d'automne » de l'AGAM,,V4_CLASSIFICATION,SIGNAL_ONLY,DUPLICATE,,,,,,,,,,https://pro.reseau-delta.ch/article/349/11-congres-journee-d-automne-de-l-agam,,
jar_YOTEL_3_sig_YOTEL_aHR0cHM6Ly9qb3Vy,YOTEL,Séances à venir,,V4_CLASSIFICATION,SIGNAL_ONLY,DUPLICATE,,,,,,,,,,https://journal.un.org/fr/forthcoming/2026-09-12,,
jar_YOTEL_4_sig_YOTEL_aHR0cHM6Ly93d3cu,YOTEL,Congrès & Conférences du 30.06.2027 dans les régions ...,,V4_CLASSIFICATION,REJECTED_EARLY,DUPLICATE,,,,,,,,,,https://www.tempslibre.ch/jura/manifestations-congres-conference/30.06.2027,,
jar_YOTEL_5_sig_YOTEL_aHR0cHM6Ly9zZXYt,YOTEL,"Bruno Ryf, assistant-clientèle gare et militant infatigable : SEV ...",,V4_CLASSIFICATION,DUPLICATE,DUPLICATE,,,,,,,,,,https://sev-online.ch/fr/aktuell/kontakt.sev/2023/bruno-ryf-assistant-clientle-gare-et-militant-infatigable-202302-225719/,,
jar_YOTEL_6_sig_YOTEL_aHR0cHM6Ly93d3cu,YOTEL,"Après des échanges « très tendus », les négociations ...",,V4_CLASSIFICATION,DUPLICATE,DUPLICATE,,,,,,,,,,https://www.rtl.be/actu/monde/international/apres-des-echanges-tres-tendus-les-negociations-reprennent-ukrainiens-et-russes/2026-02-18/article/780156,,
jar_YOTEL_7_sig_YOTEL_aHR0cHM6Ly9zd2lz,YOTEL,Swiss Leaders Genève,,V4_CLASSIFICATION,ADMITTED_CANDIDATE,DUPLICATE,,,,,,,,,,https://swissleaders.ch/fr/organisation/groupes-regionaux/geneve,,
jar_YOTEL_8_sig_YOTEL_aHR0cHM6Ly93d3cu,YOTEL,Alpes-de-Haute-Provence. Les maires bientôt en congrès,,V4_CLASSIFICATION,SIGNAL_ONLY,DUPLICATE,,,,,,,,,,https://www.ledauphine.com/societe/2025/09/30/les-maires-bientot-en-congres,,
jar_YOTEL_9_sig_YOTEL_aHR0cHM6Ly93d3cu,YOTEL,2026 Conferences Worth Your Attention! - RAPIDE,,V4_CLASSIFICATION,SIGNAL_ONLY,DUPLICATE,,,,,,,,,,https://www.rapideproject.eu/2026/01/2026-conferences-worth-your-attention/,,
jar_YOTEL_10_sig_YOTEL_aHR0cHM6Ly93d3cu,YOTEL,Conferences in Switzerland in Mar 2027,,V4_CLASSIFICATION,ADMITTED_CANDIDATE,DUPLICATE,,,,,,,,,,https://www.clocate.com/conferences-in+switzerland+march/Y28tY2grbW8=/,,
jar_YOTEL_11_sig_YOTEL_aHR0cHM6Ly9jb25m,YOTEL,Medicine And Medical Science - Geneva,,V4_CLASSIFICATION,ADMITTED_CANDIDATE,DUPLICATE,,,,,,,,,,https://conferencealerts.co.in/geneva/medicine-and-medical-science,,
jar_YOTEL_12_sig_YOTEL_aHR0cHM6Ly9pbnRl,YOTEL,Conferences in Switzerland – May 2027 List | ICA,,V4_CLASSIFICATION,ADMITTED_CANDIDATE,DUPLICATE,,,,,,,,,,https://internationalconferencealerts.com/switzerland/may,,
jar_YOTEL_13_sig_YOTEL_aHR0cHM6Ly93d3cu,YOTEL,World Health Assembly,,V4_CLASSIFICATION,SIGNAL_ONLY,DUPLICATE,,,,,,,,,,https://www.emhalliance.org/event/world-health-assembly/,,
jar_YOTEL_14_sig_YOTEL_aHR0cHM6Ly93d3cu,YOTEL,Switzerland Conferences | Europe | Medical | Pharma | Nursing,,V4_CLASSIFICATION,ADMITTED_CANDIDATE,DUPLICATE,,,,,,,,,,https://www.annualcongress.com/switzerland-conferences,,
jar_YOTEL_15_sig_YOTEL_aHR0cHM6Ly93d3cu,YOTEL,Association Days Europe 2026: Where congresses take ...,,V4_CLASSIFICATION,SIGNAL_ONLY,DUPLICATE,,,,,,,,,,https://www.facebook.com/eurekamiceinternational/posts/association-days-europe-2026-where-congresses-take-shape-from-29-to-31-january-2/1652968172368878/,,
jar_YOTEL_16_sig_YOTEL_aHR0cHM6Ly93d3cu,YOTEL,Conferences in Switzerland in September 2026,,V4_CLASSIFICATION,ADMITTED_CANDIDATE,DUPLICATE,,,,,,,,,,https://www.conferencealert.com/switzerland/september,,
jar_YOTEL_17_sig_YOTEL_aHR0cHM6Ly93d3cu,YOTEL,Conferences in Switzerland in Jun 2027,,V4_CLASSIFICATION,ADMITTED_CANDIDATE,DUPLICATE,,,,,,,,,,https://www.clocate.com/conferences-in+switzerland+june/Y28tY2grbW8=/,,
jar_YOTEL_18_sig_YOTEL_aHR0cHM6Ly93d3cu,YOTEL,DIPLOMATIE : conférence exclusive sur le rôle singulier de ...,,V4_CLASSIFICATION,REJECTED_EARLY,DUPLICATE,,,,,,,,,,https://www.alumnicn.com/en/event/diplomatie-conference-exclusive-sur-le-role-singulier-de-la-geneve-internationale/2026/09/24/1010,,
jar_YOTEL_19_sig_YOTEL_aHR0cHM6Ly90b2dl,YOTEL,GENEVA | Soirée ASAGE : Au cœur de la diplomatie,,V4_CLASSIFICATION,REJECTED_EARLY,DUPLICATE,,,,,,,,,,https://together.audencia.com/public/events/event/2534,,
jar_YOTEL_20_sig_YOTEL_aHR0cHM6Ly93d3cu,YOTEL,Conference Search | Département de l'Assemblée ...,,V4_CLASSIFICATION,SIGNAL_ONLY,DUPLICATE,,,,,,,,,,https://www.un.org/calendar/fr/conferences?page=39,,
jar_YOTEL_21_sig_YOTEL_aHR0cHM6Ly93d3cu,YOTEL,"Désordre international, protectionnisme, remise en cause ...",,V4_CLASSIFICATION,ADMITTED_CANDIDATE,DUPLICATE,,,,,,,,,,https://www.geneva-institute.com/detailpub/667,,
jar_YOTEL_22_sig_YOTEL_aHR0cHM6Ly93d3cu,YOTEL,Conférence de presse de l'ONU à Genève - 19 mai 2026,,V4_CLASSIFICATION,ADMITTED_CANDIDATE,DUPLICATE,,,,,,,,,,https://www.unognewsroom.org/teleprompter/fr/3124/un-geneva-press-briefing-19-may-2026/9340,,
jar_YOTEL_23_sig_YOTEL_aHR0cHM6Ly93d3cu,YOTEL,Communiqués de presse | ONU GENEVE,,V4_CLASSIFICATION,ADMITTED_CANDIDATE,DUPLICATE,,,,,,,,,,https://www.ungeneva.org/fr/news-media/press-release?page=2,,
jar_YOTEL_24_sig_YOTEL_aHR0cHM6Ly93d3cu,YOTEL,"Le Portail des Nations, qui ouvrira ses portes le 8 juin 2026 ...",,V4_CLASSIFICATION,SIGNAL_ONLY,DUPLICATE,,,,,,,,,,https://www.facebook.com/kitsoschristina/posts/le-portail-des-nations-qui-ouvrira-ses-portes-le-8-juin-2026-a-%C3%A9t%C3%A9-pr%C3%A9sent%C3%A9-%C3%A0-la/1627372719398154/,,
jar_YOTEL_25_sig_YOTEL_aHR0cHM6Ly93d3cu,YOTEL,Conférence de presse de l'ONU à Genève - 17 avril 2026,,V4_CLASSIFICATION,ADMITTED_CANDIDATE,DUPLICATE,,,,,,,,,,https://www.unognewsroom.org/story/fr/3088/un-geneva-press-briefing-17-april-2026,,
jar_YOTEL_26_sig_YOTEL_aHR0cHM6Ly93d3cu,YOTEL,"🇬🇦 À Genève, en Suisse, les États parties au Traité des ...",,V4_CLASSIFICATION,ADMITTED_CANDIDATE,DUPLICATE,,,,,,,,,,https://www.facebook.com/tvgabon24/posts/-%C3%A0-gen%C3%A8ve-en-suisse-les-%C3%A9tats-parties-au-trait%C3%A9-des-nations-unies-sur-le-commerc/1505822278247683/,,
jar_YOTEL_27_sig_YOTEL_aHR0cHM6Ly9qb3Vy,YOTEL,Official Meetings - UN Journal - the United Nations,,V4_CLASSIFICATION,ADMITTED_CANDIDATE,DUPLICATE,,,,,,,,,,https://journal.un.org/en/geneva/meeting/officials/c1a5e198-50c5-4c5d-9d87-3ee53d3253ca/2026-03-02,,
jar_YOTEL_28_sig_YOTEL_aHR0cHM6Ly9qb3Vy,YOTEL,Other Meetings - Meetings of the day - the United Nations,,V4_CLASSIFICATION,ADMITTED_CANDIDATE,DUPLICATE,,,,,,,,,,https://journal.un.org/en/geneva/meeting/others/46d0ac63-7cd7-42fb-a63f-73d2e64b8169/2026-05-05,,
jar_YOTEL_29_sig_YOTEL_aHR0cHM6Ly9qb3Vy,YOTEL,Official Meetings - UN Journal,,V4_CLASSIFICATION,ADMITTED_CANDIDATE,DUPLICATE,,,,,,,,,,https://journal.un.org/en/geneva/meeting/officials/2e2ad944-0ceb-4933-be77-5a48589751a9/2026-09-14/webcast,,
jar_YOTEL_30_sig_YOTEL_aHR0cHM6Ly93d3cu,YOTEL,Upcoming UN Conferences 2025 Schedule | PDF,,V4_CLASSIFICATION,SIGNAL_ONLY,DUPLICATE,,,,,,,,,,https://www.scribd.com/document/933690343/Upcoming-UN-Conferences-Vertical,,
jar_YOTEL_31_sig_YOTEL_aHR0cHM6Ly8xMHRp,YOTEL,UN Geneva Summit - Conference,,V4_CLASSIFICATION,ADMITTED_CANDIDATE,DUPLICATE,,,,,,,,,,https://10times.com/e1dz-s18k-32rf-k,,
jar_YOTEL_32_sig_YOTEL_aHR0cHM6Ly9qb3Vy,YOTEL,Official Meetings - UN Journal,,V4_CLASSIFICATION,SIGNAL_ONLY,DUPLICATE,,,,,,,,,,https://journal.un.org/en/new-york/meeting/officials/7cb91ab2-2ac0-4e15-a5c5-87b5725c32b9,,
jar_YOTEL_33_sig_YOTEL_aHR0cHM6Ly9pbmRp,YOTEL,Private meeting (27 August 2026) - Indico - the United Nations,,V4_CLASSIFICATION,SIGNAL_ONLY,DUPLICATE,,,,,,,,,,https://indico.un.org/event/1025533/,,
jar_YOTEL_34_sig_YOTEL_aHR0cHM6Ly9qb3Vy,YOTEL,Official Meetings - Meetings of the day - the United Nations,,V4_CLASSIFICATION,SIGNAL_ONLY,DUPLICATE,,,,,,,,,,https://journal.qa.un.org/en/new-york/meeting/officials/fa41ea09-086c-4056-a587-8f75ff9aa159/2026-08-10,,
jar_YOTEL_35_sig_YOTEL_aHR0cHM6Ly9pbmRp,YOTEL,Briefing on the 2026 United Nations Water Conference - Indico,,V4_CLASSIFICATION,SIGNAL_ONLY,DUPLICATE,,,,,,,,,,https://indico.un.org/event/1025771/,,
jar_YOTEL_36_sig_YOTEL_aHR0cHM6Ly9jb25n,YOTEL,Comité organisateur du Congrès FIGO | Équipe de direction,,V4_CLASSIFICATION,SIGNAL_ONLY,DUPLICATE,,,,,,,,,,https://congress.figo.org/fr/comite-dorganisation-du-congres/,,
jar_YOTEL_37_sig_YOTEL_aHR0cHM6Ly93d3cu,YOTEL,ihm lettre d'information septembre 2026 février 2027 ...,,V4_CLASSIFICATION,SIGNAL_ONLY,DUPLICATE,,,,,,,,,,https://www.chuv.ch/fileadmin/sites/ihm/bandeaux_home/Lettre_Information_IHM_N65_web.pdf,,
jar_YOTEL_38_sig_YOTEL_aHR0cHM6Ly93d3cu,YOTEL,Nouveau centre de convention by ArchParc dans le Grand ...,,V4_CLASSIFICATION,SIGNAL_ONLY,DUPLICATE,,,,,,,,,,https://www.seminairesbusiness.com/blog/nouveau-centre-de-convention-by-archparc-dans-le-grand-geneve,,
jar_YOTEL_39_sig_YOTEL_aHR0cHM6Ly93d3cu,YOTEL,Les Shifters vous invitent le 28 juin à ...,,V4_CLASSIFICATION,SIGNAL_ONLY,DUPLICATE,,,,,,,,,,https://www.facebook.com/TheShiftProjectThinkTank/posts/-les-shifters-vous-invitent-le-28-juin-%C3%A0-la-2nde-%C3%A9dition-du-congr%C3%A8s-sant%C3%A9-en-205/1156442409860941/,,
jar_YOTEL_40_sig_YOTEL_aHR0cHM6Ly93d3cu,YOTEL,Congrès de la SFGM-TC,,V4_CLASSIFICATION,SIGNAL_ONLY,DUPLICATE,,,,,,,,,,https://www.sfgmtc-congres.fr/sites/default/files/2026-09/V4-SFGM-TC-26-Prog.pdf,,
jar_YOTEL_41_sig_YOTEL_aHR0cHM6Ly8xMHRp,YOTEL,Événements sur le tourisme et les voyages en Suisse,,V4_CLASSIFICATION,ADMITTED_CANDIDATE,DUPLICATE,,,,,,,,,,https://10times.com/fr/switzerland/travel-tourism,,
jar_YOTEL_42_sig_YOTEL_aHR0cHM6Ly93d3cu,YOTEL,Panorama de la recherche sur l'habitat et le logement ...,,V4_CLASSIFICATION,SIGNAL_ONLY,DUPLICATE,,,,,,,,,,https://www.union-habitat.org/sites/default/files/articles/pdf/2026-09/ush_edition_2027_du_panorama_de_la_recherche_interactif.pdf,,
jar_YOTEL_43_sig_YOTEL_aHR0cHM6Ly93d3cu,YOTEL,Une dynamique collective dans la lutte contre le cancer,,V4_CLASSIFICATION,SIGNAL_ONLY,DUPLICATE,,,,,,,,,,https://www.centreleonberard.fr/sites/default/files/2026-08/ra2025cclb2026-2.pdf,,
jar_YOTEL_44_sig_YOTEL_aHR0cHM6Ly93d3cu,YOTEL,Communications - évaluées par les pairs,,V4_CLASSIFICATION,REJECTED_EARLY,DUPLICATE,,,,,,,,,,https://www.chairepersonneagee.umontreal.ca/transfert-des-connaissances/communications/evaluees-par-les-pairs,,
jar_YOTEL_45_sig_YOTEL_aHR0cHM6Ly9pbnRl,YOTEL,International Conference on Healthcare Trends and ...,,V4_CLASSIFICATION,ADMITTED_CANDIDATE,DUPLICATE,,,,,,,,,,https://internationalconferencealerts.com/event-ichtcthd-geneva-ch-202706-102077614,,
jar_YOTEL_46_sig_YOTEL_aHR0cHM6Ly93d3cu,YOTEL,Conference in Geneva November 2026,,V4_CLASSIFICATION,ADMITTED_CANDIDATE,DUPLICATE,,,,,,,,,,https://www.allconferencealert.com/geneva/november,,
jar_YOTEL_47_sig_YOTEL_aHR0cHM6Ly93d3cu,YOTEL,Upcoming Medical Conference Switzerland 2026-2027,,V4_CLASSIFICATION,ADMITTED_CANDIDATE,DUPLICATE,,,,,,,,,,https://www.conferencealert.com/switzerland/medical,,
jar_YOTEL_48_sig_YOTEL_aHR0cHM6Ly9hbGxj,YOTEL,International Conference on Epidemiology and Health ...,,V4_CLASSIFICATION,SIGNAL_ONLY,DUPLICATE,,,,,,,,,,https://allconferencealert.net/eventdetails.php?id=100823436,,
jar_YOTEL_49_sig_YOTEL_aHR0cHM6Ly8xMHRp,YOTEL,"Medical Wellness Congress (Apr 2026), Geneva Switzerland",,V4_CLASSIFICATION,ADMITTED_CANDIDATE,DUPLICATE,,,,,,,,,,https://10times.com/e1d4-1s3h-8rfz-x,,
jar_YOTEL_50_sig_YOTEL_aHR0cHM6Ly93d3cu,YOTEL,Healthcare Events in Geneva 2026,,V4_CLASSIFICATION,ADMITTED_CANDIDATE,DUPLICATE,,,,,,,,,,https://www.webmobi.com/discovery/events/in/geneva/healthcare,,
jar_YOTEL_51_sig_YOTEL_aHR0cHM6Ly93d3cu,YOTEL,Medical Conferences in Switzerland 2026,,V4_CLASSIFICATION,ADMITTED_CANDIDATE,DUPLICATE,,,,,,,,,,https://www.allinternationalconference.com/country/switzerland-conference/medical/,,
jar_YOTEL_52_sig_YOTEL_aHR0cHM6Ly8xMHRp,YOTEL,Medical & Pharma Events in Switzerland in February,,V4_CLASSIFICATION,ADMITTED_CANDIDATE,DUPLICATE,,,,,,,,,,https://10times.com/switzerland/medical-pharma?month=february,,
jar_YOTEL_53_sig_YOTEL_aHR0cHM6Ly8xMHRp,YOTEL,Medical & Pharma Events in Switzerland in June,,V4_CLASSIFICATION,ADMITTED_CANDIDATE,DUPLICATE,,,,,,,,,,https://10times.com/switzerland/medical-pharma?month=june,,
jar_YOTEL_54_sig_YOTEL_aHR0cHM6Ly93d3cu,YOTEL,Novotel Genève Centre : Votre partenaire séminaire à ...,,V4_CLASSIFICATION,ADMITTED_CANDIDATE,DUPLICATE,,,,,,,,,,https://www.seminairesbusiness.com/prestataire/hotel/seminaire/novotel-geneve-centre,,
jar_YOTEL_55_sig_YOTEL_aHR0cHM6Ly9pbnVp,YOTEL,"FAQ — Lieux, événements corporate et INÜI Family",,V4_CLASSIFICATION,REJECTED_EARLY,DUPLICATE,,,,,,,,,,https://inuicollection.com/faq,,
jar_YOTEL_56_sig_YOTEL_aHR0cHM6Ly93d3cu,YOTEL,Challenge lego entreprise à Genève,,V4_CLASSIFICATION,ADMITTED_CANDIDATE,DUPLICATE,,,,,,,,,,https://www.agence-evenementielle-innovevents.fr/animation-pro/animation-challenge-lego-entreprise-geneve/,,
jar_YOTEL_57_sig_YOTEL_aHR0cHM6Ly9mci5p,YOTEL,"Commercial Séminaires Banquets, Auvergne-Rhône-Alpes",,V4_CLASSIFICATION,REJECTED_EARLY,DUPLICATE,,,,,,,,,,https://fr.indeed.com/q-commercial-s%C3%A9minaires-banquets-l-auvergne-rh%C3%B4ne-alpes-emplois.html,,
jar_YOTEL_58_sig_YOTEL_aHR0cHM6Ly93d3cu,YOTEL,️ Résolutions 2026 Continuer à prendre ... - Instagram,,V4_CLASSIFICATION,SIGNAL_ONLY,DUPLICATE,,,,,,,,,,https://www.instagram.com/p/DTqblCvD5lv/,,
jar_YOTEL_59_sig_YOTEL_aHR0cHM6Ly93d3cu,YOTEL,Inspirations pour vos sorties d'équipe aux Monts de Genève,,V4_CLASSIFICATION,ADMITTED_CANDIDATE,DUPLICATE,,,,,,,,,,https://www.seminairesbusiness.com/blog/experiences-et-inspirations-pour-vos-sorties-equipe-aux-monts-de-geneve,,
jar_YOTEL_60_sig_YOTEL_aHR0cHM6Ly93d3cu,YOTEL,Hôtel Campanile Centre gare – Genève (Annemasse),,V4_CLASSIFICATION,ADMITTED_CANDIDATE,DUPLICATE,,,,,,,,,,https://www.montsdugenevois.com/affaires/hotel-campanile-centre-gare-geneve-annemasse-fr-3089608/,,
jar_YOTEL_61_sig_YOTEL_aHR0cHM6Ly93d3cu,YOTEL,"Soirée du personnel 2026 Cette fois, c'est à notre tour de ...",,V4_CLASSIFICATION,SIGNAL_ONLY,DUPLICATE,,,,,,,,,,https://www.instagram.com/reel/DVYuo6ajYfW/,,
jar_YOTEL_62_sig_YOTEL_aHR0cHM6Ly9mci5s,YOTEL,Warwick Geneva,,V4_CLASSIFICATION,ADMITTED_CANDIDATE,DUPLICATE,,,,,,,,,,https://fr.linkedin.com/company/warwickgeneva,,
jar_YOTEL_63_sig_YOTEL_aHR0cHM6Ly93d3cu,YOTEL,European Leadership Conference Switzerland 2026 ...,,V4_CLASSIFICATION,ADMITTED_CANDIDATE,DUPLICATE,,,,,,,,,,https://www.instagram.com/p/DaQcmgytPkb/,,
jar_YOTEL_64_sig_YOTEL_aHR0cHM6Ly9jb25m,YOTEL,Conference in Switzerland / Management 2026,,V4_CLASSIFICATION,ADMITTED_CANDIDATE,DUPLICATE,,,,,,,,,,https://conferenceineurope.net/switzerland/management,,
jar_YOTEL_65_sig_YOTEL_aHR0cHM6Ly93d3cu,YOTEL,Switzerland 16-19 September WIN High-Level Gathering. ...,,V4_CLASSIFICATION,ADMITTED_CANDIDATE,DUPLICATE,,,,,,,,,,https://www.facebook.com/WINConference/posts/welcome-to-switzerland-16-19-septemberwin-high-level-gathering-transformational-/1716383900494115/,,
jar_YOTEL_66_sig_YOTEL_aHR0cHM6Ly93d3cu,YOTEL,Management Conferences in Switzerland May 2027,,V4_CLASSIFICATION,ADMITTED_CANDIDATE,DUPLICATE,,,,,,,,,,https://www.allconferencealert.com/switzerland/management/may,,
jar_YOTEL_67_sig_YOTEL_aHR0cHM6Ly93d3cu,YOTEL,EU Leadership Conference 2026 Geneva Switzerland,,V4_CLASSIFICATION,ADMITTED_CANDIDATE,DUPLICATE,,,,,,,,,,https://www.linkedin.com/posts/dunster-business-school_euleadershipconference2026-leadership-activity-7498664895538790400-cePQ,,
jar_YOTEL_68_sig_YOTEL_aHR0cHM6Ly9jb25m,YOTEL,International Business Conferences In Switzerland 2026- ...,,V4_CLASSIFICATION,ADMITTED_CANDIDATE,DUPLICATE,,,,,,,,,,https://conferenceineurope.net/switzerland/business,,
jar_YOTEL_69_sig_YOTEL_aHR0cHM6Ly93d3cu,YOTEL,Upcoming Business Conferences in Switzerland July 2027,,V4_CLASSIFICATION,ADMITTED_CANDIDATE,DUPLICATE,,,,,,,,,,https://www.allconferencealert.com/switzerland/business/july,,
jar_YOTEL_70_sig_YOTEL_aHR0cHM6Ly9pbm5r,YOTEL,The Swiss Horizon – Leadership Retreat in Switzerland 2026,,V4_CLASSIFICATION,ADMITTED_CANDIDATE,DUPLICATE,,,,,,,,,,https://innkick.com/events/swiss-horizon-leadership-retreat-in-switzerland/,,
jar_YOTEL_71_sig_YOTEL_aHR0cHM6Ly93d3cu,YOTEL,Swiss Leadership Visit 2026 #fyp #pwc # ...,,V4_CLASSIFICATION,SIGNAL_ONLY,DUPLICATE,,,,,,,,,,https://www.instagram.com/reel/DdMfDv5zPJh/,,
jar_YOTEL_72_sig_YOTEL_aHR0cHM6Ly93d3cu,YOTEL,"J-3 avant IMPACT IA 2026 ! Du 9 au 11 septembre, l' ...",,V4_CLASSIFICATION,REJECTED_EARLY,DUPLICATE,,,,,,,,,,https://www.facebook.com/ansutci/posts/j-3-avant-impact-ia-2026-du-9-au-11-septembre-lansut-prendra-part-%C3%A0-la-2%E1%B5%89-%C3%A9ditio/1526278076205136/,,
jar_YOTEL_73_sig_YOTEL_aHR0cHM6Ly93d3cu,YOTEL,Étude annuelle 2026 La mer et les politiques publiques,,V4_CLASSIFICATION,SIGNAL_ONLY,DUPLICATE,,,,,,,,,,https://www.conseil-etat.fr/content/download/241552/document/CE_Etude-annuelle_2026.pdf,,
jar_YOTEL_74_sig_YOTEL_aHR0cHM6Ly93d3cu,YOTEL,Export RDF,,V4_CLASSIFICATION,SIGNAL_ONLY,DUPLICATE,,,,,,,,,,https://www.idref.fr/02752888X.rdf,,
jar_YOTEL_75_sig_YOTEL_aHR0cHM6Ly9hcnRs,YOTEL,Événements passés Archives - Fondation pour le droit de l'art,,V4_CLASSIFICATION,SIGNAL_ONLY,DUPLICATE,,,,,,,,,,https://artlawfoundation.com/fr/category/evenements/evenements-passes/,,
jar_YOTEL_76_sig_YOTEL_aHR0cHM6Ly93d3cu,YOTEL,Retour sur la conférence #IADates avec David GURLÉ Le ...,,V4_CLASSIFICATION,SIGNAL_ONLY,DUPLICATE,,,,,,,,,,https://www.facebook.com/departement06/posts/-retour-sur-la-conf%C3%A9rence-iadates-avec-david-gurl%C3%A9le-palais-des-rois-sardes-%C3%A0-ni/1201482038673798/,,
jar_YOTEL_77_sig_YOTEL_aHR0cHM6Ly91bmVz,YOTEL,Deutscher akademischer Austauschdienst (DAAD),,V4_CLASSIFICATION,SIGNAL_ONLY,DUPLICATE,,,,,,,,,,https://unesdoc.unesco.org/ark:/48223/pf0000070083_fre,,
jar_YOTEL_78_sig_YOTEL_aHR0cHM6Ly9vcmFw,YOTEL,CURRICULUM VITAE,,V4_CLASSIFICATION,SIGNAL_ONLY,DUPLICATE,,,,,,,,,,https://oraprdnt.uqtr.uquebec.ca/portail/docs/GSC4766/F_1908157885_publications_1.pdf,,
jar_YOTEL_79_sig_YOTEL_aHR0cHM6Ly93d3cu,YOTEL,CURRICULUM VITÆ Isabelle RIGONI,,V4_CLASSIFICATION,SIGNAL_ONLY,DUPLICATE,,,,,,,,,,https://www.centreemiledurkheim.fr/wp-content/uploads/2025/03/cv-rigoni.pdf,,
jar_YOTEL_80_sig_YOTEL_aHR0cHM6Ly91bmVj,YOTEL,Conseil économique et social Distr. générale,,V4_CLASSIFICATION,SIGNAL_ONLY,DUPLICATE,,,,,,,,,,https://unece.org/sites/default/files/2025-05/ECE-TRANS-WP.29-1184f.pdf,,
jar_YOTEL_81_sig_YOTEL_aHR0cHM6Ly9lbi53,YOTEL,2026,,V4_CLASSIFICATION,DUPLICATE,DUPLICATE,,,,,,,,,,https://en.wikipedia.org/wiki/2026,,
jar_YOTEL_82_sig_YOTEL_aHR0cHM6Ly93d3cu,YOTEL,Schedule of Social Security Benefit Payments - 2026-2027,,V4_CLASSIFICATION,SIGNAL_ONLY,DUPLICATE,,,,,,,,,,https://www.ssa.gov/pubs/EN-05-10031-2027.pdf,,
jar_YOTEL_83_sig_YOTEL_aHR0cHM6Ly93d3cu,YOTEL,School Year Calendar 2026–2027,,V4_CLASSIFICATION,SIGNAL_ONLY,DUPLICATE,,,,,,,,,,https://www.schools.nyc.gov/docs/default-source/sections/calendar/2026-27-school-year-calendar.pdf,,
jar_YOTEL_84_sig_YOTEL_aHR0cHM6Ly93d3cu,YOTEL,General Assembly High-level Week 2026,,V4_CLASSIFICATION,DUPLICATE,DUPLICATE,,,,,,,,,,https://www.un.org/en/high-level-week-2026,,
jar_YOTEL_85_sig_YOTEL_aHR0cHM6Ly93d3cu,YOTEL,Fields Medals 2026 | International Mathematical Union (IMU),,V4_CLASSIFICATION,SIGNAL_ONLY,DUPLICATE,,,,,,,,,,https://www.mathunion.org/imu-awards/fields-medal/fields-medals-2026,,
jar_YOTEL_86_sig_YOTEL_aHR0cHM6Ly93d3cu,YOTEL,World Trade Report 2026,,V4_CLASSIFICATION,SIGNAL_ONLY,DUPLICATE,,,,,,,,,,https://www.wto.org/english/res_e/publications_e/world-trade-report-2026_e.htm,,
jar_YOTEL_87_sig_YOTEL_aHR0cHM6Ly9hYWFp,YOTEL,AAAI-27,,V4_CLASSIFICATION,REJECTED_EARLY,DUPLICATE,,,,,,,,,,https://aaai.org/conference/aaai/aaai-27/,,
jar_YOTEL_88_sig_YOTEL_aHR0cHM6Ly93d3cu,YOTEL,Monitoring the U.S. Temperature and Precipitation in August ...,,V4_CLASSIFICATION,SIGNAL_ONLY,DUPLICATE,,,,,,,,,,https://www.ncei.noaa.gov/news/national-climate-202608,,
jar_YOTEL_89_sig_YOTEL_aHR0cHM6Ly94LmNv,YOTEL,Evan Hubinger on X,,V4_CLASSIFICATION,SIGNAL_ONLY,DUPLICATE,,,,,,,,,,https://x.com/EvanHub/status/2097497037956891126,,
jar_AC_90_sig_AC_aHR0cHM6Ly9jYWxl,AC,Calendario,,V4_CLASSIFICATION,REJECTED_EARLY,DUPLICATE,,,,,,,,,,https://calendar.google.com/calendar/u/0/r?hl=es,,
jar_AC_91_sig_AC_aHR0cHM6Ly9lcy53,AC,"Asamblea - Wikipedia, la enciclopedia libre",,V4_CLASSIFICATION,REJECTED_EARLY,DUPLICATE,,,,,,,,,,https://es.wikipedia.org/wiki/Asamblea,,
jar_AC_92_sig_AC_aHR0cHM6Ly93d3cu,AC,Asamblea de Madrid,,V4_CLASSIFICATION,SIGNAL_ONLY,DUPLICATE,,,,,,,,,,https://www.asambleamadrid.es/,,
jar_AC_93_sig_AC_aHR0cHM6Ly9hc2Ft,AC,Asamblea Ciudadana para el Clima: Inicio,,V4_CLASSIFICATION,SIGNAL_ONLY,DUPLICATE,,,,,,,,,,https://asambleaciudadanadelcambioclimatico.es/,,
jar_AC_94_sig_AC_aHR0cHM6Ly9jb21l,AC,Calendario de actualización DataInvex,,V4_CLASSIFICATION,SIGNAL_ONLY,DUPLICATE,,,,,,,,,,https://comercio.gob.es/es-es/inversiones_exteriores/estadisticas/paginas/calendario-actualizacion-datainvex.aspx,,
jar_AC_95_sig_AC_aHR0cHM6Ly9kbGUu,AC,asamblea | Definición | Diccionario de la lengua española | RAE,,V4_CLASSIFICATION,REJECTED_EARLY,DUPLICATE,,,,,,,,,,https://dle.rae.es/asamblea,,
jar_AC_96_sig_AC_aHR0cHM6Ly93d3cu,AC,Asamblea Regional,,V4_CLASSIFICATION,SIGNAL_ONLY,DUPLICATE,,,,,,,,,,https://www.asambleamurcia.es/,,
jar_AC_97_sig_AC_aHR0cHM6Ly93d3cu,AC,Calendario del Proceso de Admisión de GM y de GS ...,,V4_CLASSIFICATION,SIGNAL_ONLY,DUPLICATE,,,,,,,,,,https://www.carm.es/web/servlet/descarga?ALIAS=ARCH&IDCONTENIDO=18500&ARCHIVO=Calendario.pdf,,
jar_AC_98_sig_AC_aHR0cHM6Ly93d3cu,AC,La asamblea de Sol pide una huelga general por la vivienda,,V4_CLASSIFICATION,SIGNAL_ONLY,DUPLICATE,,,,,,,,,,https://www.youtube.com/shorts/hRtxDXRt7hE,,
jar_AC_99_sig_AC_aHR0cHM6Ly93d3cu,AC,🌌 Dreaming of cosmic wonders? 🌌 Join us in A Coruña ...,,V4_CLASSIFICATION,ADMITTED_CANDIDATE,DUPLICATE,,,,,,,,,,https://www.instagram.com/p/DRhaNfeDNQe/,,
jar_AC_100_sig_AC_aHR0cHM6Ly9hbGxh,AC,Bulk Terminals A Coruña 2026 to tackle impack of global ...,,V4_CLASSIFICATION,ADMITTED_CANDIDATE,DUPLICATE,,,,,,,,,,https://allaboutshipping.co.uk/2026/09/14/bulk-terminals-a-coruna-2026-to-tackle-impack-of-global-trade-uncertainty/,,
jar_AC_101_sig_AC_aHR0cHM6Ly93d3cu,AC,Government & Global Issues Conferences Spain,,V4_CLASSIFICATION,ADMITTED_CANDIDATE,DUPLICATE,,,,,,,,,,https://www.clocate.com/conferences-on+government-and-global-issues+in+spain/Y2EtNCtjby1lcw==/,,
jar_AC_102_sig_AC_aHR0cHM6Ly93d3cu,AC,Put your project at the center of the industry. The Expostand ...,,V4_CLASSIFICATION,SIGNAL_ONLY,DUPLICATE,,,,,,,,,,https://www.facebook.com/visaformusic/posts/put-your-project-at-the-center-of-the-industry-the-expostand-2026-is-more-than-j/1612894083726084/,,
jar_AC_103_sig_AC_aHR0cDovL2Vpby51,AC,Congresos,,V4_CLASSIFICATION,REJECTED_EARLY,DUPLICATE,,,,,,,,,,http://eio.usc.es/pub/gi1914/index.php/es/8-congresos,,
jar_AC_104_sig_AC_aHR0cHM6Ly9ldXJh,AC,MS Teams Help,,V4_CLASSIFICATION,SIGNAL_ONLY,DUPLICATE,,,,,,,,,,https://euracoal.eu/euracoal/help/,,
jar_AC_105_sig_AC_aHR0cHM6Ly93d3cu,AC,Listado de actividades formativas y Reuniones Científico,,V4_CLASSIFICATION,SIGNAL_ONLY,DUPLICATE,,,,,,,,,,https://www.codigofarmaindustria.org/sites/sarfi/eventos.html?pais=SUIZA&datei=&datef=,,
jar_AC_106_sig_AC_aHR0cHM6Ly9jb25n,AC,CIDIP 2026 | International Congress on Project Management ...,,V4_CLASSIFICATION,SIGNAL_ONLY,DUPLICATE,,,,,,,,,,https://congresos.aeipro.com/cidip-2026/,,
jar_AC_107_sig_AC_aHR0cHM6Ly93d3cu,AC,Espacios MICE para Presentación de producto en La Coruña,,V4_CLASSIFICATION,ADMITTED_CANDIDATE,DUPLICATE,,,,,,,,,,https://www.venuesplace.com/es/presentacion-de-producto/espacios-mice/la-coru%C3%B1a,,
jar_AC_108_sig_AC_aHR0cHM6Ly93d3cu,AC,Espacios creativos para Team Building en La Coruña,,V4_CLASSIFICATION,ADMITTED_CANDIDATE,DUPLICATE,,,,,,,,,,https://www.venuesplace.com/es/team-building/espacios-creativos/la-coru%C3%B1a,,
jar_AC_109_sig_AC_aHR0cHM6Ly93d3cu,AC,Cada gran evento también necesita un lugar donde ...,,V4_CLASSIFICATION,ADMITTED_CANDIDATE,DUPLICATE,,,,,,,,,,https://www.facebook.com/ACorunaCB/posts/cada-gran-evento-tambi%C3%A9n-necesita-un-lugar-donde-descansar-reunirse-y-sentirseco/1381696134069128/,,
jar_AC_110_sig_AC_aHR0cHM6Ly93d3cu,AC,"Imagina tu próximo congreso aquí✨ A Coruña, donde los ...",,V4_CLASSIFICATION,ADMITTED_CANDIDATE,DUPLICATE,,,,,,,,,,https://www.instagram.com/p/DK2ht19KxzY/,,
jar_AC_111_sig_AC_aHR0cHM6Ly93d3cu,AC,La Coruña Presentación de producto Espacio,,V4_CLASSIFICATION,ADMITTED_CANDIDATE,DUPLICATE,,,,,,,,,,https://www.venuesplace.com/es/presentacion-de-producto/la-coru%C3%B1a/santiago-de-compostela,,
jar_AC_112_sig_AC_aHR0cHM6Ly93d3cu,AC,Hoteles para eventos para Fiesta de empresa en La Coruña,,V4_CLASSIFICATION,ADMITTED_CANDIDATE,DUPLICATE,,,,,,,,,,https://www.venuesplace.com/es/fiesta-de-empresa/hoteles-para-eventos/la-coru%C3%B1a,,
jar_AC_113_sig_AC_aHR0cHM6Ly93d3cu,AC,Salas de reuniones para Eventos del motor en La Coruña,,V4_CLASSIFICATION,ADMITTED_CANDIDATE,DUPLICATE,,,,,,,,,,https://www.venuesplace.com/es/eventos-del-motor/salas-de-reuniones/la-coru%C3%B1a,,
jar_AC_114_sig_AC_aHR0cHM6Ly93d3cu,AC,Hoteles para eventos para Reunión en La Coruña,,V4_CLASSIFICATION,ADMITTED_CANDIDATE,DUPLICATE,,,,,,,,,,https://www.venuesplace.com/es/reunion/hoteles-para-eventos/la-coru%C3%B1a/cocina-nueva,,
jar_AC_115_sig_AC_aHR0cHM6Ly93d3cu,AC,Salones para Eventos para empresas en La Coruña,,V4_CLASSIFICATION,ADMITTED_CANDIDATE,DUPLICATE,,,,,,,,,,https://www.venuesplace.com/es/eventos-para-empresas/salones/la-coru%C3%B1a/alquiler-integro-del-espacio,,
jar_AC_116_sig_AC_aHR0cHM6Ly93d3cu,AC,INNTERCONECTA - STEP 2026,,V4_CLASSIFICATION,DUPLICATE,DUPLICATE,,,,,,,,,,https://www.cdti.es/ayudas/innterconecta-step-2026,,
jar_AC_117_sig_AC_aHR0cHM6Ly93d3cu,AC,Ayudas para contratos Ramón y Cajal (RYC) 2026,,V4_CLASSIFICATION,DUPLICATE,DUPLICATE,,,,,,,,,,https://www.aei.gob.es/convocatorias/buscador-convocatorias/ayudas-contratos-ramon-cajal-ryc-2026,,
jar_AC_118_sig_AC_aHR0cHM6Ly93d3cu,AC,"Real Decreto 723/2026, de 9 de septiembre, por el que se ...",,V4_CLASSIFICATION,SIGNAL_ONLY,DUPLICATE,,,,,,,,,,https://www.boe.es/buscar/act.php?id=BOE-A-2026-19200,,
jar_AC_119_sig_AC_aHR0cHM6Ly90aWVu,AC,CAMPEONES DEL MUNDIAL FIFA 2026 | Monedas | Productos,,V4_CLASSIFICATION,SIGNAL_ONLY,DUPLICATE,,,,,,,,,,https://tienda.fnmt.es/fnmttv/fnmt/es/Productos/Monedas/CAMPEONES-DEL-MUNDIAL-FIFA-2026/p/92967070,,
jar_AC_120_sig_AC_aHR0cHM6Ly93d3cu,AC,Programación | Les Arts—Centro de Artes Escénicas en ...,,V4_CLASSIFICATION,REJECTED_EARLY,DUPLICATE,,,,,,,,,,https://www.lesarts.com/es/programacion.html,,
jar_AC_121_sig_AC_aHR0cHM6Ly93d3cy,AC,Calculadora IRPF 2026,,V4_CLASSIFICATION,SIGNAL_ONLY,DUPLICATE,,,,,,,,,,https://www2.agenciatributaria.gob.es/wlpl/PRET-R200/R260/index.zul,,
jar_AC_122_sig_AC_aHR0cHM6Ly93d3cu,AC,"Correos, tarifas 2026",,V4_CLASSIFICATION,SIGNAL_ONLY,DUPLICATE,,,,,,,,,,https://www.correos.es/content/dam/correos/documentos/atc/tarifas/2026/Tarifas_Correos_2026_Peninsula_y_Baleares.pdf,,
jar_AC_123_sig_AC_aHR0cHM6Ly93d3cu,AC,INNOGLOBAL 2026,,V4_CLASSIFICATION,SIGNAL_ONLY,DUPLICATE,,,,,,,,,,https://www.cdti.es/ayudas/innoglobal-2026,,
jar_AC_124_sig_AC_aHR0cHM6Ly93d3cu,AC,2026 Total Solar Eclipse,,V4_CLASSIFICATION,SIGNAL_ONLY,DUPLICATE,,,,,,,,,,https://www.youtube.com/watch?v=rSvCuSQhC3w,,
jar_AC_125_sig_AC_aHR0cHM6Ly93d3cu,AC,Congreso de los Diputados: HOME,,V4_CLASSIFICATION,SIGNAL_ONLY,DUPLICATE,,,,,,,,,,https://www.congreso.es/,,
jar_AC_126_sig_AC_aHR0cHM6Ly9lbHBh,AC,Esperpento en el Congreso | Opinión,,V4_CLASSIFICATION,SIGNAL_ONLY,DUPLICATE,,,,,,,,,,https://elpais.com/opinion/2026-09-24/esperpento-en-el-congreso.html,,
jar_AC_127_sig_AC_aHR0cHM6Ly9lcy53,AC,Congreso de los Estados Unidos,,V4_CLASSIFICATION,SIGNAL_ONLY,DUPLICATE,,,,,,,,,,https://es.wikipedia.org/wiki/Congreso_de_los_Estados_Unidos,,
jar_AC_128_sig_AC_aHR0cHM6Ly9hZWxl,AC,Inscripción VIII Congreso aelēc,,V4_CLASSIFICATION,SIGNAL_ONLY,DUPLICATE,,,,,,,,,,https://aelec.es/producto/inscripcion-viii-congreso-aelec-2/,,
jar_AC_129_sig_AC_aHR0cHM6Ly93d3cu,AC,VII Congreso Europeo contra la Pobreza y la Exclusión ...,,V4_CLASSIFICATION,SIGNAL_ONLY,DUPLICATE,,,,,,,,,,https://www.eapn.es/actividades/381/vii-congreso-europeo-contra-la-pobreza-y-la-exclusion-social,,
jar_AC_130_sig_AC_aHR0cHM6Ly93d3cu,AC,El Congreso tramita una iniciativa de Podemos para ...,,V4_CLASSIFICATION,SIGNAL_ONLY,DUPLICATE,,,,,,,,,,https://www.abc.es/economia/congreso-tramita-iniciativa-podemos-eliminar-penalizacion-jubilacion-20260922212502-nt.html,,
jar_AC_131_sig_AC_aHR0cHM6Ly93d3cu,AC,Global Senior Management Program | IE Business School,,V4_CLASSIFICATION,SIGNAL_ONLY,DUPLICATE,,,,,,,,,,https://www.ie.edu/lifelong-learning/programs/global-senior-management-program/admissions-financial-aid/,,
jar_AC_132_sig_AC_aHR0cHM6Ly9pbnZl,AC,grupo de investigación persona-ambiente (gripa),,V4_CLASSIFICATION,SIGNAL_ONLY,DUPLICATE,,,,,,,,,,https://investigacion.udc.es/gl/Research/Details/G00069,,
jar_AC_133_sig_AC_aHR0cHM6Ly9tcHRt,AC,PFot-807 AC. Photovoltaic installations Larentina of 39.99 ...,,V4_CLASSIFICATION,REJECTED_EARLY,DUPLICATE,,,,,,,,,,https://mptmd.gob.es/en/portal/delegaciones_gobierno/delegaciones/aragon/proyectos-ci/expedientes-renovables/teruel/fotovoltaicos/pfot_807_ac_instalaciones_fotovoltaicas_larentina_de_3999_mwins_-_354_mwn_inus_de_2081_mwins_-_184_mwn_y_ladon_de_3999_mwins_-_354_mwn_y_su_infraestructura_de_evacuacion_en_las_provincias_de_teruel_castellon_y_valencia,,
jar_AC_134_sig_AC_aHR0cHM6Ly93d3cu,AC,ESADE Executive MBA 2026 graduation celebration,,V4_CLASSIFICATION,SIGNAL_ONLY,DUPLICATE,,,,,,,,,,https://www.facebook.com/EsadeBS/posts/esade-gave-us-the-tools-to-build-and-lead-from-here-but-the-people-around-us-tau/1495101119330182/,,
jar_AC_135_sig_AC_aHR0cHM6Ly93d3cu,AC,Jornadas de Economía de la Salud,,V4_CLASSIFICATION,SIGNAL_ONLY,DUPLICATE,,,,,,,,,,https://www.aes.es/jornadas/docs/Comunicaciones-AES-2026.pdf,,
jar_AC_136_sig_AC_aHR0cHM6Ly9vYS51,AC,Documentos relacionados con el Objetivo de Desarrollo ...,,V4_CLASSIFICATION,SIGNAL_ONLY,DUPLICATE,,,,,,,,,,https://oa.upm.es/view/ods/ciudades=5Fcomunidades=5Fsostenibles/conference=5Fitem.html,,
jar_AC_137_sig_AC_aHR0cHM6Ly93d3cu,AC,Memoria Científica Anual - Annual Scientific Report,,V4_CLASSIFICATION,ADMITTED_CANDIDATE,DUPLICATE,,,,,,,,,,https://www.iisgaliciasur.es/wp-content/uploads/2026/06/MEMORIA-IISGALICIASUR-2019.pdf,,
jar_AC_138_sig_AC_aHR0cHM6Ly93d3cu,AC,Universitat Jaume I,,V4_CLASSIFICATION,SIGNAL_ONLY,DUPLICATE,,,,,,,,,,https://www.uji.es/upo/rest/publicacion/idioma/en?urlRedirect=https://www.uji.es/institucional/estructura/personal/&url=/institucional/estructura/personal/&p_profesor=7611,,
jar_AC_139_sig_AC_aHR0cHM6Ly9jZWQu,AC,Participació en trobades científiques,,V4_CLASSIFICATION,SIGNAL_ONLY,DUPLICATE,,,,,,,,,,https://ced.cat/difusio/participacio-en-trobades-cientifiques/,,
jar_AC_140_sig_AC_aHR0cHM6Ly9lcy53,AC,"2026 - Wikipedia, la enciclopedia libre",,V4_CLASSIFICATION,DUPLICATE,DUPLICATE,,,,,,,,,,https://es.wikipedia.org/wiki/2026,,
jar_AC_141_sig_AC_aHR0cHM6Ly90cmFu,AC,Plan Anual Normativo 2026,,V4_CLASSIFICATION,DUPLICATE,DUPLICATE,,,,,,,,,,https://transparencia.gob.es/content/dam/transparencia_home/publicidadactiva/normativa/pan2026/PAN%202026.pdf,,
jar_AC_142_sig_AC_aHR0cHM6Ly93d3cu,AC,El MICIU concede los Premios Nacionales de ...,,V4_CLASSIFICATION,SIGNAL_ONLY,DUPLICATE,,,,,,,,,,https://www.ciencia.gob.es/Noticias/2026/julio/MICIU-concede-Premios-Nacionales-Investigacion-2026.html,,
jar_AC_143_sig_AC_aHR0cHM6Ly93d3cu,AC,Evolett - Víveme | Knockouts | The Voice Kids Spain 2026,,V4_CLASSIFICATION,REJECTED_EARLY,DUPLICATE,,,,,,,,,,https://www.youtube.com/watch?v=D1RiA8m52UY&vl=es,,
jar_AC_144_sig_AC_aHR0cHM6Ly93d3cu,AC,10 años compartiendo mi vida con este ratón. Gracias por ...,,V4_CLASSIFICATION,SIGNAL_ONLY,DUPLICATE,,,,,,,,,,https://www.instagram.com/p/DU_nWxijIgi/?hl=es,,
jar_SPICE_145_sig_SPICE_aHR0cHM6Ly93d3cu,SPICE,Grenada Spicemas 2027 Package Options,,V4_CLASSIFICATION,ADMITTED_CANDIDATE,DUPLICATE,,,,,,,,,,https://www.liminpros.co/post/grenada-spicemas-2027-package-options,,
jar_SPICE_146_sig_SPICE_aHR0cHM6Ly93d3cu,SPICE,GIS Grenada's post,,V4_CLASSIFICATION,ADMITTED_CANDIDATE,DUPLICATE,,,,,,,,,,https://www.facebook.com/gisgrenada/posts/%F0%9D%90%92%F0%9D%90%9E%F0%9D%90%AB%F0%9D%90%AF%F0%9D%90%A2%F0%9D%90%9C%F0%9D%90%9E-%F0%9D%90%9E%F0%9D%90%B1%F0%9D%90%9C%F0%9D%90%9E%F0%9D%90%A5%F0%9D%90%A5%F0%9D%90%9E%F0%9D%90%A7%F0%9D%90%9C%F0%9D%90%9E-%F0%9D%90%A4%F0%9D%90%9E%F0%9D%90%B2-%F0%9D%90%AD%F0%9D%90%A8-%F0%9D%90%86%F0%9D%90%93%F0%9D%90%80ceo-of-the-grenada-tourism-authority-petra-roach-sa/899907855664295/,,
jar_SPICE_147_sig_SPICE_aHR0cHM6Ly93d3cu,SPICE,"Find St George's, Grenada Hotels",,V4_CLASSIFICATION,ADMITTED_CANDIDATE,DUPLICATE,,,,,,,,,,https://www.businesstravelnews.com/Hotels/St-Georges-Grenada,,
jar_SPICE_148_sig_SPICE_aHR0cHM6Ly93d3cu,SPICE,Grenada draws one uninterrupted ...,,V4_CLASSIFICATION,ADMITTED_CANDIDATE,DUPLICATE,,,,,,,,,,https://www.instagram.com/reel/Dbz9rfQDp1p/,,
jar_SPICE_149_sig_SPICE_aHR0cHM6Ly93d3cu,SPICE,"Find St George's, Grenada Hotels",,V4_CLASSIFICATION,ADMITTED_CANDIDATE,DUPLICATE,,,,,,,,,,https://www.travelweekly-asia.com/Hotels/St-Georges-Grenada,,
jar_SPICE_150_sig_SPICE_aHR0cHM6Ly93d3cu,SPICE,SIX SENSES LA SAGESSE AND INTERCONTINENTAL ...,,V4_CLASSIFICATION,SIGNAL_ONLY,DUPLICATE,,,,,,,,,,https://www.instagram.com/p/DdZBLknF5OX/,,
jar_SPICE_151_sig_SPICE_aHR0cHM6Ly93d3cu,SPICE,Escape to Grenada 2026: Win a 5-Day Trip for You and ...,,V4_CLASSIFICATION,ADMITTED_CANDIDATE,DUPLICATE,,,,,,,,,,https://www.facebook.com/Hott935/posts/its-time-to-escape-to-grenada-hott-93-is-turning-up-the-heat-and-you-could-be-je/1706599074802907/,,
jar_SPICE_152_sig_SPICE_aHR0cHM6Ly93d3cu,SPICE,CTO News – Page 26,,V4_CLASSIFICATION,SIGNAL_ONLY,DUPLICATE,,,,,,,,,,https://www.onecaribbean.org/media/cto-news/page/26/?fbclid=iwar3igju3r-mhgmfnn9fnaxyksq4h6tszevf-deexgfw1cunktj3yjazozui,,
jar_SPICE_153_sig_SPICE_aHR0cHM6Ly93d3cu,SPICE,Luxury Grenada Holidays 2026/2027 | ITC - Inspiring Travel,,V4_CLASSIFICATION,ADMITTED_CANDIDATE,DUPLICATE,,,,,,,,,,https://www.inspiringtravel.co.uk/caribbean/grenada,,
jar_SPICE_154_sig_SPICE_aHR0cHM6Ly93d3cu,SPICE,Hotel Granada Announces Key F&B Leadership Ahead of ...,,V4_CLASSIFICATION,SIGNAL_ONLY,DUPLICATE,,,,,,,,,,https://www.hotel-online.com/news/hotel-granada-announces-key-fb-leadership-ahead-of-august-opening,,
jar_SPICE_155_sig_SPICE_aHR0cHM6Ly93d3cu,SPICE,Luxury Grenada Hotels & Best Accommodation in Grenada,,V4_CLASSIFICATION,ADMITTED_CANDIDATE,DUPLICATE,,,,,,,,,,https://www.scottdunn.com/us/grenada/hotels,,
jar_SPICE_156_sig_SPICE_aHR0cHM6Ly93d3cu,SPICE,Silversands Collection Grenada's Post,,V4_CLASSIFICATION,ADMITTED_CANDIDATE,DUPLICATE,,,,,,,,,,https://www.linkedin.com/posts/silversandsgrenada_we-are-happy-to-officially-announce-dennis-activity-7358867069511057408-hu4u,,
jar_SPICE_157_sig_SPICE_aHR0cHM6Ly93d3cu,SPICE,Lance Aux Epines Cottages Meetings and Events,,V4_CLASSIFICATION,ADMITTED_CANDIDATE,DUPLICATE,,,,,,,,,,https://www.travelagewest.com/Hotels/Lance-Aux-Epines-Grenada/Lance-Aux-Epines-Cottages/Meetings-Events-p52057638,,
jar_SPICE_158_sig_SPICE_aHR0cHM6Ly93d3cu,SPICE,“Forge meaningful Partnerships through travel” The Grenada ...,,V4_CLASSIFICATION,ADMITTED_CANDIDATE,DUPLICATE,,,,,,,,,,https://www.facebook.com/puregrenada/posts/forge-meaningful-partnerships-through-travelthe-grenada-tourism-authority-gta-su/735304748630147/,,
jar_SPICE_159_sig_SPICE_aHR0cHM6Ly93d3cu,SPICE,Grenada Diaspora Homecoming at Radisson ...,,V4_CLASSIFICATION,ADMITTED_CANDIDATE,DUPLICATE,,,,,,,,,,https://www.facebook.com/groups/668061303250857/posts/27492729617023995/,,
jar_SPICE_160_sig_SPICE_aHR0cHM6Ly93d3cu,SPICE,"Day 3 | CELAM Caribbean Regional Meeting 2026 🇹🇹 Today, ...",,V4_CLASSIFICATION,SIGNAL_ONLY,DUPLICATE,,,,,,,,,,https://www.instagram.com/reel/DZbWPmAiSZl/,,
jar_SPICE_161_sig_SPICE_aHR0cHM6Ly9jb25m,SPICE,International Conference on International Conference on ...,,V4_CLASSIFICATION,SIGNAL_ONLY,DUPLICATE,,,,,,,,,,https://conferencenext.com/event/100964686,,
jar_SPICE_162_sig_SPICE_aHR0cHM6Ly93d3cu,SPICE,Setting the Bar in Public Sector Governance! We are ...,,V4_CLASSIFICATION,SIGNAL_ONLY,DUPLICATE,,,,,,,,,,https://www.instagram.com/p/DeAyw6_jLPg/,,
jar_SPICE_163_sig_SPICE_aHR0cHM6Ly93d3cu,SPICE,Pure Grenada,,V4_CLASSIFICATION,ADMITTED_CANDIDATE,DUPLICATE,,,,,,,,,,https://www.facebook.com/puregrenada/posts/two-weeks-one-homeland-endless-moments-to-reconnect-from-cultural-celebrations-a/1417687760391839/,,
jar_SPICE_164_sig_SPICE_aHR0cHM6Ly93d3cu,SPICE,So many photos and memorable moments from the 29th ...,,V4_CLASSIFICATION,SIGNAL_ONLY,DUPLICATE,,,,,,,,,,https://www.instagram.com/reel/DbOrStPOgky/,,
jar_SPICE_165_sig_SPICE_aHR0cHM6Ly9jYXJp,SPICE,GRENADA GETS SET TO HOST ACCP,,V4_CLASSIFICATION,ADMITTED_CANDIDATE,DUPLICATE,,,,,,,,,,https://caricom.org/grenada-gets-set-to-host-accp/,,
jar_SPICE_166_sig_SPICE_aHR0cHM6Ly9jb25m,SPICE,International Conference on International Conference on ...,,V4_CLASSIFICATION,SIGNAL_ONLY,DUPLICATE,,,,,,,,,,https://conferencenext.com/event/100956082,,
jar_SPICE_167_sig_SPICE_aHR0cHM6Ly9hbWlt,SPICE,"Event Space & Hotels in Grand Anse, Grenada",,V4_CLASSIFICATION,ADMITTED_CANDIDATE,DUPLICATE,,,,,,,,,,https://amimagazine.global/meeting-event-venues/grand-anse-grenada/hotels,,
jar_SPICE_168_sig_SPICE_aHR0cHM6Ly93d3cu,SPICE,"Event Space & Hotels in Grand Anse, Grenada",,V4_CLASSIFICATION,ADMITTED_CANDIDATE,DUPLICATE,,,,,,,,,,https://www.northstarmeetingsgroup.com/Meeting-Event-Venues/Grand-Anse-Grenada/Convention-Centers?pg=2,,
jar_SPICE_169_sig_SPICE_aHR0cHM6Ly9taXRt,SPICE,"Event Space & Hotels in Grand Anse, Grenada",,V4_CLASSIFICATION,ADMITTED_CANDIDATE,DUPLICATE,,,,,,,,,,https://mitmagazine.co.uk/Meeting-Event-Venues/Grand-Anse-Grenada/Hotels,,
jar_SPICE_170_sig_SPICE_aHR0cHM6Ly93d3cu,SPICE,"Allamanda Beach Resort & Spa - Grand Anse, Grenada",,V4_CLASSIFICATION,ADMITTED_CANDIDATE,DUPLICATE,,,,,,,,,,https://www.meetings-conventions.com/Meeting-Event-Venues/Grand-Anse-Grenada/Convention-Hotel/Allamanda-Beach-Resort-Spa-p4547729,,
jar_SPICE_171_sig_SPICE_aHR0cHM6Ly93d3cu,SPICE,Downtown Hotels in Grand Anse - Grenada,,V4_CLASSIFICATION,ADMITTED_CANDIDATE,DUPLICATE,,,,,,,,,,https://www.travelweekly.com/Hotels/Grand-Anse-Grenada,,
jar_SPICE_172_sig_SPICE_aHR0cHM6Ly93aWxk,SPICE,"Things to do in Grenada in 2026 and 2027, from new ...",,V4_CLASSIFICATION,REJECTED_EARLY,DUPLICATE,,,,,,,,,,https://wildbayco.com/grenada-luxury-hotels-spicemas-travel-guide-2026/,,
jar_SPICE_173_sig_SPICE_aHR0cHM6Ly93d3cu,SPICE,CWWA 2026 conference accommodation at Radisson ...,,V4_CLASSIFICATION,ADMITTED_CANDIDATE,DUPLICATE,,,,,,,,,,https://www.facebook.com/cwwacaribbean/posts/%F0%9D%9F%92%F0%9D%9F%8E-%F0%9D%90%83%F0%9D%90%80%F0%9D%90%98%F0%9D%90%92-%F0%9D%90%93%F0%9D%90%8E-%F0%9D%90%86%F0%9D%90%8E-%F0%9D%90%94%F0%9D%90%8D%F0%9D%90%93%F0%9D%90%88%F0%9D%90%8B-%F0%9D%90%82%F0%9D%90%96%F0%9D%90%96%F0%9D%90%80-%F0%9D%9F%90%F0%9D%9F%8E%F0%9D%9F%90%F0%9D%9F%94grenada-is-getting-ready-to-welcome-the-caribbean-f/1105336138723521/,,
jar_SPICE_174_sig_SPICE_aHR0cHM6Ly93d3cu,SPICE,InterContinental Grenada Resort & Spa Meetings & Events,,V4_CLASSIFICATION,ADMITTED_CANDIDATE,DUPLICATE,,,,,,,,,,https://www.ihg.com/intercontinental/hotels/gb/en/la-sagesse/skblg/hoteldetail/meetings-events,,
jar_SPICE_175_sig_feeder_SPICE_aHR0cDovL3d3,SPICE,"Incentive travel, Meetings and events",,V4_CLASSIFICATION,SIGNAL_ONLY,DUPLICATE,,,,,,,,,,http://www.chile.alchemydmc.com/incentive-travel-meetings-and-events/,,
jar_SPICE_176_sig_feeder_SPICE_aHR0cHM6Ly93,SPICE,Incentive Travel Trends 2026: What Corporate Groups ...,,V4_CLASSIFICATION,SIGNAL_ONLY,DUPLICATE,,,,,,,,,,https://www.hollanddmcpartners.com/post/incentive-travel-trends-2026-holland,,
jar_SPICE_177_sig_feeder_SPICE_aHR0cHM6Ly90,SPICE,Indonesia (Introduction) - DMC Collective,,V4_CLASSIFICATION,SIGNAL_ONLY,DUPLICATE,,,,,,,,,,https://thedmccollective.com/indonesia-dmc-incentive-travel/,,
jar_SPICE_178_sig_feeder_SPICE_aHR0cHM6Ly93,SPICE,Ready to explore the future of Grenada's hospitality sector ...,,V4_CLASSIFICATION,ADMITTED_CANDIDATE,DUPLICATE,,,,,,,,,,https://www.facebook.com/pureinvestmentgrenada/posts/ready-to-explore-the-future-of-grenadas-hospitality-sector-join-us-for-session-i/1090684966891839/,,
jar_SPICE_179_sig_feeder_SPICE_aHR0cHM6Ly9k,SPICE,The best Incentive travel Destination Management ...,,V4_CLASSIFICATION,SIGNAL_ONLY,DUPLICATE,,,,,,,,,,https://dmcfinder.com/dmc/incentive-travel-destination-management-company-in-seychelles/,,
jar_SPICE_180_sig_feeder_SPICE_aHR0cHM6Ly9k,SPICE,Corporate social responsibility incentive travel | Granada,,V4_CLASSIFICATION,SIGNAL_ONLY,DUPLICATE,,,,,,,,,,https://dmcgranada.com/csr-incentive-travel-granada/,,
jar_SPICE_181_sig_feeder_SPICE_aHR0cHM6Ly93,SPICE,Grenada's new voluntourism program offers authentic ...,,V4_CLASSIFICATION,ADMITTED_CANDIDATE,DUPLICATE,,,,,,,,,,https://www.traveltradecaribbean.es/en/grenadas-new-voluntourism-program-offers-authentic-experiences-for-visitors-looking-to-make-an-impact/,,
jar_SPICE_182_sig_feeder_SPICE_aHR0cHM6Ly9z,SPICE,Six Destination Ideas for your Next Incentive Travel Trip,,V4_CLASSIFICATION,SIGNAL_ONLY,DUPLICATE,,,,,,,,,,https://spicedblue.co.uk/f/six-destination-ideas-for-your-next-incentive-travel-trip,,
jar_SPICE_183_sig_feeder_SPICE_aHR0cHM6Ly93,SPICE,What's on your 2027 group travel list?,,V4_CLASSIFICATION,SIGNAL_ONLY,DUPLICATE,,,,,,,,,,https://www.facebook.com/100057542984171/posts/cant-wait-for-group-travel-2027-great-line-up-started-with-more-to-come-whats-on/1506004311327654/,,
jar_SPICE_184_sig_feeder_SPICE_aHR0cHM6Ly93,SPICE,Downtown Hotels in St David's - Grenada,,V4_CLASSIFICATION,ADMITTED_CANDIDATE,DUPLICATE,,,,,,,,,,https://www.travelweekly.com/Hotels/St-Davids-Grenada,,
jar_SPICE_185_sig_feeder_SPICE_aHR0cHM6Ly93,SPICE,Vacation Express Travel Advisor Training with Pablo (replay),,V4_CLASSIFICATION,SIGNAL_ONLY,DUPLICATE,,,,,,,,,,https://www.facebook.com/EvolutionTravelCafe/posts/vacation-express-travel-advisor-training-with-pablo-replay/1510898584407812/,,
jar_SPICE_186_sig_feeder_SPICE_aHR0cHM6Ly93,SPICE,"Lance Aux Epines, Grenada Area Hotels- Page 3",,V4_CLASSIFICATION,ADMITTED_CANDIDATE,DUPLICATE,,,,,,,,,,https://www.businesstravelnews.com/Hotels/Lance-Aux-Epines-Grenada?cmp=1&pg=3,,
jar_SPICE_187_sig_feeder_SPICE_aHR0cHM6Ly93,SPICE,"St George's, Grenada Hotels",,V4_CLASSIFICATION,ADMITTED_CANDIDATE,DUPLICATE,,,,,,,,,,https://www.travelagewest.com/Hotels/St-Georges-Grenada,,
jar_SPICE_188_sig_feeder_SPICE_aHR0cHM6Ly93,SPICE,"Grand Anse, Grenada Area Hotels- Page 2",,V4_CLASSIFICATION,ADMITTED_CANDIDATE,DUPLICATE,,,,,,,,,,https://www.travelweekly-asia.com/hotels/grand-anse-grenada?v=D&pg=2,,
jar_SPICE_189_sig_feeder_SPICE_aHR0cHM6Ly9l,SPICE,RADISSON GRENADA BEACH RESORT - Grand Anse,,V4_CLASSIFICATION,REJECTED_EARLY,DUPLICATE,,,,,,,,,,https://en.tripadvisor.com.hk/Hotel_Review-g1182535-d209593-Reviews-or1600-Radisson_Grenada_Beach_Resort-Grand_Anse_South_Coast_Saint_George_Parish_Grenad.html,,
jar_SPICE_190_sig_feeder_SPICE_aHR0cHM6Ly9l,SPICE,"An Extended Journey of Fabled Ports, Volcanic Isles and ...",,V4_CLASSIFICATION,SIGNAL_ONLY,DUPLICATE,,,,,,,,,,https://explorajourneys.com/cn/en/destinations-globe/car/journeys/miamia-15-v4?id-journey=ex20260113miamia,,
jar_SPICE_191_sig_feeder_SPICE_aHR0cHM6Ly9p,SPICE,Promotions,,V4_CLASSIFICATION,REJECTED_EARLY,DUPLICATE,,,,,,,,,,https://internovatravel.com/tl-select-agent?redir=hotels/promotion/1809,,
jar_SPICE_192_sig_feeder_SPICE_aHR0cHM6Ly93,SPICE,Exhibitor Directory | ILTM North America,,V4_CLASSIFICATION,SIGNAL_ONLY,DUPLICATE,,,,,,,,,,https://www.iltm.com/north-america/en-gb/exhibitor-directory.html?page=2,,
jar_CAMBRIDGE_193_sig_CAMBRIDGE_aHR0cHM6Ly93d3cu,CAMBRIDGE,DMC Insider's Guide: What Makes a Great Incentive Travel ...,,V4_CLASSIFICATION,SIGNAL_ONLY,DUPLICATE,,,,,,,,,,https://www.terraevents.com/knowledge-hub/blog/dmc-insiders-guide-what-makes-a-great-incentive-travel-program,,
jar_CAMBRIDGE_194_sig_CAMBRIDGE_aHR0cHM6Ly93d3cu,CAMBRIDGE,"When it comes to meetings and incentive travel, Bermuda ...",,V4_CLASSIFICATION,ADMITTED_CANDIDATE,DUPLICATE,,,,,,,,,,https://www.instagram.com/p/DKazj59NYp6/,,
jar_CAMBRIDGE_195_sig_CAMBRIDGE_aHR0cHM6Ly9qc2hh,CAMBRIDGE,Top 7 Hotels for Incentive Travel: 2027 Operator's Guide,,V4_CLASSIFICATION,SIGNAL_ONLY,DUPLICATE,,,,,,,,,,https://jshay.events/top-7-hotels-for-incentive-travel/,,
jar_CAMBRIDGE_196_sig_CAMBRIDGE_aHR0cHM6Ly93d3cu,CAMBRIDGE,Incentive Travel Company UK & Europe,,V4_CLASSIFICATION,SIGNAL_ONLY,DUPLICATE,,,,,,,,,,https://www.uniqueworldglobal.com/corporate-incentive-travel,,
jar_CAMBRIDGE_197_sig_CAMBRIDGE_aHR0cHM6Ly93d3cu,CAMBRIDGE,Incentive Travel Trends 2026: What Corporate Groups ...,,V4_CLASSIFICATION,SIGNAL_ONLY,DUPLICATE,,,,,,,,,,https://www.hollanddmcpartners.com/post/incentive-travel-trends-2026-holland,,
jar_CAMBRIDGE_198_sig_CAMBRIDGE_aHR0cHM6Ly93d3cu,CAMBRIDGE,Travel,,V4_CLASSIFICATION,REJECTED_EARLY,DUPLICATE,,,,,,,,,,https://www.northstarmeetingsgroup.com/Incentive/Travel,,
jar_CAMBRIDGE_199_sig_CAMBRIDGE_aHR0cHM6Ly90aGVk,CAMBRIDGE,Incentive Travel Agency | The DMC Collective,,V4_CLASSIFICATION,SIGNAL_ONLY,DUPLICATE,,,,,,,,,,https://thedmccollective.com/incentive-travel/,,
jar_CAMBRIDGE_200_sig_CAMBRIDGE_aHR0cHM6Ly93d3cu,CAMBRIDGE,Incentive Travel | Business Travel Research,,V4_CLASSIFICATION,SIGNAL_ONLY,DUPLICATE,,,,,,,,,,https://www.foxworldtravel.com/business-travel-categories/incentive-travel/,,
jar_CAMBRIDGE_201_sig_CAMBRIDGE_aHR0cHM6Ly93d3cu,CAMBRIDGE,Best Warm-Weather Incentive Travel Destinations for Winter,,V4_CLASSIFICATION,SIGNAL_ONLY,DUPLICATE,,,,,,,,,,https://www.executivegrouptravel.com/blog/best-warm-weather-incentive-travel-destinations-for-winter-2025-2026-corporate-groups,,
jar_CAMBRIDGE_202_sig_CAMBRIDGE_aHR0cHM6Ly9kZW1v,CAMBRIDGE,"(Public Pack)Agenda Document for Cabinet, 16/06/2022 13:45",,V4_CLASSIFICATION,SIGNAL_ONLY,DUPLICATE,,,,,,,,,,https://democracy.warwickshire.gov.uk/documents/g3414/Public%20reports%20pack%20Thursday%2016-Jun-2022%2013.45%20Cabinet.pdf?T=10,,
jar_CAMBRIDGE_203_sig_CAMBRIDGE_aHR0cHM6Ly9hc3Nl,CAMBRIDGE,"Global Sales Services for Luxury Hotels, Resorts, Cruise ...",,V4_CLASSIFICATION,SIGNAL_ONLY,DUPLICATE,,,,,,,,,,https://assets.simpleviewinc.com/simpleview/image/upload/v1/clients/alhitx/ALHI_Hotel_Member_List_February2025_a45560c4-7f34-4a0b-ad1b-b4f7f20386af.pdf,,
jar_CAMBRIDGE_204_sig_CAMBRIDGE_aHR0cHM6Ly93d3cu,CAMBRIDGE,TEACHER LEADERSHIP COHORT | Hanover-Florham Park ...,,V4_CLASSIFICATION,SIGNAL_ONLY,DUPLICATE,,,,,,,,,,https://www.newjerseyhills.com/hanover_florham_park_eagle/news/teacher-leadership-cohort/image_f5cf23a9-7c15-544e-90b4-c6b20ae8bf9e.html,,
jar_CAMBRIDGE_205_sig_CAMBRIDGE_aHR0cHM6Ly93d3cu,CAMBRIDGE,Caroline J. Berdzik,,V4_CLASSIFICATION,SIGNAL_ONLY,DUPLICATE,,,,,,,,,,https://www.goldbergsegalla.com/our-team/caroline-j-berdzik/pdf/,,
jar_CAMBRIDGE_206_sig_CAMBRIDGE_aHR0cHM6Ly93d3cu,CAMBRIDGE,Full-Service Brokerage,,V4_CLASSIFICATION,REJECTED_EARLY,DUPLICATE,,,,,,,,,,https://www.butterfieldgroup.com/en-bm/investments/asset-management/full-service-brokerage,,
jar_CAMBRIDGE_207_sig_CAMBRIDGE_aHR0cHM6Ly93d3cu,CAMBRIDGE,Turks and Caicos Hotel and Tourism Association,,V4_CLASSIFICATION,SIGNAL_ONLY,DUPLICATE,,,,,,,,,,https://www.facebook.com/OfficialTCHTA/posts/join-us-in-celebrating-our-very-own-karen-whitt-on-her-appointment-as-1st-vice-p/939759881524487/,,
jar_CAMBRIDGE_208_sig_CAMBRIDGE_aHR0cHM6Ly93d3cu,CAMBRIDGE,Inline XBRL Viewer,,V4_CLASSIFICATION,SIGNAL_ONLY,DUPLICATE,,,,,,,,,,https://www.sec.gov/ixviewer/ix.html?doc=/Archives/edgar/data/947484/000094748424000020/acgl-20231231.htm,,
jar_CAMBRIDGE_209_sig_CAMBRIDGE_aHR0cHM6Ly9wdWJz,CAMBRIDGE,Rating Performance or Contesting Status: Evidence Against ...,,V4_CLASSIFICATION,SIGNAL_ONLY,DUPLICATE,,,,,,,,,,https://pubsonline.informs.org/doi/10.1287/orsc.1100.0585,,
jar_CAMBRIDGE_210_sig_CAMBRIDGE_aHR0cHM6Ly93d3cu,CAMBRIDGE,Best Practices to Manage a Lean Corporate Travel Budget,,V4_CLASSIFICATION,SIGNAL_ONLY,DUPLICATE,,,,,,,,,,https://www.discoverasr.com/en/destinations/indonesia/corporate-travel-budget,,
jar_CAMBRIDGE_211_sig_CAMBRIDGE_aHR0cHM6Ly9vbGQu,CAMBRIDGE,Bermuda Conference (2026),,V4_CLASSIFICATION,ADMITTED_CANDIDATE,DUPLICATE,,,,,,,,,,https://old.adventistyearbook.org/default.aspx?page=ViewAdmField&Year=2026&admfieldid=BERC&Section=InstOtherEnt,,
jar_CAMBRIDGE_212_sig_CAMBRIDGE_aHR0cHM6Ly93d3cu,CAMBRIDGE,"Executive Board Meeting - Oct 13, 2027",,V4_CLASSIFICATION,ADMITTED_CANDIDATE,DUPLICATE,,,,,,,,,,https://www.bermudachamber.bm/events/details/executive-board-meeting-10-13-2027-1227,,
jar_CAMBRIDGE_213_sig_CAMBRIDGE_aHR0cHM6Ly93d3cu,CAMBRIDGE,"BADA Meeting - Aug 4, 2026",,V4_CLASSIFICATION,ADMITTED_CANDIDATE,DUPLICATE,,,,,,,,,,https://www.bermudachamber.bm/events/details/bada-meeting-08-04-2026-1439,,
jar_CAMBRIDGE_214_sig_CAMBRIDGE_aHR0cHM6Ly9pbnRl,CAMBRIDGE,Leadership Conferences in Bermuda 2026 + CFP | ICA,,V4_CLASSIFICATION,ADMITTED_CANDIDATE,DUPLICATE,,,,,,,,,,https://internationalconferencealerts.com/bermuda/leadership,,
jar_CAMBRIDGE_215_sig_CAMBRIDGE_aHR0cHM6Ly93d3cu,CAMBRIDGE,International Government Conferences in Bermuda ...,,V4_CLASSIFICATION,ADMITTED_CANDIDATE,DUPLICATE,,,,,,,,,,https://www.conferenceineurope.org/bermuda/government/october,,
jar_CAMBRIDGE_216_sig_CAMBRIDGE_aHR0cHM6Ly93d3cu,CAMBRIDGE,Upcoming events of interest to local and international ...,,V4_CLASSIFICATION,SIGNAL_ONLY,DUPLICATE,,,,,,,,,,https://www.royalgazette.com/other/business/article/20110209/upcoming-events-of-interest-to-local-and-international-business-61/,,
jar_CAMBRIDGE_217_sig_CAMBRIDGE_aHR0cHM6Ly93YXNl,CAMBRIDGE,Healthcare Industry Conferences in 2026/2027/2028,,V4_CLASSIFICATION,SIGNAL_ONLY,DUPLICATE,,,,,,,,,,https://waset.org/healthcare-industry-conferences?page=1,,
jar_CAMBRIDGE_218_sig_CAMBRIDGE_aHR0cHM6Ly93d3cu,CAMBRIDGE,International Government Conferences in Bermuda June ...,,V4_CLASSIFICATION,ADMITTED_CANDIDATE,DUPLICATE,,,,,,,,,,https://www.conferenceineurope.org/bermuda/government/june,,
jar_CAMBRIDGE_219_sig_CAMBRIDGE_aHR0cHM6Ly93d3cu,CAMBRIDGE,"Nonprofit Division - Jun 3, 2027",,V4_CLASSIFICATION,ADMITTED_CANDIDATE,DUPLICATE,,,,,,,,,,https://www.bermudachamber.bm/events/details/nonprofit-division-06-03-2027-1737,,
jar_CAMBRIDGE_220_sig_CAMBRIDGE_aHR0cHM6Ly93d3cu,CAMBRIDGE,Transcontinental Trusts: Bermuda 2022 is taking place next ...,,V4_CLASSIFICATION,ADMITTED_CANDIDATE,DUPLICATE,,,,,,,,,,https://www.facebook.com/BermudaFudgeCo/posts/transcontinental-trusts-bermuda-2022-is-taking-place-next-wednesday-june-29-to-f/2274097796076168/,,
jar_CAMBRIDGE_221_sig_CAMBRIDGE_aHR0cHM6Ly93d3cu,CAMBRIDGE,"I'll be in Bermuda 4/29,30 and 5/1 2026 what events will be ...",,V4_CLASSIFICATION,ADMITTED_CANDIDATE,DUPLICATE,,,,,,,,,,https://www.facebook.com/groups/133642150143/posts/10172576393830144/,,
jar_CAMBRIDGE_222_sig_CAMBRIDGE_aHR0cHM6Ly93d3cu,CAMBRIDGE,"The Bermuda Captive Conference, scheduled for June 1 to ...",,V4_CLASSIFICATION,ADMITTED_CANDIDATE,DUPLICATE,,,,,,,,,,https://www.facebook.com/theroyalgazette/posts/the-bermuda-captive-conference-scheduled-for-june-1-to-3-at-the-hamilton-princes/1509653587829949/,,
jar_CAMBRIDGE_223_sig_CAMBRIDGE_aHR0cHM6Ly93d3cu,CAMBRIDGE,Sports Tournament Lodging Options,,V4_CLASSIFICATION,SIGNAL_ONLY,DUPLICATE,,,,,,,,,,https://www.facebook.com/fb-answers/sports-tournament-lodging-options/,,
jar_CAMBRIDGE_224_sig_CAMBRIDGE_aHR0cHM6Ly93d3cu,CAMBRIDGE,The St. Regis Bermuda Resort Travel Protection is Highly ...,,V4_CLASSIFICATION,ADMITTED_CANDIDATE,DUPLICATE,,,,,,,,,,https://www.facebook.com/barbaraannhenry/posts/bermuda-1937-pp-oct-3-7-2026resortresort-the-st-regis-bermuda-resorttravel-prote/10164047869274934/,,
jar_CAMBRIDGE_225_sig_CAMBRIDGE_aHR0cHM6Ly93d3cu,CAMBRIDGE,Bermuda Tourism Authority conference details,,V4_CLASSIFICATION,ADMITTED_CANDIDATE,DUPLICATE,,,,,,,,,,https://www.facebook.com/groups/onebermudaalliance/posts/1401688436581871/,,
jar_CAMBRIDGE_226_sig_CAMBRIDGE_aHR0cHM6Ly93d3cu,CAMBRIDGE,The Move More Bermuda Games 2026 were held at ...,,V4_CLASSIFICATION,ADMITTED_CANDIDATE,DUPLICATE,,,,,,,,,,https://www.facebook.com/groups/BernewsSportsBDA/posts/4474188136237792/,,
jar_CAMBRIDGE_227_sig_CAMBRIDGE_aHR0cHM6Ly93d3cu,CAMBRIDGE,What's On Where,,V4_CLASSIFICATION,SIGNAL_ONLY,DUPLICATE,,,,,,,,,,https://www.royalgazette.com/general/sport/article/20240726/whats-on-where-143/,,
jar_CAMBRIDGE_228_sig_CAMBRIDGE_aHR0cHM6Ly93d3cu,CAMBRIDGE,"The Ministry of Tourism, Culture and Sport ...",,V4_CLASSIFICATION,SIGNAL_ONLY,DUPLICATE,,,,,,,,,,https://www.facebook.com/groups/582492595234197/posts/2714611288688973/,,
jar_CAMBRIDGE_229_sig_feeder_CAMBRIDGE_aHR0cHM6Ly9t,CAMBRIDGE,2026 Hot Spots for Incentive Travel (And Why They're Worth ...,,V4_CLASSIFICATION,SIGNAL_ONLY,DUPLICATE,,,,,,,,,,https://moderncollective.ca/2026-hot-spots-for-incentive-travel-and-why-theyre-worth-the-hype/,,
jar_CAMBRIDGE_230_sig_feeder_CAMBRIDGE_aHR0cHM6Ly93,CAMBRIDGE,Incentive Travel,,V4_CLASSIFICATION,SIGNAL_ONLY,DUPLICATE,,,,,,,,,,https://www.themeetingsshow.com/exhibitor-images/incentive-travel,,
jar_CAMBRIDGE_231_sig_feeder_CAMBRIDGE_aHR0cHM6Ly93,CAMBRIDGE,Top sunny incentive travel destinations for 2019,,V4_CLASSIFICATION,SIGNAL_ONLY,DUPLICATE,,,,,,,,,,https://www.uniqueworldglobal.com/blog/2019/04/top-incentive-sunny-travel-destinations/,,
jar_CAMBRIDGE_232_sig_feeder_CAMBRIDGE_aHR0cHM6Ly9t,CAMBRIDGE,Cruises - the incentive trip of choice for 2026?,,V4_CLASSIFICATION,SIGNAL_ONLY,DUPLICATE,,,,,,,,,,https://mitmagazine.co.uk/News/Venues/Cruises-the-incentive-trip-of-choice-for-2026-,,
jar_CAMBRIDGE_233_sig_feeder_CAMBRIDGE_aHR0cHM6Ly90,CAMBRIDGE,incentive Archives,,V4_CLASSIFICATION,SIGNAL_ONLY,DUPLICATE,,,,,,,,,,https://travel-dmc.com/tag/incentive/,,
jar_CAMBRIDGE_234_sig_feeder_CAMBRIDGE_aHR0cHM6Ly93,CAMBRIDGE,Where should we travel for 2027 group trips?,,V4_CLASSIFICATION,SIGNAL_ONLY,DUPLICATE,,,,,,,,,,https://www.facebook.com/groups/719087380506590/posts/1065647929183865/,,
jar_CAMBRIDGE_235_sig_feeder_CAMBRIDGE_aHR0cHM6Ly93,CAMBRIDGE,Club Med Summer 2027 Launch Alert!,,V4_CLASSIFICATION,SIGNAL_ONLY,DUPLICATE,,,,,,,,,,https://www.facebook.com/CruiseTravelMalta/videos/-club-med-summer-2027-launch-alert-/1619311219636765/,,
jar_CAMBRIDGE_236_sig_feeder_CAMBRIDGE_aHR0cHM6Ly93,CAMBRIDGE,Corporate Incentive Travel DMC,,V4_CLASSIFICATION,SIGNAL_ONLY,DUPLICATE,,,,,,,,,,https://w.uniqueworld.eu/corporate-incentive-travel,,
jar_CAMBRIDGE_237_sig_feeder_CAMBRIDGE_aHR0cHM6Ly93,CAMBRIDGE,BERMUDA 2027 — WHO'S READY TO CRUISE ...,,V4_CLASSIFICATION,ADMITTED_CANDIDATE,DUPLICATE,,,,,,,,,,https://www.instagram.com/p/DdPGjbyEqwb/,,
jar_CAMBRIDGE_238_sig_feeder_CAMBRIDGE_aHR0cHM6Ly93,CAMBRIDGE,Find Cheap Flights Worldwide & Book Your Ticket,,V4_CLASSIFICATION,SIGNAL_ONLY,DUPLICATE,,,,,,,,,,https://www.google.com/travel/flights?gl=US&hl=en-US,,
jar_CAMBRIDGE_239_sig_feeder_CAMBRIDGE_aHR0cHM6Ly93,CAMBRIDGE,r/travel,,V4_CLASSIFICATION,REJECTED_EARLY,DUPLICATE,,,,,,,,,,https://www.reddit.com/r/travel/,,
jar_CAMBRIDGE_240_sig_feeder_CAMBRIDGE_aHR0cHM6Ly90,CAMBRIDGE,Travel - State Department,,V4_CLASSIFICATION,REJECTED_EARLY,DUPLICATE,,,,,,,,,,https://travel.state.gov/,,
jar_CAMBRIDGE_241_sig_feeder_CAMBRIDGE_aHR0cHM6Ly93,CAMBRIDGE,"CNN Travel | Global Destinations, Tips & Video",,V4_CLASSIFICATION,SIGNAL_ONLY,DUPLICATE,,,,,,,,,,https://www.cnn.com/travel,,
jar_CAMBRIDGE_242_sig_feeder_CAMBRIDGE_aHR0cHM6Ly9l,CAMBRIDGE,Travel,,V4_CLASSIFICATION,REJECTED_EARLY,DUPLICATE,,,,,,,,,,https://en.wikipedia.org/wiki/Travel,,
jar_CAMBRIDGE_243_sig_feeder_CAMBRIDGE_aHR0cHM6Ly93,CAMBRIDGE,Union Members Travel & Ticket Discounts,,V4_CLASSIFICATION,SIGNAL_ONLY,DUPLICATE,,,,,,,,,,https://www.unionplus.org/benefits/travel,,
jar_CAMBRIDGE_244_sig_feeder_CAMBRIDGE_aHR0cHM6Ly93,CAMBRIDGE,Travelers' Health,,V4_CLASSIFICATION,SIGNAL_ONLY,DUPLICATE,,,,,,,,,,https://wwwnc.cdc.gov/travel,,
jar_CAMBRIDGE_245_sig_feeder_CAMBRIDGE_aHR0cHM6Ly93,CAMBRIDGE,Libya travel warning urges Americans not to visit due ...,,V4_CLASSIFICATION,SIGNAL_ONLY,DUPLICATE,,,,,,,,,,https://www.foxnews.com/travel/americans-headed-high-risk-nation-urged-prepare-wills-leave-dna-samples,,
jar_CAMBRIDGE_246_sig_feeder_CAMBRIDGE_aHR0cHM6Ly93,CAMBRIDGE,Costco Travel: Home,,V4_CLASSIFICATION,SIGNAL_ONLY,DUPLICATE,,,,,,,,,,https://www.costcotravel.com/,,
jar_NOW_NOW_247_sig_NOW_NOW_aHR0cDovL3d3dy5j,NOW_NOW,credTen: Top Fintech Events in 2025 & 2026 - cred pr,,V4_CLASSIFICATION,REJECTED_EARLY,DUPLICATE,,,,,,,,,,http://www.credpr.com/blog/2025/8/13/credten-top-fintech-events-in-2025-amp-2026,,
jar_NOW_NOW_248_sig_NOW_NOW_aHR0cHM6Ly93d3cu,NOW_NOW,Creatio - Fintech Summit 2026,,V4_CLASSIFICATION,SIGNAL_ONLY,DUPLICATE,,,,,,,,,,https://www.linkedin.com/posts/creatioglobal_fintech-summit-2026-activity-7105172781184479232-kwvf,,
jar_NOW_NOW_249_sig_NOW_NOW_aHR0cHM6Ly9yZXNl,NOW_NOW,World FinTech & Digital Finance Summit,,V4_CLASSIFICATION,SIGNAL_ONLY,DUPLICATE,,,,,,,,,,https://researchersfusion.com/conferences/digital-finance/information/important-dates/,,
jar_NOW_NOW_250_sig_NOW_NOW_aHR0cHM6Ly8xMHRp,NOW_NOW,"Private FinTech Conference (Apr 2026), New York USA",,V4_CLASSIFICATION,ADMITTED_CANDIDATE,DUPLICATE,,,,,,,,,,https://10times.com/e1hz-k144-zsf6-z-private-fintech-conference,,
jar_NOW_NOW_251_sig_NOW_NOW_aHR0cHM6Ly93d3cu,NOW_NOW,Finance Events in New York 2026,,V4_CLASSIFICATION,ADMITTED_CANDIDATE,DUPLICATE,,,,,,,,,,https://www.webmobi.com/discovery/events/in/york/finance,,
jar_NOW_NOW_252_sig_NOW_NOW_aHR0cHM6Ly9zY3J5,NOW_NOW,Best Fintech Events 2026–2027: Dates & Pipeline - Scryon,,V4_CLASSIFICATION,SIGNAL_ONLY,DUPLICATE,,,,,,,,,,https://scryon.io/blog/fintech-events-guide/,,
jar_NOW_NOW_253_sig_NOW_NOW_aHR0cHM6Ly93d3cu,NOW_NOW,A new chapter for NEW YORK FINTECH WEEK is here,,V4_CLASSIFICATION,ADMITTED_CANDIDATE,DUPLICATE,,,,,,,,,,https://www.youtube.com/watch?v=H7WVMb4V0fU,,
jar_NOW_NOW_254_sig_NOW_NOW_aHR0cHM6Ly93d3cu,NOW_NOW,Annual Family Office Fintech Summit - 2026-10-19 09:00-2,,V4_CLASSIFICATION,ADMITTED_CANDIDATE,DUPLICATE,,,,,,,,,,https://www.mayfairhotelnyc.com/events/new-york-county/annual-family-office-fintech-summit-12683432,,
jar_NOW_NOW_255_sig_NOW_NOW_aHR0cHM6Ly93d3cu,NOW_NOW,Annual Family Office Fintech Summit 2026 - Chancity,,V4_CLASSIFICATION,SIGNAL_ONLY,DUPLICATE,,,,,,,,,,https://www.chancity.ai/events/annual-family-office-fintech-summit/2026,,
jar_NOW_NOW_256_sig_NOW_NOW_aHR0cHM6Ly93d3cu,NOW_NOW,Annual Meeting & Conference | New York State ...,,V4_CLASSIFICATION,ADMITTED_CANDIDATE,DUPLICATE,,,,,,,,,,https://www.nyspha.org/annual-meeting-conference,,
jar_NOW_NOW_257_sig_NOW_NOW_aHR0cHM6Ly9teS5h,NOW_NOW,Calendar of Events,,V4_CLASSIFICATION,SIGNAL_ONLY,DUPLICATE,,,,,,,,,,https://my.americanhealthlaw.org/Events/Calendar-of-Events,,
jar_NOW_NOW_258_sig_NOW_NOW_aHR0cHM6Ly93d3cu,NOW_NOW,2026 Annual Conference,,V4_CLASSIFICATION,SIGNAL_ONLY,DUPLICATE,,,,,,,,,,https://www.nyla.org/annual-conference,,
jar_NOW_NOW_259_sig_NOW_NOW_aHR0cHM6Ly9ueWhw,NOW_NOW,2026 Covering NY HPA Annual Conference and Expo,,V4_CLASSIFICATION,SIGNAL_ONLY,DUPLICATE,,,,,,,,,,https://nyhpa.org/2026-covering-ny-hpa-annual-conference-and-expo/,,
jar_NOW_NOW_260_sig_NOW_NOW_aHR0cHM6Ly9ldmVu,NOW_NOW,City and State NY Events - Calendar,,V4_CLASSIFICATION,SIGNAL_ONLY,DUPLICATE,,,,,,,,,,https://events.cityandstateny.com/,,
jar_NOW_NOW_261_sig_NOW_NOW_aHR0cHM6Ly93d3cu,NOW_NOW,Get Ready for the Event of the Year! Join us in NYC from ...,,V4_CLASSIFICATION,ADMITTED_CANDIDATE,DUPLICATE,,,,,,,,,,https://www.facebook.com/NationalMedAssn/videos/-get-ready-for-the-event-of-the-year-join-us-in-nyc-from-august-3-7-for-the-nma-/1915860898866102/,,
jar_NOW_NOW_262_sig_NOW_NOW_aHR0cHM6Ly93d3cu,NOW_NOW,2026 and 2027 Conferences,,V4_CLASSIFICATION,SIGNAL_ONLY,DUPLICATE,,,,,,,,,,https://www.precisionaq.com/hubfs/May%202026-2027%20Conferences%20for%20Upload.pdf,,
jar_NOW_NOW_263_sig_NOW_NOW_aHR0cHM6Ly9ueWFt,NOW_NOW,Events,,V4_CLASSIFICATION,REJECTED_EARLY,DUPLICATE,,,,,,,,,,https://nyam.org/events/,,
jar_NOW_NOW_264_sig_NOW_NOW_aHR0cHM6Ly93d3cu,NOW_NOW,AMA and AAMSE 2026 & 2027 Meeting Dates,,V4_CLASSIFICATION,SIGNAL_ONLY,DUPLICATE,,,,,,,,,,https://www.ama-assn.org/system/files/medical-specialty-meeting-dates.pdf,,
jar_NOW_NOW_265_sig_NOW_NOW_aHR0cHM6Ly9lbmdh,NOW_NOW,D2 Body and Disease with Krishnan Sivaloganathan,,V4_CLASSIFICATION,SIGNAL_ONLY,DUPLICATE,,,,,,,,,,https://engage.nyu.edu/event/12567427,,
jar_NOW_NOW_266_sig_NOW_NOW_aHR0cHM6Ly9lbmdh,NOW_NOW,Math for Economics I (Sanfratello),,V4_CLASSIFICATION,SIGNAL_ONLY,DUPLICATE,,,,,,,,,,https://engage.nyu.edu/event/12720042,,
jar_NOW_NOW_267_sig_NOW_NOW_aHR0cHM6Ly9lbmdh,NOW_NOW,Independence Day Carnival,,V4_CLASSIFICATION,SIGNAL_ONLY,DUPLICATE,,,,,,,,,,https://engage.nyu.edu/event/12161183,,
jar_NOW_NOW_268_sig_NOW_NOW_aHR0cHM6Ly9lbmdh,NOW_NOW,Fireside Chat with Santander Board Member Antonio Weiss,,V4_CLASSIFICATION,SIGNAL_ONLY,DUPLICATE,,,,,,,,,,https://engage.nyu.edu/event/11868500,,
jar_NOW_NOW_269_sig_NOW_NOW_aHR0cHM6Ly9lbmdh,NOW_NOW,Jeopardy,,V4_CLASSIFICATION,REJECTED_EARLY,DUPLICATE,,,,,,,,,,https://engage.nyu.edu/event/12749442,,
jar_NOW_NOW_270_sig_NOW_NOW_aHR0cHM6Ly9lbmdh,NOW_NOW,CVC End of the year party!,,V4_CLASSIFICATION,SIGNAL_ONLY,DUPLICATE,,,,,,,,,,https://engage.nyu.edu/event/12446520,,
jar_NOW_NOW_271_sig_NOW_NOW_aHR0cHM6Ly9lbmdh,NOW_NOW,Mid-Autaumn Festival Celebration,,V4_CLASSIFICATION,REJECTED_EARLY,DUPLICATE,,,,,,,,,,https://engage.nyu.edu/event/11853263,,
jar_NOW_NOW_272_sig_NOW_NOW_aHR0cHM6Ly9lbmdh,NOW_NOW,Books & Brew,,V4_CLASSIFICATION,SIGNAL_ONLY,DUPLICATE,,,,,,,,,,https://engage.nyu.edu/event/12615613,,
jar_NOW_NOW_273_sig_NOW_NOW_aHR0cHM6Ly9lbmdh,NOW_NOW,FFG x Pickle Halloween Clothing Swap & Rent,,V4_CLASSIFICATION,SIGNAL_ONLY,DUPLICATE,,,,,,,,,,https://engage.nyu.edu/event/11793511,,
jar_NOW_NOW_274_sig_feeder_NOW_NOW_aHR0cHM6Ly9u,NOW_NOW,New York City Business Travel Association - Meeting/Event ...,,V4_CLASSIFICATION,ADMITTED_CANDIDATE,DUPLICATE,,,,,,,,,,https://nycbta.starchapter.com/meetinginfo.php?id=52&ts=1479710385,,
jar_NOW_NOW_275_sig_feeder_NOW_NOW_aHR0cHM6Ly93,NOW_NOW,Events & Initiatives,,V4_CLASSIFICATION,SIGNAL_ONLY,DUPLICATE,,,,,,,,,,https://www.ustravel.org/events/523007?view_args=523007,,
jar_NOW_NOW_276_sig_feeder_NOW_NOW_aHR0cHM6Ly8x,NOW_NOW,Annual Corporate Travel 100 Summit - CONFERENCES,,V4_CLASSIFICATION,SIGNAL_ONLY,DUPLICATE,,,,,,,,,,https://10times.com/e1dd-19ks-1g9r-x,,
jar_NOW_NOW_277_sig_feeder_NOW_NOW_aHR0cHM6Ly93,NOW_NOW,Events & Initiatives,,V4_CLASSIFICATION,SIGNAL_ONLY,DUPLICATE,,,,,,,,,,https://www.ustravel.org/events/522307?view_args=522307,,
jar_NOW_NOW_278_sig_feeder_NOW_NOW_aHR0cHM6Ly9i,NOW_NOW,Go-to-Market Kick-Off Meeting North America,,V4_CLASSIFICATION,SIGNAL_ONLY,DUPLICATE,,,,,,,,,,https://book.passkey.com/event/50897291/owner/6893/home,,
jar_NOW_NOW_279_sig_feeder_NOW_NOW_aHR0cHM6Ly93,NOW_NOW,Events & Initiatives,,V4_CLASSIFICATION,SIGNAL_ONLY,DUPLICATE,,,,,,,,,,https://www.ustravel.org/events/517207,,
jar_NOW_NOW_280_sig_feeder_NOW_NOW_aHR0cHM6Ly93,NOW_NOW,Events & Initiatives,,V4_CLASSIFICATION,SIGNAL_ONLY,DUPLICATE,,,,,,,,,,https://www.ustravel.org/events/525907,,
jar_NOW_NOW_281_sig_feeder_NOW_NOW_aHR0cHM6Ly93,NOW_NOW,Events & Initiatives,,V4_CLASSIFICATION,SIGNAL_ONLY,DUPLICATE,,,,,,,,,,https://www.ustravel.org/events/526212,,
jar_NOW_NOW_282_sig_feeder_NOW_NOW_aHR0cHM6Ly93,NOW_NOW,New York City is calling your name. Affiliate Summit East ...,,V4_CLASSIFICATION,ADMITTED_CANDIDATE,DUPLICATE,,,,,,,,,,https://www.instagram.com/p/Dac-SeNlySP/,,
jar_NOW_NOW_283_sig_feeder_NOW_NOW_aHR0cHM6Ly93,NOW_NOW,Kickoff: Personal Training Covered by Insurance,,V4_CLASSIFICATION,SIGNAL_ONLY,DUPLICATE,,,,,,,,,,https://www.trainwithkickoff.com/,,
jar_NOW_NOW_284_sig_feeder_NOW_NOW_aHR0cHM6Ly93,NOW_NOW,What Is Leadership? A Definition Based on Research | CCL,,V4_CLASSIFICATION,SIGNAL_ONLY,DUPLICATE,,,,,,,,,,https://www.ccl.org/articles/leading-effectively-articles/what-is-leadership-a-definition/,,
jar_NOW_NOW_285_sig_feeder_NOW_NOW_aHR0cHM6Ly93,NOW_NOW,EDA Leadership | U.S. Economic Development ...,,V4_CLASSIFICATION,SIGNAL_ONLY,DUPLICATE,,,,,,,,,,https://www.eda.gov/about/leadership,,
jar_NOW_NOW_286_sig_feeder_NOW_NOW_aHR0cHM6Ly9s,NOW_NOW,Leadership | Cornell University,,V4_CLASSIFICATION,REJECTED_EARLY,DUPLICATE,,,,,,,,,,https://leadership.cornell.edu/,,
jar_NOW_NOW_287_sig_feeder_NOW_NOW_aHR0cHM6Ly9l,NOW_NOW,Leadership,,V4_CLASSIFICATION,REJECTED_EARLY,DUPLICATE,,,,,,,,,,https://en.wikipedia.org/wiki/Leadership,,
jar_NOW_NOW_288_sig_feeder_NOW_NOW_aHR0cHM6Ly93,NOW_NOW,Leadership,,V4_CLASSIFICATION,REJECTED_EARLY,DUPLICATE,,,,,,,,,,https://www.psychologytoday.com/us/basics/leadership,,
jar_NOW_NOW_289_sig_feeder_NOW_NOW_aHR0cHM6Ly93,NOW_NOW,r/Leadership,,V4_CLASSIFICATION,REJECTED_EARLY,DUPLICATE,,,,,,,,,,https://www.reddit.com/r/Leadership/,,
jar_NOW_NOW_290_sig_feeder_NOW_NOW_aHR0cHM6Ly93,NOW_NOW,Leadership,,V4_CLASSIFICATION,REJECTED_EARLY,DUPLICATE,,,,,,,,,,https://www.forbes.com/leadership/,,
jar_NOW_NOW_291_sig_feeder_NOW_NOW_aHR0cHM6Ly9w,NOW_NOW,No Bullsh!t Leadership - Podcast,,V4_CLASSIFICATION,SIGNAL_ONLY,DUPLICATE,,,,,,,,,,https://podcasts.apple.com/gr/podcast/no-bullsh-t-leadership/id1434654553,,
jar_YOTEL_292_gdi_opp_uzh_study_annual_meeting_8,YOTEL,UZH Study,,V4_CLASSIFICATION,VALID_FUTURE_WATCH_CANDIDATE,DUPLICATE,,,,,,,,,,,,
jar_YOTEL_293_gdi_opp_summit_2026_10,YOTEL,Mer Consortium,,V4_CLASSIFICATION,VALID_FUTURE_WATCH_CANDIDATE,DUPLICATE,,,,,,,,,,,,
jar_YOTEL_294_gdi_opp_aidex_geneva_11,YOTEL,AidEx / Clarion Events,,V4_CLASSIFICATION,VALID_FUTURE_WATCH_CANDIDATE,DUPLICATE,,,,,,,,,,,,
jar_YOTEL_295_gdi_opp_g7_summit_3,YOTEL,Hôtel Royal,,V4_CLASSIFICATION,VALID_FUTURE_WATCH_CANDIDATE,DUPLICATE,,,,,,,,,,,,
jar_YOTEL_296_gdi_opp_lake_geneva_la_c_te_leadership_r,YOTEL,Swiss Leaders,,V4_CLASSIFICATION,VALID_FUTURE_WATCH_CANDIDATE,DUPLICATE,,,,,,,,,,,,
jar_YOTEL_297_gdi_opp_the_changemakers_retreat_cultiva,YOTEL,Initiatives of Change,,V4_CLASSIFICATION,VALID_FUTURE_WATCH_CANDIDATE,DUPLICATE,,,,,,,,,,,,
jar_YOTEL_298_gdi_opp_conferences_in_switzerland_2026_,YOTEL,ConferenceInc,,V4_CLASSIFICATION,VALID_FUTURE_WATCH_CANDIDATE,DUPLICATE,,,,,,,,,,,,
jar_YOTEL_299_gdi_opp_rfp_for_lake_geneva_hotels_1,YOTEL,Trivago,,V4_CLASSIFICATION,REJECTED_EARLY,DUPLICATE,,,,,,,,,,,,
jar_YOTEL_300_gdi_opp_annual_meeting_of_lake_geneva_la,YOTEL,Various Associations,,V4_CLASSIFICATION,VALID_FUTURE_WATCH_CANDIDATE,DUPLICATE,,,,,,,,,,,,
jar_YOTEL_301_gdi_opp_international_swim_across_lake_g,YOTEL,Lake Geneva Swimming Association,,V4_CLASSIFICATION,VALID_FUTURE_WATCH_CANDIDATE,DUPLICATE,,,,,,,,,,,,
jar_YOTEL_302_gdi_opp_swiss_leaders_leadership_retreat,YOTEL,Swiss Leaders,,V4_CLASSIFICATION,VALID_FUTURE_WATCH_CANDIDATE,DUPLICATE,,,,,,,,,,,,
jar_AC_303_gdi_opp_total_solar_eclipse_2,AC,Spanish Authorities,,V4_CLASSIFICATION,VALID_FUTURE_WATCH_CANDIDATE,DUPLICATE,,,,,,,,,,,,
jar_AC_304_gdi_opp_adaptatur_0,AC,Universidad Complutense de Madrid,,V4_CLASSIFICATION,VALID_FUTURE_WATCH_CANDIDATE,DUPLICATE,,,,,,,,,,,,
jar_AC_305_gdi_opp_festa_de_exaltaci_n_do_marisco_6,AC,Ayuntamiento de A Coruña,,V4_CLASSIFICATION,VALID_FUTURE_WATCH_CANDIDATE,DUPLICATE,,,,,,,,,,,,
jar_AC_306_gdi_opp_divcult_spring_webinar_7,AC,"Faculty of Sociology, University of A Coruña",,V4_CLASSIFICATION,VALID_FUTURE_WATCH_CANDIDATE,DUPLICATE,,,,,,,,,,,,
jar_AC_307_gdi_opp_models_2026_10,AC,Unknown,,V4_CLASSIFICATION,VALID_FUTURE_WATCH_CANDIDATE,DUPLICATE,,,,,,,,,,,,
jar_AC_308_gdi_opp_annual_meeting_3,AC,Unknown,,V4_CLASSIFICATION,VALID_FUTURE_WATCH_CANDIDATE,DUPLICATE,,,,,,,,,,,,
jar_AC_309_gdi_opp_corporate_meetings_4,AC,Unknown,,V4_CLASSIFICATION,VALID_FUTURE_WATCH_CANDIDATE,DUPLICATE,,,,,,,,,,,,
jar_AC_310_gdi_opp_conference_at_a_coru_a_faculty_o,AC,A Coruña Faculty of Computer Science,,V4_CLASSIFICATION,VALID_FUTURE_WATCH_CANDIDATE,DUPLICATE,,,,,,,,,,,,
jar_AC_311_gdi_opp_conference_at_a_coru_a_faculty_o,AC,A Coruña Faculty of Computer Science,,V4_CLASSIFICATION,VALID_FUTURE_WATCH_CANDIDATE,DUPLICATE,,,,,,,,,,,,
jar_AC_312_gdi_opp_corporate_meetings_in_matogrande,AC,Various Corporations,,V4_CLASSIFICATION,VALID_FUTURE_WATCH_CANDIDATE,DUPLICATE,,,,,,,,,,,,
jar_AC_313_gdi_opp_sudslong_1,AC,Universidad de Cantabria,,V4_CLASSIFICATION,VALID_FUTURE_WATCH_CANDIDATE,DUPLICATE,,,,,,,,,,,,
jar_AC_314_gdi_opp_innovative_public_purchase_and_p,AC,CETIM,,V4_CLASSIFICATION,VALID_FUTURE_WATCH_CANDIDATE,DUPLICATE,,,,,,,,,,,,
jar_AC_315_gdi_opp_conference_at_a_coru_a_faculty_o,AC,A Coruña Faculty of Computer Science,,V4_CLASSIFICATION,VALID_FUTURE_WATCH_CANDIDATE,DUPLICATE,,,,,,,,,,,,
jar_AC_316_gdi_opp_revista_espa_ola_de_anestesiolog,AC,Revista Española de Anestesiología y Reanimación,,V4_CLASSIFICATION,VALID_FUTURE_WATCH_CANDIDATE,DUPLICATE,,,,,,,,,,,,
jar_AC_317_gdi_opp_divcult_spring_webinar_2026_part,AC,"Faculty of Sociology, University of A Coruña",,V4_CLASSIFICATION,VALID_FUTURE_WATCH_CANDIDATE,DUPLICATE,,,,,,,,,,,,
jar_AC_318_gdi_opp_highlights_22_conference_3,AC,Unknown,,V4_CLASSIFICATION,VALID_FUTURE_WATCH_CANDIDATE,DUPLICATE,,,,,,,,,,,,
jar_AC_319_gdi_opp_174th_international_softwood_con,AC,AEIM,,V4_CLASSIFICATION,VALID_FUTURE_WATCH_CANDIDATE,DUPLICATE,,,,,,,,,,,,
jar_AC_320_gdi_opp_super_copa_de_espa_a_cadete_9,AC,LIGA XUNTA,,V4_CLASSIFICATION,VALID_FUTURE_WATCH_CANDIDATE,DUPLICATE,,,,,,,,,,,,
jar_AC_321_gdi_opp_international_conference_lipids_,AC,Institute of Marine Research (IIM-CSIC),,V4_CLASSIFICATION,VALID_FUTURE_WATCH_CANDIDATE,DUPLICATE,,,,,,,,,,,,
jar_AC_322_gdi_opp_conference_at_a_coru_a_faculty_o,AC,A Coruña Faculty of Computer Science,,V4_CLASSIFICATION,VALID_FUTURE_WATCH_CANDIDATE,DUPLICATE,,,,,,,,,,,,
jar_AC_323_gdi_opp_request_for_proposal_for_expocor,AC,Expocoruna,,V4_CLASSIFICATION,VALID_FUTURE_WATCH_CANDIDATE,DUPLICATE,,,,,,,,,,,,
jar_AC_324_gdi_opp_new_residential_development_for_,AC,Xunta de Galicia,,V4_CLASSIFICATION,VALID_FUTURE_WATCH_CANDIDATE,DUPLICATE,,,,,,,,,,,,
jar_AC_325_gdi_opp_international_symposium_6,AC,IAPS Sustainability Network and IAPS Culture and Space Network,,V4_CLASSIFICATION,VALID_FUTURE_WATCH_CANDIDATE,DUPLICATE,,,,,,,,,,,,
jar_AC_326_gdi_opp_iberian_leadership_retreat_4,AC,IAA-CSIC,,V4_CLASSIFICATION,VALID_FUTURE_WATCH_CANDIDATE,DUPLICATE,,,,,,,,,,,,
jar_AC_327_gdi_opp_semana_da_arquitectura_2026_5,AC,Ayuntamiento de A Coruña,,V4_CLASSIFICATION,VALID_FUTURE_WATCH_CANDIDATE,DUPLICATE,,,,,,,,,,,,
jar_SPICE_328_gdi_opp_future_conferences_at_grand_anse,SPICE,Grenada Tourism Authority,,V4_CLASSIFICATION,VALID_FUTURE_WATCH_CANDIDATE,DUPLICATE,,,,,,,,,,,,
jar_SPICE_329_gdi_opp_grenada_official_hotel_block_6,SPICE,Unknown,,V4_CLASSIFICATION,VALID_FUTURE_WATCH_CANDIDATE,DUPLICATE,,,,,,,,,,,,
jar_SPICE_330_gdi_opp_leadership_retreat_12,SPICE,Unknown,,V4_CLASSIFICATION,VALID_FUTURE_WATCH_CANDIDATE,DUPLICATE,,,,,,,,,,,,
jar_SPICE_331_gdi_opp_tri_island_alliance_economic_dev,SPICE,Grenada Tourism Authority and Investment Migration Agency,,V4_CLASSIFICATION,VALID_FUTURE_WATCH_CANDIDATE,DUPLICATE,,,,,,,,,,,,
jar_SPICE_332_gdi_opp_future_cycle_incentive_travel_7,SPICE,Various,,V4_CLASSIFICATION,VALID_FUTURE_WATCH_CANDIDATE,DUPLICATE,,,,,,,,,,,,
jar_SPICE_333_gdi_opp_incentive_travel_rfp_7,SPICE,Various Corporations,,V4_CLASSIFICATION,VALID_FUTURE_WATCH_CANDIDATE,DUPLICATE,,,,,,,,,,,,
jar_SPICE_334_gdi_opp_incentive_travel_programs_7,SPICE,Various Corporate Entities,,V4_CLASSIFICATION,VALID_FUTURE_WATCH_CANDIDATE,DUPLICATE,,,,,,,,,,,,
jar_SPICE_335_gdi_opp_leadership_offsite_retreats_17,SPICE,Various Corporate Entities,,V4_CLASSIFICATION,VALID_FUTURE_WATCH_CANDIDATE,DUPLICATE,,,,,,,,,,,,
jar_SPICE_336_gdi_opp_2026_annual_conference_15,SPICE,National Community Development Association (NCDA),,V4_CLASSIFICATION,VALID_FUTURE_WATCH_CANDIDATE,DUPLICATE,,,,,,,,,,,,
jar_SPICE_337_gdi_opp_shipbuilding_and_aluminum_confer,SPICE,American Welding Society,,V4_CLASSIFICATION,VALID_FUTURE_WATCH_CANDIDATE,DUPLICATE,,,,,,,,,,,,
jar_SPICE_338_gdi_opp_travel_advisor_familiarization_t,SPICE,Travel Advisor Consortiums,,V4_CLASSIFICATION,VALID_FUTURE_WATCH_CANDIDATE,DUPLICATE,,,,,,,,,,,,
jar_SPICE_339_gdi_opp_grenada_regional_association_ann,SPICE,Grenada Tourism Authority,,V4_CLASSIFICATION,VALID_FUTURE_WATCH_CANDIDATE,DUPLICATE,,,,,,,,,,,,
jar_SPICE_340_gdi_opp_destination_weddings_in_grenada_,SPICE,Local Isles,,V4_CLASSIFICATION,VALID_FUTURE_WATCH_CANDIDATE,DUPLICATE,,,,,,,,,,,,
jar_SPICE_341_gdi_opp_vetbolus_grenada_2026_7,SPICE,SGU SVM Alumni Association,,V4_CLASSIFICATION,VALID_FUTURE_WATCH_CANDIDATE,DUPLICATE,,,,,,,,,,,,
jar_SPICE_342_gdi_opp_grenada_executive_retreats_13,SPICE,Various Corporate Entities,,V4_CLASSIFICATION,VALID_FUTURE_WATCH_CANDIDATE,DUPLICATE,,,,,,,,,,,,
jar_SPICE_343_gdi_opp_marine_yachting_events_2026_2028,SPICE,Various Yacht Charters,,V4_CLASSIFICATION,VALID_FUTURE_WATCH_CANDIDATE,DUPLICATE,,,,,,,,,,,,
jar_SPICE_344_gdi_opp_leadership_retreat_10,SPICE,Various Corporate Entities,,V4_CLASSIFICATION,VALID_FUTURE_WATCH_CANDIDATE,DUPLICATE,,,,,,,,,,,,
jar_SPICE_345_gdi_opp_grenada_leadership_offsite_13,SPICE,Unknown,,V4_CLASSIFICATION,VALID_FUTURE_WATCH_CANDIDATE,DUPLICATE,,,,,,,,,,,,
jar_SPICE_346_gdi_opp_35th_annual_cwwa_conference_and_,SPICE,Caribbean Water and Wastewater Association (CWWA),,V4_CLASSIFICATION,VALID_FUTURE_WATCH_CANDIDATE,DUPLICATE,,,,,,,,,,,,
jar_SPICE_347_gdi_opp_destination_wedding_rfp_12,SPICE,Wedding Planners Association,,V4_CLASSIFICATION,VALID_FUTURE_WATCH_CANDIDATE,DUPLICATE,,,,,,,,,,,,
jar_SPICE_348_gdi_opp_yacht_charter_crew_lodging_11,SPICE,Various Yacht Charter Companies,,V4_CLASSIFICATION,VALID_FUTURE_WATCH_CANDIDATE,DUPLICATE,,,,,,,,,,,,
jar_SPICE_349_gdi_opp_destination_weddings_in_grenada_,SPICE,Bolen Bliss,,V4_CLASSIFICATION,VALID_FUTURE_WATCH_CANDIDATE,DUPLICATE,,,,,,,,,,,,
jar_SPICE_350_gdi_opp_nabhood_annual_conference_9,SPICE,"National Association of Black Hotel Owners, Operators & Developers (NABHOOD)",,V4_CLASSIFICATION,VALID_FUTURE_WATCH_CANDIDATE,DUPLICATE,,,,,,,,,,,,
jar_SPICE_351_gdi_opp_destination_weddings_in_grenada_,SPICE,Local Isles,,V4_CLASSIFICATION,VALID_FUTURE_WATCH_CANDIDATE,DUPLICATE,,,,,,,,,,,,
jar_SPICE_352_gdi_opp_annual_caribbean_water_and_waste,SPICE,CWWA,,V4_CLASSIFICATION,VALID_FUTURE_WATCH_CANDIDATE,DUPLICATE,,,,,,,,,,,,
jar_SPICE_353_gdi_opp_destination_weddings_in_grenada_,SPICE,RealAdventures,,V4_CLASSIFICATION,VALID_FUTURE_WATCH_CANDIDATE,DUPLICATE,,,,,,,,,,,,
jar_SPICE_354_gdi_opp_pacb_convention_2026_4,SPICE,PACB,,V4_CLASSIFICATION,VALID_FUTURE_WATCH_CANDIDATE,DUPLICATE,,,,,,,,,,,,
jar_SPICE_355_gdi_opp_yacht_charter_crew_lodging_5,SPICE,Tropical Yachts,,V4_CLASSIFICATION,VALID_FUTURE_WATCH_CANDIDATE,DUPLICATE,,,,,,,,,,,,
jar_SPICE_356_gdi_opp_international_conferences_in_gre,SPICE,Various,,V4_CLASSIFICATION,VALID_FUTURE_WATCH_CANDIDATE,DUPLICATE,,,,,,,,,,,,
jar_SPICE_357_gdi_opp_nabhood_annual_conference_10,SPICE,"National Association of Black Hotel Owners, Operators & Developers (NABHOOD)",,V4_CLASSIFICATION,VALID_FUTURE_WATCH_CANDIDATE,DUPLICATE,,,,,,,,,,,,
jar_SPICE_358_gdi_opp_leadership_offsite_19,SPICE,Unknown,,V4_CLASSIFICATION,VALID_FUTURE_WATCH_CANDIDATE,DUPLICATE,,,,,,,,,,,,
jar_SPICE_359_gdi_opp_marine_industry_meeting_15,SPICE,Not specified,,V4_CLASSIFICATION,VALID_FUTURE_WATCH_CANDIDATE,DUPLICATE,,,,,,,,,,,,
jar_SPICE_360_gdi_opp_luxury_travel_advisor_familiariz,SPICE,Dream Vacations,,V4_CLASSIFICATION,VALID_FUTURE_WATCH_CANDIDATE,DUPLICATE,,,,,,,,,,,,
jar_SPICE_361_gdi_opp_luxury_travel_advisor_fam_3,SPICE,Far & Wild Travel,,V4_CLASSIFICATION,VALID_FUTURE_WATCH_CANDIDATE,DUPLICATE,,,,,,,,,,,,
jar_SPICE_362_gdi_opp_destination_weddings_in_grenada_,SPICE,Local Isles,,V4_CLASSIFICATION,VALID_FUTURE_WATCH_CANDIDATE,DUPLICATE,,,,,,,,,,,,
jar_SPICE_363_gdi_opp_destination_wedding_9,SPICE,Unknown,,V4_CLASSIFICATION,VALID_FUTURE_WATCH_CANDIDATE,DUPLICATE,,,,,,,,,,,,
jar_SPICE_364_gdi_opp_nabhood_annual_conference_11,SPICE,"National Association of Black Hotel Owners, Operators & Developers (NABHOOD)",,V4_CLASSIFICATION,VALID_FUTURE_WATCH_CANDIDATE,DUPLICATE,,,,,,,,,,,,
jar_SPICE_365_gdi_opp_investment_trade_tourism_showcas,SPICE,High Commission for Grenada,,V4_CLASSIFICATION,VALID_FUTURE_WATCH_CANDIDATE,DUPLICATE,,,,,,,,,,,,
jar_SPICE_366_gdi_opp_incentive_travel_program_6,SPICE,Various,,V4_CLASSIFICATION,VALID_FUTURE_WATCH_CANDIDATE,DUPLICATE,,,,,,,,,,,,
jar_SPICE_367_gdi_opp_executive_retreats_at_spice_isla,SPICE,Spice Island Beach Resort,,V4_CLASSIFICATION,VALID_FUTURE_WATCH_CANDIDATE,DUPLICATE,,,,,,,,,,,,
jar_SPICE_368_gdi_opp_grenada_conference_0,SPICE,Grenada Conference,,V4_CLASSIFICATION,VALID_FUTURE_WATCH_CANDIDATE,DUPLICATE,,,,,,,,,,,,
jar_SPICE_369_gdi_opp_luxury_travel_advisor_familiariz,SPICE,Spice Island Beach Resort,,V4_CLASSIFICATION,VALID_FUTURE_WATCH_CANDIDATE,DUPLICATE,,,,,,,,,,,,
jar_SPICE_370_gdi_opp_yacht_charter_demand_6,SPICE,DMA Yachting,,V4_CLASSIFICATION,VALID_FUTURE_WATCH_CANDIDATE,DUPLICATE,,,,,,,,,,,,
jar_SPICE_371_gdi_opp_nabhood_annual_conference_5,SPICE,"National Association of Black Hotel Owners, Operators & Developers (NABHOOD)",,V4_CLASSIFICATION,VALID_FUTURE_WATCH_CANDIDATE,DUPLICATE,,,,,,,,,,,,
jar_SPICE_372_gdi_opp_grenada_tourism_authority_incent,SPICE,Grenada Tourism Authority,,V4_CLASSIFICATION,VALID_FUTURE_WATCH_CANDIDATE,DUPLICATE,,,,,,,,,,,,
jar_SPICE_373_gdi_opp_grenada_destination_weddings_14,SPICE,Various Wedding Planners,,V4_CLASSIFICATION,VALID_FUTURE_WATCH_CANDIDATE,DUPLICATE,,,,,,,,,,,,
jar_SPICE_374_gdi_opp_grenada_voluntourism_program_0,SPICE,Grenada Tourism Authority,,V4_CLASSIFICATION,VALID_FUTURE_WATCH_CANDIDATE,DUPLICATE,,,,,,,,,,,,
jar_SPICE_375_gdi_opp_incentive_travel_rfp_5,SPICE,Various Corporate Entities,,V4_CLASSIFICATION,VALID_FUTURE_WATCH_CANDIDATE,DUPLICATE,,,,,,,,,,,,
jar_SPICE_376_gdi_opp_building_grenada_s_strategic_fra,SPICE,Caribbean Community Climate Change Centre,,V4_CLASSIFICATION,VALID_FUTURE_WATCH_CANDIDATE,DUPLICATE,,,,,,,,,,,,
jar_SPICE_377_gdi_opp_grenada_incentive_travel_11,SPICE,IncentiveTrips,,V4_CLASSIFICATION,VALID_FUTURE_WATCH_CANDIDATE,DUPLICATE,,,,,,,,,,,,
jar_SPICE_378_gdi_opp_grenada_trip_plan_12,SPICE,RapideSIM,,V4_CLASSIFICATION,VALID_FUTURE_WATCH_CANDIDATE,DUPLICATE,,,,,,,,,,,,
jar_SPICE_379_gdi_opp_public_meeting_on_the_reauthoriz,SPICE,FDA,,V4_CLASSIFICATION,VALID_FUTURE_WATCH_CANDIDATE,DUPLICATE,,,,,,,,,,,,
jar_SPICE_380_gdi_opp_destination_weddings_in_grenada_,SPICE,Various Wedding Venues,,V4_CLASSIFICATION,VALID_FUTURE_WATCH_CANDIDATE,DUPLICATE,,,,,,,,,,,,
jar_SPICE_381_gdi_opp_grenada_yacht_charter_crew_lodgi,SPICE,Various Yacht Charter Companies,,V4_CLASSIFICATION,VALID_FUTURE_WATCH_CANDIDATE,DUPLICATE,,,,,,,,,,,,
jar_SPICE_382_gdi_opp_marine_industry_meeting_11,SPICE,Marine Industry Association,,V4_CLASSIFICATION,VALID_FUTURE_WATCH_CANDIDATE,DUPLICATE,,,,,,,,,,,,
jar_SPICE_383_gdi_opp_caribbean_sustainable_tourism_co,SPICE,Caribbean Tourism Organization (CTO),,V4_CLASSIFICATION,VALID_FUTURE_WATCH_CANDIDATE,DUPLICATE,,,,,,,,,,,,
jar_SPICE_384_gdi_opp_travel_advisor_familiarization_t,SPICE,Unknown,,V4_CLASSIFICATION,VALID_FUTURE_WATCH_CANDIDATE,DUPLICATE,,,,,,,,,,,,
jar_SPICE_385_gdi_opp_grenada_sports_tournament_5,SPICE,Unknown,,V4_CLASSIFICATION,VALID_FUTURE_WATCH_CANDIDATE,DUPLICATE,,,,,,,,,,,,
jar_SPICE_386_gdi_opp_caribbean_endemic_bird_festival_,SPICE,BirdsCaribbean,,V4_CLASSIFICATION,VALID_FUTURE_WATCH_CANDIDATE,DUPLICATE,,,,,,,,,,,,
jar_SPICE_387_gdi_opp_tugs_towboats_and_barges_2027_17,SPICE,Simmons-Boardman Publishing,,V4_CLASSIFICATION,VALID_FUTURE_WATCH_CANDIDATE,DUPLICATE,,,,,,,,,,,,
jar_SPICE_388_gdi_opp_executive_retreats_8,SPICE,Various Corporate Entities,,V4_CLASSIFICATION,VALID_FUTURE_WATCH_CANDIDATE,DUPLICATE,,,,,,,,,,,,
jar_SPICE_389_gdi_opp_35th_annual_cwwa_conference_and_,SPICE,Caribbean Water and Wastewater Association (CWWA),,V4_CLASSIFICATION,VALID_FUTURE_WATCH_CANDIDATE,DUPLICATE,,,,,,,,,,,,
jar_SPICE_390_gdi_opp_destination_wedding_20,SPICE,Unknown,,V4_CLASSIFICATION,VALID_FUTURE_WATCH_CANDIDATE,DUPLICATE,,,,,,,,,,,,
jar_SPICE_391_gdi_opp_yacht_charter_season_12,SPICE,Delana Mae Yacht Charters,,V4_CLASSIFICATION,VALID_FUTURE_WATCH_CANDIDATE,DUPLICATE,,,,,,,,,,,,
jar_SPICE_392_gdi_opp_advisory_mission_on_trade_in_ser,SPICE,UNCTAD,,V4_CLASSIFICATION,VALID_FUTURE_WATCH_CANDIDATE,DUPLICATE,,,,,,,,,,,,
jar_SPICE_393_gdi_opp_executive_retreat_8,SPICE,Unknown,,V4_CLASSIFICATION,VALID_FUTURE_WATCH_CANDIDATE,DUPLICATE,,,,,,,,,,,,
jar_SPICE_394_gdi_opp_regional_association_annual_meet,SPICE,Unknown Regional Association,,V4_CLASSIFICATION,VALID_FUTURE_WATCH_CANDIDATE,DUPLICATE,,,,,,,,,,,,
jar_SPICE_395_gdi_opp_sales_incentive_trip_12,SPICE,Various Corporate Entities,,V4_CLASSIFICATION,VALID_FUTURE_WATCH_CANDIDATE,DUPLICATE,,,,,,,,,,,,
jar_CAMBRIDGE_396_gdi_opp_butterfield_bermuda_championship,CAMBRIDGE,Butterfield Bermuda Championship,,V4_CLASSIFICATION,VALID_FUTURE_WATCH_CANDIDATE,DUPLICATE,,,,,,,,,,,,
jar_CAMBRIDGE_397_gdi_opp_insurance_risk_capital_bermuda_2,CAMBRIDGE,InsuranceERM,,V4_CLASSIFICATION,VALID_FUTURE_WATCH_CANDIDATE,DUPLICATE,,,,,,,,,,,,
jar_CAMBRIDGE_398_gdi_opp_nonprofit_leadership_retreat_fro,CAMBRIDGE,Nonprofit Alliance of Bermuda,,V4_CLASSIFICATION,VALID_FUTURE_WATCH_CANDIDATE,DUPLICATE,,,,,,,,,,,,
jar_CAMBRIDGE_399_gdi_opp_insurance_risk_capital_bermuda_2,CAMBRIDGE,Insurance Asset Risk,,V4_CLASSIFICATION,VALID_FUTURE_WATCH_CANDIDATE,DUPLICATE,,,,,,,,,,,,
jar_CAMBRIDGE_400_gdi_opp_bermuda_principles_bp_2026_3,CAMBRIDGE,Oxford Nanopore Technologies,,V4_CLASSIFICATION,VALID_FUTURE_WATCH_CANDIDATE,DUPLICATE,,,,,,,,,,,,
jar_CAMBRIDGE_401_gdi_opp_2026_bermuda_international_life_,CAMBRIDGE,BILTIR,,V4_CLASSIFICATION,VALID_FUTURE_WATCH_CANDIDATE,DUPLICATE,,,,,,,,,,,,
jar_CAMBRIDGE_402_gdi_opp_family_office_retreat_bermuda_20,CAMBRIDGE,Prestel & Partner,,V4_CLASSIFICATION,VALID_FUTURE_WATCH_CANDIDATE,DUPLICATE,,,,,,,,,,,,
jar_CAMBRIDGE_403_gdi_opp_cup_match_classic_7,CAMBRIDGE,Somerset Cricket Club,,V4_CLASSIFICATION,VALID_FUTURE_WATCH_CANDIDATE,DUPLICATE,,,,,,,,,,,,
jar_NOW_NOW_404_gdi_opp_new_york_city_it_leadership_foru,NOW_NOW,GovTech,,V4_CLASSIFICATION,VALID_FUTURE_WATCH_CANDIDATE,DUPLICATE,,,,,,,,,,,,
jar_NOW_NOW_405_gdi_opp_climate_week_nyc_2026_3,NOW_NOW,Climate Group,,V4_CLASSIFICATION,VALID_FUTURE_WATCH_CANDIDATE,DUPLICATE,,,,,,,,,,,,
jar_NOW_NOW_406_gdi_opp_nysba_annual_conference_2027_0,NOW_NOW,New York State Bar Association,,V4_CLASSIFICATION,VALID_FUTURE_WATCH_CANDIDATE,DUPLICATE,,,,,,,,,,,,
jar_NOW_NOW_407_gdi_opp_annual_meeting_and_village_award,NOW_NOW,Village Preservation,,V4_CLASSIFICATION,VALID_FUTURE_WATCH_CANDIDATE,DUPLICATE,,,,,,,,,,,,
jar_NOW_NOW_408_gdi_opp_2026_leadership_conference_5,NOW_NOW,Coro New York,,V4_CLASSIFICATION,VALID_FUTURE_WATCH_CANDIDATE,DUPLICATE,,,,,,,,,,,,
jar_NOW_NOW_409_gdi_opp_nashp_annual_conference_2026_2,NOW_NOW,National Academy for State Health Policy,,V4_CLASSIFICATION,VALID_FUTURE_WATCH_CANDIDATE,DUPLICATE,,,,,,,,,,,,
jar_NOW_NOW_410_gdi_opp_annual_conference_2027_1,NOW_NOW,Forum on Education Abroad,,V4_CLASSIFICATION,VALID_FUTURE_WATCH_CANDIDATE,DUPLICATE,,,,,,,,,,,,
jar_NOW_NOW_411_gdi_opp_fifa_world_cup_2026_7,NOW_NOW,FIFA,,V4_CLASSIFICATION,VALID_FUTURE_WATCH_CANDIDATE,DUPLICATE,,,,,,,,,,,,
jar_YOTEL_412_prerfp_gdi_opp_uzh_study_annual_meeting_,YOTEL,UZH Study,,V4_CLASSIFICATION,DUPLICATE,DUPLICATE,,,,,,,,,,,,
jar_YOTEL_413_prerfp_gdi_opp_lake_geneva_la_c_te_leade,YOTEL,Swiss Leaders,,V4_CLASSIFICATION,DUPLICATE,DUPLICATE,,,,,,,,,,,,
jar_YOTEL_414_prerfp_gdi_opp_rfp_for_lake_geneva_hotel,YOTEL,Trivago,,V4_CLASSIFICATION,DUPLICATE,DUPLICATE,,,,,,,,,,,,
jar_YOTEL_415_prerfp_gdi_opp_annual_meeting_of_lake_ge,YOTEL,Various Associations,,V4_CLASSIFICATION,DUPLICATE,DUPLICATE,,,,,,,,,,,,
jar_YOTEL_416_prerfp_gdi_opp_swiss_leaders_leadership_,YOTEL,Swiss Leaders,,V4_CLASSIFICATION,DUPLICATE,DUPLICATE,,,,,,,,,,,,
jar_AC_417_prerfp_gdi_opp_annual_meeting_3,AC,Unknown,,V4_CLASSIFICATION,DUPLICATE,DUPLICATE,,,,,,,,,,,,
jar_AC_418_prerfp_gdi_opp_corporate_meetings_4,AC,Unknown,,V4_CLASSIFICATION,DUPLICATE,DUPLICATE,,,,,,,,,,,,
jar_AC_419_prerfp_gdi_opp_corporate_meetings_in_mat,AC,Various Corporations,,V4_CLASSIFICATION,DUPLICATE,DUPLICATE,,,,,,,,,,,,
jar_AC_420_prerfp_gdi_opp_highlights_22_conference_,AC,Unknown,,V4_CLASSIFICATION,DUPLICATE,DUPLICATE,,,,,,,,,,,,
jar_AC_421_prerfp_gdi_opp_request_for_proposal_for_,AC,Expocoruna,,V4_CLASSIFICATION,DUPLICATE,DUPLICATE,,,,,,,,,,,,
jar_AC_422_prerfp_gdi_opp_new_residential_developme,AC,Xunta de Galicia,,V4_CLASSIFICATION,DUPLICATE,DUPLICATE,,,,,,,,,,,,
jar_SPICE_423_prerfp_gdi_opp_future_conferences_at_gra,SPICE,Grenada Tourism Authority,,V4_CLASSIFICATION,DUPLICATE,DUPLICATE,,,,,,,,,,,,
jar_SPICE_424_prerfp_gdi_opp_grenada_official_hotel_bl,SPICE,Unknown,,V4_CLASSIFICATION,DUPLICATE,DUPLICATE,,,,,,,,,,,,
jar_SPICE_425_prerfp_gdi_opp_leadership_retreat_12,SPICE,Unknown,,V4_CLASSIFICATION,DUPLICATE,DUPLICATE,,,,,,,,,,,,
jar_SPICE_426_prerfp_gdi_opp_future_cycle_incentive_tr,SPICE,Various,,V4_CLASSIFICATION,DUPLICATE,DUPLICATE,,,,,,,,,,,,
jar_SPICE_427_prerfp_gdi_opp_incentive_travel_rfp_7,SPICE,Various Corporations,,V4_CLASSIFICATION,DUPLICATE,DUPLICATE,,,,,,,,,,,,
jar_SPICE_428_prerfp_gdi_opp_incentive_travel_programs,SPICE,Various Corporate Entities,,V4_CLASSIFICATION,DUPLICATE,DUPLICATE,,,,,,,,,,,,
jar_SPICE_429_prerfp_gdi_opp_leadership_offsite_retrea,SPICE,Various Corporate Entities,,V4_CLASSIFICATION,DUPLICATE,DUPLICATE,,,,,,,,,,,,
jar_SPICE_430_prerfp_gdi_opp_travel_advisor_familiariz,SPICE,Travel Advisor Consortiums,,V4_CLASSIFICATION,DUPLICATE,DUPLICATE,,,,,,,,,,,,
jar_SPICE_431_prerfp_gdi_opp_grenada_regional_associat,SPICE,Grenada Tourism Authority,,V4_CLASSIFICATION,DUPLICATE,DUPLICATE,,,,,,,,,,,,
jar_SPICE_432_prerfp_gdi_opp_destination_weddings_in_g,SPICE,Local Isles,,V4_CLASSIFICATION,DUPLICATE,DUPLICATE,,,,,,,,,,,,
jar_SPICE_433_prerfp_gdi_opp_grenada_executive_retreat,SPICE,Various Corporate Entities,,V4_CLASSIFICATION,DUPLICATE,DUPLICATE,,,,,,,,,,,,
jar_SPICE_434_prerfp_gdi_opp_leadership_retreat_10,SPICE,Various Corporate Entities,,V4_CLASSIFICATION,DUPLICATE,DUPLICATE,,,,,,,,,,,,
jar_SPICE_435_prerfp_gdi_opp_grenada_leadership_offsit,SPICE,Unknown,,V4_CLASSIFICATION,DUPLICATE,DUPLICATE,,,,,,,,,,,,
jar_SPICE_436_prerfp_gdi_opp_destination_wedding_rfp_1,SPICE,Wedding Planners Association,,V4_CLASSIFICATION,DUPLICATE,DUPLICATE,,,,,,,,,,,,
jar_SPICE_437_prerfp_gdi_opp_destination_weddings_in_g,SPICE,Bolen Bliss,,V4_CLASSIFICATION,DUPLICATE,DUPLICATE,,,,,,,,,,,,
jar_SPICE_438_prerfp_gdi_opp_destination_weddings_in_g,SPICE,Local Isles,,V4_CLASSIFICATION,DUPLICATE,DUPLICATE,,,,,,,,,,,,
jar_SPICE_439_prerfp_gdi_opp_destination_weddings_in_g,SPICE,RealAdventures,,V4_CLASSIFICATION,DUPLICATE,DUPLICATE,,,,,,,,,,,,
jar_SPICE_440_prerfp_gdi_opp_yacht_charter_crew_lodgin,SPICE,Tropical Yachts,,V4_CLASSIFICATION,DUPLICATE,DUPLICATE,,,,,,,,,,,,
jar_SPICE_441_prerfp_gdi_opp_leadership_offsite_19,SPICE,Unknown,,V4_CLASSIFICATION,DUPLICATE,DUPLICATE,,,,,,,,,,,,
jar_SPICE_442_prerfp_gdi_opp_luxury_travel_advisor_fam,SPICE,Dream Vacations,,V4_CLASSIFICATION,DUPLICATE,DUPLICATE,,,,,,,,,,,,
jar_SPICE_443_prerfp_gdi_opp_luxury_travel_advisor_fam,SPICE,Far & Wild Travel,,V4_CLASSIFICATION,DUPLICATE,DUPLICATE,,,,,,,,,,,,
jar_SPICE_444_prerfp_gdi_opp_destination_weddings_in_g,SPICE,Local Isles,,V4_CLASSIFICATION,DUPLICATE,DUPLICATE,,,,,,,,,,,,
jar_SPICE_445_prerfp_gdi_opp_destination_wedding_9,SPICE,Unknown,,V4_CLASSIFICATION,DUPLICATE,DUPLICATE,,,,,,,,,,,,
jar_SPICE_446_prerfp_gdi_opp_incentive_travel_program_,SPICE,Various,,V4_CLASSIFICATION,DUPLICATE,DUPLICATE,,,,,,,,,,,,
jar_SPICE_447_prerfp_gdi_opp_executive_retreats_at_spi,SPICE,Spice Island Beach Resort,,V4_CLASSIFICATION,DUPLICATE,DUPLICATE,,,,,,,,,,,,
jar_SPICE_448_prerfp_gdi_opp_grenada_conference_0,SPICE,Grenada Conference,,V4_CLASSIFICATION,DUPLICATE,DUPLICATE,,,,,,,,,,,,
jar_SPICE_449_prerfp_gdi_opp_luxury_travel_advisor_fam,SPICE,Spice Island Beach Resort,,V4_CLASSIFICATION,DUPLICATE,DUPLICATE,,,,,,,,,,,,
jar_SPICE_450_prerfp_gdi_opp_yacht_charter_demand_6,SPICE,DMA Yachting,,V4_CLASSIFICATION,DUPLICATE,DUPLICATE,,,,,,,,,,,,
jar_SPICE_451_prerfp_gdi_opp_grenada_tourism_authority,SPICE,Grenada Tourism Authority,,V4_CLASSIFICATION,DUPLICATE,DUPLICATE,,,,,,,,,,,,
jar_SPICE_452_prerfp_gdi_opp_grenada_destination_weddi,SPICE,Various Wedding Planners,,V4_CLASSIFICATION,DUPLICATE,DUPLICATE,,,,,,,,,,,,
jar_SPICE_453_prerfp_gdi_opp_grenada_voluntourism_prog,SPICE,Grenada Tourism Authority,,V4_CLASSIFICATION,DUPLICATE,DUPLICATE,,,,,,,,,,,,
jar_SPICE_454_prerfp_gdi_opp_incentive_travel_rfp_5,SPICE,Various Corporate Entities,,V4_CLASSIFICATION,DUPLICATE,DUPLICATE,,,,,,,,,,,,
jar_SPICE_455_prerfp_gdi_opp_destination_weddings_in_g,SPICE,Various Wedding Venues,,V4_CLASSIFICATION,DUPLICATE,DUPLICATE,,,,,,,,,,,,
jar_SPICE_456_prerfp_gdi_opp_grenada_yacht_charter_cre,SPICE,Various Yacht Charter Companies,,V4_CLASSIFICATION,DUPLICATE,DUPLICATE,,,,,,,,,,,,
jar_SPICE_457_prerfp_gdi_opp_marine_industry_meeting_1,SPICE,Marine Industry Association,,V4_CLASSIFICATION,DUPLICATE,DUPLICATE,,,,,,,,,,,,
jar_SPICE_458_prerfp_gdi_opp_travel_advisor_familiariz,SPICE,Unknown,,V4_CLASSIFICATION,DUPLICATE,DUPLICATE,,,,,,,,,,,,
jar_SPICE_459_prerfp_gdi_opp_grenada_sports_tournament,SPICE,Unknown,,V4_CLASSIFICATION,DUPLICATE,DUPLICATE,,,,,,,,,,,,
jar_SPICE_460_prerfp_gdi_opp_executive_retreats_8,SPICE,Various Corporate Entities,,V4_CLASSIFICATION,DUPLICATE,DUPLICATE,,,,,,,,,,,,
jar_SPICE_461_prerfp_gdi_opp_destination_wedding_20,SPICE,Unknown,,V4_CLASSIFICATION,DUPLICATE,DUPLICATE,,,,,,,,,,,,
jar_SPICE_462_prerfp_gdi_opp_executive_retreat_8,SPICE,Unknown,,V4_CLASSIFICATION,DUPLICATE,DUPLICATE,,,,,,,,,,,,
jar_SPICE_463_prerfp_gdi_opp_regional_association_annu,SPICE,Unknown Regional Association,,V4_CLASSIFICATION,DUPLICATE,DUPLICATE,,,,,,,,,,,,
jar_SPICE_464_cdp_not_specified_ASSOCIATION_NGO,SPICE,Not specified,,V4_CLASSIFICATION,SIGNAL_ONLY,DUPLICATE,,,,,,,,,,,,
jar_SPICE_465_cdp_national_association_of_black_hotel_,SPICE,"National Association of Black Hotel Owners, Operators & Developers (NABHOOD)",,V4_CLASSIFICATION,SIGNAL_ONLY,DUPLICATE,,,,,,,,,,,,
jar_YOTEL_466_gdi_v3_yotel_biennale_arte_2026_homepage,YOTEL,Biennale Arte 2026 | Homepage 2026,,V4_CLASSIFICATION,DUPLICATE,DUPLICATE,,,,,,,,,,https://www.labiennale.org/en/art/2026,,
jar_YOTEL_467_gdi_v3_yotel_annual_report_the_united_na,YOTEL,annual report - The United Nations Office at Geneva,,V4_CLASSIFICATION,DUPLICATE,DUPLICATE,,,,,,,,,,https://www.ungeneva.org/sites/default/files/2023-07/2022-CPAG-Annual-Report_0.pdf,,
jar_YOTEL_468_gdi_v3_yotel_erc_work_programme_2027_eur,YOTEL,ERC Work Programme 2027 - European Commission,,V4_CLASSIFICATION,DUPLICATE,DUPLICATE,,,,,,,,,,https://ec.europa.eu/info/funding-tenders/opportunities/docs/2021-2027/horizon/wp-call/2027/wp_horizon-erc-2027_en.pdf,,
jar_YOTEL_469_gdi_v3_yotel_56_hotel_jobs_in_geneva_aug,YOTEL,"56 hotel Jobs in Geneva, August 2026",,V4_CLASSIFICATION,DUPLICATE,DUPLICATE,,,,,,,,,,"https://www.glassdoor.com/Job/genf-hotel-jobs-SRCH_IL.0,4_IC3297162_KO5,10.htm",,
jar_AC_470_gdi_v3_ac_alojamiento_eventszone_overflo,AC,alojamiento - eventszone — overflow lodging motion,,V4_CLASSIFICATION,DUPLICATE,DUPLICATE,,,,,,,,,,https://reedmackay.eventszone.net/myCongress/form.php?thisFormCongress=alojamientosedomurcia&thisFormLanguage=es&thisCodeForm=CONGRESO,,
jar_AC_471_gdi_v3_ac_sumario_del_boe_n_m_208_de_mar,AC,Sumario del BOE núm 208 de Martes 25 de agosto de 2026,,V4_CLASSIFICATION,DUPLICATE,DUPLICATE,,,,,,,,,,https://www.boe.es/boe/dias/2026/08/25/pdfs/BOE-S-2026-208.pdf,,
jar_AC_472_gdi_v3_ac_2026_5079_bopdacorunag,AC,2026/5079,,V4_CLASSIFICATION,DUPLICATE,DUPLICATE,,,,,,,,,,https://bop.dacoruna.gal/bopportal/publicado/2026/08/05/2026_0000005079.pdf,,
jar_SPICE_473_gdi_v3_spice_six_senses_la_sagesse_grena,SPICE,Six Senses La Sagesse Grenada — overflow lodging motion,,V4_CLASSIFICATION,DUPLICATE,DUPLICATE,,,,,,,,,,https://www.cvent.com/venues/st-david/resort/six-senses-la-sagesse-grenada/venue-27e4aa0c-073f-464f-85ea-281f9d06625f,,
jar_CAMBRIDGE_474_gdi_v3_cambridge_bermuda_holiday_package,CAMBRIDGE,Bermuda Holiday Package Results — overflow lodging motion,,V4_CLASSIFICATION,DUPLICATE,DUPLICATE,,,,,,,,,,https://vacations.bonvoyaga.com/holidays?destinations[0]=BERMUDA&from=YYZ&rooms[0][adults]=2&duration=7&travelMonths[0]=2026-12,,
jar_NOW_NOW_475_gdi_v3_now_now_hiring_of_hotel_tenders_2,NOW_NOW,Hiring Of Hotel Tenders 2026 - Find Opportunities Worldwide,,V4_CLASSIFICATION,DUPLICATE,DUPLICATE,,,,,,,,,,https://www.biddetail.com/global-tenders/hiring-of-hotel-tenders,,
jar_NOW_NOW_476_gdi_v3_now_now_2026_building_congress_ac,NOW_NOW,2026 Building Congress Across America,,V4_CLASSIFICATION,DUPLICATE,DUPLICATE,,,,,,,,,,https://buildingcongress.com/wp-content/uploads/2026/09/2026-BCAA-1.pdf,,
gdi_v3_yotel_base_gva_gen_ve_tourisme_wwwgenevecom,YOTEL,Base GVA | Genève Tourisme,Base GVA,V4_ASSOCIATION_RECOVERY,ASSOCIATION_RECOVERY,DUPLICATE,,,,,,,,,,https://www.geneve.com/fr/hotels/base-hotel,,
gdi_v3_yotel_ce_qui_permet_une_carri_re_de_durer_et_d_voluer_infomaniakev,YOTEL,ce qui permet à une carrière de durer - et d'évoluer?,ce qui permet à une carrière de durer,V4_ASSOCIATION_RECOVERY,ASSOCIATION_RECOVERY,DUPLICATE,,,,,,,,,,https://infomaniak.events/fr-ch/conferences/transformation-des-competences-ce-qui-permet-a-une-carriere-de-durer-et-devoluer/7b1d675b-764b-4032-ac1d-4ae5115ca5c7/events/399368,,
gdi_v3_yotel_exemples_de_congr_s_switzerland_meetings_meetingsmysw,YOTEL,Exemples de Congrès - Switzerland Meetings,Exemples de Congrès,V4_ASSOCIATION_RECOVERY,ASSOCIATION_RECOVERY,DUPLICATE,,,,,,,,,,https://meetings.myswitzerland.com/fr-fr/inspiration/bon-a-savoir/references-et-conseils/references-de-congres/,,
gdi_v3_yotel_tout_est_r_uni_au_m_me_endroit_pour_organiser_vo_wwwinstagram,YOTEL,tout est réuni au même endroit pour organiser votre ...,tout est réuni au même endroit pour organiser votre ...,V4_ASSOCIATION_RECOVERY,ASSOCIATION_RECOVERY,DUPLICATE,,,,,,,,,,https://www.instagram.com/p/DdbM7mmCEDt/,,
gdi_v3_yotel_lancement_de_la_nouvelle_campagne_estivale_2023_wwwtendanceh,YOTEL,Lancement de la nouvelle campagne estivale 2023,Lancement de la nouvelle campagne estivale 2023,V4_ASSOCIATION_RECOVERY,ASSOCIATION_RECOVERY,DUPLICATE,,,,,,,,,,https://www.tendancehotellerie.fr/articles-breves/communique-de-presse/19643-article/lancement-de-la-nouvelle-campagne-estivale-2023-geneve-inattendue,,
gdi_v3_yotel_anna_krebs_iofc_wwwiofcch,YOTEL,Anna Krebs | IofC,Anna Krebs,V4_ASSOCIATION_RECOVERY,ASSOCIATION_RECOVERY,DUPLICATE,,,,,,,,,,https://www.iofc.ch/fr/anna-krebs,,
gdi_v3_yotel_novotel_gen_ve_centre_chlinkedinco,YOTEL,Novotel Genève Centre,Novotel Genève Centre,V4_ASSOCIATION_RECOVERY,ASSOCIATION_RECOVERY,DUPLICATE,,,,,,,,,,https://ch.linkedin.com/company/novotel-gen%C3%A8ve-centre,,
gdi_v3_yotel_angola_nouvelle_loi_sur_l_investissement_priv_cmslaw,YOTEL,Angola : nouvelle loi sur l'investissement privé,Angola,V4_ASSOCIATION_RECOVERY,ASSOCIATION_RECOVERY,DUPLICATE,,,,,,,,,,https://cms.law/fr/fra/legal-updates/angola-nouvelle-loi-sur-l-investissement-prive,,
gdi_v3_yotel_dynamique_de_leadership_p_dagogique_pour_wwwinstagram,YOTEL,dynamique de leadership pédagogique pour ...,dynamique de leadership pédagogique pour ...,V4_ASSOCIATION_RECOVERY,ASSOCIATION_RECOVERY,DUPLICATE,,,,,,,,,,https://www.instagram.com/p/DU8djTYkuBj/,,
gdi_v3_yotel_apr_s_des_changes_tr_s_tendus_les_n_gociations_wwwrtlbe,YOTEL,"Après des échanges « très tendus », les négociations ...","Après des échanges « très tendus », les négociations ...",V4_ASSOCIATION_RECOVERY,ASSOCIATION_RECOVERY,DUPLICATE,,,,,,,,,,https://www.rtl.be/actu/monde/international/apres-des-echanges-tres-tendus-les-negociations-reprennent-ukrainiens-et-russes/2026-02-18/article/780156,,
gdi_v3_yotel_report_en_arri_re_du_d_ficit_attention_au_change_cmslaw,YOTEL,Report en arrière du déficit : attention au changement d'activité,Report en arrière du déficit,V4_ASSOCIATION_RECOVERY,ASSOCIATION_RECOVERY,DUPLICATE,,,,,,,,,,https://cms.law/fr/fra/news-information/report-en-arriere-du-deficit-attention-au-changement-d-activite,,
gdi_v3_yotel_rediffusion_de_notre_direct_depuis_l_wwwinstagram,YOTEL,Rediffusion de notre direct depuis l' ...,Rediffusion de notre direct depuis l' ...,V4_ASSOCIATION_RECOVERY,ASSOCIATION_RECOVERY,DUPLICATE,,,,,,,,,,https://www.instagram.com/reel/DZIktwrE1_E/,,
gdi_v3_yotel_le_canton_de_vaud_veut_booster_le_secteur_mice_h_wwwhtrch,YOTEL,Le canton de Vaud veut booster le secteur MICE - htr.ch,Le canton de Vaud veut booster le secteur MICE,V4_ASSOCIATION_RECOVERY,ASSOCIATION_RECOVERY,DUPLICATE,,,,,,,,,,https://www.htr.ch/edition-francaise/article/tourisme/le-canton-de-vaud-veut-booster-le-secteur-mice-43911,,
gdi_v3_yotel_l_quipement_moto_adapt_plan_les_ouates_wwwplanlesou,YOTEL,L'équipement moto adapté | Plan-les-Ouates,L'équipement moto adapté,V4_ASSOCIATION_RECOVERY,ASSOCIATION_RECOVERY,DUPLICATE,,,,,,,,,,https://www.plan-les-ouates.ch/actualites/lequipement-moto-adapte,,
gdi_v3_yotel_bruno_ryf_assistant_client_le_gare_et_militant_i_sevonlinech,YOTEL,"Bruno Ryf, assistant-clientèle gare et militant infatigable : SEV ...","Bruno Ryf, assistant",V4_ASSOCIATION_RECOVERY,ASSOCIATION_RECOVERY,DUPLICATE,,,,,,,,,,https://sev-online.ch/fr/aktuell/kontakt.sev/2023/bruno-ryf-assistant-clientle-gare-et-militant-infatigable-202302-225719/,,
gdi_v3_yotel_mbg_groupement_des_m_tiers_techniques_du_b_timen_frlinkedinco,YOTEL,MBG - Groupement des Métiers techniques du Bâtiment Genève,MBG,V4_ASSOCIATION_RECOVERY,ASSOCIATION_RECOVERY,DUPLICATE,,,,,,,,,,https://fr.linkedin.com/posts/mbg-metiers-techniques-du-batiment-geneve_mbg-assembl%C3%A9eg%C3%A9n%C3%A9rale-m%C3%A9tierstechniquesdub%C3%A2timent-activity-7472177352303755265-Ti68,,
gdi_v3_ac_m_s_de_500_profesionales_se_dan_cita_en_el_iii_c_clusterturis,AC,Más de 500 profesionales se dan cita en el III Congreso ...,Más de 500 profesionales se dan cita en el III Congreso ...,V4_ASSOCIATION_RECOVERY,ASSOCIATION_RECOVERY,DUPLICATE,,,,,,,,,,https://clusterturismogalicia.com/gl/a-coruna-acoge-el-iii-congreso-internacional-de-calidad-turistica/,,
gdi_v3_ac_m_s_de_medio_centenar_de_entidades_forman_parte__acorunacbcom,AC,Más de medio centenar de entidades forman parte ya de la ...,Más de medio centenar de entidades forman parte ya de la ...,V4_ASSOCIATION_RECOVERY,ASSOCIATION_RECOVERY,DUPLICATE,,,,,,,,,,https://acorunacb.com/gl/mas-de-medio-centenar-de-entidades-forman-parte-ya-de-la-fundacion-a-coruna-convention-bureau/,,
gdi_v3_ac_hotel_congreso_en_teo_a_coru_a_galicia_wwwturismoga,AC,HOTEL CONGRESO EN TEO A CORUÑA - GALICIA,HOTEL CONGRESO EN TEO A CORUÑA,V4_ASSOCIATION_RECOVERY,ASSOCIATION_RECOVERY,DUPLICATE,,,,,,,,,,https://www.turismo.gal/recurso/-/detalle/1970/congreso?langId=gl_ES&tp=22&ctre=129,,
gdi_v3_ac_central_gallega_de_congresos_sa_wwwturismoga,AC,"central gallega de congresos, sa","central gallega de congresos, sa",V4_ASSOCIATION_RECOVERY,ASSOCIATION_RECOVERY,DUPLICATE,,,,,,,,,,https://www.turismo.gal/recurso/-/detalle/15900/central-gallega-de-congresos-s.a.?tp=94&ctre=152,,
gdi_v3_ac_alojamiento_eventszone_reedmackayev,AC,alojamiento - eventszone,alojamiento,V4_ASSOCIATION_RECOVERY,ASSOCIATION_RECOVERY,DUPLICATE,,,,,,,,,,https://reedmackay.eventszone.net/myCongress/form.php?thisFormCongress=alojamientosedomurcia&thisFormLanguage=es&thisCodeForm=CONGRESO,,
gdi_v3_ac_global_congresos_wwwturismoga,AC,global congresos,global congresos,V4_ASSOCIATION_RECOVERY,ASSOCIATION_RECOVERY,DUPLICATE,,,,,,,,,,https://www.turismo.gal/recurso/-/detalle/15904/global-congresos?langId=es_ES&tp=94&ctre=152,,
gdi_v3_ac_a_concor_wwwturismoga,AC,a-concor,a,V4_ASSOCIATION_RECOVERY,ASSOCIATION_RECOVERY,DUPLICATE,,,,,,,,,,https://www.turismo.gal/recurso/-/detalle/16067/a-concor?tp=94&ctre=152,,
gdi_v3_ac_hotel_attica_21_coru_a_xvicongresos,AC,Hotel Attica 21 Coruña,Hotel Attica 21 Coruña,V4_ASSOCIATION_RECOVERY,ASSOCIATION_RECOVERY,DUPLICATE,,,,,,,,,,http://xvicongreso.sgapeio.es/hotel/attica_sp.html,,
gdi_v3_ac_consulta_de_convenios_xunta_de_galicia_conveniosxun,AC,Consulta de convenios - Xunta de Galicia,Consulta de convenios,V4_ASSOCIATION_RECOVERY,ASSOCIATION_RECOVERY,DUPLICATE,,,,,,,,,,https://convenios.xunta.gal/consultaconvenios/busqueda-convenio/convenio/2008-0703,,
gdi_v3_ac_gastos_de_viaje_ac_por_tipo_wwwpoderjudi,AC,GASTOS DE VIAJE AC POR TIPO,GASTOS DE VIAJE AC POR TIPO,V4_ASSOCIATION_RECOVERY,ASSOCIATION_RECOVERY,DUPLICATE,,,,,,,,,,https://www.poderjudicial.es/stfls/CGPJ/TRANSPARENCIA/FICHEROS/20260928%20ANEXO%204.pdf,,
gdi_v3_ac_convenio_entre_el_ayuntamiento_de_a_coru_a_wwwinfosubve,AC,CONVENIO ENTRE EL AYUNTAMIENTO DE A CORUÑA ...,CONVENIO ENTRE EL AYUNTAMIENTO DE A CORUÑA ...,V4_ASSOCIATION_RECOVERY,ASSOCIATION_RECOVERY,DUPLICATE,,,,,,,,,,https://www.infosubvenciones.es/bdnstrans/api/convocatorias/documentos?idDocumento=1461742,,
gdi_v3_ac_noticias_tur_sticas_galicia_wwwturismoga,AC,Noticias turísticas - GALICIA,Noticias turísticas,V4_ASSOCIATION_RECOVERY,ASSOCIATION_RECOVERY,DUPLICATE,,,,,,,,,,https://www.turismo.gal/espazo-profesional/actualidade/novas?langId=es_ES&numPage=4&pageSize=10%2F,,
gdi_v3_spice_venue_accommodations_house_of_assembly_wwwgovnetbs,SPICE,Venue & Accommodations - House of Assembly,Venue & Accommodations,V4_ASSOCIATION_RECOVERY,ASSOCIATION_RECOVERY,DUPLICATE,,,,,,,,,,http://www.govnet.bs/wps/portal/public/!ut/p/b1/vZLZcqJAFIafZR7A0NCsl80iO8iu3FiKKBBWQYk8_WgqqUoyEzNTNZPuq676__Odv8_BYmyJxfXmnB82Q97Um_L2jum1wwPHMziIWKgxAC0oyrAClkA2hUXYUlmdeaExRwlFa61Px46Mq-Qyzr1xVmacLi4fu81WDOYhpxy4aUdWRcLy9bE5zJyy4FB7FtcbjoiiSVPDttfCkz4RXKmR9T7NAZS4dIf7pASyUmGeENinIBeUzPWykWsjrczrBka96ERnGCedv2PC7GTUrgREaQ3tPRhOeN__uAZZXYOATw4CzzmhbJuOQLImS5McUHHfUkVpAWUGvPghkE2ErgKZAjRQg4WBFoxC2OQHPwgDHqiKqYuswEKgMK_-zwF_5_9VEL9tzyb8W3kBp_WAAoaLf-z_vYAXqPdzBoiiruUJn2HkAApzcN9_A_yR_47gyz2Lv4p4X8AzL4J7O_A6BdKUbhUodn4bEmUsaA5nefAR8ZstuNfD8zffDQoIbHUVMJ9VEGUK87ElINdecWnV6XFyi8kZzSIBnr-BuASeBjCF1nau-oOH-4Y54kaoDqJz6YNMM4_maA3bxS50Ax6hGSxC4QsgS343kP5uIPzvQJ2AV6ABDYsVcNXHvxv47xNqWJxvq4cxqR7AA0OzFM1yLE4wBMESEAuLFTSEXh0lKVrHbUzEJ9zO1O5w4lG2y63WHjS07NwiWK_TQFHO9JE5KKVLKmDpzQ95U1rGChZJlXbi_DQhvnVHpZFko6x3ucrbYsKLfXg0Vb0Tp3YJ-_NEOMe4EUMuSbdAUGxr3-CzWk-3G5m-nGfZBSY-UT8ujcc2HuQT3Q0Qz73dEM9GDz_KhQMXud3CoiJnjE_31IpWMEtpqhRrq7P-fAzalVxpb729JPrxEwhEYtQ!/dl4/d5/L2dBISEvZ0FBIS9nQSEh/?1dmy&urile=wcm%3Apath%3A/MOF_Content/internet/41st+Conference+of+the+Caribbean+Americas+and+Atlantic+Region+of+the+CPA/Government/Venue+and+Accommodations1/,,
gdi_v3_spice_grand_anse_grenada_action_forum_grenadaactio,SPICE,Grand Anse | Grenada Action Forum,Grand Anse,V4_ASSOCIATION_RECOVERY,ASSOCIATION_RECOVERY,DUPLICATE,,,,,,,,,,https://grenadaactionforum.wordpress.com/category/st-george/grand-anse/,,
gdi_v3_cambridge_international_public_policy_conferences_in_bermu_wwwconferenc,CAMBRIDGE,International Public Policy Conferences in Bermuda 2026,International Public Policy Conferences in Bermuda 2026,V4_ASSOCIATION_RECOVERY,ASSOCIATION_RECOVERY,DUPLICATE,,,,,,,,,,https://www.conferenceineurope.org/bermuda/public-policy/august,,
gdi_v3_cambridge_upcoming_events_of_interest_to_local_and_interna_wwwroyalgaze,CAMBRIDGE,Upcoming events of interest to local and international ...,Upcoming events of interest to local and international ...,V4_ASSOCIATION_RECOVERY,ASSOCIATION_RECOVERY,DUPLICATE,,,,,,,,,,https://www.royalgazette.com/other/business/article/20110209/upcoming-events-of-interest-to-local-and-international-business-42/,,
gdi_v3_cambridge_international_law_conferences_in_bermuda_august__wwwconferenc,CAMBRIDGE,International Law Conferences in Bermuda August 2027,International Law Conferences in Bermuda August 2027,V4_ASSOCIATION_RECOVERY,ASSOCIATION_RECOVERY,DUPLICATE,,,,,,,,,,https://www.conferenceineurope.org/bermuda/law/august,,
gdi_v3_cambridge_you_don_t_want_to_miss_convention_in_the_bahamas_wwwfacebookc,CAMBRIDGE,You don't want to miss Convention in the Bahamas in 2027! ...,You don't want to miss Convention in the Bahamas in 2027! ...,V4_ASSOCIATION_RECOVERY,ASSOCIATION_RECOVERY,DUPLICATE,,,,,,,,,,https://www.facebook.com/AOGlobeLife/posts/you-dont-want-to-miss-convention-in-the-bahamas-in-2027-%EF%B8%8F-start-putting-your-pla/1518337773643220/,,
gdi_v3_cambridge_senate_2026_july_15_pdf_wwwscribdcom,CAMBRIDGE,Senate - 2026 - July 15 | PDF,Senate,V4_ASSOCIATION_RECOVERY,ASSOCIATION_RECOVERY,DUPLICATE,,,,,,,,,,https://www.scribd.com/document/1062098097/Senate-2026-July-15,,
gdi_v3_cambridge_the_government_of_bermuda_the_government_of_berm_wwwfacebookc,CAMBRIDGE,The Government of Bermuda... - The Government of Bermuda,The Government of Bermuda...,V4_ASSOCIATION_RECOVERY,ASSOCIATION_RECOVERY,DUPLICATE,,,,,,,,,,https://www.facebook.com/BermudaGovernment/photos/1135656758606171/,,
gdi_v3_cambridge_meetings_in_the_uk_brussels_ministers_travel_wwwgovbm,CAMBRIDGE,Meetings in the UK/Brussels - Ministers Travel,Meetings in the UK/Brussels,V4_ASSOCIATION_RECOVERY,ASSOCIATION_RECOVERY,DUPLICATE,,,,,,,,,,https://www.gov.bm/travel-calendar/meetings-ukbrussels,,
gdi_v3_cambridge_the_government_attention_all_planning_to_travel_wwwfacebookc,CAMBRIDGE,The Government - Attention all planning to travel.,The Government,V4_ASSOCIATION_RECOVERY,ASSOCIATION_RECOVERY,DUPLICATE,,,,,,,,,,https://www.facebook.com/BermudaGovernment/photos/attention-all-planning-to-travel/3449633268413130/,,
gdi_v3_now_now_af_symposium_2026_bookpasskeyc,NOW_NOW,AF Symposium 2026,AF Symposium 2026,V4_ASSOCIATION_RECOVERY,ASSOCIATION_RECOVERY,DUPLICATE,,,,,,,,,,https://book.passkey.com/event/51027826/owner/6893/home,,
gdi_v3_now_now_hotels_near_1st_annual_antitrust_summit_us_2026_hotelmapcom,NOW_NOW,Hotels near 1st annual Antitrust Summit US 2026,Hotels near 1st annual Antitrust Summit US 2026,V4_ASSOCIATION_RECOVERY,ASSOCIATION_RECOVERY,DUPLICATE,,,,,,,,,,https://hotelmap.com/MNYQR?RefID=USACCC,,
gdi_v3_now_now_2026_building_congress_across_america_buildingcong,NOW_NOW,2026 Building Congress Across America,2026 Building Congress Across America,V4_ASSOCIATION_RECOVERY,ASSOCIATION_RECOVERY,DUPLICATE,,,,,,,,,,https://buildingcongress.com/wp-content/uploads/2026/09/2026-BCAA-1.pdf,,
gdi_v3_now_now_conferences_in_new_york_usa_in_may_2027_wwwclocateco,NOW_NOW,"Conferences in New York, USA in May 2027","Conferences in New York, USA in May 2027",V4_ASSOCIATION_RECOVERY,ASSOCIATION_RECOVERY,DUPLICATE,,,,,,,,,,https://www.clocate.com/conferences-in+new-york+may/c3QtbnkrbW8=/,,
gdi_v3_now_now_upcoming_conferences_in_new_york_december_2026_2_allconferenc,NOW_NOW,Upcoming Conferences in New York December 2026-2027,Upcoming Conferences in New York December 2026,V4_ASSOCIATION_RECOVERY,ASSOCIATION_RECOVERY,DUPLICATE,,,,,,,,,,https://allconferencealert.net/cities/new-york/december,,
gdi_v3_now_now_all_black_national_convention_wwwhyattcom,NOW_NOW,All Black National Convention,All Black National Convention,V4_ASSOCIATION_RECOVERY,ASSOCIATION_RECOVERY,DUPLICATE,,,,,,,,,,https://www.hyatt.com/events/en-US/group-booking/NEWJP/G-ABC3,,
gdi_v3_now_now_medical_congresses_hotels_hotel_rooms_congressbook,NOW_NOW,"Medical Congresses, Hotels, Hotel Rooms","Medical Congresses, Hotels, Hotel Rooms",V4_ASSOCIATION_RECOVERY,ASSOCIATION_RECOVERY,DUPLICATE,,,,,,,,,,https://congressbookers.com/congresses?city_id%5B%5D=50,,
trace_comp_ibis_styles_geneva_airport_geneva_nd,YOTEL,Geneva,Geneva,COMP_SET_V1,COMP_TRACE,SIGNAL_ONLY,0,2,A_NAMED_DEMAND_ENTITY|B_DEFINED_GROUP_MOTION|C_BUYER_ORGANIZER_PATH|D_FUTURE_DECISION_POINT,WEAK,MISSING,MISSING,MISSING,PRESENT,PRESENT,https://en.wikipedia.org/wiki/Geneva,Ibis Styles Geneva Airport,ASSOCIATION_NGO
trace_comp_ibis_styles_geneva_airport_geneva_tourism_2026,YOTEL,Geneva Tourism: Visit Geneva | Your Official Local Guide to ...,Geneva Tourism,COMP_SET_V1,COMP_TRACE,PARTIAL_PACKET,0,4,B_DEFINED_GROUP_MOTION|C_BUYER_ORGANIZER_PATH,PRESENT,MISSING,MISSING,PRESENT,PRESENT,PRESENT,https://www.geneve.com/en,Ibis Styles Geneva Airport,ASSOCIATION_NGO
trace_comp_hilton_geneva_hotel_unknown_nd,YOTEL,,,COMP_SET_V1,COMP_TRACE,REJECTED,0,2,A_NAMED_DEMAND_ENTITY|B_DEFINED_GROUP_MOTION|C_BUYER_ORGANIZER_PATH|D_FUTURE_DECISION_POINT,MISSING,MISSING,MISSING,MISSING,PRESENT,PRESENT,https://ch.linkedin.com/in/valerie-schertenleib,Hilton Geneva Hotel,
trace_comp_hilton_geneva_hotel_european_spa_leaders_resource_2026_2026,YOTEL,European Spa Leaders' Resource 2026,European Spa Leaders' Resource 2026,COMP_SET_V1,COMP_TRACE,PARTIAL_PACKET,2,4,B_DEFINED_GROUP_MOTION|C_BUYER_ORGANIZER_PATH,STRONG,MISSING,WEAK,PRESENT,STRONG,PRESENT,https://issuu.com/europeanspamagazine/docs/esm_leaders_resource_2026/175,Hilton Geneva Hotel,ASSOCIATION_NGO
trace_comp_m_venpick_hotel_geneva_m_venpick_hotel_geneva_nd,YOTEL,Mövenpick Hotel Geneva,Mövenpick Hotel Geneva,COMP_SET_V1,COMP_TRACE,PARTIAL_PACKET,1,3,B_DEFINED_GROUP_MOTION|C_BUYER_ORGANIZER_PATH|D_FUTURE_DECISION_POINT,STRONG,MISSING,WEAK,MISSING,PRESENT,PRESENT,https://www.google.com.jm/travel/unsupported?ei=zQsqasPiNebclsYP5tKi6Qk&sa=X&ved=2ahUKEwiD_fiUgf6UAxVmrsUCHWapKJ0QrfoIegUIBBDqAQ&ucbcb=1&ucpp=CrYBaHR0cHM6Ly93d3cuZ29vZ2xlLmNvbS5qbS90cmF2ZWwvaG90ZWxzL2VudGl0eS9DaGNJM2RIcG04bUc0Wk5JR2dzdlp5OHhkbXQ0YkRSME1oQUIvcHJpY2VzP2VpPXpRc3Fhc1BpTmViY2xzWVA1dEtpNlFrJnNhPVgmdmVkPTJhaFVLRXdpRF9maVVnZjZVQXhWbXJzVUNIV2FwS0owUXJmb0llZ1VJQkJEcUFRJnVjYmNiPTE,Mövenpick Hotel Geneva,ASSOCIATION_NGO
trace_comp_m_venpick_hotel_geneva_m_venpick_hotel_geneva_nd,YOTEL,Mövenpick Hotel Geneva,Mövenpick Hotel Geneva,COMP_SET_V1,COMP_TRACE,PARTIAL_PACKET,1,3,B_DEFINED_GROUP_MOTION|C_BUYER_ORGANIZER_PATH|D_FUTURE_DECISION_POINT,STRONG,MISSING,WEAK,MISSING,PRESENT,PRESENT,https://www.amimir.com/en/hoteles/68195-movenpick-hotel-casino-geneva/,Mövenpick Hotel Geneva,ASSOCIATION_NGO
trace_comp_nh_collection_a_coru_a_finisterre_brain_room_2026,AC,Brain Room - Block Push Puzzle - App Store - Apple,Brain Room,COMP_SET_V1,COMP_TRACE,PARTIAL_PACKET,0,4,B_DEFINED_GROUP_MOTION|C_BUYER_ORGANIZER_PATH,PRESENT,MISSING,MISSING,PRESENT,PRESENT,PRESENT,https://apps.apple.com/ni/app/brain-room-block-push-puzzle/id1588265988,NH Collection A Coruña Finisterre,ASSOCIATION_NGO
trace_comp_nh_collection_a_coru_a_finisterre_room_block_nd,AC,Room Block - Aplicaciones en Google Play,Room Block,COMP_SET_V1,COMP_TRACE,PARTIAL_PACKET,2,4,C_BUYER_ORGANIZER_PATH|D_FUTURE_DECISION_POINT,PRESENT,STRONG,MISSING,MISSING,STRONG,PRESENT,https://play.google.com/store/apps/details?id=com.hl.homeblockpuzzle&hl=es,NH Collection A Coruña Finisterre,GOVERNMENT_INTL_ORGANIZATIONS
trace_comp_meli_mar_a_pita_unknown_nd,AC,,,COMP_SET_V1,COMP_TRACE,REJECTED,0,2,A_NAMED_DEMAND_ENTITY|B_DEFINED_GROUP_MOTION|C_BUYER_ORGANIZER_PATH|D_FUTURE_DECISION_POINT,MISSING,MISSING,MISSING,MISSING,PRESENT,PRESENT,https://www.travelweekly-asia.com/hotels/ferrol-spain?v=D,Meliá María Pita,
trace_comp_meli_mar_a_pita_unknown_nd,AC,,,COMP_SET_V1,COMP_TRACE,REJECTED,0,2,A_NAMED_DEMAND_ENTITY|B_DEFINED_GROUP_MOTION|C_BUYER_ORGANIZER_PATH|D_FUTURE_DECISION_POINT,MISSING,MISSING,MISSING,MISSING,PRESENT,PRESENT,https://www.travelagewest.com/Hotels/Ferrol-Spain?v=L,Meliá María Pita,
trace_comp_eurostars_atl_ntico_eurostars_atl_ntico_nd,AC,Eurostars Atlántico | Hoteles de Google,Eurostars Atlántico,COMP_SET_V1,COMP_TRACE,PARTIAL_PACKET,0,3,B_DEFINED_GROUP_MOTION|C_BUYER_ORGANIZER_PATH|D_FUTURE_DECISION_POINT,PRESENT,MISSING,MISSING,MISSING,PRESENT,PRESENT,https://www.google.com.py/travel/unsupported?utm_campaign=sharing&utm_medium=link&utm_source=htls&ts=CAEaIAoCGgASGhIUCgcI6g8QCBgXEgcI6g8QCBgYGAEyAhAAKgkKBToDVVNEGgA&rp=OAHCAhwiGg0AAHRCEhMIwuLHtZeulgMVdHZ_AB2XuwPN&ved=2ahUKEwjV3fvDsa-WAxW9ENQBHXcBGVAQkdkIegUIBBDvAQ&ucbcb=1&ucpp=CtwCaHR0cHM6Ly93d3cuZ29vZ2xlLmNvbS5weS90cmF2ZWwvaG90ZWxzL3Byb3ZpbmNpYS1kZS1sYS1jb3J1JUMzJUIxYS1ob3RlbHMvZW50aXR5L0NoZ0lqUGFjamUzWnRKLVhBUm9MTDJjdk1YUnFlamszTXpJUUFRP3V0bV9jYW1wYWlnbj1zaGFyaW5nJnV0bV9tZWRpdW09bGluayZ1dG1fc291cmNlPWh0bHMmdHM9Q0FFYUlBb0NHZ0FTR2hJVUNnY0k2ZzhRQ0JnWEVnY0k2ZzhRQ0JnWUdBRXlBaEFBS2drS0JUb0RWVk5FR2dBJnJwPU9BSENBaHdpR2cwQUFIUkNFaE1Jd3VMSHRaZXVsZ01WZEhaX0FCMlh1d1BOJnZlZD0yYWhVS0V3alYzZnZEc2EtV0F4VzlFTlFCSFhjQkdWQVFrZGtJZWdVSUJCRHZBUSZ1Y2JjYj0x,Eurostars Atlántico,ASSOCIATION_NGO
trace_comp_eurostars_atl_ntico_eurostars_atl_ntico_hotel_en_la_coru_a_nd,AC,Eurostars Atlántico. Hotel en La Coruña,Eurostars Atlántico. Hotel en La Coruña,COMP_SET_V1,COMP_TRACE,PARTIAL_PACKET,1,3,B_DEFINED_GROUP_MOTION|C_BUYER_ORGANIZER_PATH|D_FUTURE_DECISION_POINT,STRONG,MISSING,WEAK,MISSING,PRESENT,PRESENT,https://www.muchoviaje.com/hotel/eurostars-atlantico-en-a-coruna-espana,Eurostars Atlántico,GOVERNMENT_INTL_ORGANIZATIONS
trace_comp_calabash_luxury_boutique_hotel_best_luxury_hotels_in_saint_george_paris_2026,SPICE,Best Luxury Hotels In Saint George Parish 2026,Best Luxury Hotels In Saint George Parish 2026,COMP_SET_V1,COMP_TRACE,REJECTED,1,3,A_NAMED_DEMAND_ENTITY|B_DEFINED_GROUP_MOTION|C_BUYER_ORGANIZER_PATH,MISSING,MISSING,MISSING,PRESENT,STRONG,PRESENT,https://theluxuryeditor.com/location/caribbean/grenada/saint-george-parish/,Calabash Luxury Boutique Hotel,ASSOCIATION_NGO
trace_comp_calabash_luxury_boutique_hotel_the_226_best_luxury_bermuda_the_caribbea_nd,SPICE,The 226 Best Luxury Bermuda & The Caribbean Hotels,The 226 Best Luxury Bermuda & The Caribbean Hotels,COMP_SET_V1,COMP_TRACE,PARTIAL_PACKET,1,3,B_DEFINED_GROUP_MOTION|C_BUYER_ORGANIZER_PATH|D_FUTURE_DECISION_POINT,STRONG,MISSING,WEAK,MISSING,PRESENT,PRESENT,https://www.fivestaralliance.com/luxury-hotels/3/bermuda-the-caribbean,Calabash Luxury Boutique Hotel,ASSOCIATION_NGO
trace_comp_silversands_grenada_new_addition_nd,SPICE,NEW ADDITION - SILVERSANDS BEACH HOUSE Silver sands ...,NEW ADDITION,COMP_SET_V1,COMP_TRACE,PARTIAL_PACKET,0,3,B_DEFINED_GROUP_MOTION|C_BUYER_ORGANIZER_PATH|D_FUTURE_DECISION_POINT,PRESENT,MISSING,MISSING,MISSING,PRESENT,PRESENT,https://www.facebook.com/GBNTVGRENADA/videos/new-addition-silversands-beach-house/4164094903685356/,Silversands Grenada,ASSOCIATION_NGO
trace_comp_silversands_grenada_unknown_nd,SPICE,,,COMP_SET_V1,COMP_TRACE,REJECTED,0,2,A_NAMED_DEMAND_ENTITY|B_DEFINED_GROUP_MOTION|C_BUYER_ORGANIZER_PATH|D_FUTURE_DECISION_POINT,MISSING,MISSING,MISSING,MISSING,PRESENT,PRESENT,https://www.ifonly.net/luxury-properties/grenada/silversands-grenada,Silversands Grenada,
trace_comp_sandals_grenada_what_s_the_line__nd,SPICE,What's The Line? : r/SandalsResorts,What's The Line?,COMP_SET_V1,COMP_TRACE,PARTIAL_PACKET,1,3,B_DEFINED_GROUP_MOTION|C_BUYER_ORGANIZER_PATH|D_FUTURE_DECISION_POINT,STRONG,MISSING,WEAK,MISSING,PRESENT,PRESENT,https://www.reddit.com/r/SandalsResorts/comments/1wh83g4/whats_the_line/,Sandals Grenada,ASSOCIATION_NGO
trace_comp_sandals_grenada_clia_accredited_agency_2026,SPICE,Sandals Wedding Planning Guide | Caribbean Resort Report,CLIA Accredited Agency,COMP_SET_V1,COMP_TRACE,PARTIAL_PACKET,2,5,B_DEFINED_GROUP_MOTION,STRONG,MISSING,PRESENT,PRESENT,STRONG,PRESENT,https://caribbeanresortreport.com/blog/sandals-wedding-planning-guide,Sandals Grenada,SPORTS_ENTERTAINMENT_SOCIAL
trace_comp_rosewood_bermuda_rosewood_bermuda_vs_nd,CAMBRIDGE,Rosewood Bermuda vs,Rosewood Bermuda vs,COMP_SET_V1,COMP_TRACE,PARTIAL_PACKET,1,3,B_DEFINED_GROUP_MOTION|C_BUYER_ORGANIZER_PATH|D_FUTURE_DECISION_POINT,STRONG,MISSING,WEAK,MISSING,PRESENT,PRESENT,https://www.tripexpert.com/bermuda/hotels/rosewood-bermuda/comparisons,Rosewood Bermuda,ASSOCIATION_NGO
trace_comp_rosewood_bermuda_restaurants_lobbies_uniform_events_nd,CAMBRIDGE,ROSEWOOD BERMUDA UNVEILS RESORT-WIDE ...,Restaurants Lobbies Uniform Events,COMP_SET_V1,COMP_TRACE,PARTIAL_PACKET,1,3,B_DEFINED_GROUP_MOTION|C_BUYER_ORGANIZER_PATH|D_FUTURE_DECISION_POINT,STRONG,MISSING,WEAK,MISSING,PRESENT,PRESENT,https://spacedesignmagazine.net/news/rosewood-bermuda-unveils-resort-wide-reimagination/,Rosewood Bermuda,ASSOCIATION_NGO
trace_comp_hamilton_princess_beach_club_sasha_ted_nd,CAMBRIDGE,Sasha & Ted,Sasha & Ted,COMP_SET_V1,COMP_TRACE,PARTIAL_PACKET,1,3,B_DEFINED_GROUP_MOTION|C_BUYER_ORGANIZER_PATH|D_FUTURE_DECISION_POINT,STRONG,MISSING,WEAK,MISSING,PRESENT,PRESENT,https://withjoy.com/SashaandTed/?srsltid=AU7gw4VE3q6cTHHxFgRhKbr40Mg3lfjduUVfNXigOY9OY_YOZPReqlNF,Hamilton Princess & Beach Club,ASSOCIATION_NGO
trace_comp_hamilton_princess_beach_club_hamilton_princess_beach_club_a_fairmont__2026,CAMBRIDGE,"Hamilton Princess & Beach Club, a Fairmont Managed Hotel","Hamilton Princess & Beach Club, a Fairmont Managed Hotel",COMP_SET_V1,COMP_TRACE,PARTIAL_PACKET,1,4,B_DEFINED_GROUP_MOTION|C_BUYER_ORGANIZER_PATH,STRONG,MISSING,WEAK,PRESENT,PRESENT,PRESENT,http://www.fairmontmoments.com/chooseyourmoment/bermuda/bermuda-ham,Hamilton Princess & Beach Club,ASSOCIATION_NGO
trace_comp_the_loren_at_pink_beach_unknown_nd,CAMBRIDGE,,,COMP_SET_V1,COMP_TRACE,REJECTED,0,2,A_NAMED_DEMAND_ENTITY|B_DEFINED_GROUP_MOTION|C_BUYER_ORGANIZER_PATH|D_FUTURE_DECISION_POINT,MISSING,MISSING,MISSING,MISSING,PRESENT,PRESENT,https://venuereport.com/find-venues/bermuda/vow-renewal,The Loren at Pink Beach,
trace_comp_the_loren_at_pink_beach_unknown_nd,CAMBRIDGE,,,COMP_SET_V1,COMP_TRACE,REJECTED,0,2,A_NAMED_DEMAND_ENTITY|B_DEFINED_GROUP_MOTION|C_BUYER_ORGANIZER_PATH|D_FUTURE_DECISION_POINT,MISSING,MISSING,MISSING,MISSING,PRESENT,PRESENT,https://venuereport.com/find-venues/bermuda/holiday-party,The Loren at Pink Beach,
trace_comp_the_nomad_hotel_unknown_nd,NOW_NOW,,,COMP_SET_V1,COMP_TRACE,REJECTED,0,2,A_NAMED_DEMAND_ENTITY|B_DEFINED_GROUP_MOTION|C_BUYER_ORGANIZER_PATH|D_FUTURE_DECISION_POINT,MISSING,MISSING,MISSING,MISSING,PRESENT,PRESENT,https://www.co-case.org/page/WLC2024,The NoMad Hotel,
trace_comp_the_nomad_hotel_hotels_2026,NOW_NOW,"Hotels: Stop Selling Venues, Start Designing Experiences",Hotels,COMP_SET_V1,COMP_TRACE,PARTIAL_PACKET,1,3,A_NAMED_DEMAND_ENTITY|B_DEFINED_GROUP_MOTION|C_BUYER_ORGANIZER_PATH,WEAK,MISSING,MISSING,PRESENT,STRONG,PRESENT,https://www.linkedin.com/posts/dagyi_destinationweddings-weddingtourism-activity-7449575865727979520-G35Y,The NoMad Hotel,ASSOCIATION_NGO
trace_comp_the_standard_high_line_the_standard_high_line_google_hotels_nd,NOW_NOW,"The Standard, High Line – Google hotels","The Standard, High Line – Google hotels",COMP_SET_V1,COMP_TRACE,PARTIAL_PACKET,1,3,B_DEFINED_GROUP_MOTION|C_BUYER_ORGANIZER_PATH|D_FUTURE_DECISION_POINT,STRONG,MISSING,WEAK,MISSING,PRESENT,PRESENT,https://www.google.com.jm/travel/unsupported?q=newark+hotels&ei=uMxbaqbqGujWlsYPycjHiA8&sa=X&utm_campaign=sharing&utm_medium=link&utm_source=htls&ts=CAEaBAoCGgAqBAoAGgA&ap=MAE&rp=SAI&ei=eEBdauarBdGVlsYPnIiz0Qk&ved=2ahUKEwjmx-HH1t-VAxXRisUCHRzELJoQkP8FegUIBBCzAg&ucbcb=1&ucpp=CqMCaHR0cHM6Ly93d3cuZ29vZ2xlLmNvbS5qbS90cmF2ZWwvaG90ZWxzL2VudGl0eS9DZ29JcXRMMjFPdlN2NjVRRUFFP3E9bmV3YXJrK2hvdGVscyZlaT11TXhiYXFicUd1aldsc1lQeWNqSGlBOCZzYT1YJnV0bV9jYW1wYWlnbj1zaGFyaW5nJnV0bV9tZWRpdW09bGluayZ1dG1fc291cmNlPWh0bHMmdHM9Q0FFYUJBb0NHZ0FxQkFvQUdnQSZhcD1NQUUmcnA9U0FJJmVpPWVFQmRhdWFyQmRHVmxzWVBuSWl6MFFrJnZlZD0yYWhVS0V3am14LUhIMXQtVkF4WFJpc1VDSFJ6RUxKb1FrUDhGZWdVSUJCQ3pBZyZ1Y2JjYj0x,"The Standard, High Line",ASSOCIATION_NGO
trace_comp_the_standard_high_line_the_real_deal_nd,NOW_NOW,The Real Deal: NYC talked about converting hotels into ...,The Real Deal,COMP_SET_V1,COMP_TRACE,PARTIAL_PACKET,2,4,C_BUYER_ORGANIZER_PATH|D_FUTURE_DECISION_POINT,STRONG,STRONG,WEAK,MISSING,PRESENT,PRESENT,https://hanyc.org/the-real-deal-nyc-talked-about-converting-hotels-into-affordable-housing-nothings-happened-yet/,"The Standard, High Line",ASSOCIATION_NGO
trace_comp_crosby_street_hotel_top_20_sweet_16_ballrooms_in_new_york_ny_nd,NOW_NOW,"Top 20 Sweet 16 Ballrooms in New York, NY","Top 20 Sweet 16 Ballrooms in New York, NY",COMP_SET_V1,COMP_TRACE,PARTIAL_PACKET,1,3,B_DEFINED_GROUP_MOTION|C_BUYER_ORGANIZER_PATH|D_FUTURE_DECISION_POINT,STRONG,MISSING,WEAK,MISSING,PRESENT,PRESENT,https://www.partyslate.com/find-venues/sweet-16-venues/near/new-york-ny-usa/types/ballroom?page=3,Crosby Street Hotel,ASSOCIATION_NGO
trace_comp_crosby_street_hotel_wedding_wednesday_2026,NOW_NOW,Wedding Wednesday: Doing the Hotel Block for Out-of-Town ...,Wedding Wednesday,COMP_SET_V1,COMP_TRACE,PARTIAL_PACKET,2,4,A_NAMED_DEMAND_ENTITY|C_BUYER_ORGANIZER_PATH,MISSING,STRONG,MISSING,PRESENT,STRONG,PRESENT,https://www.kissmytulle.com/wedding-wednesday-doing-the-hotel-block-for-out-of-town-guests-blows/,Crosby Street Hotel,SPORTS_ENTERTAINMENT_SOCIAL
trace_comp_hilton_geneva_hotel_european_spa_leaders_resource_2026_2026,YOTEL,European Spa Leaders' Resource 2026,European Spa Leaders' Resource 2026,V6,V6_DEMONSTRATED,DUPLICATE,,,,,,,,,,https://issuu.com/europeanspamagazine/docs/esm_leaders_resource_2026/175,,
trace_comp_sandals_grenada_clia_accredited_agency_2026,SPICE,Sandals Wedding Planning Guide | Caribbean Resort Report,CLIA Accredited Agency,V6,V6_DEMONSTRATED,DUPLICATE,,,,,,,,,,https://caribbeanresortreport.com/blog/sandals-wedding-planning-guide,,
trace_comp_the_nomad_hotel_case_winter_leadership_conference_2026,NOW_NOW,2024 CASE Winter Leadership Conference,CASE Winter Leadership Conference,V6,V6_DEMONSTRATED,DUPLICATE,,,,,,,,,,https://www.co-case.org/page/WLC2024,,
